hex_id,population,source_cell_count
88080009adfffff,2,1
8808000c01fffff,1,1
8808004019fffff,4,1
880800401bfffff,8,2
880800403bfffff,2,1
8808004083fffff,4,1
880800408bfffff,15,3
8808004091fffff,5,1
88080040c1fffff,3,1
88080040c5fffff,2,1
88080040c7fffff,6,2
88080040c9fffff,55,3
88080040cdfffff,40,3
88080040d9fffff,2,1
88080040dbfffff,5,2
88080041d9fffff,1,1
880800420dfffff,5,1
880800422bfffff,7,2
880800424bfffff,4,2
880800425dfffff,10,4
8808004281fffff,5,3
8808004287fffff,1,1
8808004289fffff,14,3
880800428bfffff,19,4
88080042a5fffff,16,3
88080042a7fffff,23,4
88080042abfffff,3,1
88080042b3fffff,8,1
88080042b5fffff,2,2
88080042b7fffff,6,1
88080042e1fffff,2,1
8808004345fffff,2,1
8808004353fffff,1,1
880800436bfffff,2,1
8808004499fffff,1,1
880800449bfffff,17,3
88080044b3fffff,22,4
88080044bbfffff,8,2
88080044d3fffff,3,1
88080044d9fffff,4,1
88080044e3fffff,8,2
8808004501fffff,69,4
8808004503fffff,137,5
8808004507fffff,12,1
8808004509fffff,89,4
880800450bfffff,72,4
880800450dfffff,56,3
8808004515fffff,3,1
8808004519fffff,2,1
880800451dfffff,5,2
880800453bfffff,6,2
8808004541fffff,4,1
8808004543fffff,19,4
8808004547fffff,6,2
880800454bfffff,4,1
8808004555fffff,64,1
880800455bfffff,2,1
8808004563fffff,31,2
8808004581fffff,6,4
8808004589fffff,4,2
88080045c7fffff,4,1
8808004625fffff,1,1
8808004703fffff,5,1
880800470bfffff,11,1
880800470dfffff,2,1
8808004721fffff,1,1
880800472bfffff,6,3
8808004731fffff,1,1
8808004737fffff,2,1
8808004761fffff,8,3
8808004765fffff,1,1
8808004845fffff,14,3
880800484dfffff,2,1
8808004a11fffff,8,2
8808004a15fffff,9,3
8808004a17fffff,2,1
8808004ac5fffff,2,1
8808004ae9fffff,1,1
8808004b13fffff,4,2
8808004b33fffff,4,2
8808004b3bfffff,5,1
8808004c83fffff,12,2
8808004c91fffff,1,1
8808004c95fffff,48,4
8808004c99fffff,1,1
8808004c9dfffff,38,5
8808004cb9fffff,5,1
8808004cbbfffff,7,1
8808004cd7fffff,4,1
8808004d19fffff,1,1
8808004d51fffff,2,1
8808004d81fffff,2,1
8808004d83fffff,6,2
8808004d87fffff,3,1
8808004d8dfffff,24,5
8808004d95fffff,3,1
8808004da1fffff,5,1
8808004da3fffff,2,1
8808004da5fffff,15,3
8808004da7fffff,3,1
8808004dadfffff,2,1
8808004e05fffff,2,1
8808004e09fffff,4,3
8808004e0dfffff,4,1
8808004e15fffff,7,1
8808004e23fffff,8,3
8808004e27fffff,4,3
8808004e2bfffff,1,1
8808004e43fffff,3,1
8808004e51fffff,2,1
8808004e55fffff,6,2
8808004e5bfffff,3,1
8808004ed1fffff,1,1
8808004f17fffff,1,1
8808004f1bfffff,3,1
88080050bdfffff,2,1
880800511bfffff,3,2
880800512dfffff,5,2
8808005189fffff,5,2
88080051c1fffff,1,1
88080051c9fffff,8,1
88080051cdfffff,18,4
8808005949fffff,14,2
880800594dfffff,1,1
8808005961fffff,4,1
8808005965fffff,8,2
8808005969fffff,26,5
8808005a03fffff,1,1
8808005a09fffff,12,3
8808005a0dfffff,3,1
8808005a15fffff,4,1
8808005a19fffff,1,1
8808005a41fffff,2,1
8808005a43fffff,1,1
8808005a45fffff,115,8
8808005a4dfffff,51,1
8808005a51fffff,2,1
8808005a55fffff,4,2
8808005a59fffff,5,1
8808005a5bfffff,10,3
8808005a61fffff,14,2
8808005a69fffff,23,3
8808005a6bfffff,78,3
8808005a6dfffff,9,3
8808005b01fffff,7,1
8808005b05fffff,5,1
8808005b07fffff,21,3
8808005b09fffff,34,3
8808005b0bfffff,112,7
8808005b0dfffff,9,2
8808005b19fffff,4,1
8808005b1dfffff,6,1
8808005b29fffff,2,1
8808005b2bfffff,6,1
8808005b3dfffff,4,1
8808005b53fffff,2,1
8808005b55fffff,27,2
8808005b57fffff,39,5
8808006065fffff,10,1
8808006089fffff,6,2
88080060b1fffff,30,4
88080060b3fffff,2,1
88080060b7fffff,21,4
88080060b9fffff,5,2
88080060bdfffff,2,1
88080060c3fffff,6,2
88080060c9fffff,2,1
8808006103fffff,3,1
8808006105fffff,1,1
8808006107fffff,23,4
8808006109fffff,2,1
8808006125fffff,17,4
8808006129fffff,24,4
880800612bfffff,15,2
880800612dfffff,4,1
8808006139fffff,20,2
880800613dfffff,27,2
8808006141fffff,5,1
8808006143fffff,17,3
8808006149fffff,7,2
880800614bfffff,6,2
880800615dfffff,9,3
8808006161fffff,2,2
8808006163fffff,3,1
8808006167fffff,20,4
8808006169fffff,3,2
880800616dfffff,2,1
88080061a1fffff,5,1
88080061adfffff,5,1
88080061c5fffff,1,1
88080061e1fffff,13,3
88080061e5fffff,6,1
88080061e7fffff,13,3
88080062a1fffff,77,5
88080062a5fffff,2,1
88080062a7fffff,7,1
88080062adfffff,51,2
8808006325fffff,9,2
8808006327fffff,5,2
8808006337fffff,3,1
8808006365fffff,1,1
880800636dfffff,2,1
8808006407fffff,6,3
8808006411fffff,2,1
8808006415fffff,9,1
8808006419fffff,101,6
880800641dfffff,13,2
8808006423fffff,3,1
8808006427fffff,5,1
8808006429fffff,8,1
880800642dfffff,1,1
8808006431fffff,4,1
8808006433fffff,16,4
8808006437fffff,1,1
8808006439fffff,2,1
880800643bfffff,3,1
880800643dfffff,2,2
8808006443fffff,1,1
8808006451fffff,6,2
8808006453fffff,74,4
8808006455fffff,5,1
8808006457fffff,3,2
8808006459fffff,27,3
880800645bfffff,101,4
880800645dfffff,8,1
8808006461fffff,2,1
8808006481fffff,3,1
8808006483fffff,3,1
880800648dfffff,21,2
880800649bfffff,5,1
88080064a5fffff,2,1
88080064a9fffff,7,1
88080064b3fffff,13,3
88080064bbfffff,5,3
88080064c1fffff,17,1
88080064c3fffff,89,4
88080064c9fffff,270,6
88080064cbfffff,39,1
88080064cdfffff,25,2
88080064d1fffff,11,3
88080064d3fffff,13,2
88080064d5fffff,33,2
88080064d7fffff,9,1
88080064dbfffff,3,1
88080064ddfffff,55,3
88080064e1fffff,195,6
88080064e5fffff,3,1
88080064e7fffff,9,1
88080064ebfffff,56,2
8808006501fffff,17,2
8808006503fffff,11,3
8808006509fffff,3,1
880800650bfffff,4,1
880800651dfffff,6,2
8808006533fffff,1,1
8808006555fffff,6,1
8808006557fffff,21,4
8808006581fffff,4,1
8808006583fffff,5,1
8808006587fffff,4,1
8808006589fffff,12,2
880800658bfffff,14,4
880800658dfffff,8,1
8808006593fffff,13,2
8808006595fffff,8,1
8808006597fffff,7,1
880800659dfffff,12,5
88080065a5fffff,1,1
88080065a7fffff,4,1
88080065adfffff,27,4
88080065b1fffff,5,1
88080065b3fffff,8,1
88080065b7fffff,3,1
88080065bbfffff,5,1
88080065bdfffff,6,1
88080065c3fffff,5,1
88080065c5fffff,1,1
88080065c7fffff,33,4
88080065c9fffff,2,1
88080065d1fffff,10,4
88080065d7fffff,2,1
88080065d9fffff,7,3
88080065ddfffff,1,1
88080065e1fffff,10,4
88080065e5fffff,21,6
88080065e7fffff,27,3
88080065ebfffff,37,4
8808006601fffff,1,1
8808006615fffff,11,2
8808006617fffff,14,3
8808006619fffff,5,3
8808006633fffff,6,2
8808006637fffff,3,1
880800663bfffff,5,2
880800665bfffff,12,3
88080066a1fffff,364,6
88080066a3fffff,606,8
88080066a5fffff,131,3
88080066a7fffff,815,7
88080066a9fffff,243,4
88080066abfffff,1,1
88080066adfffff,424,6
88080066b1fffff,7,2
88080066b3fffff,10,1
88080066b5fffff,234,3
88080066b7fffff,6,1
88080066bdfffff,81,1
88080066e1fffff,11,2
88080066e5fffff,125,5
88080066e9fffff,1,1
88080066ebfffff,9,2
8808006805fffff,9,2
8808006823fffff,4,1
8808006827fffff,2,1
8808006829fffff,2,1
880800682bfffff,9,3
8808006837fffff,5,2
8808006851fffff,5,1
8808006855fffff,4,2
8808006857fffff,1,1
8808006859fffff,1,1
8808006861fffff,4,2
8808006863fffff,4,1
8808006869fffff,3,1
880800686dfffff,3,1
880800691bfffff,3,1
8808006925fffff,3,1
8808006931fffff,1,1
8808006967fffff,8,1
8808006969fffff,2,1
880800696bfffff,8,3
88080069c9fffff,2,1
8808006a05fffff,6,1
8808006a19fffff,1,1
8808006a29fffff,2,1
8808006a2bfffff,8,2
8808006a31fffff,14,3
8808006a33fffff,16,4
8808006a35fffff,6,2
8808006a37fffff,1,1
8808006a49fffff,3,1
8808006a4dfffff,4,3
8808006a53fffff,33,5
8808006a57fffff,3,2
8808006a5bfffff,4,1
8808006a69fffff,10,1
8808006a6dfffff,4,1
8808006a81fffff,2,1
8808006a85fffff,9,3
8808006a87fffff,2,2
8808006a99fffff,2,2
8808006adbfffff,3,1
8808006ae1fffff,9,2
8808006ae3fffff,6,1
8808006ae5fffff,15,4
8808006ae7fffff,13,2
8808006ae9fffff,12,3
8808006b15fffff,4,1
8808006b23fffff,5,1
8808006c59fffff,1,1
8808006c97fffff,9,2
8808006c9bfffff,19,3
8808006cb3fffff,1,1
8808006cbbfffff,5,1
8808006cc3fffff,3,2
8808006cd1fffff,12,2
8808006cd3fffff,23,3
8808006cd7fffff,4,1
8808006cd9fffff,5,2
8808006cdbfffff,25,5
8808006d41fffff,13,1
8808006d43fffff,3,1
8808006d49fffff,12,3
8808006d4bfffff,9,2
8808006d4dfffff,12,5
8808006d5dfffff,2,1
8808006d8dfffff,6,1
8808006d95fffff,2,1
8808006db1fffff,3,1
8808006db9fffff,1,1
8808006de3fffff,5,2
8808006debfffff,2,1
8808006e03fffff,3,1
8808006e09fffff,4,1
8808006e53fffff,2,1
8808006e59fffff,6,1
8808006e83fffff,10,2
8808006e87fffff,31,5
8808006e8dfffff,7,2
8808006e91fffff,8,3
8808006e97fffff,18,3
8808006e99fffff,15,4
8808006e9bfffff,1,1
8808006ea1fffff,5,2
8808006eabfffff,25,1
8808006eadfffff,1,1
8808006eb1fffff,14,6
8808006eb3fffff,24,5
8808006eb5fffff,2,1
8808006eb7fffff,5,2
8808006eb9fffff,11,1
8808006ebbfffff,14,3
8808006ebdfffff,27,3
8808006ed3fffff,11,4
8808006ed7fffff,2,1
8808006edbfffff,1,1
8808006ee1fffff,5,1
8808006ee9fffff,12,3
8808006eebfffff,10,2
8808006f25fffff,4,2
8808006f27fffff,2,2
8808006f31fffff,3,1
8808006f35fffff,1,1
8808006f37fffff,20,6
880800716dfffff,5,1
88080071a5fffff,7,3
88080071adfffff,3,1
8808007325fffff,2,1
880800736bfffff,2,1
8808007803fffff,6,3
8808007815fffff,2,1
8808007831fffff,9,3
8808007833fffff,9,2
8808007837fffff,12,3
8808007839fffff,4,2
8808007881fffff,3,1
8808007893fffff,2,1
88080078a5fffff,14,3
88080078adfffff,6,1
8808007905fffff,1,1
8808007923fffff,8,1
8808007929fffff,2,1
880800792bfffff,4,2
8808007989fffff,2,1
880800798bfffff,18,4
8808007991fffff,6,3
8808007993fffff,4,2
8808007995fffff,5,1
8808007997fffff,8,3
8808007999fffff,5,2
880800799bfffff,3,1
88080079a1fffff,10,3
88080079a3fffff,6,2
88080079a9fffff,5,2
88080079abfffff,13,2
88080079adfffff,30,4
88080079b3fffff,6,3
88080079bbfffff,2,1
88080079bdfffff,2,1
88080079c3fffff,3,2
88080079d3fffff,4,1
88080079d9fffff,3,2
88080079e7fffff,1,1
8808007a01fffff,1,1
8808007a07fffff,4,1
8808007a59fffff,14,3
8808007a97fffff,6,2
8808007a99fffff,2,1
8808007ab3fffff,9,2
8808007ab7fffff,13,2
8808007adbfffff,25,4
8808007b29fffff,16,4
8808007b2dfffff,2,1
8808007b43fffff,2,1
8808007b45fffff,1,1
8808007b51fffff,5,1
8808007b67fffff,4,1
8808007b6bfffff,2,1
880800a0b1fffff,3,2
880800a0b3fffff,4,2
880800a1b3fffff,4,1
880800a1b5fffff,4,2
880800a1b7fffff,8,3
880800a569fffff,2,1
880800a56dfffff,11,2
880800a5a1fffff,2,1
880800a5a3fffff,9,3
880800a5bdfffff,6,2
880800a809fffff,4,1
880800a817fffff,2,1
880800a855fffff,3,2
880800a857fffff,2,1
880800a885fffff,2,1
880800a88bfffff,3,2
880800a897fffff,7,1
880800a899fffff,2,1
880800a8a5fffff,1,1
880800a8a9fffff,4,1
880800a8adfffff,4,2
880800a8c3fffff,3,2
880800a8c7fffff,13,3
880800a8d1fffff,2,1
880800aa83fffff,4,1
880800aa85fffff,8,1
880800aa87fffff,10,1
880800aa89fffff,5,1
880800aa93fffff,1,1
880800aa95fffff,2,1
880800aa9bfffff,6,2
880800aaa7fffff,1,1
880800aab9fffff,5,1
880800aad5fffff,25,3
880800ac0bfffff,6,1
880800ac37fffff,4,3
880800ac47fffff,3,2
880800ac4dfffff,4,1
880800ac69fffff,2,1
880800ac85fffff,1,1
880800ac89fffff,7,2
880800ac8dfffff,5,2
880800ac97fffff,5,1
880800ac99fffff,26,4
880800ac9bfffff,9,1
880800aca3fffff,7,3
880800acabfffff,6,1
880800acbbfffff,5,1
880800acc1fffff,6,2
880800acc7fffff,1,1
880800acc9fffff,15,3
880800acd7fffff,4,1
880800ace1fffff,1,1
880800ace3fffff,4,1
880800ace5fffff,3,1
880800ace7fffff,5,2
880800ad05fffff,3,1
880800ad13fffff,1,1
880800ad17fffff,1,1
880800ad41fffff,9,3
880800ad43fffff,3,1
880800ad45fffff,3,1
880800ad47fffff,8,2
880800ad6bfffff,3,1
880800ad81fffff,9,2
880800ad85fffff,1,1
880800ad89fffff,7,2
880800ad8bfffff,14,1
880800ad8dfffff,18,2
880800ada3fffff,22,3
880800ada9fffff,2,1
880800adabfffff,5,1
880800adb5fffff,5,1
880800adb7fffff,1,1
880800adb9fffff,8,1
880800adbdfffff,16,4
880800adcbfffff,1,1
880800add1fffff,6,1
880800ade3fffff,5,2
880800ae01fffff,1,1
880800ae07fffff,4,1
880800ae0bfffff,1,1
880800ae11fffff,1,1
880800ae15fffff,3,2
880800ae27fffff,2,1
880800ae39fffff,3,1
880800ae63fffff,6,1
880800ae81fffff,2,1
880800ae83fffff,5,1
880800ae87fffff,3,1
880800ae89fffff,5,1
880800ae8bfffff,5,2
880800ae99fffff,4,2
880800aea3fffff,3,2
880800aeb1fffff,3,2
880800aeb5fffff,2,1
880800aec1fffff,2,1
880800aec3fffff,5,1
880800aecdfffff,3,1
880800af05fffff,2,1
880800af07fffff,4,1
880800af11fffff,3,1
880800af13fffff,5,1
880800af19fffff,22,2
880800af1bfffff,19,3
880800af39fffff,1,1
880800af3bfffff,10,3
880800af4bfffff,2,1
880800af4dfffff,7,1
880800af59fffff,13,1
880800af69fffff,2,1
8808020001fffff,26,5
8808020003fffff,11,3
8808020005fffff,15,2
880802000bfffff,16,4
880802000dfffff,1,1
8808020011fffff,2,1
8808020015fffff,4,2
880802001bfffff,39,3
8808020025fffff,5,1
8808020027fffff,4,1
8808020029fffff,34,6
880802002bfffff,29,5
880802002dfffff,8,1
8808020031fffff,18,4
8808020033fffff,6,2
8808020037fffff,3,1
880802003dfffff,7,1
8808020041fffff,9,2
8808020043fffff,3,1
8808020049fffff,4,1
880802004dfffff,6,1
8808020053fffff,10,3
8808020059fffff,4,2
8808020065fffff,3,1
8808020067fffff,17,4
8808020069fffff,3,1
880802006bfffff,7,1
880802006dfffff,2,1
8808020089fffff,3,1
8808020091fffff,1,1
8808020099fffff,10,2
88080200adfffff,4,1
88080200c1fffff,16,3
88080200c3fffff,5,3
88080200c9fffff,2,1
88080200cbfffff,8,1
88080200cdfffff,20,3
88080200d1fffff,9,3
88080200d3fffff,2,1
88080200ddfffff,9,2
88080200e5fffff,2,1
8808020101fffff,1,1
8808020109fffff,11,3
880802010bfffff,7,1
8808020111fffff,5,1
8808020115fffff,1,1
8808020119fffff,4,1
880802011bfffff,4,1
880802011dfffff,8,2
880802012dfffff,4,2
8808020137fffff,2,1
8808020141fffff,15,2
8808020143fffff,11,2
8808020145fffff,2,1
8808020147fffff,8,2
8808020149fffff,11,3
880802014bfffff,9,3
8808020153fffff,25,4
8808020157fffff,6,2
8808020159fffff,140,6
880802015dfffff,72,5
8808020163fffff,4,1
880802016bfffff,13,3
880802018bfffff,2,1
88080201c1fffff,4,2
8808020201fffff,42,7
8808020203fffff,9,5
8808020209fffff,14,1
880802020dfffff,9,1
8808020215fffff,12,2
8808020217fffff,5,1
8808020225fffff,2,1
8808020227fffff,1,1
8808020233fffff,11,3
8808020237fffff,2,1
8808020239fffff,8,2
880802023bfffff,6,3
8808020241fffff,2,1
8808020247fffff,24,5
880802024dfffff,9,2
8808020269fffff,39,3
880802026bfffff,5,1
880802026dfffff,2,1
8808020281fffff,2,1
8808020285fffff,5,2
8808020291fffff,8,1
8808020299fffff,1,1
88080202a5fffff,11,3
88080202a7fffff,23,3
88080202a9fffff,12,2
88080202adfffff,25,3
88080202d7fffff,2,1
88080202ddfffff,10,1
88080202e1fffff,22,2
88080202e3fffff,10,2
88080202e5fffff,4,1
88080202e7fffff,16,3
88080202e9fffff,3,1
88080202edfffff,4,2
8808020301fffff,124,4
8808020305fffff,22,2
8808020307fffff,14,3
8808020309fffff,11,3
880802030bfffff,3,2
880802030dfffff,70,5
8808020311fffff,2,1
8808020315fffff,6,2
8808020317fffff,18,3
8808020319fffff,11,3
8808020321fffff,14,4
8808020323fffff,7,2
8808020325fffff,9,3
8808020327fffff,1,1
880802032bfffff,1,1
880802032dfffff,4,2
8808020333fffff,5,1
8808020335fffff,21,4
8808020337fffff,4,1
8808020339fffff,7,2
880802033bfffff,2,1
8808020343fffff,5,1
880802035dfffff,11,2
8808020363fffff,4,1
880802036bfffff,18,3
880802036dfffff,2,1
8808020501fffff,8,4
8808020503fffff,7,1
8808020507fffff,23,2
8808020509fffff,6,2
880802050dfffff,16,3
8808020515fffff,5,3
880802051dfffff,4,1
8808020531fffff,8,1
8808020533fffff,3,1
8808020535fffff,4,2
8808020539fffff,5,1
880802053bfffff,6,2
880802053dfffff,4,1
8808020543fffff,3,1
8808020545fffff,1,1
8808020547fffff,14,3
880802054dfffff,7,1
8808020551fffff,3,1
8808020555fffff,14,2
880802055dfffff,3,1
88080205a1fffff,8,1
88080205adfffff,5,2
88080205e5fffff,5,2
88080205e7fffff,4,1
8808020705fffff,2,1
880802070dfffff,3,1
8808020727fffff,1,1
8808020729fffff,5,1
880802073dfffff,2,1
8808020845fffff,7,1
8808020849fffff,4,2
880802084dfffff,7,1
8808020861fffff,2,1
8808020865fffff,16,4
8808020869fffff,2,1
880802086dfffff,3,2
8808020929fffff,1,1
880802092dfffff,2,1
8808020941fffff,8,2
8808020943fffff,2,1
8808020945fffff,7,2
8808020947fffff,4,1
8808020949fffff,7,2
880802094bfffff,32,4
8808020951fffff,2,1
8808020953fffff,9,2
880802095dfffff,5,1
8808020965fffff,2,1
8808020967fffff,23,4
8808020969fffff,12,2
8808020a23fffff,4,1
8808020a27fffff,9,2
8808020a51fffff,2,1
8808020a59fffff,7,3
8808020a5bfffff,12,3
8808020a65fffff,3,2
8808020a67fffff,12,4
8808020b03fffff,10,1
8808020b13fffff,15,3
8808020b17fffff,6,1
8808020b23fffff,2,1
8808020b2bfffff,9,2
8808020b31fffff,5,2
8808020b33fffff,8,2
8808020b35fffff,12,4
8808020b37fffff,15,4
8808020b39fffff,1,1
8808020b3bfffff,8,4
8808020b3dfffff,5,1
8808020b59fffff,2,2
8808020c83fffff,2,1
8808020c95fffff,2,2
8808020cbbfffff,2,1
8808020cd5fffff,8,3
8808020e05fffff,7,1
8808020e07fffff,2,1
8808020e15fffff,2,1
8808020e63fffff,1,1
8808020e6bfffff,5,1
8808020eabfffff,1,1
8808020edbfffff,1,1
8808020ee3fffff,1,1
8808021001fffff,6,1
8808021003fffff,21,3
8808021005fffff,7,3
8808021007fffff,8,3
8808021009fffff,3,1
880802100bfffff,4,1
8808021011fffff,10,2
8808021013fffff,7,3
8808021015fffff,9,3
8808021017fffff,21,4
8808021019fffff,17,3
880802101bfffff,9,2
880802101dfffff,20,3
8808021023fffff,15,3
8808021029fffff,10,1
880802102bfffff,26,4
8808021033fffff,1,1
8808021037fffff,5,2
880802103bfffff,12,3
880802103dfffff,49,5
8808021041fffff,5,1
8808021043fffff,10,2
8808021045fffff,22,6
8808021047fffff,23,6
8808021049fffff,32,4
880802104bfffff,2,1
880802104dfffff,11,2
8808021051fffff,192,8
8808021053fffff,4,1
8808021057fffff,18,2
8808021059fffff,68,2
880802105bfffff,62,5
880802105dfffff,4,2
8808021063fffff,5,1
8808021069fffff,3,1
880802106bfffff,14,2
8808021091fffff,4,1
8808021093fffff,8,3
8808021099fffff,6,1
880802109bfffff,2,1
88080210a5fffff,7,2
88080210a7fffff,14,2
88080210c9fffff,9,2
88080210cbfffff,6,2
88080210d5fffff,7,2
88080210d7fffff,8,3
88080210ddfffff,17,2
88080210e5fffff,5,1
88080210e9fffff,8,2
88080210edfffff,15,4
8808021107fffff,8,3
8808021111fffff,2,1
8808021113fffff,7,1
8808021117fffff,6,2
880802111bfffff,5,1
8808021123fffff,2,1
8808021127fffff,6,2
8808021131fffff,17,4
8808021133fffff,48,4
8808021135fffff,12,3
8808021139fffff,1,1
8808021163fffff,2,1
8808021167fffff,2,1
8808021169fffff,5,2
880802116bfffff,1,1
8808021181fffff,4,1
880802118dfffff,10,1
8808021191fffff,47,6
8808021193fffff,3,1
8808021195fffff,18,3
8808021197fffff,27,5
8808021199fffff,22,4
880802119bfffff,17,3
880802119dfffff,14,4
88080211b3fffff,6,2
88080211b7fffff,4,1
88080211c5fffff,7,2
88080211cbfffff,4,1
88080211d1fffff,12,2
88080211d3fffff,9,3
88080211d9fffff,6,2
88080211ddfffff,4,1
88080211e1fffff,24,3
88080211e3fffff,14,2
88080211e5fffff,20,3
88080211e7fffff,3,1
88080211e9fffff,4,1
88080211ebfffff,10,1
8808021201fffff,7,2
8808021209fffff,1,1
880802120dfffff,5,1
8808021211fffff,14,1
8808021215fffff,17,5
8808021219fffff,13,3
880802121bfffff,28,6
880802121dfffff,5,2
8808021221fffff,9,3
8808021225fffff,14,2
8808021227fffff,19,3
880802122bfffff,2,1
880802122dfffff,19,2
8808021233fffff,133,4
880802123bfffff,3,2
8808021245fffff,7,3
8808021247fffff,7,1
8808021249fffff,1,1
880802124dfffff,19,3
8808021253fffff,4,1
8808021257fffff,11,2
8808021261fffff,7,2
880802126dfffff,2,1
88080212a1fffff,13,4
88080212a3fffff,26,5
88080212a7fffff,5,1
88080212a9fffff,12,3
88080212abfffff,14,2
88080212adfffff,57,4
88080212b5fffff,5,1
88080212c9fffff,22,3
88080212e1fffff,2,1
88080212e5fffff,4,1
88080212e7fffff,62,6
88080212edfffff,1,1
8808021309fffff,4,2
880802130bfffff,1,1
8808021311fffff,9,3
8808021313fffff,6,2
880802131bfffff,6,2
880802131dfffff,8,1
880802132dfffff,4,1
8808021343fffff,14,2
8808021347fffff,8,3
8808021351fffff,8,3
8808021353fffff,8,2
8808021355fffff,7,2
8808021357fffff,6,2
8808021359fffff,5,1
880802135dfffff,8,1
8808021365fffff,62,2
880802150dfffff,1,1
880802153dfffff,2,1
8808021569fffff,2,1
880802156bfffff,8,2
880802165bfffff,2,1
8808021805fffff,3,2
880802180dfffff,3,2
8808021815fffff,5,2
8808021817fffff,11,2
8808021819fffff,3,1
880802181dfffff,4,1
8808021821fffff,12,3
8808021823fffff,2,1
8808021827fffff,13,4
8808021829fffff,9,2
880802182bfffff,8,1
8808021831fffff,20,5
8808021833fffff,3,2
880802183bfffff,12,2
8808021841fffff,7,1
8808021843fffff,24,3
8808021845fffff,6,2
880802184bfffff,15,2
880802184dfffff,155,3
8808021851fffff,3,1
8808021855fffff,21,6
8808021857fffff,12,1
8808021859fffff,179,4
880802185bfffff,3,1
880802185dfffff,45,4
8808021863fffff,15,2
8808021885fffff,3,1
8808021889fffff,7,1
880802188bfffff,1,1
8808021891fffff,5,1
8808021895fffff,12,1
8808021897fffff,4,1
8808021899fffff,10,2
880802189bfffff,4,1
88080218a1fffff,1,1
88080218a3fffff,14,3
88080218a7fffff,1,1
88080218a9fffff,22,4
88080218abfffff,3,2
88080218b5fffff,4,1
88080218b7fffff,3,2
88080218bdfffff,2,1
88080218c1fffff,4,2
88080218c3fffff,2,1
88080218c7fffff,4,2
88080218c9fffff,5,1
88080218cbfffff,5,2
88080218d1fffff,4,1
88080218d3fffff,6,1
88080218d7fffff,3,1
88080218d9fffff,5,1
88080218ddfffff,7,1
88080218e1fffff,42,2
88080218e3fffff,62,6
88080218e5fffff,8,3
88080218e7fffff,84,5
88080218ebfffff,2,1
88080218edfffff,14,4
8808021903fffff,5,2
8808021905fffff,6,1
8808021907fffff,13,3
880802190bfffff,5,2
880802190dfffff,6,2
8808021915fffff,2,1
8808021917fffff,5,2
880802191dfffff,5,2
8808021925fffff,3,1
8808021929fffff,6,2
880802192dfffff,7,2
8808021935fffff,1,1
8808021939fffff,7,1
880802193bfffff,7,1
880802193dfffff,6,2
8808021945fffff,12,3
8808021947fffff,5,1
8808021949fffff,4,2
880802194dfffff,17,2
8808021953fffff,23,3
8808021957fffff,8,2
8808021961fffff,15,2
8808021963fffff,22,4
8808021967fffff,94,4
8808021969fffff,2,1
880802196bfffff,8,3
880802196dfffff,2,1
8808021989fffff,9,1
8808021991fffff,14,2
88080219b1fffff,1,1
88080219b3fffff,12,3
88080219b7fffff,2,1
88080219b9fffff,4,1
88080219bbfffff,17,3
88080219c1fffff,9,3
88080219c5fffff,3,2
88080219cdfffff,6,3
88080219d3fffff,6,1
88080219d5fffff,12,3
88080219dbfffff,18,3
88080219e1fffff,12,3
88080219e9fffff,12,3
88080219ebfffff,12,3
88080219edfffff,14,2
8808021a01fffff,214,4
8808021a03fffff,608,8
8808021a05fffff,71,1
8808021a07fffff,974,8
8808021a09fffff,596,7
8808021a0bfffff,69,2
8808021a0dfffff,314,5
8808021a11fffff,52,2
8808021a13fffff,7,1
8808021a15fffff,430,7
8808021a17fffff,44,4
8808021a19fffff,526,8
8808021a1bfffff,398,6
8808021a1dfffff,187,5
8808021a21fffff,318,2
8808021a23fffff,729,7
8808021a25fffff,99,1
8808021a27fffff,300,5
8808021a29fffff,386,2
8808021a2bfffff,882,7
8808021a2dfffff,565,6
8808021a31fffff,1,1
8808021a33fffff,2,1
8808021a35fffff,441,7
8808021a37fffff,183,7
8808021a39fffff,563,7
8808021a3dfffff,987,7
8808021a43fffff,297,4
8808021a47fffff,208,2
8808021a51fffff,16,3
8808021a53fffff,30,4
8808021a55fffff,1,1
8808021a57fffff,2,1
8808021a59fffff,16,4
8808021a5bfffff,9,2
8808021a5dfffff,6,1
8808021a65fffff,36,1
8808021a85fffff,20,4
8808021a87fffff,10,2
8808021aa9fffff,5,2
8808021aabfffff,12,2
8808021ab1fffff,8,2
8808021ab5fffff,13,3
8808021ab9fffff,2,1
8808021abbfffff,1,1
8808021abdfffff,11,1
8808021ad9fffff,7,1
8808021ae1fffff,9,1
8808021ae3fffff,59,6
8808021ae5fffff,253,3
8808021ae7fffff,194,6
8808021aedfffff,12,1
8808021b01fffff,20,1
8808021b05fffff,6,3
8808021b09fffff,3,1
8808021b0bfffff,27,3
8808021b19fffff,28,3
8808021b1bfffff,120,2
8808021b1dfffff,41,2
8808021b21fffff,7,1
8808021b23fffff,16,4
8808021b27fffff,2,1
8808021b29fffff,3,1
8808021b2bfffff,18,5
8808021b2dfffff,10,3
8808021b35fffff,1,1
8808021b3dfffff,16,4
8808021b41fffff,5,1
8808021b43fffff,1,1
8808021b47fffff,2,1
8808021b4bfffff,3,1
8808021b4dfffff,28,4
8808021b51fffff,7,1
8808021b53fffff,114,3
8808021b55fffff,3,1
8808021b57fffff,220,3
8808021b59fffff,290,5
8808021b5bfffff,588,7
8808021b61fffff,2,1
8808021b63fffff,4,2
8808021b65fffff,2,1
8808021b67fffff,6,1
8808021b69fffff,5,1
8808021b6bfffff,8,1
8808021b6dfffff,8,2
8808022093fffff,1,1
880802209bfffff,15,4
88080224d1fffff,6,1
88080224d9fffff,2,1
8808022505fffff,26,2
8808022507fffff,23,4
8808022509fffff,1,1
880802250dfffff,1,1
8808022523fffff,309,8
8808022527fffff,158,4
8808022529fffff,8,1
880802252bfffff,131,4
8808022533fffff,1,1
8808022535fffff,8,1
8808022537fffff,1,1
880802253dfffff,7,2
8808022545fffff,12,2
8808022549fffff,11,4
880802254bfffff,3,1
880802254dfffff,1,1
8808022561fffff,16,3
8808022563fffff,7,1
8808022565fffff,2,1
8808022567fffff,12,3
8808022569fffff,14,4
88080225abfffff,1,1
88080225b3fffff,3,1
88080225e5fffff,2,1
8808022619fffff,5,2
880802264bfffff,7,2
8808022657fffff,6,2
8808022681fffff,5,1
8808022689fffff,3,2
880802268dfffff,17,6
8808022691fffff,14,3
8808022693fffff,16,3
88080226c1fffff,6,1
88080226c5fffff,2,1
88080226c7fffff,4,1
88080226c9fffff,1,1
88080226cbfffff,6,2
88080226ebfffff,4,2
8808022701fffff,19,3
8808022707fffff,40,7
8808022709fffff,3,1
880802270bfffff,4,1
8808022721fffff,11,2
8808022723fffff,55,3
8808022725fffff,5,1
8808022729fffff,5,1
880802272bfffff,94,6
880802272dfffff,12,2
8808022735fffff,2,1
8808022739fffff,3,1
880802273dfffff,43,2
8808022741fffff,12,3
8808022743fffff,15,3
8808022747fffff,16,2
8808022749fffff,28,4
880802274bfffff,7,1
8808022751fffff,4,1
8808022755fffff,2,1
880802275dfffff,12,2
8808022761fffff,12,3
8808022763fffff,11,3
8808022767fffff,4,2
880802282dfffff,4,2
8808022865fffff,11,2
8808022867fffff,17,2
8808022901fffff,11,2
8808022905fffff,5,1
8808022907fffff,20,3
8808022909fffff,19,2
880802290dfffff,19,3
8808022913fffff,8,2
880802291bfffff,7,2
8808022923fffff,2,1
8808022927fffff,12,2
8808022929fffff,7,1
880802292bfffff,2,1
880802292dfffff,5,1
8808022931fffff,5,3
8808022933fffff,16,2
8808022935fffff,1,1
8808022939fffff,25,1
880802293dfffff,16,3
8808022941fffff,92,3
8808022943fffff,26,3
8808022947fffff,5,1
8808022949fffff,67,4
880802294bfffff,183,7
880802294dfffff,5,1
8808022959fffff,4,2
880802295bfffff,2,1
880802295dfffff,13,2
8808022961fffff,6,2
8808022965fffff,27,5
8808022967fffff,9,1
8808022969fffff,8,3
880802296dfffff,11,3
88080229a5fffff,4,1
88080229c5fffff,2,1
88080229e1fffff,2,1
88080229e5fffff,5,1
88080229e7fffff,2,1
8808022a2dfffff,2,1
8808022a65fffff,3,2
8808022a67fffff,1,1
8808022a91fffff,6,1
8808022aabfffff,2,1
8808022b05fffff,7,1
8808022b17fffff,34,3
8808022b19fffff,5,1
8808022b21fffff,26,4
8808022b23fffff,94,5
8808022b25fffff,3,2
8808022b27fffff,8,1
8808022b29fffff,8,3
8808022b2bfffff,16,3
8808022b2dfffff,1,1
8808022b33fffff,5,1
8808022b35fffff,148,8
8808022b37fffff,30,2
8808022b3bfffff,6,2
8808022b51fffff,7,2
8808022b53fffff,6,2
8808022b59fffff,3,1
8808022b61fffff,7,2
8808022b63fffff,10,3
8808022b67fffff,10,3
8808022b69fffff,15,3
8808022b6bfffff,5,1
8808022dd1fffff,3,3
8808022dddfffff,2,1
8808022e01fffff,10,3
8808022e03fffff,12,4
8808022e05fffff,1,1
8808022e11fffff,72,5
8808022e13fffff,87,5
8808022e15fffff,1,1
8808022e17fffff,1,1
8808022e19fffff,11,3
8808022e1bfffff,195,7
8808022e1dfffff,7,3
8808022e29fffff,4,2
8808022ecdfffff,98,4
8808022ed9fffff,7,2
8808022edbfffff,7,3
8808022f51fffff,1,1
8808022f53fffff,8,1
8808022f5bfffff,37,4
8808023407fffff,4,1
8808023413fffff,1,1
8808023415fffff,2,1
8808023417fffff,6,1
880802341bfffff,7,2
880802341dfffff,4,1
8808023421fffff,5,1
8808023423fffff,2,1
8808023425fffff,8,2
8808023427fffff,14,5
880802342bfffff,4,1
880802342dfffff,8,2
8808023435fffff,10,2
8808023439fffff,44,6
880802343bfffff,13,3
8808023451fffff,18,5
8808023457fffff,5,1
8808023459fffff,19,2
880802345bfffff,43,2
8808023481fffff,6,2
8808023489fffff,27,3
8808023495fffff,5,1
88080234b1fffff,29,4
88080234b5fffff,14,2
88080234b9fffff,3,1
88080234bbfffff,4,1
88080234bdfffff,14,2
88080234c1fffff,94,4
88080234c3fffff,8,1
88080234c5fffff,49,6
88080234c7fffff,15,3
88080234c9fffff,38,2
88080234cdfffff,80,2
88080234d7fffff,10,1
88080234e9fffff,13,2
88080234edfffff,7,2
8808023513fffff,23,3
880802351bfffff,15,2
8808023585fffff,9,2
8808023587fffff,6,1
880802358dfffff,1,1
88080235a3fffff,5,2
88080235abfffff,3,1
88080235b1fffff,1,1
88080235b5fffff,14,2
88080235b7fffff,2,1
88080235c1fffff,4,1
88080235c5fffff,31,3
88080235c9fffff,8,2
88080235cdfffff,71,5
88080235e1fffff,9,2
88080235e3fffff,10,3
88080235ebfffff,30,5
8808023601fffff,6,1
8808023605fffff,26,4
8808023607fffff,2,1
8808023609fffff,17,3
880802360dfffff,59,5
8808023611fffff,7,1
8808023615fffff,16,4
8808023617fffff,12,3
880802361bfffff,5,1
880802361dfffff,5,2
8808023629fffff,12,2
880802362bfffff,6,2
880802362dfffff,5,2
8808023631fffff,8,3
8808023633fffff,48,6
880802363bfffff,39,6
880802363dfffff,16,2
8808023641fffff,11,2
8808023647fffff,6,1
8808023649fffff,8,3
880802364bfffff,4,1
8808023651fffff,3,1
8808023653fffff,8,3
8808023655fffff,13,4
8808023659fffff,18,3
880802365dfffff,30,6
8808023661fffff,6,2
8808023663fffff,53,6
8808023667fffff,11,3
880802366dfffff,21,4
8808023681fffff,22,4
8808023687fffff,3,1
8808023695fffff,7,1
88080236a1fffff,34,4
88080236a3fffff,14,4
88080236a5fffff,8,2
88080236a7fffff,31,5
88080236abfffff,4,1
88080236adfffff,33,3
88080236b5fffff,4,2
88080236b9fffff,14,3
88080236bbfffff,3,1
88080236bdfffff,13,3
88080236c1fffff,7,1
88080236c5fffff,15,2
88080236c7fffff,6,1
88080236e1fffff,39,5
88080236e3fffff,73,2
88080236e5fffff,250,6
88080236e7fffff,76,2
88080236ebfffff,195,7
88080236edfffff,132,4
8808023711fffff,8,2
8808023759fffff,15,3
880802375bfffff,12,3
880802375dfffff,9,2
8808023821fffff,4,2
880802382dfffff,4,3
8808023901fffff,5,1
8808023905fffff,3,1
880802390dfffff,9,2
8808023923fffff,2,2
8808023929fffff,3,2
880802392bfffff,3,1
8808023935fffff,7,2
8808023937fffff,4,1
8808023967fffff,2,1
8808023989fffff,2,1
880802398bfffff,2,1
8808023995fffff,4,1
88080239b3fffff,9,2
8808023b43fffff,2,1
8808023b4bfffff,10,3
8808023b55fffff,6,2
8808023b5dfffff,3,1
8808024001fffff,6,1
8808024005fffff,2,1
880802402bfffff,9,2
880802402dfffff,23,4
8808024045fffff,2,1
8808024061fffff,3,2
8808024063fffff,15,4
8808024065fffff,10,2
8808024067fffff,4,1
880802406bfffff,6,3
880802406dfffff,9,3
8808024111fffff,11,2
8808024113fffff,8,2
8808024119fffff,1,1
880802411bfffff,4,1
880802411dfffff,14,3
8808024151fffff,11,2
8808024153fffff,10,3
8808024157fffff,10,2
880802415bfffff,3,2
8808024181fffff,5,2
8808024189fffff,14,4
880802418bfffff,9,2
880802418dfffff,2,1
88080241a7fffff,1,1
88080241c3fffff,2,1
88080241c5fffff,10,3
88080241c7fffff,4,1
88080241d5fffff,6,2
88080241d7fffff,2,1
8808024301fffff,6,2
8808024305fffff,22,4
8808024307fffff,11,3
8808024309fffff,11,2
880802430dfffff,7,2
8808024315fffff,2,1
8808024321fffff,4,1
8808024329fffff,4,1
880802432bfffff,5,3
8808024331fffff,3,1
8808024333fffff,1,1
8808024335fffff,4,1
8808024337fffff,2,1
8808024339fffff,17,5
880802433bfffff,27,4
8808024341fffff,6,1
8808024343fffff,9,1
8808024345fffff,1,1
8808024361fffff,33,5
8808024363fffff,15,4
8808024365fffff,16,4
8808024369fffff,12,2
880802436bfffff,27,3
880802436dfffff,26,3
8808024489fffff,5,1
88080244c1fffff,1,1
88080244c3fffff,7,4
88080244c7fffff,3,2
88080244c9fffff,6,2
88080244ddfffff,3,2
88080244ebfffff,3,1
88080244edfffff,4,1
880802465bfffff,2,1
88080248dbfffff,4,1
8808024f25fffff,5,1
8808024f45fffff,7,1
8808024f47fffff,1,1
8808024f67fffff,5,3
8808025003fffff,2,1
8808025005fffff,1,1
8808025007fffff,19,5
8808025011fffff,2,1
8808025013fffff,7,2
8808025015fffff,10,4
8808025017fffff,17,4
880802501bfffff,17,4
8808025023fffff,14,4
8808025027fffff,6,2
8808025029fffff,5,1
880802502bfffff,19,4
8808025031fffff,30,2
8808025035fffff,19,5
8808025037fffff,9,4
8808025039fffff,11,3
880802503bfffff,2,1
880802503dfffff,26,4
8808025045fffff,6,2
8808025049fffff,4,1
880802504bfffff,4,1
880802504dfffff,9,4
8808025059fffff,4,2
8808025061fffff,28,3
8808025065fffff,10,2
8808025069fffff,80,6
880802506dfffff,18,3
8808025085fffff,14,3
88080250a9fffff,8,3
88080250adfffff,8,2
88080250c1fffff,21,2
88080250c5fffff,13,4
88080250c9fffff,9,3
88080250cdfffff,14,3
88080250e3fffff,5,3
88080250e7fffff,5,2
88080250e9fffff,63,5
88080250ebfffff,12,4
88080250edfffff,37,5
8808025101fffff,8,4
8808025103fffff,6,2
8808025105fffff,11,2
8808025107fffff,4,2
8808025109fffff,3,1
880802510bfffff,15,3
880802510dfffff,19,4
8808025111fffff,10,2
8808025113fffff,4,1
8808025115fffff,40,6
8808025117fffff,20,4
880802511bfffff,10,4
8808025121fffff,1,1
8808025123fffff,14,3
8808025125fffff,9,1
8808025127fffff,16,1
880802512bfffff,14,3
880802512dfffff,11,2
8808025131fffff,17,5
8808025133fffff,7,2
8808025135fffff,13,3
8808025137fffff,1,1
8808025139fffff,33,2
880802513bfffff,2,1
880802513dfffff,9,3
8808025141fffff,18,3
8808025143fffff,14,4
8808025145fffff,21,3
8808025147fffff,12,3
8808025149fffff,30,4
880802514bfffff,82,5
880802514dfffff,9,3
8808025151fffff,26,4
8808025153fffff,8,1
8808025155fffff,4,1
8808025157fffff,23,3
880802515bfffff,20,3
880802515dfffff,10,3
8808025161fffff,16,2
8808025165fffff,76,5
8808025167fffff,5,1
8808025169fffff,6,1
880802516bfffff,4,1
880802516dfffff,161,6
88080251a3fffff,2,1
88080251bbfffff,1,1
88080251c5fffff,7,2
88080251c9fffff,30,5
88080251cbfffff,14,4
88080251cdfffff,33,4
8808025201fffff,30,5
8808025203fffff,5,1
8808025205fffff,10,1
8808025207fffff,3,2
8808025209fffff,10,2
880802520bfffff,7,1
880802520dfffff,18,5
8808025221fffff,30,4
8808025223fffff,11,3
8808025225fffff,77,2
8808025227fffff,306,3
880802522bfffff,18,3
880802522dfffff,21,4
8808025237fffff,9,2
880802523dfffff,4,1
8808025241fffff,82,6
8808025243fffff,10,2
8808025245fffff,4,2
8808025247fffff,21,4
8808025249fffff,109,4
880802524bfffff,4,1
880802524dfffff,66,6
8808025255fffff,7,2
8808025257fffff,1,1
880802525dfffff,4,1
8808025261fffff,14,1
8808025263fffff,19,4
8808025265fffff,7,2
8808025267fffff,35,6
8808025269fffff,25,4
880802526bfffff,8,3
880802526dfffff,350,5
8808025283fffff,9,2
8808025285fffff,2,1
8808025291fffff,7,2
8808025293fffff,10,2
8808025297fffff,4,1
8808025299fffff,2,1
88080252a9fffff,20,2
88080252b1fffff,18,3
88080252b5fffff,8,3
88080252b7fffff,2,1
88080252bbfffff,1,1
88080252e7fffff,10,2
8808025301fffff,5,1
8808025303fffff,24,3
8808025307fffff,3,1
8808025309fffff,15,4
880802530bfffff,42,4
880802530dfffff,12,1
8808025311fffff,3,1
8808025313fffff,64,4
8808025315fffff,13,4
8808025317fffff,45,7
8808025319fffff,14,3
880802531bfffff,453,7
880802531dfffff,12,2
8808025321fffff,4,1
8808025323fffff,6,1
8808025325fffff,11,3
8808025327fffff,4,1
8808025329fffff,9,2
880802532bfffff,31,5
880802532dfffff,2,1
8808025331fffff,13,3
8808025333fffff,24,4
8808025337fffff,12,4
8808025339fffff,73,3
880802533bfffff,27,4
8808025341fffff,369,7
8808025343fffff,115,4
8808025345fffff,7,1
8808025347fffff,12,2
8808025349fffff,422,7
880802534bfffff,1267,8
880802534dfffff,69,4
8808025351fffff,22,2
8808025355fffff,270,7
8808025357fffff,35,5
8808025359fffff,88,4
880802535bfffff,20,4
880802535dfffff,322,6
8808025361fffff,11,2
8808025363fffff,9,2
8808025365fffff,31,6
8808025367fffff,9,2
8808025369fffff,104,5
880802536bfffff,9,2
880802536dfffff,18,4
8808025609fffff,13,4
8808025619fffff,16,5
880802561dfffff,4,1
8808025641fffff,5,2
8808025643fffff,6,1
8808025645fffff,3,1
8808025647fffff,7,2
8808025649fffff,1,1
880802564bfffff,3,1
880802564dfffff,11,2
8808025653fffff,13,3
8808025655fffff,10,3
880802565bfffff,15,4
880802565dfffff,12,2
8808025661fffff,7,2
8808025663fffff,2,1
8808025669fffff,15,3
880802566bfffff,3,1
880802566dfffff,8,3
88080256c9fffff,7,2
88080256cbfffff,1,1
8808025749fffff,3,1
880802574bfffff,4,1
880802574dfffff,4,1
8808025801fffff,2,1
8808025805fffff,25,4
8808025809fffff,30,6
880802580bfffff,18,2
880802580dfffff,26,4
880802581bfffff,9,1
8808025821fffff,3,2
8808025829fffff,7,2
880802582bfffff,19,2
8808025843fffff,57,5
8808025845fffff,6,1
8808025847fffff,9,2
880802584bfffff,14,5
8808025855fffff,42,2
8808025857fffff,1,1
880802585dfffff,1,1
8808025863fffff,5,2
8808025869fffff,4,1
880802586bfffff,1,1
88080258c9fffff,3,2
88080259c5fffff,2,1
88080259cdfffff,2,1
88080259e5fffff,1,1
8808025a05fffff,2,1
8808025a07fffff,3,3
8808025a11fffff,1,1
8808025a13fffff,2,1
8808025a15fffff,10,2
8808025a19fffff,11,2
8808025a1bfffff,12,2
8808025a33fffff,6,2
8808025a37fffff,14,3
8808025a39fffff,1,1
8808025a3bfffff,32,5
8808025a53fffff,11,2
8808025a5bfffff,14,2
8808025a6dfffff,2,1
8808025a81fffff,24,4
8808025a83fffff,27,4
8808025a85fffff,21,6
8808025a87fffff,6,1
8808025a89fffff,175,5
8808025a8bfffff,4,2
8808025a8dfffff,14,2
8808025a95fffff,2,1
8808025a99fffff,3,1
8808025a9dfffff,10,3
8808025aa3fffff,21,5
8808025aa5fffff,4,1
8808025aa7fffff,2,1
8808025aa9fffff,13,2
8808025ab1fffff,3,1
8808025ab3fffff,14,2
8808025ab9fffff,1,1
8808025abbfffff,6,2
8808025ac1fffff,21,3
8808025ac3fffff,19,7
8808025ac5fffff,4,1
8808025ac7fffff,30,4
8808025ac9fffff,13,3
8808025acbfffff,8,2
8808025acdfffff,5,1
8808025ad7fffff,2,1
8808025addfffff,4,1
8808025ae7fffff,5,1
8808025aebfffff,5,3
8808025aedfffff,13,2
88080264d9fffff,30,4
880802665bfffff,6,2
880802668bfffff,3,1
880802668dfffff,18,3
8808026699fffff,4,2
880802669bfffff,30,3
88080266b3fffff,3,1
88080266b9fffff,4,1
88080266bdfffff,1,1
88080266c1fffff,18,3
88080266c5fffff,13,2
88080266c7fffff,12,3
88080266c9fffff,1,1
88080266d1fffff,2,1
88080266d3fffff,14,4
88080266dbfffff,7,2
88080266ddfffff,1,1
88080266ebfffff,6,1
880802670bfffff,2,1
8808026743fffff,2,1
880802674bfffff,3,2
8808026755fffff,2,1
880802730dfffff,1,1
8808027413fffff,15,4
8808027417fffff,4,1
880802741bfffff,7,2
880802745bfffff,8,1
8808027487fffff,2,1
8808027489fffff,9,2
8808027497fffff,5,1
880802749bfffff,7,1
88080274c1fffff,2,1
88080274c3fffff,12,3
88080274c5fffff,2,1
88080274c7fffff,7,1
88080274c9fffff,2,1
88080274cdfffff,13,3
88080274d1fffff,1,1
88080274d3fffff,5,1
88080274ebfffff,2,1
88080275b5fffff,11,2
88080275bdfffff,1,1
8808027681fffff,9,2
8808027683fffff,8,1
8808027685fffff,17,3
8808027687fffff,3,1
8808027689fffff,7,2
880802768bfffff,2,1
880802768dfffff,21,3
8808027691fffff,3,1
8808027693fffff,3,1
8808027697fffff,6,1
8808027699fffff,3,1
88080276a1fffff,14,4
88080276a3fffff,4,1
88080276a5fffff,6,2
88080276a7fffff,9,1
88080276a9fffff,4,2
88080276abfffff,1,1
88080276b1fffff,31,3
88080276b7fffff,1,1
88080276b9fffff,3,1
88080276c1fffff,24,4
88080276c3fffff,38,4
88080276c7fffff,59,5
88080276c9fffff,12,4
88080276cbfffff,28,5
88080276d1fffff,9,3
88080276d5fffff,7,4
88080276d7fffff,2,1
88080276e3fffff,7,2
88080276e5fffff,2,1
88080276ebfffff,2,1
8808028427fffff,4,2
880802842dfffff,4,2
88080284a1fffff,1,1
88080284a3fffff,10,3
88080284a5fffff,3,1
88080284a7fffff,2,1
88080284abfffff,2,1
88080284b1fffff,11,3
88080284b3fffff,28,3
88080284b5fffff,5,2
88080284b7fffff,5,1
88080284b9fffff,6,1
88080284bbfffff,2,2
88080284bdfffff,2,2
8808028543fffff,4,1
8808028581fffff,1,1
8808028583fffff,2,1
8808028585fffff,2,2
880802858bfffff,2,1
880802858dfffff,15,4
8808028595fffff,4,1
8808028599fffff,17,3
880802859dfffff,11,2
88080285a1fffff,6,2
88080285a3fffff,4,1
88080285a7fffff,9,2
88080285a9fffff,7,1
88080285abfffff,5,1
88080285adfffff,20,2
88080285bdfffff,12,2
88080285c9fffff,2,1
88080285e3fffff,2,1
8808028825fffff,4,1
8808028827fffff,3,1
88080288a1fffff,9,2
88080288a5fffff,74,4
88080288a7fffff,38,5
88080288adfffff,1,1
8808028909fffff,4,1
880802890dfffff,1,1
880802891bfffff,3,1
8808028933fffff,14,1
8808028943fffff,1,1
8808028951fffff,5,1
8808028953fffff,21,6
8808028959fffff,8,2
880802895dfffff,2,1
8808028969fffff,7,3
8808028981fffff,110,2
8808028983fffff,16,2
8808028985fffff,7,1
8808028989fffff,92,3
880802898bfffff,316,8
880802898dfffff,297,7
8808028995fffff,17,3
8808028999fffff,21,4
880802899bfffff,48,4
880802899dfffff,132,9
88080289a1fffff,25,5
88080289a3fffff,3,2
88080289a9fffff,9,2
88080289abfffff,9,2
88080289adfffff,8,3
88080289b1fffff,4,1
88080289b5fffff,10,3
88080289b7fffff,3,2
88080289bbfffff,3,1
88080289c1fffff,24,3
88080289c3fffff,4,1
88080289c7fffff,33,2
88080289cdfffff,16,3
88080289d7fffff,1,1
88080289e1fffff,48,2
88080289e3fffff,125,4
88080289e5fffff,12,3
88080289ebfffff,43,3
8808028b15fffff,4,1
8808028b37fffff,8,1
8808028c03fffff,2,1
8808028c05fffff,17,4
8808028c07fffff,4,1
8808028c09fffff,35,6
8808028c0dfffff,11,3
8808028c11fffff,4,1
8808028c19fffff,17,4
8808028c1bfffff,8,3
8808028c1dfffff,8,2
8808028c21fffff,4,1
8808028c25fffff,5,2
8808028c27fffff,7,1
8808028c29fffff,7,3
8808028c2bfffff,6,2
8808028c2dfffff,4,2
8808028c43fffff,9,3
8808028c47fffff,16,4
8808028c4bfffff,4,2
8808028c51fffff,12,3
8808028c53fffff,14,4
8808028c55fffff,56,6
8808028c57fffff,2,1
8808028c59fffff,4,2
8808028c5bfffff,7,1
8808028c5dfffff,3,1
8808028c93fffff,1,1
8808028c9bfffff,2,1
8808028d01fffff,14,3
8808028d03fffff,5,1
8808028d05fffff,17,3
8808028d09fffff,11,2
8808028d0bfffff,7,2
8808028d0dfffff,16,4
8808028d19fffff,6,3
8808028d1dfffff,3,2
8808028d21fffff,5,1
8808028d23fffff,6,2
8808028d25fffff,5,2
8808028d27fffff,16,3
8808028d29fffff,5,1
8808028d2bfffff,34,5
8808028d41fffff,11,3
8808028d43fffff,9,3
8808028d45fffff,8,1
8808028d47fffff,8,3
8808028d49fffff,4,1
8808028d4bfffff,10,4
8808028d53fffff,11,2
8808028d57fffff,3,2
8808028d5bfffff,1,1
8808028e33fffff,3,1
8808028e37fffff,12,3
8808028e81fffff,170,5
8808028e83fffff,16,3
8808028e85fffff,62,3
8808028e87fffff,28,3
8808028e89fffff,19,5
8808028e8bfffff,98,4
8808028e91fffff,4,1
8808028e93fffff,5,1
8808028e95fffff,13,3
8808028e9bfffff,7,2
8808028eabfffff,5,2
8808028eadfffff,5,1
8808028eb9fffff,1,1
8808028ec3fffff,5,1
8808028ec7fffff,3,1
8808028ed1fffff,18,2
8808028ed3fffff,22,4
8808028ed7fffff,15,4
8808028ee1fffff,2,1
8808028ee7fffff,2,1
8808028eebfffff,6,3
8808028f29fffff,2,1
8808028f35fffff,6,1
8808029229fffff,1,1
880802922bfffff,6,2
880802925bfffff,6,1
8808029309fffff,3,1
880802930bfffff,6,2
8808029343fffff,2,1
8808029345fffff,12,3
8808029347fffff,3,1
8808029353fffff,9,3
8808029355fffff,9,2
8808029357fffff,3,2
8808029609fffff,2,1
8808029629fffff,12,5
880802962bfffff,6,2
8808029643fffff,21,4
8808029647fffff,5,2
8808029659fffff,16,2
880802965dfffff,8,2
8808029663fffff,13,5
880802966bfffff,3,1
8808029945fffff,3,1
8808029951fffff,2,1
880802a001fffff,1,1
880802a005fffff,3,1
880802a009fffff,9,2
880802a00dfffff,20,2
880802a055fffff,12,3
880802a059fffff,11,3
880802a05bfffff,9,3
880802a05dfffff,1,1
880802a063fffff,1,1
880802a0d3fffff,181,5
880802a0d9fffff,42,4
880802a0dbfffff,41,1
880802a109fffff,9,2
880802a10dfffff,64,6
880802a151fffff,10,1
880802a155fffff,19,5
880802a15dfffff,10,2
880802a163fffff,9,1
880802a167fffff,43,5
880802a201fffff,2,1
880802a203fffff,2,1
880802a209fffff,238,7
880802a20dfffff,273,6
880802a215fffff,9,3
880802a241fffff,1,1
880802a243fffff,66,2
880802a245fffff,2,1
880802a247fffff,10,1
880802a24bfffff,1,1
880802a255fffff,34,2
880802a261fffff,29,3
880802a263fffff,188,4
880802a269fffff,1,1
880802a26bfffff,43,3
880802a26dfffff,1,1
880802a283fffff,4,1
880802a285fffff,53,3
880802a287fffff,60,6
880802a29bfffff,46,3
880802a2a1fffff,18,3
880802a2a7fffff,11,2
880802a2a9fffff,39,6
880802a2abfffff,7,3
880802a2adfffff,6,2
880802a2b1fffff,438,8
880802a2b3fffff,92,5
880802a2b5fffff,92,3
880802a2b7fffff,29,4
880802a2b9fffff,68,3
880802a2bbfffff,134,5
880802a2bdfffff,15,4
880802a2c9fffff,10,2
880802a2e1fffff,12,2
880802a2e5fffff,56,6
880802a2e7fffff,72,6
880802a351fffff,22,4
880802a359fffff,2,1
880802a35bfffff,3,1
880802a35dfffff,3,1
880802a413fffff,9,2
880802a419fffff,21,4
880802a41bfffff,6,1
880802a41dfffff,1,1
880802a441fffff,14,3
880802a443fffff,26,2
880802a447fffff,15,3
880802a449fffff,10,3
880802a44bfffff,14,3
880802a451fffff,1,1
880802a455fffff,1,1
880802a457fffff,5,2
880802a45bfffff,3,2
880802a45dfffff,41,4
880802a467fffff,8,3
880802a46bfffff,4,1
880802a491fffff,6,2
880802a497fffff,4,1
880802a499fffff,4,1
880802a49bfffff,15,4
880802a4b7fffff,1,1
880802a4bbfffff,2,1
880802a511fffff,1,1
880802a519fffff,3,1
880802a527fffff,5,1
880802a531fffff,8,2
880802a533fffff,18,3
880802a535fffff,17,4
880802a537fffff,3,2
880802a539fffff,5,2
880802a53bfffff,3,1
880802a53dfffff,9,1
880802a545fffff,9,2
880802a547fffff,13,2
880802a549fffff,3,1
880802a54bfffff,29,2
880802a54dfffff,12,3
880802a5edfffff,15,2
880802a605fffff,30,4
880802a60dfffff,21,3
880802a621fffff,4,1
880802a623fffff,8,1
880802a62bfffff,72,3
880802a631fffff,14,2
880802a633fffff,6,1
880802a637fffff,20,3
880802a661fffff,2,1
880802a663fffff,58,3
880802a669fffff,9,3
880802a66bfffff,4,1
880802a66dfffff,2,1
880802a6a5fffff,6,1
880802a6adfffff,8,1
880802a6e3fffff,4,2
880802a6e7fffff,12,3
880802a701fffff,255,3
880802a703fffff,77,2
880802a705fffff,391,9
880802a707fffff,414,6
880802a709fffff,175,6
880802a70dfffff,698,6
880802a723fffff,39,5
880802a725fffff,8,2
880802a727fffff,39,3
880802a72bfffff,453,6
880802a72dfffff,199,4
880802a735fffff,7,2
880802a739fffff,314,4
880802a73dfffff,6,1
880802a741fffff,728,8
880802a743fffff,99,4
880802a745fffff,809,7
880802a747fffff,770,8
880802a749fffff,419,4
880802a74dfffff,617,4
880802a751fffff,15,2
880802a759fffff,9,1
880802a763fffff,39,1
880802a765fffff,74,4
880802a76bfffff,346,4
880802aa5bfffff,1,1
880802ac13fffff,20,1
880802ac15fffff,8,2
880802ac17fffff,5,1
880802ac19fffff,14,2
880802ac1bfffff,18,1
880802ac31fffff,5,2
880802ac33fffff,11,3
880802ac37fffff,1,1
880802ac39fffff,1,1
880802ac3bfffff,2,1
880802ac81fffff,4,1
880802ac83fffff,7,1
880802ac87fffff,6,2
880802ac89fffff,13,1
880802ac8bfffff,17,4
880802ac91fffff,2,1
880802ac95fffff,3,1
880802ac97fffff,3,1
880802ac99fffff,2,1
880802ac9bfffff,6,1
880802ac9dfffff,13,4
880802aca1fffff,8,2
880802aca3fffff,6,1
880802aca7fffff,5,1
880802aca9fffff,10,3
880802acabfffff,11,3
880802acb1fffff,8,2
880802acb5fffff,12,3
880802acb7fffff,5,1
880802acb9fffff,4,2
880802acbbfffff,4,2
880802acbdfffff,4,1
880802acc5fffff,24,3
880802acc7fffff,6,1
880802acc9fffff,361,7
880802accdfffff,128,6
880802acd5fffff,4,1
880802ace1fffff,4,1
880802ace3fffff,10,3
880802ace5fffff,6,1
880802acebfffff,11,1
880802ad91fffff,2,1
880802ad99fffff,9,2
880802ad9bfffff,8,1
880802ad9dfffff,4,2
880802adb1fffff,2,1
880802adb3fffff,8,2
880802adb7fffff,11,2
880802adc3fffff,4,2
880802add1fffff,21,3
880802add3fffff,21,2
880802add7fffff,1,1
880802add9fffff,58,3
880802adddfffff,21,5
880802ae13fffff,7,1
880802ae1bfffff,7,2
880802ae81fffff,4,2
880802ae87fffff,3,1
880802ae8bfffff,8,2
880802aea3fffff,183,5
880802aea5fffff,12,2
880802aea7fffff,108,3
880802aeabfffff,4,1
880802aeadfffff,6,2
880802aebdfffff,50,5
880802aec7fffff,3,2
880802aed1fffff,8,3
880802aed3fffff,5,1
880802aed7fffff,3,1
880802aed9fffff,11,3
880802aeddfffff,2,1
880802aee3fffff,4,1
880802aee7fffff,9,1
880802b02bfffff,13,2
880802b03dfffff,6,1
880802b111fffff,1,1
880802b115fffff,9,4
880802b117fffff,11,2
880802b13bfffff,11,2
880802b147fffff,2,1
880802b163fffff,3,1
880802b165fffff,63,4
880802b16dfffff,2,1
880802b181fffff,5,1
880802b189fffff,18,4
880802b18bfffff,1,1
880802b18dfffff,10,1
880802b1b1fffff,2,1
880802b1b7fffff,3,1
880802b1b9fffff,13,5
880802b1bbfffff,3,1
880802b1c7fffff,5,2
880802b283fffff,12,2
880802b299fffff,7,2
880802b29bfffff,2,1
880802b29dfffff,3,2
880802b2d3fffff,8,2
880802b403fffff,7,2
880802b40bfffff,2,1
880802b439fffff,2,1
880802b453fffff,2,1
880802b45bfffff,12,3
880802b507fffff,3,1
880802b523fffff,19,3
880802b539fffff,5,1
880802b53dfffff,14,3
880802b581fffff,22,1
880802b585fffff,175,5
880802b587fffff,14,2
880802b591fffff,9,3
880802b593fffff,1,1
880802b595fffff,2,1
880802b597fffff,5,2
880802b5a3fffff,517,7
880802b5a5fffff,4,1
880802b5a7fffff,487,4
880802b5abfffff,303,3
880802b5b3fffff,31,4
880802b5b5fffff,23,4
880802b5b7fffff,8,2
880802b5bbfffff,7,2
880802b5bdfffff,86,2
880802b5d1fffff,6,2
880802b5d5fffff,13,1
880802b5ddfffff,7,2
880802b647fffff,2,1
880802b685fffff,46,7
880802b689fffff,15,3
880802b68bfffff,2,1
880802b68dfffff,42,5
880802b691fffff,2,1
880802b695fffff,21,4
880802b699fffff,13,2
880802b69dfffff,16,3
880802b6a9fffff,1,1
880802b6b1fffff,3,2
880802b6b3fffff,5,1
880802b6b9fffff,29,6
880802b6bbfffff,23,4
880802b6c1fffff,18,5
880802b6c7fffff,14,1
880802b6c9fffff,7,3
880802b6d1fffff,1,1
880802b6d3fffff,24,3
880802b6d5fffff,4,2
880802b6d7fffff,15,3
880802b6dbfffff,19,3
880802b6e3fffff,2,1
880802b6e5fffff,4,2
880802b6e7fffff,2,1
880802b6ebfffff,2,1
880802b941fffff,2,1
880802b94dfffff,18,3
880802b967fffff,5,1
880802ba59fffff,3,1
880802bb07fffff,4,1
880802bb09fffff,4,1
880802bb39fffff,1,1
880802bb43fffff,9,2
880802bb49fffff,6,2
880802bb4bfffff,3,2
880802bb4dfffff,9,2
880802c007fffff,2,2
880802c011fffff,7,3
880802c013fffff,17,2
880802c015fffff,4,1
880802c017fffff,27,4
880802c019fffff,8,1
880802c01bfffff,7,4
880802c021fffff,5,1
880802c023fffff,10,3
880802c025fffff,31,6
880802c027fffff,11,2
880802c029fffff,5,1
880802c02bfffff,2,1
880802c02dfffff,16,3
880802c031fffff,9,4
880802c033fffff,15,2
880802c037fffff,6,1
880802c039fffff,4,1
880802c03bfffff,29,5
880802c03dfffff,13,2
880802c041fffff,1,1
880802c043fffff,4,1
880802c045fffff,7,3
880802c049fffff,3,1
880802c04dfffff,1,1
880802c051fffff,6,2
880802c053fffff,4,2
880802c057fffff,14,3
880802c059fffff,2,1
880802c05bfffff,3,1
880802c05dfffff,10,4
880802c061fffff,8,3
880802c063fffff,2,1
880802c067fffff,24,4
880802c06bfffff,5,1
880802c06dfffff,3,1
880802c081fffff,3,1
880802c083fffff,4,1
880802c087fffff,4,1
880802c089fffff,78,2
880802c08bfffff,3,1
880802c08dfffff,12,3
880802c099fffff,2,1
880802c09bfffff,4,3
880802c09dfffff,14,2
880802c0a1fffff,5,1
880802c0a3fffff,10,2
880802c0a5fffff,14,3
880802c0a7fffff,7,2
880802c0adfffff,2,1
880802c0b1fffff,33,4
880802c0b3fffff,7,2
880802c0b5fffff,40,4
880802c0b7fffff,4,1
880802c0b9fffff,12,1
880802c0bbfffff,23,4
880802c0c3fffff,9,1
880802c0c5fffff,120,7
880802c0c7fffff,38,2
880802c0d5fffff,2,1
880802c0d7fffff,7,2
880802c0e9fffff,15,3
880802c0ebfffff,5,1
880802c0edfffff,5,2
880802c101fffff,6,1
880802c103fffff,11,2
880802c109fffff,23,3
880802c10bfffff,6,2
880802c111fffff,14,3
880802c113fffff,5,1
880802c115fffff,3,3
880802c117fffff,5,2
880802c119fffff,37,6
880802c11bfffff,28,5
880802c11dfffff,17,4
880802c141fffff,11,3
880802c143fffff,40,4
880802c145fffff,3,1
880802c147fffff,8,1
880802c149fffff,12,2
880802c14bfffff,7,2
880802c14dfffff,10,1
880802c151fffff,11,1
880802c153fffff,84,5
880802c155fffff,24,3
880802c157fffff,7,2
880802c159fffff,6,2
880802c15bfffff,17,2
880802c15dfffff,7,3
880802c181fffff,14,4
880802c183fffff,31,4
880802c185fffff,183,6
880802c187fffff,117,6
880802c18dfffff,104,6
880802c191fffff,11,3
880802c195fffff,16,3
880802c197fffff,8,2
880802c199fffff,3,2
880802c19dfffff,11,2
880802c1a1fffff,100,3
880802c1a3fffff,493,6
880802c1a7fffff,169,6
880802c1a9fffff,37,4
880802c1abfffff,26,5
880802c1adfffff,9,1
880802c1b1fffff,83,3
880802c1b3fffff,3,1
880802c1b5fffff,156,4
880802c1b9fffff,15,4
880802c1bbfffff,5,1
880802c1bdfffff,223,8
880802c1c1fffff,2,1
880802c1c5fffff,36,7
880802c1c7fffff,10,3
880802c1c9fffff,5,1
880802c1cdfffff,20,4
880802c1d7fffff,5,1
880802c1d9fffff,5,1
880802c1dbfffff,7,1
880802c1e3fffff,40,6
880802c1e7fffff,82,7
880802c1e9fffff,13,5
880802c1ebfffff,14,3
880802c20dfffff,4,1
880802c223fffff,5,1
880802c227fffff,18,2
880802c22dfffff,8,2
880802c235fffff,7,2
880802c241fffff,4,2
880802c245fffff,4,2
880802c249fffff,2,2
880802c24dfffff,5,3
880802c261fffff,26,7
880802c263fffff,2,2
880802c265fffff,2,1
880802c267fffff,27,4
880802c26bfffff,11,3
880802c307fffff,9,2
880802c30dfffff,2,1
880802c319fffff,1,1
880802c31bfffff,1,1
880802c31dfffff,7,1
880802c321fffff,26,3
880802c323fffff,19,4
880802c327fffff,16,4
880802c32bfffff,2,1
880802c335fffff,29,6
880802c337fffff,12,3
880802c33dfffff,35,5
880802c353fffff,5,1
880802c355fffff,1,1
880802c35bfffff,8,2
880802c365fffff,5,2
880802c367fffff,10,4
880802c36dfffff,10,4
880802c483fffff,38,2
880802c487fffff,3,1
880802c48bfffff,4,1
880802c491fffff,11,3
880802c493fffff,9,2
880802c495fffff,66,5
880802c497fffff,8,2
880802c499fffff,8,3
880802c49dfffff,8,1
880802c4b7fffff,3,1
880802c4b9fffff,4,1
880802c4bdfffff,7,2
880802c4d3fffff,21,3
880802c4d7fffff,9,2
880802c4d9fffff,13,4
880802c4dbfffff,19,6
880802c503fffff,81,3
880802c505fffff,1,1
880802c507fffff,34,6
880802c509fffff,8,2
880802c50bfffff,92,2
880802c511fffff,4,1
880802c513fffff,8,1
880802c515fffff,109,4
880802c517fffff,3,1
880802c519fffff,6,1
880802c51dfffff,22,4
880802c521fffff,8,2
880802c523fffff,3,2
880802c525fffff,2,1
880802c529fffff,13,2
880802c52bfffff,23,5
880802c52dfffff,2,1
880802c531fffff,1,1
880802c535fffff,5,2
880802c537fffff,9,2
880802c539fffff,50,1
880802c53dfffff,15,3
880802c543fffff,15,3
880802c547fffff,12,2
880802c54bfffff,3,1
880802c551fffff,17,3
880802c553fffff,15,4
880802c555fffff,8,3
880802c557fffff,182,6
880802c55bfffff,10,2
880802c55dfffff,1,1
880802c561fffff,10,3
880802c563fffff,1,1
880802c565fffff,1,1
880802c567fffff,16,5
880802c56bfffff,8,2
880802c56dfffff,7,2
880802c5a3fffff,21,4
880802c5a5fffff,14,5
880802c5a9fffff,21,4
880802c5adfffff,12,3
880802c5b1fffff,5,1
880802c5b3fffff,85,1
880802c5b5fffff,34,3
880802c5b7fffff,97,2
880802c5bdfffff,2,2
880802c5e3fffff,6,2
880802c5e5fffff,17,4
880802c5e7fffff,3,1
880802c5e9fffff,52,5
880802c5ebfffff,18,1
880802c5edfffff,5,1
880802c601fffff,3,1
880802c603fffff,8,3
880802c613fffff,2,1
880802c615fffff,20,3
880802c617fffff,20,3
880802c649fffff,11,1
880802c64dfffff,98,4
880802c681fffff,2,1
880802c683fffff,1,1
880802c685fffff,1,1
880802c687fffff,1,1
880802c689fffff,9,3
880802c68dfffff,2,1
880802c695fffff,2,1
880802c6b3fffff,12,3
880802c6b7fffff,1,1
880802c6b9fffff,6,3
880802c6bbfffff,18,4
880802c6c1fffff,6,2
880802c6c5fffff,14,3
880802c6d1fffff,3,1
880802c6d3fffff,7,1
880802c6d5fffff,3,2
880802c6d9fffff,3,2
880802c6ddfffff,1,1
880802c6e9fffff,9,2
880802c725fffff,6,1
880802c727fffff,5,2
880802c883fffff,6,2
880802c88bfffff,169,3
880802c891fffff,4,2
880802c893fffff,7,1
880802c899fffff,40,6
880802c89bfffff,292,7
880802c8a1fffff,318,5
880802c8a5fffff,59,3
880802c8a7fffff,4,1
880802c8a9fffff,72,1
880802c8adfffff,4,1
880802c8b1fffff,9,2
880802c8b5fffff,21,2
880802c8b7fffff,10,1
880802c8bdfffff,19,4
880802c8c3fffff,3,1
880802c8d1fffff,1,1
880802c8d3fffff,4,1
880802c8d5fffff,30,6
880802c8d7fffff,181,7
880802c8d9fffff,3,1
880802c8dbfffff,5,2
880802c8ddfffff,13,3
880802c901fffff,4,1
880802c903fffff,35,4
880802c905fffff,22,2
880802c907fffff,11,4
880802c90bfffff,9,3
880802c917fffff,1,1
880802c921fffff,5,2
880802c923fffff,57,5
880802c925fffff,6,1
880802c927fffff,17,3
880802c929fffff,3,1
880802c92bfffff,45,5
880802c931fffff,10,2
880802c933fffff,17,4
880802c935fffff,5,1
880802c937fffff,75,5
880802c939fffff,9,3
880802c93bfffff,3,1
880802c93dfffff,28,4
880802c945fffff,100,3
880802c949fffff,150,4
880802c94dfffff,352,5
880802c961fffff,453,6
880802c963fffff,128,6
880802c965fffff,141,6
880802c967fffff,29,5
880802c969fffff,1013,7
880802c96bfffff,287,4
880802c96dfffff,1029,7
880802c993fffff,27,4
880802c995fffff,7,2
880802c997fffff,234,7
880802c99bfffff,34,5
880802c9a3fffff,321,5
880802c9a5fffff,39,3
880802c9a7fffff,23,4
880802c9abfffff,3,1
880802c9b1fffff,445,5
880802c9b3fffff,427,6
880802c9b5fffff,774,7
880802c9b7fffff,1221,9
880802c9bbfffff,95,4
880802c9bdfffff,383,3
880802c9d3fffff,1,1
880802c9e5fffff,17,4
880802c9edfffff,5,2
880802ca01fffff,10,2
880802ca05fffff,3,1
880802ca09fffff,2,1
880802ca0bfffff,23,4
880802ca0dfffff,14,3
880802ca3dfffff,2,1
880802ca41fffff,13,2
880802ca43fffff,4,1
880802ca45fffff,25,4
880802ca47fffff,9,3
880802ca4dfffff,4,1
880802ca55fffff,3,2
880802ca61fffff,2,1
880802ca67fffff,2,1
880802ca6bfffff,7,1
880802ca93fffff,51,4
880802ca95fffff,5,2
880802ca97fffff,18,4
880802ca9bfffff,1,1
880802cab1fffff,9,2
880802cab3fffff,2,1
880802cab5fffff,3,2
880802cab7fffff,9,2
880802cab9fffff,2,2
880802cabdfffff,17,3
880802cb21fffff,39,4
880802cb23fffff,415,6
880802cb25fffff,126,4
880802cb27fffff,736,9
880802cb29fffff,21,3
880802cb2bfffff,107,2
880802cb2dfffff,14,2
880802cb35fffff,10,1
880802cb61fffff,5,2
880802cb63fffff,19,3
880802cb65fffff,10,2
880802cb67fffff,12,1
880802cc01fffff,6,2
880802cc03fffff,18,3
880802cc07fffff,17,5
880802cc09fffff,22,5
880802cc0bfffff,24,3
880802cc0dfffff,13,2
880802cc11fffff,59,6
880802cc13fffff,7,1
880802cc17fffff,11,2
880802cc19fffff,13,2
880802cc1dfffff,5,1
880802cc21fffff,4,1
880802cc2dfffff,7,2
880802cc33fffff,12,3
880802cc35fffff,1,1
880802cc37fffff,20,3
880802cc39fffff,15,1
880802cc43fffff,8,2
880802cc45fffff,4,1
880802cc4bfffff,5,1
880802cc51fffff,178,6
880802cc53fffff,258,5
880802cc55fffff,22,3
880802cc57fffff,129,4
880802cc59fffff,17,6
880802cc5bfffff,17,2
880802cc5dfffff,5,1
880802cc61fffff,19,5
880802cc63fffff,21,2
880802cc65fffff,14,3
880802cc67fffff,5,2
880802cc69fffff,4,2
880802cc6bfffff,11,3
880802cc81fffff,6,1
880802cc83fffff,8,2
880802cc85fffff,20,4
880802cc87fffff,3,1
880802cc8bfffff,10,3
880802cc8dfffff,3,1
880802cc93fffff,2,1
880802cc95fffff,9,2
880802cc99fffff,5,1
880802cc9dfffff,7,3
880802cca1fffff,1,1
880802cca3fffff,7,2
880802cca7fffff,3,1
880802ccabfffff,5,2
880802ccadfffff,11,3
880802ccb1fffff,3,2
880802ccb3fffff,15,4
880802ccb7fffff,23,3
880802ccbdfffff,7,2
880802ccc1fffff,18,3
880802ccc3fffff,10,2
880802ccc5fffff,7,2
880802ccc7fffff,9,4
880802ccc9fffff,3,2
880802ccd3fffff,4,1
880802ccd5fffff,6,2
880802ccd9fffff,4,2
880802ccdbfffff,23,2
880802cce1fffff,1,1
880802cce3fffff,17,2
880802cce9fffff,13,3
880802ccedfffff,8,2
880802cd09fffff,9,2
880802cd47fffff,7,1
880802cd49fffff,1,1
880802cd59fffff,10,3
880802cd5bfffff,1,1
880802cd5dfffff,1,1
880802cd69fffff,10,2
880802cd81fffff,6,1
880802cd89fffff,1,1
880802cd8bfffff,7,2
880802cd91fffff,5,1
880802cd93fffff,31,5
880802cd95fffff,2,1
880802cd97fffff,9,3
880802cd99fffff,20,3
880802cd9bfffff,5,2
880802cd9dfffff,10,2
880802cda5fffff,8,2
880802cdb1fffff,8,2
880802cdb3fffff,10,2
880802cdb7fffff,3,2
880802cdbbfffff,4,2
880802cdc1fffff,10,2
880802cdc3fffff,7,2
880802cdc7fffff,2,1
880802cdcbfffff,4,1
880802cdd3fffff,26,2
880802cdd5fffff,8,2
880802cdd7fffff,7,1
880802cdd9fffff,2,1
880802cdddfffff,5,2
880802ce0dfffff,5,1
880802ce19fffff,13,1
880802ce21fffff,5,2
880802ce23fffff,5,2
880802ce25fffff,4,1
880802ce29fffff,7,1
880802ce2dfffff,2,1
880802ce31fffff,12,3
880802ce33fffff,20,5
880802ce35fffff,9,2
880802ce37fffff,7,2
880802ce3bfffff,12,4
880802ce3dfffff,23,5
880802ce41fffff,8,1
880802ce43fffff,15,2
880802ce45fffff,6,2
880802ce47fffff,5,2
880802ce49fffff,7,2
880802ce4bfffff,6,1
880802ce51fffff,14,3
880802ce53fffff,6,2
880802ce55fffff,14,2
880802ce57fffff,5,1
880802ce59fffff,23,2
880802ce5bfffff,9,2
880802ce61fffff,6,2
880802ce63fffff,2,1
880802ce69fffff,23,4
880802ce6bfffff,16,2
880802ce6dfffff,9,1
880802ce81fffff,9,2
880802ce83fffff,16,3
880802ce85fffff,262,5
880802ce87fffff,7,1
880802ce89fffff,1,1
880802ce8bfffff,9,2
880802ce8dfffff,2,1
880802ce91fffff,19,3
880802ce93fffff,24,4
880802ce95fffff,11,2
880802ce97fffff,21,3
880802ce9dfffff,13,2
880802cea1fffff,45,3
880802cea5fffff,4,1
880802cea7fffff,11,1
880802cea9fffff,139,8
880802ceabfffff,53,4
880802ceadfffff,51,3
880802ceb1fffff,5,1
880802ceb9fffff,9,2
880802cebbfffff,10,1
880802cebdfffff,3,2
880802cec1fffff,4,1
880802cec3fffff,15,3
880802cec7fffff,8,1
880802cec9fffff,27,4
880802cecbfffff,18,3
880802ced1fffff,25,7
880802ced3fffff,8,3
880802ced5fffff,5,2
880802ced7fffff,7,1
880802ceddfffff,5,2
880802cee3fffff,15,3
880802cee7fffff,3,1
880802cee9fffff,11,1
880802ceebfffff,7,1
880802ceedfffff,10,2
880802cf01fffff,20,2
880802cf03fffff,23,5
880802cf05fffff,5,3
880802cf07fffff,12,3
880802cf0dfffff,2,1
880802cf11fffff,8,2
880802cf13fffff,9,3
880802cf15fffff,7,2
880802cf17fffff,13,4
880802cf19fffff,2,1
880802cf1bfffff,4,1
880802cf21fffff,84,6
880802cf23fffff,47,4
880802cf25fffff,79,4
880802cf27fffff,45,4
880802cf29fffff,10,4
880802cf2bfffff,26,5
880802cf31fffff,14,5
880802cf33fffff,7,2
880802cf35fffff,19,3
880802cf37fffff,1,1
880802cf39fffff,5,2
880802cf3bfffff,2,1
880802cf3dfffff,10,1
880802cf49fffff,140,2
880802cf4dfffff,11,2
880802cf53fffff,2,1
880802cf63fffff,3,1
880802cf65fffff,4,2
880802cf69fffff,3,1
880802cf6dfffff,6,2
880802d001fffff,3,1
880802d019fffff,5,2
880802d01bfffff,9,3
880802d051fffff,6,2
880802d05dfffff,2,2
880802d069fffff,6,1
880802d089fffff,3,1
880802d08bfffff,11,3
880802d099fffff,14,3
880802d09bfffff,13,3
880802d09dfffff,4,1
880802d0a1fffff,3,2
880802d0a3fffff,9,4
880802d0a5fffff,1,1
880802d0a7fffff,4,1
880802d0c1fffff,12,4
880802d0c3fffff,11,3
880802d0cdfffff,7,3
880802d0d5fffff,3,2
880802d199fffff,1,1
880802d1d3fffff,7,2
880802d237fffff,1,1
880802d311fffff,3,1
880802d31dfffff,2,1
880802d35dfffff,2,1
880802d425fffff,7,3
880802d4a5fffff,12,1
880802d4a7fffff,87,5
880802d519fffff,1,1
880802d541fffff,1,1
880802d54dfffff,13,2
880802d553fffff,9,2
880802d593fffff,64,4
880802d599fffff,19,2
880802d59bfffff,97,4
880802d5d3fffff,1,1
880802d613fffff,3,1
880802d615fffff,1,1
880802d617fffff,6,2
880802d61dfffff,6,2
880802d68dfffff,1,1
880802d6bdfffff,2,1
880802d6e9fffff,4,1
880802d809fffff,1,1
880802d817fffff,5,1
880802d823fffff,24,4
880802d825fffff,12,2
880802d827fffff,20,4
880802d831fffff,5,1
880802d833fffff,14,3
880802d835fffff,33,5
880802d837fffff,11,3
880802d839fffff,2,1
880802d83bfffff,4,1
880802d83dfffff,2,1
880802d843fffff,11,3
880802d847fffff,8,3
880802d851fffff,7,1
880802d855fffff,3,2
880802d85bfffff,2,1
880802d85dfffff,2,1
880802d869fffff,4,1
880802d8a7fffff,3,2
880802d8e5fffff,6,2
880802d8e7fffff,11,2
880802d8e9fffff,1,1
880802d90bfffff,11,4
880802d919fffff,5,1
880802d91bfffff,11,1
880802d951fffff,14,3
880802d955fffff,10,4
880802d957fffff,5,2
880802d989fffff,2,1
880802d98bfffff,10,2
880802d991fffff,1,1
880802d999fffff,4,1
880802d99bfffff,15,3
880802d9c1fffff,14,5
880802d9c3fffff,10,1
880802d9c5fffff,33,4
880802d9c7fffff,4,1
880802d9c9fffff,21,3
880802d9cbfffff,11,1
880802d9cdfffff,7,2
880802d9d1fffff,2,1
880802d9d5fffff,4,1
880802d9d7fffff,2,1
880802d9d9fffff,8,1
880802d9dbfffff,11,2
880802da81fffff,2,1
880802da83fffff,26,5
880802da85fffff,28,3
880802da87fffff,7,1
880802da89fffff,8,3
880802da8bfffff,10,2
880802da8dfffff,14,2
880802da95fffff,2,1
880802daa1fffff,11,2
880802daa9fffff,55,5
880802daabfffff,133,5
880802daadfffff,3,2
880802dab1fffff,25,4
880802dab3fffff,7,3
880802dab9fffff,24,2
880802dabdfffff,47,4
880802dad3fffff,5,1
880802dad7fffff,4,1
880802dad9fffff,12,3
880802dae1fffff,1,1
880802dae3fffff,16,3
880802dae7fffff,7,2
880802dae9fffff,14,3
880802daebfffff,4,1
880802db05fffff,5,2
880802db07fffff,5,3
880802db0dfffff,2,1
880802db11fffff,2,1
880802db13fffff,5,1
880802db15fffff,5,1
880802db17fffff,1,1
880802db39fffff,2,1
880802db3bfffff,2,1
8808030041fffff,2,1
8808030127fffff,3,1
8808030129fffff,2,1
8808030141fffff,4,2
8808030145fffff,10,3
8808030147fffff,3,1
880803014bfffff,6,2
880803014dfffff,3,1
8808030169fffff,6,1
880803016bfffff,2,1
8808030301fffff,3,1
8808030303fffff,74,5
8808030305fffff,1,1
8808030307fffff,44,4
8808030329fffff,4,1
880803032bfffff,3,1
8808030331fffff,7,1
880803033dfffff,17,3
8808030847fffff,3,1
8808030909fffff,11,4
880803090bfffff,5,1
8808030911fffff,5,1
8808030917fffff,2,1
880803091dfffff,4,1
8808030941fffff,2,1
8808030943fffff,15,1
8808030945fffff,5,3
8808030947fffff,11,2
8808030955fffff,7,1
8808030957fffff,8,2
8808030969fffff,10,2
8808030a11fffff,8,1
8808030a13fffff,6,2
8808030a1bfffff,2,1
8808030a51fffff,1,1
8808030a53fffff,7,1
8808030a5bfffff,5,2
8808031023fffff,1,1
8808031027fffff,5,2
8808031029fffff,9,1
8808031035fffff,3,2
8808031045fffff,11,2
8808031063fffff,5,2
880803106bfffff,24,4
8808031183fffff,9,2
880803118bfffff,5,1
88080311b9fffff,5,1
88080311bbfffff,6,1
88080311c9fffff,8,3
88080311cbfffff,5,3
88080311d5fffff,7,2
88080311d7fffff,7,1
88080311ddfffff,4,1
880803125dfffff,4,1
8808031311fffff,5,1
8808031319fffff,1,1
880803131bfffff,5,2
880803134bfffff,5,1
8808031351fffff,1,1
8808031357fffff,2,1
880803135dfffff,22,2
8808031549fffff,2,1
880803162dfffff,12,1
8808031753fffff,4,1
8808031757fffff,8,3
88080318d3fffff,5,1
88080318d7fffff,5,1
880803412dfffff,1,1
880803413dfffff,1,1
8808034165fffff,13,4
8808034a51fffff,3,1
8808034a53fffff,1,1
8808034a59fffff,6,3
8808034a5bfffff,2,2
8808034a99fffff,1,1
8808034a9bfffff,2,2
8808034ad1fffff,1,1
8808034ad3fffff,1,1
8808034adbfffff,2,1
8808034c05fffff,6,1
8808034c23fffff,3,1
8808034c2bfffff,2,1
8808034c35fffff,2,1
8808034c37fffff,2,1
8808034c3dfffff,2,1
8808034c67fffff,12,3
8808034ca3fffff,2,1
8808034d05fffff,2,2
8808034d09fffff,3,1
8808034d63fffff,3,1
8808034dd1fffff,4,2
8808034dd3fffff,12,3
8808034dd9fffff,18,2
8808034ddbfffff,32,2
8808034dddfffff,40,3
8808034ec3fffff,2,1
8808034ec9fffff,2,1
8808034ecdfffff,2,1
8808034f01fffff,3,1
8808034f09fffff,6,1
8808034f0bfffff,1,1
8808034f31fffff,7,1
8808034f39fffff,9,3
8808035001fffff,13,2
8808035003fffff,2,1
8808035005fffff,5,2
8808035007fffff,7,2
8808035021fffff,10,3
8808035023fffff,13,3
8808035025fffff,1,1
8808035027fffff,4,3
8808035029fffff,17,5
880803502bfffff,16,2
880803502dfffff,16,4
8808035037fffff,1,1
8808035061fffff,93,5
8808035063fffff,27,5
8808035065fffff,147,7
8808035067fffff,153,5
8808035069fffff,7,1
880803506dfffff,25,4
8808035081fffff,19,4
8808035085fffff,5,1
8808035089fffff,11,1
88080350d3fffff,8,2
88080350d5fffff,4,1
88080350edfffff,16,4
8808035119fffff,11,2
8808035153fffff,31,4
8808035159fffff,22,2
880803515bfffff,10,2
88080351c9fffff,14,3
8808035301fffff,39,6
8808035303fffff,18,3
8808035305fffff,2,1
8808035307fffff,12,4
8808035309fffff,12,2
880803530bfffff,2,1
880803530dfffff,4,1
8808035315fffff,12,1
8808035331fffff,11,2
8808035333fffff,27,4
8808035335fffff,4,1
8808035337fffff,5,1
8808035339fffff,10,3
880803533bfffff,5,1
880803533dfffff,7,2
8808035341fffff,6,2
8808035343fffff,6,1
8808035347fffff,2,1
880803534dfffff,3,1
880803540bfffff,8,3
880803540dfffff,1,1
8808035413fffff,11,2
8808035461fffff,1,1
8808035465fffff,4,3
8808035469fffff,10,2
8808035493fffff,8,3
88080354c5fffff,7,1
880803554bfffff,3,1
880803554dfffff,9,2
8808035559fffff,2,1
880803555dfffff,5,1
8808035705fffff,17,3
8808035711fffff,4,1
8808035715fffff,1,1
8808035717fffff,18,3
8808035729fffff,3,1
880803572bfffff,2,1
8808035731fffff,5,1
8808035735fffff,2,1
8808035737fffff,11,2
8808035801fffff,26,6
8808035803fffff,69,4
8808035805fffff,5,2
8808035807fffff,13,1
8808035809fffff,4,1
880803580bfffff,3,1
8808035815fffff,27,2
8808035831fffff,8,1
8808035839fffff,17,2
880803583bfffff,14,2
8808035845fffff,7,2
8808035847fffff,27,3
88080358a1fffff,3,2
88080358a5fffff,10,3
88080358abfffff,2,1
88080358adfffff,11,2
88080358e1fffff,1,1
88080358e5fffff,1,1
88080358e7fffff,3,1
88080358e9fffff,5,1
88080358edfffff,9,3
880803599dfffff,6,2
88080359d9fffff,2,1
88080359dbfffff,29,4
8808035a65fffff,23,3
8808035b03fffff,8,2
8808035b09fffff,15,2
8808035b1dfffff,7,1
8808035b51fffff,26,5
8808035b53fffff,7,1
8808035b55fffff,7,2
8808035b57fffff,5,1
8808035b59fffff,25,4
8808035b5bfffff,23,4
8808036809fffff,3,1
880803680bfffff,8,3
8808036843fffff,12,1
8808036855fffff,1,1
8808036857fffff,7,2
880803686dfffff,6,3
88080368a1fffff,5,2
88080368a3fffff,1,1
88080368a7fffff,16,2
88080368adfffff,102,5
88080368b5fffff,7,2
88080368e7fffff,67,2
8808036913fffff,1,1
8808036919fffff,3,1
880803691bfffff,2,1
880803691dfffff,6,2
8808036955fffff,2,1
8808036957fffff,6,2
8808036989fffff,5,1
8808036999fffff,6,2
880803699bfffff,8,2
880803699dfffff,1,1
88080369c1fffff,5,1
88080369c3fffff,4,1
88080369c7fffff,3,2
88080369cdfffff,3,2
88080369d1fffff,6,2
88080369d3fffff,28,4
88080369d5fffff,12,3
88080369dbfffff,43,4
88080369ebfffff,6,2
8808036b21fffff,3,1
8808036b25fffff,4,1
8808036b27fffff,4,1
8808036b2dfffff,5,1
8808036b3bfffff,1,1
8808036b69fffff,84,4
8808036b6bfffff,31,2
8808036dabfffff,10,1
8808036db5fffff,3,2
8808036dbdfffff,1,1
8808036de7fffff,5,2
8808037831fffff,3,1
8808037835fffff,6,1
8808038085fffff,2,1
8808038087fffff,2,1
880803808bfffff,4,2
880803808dfffff,2,1
8808038099fffff,1,1
880803809dfffff,27,4
88080380b1fffff,15,2
88080380b3fffff,4,2
88080380b5fffff,2,1
88080380b7fffff,6,2
88080380bbfffff,2,1
88080380bdfffff,14,5
88080380d7fffff,2,1
8808038187fffff,1,1
88080381a1fffff,5,1
88080381a3fffff,11,2
88080381bdfffff,1,1
88080381e1fffff,2,1
88080381e9fffff,9,2
88080381edfffff,7,2
880803832dfffff,8,2
880803834dfffff,2,2
8808038365fffff,21,2
8808038367fffff,2,1
880803836dfffff,13,2
8808038509fffff,2,1
880803850bfffff,5,1
880803851dfffff,7,2
8808038541fffff,3,1
8808038543fffff,3,1
8808038545fffff,4,1
8808038547fffff,5,1
8808038549fffff,1,1
880803854dfffff,4,1
8808038555fffff,5,1
880803855dfffff,2,1
88080385a5fffff,10,2
88080385e7fffff,1,1
8808038801fffff,5,2
8808038803fffff,3,2
8808038815fffff,13,1
880803883bfffff,1,1
8808038843fffff,6,1
880803886bfffff,7,3
8808038881fffff,6,1
8808038885fffff,1,1
8808038887fffff,7,3
880803888dfffff,2,1
8808038899fffff,4,1
88080388abfffff,2,1
88080388adfffff,2,1
88080388b1fffff,2,1
88080388b9fffff,1,1
88080388c9fffff,1,1
88080388cbfffff,2,1
88080388d3fffff,5,3
88080388e1fffff,1,1
88080388e3fffff,1,1
88080388edfffff,5,2
8808038985fffff,2,1
8808038989fffff,5,1
880803898dfffff,2,1
88080389b1fffff,4,1
88080389b5fffff,3,1
88080389b7fffff,3,2
88080389c7fffff,7,2
88080389c9fffff,4,1
88080389cdfffff,1,1
8808038a03fffff,6,2
8808038a11fffff,3,1
8808038a1dfffff,9,3
8808038a21fffff,2,1
8808038a25fffff,4,1
8808038a3bfffff,9,1
8808038a41fffff,9,3
8808038a43fffff,1,1
8808038a49fffff,3,1
8808038a4bfffff,5,2
8808038a55fffff,2,1
8808038a57fffff,12,3
8808038a8dfffff,7,2
8808038aabfffff,2,1
8808038abbfffff,5,2
8808038ac7fffff,7,3
8808038aebfffff,1,1
8808038b09fffff,9,2
8808038b31fffff,7,1
8808038b45fffff,1,1
8808038b4bfffff,4,1
8808038b55fffff,10,2
8808038b63fffff,2,1
8808038c11fffff,2,1
8808038c61fffff,1,1
8808038c85fffff,7,3
8808038c87fffff,1,1
8808038ca9fffff,2,1
8808038cabfffff,4,2
8808038cb5fffff,2,1
8808038cbbfffff,2,1
8808038cbdfffff,8,2
8808038ce3fffff,22,6
8808038d15fffff,6,1
8808038d1dfffff,2,1
8808038d41fffff,6,1
8808038d43fffff,1,1
8808038d5bfffff,2,1
8808038d65fffff,7,2
8808038d81fffff,3,1
8808038d85fffff,3,1
8808038dabfffff,4,1
8808038dc5fffff,2,1
8808038dcdfffff,2,1
8808038de1fffff,6,1
8808038de3fffff,4,1
8808038de9fffff,2,1
8808038e0bfffff,9,2
8808038e13fffff,11,1
8808038e15fffff,13,3
8808038e17fffff,5,1
8808038e1bfffff,30,3
8808038e1dfffff,5,2
8808038e43fffff,2,1
8808038e45fffff,2,1
8808038e59fffff,11,2
8808038e5bfffff,6,1
8808038e81fffff,67,7
8808038e83fffff,22,4
8808038e87fffff,12,4
8808038e89fffff,6,1
8808038e8bfffff,42,6
8808038e8dfffff,33,3
8808038e91fffff,18,4
8808038e93fffff,3,1
8808038e95fffff,13,3
8808038e9dfffff,19,3
8808038eb9fffff,8,2
8808038ebdfffff,6,1
8808038ec5fffff,6,2
8808038ec7fffff,12,3
8808038ec9fffff,4,1
8808038ecdfffff,5,1
8808038ed7fffff,10,2
8808038eebfffff,4,2
8808038f05fffff,3,1
8808038f09fffff,13,3
8808038f0bfffff,3,1
8808038f0dfffff,27,5
8808038f25fffff,4,2
8808038f27fffff,1,1
8808038f2dfffff,2,2
8808038f31fffff,1,1
8808038f41fffff,13,3
8808038f49fffff,5,1
8808038f61fffff,3,2
8808038f63fffff,12,2
8808038f67fffff,4,1
8808038f69fffff,4,1
8808038f6bfffff,3,1
8808038f6dfffff,5,2
880803910bfffff,14,2
8808039141fffff,46,4
8808039143fffff,29,4
8808039149fffff,11,3
880803914bfffff,11,2
8808039155fffff,21,3
880803915dfffff,3,1
880803920dfffff,2,1
880803921bfffff,1,1
8808039247fffff,3,1
8808039301fffff,7,1
8808039309fffff,13,2
880803930dfffff,17,4
8808039325fffff,16,3
8808039327fffff,18,3
8808039341fffff,6,1
8808039343fffff,2,2
8808039349fffff,3,2
880803934bfffff,4,1
8808039353fffff,1,1
8808039355fffff,8,1
8808039359fffff,11,4
880803935dfffff,2,1
8808039363fffff,24,5
8808039365fffff,29,4
8808039367fffff,31,5
880803936dfffff,3,1
8808039825fffff,16,3
8808039827fffff,4,1
880803982dfffff,6,1
8808039833fffff,2,1
880803984bfffff,1,1
880803984dfffff,1,1
8808039865fffff,1,1
8808039867fffff,7,2
880803986dfffff,4,1
8808039881fffff,6,2
8808039889fffff,2,1
880803988dfffff,2,1
88080398a1fffff,1,1
88080398a9fffff,2,1
88080398b9fffff,2,1
88080398bdfffff,4,1
88080398c1fffff,4,1
88080398cbfffff,2,1
88080398d5fffff,5,1
88080398d9fffff,20,3
88080398ddfffff,5,2
88080398e3fffff,6,1
88080398ebfffff,1,1
8808039905fffff,1,1
8808039911fffff,15,3
8808039913fffff,9,2
8808039917fffff,7,1
8808039919fffff,4,1
880803991bfffff,8,2
8808039921fffff,5,2
8808039923fffff,19,2
8808039929fffff,16,4
880803992bfffff,3,1
8808039941fffff,4,1
8808039943fffff,7,1
8808039945fffff,18,3
8808039947fffff,7,3
8808039949fffff,2,1
8808039953fffff,9,3
8808039957fffff,19,3
8808039959fffff,3,1
8808039961fffff,1,1
8808039963fffff,5,3
8808039965fffff,4,2
8808039969fffff,1,1
880803996bfffff,10,4
880803996dfffff,2,1
8808039985fffff,6,2
880803998dfffff,7,3
8808039999fffff,2,1
88080399a1fffff,567,7
88080399a3fffff,13,4
88080399a5fffff,73,1
88080399a7fffff,33,3
88080399a9fffff,432,6
88080399abfffff,297,4
88080399adfffff,231,5
88080399b7fffff,3,1
88080399c5fffff,10,3
88080399cdfffff,5,3
88080399d1fffff,3,1
88080399e7fffff,161,2
88080399e9fffff,21,4
88080399ebfffff,11,3
88080399edfffff,4,1
8808039a21fffff,20,5
8808039a27fffff,2,1
8808039a29fffff,4,1
8808039a31fffff,5,3
8808039a3dfffff,7,1
8808039a4dfffff,18,4
8808039a59fffff,9,1
8808039a5bfffff,14,3
8808039a61fffff,6,1
8808039a65fffff,4,1
8808039a69fffff,2,1
8808039a6dfffff,3,1
8808039a83fffff,8,2
8808039a8bfffff,17,2
8808039a95fffff,10,4
8808039a9bfffff,22,3
8808039a9dfffff,13,2
8808039ab3fffff,14,3
8808039ab9fffff,5,1
8808039abbfffff,5,1
8808039b11fffff,3,2
8808039b19fffff,1,1
8808039b25fffff,13,2
8808039b29fffff,2,1
8808039b2dfffff,2,1
8808039b41fffff,3,1
8808039b47fffff,5,1
8808039b49fffff,2,2
8808039b4bfffff,10,3
8808039b53fffff,2,1
8808039b5bfffff,20,3
8808039b5dfffff,2,1
8808039b61fffff,6,2
8808039b63fffff,5,2
8808039b65fffff,5,2
8808039b67fffff,15,3
8808039b69fffff,4,2
880803b929fffff,3,2
880803b92dfffff,3,1
880803b967fffff,2,1
880803b96dfffff,2,1
880803c089fffff,1,1
880803c46bfffff,7,2
880803c665fffff,12,1
880803c711fffff,1,1
880803c713fffff,6,2
880803c717fffff,2,1
880803c71bfffff,1,1
880803c71dfffff,25,6
880803c751fffff,26,4
880803c757fffff,15,3
880803c759fffff,28,4
880803c75bfffff,13,2
880803c923fffff,7,1
880803c929fffff,5,2
880803c92bfffff,3,1
880803c935fffff,2,2
880803c93dfffff,1,1
880803d125fffff,4,2
880803d129fffff,2,1
880803d12dfffff,4,1
880803d161fffff,4,1
880803d16dfffff,2,1
880803d325fffff,3,1
880803d327fffff,5,1
880803d413fffff,5,1
880803d469fffff,4,1
880803d4e5fffff,2,1
880803d591fffff,3,1
880803d625fffff,9,1
880803d62dfffff,19,4
880803d667fffff,1,1
880803d689fffff,7,2
880803d693fffff,5,2
880803d69bfffff,7,1
880803d6a9fffff,5,1
880803d6c1fffff,15,1
880803d6c3fffff,2,1
880803d6c7fffff,12,1
880803d6c9fffff,17,4
880803d6e3fffff,7,2
880803d6e9fffff,9,1
880803d6ebfffff,5,1
880803d70bfffff,1,1
880803d719fffff,1,1
880803d75bfffff,2,1
880803d925fffff,4,1
880803d965fffff,3,1
880803d96dfffff,4,2
880803da13fffff,3,1
880803dae7fffff,4,1
880803db25fffff,10,2
88080608b3fffff,1,1
88080608b7fffff,5,2
8808060901fffff,3,1
8808060909fffff,18,2
880806090dfffff,1,1
8808060911fffff,6,2
8808060913fffff,11,2
8808060917fffff,6,1
880806091bfffff,3,2
8808060921fffff,25,5
8808060923fffff,8,1
8808060927fffff,2,1
8808060929fffff,21,3
880806092bfffff,11,2
880806092dfffff,4,2
8808060933fffff,5,2
8808060935fffff,26,4
8808060937fffff,3,1
880806093bfffff,3,1
8808060941fffff,6,1
8808060945fffff,65,7
8808060947fffff,25,4
8808060949fffff,2,1
8808060953fffff,2,1
8808060961fffff,11,4
8808060963fffff,5,3
8808060967fffff,12,1
8808060969fffff,36,6
880806096dfffff,21,5
8808060981fffff,47,3
8808060983fffff,15,4
8808060985fffff,19,4
8808060987fffff,6,2
8808060989fffff,97,4
880806098bfffff,2,1
880806098dfffff,41,4
8808060995fffff,4,1
88080609a1fffff,8,1
88080609a3fffff,20,4
88080609a9fffff,4,2
88080609b1fffff,4,1
88080609b5fffff,10,2
88080609b9fffff,2,1
88080609bbfffff,2,2
88080609c1fffff,14,4
88080609c3fffff,22,5
88080609c5fffff,28,4
88080609c7fffff,87,4
88080609c9fffff,7,3
88080609cbfffff,15,4
88080609cdfffff,8,4
88080609e1fffff,9,1
88080609e3fffff,18,4
88080609e7fffff,1,1
88080609edfffff,17,4
8808060b23fffff,3,2
8808060b25fffff,11,3
8808060b27fffff,42,3
8808060b2dfffff,3,1
8808060c07fffff,10,1
8808060c11fffff,2,1
8808060c13fffff,1,1
8808060c15fffff,7,2
8808060c19fffff,8,3
8808060c1bfffff,6,2
8808060c39fffff,7,3
8808060c3bfffff,5,1
8808060c51fffff,6,3
8808060c53fffff,12,4
8808060c59fffff,5,2
8808060c5bfffff,4,1
8808060c5dfffff,2,1
8808060c8bfffff,14,3
8808060c91fffff,52,4
8808060c93fffff,30,2
8808060c9bfffff,9,2
8808060c9dfffff,15,3
8808060ca1fffff,1,1
8808060ca3fffff,4,3
8808060ca5fffff,4,1
8808060cabfffff,1,1
8808060cb1fffff,2,1
8808060cbdfffff,4,1
8808060cd1fffff,5,1
8808060cd5fffff,2,1
8808060cd7fffff,9,3
8808060cd9fffff,19,2
8808060cddfffff,8,2
8808060d17fffff,3,1
8808060d39fffff,6,3
8808060d89fffff,2,2
8808060d8bfffff,2,1
8808060d8dfffff,16,3
8808060d9bfffff,9,4
8808060d9dfffff,3,1
8808060dbbfffff,2,1
8808060dd7fffff,8,2
8808060de1fffff,3,1
8808060de3fffff,11,4
8808060de9fffff,3,2
8808060debfffff,22,4
8808060dedfffff,3,2
8808060ea1fffff,4,1
8808060ea5fffff,6,1
8808060eb3fffff,3,1
8808060eb7fffff,11,2
8808060ee5fffff,5,2
8808062023fffff,7,2
8808062027fffff,5,1
880806202bfffff,10,1
88080620b1fffff,6,3
88080620b3fffff,1,1
88080620b9fffff,2,1
88080620bbfffff,1,1
88080620e3fffff,1,1
8808062107fffff,2,1
8808062109fffff,14,3
880806210dfffff,25,4
8808062111fffff,2,1
8808062113fffff,25,4
8808062115fffff,16,5
8808062117fffff,89,6
880806211bfffff,26,3
8808062121fffff,3,1
8808062125fffff,8,1
8808062127fffff,3,1
880806213bfffff,1,1
8808062143fffff,2,1
8808062145fffff,16,2
8808062147fffff,2,1
8808062155fffff,1,1
880806215dfffff,7,3
8808062161fffff,6,2
8808062165fffff,2,1
8808062169fffff,29,5
880806216bfffff,8,4
880806216dfffff,1,1
8808062189fffff,4,2
8808062195fffff,9,3
8808062197fffff,12,3
88080621b9fffff,15,4
88080621bbfffff,4,1
88080621c5fffff,5,1
88080621c7fffff,3,1
88080621c9fffff,1,1
88080621cdfffff,12,2
88080621e3fffff,6,1
88080621e9fffff,16,2
88080621edfffff,5,1
8808062349fffff,2,1
880806235bfffff,4,1
880806240dfffff,2,1
8808062429fffff,3,1
8808062463fffff,3,3
8808062467fffff,4,1
880806246bfffff,2,1
88080624a3fffff,1,1
8808062507fffff,7,3
8808062515fffff,3,2
8808062517fffff,4,1
8808062521fffff,13,2
8808062523fffff,3,1
8808062529fffff,2,1
880806252bfffff,4,1
8808062539fffff,1,1
880806253dfffff,6,2
8808062565fffff,66,3
8808062567fffff,59,4
8808062593fffff,1,1
88080625a1fffff,3,2
88080625a5fffff,5,1
88080625a9fffff,1,1
88080625abfffff,3,1
88080625b3fffff,30,3
88080625e7fffff,2,1
8808062893fffff,5,1
8808062a23fffff,3,1
8808062a29fffff,1,1
8808062a31fffff,3,1
8808062a33fffff,1,1
8808062a3dfffff,8,2
8808062a57fffff,3,1
8808062a5bfffff,2,1
8808062a61fffff,4,1
8808062a63fffff,3,1
8808062a67fffff,2,1
8808062a69fffff,4,1
8808062a6dfffff,3,1
8808062a93fffff,5,1
8808062a97fffff,2,1
8808062c93fffff,12,3
8808062c95fffff,1,1
8808062c97fffff,23,4
8808062cb3fffff,3,2
8808062d45fffff,1,1
8808062d4dfffff,8,1
8808062d61fffff,2,1
8808062d69fffff,3,1
8808062d6bfffff,22,3
8808062e5bfffff,10,1
8808062ed9fffff,1,1
8808062edbfffff,9,3
8808062f03fffff,5,2
8808062f11fffff,1,1
8808062f19fffff,8,2
8808062f1dfffff,19,4
8808062f35fffff,4,1
8808062f39fffff,28,3
8808062f45fffff,10,2
8808062f51fffff,11,3
8808062f61fffff,24,7
8808062f63fffff,6,1
8808062f69fffff,2,2
8808062f6bfffff,10,2
8808062f6dfffff,2,2
880806382dfffff,2,1
8808063867fffff,17,1
8808063885fffff,7,3
8808063887fffff,15,4
8808063893fffff,6,2
8808063895fffff,2,1
8808063897fffff,9,2
88080638a3fffff,3,1
88080638abfffff,1,1
88080638bbfffff,6,3
88080638bdfffff,3,3
8808063929fffff,18,5
880806392bfffff,3,1
880806392dfffff,3,2
8808063939fffff,3,2
8808063943fffff,1,1
8808063945fffff,9,2
8808063947fffff,13,2
8808063949fffff,1,1
880806394bfffff,7,4
880806395bfffff,16,4
8808063961fffff,12,2
8808063967fffff,63,5
880806396bfffff,12,1
88080639e5fffff,10,1
8808063b35fffff,7,2
8808063b65fffff,15,5
8808063b67fffff,8,2
8808063b6dfffff,5,1
8808064007fffff,1,1
8808064021fffff,13,4
8808064023fffff,18,2
8808064025fffff,12,3
8808064027fffff,27,5
8808064035fffff,2,1
880806403dfffff,2,1
8808064053fffff,8,2
8808064059fffff,69,6
880806405dfffff,35,2
880806408bfffff,4,1
880806409bfffff,1,1
88080640c9fffff,4,1
88080640cbfffff,8,1
88080640d1fffff,29,2
88080640d3fffff,15,1
88080640d5fffff,65,4
88080640d7fffff,11,1
88080640d9fffff,27,5
88080640dbfffff,6,2
88080640ddfffff,17,4
8808064101fffff,29,4
8808064103fffff,21,4
8808064105fffff,13,3
8808064107fffff,11,4
880806411bfffff,4,2
8808064123fffff,13,2
8808064129fffff,2,1
880806412bfffff,13,5
880806412dfffff,7,2
8808064131fffff,3,1
8808064135fffff,7,3
880806413dfffff,12,3
8808064153fffff,1,1
880806415bfffff,1,1
8808064165fffff,45,6
8808064167fffff,4,3
8808064199fffff,2,1
880806419dfffff,5,2
88080641bbfffff,3,2
88080641c1fffff,11,3
88080641c3fffff,55,5
88080641c9fffff,15,4
88080641cbfffff,6,1
88080641cdfffff,63,5
88080641d5fffff,21,4
88080641d7fffff,2,1
8808064201fffff,26,4
8808064203fffff,37,6
8808064207fffff,12,2
8808064209fffff,23,4
880806420bfffff,39,6
880806420dfffff,147,6
8808064219fffff,5,1
880806421bfffff,7,1
8808064223fffff,5,2
8808064229fffff,8,1
880806422bfffff,5,1
8808064231fffff,18,2
8808064233fffff,171,6
8808064235fffff,24,2
8808064237fffff,150,6
8808064239fffff,9,3
880806423bfffff,3,1
880806423dfffff,9,5
8808064241fffff,9,2
8808064243fffff,7,3
8808064245fffff,51,4
8808064247fffff,11,3
8808064249fffff,25,4
880806424bfffff,36,6
880806424dfffff,19,3
8808064251fffff,124,5
8808064253fffff,8,2
8808064255fffff,80,5
8808064257fffff,168,3
8808064259fffff,61,4
880806425dfffff,164,7
8808064263fffff,22,4
880806426bfffff,61,6
880806428bfffff,1,1
8808064293fffff,13,2
8808064295fffff,20,4
8808064297fffff,22,5
8808064299fffff,22,6
880806429bfffff,75,5
88080642a1fffff,7,3
88080642a3fffff,3,1
88080642a5fffff,22,3
88080642a7fffff,41,5
88080642adfffff,16,3
88080642b5fffff,5,1
88080642b7fffff,2,1
88080642b9fffff,7,3
88080642bbfffff,21,3
88080642d3fffff,3,1
88080642d7fffff,15,5
88080642d9fffff,15,3
88080642dbfffff,41,5
88080642e5fffff,17,6
8808064407fffff,7,1
8808064421fffff,4,2
8808064423fffff,4,2
8808064427fffff,18,4
880806442bfffff,10,2
8808064433fffff,2,1
8808064501fffff,19,4
8808064503fffff,3,3
8808064505fffff,1,1
8808064507fffff,10,3
8808064509fffff,16,1
880806450bfffff,3,1
880806450dfffff,7,1
880806451bfffff,2,2
8808064541fffff,5,2
8808064547fffff,15,2
8808064581fffff,3,1
8808064583fffff,7,4
8808064587fffff,3,1
880806458bfffff,7,2
8808064595fffff,10,3
880806459dfffff,3,1
88080645a9fffff,2,1
88080645adfffff,2,1
88080645b3fffff,5,1
88080645b9fffff,9,3
88080645bbfffff,3,2
88080645c1fffff,1,1
88080645cdfffff,8,2
88080645ebfffff,1,1
8808064643fffff,3,1
8808064651fffff,4,1
8808064659fffff,2,1
880806465bfffff,5,2
880806465dfffff,10,3
8808064665fffff,1,1
8808064667fffff,6,2
88080646c7fffff,7,2
88080646c9fffff,10,3
88080646cbfffff,2,1
88080646d1fffff,8,2
88080646d5fffff,3,3
88080646d7fffff,1,1
88080646dbfffff,3,2
88080646ddfffff,1,1
8808064701fffff,19,4
8808064703fffff,6,1
8808064705fffff,12,4
8808064709fffff,28,5
880806470dfffff,6,1
8808064741fffff,153,7
8808064743fffff,7,2
8808064745fffff,2,1
8808064747fffff,6,2
8808064749fffff,483,7
880806474bfffff,329,4
880806474dfffff,181,6
8808064757fffff,5,1
8808064759fffff,14,3
880806475bfffff,2,2
8808064765fffff,19,3
880806476dfffff,22,4
8808064801fffff,4,1
8808064805fffff,11,5
880806480dfffff,12,3
8808064821fffff,19,3
8808064825fffff,3,1
8808064827fffff,8,2
8808064829fffff,64,7
880806482bfffff,64,4
8808064831fffff,19,3
8808064833fffff,8,2
8808064835fffff,24,5
8808064837fffff,6,2
8808064839fffff,17,2
880806483bfffff,11,3
880806483dfffff,60,5
8808064845fffff,23,5
8808064847fffff,8,2
880806484dfffff,16,2
8808064861fffff,519,8
8808064865fffff,253,8
8808064867fffff,5,2
8808064869fffff,68,4
880806486bfffff,4,2
880806486dfffff,154,6
88080648a1fffff,2,1
88080648a3fffff,1,1
88080648a9fffff,14,2
88080648abfffff,4,2
88080648b1fffff,3,1
88080648b3fffff,3,1
88080648b5fffff,15,3
88080648b7fffff,4,2
88080648bdfffff,8,2
88080648e1fffff,12,2
88080648e3fffff,3,1
88080648e5fffff,4,1
88080648e7fffff,8,2
88080648edfffff,6,2
8808064909fffff,13,3
880806490bfffff,9,4
880806490dfffff,2,1
8808064915fffff,1,1
8808064919fffff,6,1
880806491dfffff,6,1
880806492bfffff,2,1
8808064931fffff,5,1
8808064933fffff,2,1
8808064937fffff,3,1
880806493bfffff,2,1
8808064941fffff,29,5
8808064943fffff,6,2
8808064945fffff,18,3
8808064947fffff,29,4
880806494dfffff,7,2
8808064953fffff,6,2
8808064955fffff,20,4
8808064957fffff,6,1
8808064959fffff,6,1
8808064987fffff,7,1
8808064989fffff,9,3
880806498bfffff,5,3
8808064997fffff,7,1
88080649a7fffff,6,1
88080649c1fffff,10,3
88080649c3fffff,25,2
88080649c7fffff,18,3
88080649c9fffff,1,1
88080649cbfffff,1,1
88080649cdfffff,4,3
88080649d5fffff,4,2
88080649d7fffff,8,3
88080649d9fffff,6,2
88080649dbfffff,6,2
88080649e1fffff,24,4
88080649e3fffff,6,1
88080649e5fffff,7,1
88080649e7fffff,30,4
88080649e9fffff,2,1
8808064a43fffff,17,2
8808064a47fffff,4,2
8808064a51fffff,48,3
8808064a55fffff,5,1
8808064a59fffff,88,6
8808064a5bfffff,9,3
8808064a5dfffff,1,1
8808064b01fffff,11,3
8808064b03fffff,2,1
8808064b05fffff,19,5
8808064b07fffff,25,5
8808064b11fffff,50,2
8808064b13fffff,56,7
8808064b15fffff,25,4
8808064b17fffff,86,6
8808064b19fffff,6,2
8808064b1bfffff,21,4
8808064b21fffff,17,5
8808064b23fffff,3,1
8808064b25fffff,18,4
8808064b27fffff,33,4
8808064b29fffff,158,6
8808064b2bfffff,7,2
8808064b2dfffff,25,7
8808064b31fffff,14,5
8808064b33fffff,291,5
8808064b35fffff,18,3
8808064b37fffff,4,1
8808064b39fffff,31,4
8808064b3bfffff,20,4
8808064b3dfffff,11,4
8808064b53fffff,16,4
8808064c43fffff,6,2
8808064c5dfffff,7,2
8808064cbbfffff,5,2
8808064ccbfffff,28,3
8808064cd1fffff,1,1
8808064cd5fffff,1,1
8808064cd9fffff,27,5
8808064cdbfffff,2,1
8808064cddfffff,5,3
8808064d21fffff,6,2
8808064d25fffff,9,3
8808064d27fffff,4,1
8808064d2dfffff,8,1
8808064d83fffff,4,1
8808064e05fffff,4,1
8808064e13fffff,2,1
8808064e15fffff,1,1
8808064e33fffff,1,1
8808064e35fffff,8,3
8808064e3dfffff,2,1
8808064e47fffff,10,3
8808064e63fffff,3,1
8808064e69fffff,8,3
8808064e6bfffff,12,6
8808064e81fffff,15,5
8808064e85fffff,1,1
8808064e87fffff,7,2
8808064e8bfffff,43,6
8808064e8dfffff,2,1
8808064e93fffff,5,1
8808064e99fffff,8,3
8808064e9bfffff,19,3
8808064ea1fffff,9,2
8808064ea3fffff,28,4
8808064ea9fffff,17,4
8808064eabfffff,10,3
8808064eb1fffff,11,2
8808064eb5fffff,34,5
8808064eb7fffff,96,7
8808064ebdfffff,6,2
8808064ec1fffff,5,1
8808064ec3fffff,5,1
8808064ec7fffff,1,1
8808064ed5fffff,115,4
8808064ed7fffff,64,5
8808064edbfffff,2,1
8808064eddfffff,3,1
8808064ee5fffff,4,1
8808064ee7fffff,5,1
8808065015fffff,5,1
8808065017fffff,4,1
880806501dfffff,8,2
8808065085fffff,7,1
880806509bfffff,5,2
88080650a1fffff,27,4
88080650a3fffff,10,3
88080650a5fffff,12,2
88080650a7fffff,21,5
88080650a9fffff,29,5
88080650abfffff,12,3
88080650adfffff,45,5
88080650b1fffff,30,7
88080650b3fffff,30,6
88080650b5fffff,1,1
88080650b7fffff,8,2
88080650b9fffff,10,1
88080650bdfffff,20,4
88080650e1fffff,43,3
88080650e3fffff,159,5
88080650e7fffff,58,3
88080650e9fffff,25,3
88080650ebfffff,105,3
88080650edfffff,4,1
8808065101fffff,13,2
8808065103fffff,11,3
8808065105fffff,53,4
8808065111fffff,6,2
8808065113fffff,9,5
8808065115fffff,17,4
8808065117fffff,11,2
8808065129fffff,7,1
8808065161fffff,12,1
8808065163fffff,33,4
880806516bfffff,1,1
880806516dfffff,35,2
8808065183fffff,256,6
8808065185fffff,58,2
8808065187fffff,483,5
880806518bfffff,12,2
880806518dfffff,1,1
8808065191fffff,4,1
8808065193fffff,37,6
8808065195fffff,27,4
8808065197fffff,32,2
8808065199fffff,6,2
880806519bfffff,17,4
880806519dfffff,27,5
88080651a9fffff,56,3
88080651abfffff,709,8
88080651b9fffff,523,6
88080651bdfffff,210,3
88080651c1fffff,3,1
88080651c5fffff,2,1
88080651d3fffff,13,3
88080651d7fffff,20,3
88080651e1fffff,3,2
88080651e9fffff,4,2
8808065369fffff,1,1
8808065401fffff,15,4
8808065403fffff,79,6
8808065405fffff,9,4
8808065407fffff,16,4
8808065409fffff,2,1
880806540bfffff,25,2
8808065411fffff,5,2
8808065415fffff,17,2
8808065419fffff,16,3
880806541bfffff,5,2
880806541dfffff,2,1
8808065423fffff,4,1
8808065433fffff,7,1
8808065439fffff,6,2
880806543bfffff,30,5
880806543dfffff,2,1
8808065443fffff,2,1
8808065447fffff,10,1
8808065451fffff,11,3
8808065453fffff,3,2
8808065457fffff,3,2
880806545dfffff,2,1
8808065461fffff,4,2
8808065463fffff,8,2
880806546bfffff,15,2
880806548bfffff,2,1
8808065491fffff,15,1
8808065493fffff,46,5
8808065499fffff,37,5
880806549bfffff,28,4
88080654b7fffff,7,3
88080654c1fffff,15,6
88080654c3fffff,21,3
88080654c9fffff,8,4
88080654cbfffff,13,3
88080654cdfffff,5,2
88080654d3fffff,60,4
88080654d5fffff,27,5
88080654d7fffff,14,3
88080654ddfffff,23,4
88080654e9fffff,8,1
88080654edfffff,8,3
8808065501fffff,21,4
8808065503fffff,18,3
880806550bfffff,9,2
8808065513fffff,1,1
8808065521fffff,48,6
8808065523fffff,50,4
8808065525fffff,41,5
8808065527fffff,3,1
8808065529fffff,61,7
880806552bfffff,82,7
880806552dfffff,21,5
8808065531fffff,1,1
8808065533fffff,2,1
8808065535fffff,25,4
8808065537fffff,4,1
8808065539fffff,13,2
880806553bfffff,3,2
880806553dfffff,91,4
8808065547fffff,4,1
880806554dfffff,12,2
8808065557fffff,4,2
8808065565fffff,20,3
8808065567fffff,20,2
8808065581fffff,12,3
8808065585fffff,3,1
8808065587fffff,15,6
880806558dfffff,4,2
88080655a1fffff,97,5
88080655a3fffff,60,2
88080655a5fffff,10,3
88080655a7fffff,122,3
88080655a9fffff,176,5
88080655adfffff,8,1
88080655b1fffff,15,4
88080655b3fffff,6,2
88080655c5fffff,4,1
88080655cdfffff,11,3
88080655e5fffff,11,3
88080655e7fffff,9,3
88080655e9fffff,1,1
88080655ebfffff,9,3
88080655edfffff,22,4
88080656a5fffff,21,2
88080656a7fffff,6,2
88080656b5fffff,7,2
88080656b7fffff,4,1
8808065701fffff,6,1
8808065703fffff,23,5
8808065705fffff,4,1
8808065707fffff,5,1
880806570dfffff,18,5
8808065711fffff,4,2
8808065713fffff,3,1
8808065715fffff,3,2
8808065717fffff,9,1
8808065725fffff,14,3
8808065729fffff,1,1
880806572dfffff,15,4
8808065761fffff,6,3
8808065763fffff,23,6
8808065765fffff,4,2
8808065767fffff,31,6
8808065819fffff,4,3
880806581bfffff,23,4
8808065841fffff,3,1
8808065843fffff,1,1
8808065849fffff,2,1
880806584bfffff,4,1
8808065851fffff,5,2
8808065853fffff,14,4
8808065859fffff,21,5
880806585bfffff,5,2
880806585dfffff,17,4
88080658b3fffff,11,3
88080658b7fffff,16,3
88080658c1fffff,4,2
88080658c3fffff,19,3
88080658c7fffff,5,2
88080658cbfffff,6,1
88080658cdfffff,63,4
88080658d1fffff,2,1
88080658dbfffff,3,1
880806593bfffff,5,1
880806598dfffff,7,2
88080659c1fffff,6,2
88080659c3fffff,6,2
88080659cbfffff,21,3
88080659ddfffff,5,1
88080659e3fffff,8,3
88080659e5fffff,2,1
88080659e7fffff,8,3
88080659ebfffff,1,1
8808065a01fffff,3,1
8808065a03fffff,5,3
8808065a05fffff,2,1
8808065a15fffff,2,2
8808065a21fffff,1,1
8808065a27fffff,14,2
8808065a29fffff,3,2
8808065a31fffff,4,3
8808065a33fffff,7,3
8808065a39fffff,1,1
8808065a3bfffff,4,1
8808065a69fffff,1,1
8808065a6bfffff,8,2
8808065aa1fffff,14,4
8808065aadfffff,8,2
8808065ab1fffff,2,1
8808065ab9fffff,3,1
8808065abdfffff,6,2
8808065ae5fffff,97,7
8808065aedfffff,7,2
8808065b4dfffff,3,1
8808065b69fffff,3,2
8808066003fffff,10,4
8808066009fffff,2,1
8808066015fffff,1,1
8808066023fffff,10,2
8808066031fffff,7,2
8808066035fffff,3,1
880806603dfffff,20,3
88080661c1fffff,5,2
88080661c3fffff,12,1
88080661c9fffff,23,3
88080661cdfffff,5,2
8808066223fffff,4,1
880806623dfffff,1,1
8808066249fffff,1,1
880806624dfffff,11,2
8808066259fffff,6,2
880806625dfffff,12,2
8808066265fffff,9,2
8808066267fffff,3,1
8808066291fffff,7,1
8808066293fffff,3,2
8808066297fffff,6,1
8808066299fffff,1,1
88080662bbfffff,12,2
88080662d1fffff,2,1
88080662d9fffff,9,2
88080662dbfffff,8,2
8808066421fffff,5,1
8808066429fffff,9,3
880806642bfffff,15,3
880806643dfffff,5,1
8808066559fffff,10,1
880806655bfffff,19,4
8808066605fffff,3,1
8808066607fffff,4,1
8808066617fffff,2,1
8808066633fffff,4,1
8808066661fffff,5,1
8808066663fffff,2,1
8808066691fffff,2,1
8808066693fffff,4,1
8808066695fffff,4,1
88080666c3fffff,7,1
88080666e1fffff,2,1
88080666edfffff,4,2
8808066705fffff,3,2
8808066721fffff,19,4
8808066723fffff,8,1
8808066727fffff,13,3
8808066729fffff,40,6
880806672bfffff,12,4
880806672dfffff,11,2
8808066735fffff,4,2
8808066737fffff,7,1
880806673dfffff,2,1
8808066745fffff,7,2
8808066761fffff,18,5
8808066763fffff,6,2
8808066765fffff,34,5
8808066767fffff,30,3
8808066769fffff,60,5
880806676dfffff,19,3
8808066901fffff,2,1
8808066905fffff,3,3
8808066907fffff,5,3
880806690dfffff,2,1
8808066961fffff,10,3
8808066963fffff,4,1
880806696bfffff,5,3
88080669a3fffff,9,1
88080669b5fffff,3,2
88080669b7fffff,4,1
88080669bbfffff,3,1
88080669bdfffff,4,1
88080669e1fffff,1,1
8808066a2bfffff,3,1
8808066c51fffff,3,1
8808066cd5fffff,3,1
8808066e61fffff,7,1
8808066e6bfffff,5,1
880806705bfffff,4,1
8808067087fffff,8,1
8808067093fffff,67,3
8808067099fffff,10,2
880806709bfffff,161,5
88080670a9fffff,8,2
88080670b3fffff,11,2
88080670cbfffff,4,1
88080670d1fffff,5,1
88080670d5fffff,19,2
88080670d7fffff,65,4
88080670ddfffff,14,4
88080670e3fffff,8,2
88080670e7fffff,10,1
88080670ebfffff,3,1
8808067193fffff,4,1
8808067201fffff,3,2
8808067203fffff,4,3
8808067207fffff,1,1
880806721dfffff,2,1
8808067239fffff,5,1
880806723bfffff,5,2
880806724bfffff,1,1
8808067251fffff,2,2
8808067259fffff,6,1
880806725bfffff,8,4
880806725dfffff,10,2
8808067285fffff,6,1
8808067287fffff,9,2
88080672a1fffff,21,5
88080672a3fffff,11,2
88080672a7fffff,6,4
88080672a9fffff,1,1
88080672abfffff,4,1
88080672adfffff,3,2
88080672b1fffff,7,3
88080672b3fffff,9,2
88080672b9fffff,4,3
88080672bdfffff,1,1
88080672e1fffff,2,1
88080672e7fffff,6,1
88080672e9fffff,11,1
88080672ebfffff,13,3
8808067341fffff,4,2
8808067349fffff,23,4
880806734bfffff,17,2
8808067421fffff,22,3
8808067423fffff,16,3
8808067429fffff,16,4
880806742bfffff,14,3
880806742dfffff,4,2
8808067435fffff,1,1
8808067463fffff,4,1
8808067465fffff,2,1
8808067467fffff,5,1
880806746dfffff,11,3
8808067505fffff,76,4
8808067509fffff,157,4
880806750dfffff,40,5
8808067515fffff,2,1
880806752bfffff,6,1
8808067531fffff,3,1
880806753dfffff,5,1
8808067543fffff,7,2
8808067545fffff,300,6
8808067547fffff,141,7
880806754dfffff,69,3
8808067555fffff,6,1
8808067561fffff,17,4
8808067563fffff,257,7
8808067565fffff,5,3
8808067567fffff,2,1
8808067569fffff,9,2
880806756bfffff,62,3
880806756dfffff,2,1
8808067581fffff,3,1
8808067585fffff,7,1
880806758dfffff,7,2
88080675e3fffff,7,2
88080675e9fffff,10,2
88080675ebfffff,14,3
8808067619fffff,3,1
880806761dfffff,5,3
8808067641fffff,21,1
8808067647fffff,3,2
8808067649fffff,17,4
880806764bfffff,2,1
880806764dfffff,4,2
8808067651fffff,23,3
8808067653fffff,22,2
8808067657fffff,4,1
880806765dfffff,9,3
88080676ddfffff,5,2
8808067709fffff,2,1
880806770bfffff,7,1
880806772bfffff,1,1
8808067731fffff,4,1
8808067733fffff,12,4
880806773dfffff,9,3
8808067741fffff,14,4
8808067743fffff,8,4
8808067745fffff,2,1
8808067749fffff,4,1
880806774dfffff,9,2
8808067755fffff,1,1
8808067761fffff,20,3
8808067763fffff,8,2
8808067765fffff,4,1
8808067767fffff,13,2
8808067853fffff,10,1
8808067857fffff,5,2
880806790bfffff,3,1
8808067941fffff,4,1
8808067943fffff,6,2
8808067949fffff,1,1
880806794dfffff,1,1
8808067955fffff,4,2
8808067a29fffff,6,2
8808067a2dfffff,8,3
8808067a65fffff,4,3
8808067a67fffff,9,5
8808067a69fffff,8,2
8808067a6bfffff,1,1
8808067a6dfffff,15,2
8808067b4dfffff,7,1
880806c925fffff,2,1
880806cc07fffff,5,1
880806cc27fffff,2,1
880806cd19fffff,3,2
880806cd53fffff,5,1
880806d4a1fffff,8,2
880806d4a3fffff,12,3
880806d4abfffff,2,1
880806d729fffff,2,1
880806d763fffff,1,1
880806d767fffff,5,1
880806d925fffff,6,1
880806da41fffff,9,2
880806da45fffff,51,5
880806da47fffff,32,2
880806da4dfffff,13,3
880806da69fffff,12,1
880806da6bfffff,23,2
880806db45fffff,1,1
8808100b2bfffff,5,2
8808100b45fffff,5,1
8808101483fffff,2,1
8808101495fffff,10,3
88081014b3fffff,7,2
88081014b5fffff,2,1
88081014b9fffff,10,4
88081014bbfffff,7,2
8808101809fffff,5,1
8808101811fffff,8,1
8808101819fffff,2,1
8808101827fffff,4,2
880810182bfffff,6,2
880810183bfffff,4,1
8808101853fffff,1,1
8808101883fffff,3,1
88081018e1fffff,4,1
88081018e5fffff,3,1
8808101919fffff,2,1
8808101925fffff,8,2
8808101941fffff,5,1
8808101949fffff,6,2
880810195dfffff,6,1
8808101989fffff,3,1
88081019c1fffff,22,4
88081019c3fffff,7,4
88081019c5fffff,53,4
88081019c7fffff,40,5
88081019c9fffff,2,1
88081019cdfffff,17,5
88081019d1fffff,6,1
88081019d5fffff,2,2
88081019d9fffff,3,2
88081019dbfffff,1,1
88081019ddfffff,3,2
88081019e3fffff,10,2
88081019ebfffff,28,5
8808101a01fffff,4,2
8808101a19fffff,7,1
8808101a1bfffff,5,1
8808101a51fffff,9,2
8808101a57fffff,2,1
8808101a59fffff,1,1
8808101a63fffff,2,1
8808101a8dfffff,6,2
8808101a97fffff,2,1
8808101aadfffff,8,1
8808101ac3fffff,3,2
8808101ac7fffff,7,2
8808101ad5fffff,5,2
8808101ae1fffff,14,2
8808101ae3fffff,19,3
8808101ae7fffff,11,2
8808101ae9fffff,13,4
8808101b1dfffff,1,1
8808101b23fffff,2,1
8808101b27fffff,5,1
8808101b31fffff,1,1
880810504bfffff,7,1
8808105055fffff,1,1
880810511dfffff,2,1
8808105123fffff,1,1
8808105157fffff,4,1
8808105235fffff,4,1
880810560dfffff,4,2
8808105629fffff,6,3
8808105647fffff,3,1
8808105659fffff,2,2
880810565dfffff,7,2
8808105663fffff,34,7
8808105667fffff,1,1
88081056c9fffff,1,1
880810801bfffff,1,1
8808108021fffff,6,2
8808108025fffff,2,1
880810802bfffff,20,3
880810802dfffff,12,2
8808108039fffff,9,3
880810803dfffff,5,1
8808108081fffff,17,4
8808108083fffff,3,1
8808108085fffff,30,4
8808108087fffff,56,5
8808108089fffff,28,5
880810808dfffff,34,5
88081080a3fffff,69,7
88081080a7fffff,2,1
88081080a9fffff,10,2
88081080abfffff,63,6
88081080b5fffff,16,2
88081080bdfffff,39,6
88081080c1fffff,11,3
88081080c3fffff,28,5
88081080c5fffff,31,6
88081080c7fffff,27,3
88081080c9fffff,1,1
88081080cbfffff,29,3
88081080cdfffff,2,1
88081080d5fffff,18,3
88081080d9fffff,10,2
88081080ddfffff,13,3
88081080ebfffff,5,1
880810810dfffff,10,2
8808108151fffff,3,2
8808108153fffff,14,5
8808108155fffff,5,1
880810815dfffff,3,1
8808108161fffff,9,2
880810816bfffff,17,2
880810816dfffff,1,1
8808108193fffff,4,2
8808108197fffff,3,2
88081081b1fffff,4,1
88081081b3fffff,10,4
88081081b5fffff,2,1
88081081b7fffff,6,2
8808108295fffff,2,1
88081082a5fffff,1,1
88081082b1fffff,2,1
88081082b5fffff,3,2
88081082b7fffff,9,3
88081082b9fffff,5,2
88081082bbfffff,7,1
8808108453fffff,2,1
880810845bfffff,5,1
8808108601fffff,5,2
8808108605fffff,4,1
880810860dfffff,11,2
880810861dfffff,2,1
8808108641fffff,24,3
8808108645fffff,37,4
8808108647fffff,19,5
8808108649fffff,50,4
880810864dfffff,21,4
8808108661fffff,29,4
8808108663fffff,7,2
8808108665fffff,14,2
8808108669fffff,34,5
880810866bfffff,59,6
880810866dfffff,6,1
880810868dfffff,2,1
88081086a9fffff,7,2
88081086adfffff,9,4
88081086c1fffff,7,1
88081086e1fffff,3,1
88081086e3fffff,4,2
88081086e7fffff,4,2
88081086e9fffff,1,1
88081086ebfffff,2,1
8808108759fffff,4,2
880810875dfffff,2,1
8808108765fffff,6,1
8808108809fffff,3,2
880810880dfffff,2,1
8808108825fffff,2,2
8808108829fffff,2,1
8808108857fffff,2,1
8808108907fffff,2,1
8808108923fffff,10,3
8808108927fffff,9,3
880810892bfffff,3,1
8808108a59fffff,2,1
8808108a5bfffff,1,1
8808108a5dfffff,1,1
8808108a93fffff,16,3
8808108a95fffff,3,1
8808108a97fffff,8,2
8808108aa1fffff,10,2
8808108aa3fffff,2,1
8808108aabfffff,2,1
8808108ab1fffff,9,2
8808108ab3fffff,7,1
8808108ab5fffff,3,2
8808108ab7fffff,4,1
8808108abbfffff,7,1
8808108abdfffff,1,1
8808108e41fffff,120,8
8808108e43fffff,3,1
8808108e45fffff,23,6
8808108e47fffff,14,4
8808108e49fffff,189,8
8808108e4bfffff,42,6
8808108e4dfffff,96,5
8808108e61fffff,14,5
8808108e65fffff,43,5
8808108e67fffff,1,1
8808108e69fffff,16,3
8808108e6bfffff,20,3
8808108e6dfffff,3,1
8808108f09fffff,5,2
8808108f0bfffff,2,2
8808108f41fffff,2,1
8808108f43fffff,7,3
8808108f45fffff,6,2
8808108f47fffff,4,1
8808108f49fffff,7,2
8808108f4dfffff,5,3
8808108f55fffff,5,3
8808108f59fffff,11,5
8808108f5bfffff,3,1
8808108f5dfffff,23,6
8808108f6bfffff,4,2
8808108f6dfffff,4,2
8808109481fffff,12,3
8808109485fffff,2,1
8808109487fffff,17,2
880810948bfffff,10,2
88081094a3fffff,16,4
88081094a7fffff,3,1
88081094abfffff,4,2
88081094b5fffff,1,1
88081094c3fffff,3,2
88081094d1fffff,5,2
88081094d5fffff,15,4
88081094ddfffff,2,1
8808109593fffff,2,1
88081095b3fffff,12,3
8808109691fffff,4,2
8808109697fffff,7,3
8808109699fffff,11,3
88081096b3fffff,10,3
88081096d3fffff,8,2
88081098b3fffff,1,1
880810a049fffff,48,7
880810a04bfffff,5,1
880810a04dfffff,24,4
880810a221fffff,40,3
880810a223fffff,27,3
880810a225fffff,6,1
880810a227fffff,82,8
880810a229fffff,15,2
880810a22dfffff,48,5
880810a235fffff,13,2
880810a241fffff,1,1
880810a245fffff,4,2
880810a249fffff,19,4
880810a261fffff,1,1
880810a263fffff,5,1
880810a267fffff,8,2
880810a269fffff,4,1
880810a26bfffff,6,3
880810a2e7fffff,1,1
880810a311fffff,20,3
880810a313fffff,62,5
880810a315fffff,23,1
880810a317fffff,2,1
880810a31bfffff,42,5
880810a321fffff,5,2
880810a325fffff,11,2
880810a339fffff,6,1
880810a611fffff,1,1
880810a6cdfffff,1,1
880810a941fffff,3,1
880810a945fffff,6,3
880810a963fffff,2,1
880810a969fffff,18,4
880810a96dfffff,9,4
880810aa01fffff,1,1
880810aa41fffff,3,1
880810aa47fffff,2,1
880810ab0bfffff,1,1
880810ab39fffff,4,2
880810ab3dfffff,2,1
880810b013fffff,10,2
880810b0a3fffff,6,2
880810b0b5fffff,6,1
880810b0c5fffff,6,1
880810b0c9fffff,13,3
880810b0cdfffff,32,5
880810b283fffff,6,2
880810b28bfffff,5,1
880810b29dfffff,10,3
880810b2a3fffff,3,2
880810b2a7fffff,25,5
880810b2b5fffff,4,1
880810b899fffff,8,2
880810c013fffff,2,1
880810c051fffff,6,3
880810c055fffff,3,1
880810c05bfffff,9,1
880810c05dfffff,15,2
880810c0c1fffff,21,3
880810c0c5fffff,2,1
880810c0c7fffff,9,2
880810c0c9fffff,84,3
880810c0cbfffff,77,3
880810c0cdfffff,20,3
880810c0d9fffff,11,2
880810c0e7fffff,8,1
880810c0e9fffff,6,2
880810c0ebfffff,2,1
880810c0edfffff,8,3
880810c185fffff,1,1
880810c189fffff,5,1
880810c1a1fffff,11,2
880810c1abfffff,4,1
880810c1d5fffff,4,2
880810c1d9fffff,7,2
880810c211fffff,22,6
880810c213fffff,50,6
880810c215fffff,14,4
880810c217fffff,16,3
880810c21bfffff,18,4
880810c21dfffff,4,1
880810c231fffff,8,2
880810c235fffff,10,1
880810c237fffff,6,3
880810c239fffff,8,1
880810c23bfffff,6,2
880810c281fffff,14,2
880810c285fffff,3,1
880810c287fffff,102,5
880810c291fffff,23,2
880810c293fffff,177,2
880810c295fffff,13,2
880810c297fffff,201,3
880810c29dfffff,1,1
880810c2a1fffff,81,2
880810c2a3fffff,220,5
880810c2a7fffff,240,3
880810c2a9fffff,6,2
880810c2abfffff,19,3
880810c2adfffff,11,2
880810c2b1fffff,526,9
880810c2b3fffff,548,8
880810c2b5fffff,482,7
880810c2b7fffff,321,6
880810c2b9fffff,48,2
880810c2bbfffff,307,6
880810c2bdfffff,348,7
880810c2c5fffff,37,4
880810c2d1fffff,22,4
880810c2d3fffff,2,2
880810c2d7fffff,7,2
880810c2dbfffff,1,1
880810c2e9fffff,3,1
880810c2ebfffff,3,1
880810c31bfffff,3,1
880810c413fffff,14,3
880810c415fffff,2,1
880810c41bfffff,4,1
880810c46dfffff,2,1
880810c483fffff,2,2
880810c489fffff,4,1
880810c48bfffff,1,1
880810c491fffff,5,2
880810c499fffff,1,1
880810c4bbfffff,1,1
880810c4c1fffff,2,1
880810c4c3fffff,8,2
880810c4c7fffff,6,2
880810c4cdfffff,14,3
880810c4d1fffff,1,1
880810c4edfffff,8,2
880810c501fffff,6,3
880810c503fffff,2,1
880810c509fffff,2,1
880810c50dfffff,1,1
880810c515fffff,4,1
880810c517fffff,2,2
880810c529fffff,4,1
880810c539fffff,4,2
880810c53bfffff,8,2
880810c541fffff,4,1
880810c543fffff,16,4
880810c545fffff,3,1
880810c547fffff,6,2
880810c563fffff,3,1
880810c56bfffff,2,1
880810c593fffff,2,1
880810c597fffff,9,3
880810c5c3fffff,7,1
880810c5c7fffff,5,1
880810c5ddfffff,15,2
880810c5e1fffff,7,2
880810c5e7fffff,2,2
880810c5e9fffff,5,1
880810c605fffff,4,2
880810c613fffff,7,3
880810c615fffff,9,2
880810c617fffff,9,3
880810c621fffff,5,3
880810c623fffff,5,1
880810c629fffff,1,1
880810c62bfffff,2,1
880810c635fffff,2,1
880810c639fffff,2,1
880810c645fffff,1,1
880810c661fffff,6,2
880810c663fffff,1,1
880810c665fffff,19,3
880810c667fffff,1,1
880810c66bfffff,9,1
880810c66dfffff,1,1
880810c689fffff,1,1
880810c68dfffff,9,3
880810c695fffff,2,1
880810c69dfffff,6,2
880810c6a1fffff,6,3
880810c6a7fffff,6,2
880810c6b1fffff,13,3
880810c6b7fffff,2,1
880810c6b9fffff,1,1
880810c6c5fffff,57,4
880810c6c7fffff,15,3
880810c6c9fffff,10,1
880810c6cdfffff,125,5
880810c6ebfffff,14,3
880810c727fffff,4,2
880810c749fffff,12,1
880810c74bfffff,4,2
880810c74dfffff,49,1
880810c759fffff,2,1
880810c765fffff,1,1
880810c767fffff,11,1
880810c76dfffff,4,1
880810c81dfffff,1,1
880810c899fffff,4,1
880810c8b1fffff,1,1
880810c8d7fffff,1,1
880810cc03fffff,2,1
880810cc1dfffff,1,1
880810cc39fffff,2,1
880810cc99fffff,8,2
880810cc9dfffff,12,2
880810ccd7fffff,3,2
880810ce0bfffff,2,1
880810ce81fffff,19,5
880810ce83fffff,1,1
880810ce8bfffff,1,1
880810ce8dfffff,1,1
880810ce91fffff,9,3
880810ce95fffff,5,3
880810ce99fffff,3,1
880810ceb3fffff,11,2
880810ceb7fffff,1,1
880810cebbfffff,3,1
880810cec9fffff,2,1
880810ced1fffff,1,1
880810ced3fffff,2,1
880810cedbfffff,1,1
880810cf0dfffff,1,1
880810cf45fffff,4,1
880810cf63fffff,2,1
880810cf65fffff,2,1
880810cf67fffff,9,2
880810cf69fffff,4,2
880810cf6bfffff,16,4
880810d5a1fffff,10,1
880810d5a9fffff,14,2
880810d5abfffff,22,2
880810d5adfffff,13,3
880810d5b5fffff,3,1
880810d5bdfffff,7,2
8808118469fffff,6,1
88081190adfffff,1,1
8808119109fffff,2,1
8808119193fffff,3,1
8808119197fffff,2,1
88081194a5fffff,1,1
88081194e1fffff,1,1
88081194e3fffff,14,4
88081194e5fffff,4,3
88081194e7fffff,3,1
88081194e9fffff,7,2
88081194edfffff,7,3
88081195dbfffff,3,1
88081196bdfffff,3,2
880811b00bfffff,3,1
880811b057fffff,5,1
880811b0c7fffff,4,1
880811b2a1fffff,2,1
880811b2cdfffff,1,1
880811b2e3fffff,1,1
880811d21dfffff,1,1
880811d645fffff,5,1
880811d667fffff,2,1
880811d66dfffff,2,1
880811d709fffff,1,1
880811d743fffff,3,2
880811d747fffff,4,2
880811d755fffff,2,1
8808140051fffff,1,1
8808140055fffff,1,1
8808140201fffff,25,4
8808140203fffff,16,5
8808140207fffff,4,1
880814020dfffff,28,7
8808140211fffff,27,3
8808140213fffff,2,2
8808140215fffff,19,4
8808140217fffff,2,1
880814021dfffff,3,2
8808140229fffff,4,1
880814022dfffff,6,2
8808140231fffff,1,1
8808140237fffff,4,2
8808140239fffff,2,1
8808140243fffff,2,1
8808140245fffff,24,5
8808140247fffff,2,1
8808140261fffff,12,2
8808140263fffff,3,2
8808140267fffff,1,1
8808140269fffff,29,5
880814026bfffff,26,5
880814026dfffff,26,2
8808140281fffff,3,2
8808140287fffff,7,1
88081402a3fffff,1,1
88081402abfffff,7,2
88081402b1fffff,19,6
88081402b5fffff,39,4
88081402b7fffff,1,1
88081402b9fffff,15,4
88081402bbfffff,9,2
88081402bdfffff,17,2
88081402c3fffff,1,1
88081402cdfffff,1,1
88081402d5fffff,4,2
88081402e1fffff,7,2
88081402edfffff,5,1
8808140353fffff,5,1
880814035bfffff,3,1
8808140407fffff,4,1
8808140419fffff,3,1
880814041bfffff,4,1
8808140421fffff,6,2
8808140423fffff,31,5
8808140425fffff,22,3
8808140427fffff,32,6
8808140429fffff,3,1
880814042bfffff,3,2
880814042dfffff,7,2
8808140435fffff,2,1
880814043dfffff,7,3
8808140449fffff,5,1
8808140453fffff,61,5
8808140455fffff,1,1
8808140457fffff,3,2
8808140469fffff,5,3
8808140505fffff,10,1
8808140519fffff,8,2
880814051bfffff,7,2
880814051dfffff,7,2
8808140521fffff,1,1
8808140529fffff,2,1
88081405a5fffff,4,2
88081405adfffff,4,1
88081405c5fffff,2,1
88081405c9fffff,16,4
8808140601fffff,4,2
880814060dfffff,9,3
8808140631fffff,1,1
880814066bfffff,7,2
8808140681fffff,3,2
8808140685fffff,17,3
8808140687fffff,1,1
880814068bfffff,3,1
880814068dfffff,2,1
8808140693fffff,7,1
8808140699fffff,2,1
880814069bfffff,3,1
880814069dfffff,10,4
88081406a5fffff,3,2
88081406a7fffff,2,2
88081406a9fffff,6,2
88081406adfffff,2,1
88081406e3fffff,11,2
88081406e5fffff,4,1
88081406e7fffff,12,4
8808140703fffff,9,4
8808140705fffff,5,3
8808140707fffff,3,1
8808140709fffff,6,1
880814070bfffff,4,1
880814070dfffff,4,1
8808140711fffff,4,1
8808140713fffff,5,1
8808140715fffff,10,3
8808140717fffff,1,1
880814071dfffff,3,1
8808140729fffff,10,3
880814072bfffff,1,1
8808140737fffff,8,3
8808140739fffff,1,1
880814073bfffff,4,2
8808140763fffff,4,2
8808140765fffff,8,2
8808140767fffff,8,2
8808140e87fffff,7,1
8808140e99fffff,2,1
8808141003fffff,7,3
8808141007fffff,7,1
8808141009fffff,13,2
880814100bfffff,7,2
8808141011fffff,24,4
8808141013fffff,11,2
8808141017fffff,59,5
8808141019fffff,20,2
880814101bfffff,150,6
8808141031fffff,3,1
8808141033fffff,3,1
8808141035fffff,8,2
8808141037fffff,1,1
8808141039fffff,8,2
880814103bfffff,6,1
880814103dfffff,9,3
8808141041fffff,7,3
8808141043fffff,5,1
8808141047fffff,7,1
8808141049fffff,7,1
880814104dfffff,2,1
8808141051fffff,2,1
8808141053fffff,2,1
880814105bfffff,2,1
880814106bfffff,1,1
88081410e5fffff,24,5
88081410e7fffff,1,1
88081410e9fffff,6,2
88081410edfffff,28,4
8808141101fffff,12,2
8808141103fffff,24,2
8808141107fffff,4,1
8808141109fffff,3,1
880814110bfffff,4,3
8808141111fffff,21,4
8808141113fffff,10,2
8808141115fffff,4,1
8808141117fffff,7,2
880814111bfffff,3,1
880814111dfffff,24,5
8808141121fffff,14,4
8808141125fffff,22,6
8808141129fffff,6,2
880814112bfffff,3,1
880814112dfffff,12,3
8808141131fffff,10,3
8808141133fffff,7,1
8808141139fffff,1,1
880814113bfffff,32,5
880814113dfffff,4,3
8808141163fffff,10,1
8808141165fffff,5,3
8808141167fffff,9,3
8808141181fffff,413,9
8808141183fffff,221,5
8808141187fffff,193,3
8808141189fffff,497,7
880814118bfffff,462,5
880814118dfffff,295,5
8808141191fffff,240,7
8808141193fffff,21,4
8808141195fffff,659,8
8808141197fffff,15,2
8808141199fffff,26,4
880814119dfffff,728,7
88081411bbfffff,9,1
88081411c1fffff,4,2
88081411c3fffff,35,5
88081411c7fffff,134,5
88081411c9fffff,6,1
88081411cdfffff,26,3
88081411d1fffff,82,5
88081411d3fffff,3,1
88081411d5fffff,239,7
88081411d7fffff,356,9
88081411d9fffff,33,2
88081411dbfffff,79,7
88081411ddfffff,6,1
88081411e1fffff,25,5
88081411e3fffff,12,3
88081411e9fffff,5,1
88081411ebfffff,41,5
88081411edfffff,3,2
8808141211fffff,51,7
8808141213fffff,1,1
8808141215fffff,37,5
8808141217fffff,2,1
8808141219fffff,11,4
880814121bfffff,7,2
880814121dfffff,15,3
8808141221fffff,1,1
8808141223fffff,2,2
8808141229fffff,4,1
8808141233fffff,10,2
880814123bfffff,24,5
880814123dfffff,4,2
8808141241fffff,7,2
8808141245fffff,3,1
8808141247fffff,3,1
880814124bfffff,2,1
880814124dfffff,11,3
8808141251fffff,18,5
8808141253fffff,19,5
8808141257fffff,14,3
880814125dfffff,17,3
8808141267fffff,2,1
8808141281fffff,4,1
8808141283fffff,6,1
8808141285fffff,13,4
8808141287fffff,11,2
88081412a1fffff,68,7
88081412a3fffff,12,3
88081412a5fffff,57,7
88081412a7fffff,8,2
88081412a9fffff,9,2
88081412abfffff,35,5
88081412adfffff,38,5
88081412c9fffff,1,1
88081412cdfffff,1,1
88081412e1fffff,3,1
88081412e3fffff,6,1
88081412e5fffff,14,5
88081412e7fffff,36,6
88081412e9fffff,3,1
88081412edfffff,33,5
8808141a0bfffff,1,1
8808141a19fffff,14,2
8808141a41fffff,7,3
8808141a43fffff,18,3
8808141a4dfffff,6,1
8808141a51fffff,36,7
8808141a53fffff,28,6
8808141a55fffff,12,3
8808141a57fffff,3,2
8808141a59fffff,3,1
8808141a5bfffff,75,4
8808141a5dfffff,2,1
8808142021fffff,2,1
8808142023fffff,5,1
8808142025fffff,12,4
8808142031fffff,4,1
8808142035fffff,3,2
8808142039fffff,19,2
880814203bfffff,10,3
880814203dfffff,9,3
8808142059fffff,3,1
8808142081fffff,6,1
8808142085fffff,8,1
8808142089fffff,6,2
880814208dfffff,27,4
88081420a9fffff,4,1
88081420d1fffff,5,2
88081420d5fffff,5,1
88081420d9fffff,14,2
88081420dbfffff,11,2
88081420e1fffff,38,5
88081420e3fffff,11,2
88081420e5fffff,5,1
88081420e7fffff,14,2
88081420e9fffff,6,1
88081420ebfffff,28,3
8808142103fffff,1,1
8808142107fffff,10,3
8808142117fffff,5,1
880814211dfffff,4,2
8808142157fffff,6,2
8808142181fffff,7,2
8808142185fffff,3,2
8808142189fffff,11,2
880814218bfffff,6,2
880814218dfffff,8,2
88081421a9fffff,13,3
88081421adfffff,13,3
88081421d1fffff,2,1
88081421d5fffff,5,1
88081421ddfffff,5,2
88081421e7fffff,7,1
8808142235fffff,7,1
8808142249fffff,3,1
880814224bfffff,2,1
8808142255fffff,5,1
8808142283fffff,14,2
880814228bfffff,21,2
8808142297fffff,4,1
880814229dfffff,1,1
88081422bbfffff,10,2
88081422c1fffff,5,1
88081422c3fffff,7,1
88081422c5fffff,6,1
88081422c7fffff,2,1
88081422d1fffff,4,1
88081422d5fffff,20,3
88081422dbfffff,3,1
88081422e5fffff,8,1
88081422e7fffff,5,1
8808142403fffff,40,3
8808142407fffff,9,2
8808142409fffff,4,1
880814240bfffff,7,1
8808142411fffff,14,2
8808142415fffff,7,2
8808142419fffff,5,1
880814241bfffff,7,2
880814241dfffff,9,1
8808142423fffff,4,1
8808142439fffff,5,1
880814243dfffff,25,5
8808142441fffff,3,1
8808142443fffff,3,1
8808142449fffff,5,1
880814244bfffff,4,1
880814244dfffff,9,2
8808142453fffff,2,1
8808142455fffff,6,1
880814245dfffff,5,2
88081424c1fffff,4,1
88081424c9fffff,1,1
8808142513fffff,20,2
88081425a1fffff,2,1
88081425a5fffff,19,2
88081425adfffff,13,3
88081425b1fffff,6,1
88081425b5fffff,14,3
88081425b7fffff,5,2
88081425c5fffff,16,4
88081425c7fffff,2,1
88081425c9fffff,2,1
88081425cdfffff,4,2
88081425e1fffff,26,4
88081425e5fffff,30,4
88081425e7fffff,14,4
88081425e9fffff,11,3
88081425ebfffff,19,3
8808142613fffff,19,1
8808142623fffff,2,1
880814262bfffff,4,1
8808142635fffff,6,1
8808142681fffff,2,1
8808142685fffff,3,1
88081426a5fffff,9,2
88081426a9fffff,5,1
88081426adfffff,1,1
88081426c9fffff,16,3
88081426cdfffff,20,4
88081426e1fffff,14,3
88081426e3fffff,1,1
88081426e9fffff,23,2
88081426edfffff,2,1
8808142701fffff,15,4
880814270bfffff,5,2
880814270dfffff,6,1
8808142711fffff,5,2
8808142713fffff,2,1
8808142717fffff,1,1
8808142719fffff,7,2
880814271bfffff,4,1
880814271dfffff,3,1
8808142729fffff,4,1
880814272dfffff,4,1
880814273dfffff,6,1
8808142767fffff,17,3
88081428cdfffff,7,1
8808142a83fffff,5,2
8808142a8bfffff,7,2
8808142a9dfffff,5,1
8808142ad1fffff,2,1
8808142ad3fffff,4,1
8808142ad7fffff,14,4
8808142adbfffff,4,1
8808142addfffff,1,1
8808142c03fffff,1,1
8808142c51fffff,5,2
8808142c53fffff,7,3
8808142c55fffff,7,2
8808142c57fffff,7,2
8808142c5bfffff,6,1
8808142e85fffff,11,1
8808142e8bfffff,3,1
8808142e95fffff,3,1
8808142ea9fffff,12,1
8808142eadfffff,15,2
8808142eb9fffff,4,1
8808142ec3fffff,11,1
8808142ed1fffff,17,2
8808142ed3fffff,25,4
8808142ed5fffff,23,4
8808142ed7fffff,7,2
8808142ed9fffff,12,3
8808142edbfffff,23,3
8808142eddfffff,6,1
8808143099fffff,1,1
880814309bfffff,15,3
88081430a3fffff,4,1
88081430a7fffff,4,2
88081430a9fffff,4,1
88081430abfffff,6,1
88081430b1fffff,7,3
88081430b3fffff,8,3
88081430b7fffff,4,1
88081430bdfffff,5,2
8808143191fffff,2,1
8808143199fffff,1,1
880814319bfffff,7,2
88081431bbfffff,1,1
8808143201fffff,5,1
8808143205fffff,2,2
880814320dfffff,281,6
880814321dfffff,3,2
8808143221fffff,2,1
8808143229fffff,9,1
8808143241fffff,2,1
8808143245fffff,16,3
880814324dfffff,1,1
8808143261fffff,84,4
8808143263fffff,154,7
8808143265fffff,18,1
8808143267fffff,311,7
8808143269fffff,7,2
880814326bfffff,71,7
8808143281fffff,3,1
8808143283fffff,11,3
8808143285fffff,1,1
8808143287fffff,2,1
8808143289fffff,7,1
880814328bfffff,11,1
8808143299fffff,3,1
880814329bfffff,1,1
880814329dfffff,9,2
88081432a9fffff,2,1
88081432c1fffff,13,4
88081432c5fffff,10,4
88081432c7fffff,2,1
88081432c9fffff,1,1
88081432cdfffff,9,2
88081432e1fffff,7,2
88081432e3fffff,7,2
88081432e7fffff,6,2
88081432ebfffff,17,3
8808143309fffff,9,4
8808143319fffff,1,1
8808143341fffff,4,2
8808143349fffff,14,3
8808143351fffff,5,3
8808143353fffff,8,3
8808143355fffff,4,1
8808143357fffff,12,2
880814335bfffff,111,5
8808143403fffff,5,2
8808143411fffff,8,2
8808143415fffff,22,4
8808143417fffff,2,1
8808143433fffff,2,1
8808143437fffff,10,1
8808143441fffff,19,2
8808143443fffff,6,3
8808143445fffff,76,4
8808143447fffff,6,2
8808143449fffff,31,6
880814344bfffff,11,1
880814344dfffff,26,3
8808143453fffff,2,1
8808143459fffff,35,3
880814345bfffff,14,3
880814345dfffff,7,2
8808143461fffff,10,2
8808143463fffff,6,1
8808143465fffff,7,2
8808143469fffff,25,4
880814346bfffff,22,6
880814346dfffff,9,1
88081434a9fffff,7,1
88081434adfffff,2,1
88081434c1fffff,3,1
88081434e9fffff,1,1
88081434edfffff,5,2
8808143515fffff,5,1
8808143517fffff,8,2
8808143531fffff,4,1
8808143533fffff,2,1
880814353bfffff,22,2
8808143541fffff,12,3
8808143543fffff,7,1
8808143545fffff,22,4
8808143547fffff,3,2
8808143549fffff,5,1
880814354bfffff,9,1
8808143559fffff,1,1
880814355dfffff,6,1
8808143561fffff,2,1
8808143565fffff,12,2
8808143569fffff,18,5
880814356dfffff,22,5
8808143581fffff,8,1
8808143585fffff,16,5
8808143589fffff,13,3
880814358dfffff,1,1
88081435c1fffff,17,2
88081435c3fffff,3,1
88081435c5fffff,3,1
88081435c9fffff,6,2
88081435cdfffff,1,1
88081435d1fffff,2,1
88081435d3fffff,3,2
88081435d5fffff,14,2
88081435ddfffff,6,2
88081435e3fffff,6,1
88081435e7fffff,11,3
88081435e9fffff,3,1
88081435edfffff,3,1
8808143611fffff,4,1
8808143613fffff,7,3
8808143615fffff,16,3
8808143617fffff,12,5
8808143621fffff,4,1
8808143623fffff,50,2
8808143625fffff,5,2
8808143627fffff,45,6
880814362dfffff,16,2
8808143631fffff,71,6
8808143633fffff,25,5
8808143635fffff,163,7
8808143637fffff,10,2
8808143639fffff,6,2
880814363bfffff,21,4
880814363dfffff,56,2
8808143681fffff,15,3
8808143683fffff,14,3
8808143687fffff,13,3
8808143691fffff,4,1
8808143695fffff,5,1
8808143697fffff,1,1
8808143699fffff,8,2
880814369bfffff,9,2
880814369dfffff,11,2
88081436a9fffff,8,2
88081436abfffff,7,1
88081436adfffff,12,5
88081436b1fffff,17,4
88081436b7fffff,6,1
88081436b9fffff,8,1
88081436bbfffff,24,4
88081436bdfffff,4,1
88081436c5fffff,17,4
88081436c7fffff,15,3
88081436e5fffff,7,2
88081436e9fffff,18,3
88081436ebfffff,4,1
8808143713fffff,14,2
8808143717fffff,44,5
880814371bfffff,4,1
8808143725fffff,4,1
8808143727fffff,7,2
8808143731fffff,2,1
8808143733fffff,29,5
8808143735fffff,7,1
8808143737fffff,25,3
880814373bfffff,23,6
8808143741fffff,24,4
8808143743fffff,5,1
8808143745fffff,3,1
8808143749fffff,3,1
880814374bfffff,14,4
8808143751fffff,12,4
8808143759fffff,17,5
880814375bfffff,14,3
880814375dfffff,6,3
880814376bfffff,7,1
8808143a83fffff,3,1
8808143a9dfffff,2,1
88081480cdfffff,4,2
88081480e7fffff,1,1
88081480e9fffff,3,1
8808148199fffff,2,1
88081481b3fffff,10,1
88081481d3fffff,2,1
88081481dbfffff,1,1
8808148285fffff,8,1
88081482a9fffff,2,1
88081482abfffff,2,1
88081482e3fffff,5,2
880814880bfffff,1,1
8808148837fffff,6,1
8808148851fffff,5,2
88081488a5fffff,4,2
88081488a7fffff,6,2
88081488c1fffff,4,1
88081488c5fffff,2,1
88081488c7fffff,3,1
88081488cbfffff,3,1
88081488e1fffff,24,4
88081488e5fffff,11,3
88081488e9fffff,10,2
88081488ebfffff,6,2
88081488edfffff,34,4
8808148981fffff,2,1
8808148989fffff,5,1
8808148995fffff,15,3
8808148997fffff,2,1
8808148999fffff,10,1
880814899bfffff,7,2
880814899dfffff,18,2
88081489b9fffff,2,1
88081489c3fffff,5,2
88081489d1fffff,6,2
88081489d7fffff,2,1
88081489ddfffff,1,1
8808148a09fffff,2,1
8808148a0bfffff,1,1
8808148a15fffff,5,1
8808148a3bfffff,2,1
8808148a97fffff,3,1
8808148ab3fffff,1,1
8808148ab5fffff,5,1
8808148ab7fffff,3,1
8808148abbfffff,3,1
8808148d25fffff,8,1
8808148d87fffff,1,1
8808148dbdfffff,1,1
8808148f45fffff,1,1
8808148f6dfffff,4,3
880814a085fffff,5,1
880814a087fffff,1,1
880814a08dfffff,7,3
880814a093fffff,20,4
880814a095fffff,9,3
880814a097fffff,1,1
880814a0a1fffff,5,2
880814a0a3fffff,3,2
880814a0a5fffff,15,3
880814a0a7fffff,1,1
880814a0a9fffff,18,5
880814a0abfffff,11,1
880814a0adfffff,8,3
880814a0b9fffff,8,3
880814a0bbfffff,1,1
880814a0bdfffff,1,1
880814a0e3fffff,4,1
880814a12bfffff,6,1
880814a191fffff,8,3
880814a195fffff,13,2
880814a199fffff,7,2
880814a1b1fffff,11,3
880814a1b5fffff,4,2
880814a1bbfffff,16,3
880814a441fffff,9,1
880814a445fffff,7,2
880814a449fffff,4,1
880814a44bfffff,4,1
880814a44dfffff,25,6
880814a459fffff,4,2
880814a45dfffff,1,1
880814a465fffff,17,3
880814a469fffff,17,4
880814a46dfffff,47,5
880814a541fffff,7,2
880814a543fffff,2,1
880814a545fffff,6,2
880814a547fffff,5,2
880814a549fffff,6,1
880814a54bfffff,3,1
880814a54dfffff,4,1
880814a559fffff,1,1
880814a55dfffff,4,2
880814a569fffff,3,2
880814a607fffff,4,2
880814a611fffff,27,4
880814a615fffff,13,5
880814a617fffff,1,1
880814a619fffff,1,1
880814a61bfffff,25,5
880814a623fffff,5,2
880814a625fffff,5,1
880814a627fffff,7,1
880814a633fffff,21,5
880814a635fffff,2,1
880814a637fffff,3,1
880814a639fffff,9,2
880814a63dfffff,6,3
880814a6c1fffff,101,5
880814a6c5fffff,19,3
880814a6c9fffff,63,6
880814a6cbfffff,132,4
880814a6cdfffff,46,5
880814a6e9fffff,15,2
880814a6edfffff,13,3
880814a701fffff,1,1
880814a703fffff,16,4
880814a709fffff,2,1
880814a711fffff,56,7
880814a713fffff,45,5
880814a715fffff,36,6
880814a717fffff,141,7
880814a71bfffff,18,3
880814a71dfffff,26,4
880814a731fffff,11,3
880814a733fffff,16,2
880814a739fffff,14,4
880814a73bfffff,18,2
880814a743fffff,1,1
880814a881fffff,10,1
880814a885fffff,8,2
880814a889fffff,29,6
880814a88dfffff,2,1
880814a8a1fffff,9,3
880814a8a9fffff,17,3
880814a8c3fffff,20,5
880814a8c5fffff,1,1
880814a8c7fffff,9,1
880814a8c9fffff,9,1
880814a8cbfffff,52,5
880814a8e3fffff,4,1
880814a8ebfffff,41,4
880814a9a7fffff,3,2
880814aa91fffff,3,1
880814aa95fffff,3,2
880814aa97fffff,9,2
880814aa9bfffff,1,1
880814aaa3fffff,3,2
880814aaabfffff,1,1
880814aab1fffff,12,1
880814aab5fffff,26,3
880814aab9fffff,14,4
880814aabbfffff,18,3
880814aabdfffff,39,5
880814ad25fffff,4,1
880814ada7fffff,1,1
880814adb7fffff,1,1
880814af41fffff,48,3
880814af45fffff,50,5
880814af49fffff,3,1
880814af4bfffff,15,3
880814af4dfffff,5,2
880814af69fffff,39,5
880814af6dfffff,2,1
880814b61bfffff,5,1
880814b6c5fffff,13,3
880814b6e3fffff,5,1
880814b6e7fffff,3,1
880814b6ebfffff,1,1
880814b821fffff,3,1
880814b827fffff,2,1
880814b8a3fffff,1,1
880814b919fffff,8,3
880814b91bfffff,14,4
880814b965fffff,3,1
880814b983fffff,2,1
880814b989fffff,1,1
880814b98bfffff,6,1
880814b999fffff,6,1
880814b9c1fffff,14,3
880814b9c3fffff,18,5
880814b9c9fffff,2,1
880814b9cdfffff,25,7
880814b9d5fffff,7,1
880814b9d7fffff,8,3
880814c4b7fffff,4,1
880814c581fffff,6,1
880814c583fffff,18,3
880814c587fffff,6,2
880814c58dfffff,3,1
880814c591fffff,14,3
880814c593fffff,9,2
880814c595fffff,26,4
880814c597fffff,2,1
880814c5adfffff,6,1
880814c5b9fffff,3,2
880814c5c1fffff,3,1
880814c8a7fffff,1,1
880814cea7fffff,10,3
880814ceabfffff,2,1
8808150001fffff,3,2
8808150005fffff,1,1
8808150009fffff,21,3
880815000bfffff,29,5
880815000dfffff,2,1
8808150019fffff,7,2
880815001bfffff,82,3
880815001dfffff,9,2
8808150025fffff,2,1
8808150057fffff,4,1
8808150065fffff,1,1
8808150067fffff,1,1
880815006bfffff,18,1
8808150095fffff,4,2
88081500b3fffff,5,2
88081500b7fffff,1,1
88081500bbfffff,11,2
88081500c1fffff,71,2
88081500c9fffff,734,9
88081500cbfffff,259,5
88081500cdfffff,28,1
88081500d9fffff,286,6
88081500ddfffff,208,6
8808150101fffff,11,2
8808150105fffff,46,4
8808150107fffff,20,2
8808150109fffff,18,2
8808150129fffff,7,3
8808150133fffff,42,1
8808150135fffff,14,3
8808150139fffff,2,1
880815013dfffff,7,2
8808150141fffff,2,1
8808150145fffff,6,2
880815014dfffff,1,1
8808150155fffff,5,2
8808150159fffff,9,3
880815015bfffff,66,4
8808150163fffff,12,3
8808150167fffff,2,1
880815020dfffff,2,1
8808150219fffff,4,2
880815021dfffff,5,3
8808150243fffff,7,1
880815024bfffff,3,1
880815024dfffff,4,1
8808150251fffff,24,3
8808150253fffff,8,3
8808150255fffff,9,2
8808150257fffff,7,3
880815025bfffff,5,1
880815025dfffff,3,1
8808150263fffff,4,1
8808150283fffff,182,4
8808150287fffff,59,3
880815028bfffff,312,5
8808150291fffff,48,3
8808150295fffff,245,4
8808150299fffff,478,6
880815029dfffff,926,7
88081502a3fffff,157,2
88081502a7fffff,111,4
88081502b3fffff,340,5
88081502b5fffff,238,4
88081502b7fffff,404,5
88081502b9fffff,374,5
88081502bdfffff,75,3
88081502c9fffff,40,4
88081502cbfffff,14,4
88081502cdfffff,9,1
88081502d1fffff,62,6
88081502d3fffff,81,4
88081502d5fffff,10,2
88081502d7fffff,294,6
88081502d9fffff,15,2
88081502dbfffff,2,1
88081502ddfffff,16,3
8808150337fffff,2,1
8808150341fffff,2,1
8808150343fffff,2,1
880815034bfffff,5,2
8808150401fffff,111,7
8808150403fffff,107,4
8808150405fffff,694,6
8808150407fffff,850,8
8808150409fffff,326,7
880815040bfffff,7,3
880815040dfffff,416,4
8808150415fffff,4,2
8808150417fffff,45,6
8808150419fffff,10,2
880815041dfffff,20,3
8808150421fffff,1688,8
8808150423fffff,1124,6
8808150425fffff,355,5
8808150427fffff,309,5
8808150429fffff,1848,8
880815042bfffff,712,7
880815042dfffff,490,4
8808150431fffff,681,8
8808150433fffff,17,2
8808150435fffff,1013,8
8808150437fffff,46,4
8808150439fffff,180,4
880815043bfffff,2,1
880815043dfffff,1017,8
8808150441fffff,56,4
8808150443fffff,9,2
8808150447fffff,21,3
8808150449fffff,12,1
880815044bfffff,38,5
880815044dfffff,12,2
8808150451fffff,15,3
8808150453fffff,4,2
8808150455fffff,39,5
8808150457fffff,13,2
8808150459fffff,16,2
880815045bfffff,9,2
880815045dfffff,82,3
8808150463fffff,269,3
8808150467fffff,230,3
880815046bfffff,139,4
88081504a3fffff,10,2
88081504a9fffff,6,2
88081504abfffff,1,1
88081504b3fffff,15,3
88081504b7fffff,17,2
88081504e1fffff,7,1
88081504e3fffff,17,4
88081504e9fffff,23,3
88081504ebfffff,1,1
88081504edfffff,5,1
8808150501fffff,25,3
8808150503fffff,117,6
8808150505fffff,33,5
8808150507fffff,44,4
8808150509fffff,60,5
880815050bfffff,11,2
880815050dfffff,163,7
8808150511fffff,282,7
8808150513fffff,28,4
8808150515fffff,7,2
8808150517fffff,44,5
8808150519fffff,32,3
880815051bfffff,13,4
880815051dfffff,3,1
8808150521fffff,28,4
8808150523fffff,13,3
8808150525fffff,5,1
8808150527fffff,42,4
8808150529fffff,81,6
880815052bfffff,9,2
880815052dfffff,27,3
8808150531fffff,60,7
8808150533fffff,71,6
8808150535fffff,10,3
8808150537fffff,12,2
8808150539fffff,112,5
880815053bfffff,289,5
880815053dfffff,31,5
8808150541fffff,242,6
8808150543fffff,278,6
8808150545fffff,146,2
8808150547fffff,709,8
8808150549fffff,67,6
880815054bfffff,47,4
880815054dfffff,12,3
8808150555fffff,58,1
880815055bfffff,91,2
8808150561fffff,18,2
8808150563fffff,25,5
8808150565fffff,10,4
8808150567fffff,14,3
8808150569fffff,2,1
880815056bfffff,107,5
880815056dfffff,13,2
8808150589fffff,1,1
8808150595fffff,1,1
8808150597fffff,2,1
88081505a1fffff,14,4
88081505a3fffff,22,4
88081505a5fffff,5,1
88081505a7fffff,42,4
88081505a9fffff,8,2
88081505abfffff,10,4
88081505adfffff,12,2
88081505b1fffff,18,2
88081505b5fffff,19,4
88081505b7fffff,4,3
88081505bbfffff,16,5
88081505bdfffff,17,2
88081505c1fffff,82,6
88081505c3fffff,30,4
88081505c5fffff,15,2
88081505c9fffff,286,7
88081505cbfffff,195,7
88081505cdfffff,9,2
88081505d5fffff,10,2
88081505d9fffff,4,1
88081505ddfffff,12,3
88081505e1fffff,1,1
88081505e3fffff,6,1
88081505e5fffff,7,2
88081505e7fffff,17,4
88081505e9fffff,86,4
88081505edfffff,13,3
8808150601fffff,3,1
8808150603fffff,32,5
8808150605fffff,8,2
8808150607fffff,14,4
8808150609fffff,37,5
880815060bfffff,11,4
880815060dfffff,28,3
8808150611fffff,24,4
8808150613fffff,137,8
8808150615fffff,28,6
8808150617fffff,30,5
8808150619fffff,30,3
880815061bfffff,402,6
880815061dfffff,10,3
8808150621fffff,6,1
8808150625fffff,3,1
8808150627fffff,60,4
8808150629fffff,3,1
8808150631fffff,20,4
8808150633fffff,10,3
8808150637fffff,134,6
8808150639fffff,12,2
880815063bfffff,8,3
880815063dfffff,14,2
8808150643fffff,5,1
8808150647fffff,1,1
8808150651fffff,35,6
8808150653fffff,25,4
8808150655fffff,39,5
8808150657fffff,14,2
8808150659fffff,13,3
880815065bfffff,10,2
880815065dfffff,5,2
8808150663fffff,24,2
8808150689fffff,5,1
880815068dfffff,2,1
88081506adfffff,21,3
88081506c1fffff,12,3
88081506c3fffff,47,6
88081506c5fffff,8,2
88081506c7fffff,23,6
88081506cbfffff,25,3
88081506cdfffff,248,4
88081506d1fffff,7,3
88081506d5fffff,12,2
88081506d9fffff,2,1
88081506dbfffff,10,2
88081506ddfffff,44,5
88081506e1fffff,36,3
88081506e3fffff,3,1
88081506e5fffff,19,3
88081506e7fffff,21,4
88081506e9fffff,116,6
88081506ebfffff,16,3
88081506edfffff,12,4
880815071bfffff,6,2
8808150721fffff,1,1
8808150723fffff,12,1
8808150729fffff,72,2
880815072dfffff,60,2
8808150735fffff,8,1
8808150765fffff,91,6
8808150767fffff,308,8
880815076dfffff,2,1
8808150909fffff,12,3
880815090bfffff,2,1
8808150911fffff,23,5
8808150913fffff,34,4
8808150919fffff,17,5
880815091dfffff,17,1
8808150931fffff,1,1
8808150935fffff,14,2
8808150937fffff,3,2
8808150941fffff,6,1
8808150943fffff,120,7
8808150947fffff,24,7
8808150949fffff,2,1
880815094bfffff,39,5
8808150953fffff,3,1
8808150955fffff,4,1
8808150957fffff,20,4
880815095dfffff,35,4
8808150981fffff,11,1
8808150983fffff,68,3
8808150985fffff,35,5
8808150987fffff,33,2
8808150989fffff,25,5
880815098bfffff,7,3
880815098dfffff,13,4
8808150995fffff,5,2
8808150999fffff,5,1
880815099dfffff,16,4
88081509a1fffff,5,1
88081509a3fffff,2,1
88081509a5fffff,24,4
88081509abfffff,6,1
88081509b9fffff,22,2
88081509bdfffff,13,3
88081509c5fffff,6,2
88081509c7fffff,6,3
88081509e3fffff,4,2
88081509e9fffff,21,3
88081509ebfffff,28,5
8808150ac3fffff,3,2
8808150acbfffff,5,2
8808150addfffff,4,1
8808150b23fffff,2,2
8808150b31fffff,1,1
8808150b35fffff,24,5
8808150b37fffff,10,2
8808150b3dfffff,4,1
8808150b4dfffff,2,1
8808150b59fffff,2,1
8808150c05fffff,15,3
8808150c09fffff,1,1
8808150c0dfffff,48,5
8808150c21fffff,9,2
8808150c29fffff,29,5
8808150c2bfffff,12,2
8808150c2dfffff,26,2
8808150c35fffff,6,3
8808150c47fffff,26,5
8808150c49fffff,56,4
8808150c4bfffff,1,1
8808150c61fffff,12,2
8808150c63fffff,19,2
8808150c65fffff,15,3
8808150c67fffff,15,3
8808150c6bfffff,17,3
8808150c6dfffff,14,2
8808150c93fffff,6,3
8808150cb7fffff,1,1
8808150d59fffff,6,1
8808150d5bfffff,8,2
8808150dc9fffff,1,1
8808150dcbfffff,2,1
8808150dd5fffff,9,3
8808150dd7fffff,3,1
8808150dddfffff,16,4
8808150e05fffff,8,1
8808150e09fffff,13,4
8808150e0bfffff,6,2
8808150e0dfffff,26,2
8808150e19fffff,23,2
8808150e1dfffff,4,2
8808150e21fffff,5,2
8808150e23fffff,65,2
8808150e29fffff,20,3
8808150e2bfffff,5,1
8808150e35fffff,11,2
8808150e37fffff,3,1
8808150e41fffff,6,1
8808150e43fffff,42,2
8808150e47fffff,8,2
8808150e4bfffff,1,1
8808150e53fffff,56,4
8808150e55fffff,15,4
8808150e57fffff,27,4
8808150e59fffff,39,5
8808150e5bfffff,15,3
8808150e5dfffff,21,4
8808150e63fffff,17,4
8808150e81fffff,4,1
8808150e89fffff,24,5
8808150e8bfffff,9,3
8808150e8dfffff,5,1
8808150e91fffff,34,5
8808150e93fffff,17,5
8808150e95fffff,1,1
8808150e97fffff,1,1
8808150e99fffff,15,3
8808150e9bfffff,14,3
8808150e9dfffff,10,2
8808150ec1fffff,14,4
8808150ec3fffff,16,4
8808150ec7fffff,30,3
8808150ec9fffff,27,6
8808150ecbfffff,10,3
8808150ed1fffff,6,2
8808150ed3fffff,15,2
8808150ed5fffff,7,1
8808150ed7fffff,10,2
8808150ed9fffff,15,3
8808150edbfffff,17,1
8808150eddfffff,17,3
8808151001fffff,48,4
8808151003fffff,3,2
8808151005fffff,308,7
8808151007fffff,12,2
880815100bfffff,15,2
880815100dfffff,1,1
8808151011fffff,36,7
8808151013fffff,19,4
8808151017fffff,19,2
880815101dfffff,20,4
8808151021fffff,5,2
8808151023fffff,25,5
8808151025fffff,6,2
8808151027fffff,11,2
8808151029fffff,11,3
880815102bfffff,13,3
880815102dfffff,6,2
8808151039fffff,22,2
880815103bfffff,4,1
880815103dfffff,18,1
8808151041fffff,58,6
8808151043fffff,27,3
8808151045fffff,10,2
8808151047fffff,24,2
880815104bfffff,18,3
880815104dfffff,29,4
8808151051fffff,2,1
8808151059fffff,32,6
880815105dfffff,9,1
8808151061fffff,16,1
8808151063fffff,41,4
8808151065fffff,9,1
8808151067fffff,31,3
8808151069fffff,4,1
880815106bfffff,26,5
880815106dfffff,7,2
8808151081fffff,19,3
8808151083fffff,3,1
8808151087fffff,10,1
8808151089fffff,3,1
880815108bfffff,13,4
8808151091fffff,17,4
8808151093fffff,4,1
8808151095fffff,3,2
8808151097fffff,12,3
8808151099fffff,10,2
880815109dfffff,13,1
88081510a3fffff,3,1
88081510a7fffff,5,1
88081510b9fffff,8,2
88081510bdfffff,9,3
88081510c1fffff,2,1
88081510c5fffff,20,3
88081510c7fffff,29,2
88081510c9fffff,3,1
88081510cbfffff,65,4
88081510d1fffff,23,3
88081510d5fffff,28,4
88081510d7fffff,9,3
88081510d9fffff,129,5
88081510dbfffff,120,2
88081510ddfffff,53,6
88081510e1fffff,16,5
88081510e5fffff,5,1
88081510e9fffff,10,2
88081510ebfffff,30,3
88081510edfffff,19,6
8808151109fffff,22,3
880815110bfffff,50,3
880815110dfffff,9,1
8808151119fffff,2,1
880815111dfffff,29,3
8808151143fffff,29,3
8808151145fffff,431,5
8808151147fffff,35,2
8808151149fffff,18,2
880815114bfffff,27,3
880815114dfffff,55,3
8808151151fffff,27,5
8808151153fffff,30,7
8808151155fffff,1,1
8808151157fffff,18,2
8808151159fffff,66,3
880815115bfffff,3,1
880815115dfffff,36,3
8808151161fffff,383,6
8808151165fffff,7,1
8808151169fffff,805,7
880815116bfffff,329,5
880815116dfffff,219,7
8808151185fffff,2,1
88081511a3fffff,4,2
88081511b3fffff,2,1
88081511c1fffff,5,2
88081511c9fffff,2,1
88081511d9fffff,2,2
88081511e1fffff,3,1
88081511ebfffff,18,4
8808151201fffff,910,4
8808151203fffff,1625,6
8808151205fffff,1241,6
8808151207fffff,1288,7
8808151209fffff,1862,8
880815120bfffff,511,5
880815120dfffff,1546,7
8808151211fffff,465,5
8808151213fffff,192,4
8808151215fffff,1369,7
8808151217fffff,366,6
8808151219fffff,392,5
880815121bfffff,1206,6
880815121dfffff,285,5
8808151221fffff,186,1
8808151223fffff,427,4
8808151225fffff,10,1
8808151227fffff,7,2
8808151229fffff,1021,5
880815122bfffff,1232,6
880815122dfffff,91,2
8808151233fffff,13,3
8808151235fffff,1,1
8808151237fffff,20,3
8808151239fffff,1404,7
880815123bfffff,181,3
880815123dfffff,1571,6
8808151241fffff,863,6
8808151243fffff,937,5
8808151245fffff,1900,7
8808151247fffff,1400,7
880815124dfffff,876,7
8808151251fffff,1455,7
8808151253fffff,1260,7
8808151255fffff,2439,8
8808151257fffff,1105,5
8808151259fffff,819,5
880815125bfffff,2329,9
880815125dfffff,662,5
8808151261fffff,458,6
8808151263fffff,1110,8
8808151265fffff,168,4
8808151267fffff,443,4
8808151269fffff,2168,7
880815126bfffff,1154,7
880815126dfffff,15,3
8808151283fffff,36,4
8808151287fffff,85,6
8808151289fffff,2040,8
880815128bfffff,840,7
880815128dfffff,392,3
8808151291fffff,121,4
8808151293fffff,1827,8
8808151295fffff,38,3
8808151297fffff,831,7
8808151299fffff,2244,8
880815129bfffff,2087,7
880815129dfffff,697,7
88081512b3fffff,187,4
88081512b5fffff,2,1
88081512b7fffff,65,6
88081512b9fffff,28,1
88081512bbfffff,12,1
88081512c1fffff,1277,8
88081512c3fffff,1579,7
88081512c5fffff,296,5
88081512c7fffff,2083,8
88081512c9fffff,278,4
88081512cbfffff,1053,7
88081512cdfffff,1049,6
88081512d1fffff,2182,8
88081512d3fffff,2048,7
88081512d5fffff,1905,9
88081512d7fffff,1540,7
88081512d9fffff,1290,7
88081512dbfffff,2057,8
88081512ddfffff,1323,7
88081512e1fffff,62,8
88081512e3fffff,13,3
88081512e5fffff,19,3
88081512e7fffff,17,4
88081512e9fffff,19,3
88081512ebfffff,447,5
88081512edfffff,61,8
8808151301fffff,10,1
8808151307fffff,44,4
880815130bfffff,1,1
8808151311fffff,1,1
8808151313fffff,13,2
8808151317fffff,31,3
8808151319fffff,39,2
880815131bfffff,14,3
8808151321fffff,334,4
8808151323fffff,311,7
8808151325fffff,8,1
8808151327fffff,580,5
880815132bfffff,35,2
8808151331fffff,2,1
8808151333fffff,5,1
8808151335fffff,4,1
8808151337fffff,73,7
880815133bfffff,5,2
880815133dfffff,85,2
8808151341fffff,77,3
8808151343fffff,42,4
8808151345fffff,17,4
8808151349fffff,15,2
880815134dfffff,37,3
8808151353fffff,3,1
8808151359fffff,277,6
880815135bfffff,107,4
880815135dfffff,27,3
8808151369fffff,5,2
8808151425fffff,84,3
8808151465fffff,857,8
880815146dfffff,38,1
8808151501fffff,7,2
8808151509fffff,5,1
880815150bfffff,12,4
880815150dfffff,21,5
8808151511fffff,240,8
8808151513fffff,20,2
8808151515fffff,85,4
8808151517fffff,30,4
8808151519fffff,909,6
880815151bfffff,56,2
880815151dfffff,382,5
8808151523fffff,57,3
8808151527fffff,15,1
8808151529fffff,6,2
880815152bfffff,3,1
880815152dfffff,5,1
8808151531fffff,20,4
8808151533fffff,152,6
8808151535fffff,7,1
8808151537fffff,41,2
8808151539fffff,35,2
880815153bfffff,63,4
880815153dfffff,66,6
8808151543fffff,10,2
8808151547fffff,10,1
8808151551fffff,812,8
8808151553fffff,511,7
8808151555fffff,15,3
8808151557fffff,728,8
8808151559fffff,902,8
880815155bfffff,141,4
880815155dfffff,223,4
8808151563fffff,27,2
8808151565fffff,9,2
8808151567fffff,42,5
88081515e5fffff,26,4
88081515e9fffff,2,1
88081515edfffff,106,5
880815164dfffff,3,1
8808151669fffff,234,2
880815166dfffff,7,1
8808151701fffff,1071,6
8808151703fffff,259,4
8808151705fffff,437,7
8808151707fffff,611,5
8808151709fffff,1588,8
880815170bfffff,251,2
880815170dfffff,682,5
8808151721fffff,302,7
8808151723fffff,36,2
8808151725fffff,128,3
8808151727fffff,51,2
8808151729fffff,1076,6
880815172bfffff,976,5
880815172dfffff,77,2
8808151731fffff,166,6
8808151733fffff,1243,7
8808151735fffff,10,2
8808151737fffff,117,3
8808151739fffff,116,3
880815173bfffff,10,3
880815173dfffff,16,3
8808151741fffff,1202,7
8808151743fffff,1573,7
8808151745fffff,1671,8
8808151747fffff,1205,7
8808151749fffff,7,1
880815174bfffff,545,4
880815174dfffff,1702,6
8808151751fffff,308,3
8808151755fffff,865,5
8808151759fffff,182,3
880815175dfffff,1520,7
8808151761fffff,31,3
8808151763fffff,1202,7
8808151765fffff,12,2
8808151767fffff,216,4
8808151769fffff,231,3
880815176bfffff,295,3
880815176dfffff,425,7
8808151811fffff,50,2
8808151815fffff,7,2
8808151817fffff,48,2
880815183bfffff,7,2
8808151893fffff,2,1
88081518c1fffff,2,1
88081518c5fffff,6,1
88081519a9fffff,2,1
88081519abfffff,6,1
88081519b3fffff,1,1
8808151a01fffff,7,1
8808151a05fffff,10,3
8808151a07fffff,6,3
8808151a0dfffff,7,2
8808151a61fffff,98,4
8808151a63fffff,24,3
8808151a69fffff,46,1
8808151a6bfffff,12,2
8808151a6dfffff,20,4
8808152003fffff,6,1
880815200bfffff,4,1
880815201dfffff,8,2
8808152051fffff,10,3
8808152057fffff,8,2
8808152059fffff,2,1
880815205bfffff,5,1
8808152201fffff,2,1
8808152205fffff,4,2
8808152211fffff,3,1
8808152213fffff,83,2
8808152215fffff,1,1
8808152217fffff,6,1
880815221bfffff,22,4
8808152221fffff,11,2
8808152231fffff,6,1
8808152235fffff,8,3
8808152237fffff,11,3
880815223bfffff,12,5
880815223dfffff,7,2
8808152243fffff,1,1
880815224bfffff,4,1
8808152253fffff,8,3
8808152259fffff,5,2
880815225bfffff,5,1
880815225dfffff,2,1
88081522adfffff,6,2
88081522c5fffff,29,2
88081522cdfffff,18,4
88081522e1fffff,10,4
88081522e3fffff,2,1
88081522e5fffff,7,2
88081522e7fffff,2,1
88081522e9fffff,16,4
88081522ebfffff,12,3
88081522edfffff,1,1
8808152401fffff,4,1
8808152403fffff,4,1
8808152407fffff,21,4
8808152409fffff,15,3
880815240bfffff,6,2
880815240dfffff,9,3
8808152411fffff,2,1
8808152413fffff,9,1
8808152419fffff,9,3
880815241bfffff,15,4
880815241dfffff,14,4
8808152423fffff,3,2
8808152435fffff,6,3
8808152437fffff,9,2
8808152439fffff,7,2
880815243bfffff,2,1
880815243dfffff,18,3
8808152443fffff,10,3
8808152445fffff,3,2
8808152447fffff,5,3
8808152451fffff,22,2
8808152453fffff,3,1
8808152455fffff,10,1
8808152457fffff,4,1
8808152459fffff,66,4
880815245dfffff,7,2
8808152461fffff,3,2
8808152465fffff,6,2
880815246bfffff,5,1
8808152483fffff,6,1
8808152491fffff,26,5
8808152493fffff,9,2
8808152495fffff,17,3
8808152497fffff,8,2
8808152499fffff,25,5
880815249bfffff,5,2
880815249dfffff,14,2
88081524b3fffff,50,2
88081524bbfffff,1,1
88081524cbfffff,17,3
88081524d3fffff,36,4
88081524d9fffff,12,3
88081524dbfffff,15,3
88081524e5fffff,6,2
88081524ebfffff,7,1
8808152559fffff,3,1
88081525c9fffff,1,1
88081525d9fffff,28,5
88081525dbfffff,2,1
88081525ddfffff,6,2
8808152601fffff,22,3
8808152603fffff,26,3
8808152605fffff,18,3
8808152607fffff,12,2
8808152609fffff,19,5
880815260bfffff,24,4
880815260dfffff,2,1
8808152611fffff,2,1
8808152613fffff,18,5
8808152615fffff,16,4
8808152619fffff,40,3
880815261bfffff,10,2
880815261dfffff,20,4
8808152625fffff,6,1
8808152629fffff,2,1
880815262bfffff,3,1
8808152631fffff,3,2
8808152633fffff,9,2
8808152635fffff,6,1
8808152637fffff,29,4
880815263bfffff,5,1
880815263dfffff,2,1
8808152641fffff,16,3
8808152643fffff,4,2
8808152645fffff,21,4
8808152647fffff,5,1
8808152649fffff,90,8
880815264bfffff,11,1
880815264dfffff,15,3
8808152651fffff,27,3
8808152653fffff,36,5
8808152655fffff,7,3
8808152657fffff,12,4
8808152659fffff,5,2
880815265bfffff,22,3
880815265dfffff,16,4
8808152661fffff,15,3
8808152663fffff,27,2
8808152667fffff,5,1
8808152669fffff,3,1
880815266bfffff,8,2
880815266dfffff,10,2
8808152681fffff,13,3
8808152683fffff,11,4
8808152685fffff,12,3
8808152687fffff,17,3
8808152689fffff,15,3
880815268bfffff,46,5
880815268dfffff,6,2
8808152691fffff,293,7
8808152693fffff,190,5
8808152695fffff,47,7
8808152697fffff,850,7
8808152699fffff,4,1
880815269bfffff,32,5
880815269dfffff,62,8
88081526a3fffff,7,2
88081526a5fffff,12,3
88081526a7fffff,6,2
88081526abfffff,13,4
88081526adfffff,2,1
88081526b3fffff,24,4
88081526b5fffff,3,2
88081526b7fffff,14,3
88081526b9fffff,3,2
88081526bbfffff,23,4
88081526bdfffff,13,3
88081526c1fffff,20,2
88081526c3fffff,11,2
88081526c5fffff,8,1
88081526c7fffff,10,3
88081526c9fffff,194,8
88081526cbfffff,14,3
88081526cdfffff,20,4
88081526d5fffff,20,4
88081526d7fffff,11,3
88081526d9fffff,37,4
88081526ddfffff,80,6
88081526e1fffff,12,3
88081526e7fffff,20,3
88081526e9fffff,12,3
88081526ebfffff,3,2
88081526edfffff,20,3
880815271bfffff,4,1
8808152753fffff,13,3
8808152a61fffff,5,2
8808152a69fffff,5,3
8808152a6dfffff,3,1
8808152b03fffff,11,4
8808152b0dfffff,4,2
8808152b1dfffff,11,1
8808152b41fffff,1,1
8808152b43fffff,5,1
8808152b49fffff,11,2
8808152b4bfffff,2,1
8808152b53fffff,2,1
8808152b55fffff,3,1
8808152b57fffff,4,1
8808152b65fffff,2,1
8808152b67fffff,6,1
8808153009fffff,1,1
8808153011fffff,2,1
8808153013fffff,17,3
8808153015fffff,3,1
8808153017fffff,8,2
8808153019fffff,309,9
880815301bfffff,116,6
880815301dfffff,7,2
8808153041fffff,15,2
8808153043fffff,18,4
8808153045fffff,3,1
8808153047fffff,7,2
880815304bfffff,21,5
8808153051fffff,14,3
8808153053fffff,57,4
8808153055fffff,4,2
8808153057fffff,22,4
8808153059fffff,36,6
880815305bfffff,26,4
8808153083fffff,1,1
8808153089fffff,20,3
880815308bfffff,2,1
8808153091fffff,1,1
880815309dfffff,7,2
88081530a1fffff,6,1
88081530a3fffff,4,1
88081530a9fffff,3,1
88081530b1fffff,6,1
88081530b3fffff,6,1
88081530b5fffff,5,2
88081530c1fffff,6,1
88081530c3fffff,9,2
88081530c7fffff,22,3
88081530cbfffff,13,3
88081530cdfffff,23,4
88081530d5fffff,8,2
88081530d9fffff,12,3
88081530dbfffff,4,1
88081530ddfffff,5,2
88081530e1fffff,24,4
88081530e7fffff,6,2
88081530e9fffff,10,3
88081530ebfffff,2,1
88081530edfffff,5,2
880815310dfffff,1,1
8808153129fffff,6,1
880815312dfffff,9,1
8808153137fffff,1,1
880815314dfffff,1,1
8808153161fffff,5,2
8808153163fffff,13,4
8808153165fffff,37,5
8808153167fffff,7,2
88081531d1fffff,12,2
8808153201fffff,12,4
8808153203fffff,27,6
8808153205fffff,6,3
8808153207fffff,9,2
8808153209fffff,7,2
880815320bfffff,4,1
880815320dfffff,1,1
8808153211fffff,2,1
8808153215fffff,30,2
8808153217fffff,2,1
8808153219fffff,10,2
880815321bfffff,13,3
8808153221fffff,11,2
8808153229fffff,4,2
880815322bfffff,11,2
880815322dfffff,11,2
8808153231fffff,135,5
8808153233fffff,20,3
8808153235fffff,16,4
8808153237fffff,23,3
8808153239fffff,13,4
880815323bfffff,9,1
880815323dfffff,21,5
8808153241fffff,6,2
8808153243fffff,7,2
8808153247fffff,14,1
880815324dfffff,4,1
8808153251fffff,2,2
8808153253fffff,2,1
8808153257fffff,2,1
8808153259fffff,6,2
880815325bfffff,2,1
8808153261fffff,7,2
8808153263fffff,16,2
8808153265fffff,9,2
8808153267fffff,6,1
8808153269fffff,12,3
880815326bfffff,3,1
880815326dfffff,14,4
8808153281fffff,4,1
8808153285fffff,3,1
88081532a1fffff,2,1
88081532a3fffff,3,1
88081532a5fffff,196,7
88081532a7fffff,15,3
88081532adfffff,26,6
88081532b1fffff,23,5
88081532b3fffff,17,4
88081532b5fffff,14,3
88081532b7fffff,20,6
88081532b9fffff,25,3
88081532bbfffff,8,2
88081532bdfffff,5,1
88081532e3fffff,1,1
88081532e5fffff,5,1
8808153301fffff,3,1
8808153305fffff,5,2
8808153307fffff,6,1
8808153309fffff,2,1
8808153313fffff,1,1
880815331bfffff,4,1
8808153321fffff,11,2
8808153323fffff,19,4
8808153325fffff,1,1
8808153327fffff,7,2
880815332bfffff,7,3
8808153335fffff,9,2
880815333dfffff,13,2
8808153343fffff,6,1
880815334bfffff,3,2
8808153351fffff,1,1
8808153357fffff,3,1
8808153359fffff,1,1
880815335bfffff,5,1
880815335dfffff,10,3
8808153401fffff,80,6
8808153403fffff,332,6
8808153405fffff,11,3
8808153407fffff,58,5
8808153409fffff,6,2
880815340bfffff,477,6
8808153411fffff,120,8
8808153413fffff,70,8
8808153415fffff,26,5
8808153417fffff,22,4
8808153419fffff,35,1
880815341bfffff,4,1
880815341dfffff,817,8
8808153421fffff,16,3
8808153423fffff,2,1
8808153425fffff,8,2
8808153427fffff,13,3
880815342bfffff,7,2
880815342dfffff,16,3
8808153431fffff,9,3
8808153433fffff,22,3
8808153435fffff,22,4
8808153437fffff,15,5
8808153439fffff,34,6
880815343bfffff,7,1
880815343dfffff,59,4
8808153441fffff,12,1
8808153443fffff,9,1
8808153445fffff,11,2
8808153449fffff,19,4
880815344dfffff,30,4
8808153451fffff,8,1
8808153455fffff,8,2
8808153457fffff,19,2
8808153459fffff,9,1
880815345dfffff,6,2
8808153461fffff,2,1
8808153463fffff,24,4
8808153465fffff,19,4
8808153467fffff,24,4
8808153469fffff,2,1
880815346bfffff,4,2
880815346dfffff,24,4
8808153481fffff,79,2
8808153483fffff,106,1
8808153485fffff,173,3
8808153487fffff,220,7
8808153489fffff,6,2
880815348bfffff,141,2
880815348dfffff,34,6
8808153491fffff,287,5
8808153493fffff,808,8
8808153495fffff,75,4
8808153497fffff,644,7
8808153499fffff,95,6
880815349bfffff,696,7
880815349dfffff,107,6
88081534a1fffff,7,2
88081534a3fffff,19,4
88081534a7fffff,3,2
88081534a9fffff,91,4
88081534abfffff,432,6
88081534b1fffff,15,2
88081534b3fffff,318,5
88081534b5fffff,105,5
88081534b7fffff,50,6
88081534b9fffff,88,4
88081534bbfffff,523,7
88081534bdfffff,444,5
88081534c1fffff,13,3
88081534c3fffff,20,5
88081534c5fffff,32,6
88081534c7fffff,10,2
88081534cdfffff,3,1
88081534d1fffff,3,1
88081534d3fffff,4,1
88081534d5fffff,305,5
88081534d7fffff,228,5
88081534d9fffff,5,2
88081534ddfffff,7,2
88081534e1fffff,17,4
88081534e3fffff,15,2
88081534e5fffff,19,3
88081534e7fffff,27,4
88081534e9fffff,25,3
88081534ebfffff,18,5
88081534edfffff,31,4
8808153501fffff,6,2
8808153503fffff,59,6
8808153507fffff,8,2
8808153509fffff,17,2
880815350bfffff,13,3
880815350dfffff,5,2
8808153511fffff,13,3
8808153513fffff,57,5
8808153515fffff,7,3
8808153517fffff,89,4
8808153519fffff,13,4
880815351bfffff,11,2
880815351dfffff,5,3
8808153525fffff,7,2
8808153527fffff,16,3
880815352bfffff,2,1
880815352dfffff,5,1
8808153531fffff,13,2
8808153539fffff,59,6
880815353bfffff,5,1
880815353dfffff,3,1
8808153541fffff,2,1
8808153545fffff,6,2
8808153547fffff,4,1
880815354bfffff,6,2
8808153553fffff,20,4
8808153555fffff,10,3
8808153557fffff,5,2
8808153559fffff,10,2
880815355bfffff,2,1
880815355dfffff,6,1
8808153561fffff,6,2
8808153565fffff,6,2
8808153569fffff,4,3
880815356bfffff,8,2
880815356dfffff,3,2
880815358bfffff,3,1
8808153599fffff,4,1
880815359bfffff,2,1
880815359dfffff,7,2
88081535c1fffff,6,2
88081535c5fffff,16,1
88081535c7fffff,7,1
88081535c9fffff,8,2
88081535cbfffff,9,1
88081535cdfffff,11,3
88081535d7fffff,11,3
88081535d9fffff,9,3
88081535ddfffff,6,2
88081535e9fffff,2,1
8808153603fffff,13,2
8808153605fffff,6,2
8808153607fffff,11,3
880815360dfffff,6,2
8808153621fffff,4,1
8808153625fffff,11,2
880815362dfffff,10,2
8808153635fffff,1,1
8808153637fffff,3,2
8808153639fffff,8,2
880815363dfffff,15,3
8808153641fffff,8,2
8808153643fffff,203,6
8808153647fffff,70,3
8808153649fffff,1,1
880815364bfffff,11,4
8808153655fffff,20,1
8808153659fffff,14,2
880815365dfffff,35,5
8808153661fffff,8,2
8808153663fffff,54,6
8808153665fffff,5,3
8808153669fffff,10,3
880815366bfffff,24,4
880815366dfffff,3,1
88081536b7fffff,7,2
8808153703fffff,47,5
8808153705fffff,13,3
8808153707fffff,33,5
880815370bfffff,5,1
880815370dfffff,2,1
8808153713fffff,12,4
8808153715fffff,17,4
8808153717fffff,37,5
8808153719fffff,2,1
880815371bfffff,4,1
880815371dfffff,6,2
8808153723fffff,3,1
880815372bfffff,2,1
880815372dfffff,10,2
8808153731fffff,23,1
8808153735fffff,23,4
8808153737fffff,10,4
8808153739fffff,32,5
880815373bfffff,31,6
8808153751fffff,18,4
8808153755fffff,8,2
8808153757fffff,6,3
8808153759fffff,16,5
880815375bfffff,11,3
880815375dfffff,18,2
8808153761fffff,8,2
8808153763fffff,2,1
8808153767fffff,3,2
8808153769fffff,4,2
880815376bfffff,2,1
880815376dfffff,4,1
8808153825fffff,30,4
8808153827fffff,15,2
880815382dfffff,13,1
8808153849fffff,8,1
8808153923fffff,2,1
8808153925fffff,8,1
880815392dfffff,4,1
8808153935fffff,14,2
8808153941fffff,8,2
8808153949fffff,4,2
880815394bfffff,19,4
880815394dfffff,8,3
8808153951fffff,2,1
8808153953fffff,11,1
8808153955fffff,4,1
880815395dfffff,8,2
8808153965fffff,20,3
8808153969fffff,1,1
880815396dfffff,9,2
8808153985fffff,5,1
880815398dfffff,3,1
88081539a1fffff,15,3
88081539a3fffff,6,2
88081539abfffff,1,1
88081539adfffff,2,1
88081539b1fffff,1,1
88081539b5fffff,30,4
88081539b9fffff,12,2
88081539bdfffff,55,6
88081539c5fffff,3,2
88081539cdfffff,7,2
88081539e3fffff,5,2
88081539e9fffff,25,3
88081539ebfffff,11,2
8808153a01fffff,34,4
8808153a05fffff,8,1
8808153a07fffff,71,3
8808153a09fffff,19,2
8808153a0dfffff,22,2
8808153a15fffff,29,4
8808153a17fffff,2,1
8808153a19fffff,8,2
8808153a1dfffff,18,3
8808153a23fffff,39,4
8808153a25fffff,11,3
8808153a27fffff,32,4
8808153a29fffff,13,4
8808153a2bfffff,111,6
8808153a2dfffff,74,6
8808153a33fffff,3,1
8808153a35fffff,4,1
8808153a39fffff,5,1
8808153a3bfffff,17,3
8808153a3dfffff,25,5
8808153a43fffff,10,2
8808153a47fffff,30,6
8808153a49fffff,4,1
8808153a4bfffff,18,3
8808153a51fffff,16,2
8808153a55fffff,25,5
8808153a57fffff,40,5
8808153a59fffff,18,4
8808153a5dfffff,26,4
8808153a61fffff,47,5
8808153a69fffff,16,2
8808153a6bfffff,29,5
8808153a6dfffff,22,3
8808153ad1fffff,1,1
8808153ad7fffff,5,1
8808153ae5fffff,1,1
8808153b03fffff,12,2
8808153b05fffff,19,3
8808153b07fffff,14,3
8808153b09fffff,367,7
8808153b0bfffff,89,3
8808153b0dfffff,106,7
8808153b1dfffff,2,1
8808153b21fffff,19,2
8808153b23fffff,32,4
8808153b27fffff,3,1
8808153b29fffff,4,1
8808153b31fffff,11,4
8808153b33fffff,7,1
8808153b35fffff,23,4
8808153b37fffff,5,1
8808153b39fffff,6,1
8808153b3dfffff,10,2
8808153b41fffff,23,3
8808153b43fffff,5,1
8808153b45fffff,170,3
8808153b47fffff,22,4
8808153b49fffff,13,2
8808153b4bfffff,28,3
8808153b4dfffff,29,4
8808153b51fffff,16,4
8808153b53fffff,23,5
8808153b55fffff,30,5
8808153b57fffff,17,3
8808153b5bfffff,4,1
8808153b5dfffff,9,1
8808153b63fffff,16,3
8808153b69fffff,43,3
8808153b6bfffff,236,6
88081542c9fffff,1,1
8808154401fffff,30,6
8808154403fffff,17,3
8808154405fffff,14,2
8808154407fffff,17,4
8808154409fffff,31,5
880815440bfffff,32,6
8808154411fffff,1,1
8808154415fffff,14,4
8808154421fffff,21,5
8808154423fffff,57,7
8808154427fffff,12,3
8808154429fffff,31,5
880815442bfffff,10,3
880815442dfffff,82,6
8808154431fffff,2,1
8808154439fffff,2,2
880815443dfffff,49,4
8808154441fffff,20,4
8808154443fffff,47,5
8808154445fffff,10,2
8808154447fffff,19,4
8808154449fffff,8,1
880815444bfffff,30,5
880815444dfffff,30,6
8808154455fffff,14,3
8808154457fffff,7,1
8808154461fffff,12,3
8808154467fffff,12,4
8808154469fffff,4,1
880815446bfffff,4,1
88081544e3fffff,1,1
88081544ebfffff,1,1
8808154513fffff,11,3
880815451bfffff,4,1
880815455bfffff,4,2
88081545c1fffff,1,1
88081545c5fffff,2,2
88081545c7fffff,7,2
88081545c9fffff,10,4
88081545cdfffff,16,5
88081545e1fffff,3,2
88081545e5fffff,2,1
88081545e9fffff,19,3
88081545ebfffff,1,1
8808154607fffff,4,1
8808154609fffff,33,7
880815460dfffff,11,3
8808154611fffff,87,3
8808154613fffff,222,6
8808154615fffff,122,8
8808154617fffff,321,9
8808154623fffff,13,2
8808154627fffff,5,2
880815462bfffff,31,5
8808154631fffff,13,2
8808154635fffff,25,6
8808154637fffff,17,4
8808154639fffff,5,2
880815463bfffff,231,7
8808154641fffff,37,6
8808154643fffff,19,3
8808154645fffff,57,7
8808154647fffff,19,3
8808154649fffff,6,3
880815464bfffff,8,4
880815464dfffff,31,7
8808154651fffff,31,5
8808154655fffff,115,7
880815465bfffff,2,1
880815465dfffff,6,2
8808154663fffff,1,1
8808154669fffff,22,5
880815466bfffff,33,5
8808154681fffff,4,1
8808154683fffff,86,6
8808154685fffff,35,5
8808154687fffff,46,7
8808154689fffff,11,3
880815468dfffff,38,5
8808154691fffff,16,4
8808154693fffff,20,3
8808154695fffff,47,7
8808154697fffff,29,5
8808154699fffff,20,4
880815469dfffff,22,4
88081546a9fffff,4,2
88081546abfffff,26,7
88081546b9fffff,150,4
88081546bbfffff,5,1
88081546c1fffff,10,3
88081546c3fffff,10,2
88081546c5fffff,38,5
88081546c7fffff,3,1
88081546c9fffff,3,2
88081546cbfffff,33,4
88081546cdfffff,2,1
88081546d3fffff,4,1
88081546d5fffff,9,2
88081546d7fffff,5,1
88081546e3fffff,2,1
88081546e9fffff,115,5
8808154b6dfffff,2,1
8808154c0dfffff,6,2
8808154c21fffff,5,3
8808154c23fffff,13,5
8808154c2bfffff,12,5
8808154c35fffff,13,4
8808154c63fffff,3,1
8808154dc1fffff,4,2
8808154dc5fffff,4,2
8808154dc9fffff,3,2
8808154dcbfffff,3,1
8808154de9fffff,5,1
8808154debfffff,1,1
88081554a7fffff,2,1
88081554b9fffff,4,2
88081554bdfffff,5,1
8808155591fffff,11,3
8808155593fffff,14,3
8808155595fffff,10,3
8808155597fffff,10,4
880815559bfffff,6,2
88081555bbfffff,2,1
8808155825fffff,5,1
8808155827fffff,2,1
8808155919fffff,5,2
880815591bfffff,3,2
8808155953fffff,4,1
8808155957fffff,9,2
8808155959fffff,8,2
8808155985fffff,4,2
88081559c3fffff,4,1
88081559c7fffff,1,1
88081559c9fffff,21,4
8808155b09fffff,3,1
8808155b0dfffff,49,4
8808155b29fffff,2,1
8808155b2bfffff,3,1
8808155b31fffff,1,1
8808155b33fffff,6,1
8808155b39fffff,5,2
8808155b41fffff,43,3
8808155b43fffff,57,4
8808155b45fffff,3,1
8808155b47fffff,64,7
8808155b49fffff,8,2
8808155b4bfffff,46,6
8808155b59fffff,6,2
8808155b63fffff,2,1
8808156401fffff,22,4
8808156403fffff,16,3
8808156405fffff,3,2
8808156407fffff,63,6
8808156409fffff,10,3
880815640bfffff,18,4
8808156411fffff,3,2
8808156415fffff,3,1
8808156421fffff,2,1
8808156423fffff,36,5
8808156427fffff,23,5
880815642bfffff,17,3
8808156431fffff,3,1
8808156435fffff,1,1
8808156437fffff,7,2
8808156439fffff,27,6
880815643dfffff,45,5
8808156443fffff,7,5
880815644bfffff,6,2
8808156455fffff,22,3
880815645dfffff,4,2
8808156497fffff,1,1
8808156501fffff,3,1
8808156503fffff,44,5
8808156505fffff,12,2
8808156507fffff,39,6
8808156511fffff,7,2
8808156513fffff,112,5
8808156515fffff,21,3
8808156517fffff,105,6
8808156519fffff,4,1
880815651bfffff,23,5
880815651dfffff,7,2
8808156529fffff,8,3
880815652bfffff,1,1
880815652dfffff,6,2
8808156531fffff,28,4
8808156533fffff,38,4
8808156537fffff,13,3
8808156539fffff,75,8
880815653bfffff,88,6
880815653dfffff,10,3
8808156567fffff,4,1
8808156589fffff,2,1
880815658dfffff,49,4
88081565c1fffff,5,2
88081565c3fffff,2,1
88081565c5fffff,169,8
88081565c7fffff,28,5
88081565c9fffff,77,6
88081565cbfffff,21,5
88081565cdfffff,34,3
88081565d7fffff,1,1
88081565ddfffff,3,1
88081565e1fffff,8,2
88081565e5fffff,2,1
88081565e9fffff,178,6
88081565ebfffff,149,6
88081565edfffff,185,8
8808156631fffff,5,1
8808156635fffff,44,4
8808156637fffff,5,2
8808156639fffff,5,2
880815663dfffff,5,1
8808156887fffff,3,1
8808156895fffff,3,1
8808156897fffff,2,1
88081568abfffff,6,2
8808156c5bfffff,2,1
8808156cd9fffff,1,1
8808156d09fffff,8,3
8808156d21fffff,2,1
8808156d23fffff,5,1
8808156d25fffff,3,1
8808156d43fffff,3,1
8808156d45fffff,4,1
8808156d5dfffff,5,1
8808156d61fffff,6,1
8808156d63fffff,3,1
8808156d69fffff,5,2
8808156d6bfffff,11,1
8808156e5bfffff,4,2
8808156e83fffff,14,1
8808156e89fffff,37,6
8808156e8bfffff,9,3
8808156e8dfffff,14,4
8808156e95fffff,16,1
8808156e9dfffff,3,2
8808156eb1fffff,40,2
8808156eb9fffff,45,6
8808156ebbfffff,21,2
8808156ebdfffff,44,4
8808156ec3fffff,19,5
8808156ec7fffff,11,2
8808156ed1fffff,7,4
8808156ed5fffff,37,4
8808156ed7fffff,1,1
8808156ed9fffff,19,5
8808156eddfffff,15,6
8808156eebfffff,6,1
8808157303fffff,3,1
8808157341fffff,2,1
8808157345fffff,20,4
8808157347fffff,6,1
880815734dfffff,2,1
8808157369fffff,11,2
880815736bfffff,11,4
8808157493fffff,2,1
8808157497fffff,6,1
880815749dfffff,2,1
88081574c3fffff,9,2
88081574cbfffff,4,1
88081574d5fffff,6,2
88081574ddfffff,23,4
8808157603fffff,2,1
8808157605fffff,5,1
880815760bfffff,4,2
880815761bfffff,11,1
8808157625fffff,1,1
880815762dfffff,4,1
8808157651fffff,3,1
8808157653fffff,27,4
8808157657fffff,20,3
8808157659fffff,1,1
880815765bfffff,18,5
8808157681fffff,41,4
8808157683fffff,21,4
8808157687fffff,6,3
8808157689fffff,17,3
880815768dfffff,1,1
88081576b1fffff,13,3
88081576b5fffff,2,1
88081576b7fffff,22,5
88081576b9fffff,12,3
88081576bbfffff,8,3
88081576c3fffff,5,1
88081576cbfffff,3,1
88081576dbfffff,5,1
8808157701fffff,1,1
880815770bfffff,1,1
8808157723fffff,3,1
8808157735fffff,2,1
8808158049fffff,44,3
880815804bfffff,2,1
880815804dfffff,1,1
8808158059fffff,2,1
8808158107fffff,14,1
8808158111fffff,14,3
8808158113fffff,22,2
8808158115fffff,9,2
8808158117fffff,16,2
880815811bfffff,3,1
8808158135fffff,68,5
8808158137fffff,9,1
8808158139fffff,24,6
880815813bfffff,9,1
880815813dfffff,19,5
8808158181fffff,1,1
8808158183fffff,26,2
8808158187fffff,21,4
8808158189fffff,10,1
880815818bfffff,20,3
8808158191fffff,149,6
8808158193fffff,20,3
8808158195fffff,237,5
8808158197fffff,24,2
8808158199fffff,3,1
880815819dfffff,172,7
88081581a1fffff,13,2
88081581a3fffff,18,4
88081581a5fffff,13,1
88081581a7fffff,6,2
88081581abfffff,13,2
88081581adfffff,4,1
88081581b9fffff,82,6
88081581bbfffff,9,2
88081581bdfffff,22,3
88081581c1fffff,4,1
88081581c3fffff,8,2
88081581c5fffff,6,1
88081581cdfffff,69,6
88081581d1fffff,3,1
88081581d5fffff,5,1
88081581d7fffff,23,4
88081581ddfffff,9,2
88081581e1fffff,2,1
88081581e5fffff,15,3
88081581e7fffff,10,3
8808158211fffff,11,2
8808158217fffff,5,2
880815821bfffff,3,1
8808158233fffff,7,2
8808158235fffff,12,1
8808158237fffff,4,1
88081582e5fffff,16,3
88081582edfffff,1,1
8808158301fffff,4,1
8808158305fffff,10,2
8808158311fffff,1,1
8808158361fffff,13,4
8808158363fffff,8,1
8808158365fffff,18,4
8808158367fffff,6,1
8808158369fffff,15,2
880815836dfffff,2,1
8808158401fffff,1,1
8808158405fffff,4,1
8808158407fffff,5,2
880815840bfffff,14,1
880815840dfffff,10,2
8808158461fffff,21,3
8808158463fffff,16,3
8808158465fffff,2,1
8808158469fffff,1,1
880815846dfffff,5,1
8808158481fffff,316,7
8808158483fffff,1,1
8808158487fffff,4,1
8808158489fffff,111,5
880815848dfffff,147,4
88081584b5fffff,1,1
88081584b7fffff,3,1
88081584bdfffff,10,2
88081584c1fffff,2,1
88081584c3fffff,23,2
88081584c5fffff,41,3
88081584c7fffff,189,8
88081584cbfffff,15,3
88081584e1fffff,2,1
88081584e9fffff,8,1
88081584ebfffff,12,3
88081584edfffff,3,1
8808158601fffff,13,4
8808158603fffff,12,1
8808158605fffff,33,6
8808158607fffff,3,1
8808158609fffff,18,3
880815860bfffff,7,2
880815860dfffff,12,2
8808158611fffff,2,1
8808158613fffff,3,1
880815861dfffff,2,2
8808158629fffff,8,2
8808158637fffff,7,3
8808158641fffff,1,1
8808158645fffff,26,5
8808158647fffff,38,5
8808158649fffff,18,3
880815864bfffff,2,1
880815864dfffff,22,4
8808158651fffff,6,2
8808158653fffff,9,2
8808158659fffff,4,2
8808158661fffff,138,6
8808158663fffff,9,3
8808158665fffff,110,7
8808158667fffff,27,4
8808158669fffff,51,6
880815866bfffff,5,2
880815866dfffff,63,3
8808158681fffff,2,1
8808158687fffff,3,1
8808158689fffff,17,4
880815868dfffff,8,2
88081586b1fffff,11,1
88081586b9fffff,2,1
88081586c1fffff,1,1
88081586c3fffff,14,4
88081586c5fffff,9,2
88081586c7fffff,27,5
88081586d9fffff,5,2
88081586ddfffff,5,3
88081586e1fffff,17,3
88081586e3fffff,3,1
88081586ebfffff,9,3
8808158703fffff,1,1
8808158711fffff,10,4
8808158715fffff,59,7
8808158717fffff,7,2
8808158719fffff,18,3
880815871dfffff,45,5
8808158739fffff,5,1
880815873bfffff,16,2
8808158743fffff,8,2
8808158751fffff,15,4
8808158753fffff,5,1
8808158755fffff,5,1
8808158757fffff,3,1
8808158759fffff,36,6
880815875bfffff,25,6
880815875dfffff,43,5
8808158811fffff,2,1
8808158813fffff,16,3
8808158817fffff,2,1
8808158819fffff,14,3
880815881bfffff,22,5
8808158821fffff,51,3
8808158823fffff,34,2
8808158825fffff,6,1
8808158829fffff,123,2
880815882bfffff,6,1
880815882dfffff,287,5
8808158831fffff,20,3
8808158833fffff,10,3
8808158835fffff,19,4
8808158837fffff,7,2
880815883dfffff,16,2
8808158845fffff,106,3
880815884dfffff,5,1
8808158853fffff,135,8
8808158857fffff,1,1
8808158859fffff,4,1
880815885bfffff,17,5
8808158865fffff,650,6
8808158867fffff,61,1
8808158869fffff,85,3
880815886dfffff,435,8
8808158885fffff,2,1
880815888dfffff,44,1
8808158893fffff,4,1
88081588a1fffff,74,5
88081588a3fffff,22,3
88081588a5fffff,13,2
88081588a7fffff,87,5
88081588a9fffff,36,6
88081588abfffff,25,5
88081588adfffff,6,2
88081588b1fffff,24,4
88081588b3fffff,125,3
88081588b7fffff,1,1
88081588bbfffff,15,2
88081588c9fffff,2,1
88081588e1fffff,136,4
88081588e3fffff,261,5
88081588e5fffff,11,2
88081588e7fffff,31,4
88081588e9fffff,17,1
8808158903fffff,20,3
8808158905fffff,14,3
8808158907fffff,7,2
8808158909fffff,11,2
880815890bfffff,2,1
880815890dfffff,23,4
8808158911fffff,26,2
8808158913fffff,4,1
8808158915fffff,20,3
8808158917fffff,117,3
8808158919fffff,17,3
880815891dfffff,13,3
8808158921fffff,226,5
8808158923fffff,57,4
8808158925fffff,660,6
8808158927fffff,395,6
8808158929fffff,15,2
880815892bfffff,4,1
880815892dfffff,41,5
8808158931fffff,285,6
8808158933fffff,22,4
8808158935fffff,244,7
8808158937fffff,186,7
8808158939fffff,40,6
880815893bfffff,34,2
880815893dfffff,83,4
8808158941fffff,7,3
8808158943fffff,18,2
8808158945fffff,21,2
8808158947fffff,19,4
880815894bfffff,56,3
8808158951fffff,71,4
8808158953fffff,17,2
8808158955fffff,51,5
8808158959fffff,49,3
880815895bfffff,243,6
880815895dfffff,8,1
8808158961fffff,12,4
8808158963fffff,8,2
8808158965fffff,27,4
8808158969fffff,2,1
880815896bfffff,12,3
880815896dfffff,11,2
8808158981fffff,25,4
8808158983fffff,244,6
8808158985fffff,24,4
8808158987fffff,176,6
8808158989fffff,9,3
880815898bfffff,3,1
8808158991fffff,20,2
8808158993fffff,1210,7
8808158995fffff,6,1
8808158997fffff,365,6
8808158999fffff,6,2
880815899bfffff,3,1
880815899dfffff,19,4
88081589a1fffff,10,2
88081589a3fffff,6,2
88081589a5fffff,10,1
88081589a7fffff,3,2
88081589abfffff,16,1
88081589adfffff,21,4
88081589b1fffff,73,2
88081589b3fffff,3,2
88081589b5fffff,18,4
88081589b7fffff,1,1
88081589b9fffff,375,6
88081589bbfffff,20,4
88081589bdfffff,32,4
88081589c1fffff,30,4
88081589c3fffff,6,3
88081589c5fffff,26,4
88081589c7fffff,1,1
88081589c9fffff,66,6
88081589cbfffff,10,2
88081589cdfffff,16,3
88081589d1fffff,2,1
88081589d3fffff,41,4
88081589d7fffff,21,5
88081589dbfffff,78,5
88081589e1fffff,27,4
88081589e3fffff,14,2
88081589e5fffff,13,3
88081589e7fffff,30,5
88081589e9fffff,19,4
88081589ebfffff,5,1
88081589edfffff,23,3
8808158a05fffff,4,1
8808158a09fffff,101,5
8808158a0dfffff,460,7
8808158a13fffff,8,1
8808158a21fffff,8,2
8808158a25fffff,5,3
8808158a29fffff,50,2
8808158a2dfffff,21,3
8808158a43fffff,33,5
8808158a45fffff,123,3
8808158a47fffff,91,4
8808158a49fffff,6,1
8808158a4bfffff,5,1
8808158a4dfffff,23,1
8808158a55fffff,19,4
8808158a59fffff,6,3
8808158a5dfffff,37,3
8808158a61fffff,72,5
8808158a63fffff,413,7
8808158a65fffff,15,4
8808158a67fffff,62,5
8808158a69fffff,328,4
8808158a6bfffff,221,8
8808158a81fffff,25,4
8808158a83fffff,53,5
8808158a85fffff,25,4
8808158a87fffff,71,6
8808158a8bfffff,15,2
8808158a8dfffff,1,1
8808158a95fffff,7,2
8808158a99fffff,44,5
8808158a9bfffff,32,1
8808158a9dfffff,61,4
8808158aa3fffff,22,4
8808158aa5fffff,5,1
8808158aa7fffff,13,4
8808158aa9fffff,279,4
8808158aabfffff,6,2
8808158aadfffff,228,7
8808158ab9fffff,9,2
8808158abdfffff,21,2
8808158ac1fffff,22,5
8808158ac3fffff,20,5
8808158ac5fffff,11,4
8808158ac7fffff,17,4
8808158ac9fffff,7,2
8808158acbfffff,9,2
8808158acdfffff,6,1
8808158ad1fffff,1,1
8808158ad5fffff,11,2
8808158ad7fffff,1,1
8808158ad9fffff,8,3
8808158adbfffff,15,4
8808158addfffff,10,2
8808158ae1fffff,22,4
8808158ae5fffff,38,2
8808158ae7fffff,63,3
8808158ae9fffff,45,5
8808158aedfffff,6,1
8808158b05fffff,16,2
8808158b0dfffff,8,2
8808158b13fffff,5,1
8808158b1bfffff,1,1
8808158b31fffff,345,6
8808158b33fffff,513,7
8808158b37fffff,43,3
8808158b3bfffff,182,2
8808158b3dfffff,51,1
8808158b41fffff,10,3
8808158b43fffff,17,4
8808158b45fffff,3,1
8808158b47fffff,4,1
8808158b49fffff,15,5
8808158b4bfffff,6,2
8808158b4dfffff,49,7
8808158b51fffff,12,3
8808158b53fffff,5,2
8808158b59fffff,16,3
8808158b5bfffff,40,6
8808158b5dfffff,25,5
8808158b63fffff,25,3
8808158b69fffff,6,1
8808158b6bfffff,13,3
8808158c19fffff,5,1
8808158c1dfffff,68,5
8808158c21fffff,236,3
8808158c23fffff,1129,7
8808158c25fffff,1,1
8808158c27fffff,1120,7
8808158c39fffff,9,2
8808158c3dfffff,17,2
8808158c41fffff,4,1
8808158c43fffff,4,1
8808158c45fffff,3,1
8808158c51fffff,26,2
8808158c53fffff,90,1
8808158c57fffff,420,4
8808158c61fffff,6,2
8808158d01fffff,1677,8
8808158d03fffff,1607,7
8808158d05fffff,1232,8
8808158d07fffff,1736,8
8808158d09fffff,983,5
8808158d0bfffff,950,8
8808158d0dfffff,1304,7
8808158d11fffff,2235,8
8808158d13fffff,1089,7
8808158d15fffff,1639,7
8808158d17fffff,1069,7
8808158d19fffff,1242,7
8808158d1bfffff,445,5
8808158d1dfffff,1112,7
8808158d21fffff,1047,8
8808158d23fffff,1040,8
8808158d25fffff,643,6
8808158d27fffff,349,6
8808158d29fffff,1247,7
8808158d2bfffff,1453,7
8808158d2dfffff,431,7
8808158d31fffff,664,5
8808158d33fffff,1857,7
8808158d35fffff,103,4
8808158d37fffff,929,5
8808158d39fffff,1421,9
8808158d3bfffff,661,7
8808158d3dfffff,1665,7
8808158d41fffff,187,7
8808158d43fffff,90,4
8808158d45fffff,22,2
8808158d47fffff,7,1
8808158d49fffff,9,2
8808158d4bfffff,117,7
8808158d4dfffff,1,1
8808158d55fffff,900,6
8808158d5dfffff,30,3
8808158d61fffff,950,6
8808158d63fffff,1210,8
8808158d65fffff,982,6
8808158d67fffff,739,5
8808158d6bfffff,372,4
8808158d6dfffff,11,3
8808158d81fffff,4193,7
8808158d83fffff,2265,6
8808158d85fffff,2628,9
8808158d87fffff,2173,8
8808158d89fffff,3188,8
8808158d8bfffff,1849,5
8808158d8dfffff,1769,6
8808158d91fffff,1708,8
8808158d93fffff,398,7
8808158d95fffff,1993,7
8808158d97fffff,1104,5
8808158d99fffff,302,3
8808158d9bfffff,505,3
8808158d9dfffff,2270,6
8808158da1fffff,1426,6
8808158da3fffff,1515,8
8808158da5fffff,1434,8
8808158da7fffff,658,4
8808158da9fffff,745,6
8808158dabfffff,2076,7
8808158dadfffff,1594,8
8808158db1fffff,221,5
8808158db3fffff,6,1
8808158db5fffff,172,4
8808158db7fffff,29,5
8808158db9fffff,2120,9
8808158dbbfffff,1694,5
8808158dbdfffff,2127,8
8808158dc1fffff,1634,5
8808158dc3fffff,1373,6
8808158dc5fffff,1316,9
8808158dc7fffff,1290,7
8808158dc9fffff,2509,7
8808158dcbfffff,2,1
8808158dcdfffff,1314,7
8808158dd5fffff,1,1
8808158dd7fffff,98,1
8808158de1fffff,1064,7
8808158de3fffff,2069,8
8808158de5fffff,627,6
8808158de7fffff,1840,8
8808158de9fffff,903,4
8808158debfffff,2067,7
8808158dedfffff,1108,6
8808158e01fffff,34,2
8808158e03fffff,14,3
8808158e05fffff,4,1
8808158e09fffff,18,4
8808158e0bfffff,17,4
8808158e0dfffff,29,4
8808158e15fffff,5,2
8808158e41fffff,10,1
8808158e45fffff,45,4
8808158e47fffff,11,1
8808158e4dfffff,6,1
8808158e55fffff,86,4
8808158e61fffff,18,4
8808158e63fffff,6,1
8808158e69fffff,60,5
8808158e6bfffff,124,4
8808158e6dfffff,13,2
8808158f25fffff,2,1
8808158f27fffff,4,1
880815920dfffff,8,1
880815921bfffff,2,1
8808159245fffff,2,1
880815924dfffff,5,1
8808159253fffff,2,1
880815926bfffff,2,1
8808159401fffff,19,3
8808159405fffff,4,2
8808159409fffff,31,5
880815940bfffff,3,2
880815940dfffff,31,6
880815942dfffff,7,1
8808159443fffff,317,8
8808159447fffff,15,3
8808159449fffff,31,4
880815944bfffff,46,5
880815944dfffff,8,4
8808159451fffff,1,1
8808159455fffff,94,4
8808159459fffff,45,7
880815945dfffff,17,3
8808159463fffff,5,1
8808159465fffff,7,2
8808159467fffff,15,3
880815946bfffff,1,1
8808159481fffff,13,2
8808159483fffff,2,1
8808159485fffff,24,4
8808159489fffff,2,1
880815948bfffff,6,3
8808159499fffff,39,5
880815949bfffff,11,4
880815949dfffff,13,2
88081594a1fffff,3,1
88081594a5fffff,8,3
88081594a7fffff,15,3
88081594a9fffff,9,3
88081594d3fffff,18,3
88081594d7fffff,34,4
88081594e3fffff,9,1
88081594e7fffff,4,1
8808159503fffff,5,2
8808159505fffff,4,1
8808159507fffff,9,3
8808159519fffff,4,1
880815951dfffff,19,3
8808159521fffff,1,1
8808159523fffff,4,1
8808159527fffff,3,2
8808159529fffff,27,5
880815952bfffff,4,2
8808159535fffff,4,1
8808159539fffff,6,1
880815953dfffff,17,4
880815955bfffff,1,1
8808159567fffff,7,3
8808159583fffff,49,3
880815958bfffff,20,2
8808159591fffff,199,4
8808159593fffff,74,7
8808159595fffff,3,2
8808159597fffff,6,1
8808159599fffff,23,3
880815959bfffff,10,2
880815959dfffff,34,4
88081595a3fffff,24,3
88081595b1fffff,32,6
88081595b3fffff,38,6
88081595b5fffff,30,4
88081595b7fffff,19,4
88081595b9fffff,28,6
88081595bbfffff,42,5
88081595bdfffff,4,2
88081595d1fffff,10,1
88081595d3fffff,7,2
88081595d5fffff,8,2
88081595d7fffff,7,2
88081595dbfffff,4,1
8808159621fffff,4,1
8808159623fffff,5,1
8808159627fffff,4,1
880815962bfffff,2,1
8808159631fffff,61,5
8808159633fffff,36,5
8808159635fffff,3,1
8808159637fffff,12,4
880815963bfffff,19,2
880815963dfffff,6,3
8808159663fffff,1,1
8808159687fffff,2,1
880815968bfffff,7,2
8808159699fffff,4,1
88081596d7fffff,19,4
88081596e5fffff,20,5
88081596edfffff,16,2
8808159711fffff,22,4
8808159719fffff,20,3
880815971bfffff,10,3
880815971dfffff,14,3
8808159733fffff,4,1
8808159743fffff,4,1
880815974bfffff,2,1
8808159757fffff,12,4
880815975dfffff,15,3
8808159809fffff,199,5
880815980bfffff,4,1
880815980dfffff,6,1
8808159841fffff,1183,8
8808159843fffff,1086,7
8808159845fffff,474,8
8808159847fffff,622,7
8808159849fffff,2,1
880815984bfffff,12,2
880815984dfffff,19,3
8808159855fffff,201,5
880815985dfffff,301,2
8808159869fffff,377,6
880815986bfffff,93,2
880815986dfffff,203,3
8808159881fffff,17,3
8808159883fffff,198,6
8808159887fffff,26,1
8808159889fffff,6,3
880815988bfffff,45,3
88081598a1fffff,4,1
88081598a3fffff,17,4
88081598a5fffff,5,1
88081598a7fffff,9,2
88081598a9fffff,2,1
88081598abfffff,22,2
88081598adfffff,13,3
88081598b1fffff,12,3
88081598b5fffff,22,1
88081598b7fffff,9,2
88081598b9fffff,118,4
88081598bdfffff,17,1
88081598e7fffff,5,1
88081598e9fffff,2,1
8808159921fffff,5,2
880815992dfffff,3,1
880815994dfffff,14,2
8808159993fffff,17,2
88081599a3fffff,6,1
88081599a7fffff,15,2
88081599d3fffff,3,1
88081599d9fffff,1,1
88081599dbfffff,4,1
8808159a03fffff,15,2
8808159a05fffff,10,4
8808159a07fffff,18,3
8808159a0dfffff,10,2
8808159a15fffff,3,1
8808159a23fffff,12,2
8808159a31fffff,254,5
8808159a35fffff,7,1
8808159a39fffff,78,5
8808159a3bfffff,19,3
8808159a3dfffff,334,9
8808159a69fffff,2,1
8808159a6bfffff,4,2
8808159a81fffff,2,1
8808159a91fffff,8,2
8808159a97fffff,22,4
8808159aa9fffff,13,2
8808159aabfffff,6,1
8808159ab1fffff,16,4
8808159ab3fffff,4,1
8808159abdfffff,19,5
8808159ad1fffff,2,1
8808159ad3fffff,2,1
8808159ae1fffff,2,1
8808159ae3fffff,1,1
8808159ae7fffff,1,1
8808159aedfffff,3,2
8808159b03fffff,142,3
8808159b05fffff,304,6
8808159b07fffff,433,6
8808159b09fffff,2,1
8808159b0bfffff,14,2
8808159b0dfffff,47,6
8808159b11fffff,23,4
8808159b13fffff,187,4
8808159b15fffff,119,6
8808159b17fffff,547,7
8808159b19fffff,2,1
8808159b1bfffff,31,2
8808159b1dfffff,5,2
8808159b21fffff,182,6
8808159b23fffff,11,1
8808159b25fffff,14,4
8808159b27fffff,75,6
8808159b29fffff,315,5
8808159b2bfffff,407,6
8808159b2dfffff,20,1
8808159b33fffff,18,3
8808159b39fffff,371,6
8808159b3bfffff,436,6
8808159b3dfffff,50,3
8808159b41fffff,8,2
8808159b43fffff,1,1
8808159b45fffff,14,4
8808159b47fffff,17,4
8808159b49fffff,12,3
8808159b4bfffff,14,3
8808159b51fffff,30,3
8808159b55fffff,9,3
8808159b57fffff,12,3
8808159b5dfffff,62,6
8808159b61fffff,24,2
8808159b63fffff,25,3
8808159b65fffff,86,4
8808159b67fffff,92,5
8808159b69fffff,68,6
8808159b6bfffff,62,4
8808159b6dfffff,41,5
880815a003fffff,13,3
880815a00bfffff,5,1
880815a011fffff,236,8
880815a013fffff,16,3
880815a015fffff,47,5
880815a017fffff,76,6
880815a019fffff,13,4
880815a01bfffff,46,4
880815a01dfffff,4,2
880815a053fffff,4,1
880815a061fffff,6,1
880815a063fffff,1,1
880815a067fffff,17,3
880815a081fffff,12,3
880815a083fffff,13,4
880815a085fffff,23,5
880815a087fffff,8,1
880815a089fffff,43,5
880815a08bfffff,8,3
880815a08dfffff,48,8
880815a095fffff,16,3
880815a097fffff,5,2
880815a0b9fffff,12,6
880815a0bbfffff,27,2
880815a0bdfffff,2,1
880815a0c1fffff,88,7
880815a0c3fffff,56,8
880815a0c5fffff,42,3
880815a0c7fffff,104,7
880815a0c9fffff,52,5
880815a0cbfffff,6,1
880815a0cdfffff,64,7
880815a0d1fffff,6,2
880815a0d5fffff,20,3
880815a0d9fffff,4,1
880815a0dbfffff,14,3
880815a0ddfffff,17,4
880815a0e1fffff,10,1
880815a0e3fffff,33,5
880815a0e9fffff,262,6
880815a0ebfffff,108,7
880815a285fffff,9,3
880815a289fffff,5,1
880815a28dfffff,7,1
880815a2a1fffff,10,2
880815a2a3fffff,39,6
880815a2a5fffff,27,5
880815a2a7fffff,3,1
880815a2abfffff,17,4
880815a2adfffff,6,1
880815a2b1fffff,6,3
880815a2b5fffff,64,4
880815a2bbfffff,2,2
880815a307fffff,4,2
880815a331fffff,4,1
880815a339fffff,9,3
880815a36dfffff,2,1
880815a443fffff,4,1
880815a48bfffff,2,1
880815a4c3fffff,7,2
880815a4c9fffff,4,2
880815a4d5fffff,2,1
880815a505fffff,12,3
880815a521fffff,1,1
880815a523fffff,15,3
880815a527fffff,3,1
880815a529fffff,6,2
880815a52bfffff,2,1
880815a53dfffff,4,1
880815a563fffff,4,2
880815a565fffff,2,1
880815a56dfffff,10,2
880815a605fffff,2,1
880815a60dfffff,7,1
880815a639fffff,16,4
880815a63bfffff,9,2
880815a6adfffff,3,1
880815a6e7fffff,2,1
880815a705fffff,11,4
880815a721fffff,33,7
880815a723fffff,4,1
880815a725fffff,13,3
880815a727fffff,6,2
880815a729fffff,28,3
880815a72dfffff,19,5
880815a745fffff,1,1
880815a761fffff,15,5
880815a763fffff,3,1
880815a767fffff,42,6
880815a769fffff,9,3
880815a76bfffff,3,1
880815a76dfffff,9,1
880815a801fffff,21,2
880815a803fffff,15,3
880815a807fffff,4,2
880815a809fffff,21,2
880815a80bfffff,12,3
880815a811fffff,34,3
880815a813fffff,22,5
880815a815fffff,9,2
880815a817fffff,101,7
880815a819fffff,10,2
880815a81bfffff,31,5
880815a81dfffff,31,7
880815a839fffff,16,3
880815a83bfffff,6,1
880815a841fffff,21,3
880815a843fffff,26,5
880815a845fffff,5,1
880815a847fffff,9,2
880815a849fffff,24,4
880815a84bfffff,7,2
880815a84dfffff,45,6
880815a851fffff,26,5
880815a853fffff,64,6
880815a855fffff,26,4
880815a857fffff,3,1
880815a859fffff,18,4
880815a85bfffff,14,4
880815a85dfffff,20,3
880815a881fffff,7,2
880815a883fffff,12,3
880815a885fffff,4,3
880815a887fffff,15,4
880815a889fffff,1,1
880815a88bfffff,16,3
880815a893fffff,7,1
880815a895fffff,4,1
880815a897fffff,4,1
880815a899fffff,12,2
880815a8a9fffff,11,1
880815a8abfffff,24,3
880815a8b1fffff,3,2
880815a8b9fffff,4,2
880815a8c1fffff,5,3
880815a8c3fffff,8,4
880815a8c5fffff,6,1
880815a8c9fffff,6,2
880815a8cdfffff,20,3
880815a8d1fffff,2,1
880815a8d3fffff,41,4
880815a8d5fffff,12,3
880815a8d7fffff,6,2
880815a8d9fffff,6,2
880815a8dbfffff,17,4
880815a8e1fffff,14,5
880815a8e3fffff,17,2
880815a8e5fffff,19,3
880815a8e7fffff,15,4
880815a8e9fffff,13,4
880815a8edfffff,73,6
880815a901fffff,26,2
880815a903fffff,19,2
880815a905fffff,44,4
880815a907fffff,5,2
880815a90dfffff,15,2
880815a915fffff,5,2
880815a91dfffff,7,1
880815a921fffff,22,4
880815a923fffff,9,2
880815a925fffff,133,6
880815a927fffff,59,2
880815a929fffff,23,6
880815a92bfffff,19,4
880815a92dfffff,10,2
880815a931fffff,11,3
880815a933fffff,2,1
880815a935fffff,61,3
880815a937fffff,31,4
880815a939fffff,8,1
880815a93bfffff,30,4
880815a93dfffff,1,1
880815a961fffff,2,1
880815a963fffff,26,4
880815a965fffff,1,1
880815a967fffff,20,3
880815a983fffff,1,1
880815a991fffff,1,1
880815a999fffff,2,1
880815a99bfffff,3,2
880815a9a5fffff,28,4
880815a9a7fffff,7,1
880815a9adfffff,5,2
880815a9bbfffff,1,1
880815a9e5fffff,5,2
880815a9edfffff,8,2
880815aa09fffff,4,1
880815aa23fffff,13,2
880815aa25fffff,25,4
880815aa27fffff,14,3
880815aa2dfffff,4,1
880815aa31fffff,8,1
880815aa33fffff,21,4
880815aa35fffff,15,2
880815aa37fffff,18,4
880815aa3bfffff,10,2
880815aa41fffff,4,1
880815aa43fffff,26,4
880815aa55fffff,7,2
880815aa57fffff,20,3
880815aa81fffff,5,2
880815aa83fffff,7,1
880815aa85fffff,7,2
880815aa87fffff,20,3
880815aa8dfffff,10,2
880815aa91fffff,2,1
880815aa95fffff,8,1
880815aa97fffff,21,4
880815aaa1fffff,89,6
880815aaa3fffff,50,2
880815aaa5fffff,171,6
880815aaa7fffff,49,4
880815aaa9fffff,54,5
880815aaabfffff,28,5
880815aaadfffff,212,6
880815aab1fffff,2,1
880815aab9fffff,3,2
880815aabbfffff,9,3
880815aabdfffff,5,1
880815aae1fffff,12,3
880815aae3fffff,57,5
880815aae5fffff,9,3
880815aae7fffff,121,9
880815aaedfffff,2,1
880815ab11fffff,6,2
880815ab13fffff,12,3
880815ab15fffff,1,1
880815ab19fffff,8,1
880815ab1bfffff,23,4
880815ab1dfffff,28,5
880815ab51fffff,1,1
880815ab53fffff,13,3
880815ab55fffff,14,3
880815ab57fffff,15,4
880815aca1fffff,1,1
880815aca3fffff,9,2
880815acb5fffff,17,4
880815acb7fffff,3,2
880815ace7fffff,4,1
880815acedfffff,4,2
880815ad09fffff,1,1
880815ad25fffff,2,1
880815ad29fffff,1,1
880815ad2dfffff,3,1
880815ad41fffff,22,5
880815ad43fffff,5,1
880815ad45fffff,4,1
880815ad47fffff,2,1
880815ad49fffff,1,1
880815ad4bfffff,4,1
880815ad4dfffff,4,1
880815ad59fffff,9,3
880815ad5dfffff,4,2
880815ad61fffff,5,1
880815ad65fffff,5,2
880815ad6bfffff,3,1
880815ad85fffff,5,1
880815ada1fffff,4,1
880815ada9fffff,2,1
880815adb7fffff,2,1
880815adbdfffff,7,1
880815ade1fffff,4,1
880815ade5fffff,2,1
880815ade7fffff,2,1
880815ae5bfffff,10,2
880815aecbfffff,1,1
880815aed5fffff,2,1
880815af0dfffff,5,1
880815af21fffff,22,6
880815af23fffff,53,5
880815af25fffff,4,2
880815af29fffff,23,4
880815af2bfffff,12,2
880815af2dfffff,3,1
880815af33fffff,1,1
880815af35fffff,12,3
880815af37fffff,11,3
880815af61fffff,10,3
880815af63fffff,29,5
880815af65fffff,17,3
880815af69fffff,31,5
880815af6bfffff,15,5
880815af6dfffff,10,2
880815b00bfffff,1,1
880815b019fffff,1,1
880815b045fffff,7,1
880815b051fffff,3,2
880815b053fffff,7,2
880815b057fffff,1,1
880815b069fffff,5,2
880815b0c5fffff,10,2
880815b201fffff,2,1
880815b203fffff,4,2
880815b205fffff,3,1
880815b21dfffff,13,2
880815b247fffff,2,1
880815b24bfffff,22,4
880815b251fffff,10,3
880815b255fffff,13,3
880815b257fffff,18,2
880815b259fffff,25,6
880815b25bfffff,11,2
880815b261fffff,3,1
880815b28bfffff,2,1
880815b299fffff,20,4
880815b29bfffff,5,2
880815b2a5fffff,2,1
880815b2a9fffff,4,1
880815b2adfffff,8,3
880815b2c1fffff,2,1
880815b2c3fffff,9,1
880815b2c9fffff,6,1
880815b2cbfffff,2,1
880815b2d1fffff,1,1
880815b2d5fffff,8,3
880815b2d7fffff,20,3
880815b2e1fffff,1,1
880815b2e5fffff,9,1
880815b2e7fffff,4,2
880815b301fffff,1,1
880815b303fffff,7,1
880815b307fffff,9,3
880815b30dfffff,2,1
880815b311fffff,5,1
880815b315fffff,4,1
880815b331fffff,6,1
880815b339fffff,5,2
880815b33dfffff,2,1
880815b34bfffff,1,1
880815b34dfffff,1,1
880815b361fffff,4,2
880815b363fffff,19,3
880815b367fffff,1,1
880815b36bfffff,7,1
880815b36dfffff,10,2
880815b40bfffff,2,1
880815b411fffff,10,4
880815b413fffff,4,3
880815b417fffff,3,1
880815b41dfffff,10,3
880815b445fffff,3,1
880815b449fffff,5,1
880815b44bfffff,11,2
880815b44dfffff,11,4
880815b457fffff,1,1
880815b489fffff,5,1
880815b48bfffff,5,2
880815b48dfffff,1,1
880815b497fffff,2,1
880815b4c5fffff,8,3
880815b4c7fffff,3,1
880815b627fffff,7,1
880815b6b3fffff,1,1
880815b711fffff,3,1
880815b71bfffff,2,1
880815b71dfffff,2,1
880815b741fffff,9,4
880815b743fffff,6,2
880815b74dfffff,32,5
880815b755fffff,14,5
880815b757fffff,10,3
880815b75dfffff,2,1
880815ba1bfffff,9,2
880815ba55fffff,1,1
880815ba57fffff,1,1
880815ba5dfffff,9,3
880815ba81fffff,15,2
880815ba83fffff,18,7
880815ba85fffff,9,2
880815ba89fffff,2,2
880815ba8bfffff,11,2
880815ba8dfffff,12,3
880815baa9fffff,2,1
880815babbfffff,4,1
880815bac5fffff,25,6
880815bac7fffff,8,1
880815bacdfffff,1,1
880815bae1fffff,10,2
880815bae3fffff,19,2
880815bae7fffff,7,2
880815bae9fffff,2,1
880815baebfffff,52,3
880815c001fffff,8,1
880815c005fffff,55,7
880815c007fffff,26,4
880815c021fffff,23,4
880815c023fffff,49,4
880815c025fffff,25,4
880815c027fffff,24,4
880815c029fffff,30,4
880815c02dfffff,20,4
880815c031fffff,36,3
880815c033fffff,184,6
880815c035fffff,36,4
880815c037fffff,123,6
880815c039fffff,7,1
880815c03bfffff,17,4
880815c03dfffff,8,3
880815c043fffff,2,1
880815c059fffff,17,4
880815c05dfffff,1,1
880815c063fffff,2,1
880815c065fffff,21,2
880815c067fffff,15,2
880815c081fffff,2,1
880815c083fffff,44,4
880815c085fffff,26,4
880815c087fffff,17,5
880815c089fffff,20,4
880815c08bfffff,15,3
880815c08dfffff,5,1
880815c091fffff,26,3
880815c093fffff,13,3
880815c095fffff,17,3
880815c097fffff,12,3
880815c099fffff,39,4
880815c09bfffff,208,5
880815c09dfffff,9,2
880815c0a9fffff,43,4
880815c0abfffff,43,3
880815c0b1fffff,6,2
880815c0b3fffff,18,5
880815c0b9fffff,16,5
880815c0bbfffff,7,4
880815c0c3fffff,3,1
880815c0c5fffff,3,2
880815c0c7fffff,2,1
880815c0e3fffff,14,2
880815c0e5fffff,263,8
880815c0e7fffff,103,5
880815c0e9fffff,2,1
880815c0ebfffff,16,2
880815c0edfffff,5,2
880815c101fffff,12,2
880815c103fffff,4,1
880815c105fffff,39,6
880815c109fffff,35,3
880815c10bfffff,46,6
880815c10dfffff,15,2
880815c119fffff,7,2
880815c11dfffff,7,1
880815c129fffff,3,2
880815c12bfffff,12,3
880815c12dfffff,5,2
880815c141fffff,1,1
880815c143fffff,88,7
880815c147fffff,6,2
880815c149fffff,2,1
880815c14bfffff,16,3
880815c151fffff,316,6
880815c153fffff,118,7
880815c155fffff,126,4
880815c157fffff,89,8
880815c159fffff,16,6
880815c15bfffff,10,3
880815c15dfffff,160,6
880815c161fffff,22,5
880815c163fffff,29,5
880815c167fffff,37,6
880815c16bfffff,12,1
880815c181fffff,11,2
880815c189fffff,4,2
880815c18bfffff,17,4
880815c19dfffff,15,3
880815c1c1fffff,4,1
880815c1c3fffff,3,2
880815c1c9fffff,10,2
880815c1cbfffff,34,5
880815c1cdfffff,7,1
880815c1d3fffff,57,4
880815c1d7fffff,12,3
880815c1d9fffff,300,7
880815c1dbfffff,212,5
880815c1ddfffff,17,2
880815c201fffff,14,3
880815c209fffff,7,2
880815c20dfffff,18,3
880815c217fffff,3,1
880815c219fffff,3,1
880815c21dfffff,2,1
880815c22bfffff,2,1
880815c231fffff,6,2
880815c245fffff,9,3
880815c249fffff,2,1
880815c253fffff,199,6
880815c255fffff,26,3
880815c257fffff,46,4
880815c259fffff,8,2
880815c25bfffff,3,1
880815c261fffff,29,3
880815c263fffff,7,2
880815c267fffff,6,1
880815c269fffff,2,1
880815c26bfffff,20,3
880815c2c9fffff,23,3
880815c2e5fffff,17,4
880815c2e9fffff,4,2
880815c2edfffff,6,1
880815c30dfffff,26,4
880815c331fffff,5,3
880815c335fffff,9,3
880815c337fffff,19,4
880815c345fffff,5,1
880815c369fffff,3,1
880815c36bfffff,3,1
880815c469fffff,1,1
880815c481fffff,42,2
880815c483fffff,26,1
880815c485fffff,33,5
880815c487fffff,10,2
880815c48bfffff,26,3
880815c491fffff,7,1
880815c493fffff,1092,8
880815c497fffff,220,5
880815c499fffff,1,1
880815c49bfffff,8,1
880815c49dfffff,40,5
880815c4a1fffff,11,2
880815c4a3fffff,18,2
880815c4a5fffff,53,3
880815c4a9fffff,4,1
880815c4abfffff,6,2
880815c4b1fffff,11,3
880815c4b3fffff,5,2
880815c4b7fffff,36,2
880815c4bbfffff,7,2
880815c4bdfffff,4,1
880815c4d7fffff,9,1
880815c4e3fffff,12,2
880815c505fffff,17,4
880815c509fffff,47,4
880815c50bfffff,62,6
880815c50dfffff,16,1
880815c515fffff,11,1
880815c519fffff,4,1
880815c539fffff,5,1
880815c541fffff,4,1
880815c545fffff,36,3
880815c547fffff,52,6
880815c549fffff,27,4
880815c54bfffff,12,2
880815c54dfffff,158,3
880815c555fffff,9,1
880815c557fffff,4,1
880815c561fffff,51,5
880815c563fffff,23,3
880815c565fffff,1,1
880815c567fffff,4,1
880815c569fffff,14,1
880815c56bfffff,27,5
880815c56dfffff,18,4
880815c58dfffff,7,1
880815c595fffff,1,1
880815c599fffff,7,2
880815c59dfffff,2,1
880815c5b9fffff,9,2
880815c5bbfffff,18,3
880815c5c3fffff,18,3
880815c5c5fffff,38,3
880815c5c7fffff,22,3
880815c5d1fffff,8,2
880815c5d3fffff,27,4
880815c5d5fffff,13,2
880815c5dbfffff,9,1
880815c5ddfffff,13,2
880815c5e9fffff,8,1
880815c5ebfffff,18,2
880815c601fffff,10,3
880815c603fffff,10,1
880815c607fffff,10,3
880815c60bfffff,11,3
880815c60dfffff,4,1
880815c611fffff,12,3
880815c613fffff,14,4
880815c617fffff,4,1
880815c619fffff,179,3
880815c61bfffff,343,7
880815c61dfffff,35,4
880815c621fffff,2,1
880815c623fffff,8,1
880815c627fffff,2,1
880815c629fffff,6,3
880815c62dfffff,21,6
880815c631fffff,10,2
880815c633fffff,26,2
880815c635fffff,7,2
880815c63bfffff,44,3
880815c63dfffff,9,2
880815c649fffff,13,2
880815c64bfffff,4,1
880815c651fffff,48,4
880815c653fffff,332,3
880815c655fffff,17,2
880815c657fffff,11,2
880815c659fffff,11,3
880815c65bfffff,89,4
880815c65dfffff,107,5
880815c663fffff,13,2
880815c665fffff,5,1
880815c667fffff,17,3
880815c681fffff,354,4
880815c683fffff,337,4
880815c689fffff,51,4
880815c68bfffff,372,8
880815c68dfffff,371,5
880815c691fffff,71,4
880815c693fffff,19,3
880815c695fffff,221,3
880815c697fffff,26,2
880815c699fffff,37,3
880815c69bfffff,68,6
880815c69dfffff,47,3
880815c6c1fffff,682,6
880815c6c3fffff,565,8
880815c6c5fffff,2,1
880815c6c7fffff,79,4
880815c6c9fffff,217,7
880815c6cbfffff,435,5
880815c6cdfffff,73,4
880815c6d1fffff,15,3
880815c6d5fffff,14,2
880815c6d7fffff,12,3
880815c6d9fffff,162,7
880815c6dbfffff,37,6
880815c6ddfffff,247,5
880815c6e1fffff,155,4
880815c6e9fffff,35,2
880815c6ebfffff,65,4
880815c6edfffff,171,6
880815c701fffff,32,5
880815c703fffff,31,3
880815c705fffff,15,3
880815c709fffff,85,6
880815c70bfffff,26,2
880815c70dfffff,59,5
880815c711fffff,50,4
880815c713fffff,30,3
880815c715fffff,19,5
880815c717fffff,26,4
880815c719fffff,57,4
880815c71bfffff,353,8
880815c71dfffff,94,5
880815c721fffff,26,2
880815c723fffff,31,6
880815c725fffff,52,2
880815c727fffff,269,5
880815c729fffff,46,5
880815c72bfffff,11,2
880815c72dfffff,15,3
880815c731fffff,33,5
880815c735fffff,10,1
880815c737fffff,6,1
880815c739fffff,12,2
880815c73bfffff,17,3
880815c73dfffff,6,1
880815c751fffff,37,4
880815c753fffff,6,2
880815c755fffff,22,3
880815c757fffff,23,5
880815c75bfffff,26,4
880815c761fffff,12,2
880815c763fffff,29,5
880815c767fffff,1,1
880815c76bfffff,74,4
880815c901fffff,5,1
880815c903fffff,13,4
880815c907fffff,3,1
880815c909fffff,7,1
880815c90bfffff,10,3
880815c915fffff,9,2
880815c91dfffff,7,2
880815c923fffff,17,2
880815c935fffff,8,2
880815c939fffff,20,4
880815c93dfffff,16,4
880815c943fffff,8,2
880815c949fffff,15,2
880815c94bfffff,5,2
880815c951fffff,4,1
880815c957fffff,8,2
880815ca01fffff,10,1
880815ca03fffff,4,2
880815ca05fffff,174,4
880815ca07fffff,15,2
880815ca0bfffff,7,2
880815ca19fffff,2,1
880815ca1dfffff,6,2
880815ca21fffff,5,1
880815ca25fffff,498,7
880815ca29fffff,121,5
880815ca2dfffff,211,3
880815ca39fffff,3,1
880815ca53fffff,15,2
880815ca55fffff,3,1
880815ca57fffff,11,3
880815ca5bfffff,12,3
880815ca65fffff,9,1
880815ca67fffff,81,3
880815cb03fffff,17,2
880815cb07fffff,17,4
880815cb0bfffff,2,1
880815cb11fffff,7,3
880815cb15fffff,46,3
880815cb19fffff,162,4
880815cb1dfffff,44,5
880815cb2bfffff,4,1
880815cb31fffff,1,1
880815cb39fffff,6,2
880815cb3dfffff,8,2
880815cb43fffff,1,1
880815cb49fffff,7,2
880815cb4bfffff,6,1
880815cb51fffff,93,6
880815cb53fffff,118,5
880815cb55fffff,41,4
880815cb57fffff,43,4
880815cb59fffff,124,4
880815cb5bfffff,604,8
880815cb5dfffff,7,1
880815ce59fffff,6,1
880815d001fffff,3,1
880815d003fffff,4,1
880815d007fffff,5,2
880815d011fffff,4,3
880815d015fffff,8,2
880815d017fffff,1,1
880815d019fffff,4,1
880815d01bfffff,2,1
880815d01dfffff,6,1
880815d029fffff,11,4
880815d02bfffff,2,1
880815d031fffff,21,4
880815d033fffff,16,5
880815d035fffff,67,5
880815d037fffff,11,2
880815d039fffff,4,1
880815d03bfffff,6,3
880815d065fffff,4,1
880815d081fffff,2,2
880815d083fffff,10,3
880815d085fffff,16,3
880815d08dfffff,14,4
880815d091fffff,9,2
880815d093fffff,3,1
880815d097fffff,2,1
880815d0a7fffff,7,1
880815d0b9fffff,10,1
880815d0bbfffff,2,1
880815d0c5fffff,20,3
880815d0e1fffff,1,1
880815d0e9fffff,10,2
880815d0ebfffff,9,4
880815d0edfffff,5,3
880815d133fffff,6,1
880815d157fffff,2,1
880815d15bfffff,12,1
880815d181fffff,4,1
880815d185fffff,8,1
880815d189fffff,10,4
880815d18dfffff,17,2
880815d197fffff,9,3
880815d19bfffff,2,1
880815d19dfffff,6,1
880815d1a1fffff,4,1
880815d1a3fffff,6,2
880815d1a5fffff,6,2
880815d1a7fffff,9,1
880815d1a9fffff,1,1
880815d1abfffff,14,1
880815d1adfffff,3,1
880815d1c3fffff,31,5
880815d1c5fffff,9,2
880815d1c9fffff,6,2
880815d1cbfffff,28,2
880815d1cdfffff,7,3
880815d1d5fffff,15,4
880815d1d7fffff,5,1
880815d1ddfffff,15,3
880815d1e1fffff,11,2
880815d1e5fffff,8,2
880815d1e7fffff,11,3
880815d1e9fffff,16,3
880815d1ebfffff,12,1
880815d1edfffff,5,2
880815d211fffff,1,1
880815d21bfffff,2,1
880815d2a5fffff,2,1
880815d2a9fffff,4,1
880815d2abfffff,4,2
880815d30dfffff,2,1
880815d319fffff,1,1
880815d353fffff,2,1
880815d35bfffff,1,1
880815d409fffff,33,2
880815d40bfffff,6,2
880815d40dfffff,17,4
880815d419fffff,5,1
880815d41bfffff,21,3
880815d433fffff,14,4
880815d43bfffff,4,1
880815d441fffff,2,1
880815d44bfffff,1,1
880815d451fffff,24,2
880815d453fffff,42,3
880815d455fffff,30,3
880815d457fffff,19,2
880815d45bfffff,22,3
880815d46bfffff,4,1
880815d4a1fffff,13,2
880815d4a3fffff,15,2
880815d4a5fffff,27,1
880815d4a7fffff,22,3
880815d4b1fffff,18,2
880815d4b3fffff,71,4
880815d4b5fffff,31,4
880815d4b7fffff,7,3
880815d4bbfffff,25,3
880815d4c9fffff,35,5
880815d509fffff,2,1
880815d50bfffff,2,1
880815d521fffff,35,4
880815d523fffff,38,2
880815d525fffff,198,5
880815d527fffff,43,3
880815d52dfffff,94,2
880815d531fffff,10,2
880815d533fffff,6,2
880815d535fffff,39,5
880815d53dfffff,14,3
880815d545fffff,16,3
880815d547fffff,12,2
880815d563fffff,2,1
880815d565fffff,5,2
880815d567fffff,3,1
880815d56bfffff,6,2
880815d56dfffff,3,1
880815d599fffff,8,1
880815d5a9fffff,1,1
880815d5adfffff,11,1
880815d5c3fffff,4,1
880815d5c7fffff,2,1
880815d5d3fffff,3,2
880815d5d9fffff,67,7
880815d5dbfffff,13,3
880815d5ddfffff,36,4
880815d5e9fffff,4,2
880815d5edfffff,5,1
880815d611fffff,2,1
880815d615fffff,2,1
880815d617fffff,18,3
880815d631fffff,12,2
880815d633fffff,17,3
880815d635fffff,1,1
880815d637fffff,6,2
880815d639fffff,8,1
880815d63bfffff,24,5
880815d63dfffff,2,1
880815d685fffff,12,3
880815d687fffff,28,4
880815d689fffff,19,3
880815d68bfffff,9,4
880815d691fffff,30,4
880815d693fffff,106,2
880815d697fffff,8,2
880815d699fffff,7,3
880815d69bfffff,157,7
880815d69dfffff,15,4
880815d6a1fffff,83,7
880815d6a3fffff,20,5
880815d6a5fffff,32,3
880815d6a7fffff,46,5
880815d6a9fffff,19,5
880815d6abfffff,19,4
880815d6adfffff,67,4
880815d6b1fffff,26,4
880815d6b5fffff,20,3
880815d6b9fffff,32,3
880815d6bbfffff,13,4
880815d6bdfffff,70,8
880815d6c1fffff,67,7
880815d6c3fffff,45,7
880815d6c5fffff,17,4
880815d6c7fffff,1,1
880815d6c9fffff,48,4
880815d6cbfffff,23,4
880815d6cdfffff,40,7
880815d6d1fffff,12,2
880815d6d5fffff,22,4
880815d6d7fffff,1,1
880815d6ddfffff,8,2
880815d6e1fffff,6,1
880815d6e5fffff,2,1
880815d6e7fffff,3,1
880815d6edfffff,34,6
880815d9a7fffff,9,1
880815d9b5fffff,14,2
880815d9b7fffff,9,3
880815da83fffff,12,1
880815da91fffff,26,3
880815da95fffff,3,1
880815da99fffff,5,1
880815da9dfffff,7,3
880815dadbfffff,3,2
88081c0139fffff,2,1
88081c013bfffff,2,1
88081c0191fffff,1,1
88081c029bfffff,4,1
88081c0413fffff,2,1
88081c0465fffff,4,1
88081c04a5fffff,8,2
88081c04e1fffff,8,2
88081c04e7fffff,4,1
88081c04e9fffff,8,1
88081c0505fffff,6,2
88081c050dfffff,9,1
88081c0523fffff,2,1
88081c0529fffff,5,2
88081c052bfffff,8,1
88081c0535fffff,5,1
88081c053dfffff,8,2
88081c0543fffff,7,2
88081c0547fffff,4,2
88081c0551fffff,30,2
88081c0559fffff,102,4
88081c055dfffff,60,5
88081c0563fffff,10,3
88081c0593fffff,4,3
88081c0595fffff,6,2
88081c059bfffff,12,3
88081c059dfffff,2,1
88081c0605fffff,7,2
88081c060dfffff,2,1
88081c0629fffff,3,1
88081c0641fffff,4,1
88081c0647fffff,4,2
88081c0649fffff,4,1
88081c0663fffff,2,1
88081c06a9fffff,2,1
88081c06cbfffff,3,1
88081c06e3fffff,2,1
88081c0711fffff,5,1
88081c0715fffff,3,1
88081c0717fffff,11,2
88081c0733fffff,8,1
88081c0737fffff,9,1
88081c073bfffff,6,1
88081c0741fffff,6,1
88081c0745fffff,6,1
88081c074dfffff,4,1
88081c0753fffff,5,1
88081c0805fffff,5,1
88081c0825fffff,16,2
88081c0829fffff,13,3
88081c082dfffff,6,2
88081c0859fffff,4,1
88081c085dfffff,5,2
88081c0863fffff,18,3
88081c0911fffff,27,4
88081c0915fffff,7,1
88081c0917fffff,14,2
88081c0919fffff,3,1
88081c091bfffff,25,3
88081c0937fffff,6,1
88081c093bfffff,8,1
88081c0959fffff,5,1
88081c0a17fffff,8,1
88081c0a33fffff,8,3
88081c0a3bfffff,4,1
88081c0aedfffff,20,4
88081c0b61fffff,2,1
88081c0b6dfffff,4,1
88081c0c83fffff,2,1
88081c0cc7fffff,3,1
88081c0e0dfffff,6,1
88081c0e55fffff,1,1
88081c0e63fffff,1,1
88081c0e6bfffff,1,1
88081c0e89fffff,5,1
88081c0e8dfffff,13,3
88081c0ec1fffff,1,1
88081c0ec3fffff,2,1
88081c0ec7fffff,5,1
88081c0ec9fffff,3,1
88081c145bfffff,1,1
88081c1485fffff,7,3
88081c1489fffff,8,3
88081c148dfffff,7,3
88081c14a1fffff,5,1
88081c14a3fffff,4,1
88081c14abfffff,5,3
88081c14adfffff,2,1
88081c14c3fffff,2,1
88081c14cbfffff,10,2
88081c14ddfffff,1,1
88081c15adfffff,5,1
88081c15b1fffff,4,1
88081c15b9fffff,6,1
88081c15bdfffff,2,1
88081c15d7fffff,1,1
88081c16adfffff,3,2
88081c16e7fffff,3,1
88081c19a1fffff,9,1
88081c19a5fffff,4,2
88081c3013fffff,1,1
88081c3035fffff,6,2
88081c3037fffff,2,1
88081c3053fffff,1,1
88081c3059fffff,3,1
88081c30c1fffff,1,1
88081c30c3fffff,2,1
88081c30e5fffff,12,1
88081c30edfffff,10,3
88081c31d9fffff,3,2
88081c3231fffff,2,1
88081c3257fffff,7,1
88081c32b3fffff,1,1
88081c32b7fffff,7,2
88081c3429fffff,1,1
88081c3451fffff,4,1
88081c3547fffff,3,1
88081c3563fffff,5,1
88081c356dfffff,1,1
88081c36c1fffff,6,2
88081c36c5fffff,3,1
88081c36e9fffff,27,2
88081c386dfffff,18,4
88081c3929fffff,4,1
88081c3935fffff,2,1
88081c393dfffff,5,1
88081c3a4dfffff,10,3
88081c3a65fffff,1,1
88081c3a6dfffff,1,1
88081c3b17fffff,2,1
88081c3b19fffff,3,1
88081c3b3bfffff,3,1
88081c3b51fffff,7,1
88081c3b53fffff,4,1
88081c3b5bfffff,1,1
88081c4441fffff,42,3
88081c4445fffff,12,3
88081c4449fffff,13,1
88081c444dfffff,9,1
88081c4461fffff,11,3
88081c446bfffff,20,4
88081c4517fffff,3,1
88081c4527fffff,2,1
88081c4541fffff,2,1
88081c4549fffff,3,2
88081c4565fffff,2,1
88081c45a5fffff,9,3
88081c4623fffff,3,2
88081c4631fffff,6,2
88081c4635fffff,5,3
88081c4641fffff,1,1
88081c4681fffff,19,3
88081c4689fffff,59,7
88081c468bfffff,2,1
88081c468dfffff,8,1
88081c46c3fffff,2,1
88081c46d5fffff,22,3
88081c46ddfffff,16,2
88081c46e1fffff,16,3
88081c46e3fffff,4,1
88081c46edfffff,6,2
88081c4731fffff,8,2
88081c4c59fffff,5,1
88081c4cddfffff,5,2
88081c4e11fffff,6,1
88081c4e13fffff,1,1
88081c4e17fffff,1,1
88081c4e1bfffff,12,2
88081c4e3bfffff,2,1
88081c4ed3fffff,1,1
88081c4ee5fffff,2,1
88081c4eedfffff,2,2
88081c5487fffff,1,1
88081c54b5fffff,4,1
88081c54bdfffff,10,3
88081c5693fffff,2,2
88081c569bfffff,9,1
88081c74c9fffff,2,1
88081c74cbfffff,4,1
88081c7b45fffff,11,2
88081c7b69fffff,2,1
88081c9301fffff,15,4
88081c9303fffff,7,2
88081c9305fffff,4,2
88081c9311fffff,1,1
88081c9319fffff,2,1
88081c9323fffff,4,1
88081c9327fffff,2,1
88081c932bfffff,7,3
88081c9345fffff,32,5
88081c9347fffff,3,1
88081c934dfffff,27,2
88081c9361fffff,7,2
88081c9365fffff,11,2
88081c936bfffff,3,1
88081c936dfffff,8,1
88081c9445fffff,1,1
88081c962dfffff,4,1
88081c9663fffff,2,1
88081c9667fffff,1,1
88081ca069fffff,5,2
88081ca06dfffff,1,1
88081ca08bfffff,1,1
88081ca313fffff,8,2
88081ca317fffff,12,2
88081ca34bfffff,2,1
88081ca525fffff,7,2
88081ca5adfffff,10,2
88081ca5e7fffff,2,1
88081cac39fffff,4,2
88081cad45fffff,4,1
88081cad61fffff,1,1
88081cad63fffff,3,1
88081cad6bfffff,2,1
88081cada1fffff,2,1
88081cae09fffff,1,1
88081cae81fffff,3,1
88081cae87fffff,11,2
88081cb01bfffff,1,1
88081cb1b1fffff,3,2
88081cb1b5fffff,6,3
88081cb1b7fffff,10,3
88081cb2a5fffff,1,1
88081cb2a7fffff,5,1
88081cb48bfffff,6,2
88081cb619fffff,3,2
88081cb64bfffff,1,1
88081cb693fffff,12,2
88081cc2cbfffff,1,1
88081d530dfffff,3,1
88081dc001fffff,13,2
88081dc005fffff,12,2
88081dc063fffff,2,1
88081dc14bfffff,2,2
88081dc313fffff,6,2
88081dc827fffff,6,2
88081dc845fffff,9,2
88081dc84dfffff,4,2
88081dc86bfffff,2,1
88081dc9abfffff,1,1
88081dc9c5fffff,2,1
88081dc9cdfffff,3,1
88081dc9ebfffff,5,2
88081dca05fffff,8,2
88081dca0dfffff,2,1
88081dca29fffff,1,1
88081dca2bfffff,2,1
88081dca63fffff,2,1
88081dd249fffff,4,2
88081dd24dfffff,5,1
88081dd253fffff,5,1
88081dd2cbfffff,3,1
88081dd2dbfffff,5,3
88081dd605fffff,5,1
88081dd607fffff,5,1
88081dd639fffff,2,1
88081dd63bfffff,1,1
88081dd63dfffff,6,1
88081dd64bfffff,2,1
88081dd665fffff,1,1
88081dd667fffff,2,1
88081dd83bfffff,2,1
88081dd89dfffff,2,1
88081dd8c5fffff,5,1
88081dd8c7fffff,55,3
88081dd8e1fffff,23,3
88081dd8ebfffff,133,7
88081dd933fffff,5,1
88081dd9c3fffff,2,1
88081dd9e1fffff,4,1
88081dda01fffff,2,1
88081dda09fffff,2,1
88081dda43fffff,8,1
88081ddaa5fffff,4,1
880831686dfffff,12,4
8808316989fffff,59,6
88083169c1fffff,12,4
88083169c3fffff,6,2
88083169c5fffff,22,3
88083169c7fffff,81,5
88083169c9fffff,1,1
88083169cbfffff,4,2
88083169ebfffff,5,2
8808330421fffff,5,1
8808330445fffff,5,1
88083304a1fffff,5,2
88083304a3fffff,1,1
88083304a7fffff,2,1
88083304a9fffff,1,1
88083304abfffff,4,2
88083304adfffff,2,2
88083304b5fffff,4,2
88083304b7fffff,4,1
8808330513fffff,2,1
880833051bfffff,14,3
880833052bfffff,2,1
8808330559fffff,1,1
880833055bfffff,2,1
8808330583fffff,1,1
880833058dfffff,7,1
8808330595fffff,4,2
88083305a9fffff,4,1
88083305abfffff,1,1
88083305b9fffff,10,1
88083305bbfffff,9,4
88083305cdfffff,4,1
88083305d5fffff,9,3
88083305e1fffff,29,5
88083305e3fffff,12,1
88083305e5fffff,9,3
88083305e7fffff,9,4
88083305e9fffff,9,3
88083305ebfffff,82,7
88083305edfffff,9,1
88083306c1fffff,3,2
88083306c7fffff,4,1
88083306cdfffff,2,1
8808330711fffff,12,1
8808330751fffff,8,4
8808330821fffff,6,2
8808330823fffff,7,1
880833082dfffff,7,2
8808330837fffff,9,1
8808330867fffff,8,2
8808330883fffff,4,1
8808330891fffff,1,1
8808330895fffff,2,1
8808330899fffff,8,2
880833089bfffff,12,3
88083308a1fffff,12,3
88083308a3fffff,40,4
88083308abfffff,11,1
88083308adfffff,1,1
88083308b1fffff,7,2
88083308b3fffff,2,1
88083308b7fffff,11,1
88083308b9fffff,3,2
88083308bdfffff,17,4
88083308d1fffff,4,1
8808330989fffff,2,1
8808330993fffff,8,2
880833099bfffff,26,2
88083309c9fffff,6,2
88083309cbfffff,36,5
88083309d1fffff,30,5
88083309d3fffff,7,1
88083309d9fffff,46,2
88083309ddfffff,56,5
8808330b01fffff,21,2
8808330b03fffff,13,3
8808330b09fffff,2,2
8808330b0bfffff,7,2
8808330b0dfffff,10,2
8808330b15fffff,2,1
8808330b39fffff,18,2
8808330b3bfffff,4,1
8808330b41fffff,2,1
8808330b43fffff,5,1
8808330b47fffff,5,2
8808330c21fffff,452,8
8808330c23fffff,372,6
8808330c25fffff,303,7
8808330c27fffff,177,6
8808330c29fffff,11,2
8808330c2bfffff,68,3
8808330c2dfffff,187,7
8808330c31fffff,19,5
8808330c33fffff,14,3
8808330c35fffff,111,3
8808330c39fffff,5,1
8808330c3dfffff,45,7
8808330c61fffff,2,1
8808330c67fffff,14,2
8808330c81fffff,15,5
8808330c83fffff,2,2
8808330c87fffff,9,1
8808330c89fffff,10,2
8808330c8bfffff,15,4
8808330c8dfffff,6,2
8808330ca5fffff,7,2
8808330cd5fffff,4,1
8808330cd7fffff,10,1
8808330ce1fffff,10,3
8808330ce3fffff,3,1
8808330cedfffff,13,4
8808330d11fffff,34,1
8808330d13fffff,94,3
8808330d19fffff,145,5
8808330d1bfffff,461,6
8808330d49fffff,12,1
8808330d4bfffff,2,1
8808330d51fffff,16,2
8808330d53fffff,144,5
8808330d55fffff,8,3
8808330d57fffff,16,2
8808330d59fffff,16,2
8808330d5bfffff,21,4
8808330d5dfffff,15,2
8808330d65fffff,4,1
8808330d6dfffff,1,1
8808330d8bfffff,2,1
8808330d91fffff,11,5
8808330d97fffff,10,2
8808330d99fffff,18,3
8808330d9bfffff,4,2
8808330dc1fffff,10,1
8808330dc3fffff,12,2
8808330dc7fffff,4,1
8808330dcdfffff,3,2
8808330dd1fffff,30,2
8808330dd3fffff,14,4
8808330dd5fffff,18,2
8808330dd7fffff,38,2
8808330e25fffff,8,2
8808330e33fffff,5,1
8808330e37fffff,6,2
8808330e5bfffff,1,1
8808330e81fffff,32,5
8808330e89fffff,1,1
8808330e8dfffff,8,2
8808330ed1fffff,12,3
8808330ed5fffff,16,2
8808330ee1fffff,8,1
8808330eedfffff,6,1
8808330f23fffff,1,1
8808330f25fffff,14,2
8808330f27fffff,22,3
8808330f2dfffff,5,1
8808330f35fffff,12,2
8808330f37fffff,4,1
8808331411fffff,4,2
8808331419fffff,2,2
880833141dfffff,2,1
8808331441fffff,1,1
8808331443fffff,1,1
8808331487fffff,7,2
88083314b9fffff,2,1
88083314ebfffff,5,1
88083315b7fffff,1,1
8808331719fffff,2,1
8808331741fffff,2,1
8808331933fffff,13,3
8808331937fffff,7,3
8808331961fffff,2,1
8808331969fffff,17,5
880833196bfffff,1,1
880833196dfffff,2,2
88083319a5fffff,1,1
88083319a7fffff,3,1
8808332001fffff,2,1
8808332009fffff,26,3
880833200bfffff,9,2
8808332015fffff,3,2
8808332017fffff,7,3
8808332057fffff,1,1
8808332061fffff,1,1
880833206dfffff,6,3
8808332089fffff,5,1
8808332097fffff,3,1
8808332107fffff,2,1
880833214dfffff,15,4
8808332161fffff,8,1
8808332165fffff,4,1
8808332169fffff,12,3
8808332183fffff,3,2
880833218bfffff,2,1
8808332191fffff,1,1
8808332195fffff,11,1
8808332197fffff,1,1
880833219dfffff,1,1
88083321a5fffff,9,3
88083321a7fffff,6,1
8808332227fffff,3,1
8808332249fffff,21,3
880833224bfffff,3,1
880833224dfffff,8,1
8808332251fffff,15,2
8808332253fffff,107,4
880833225dfffff,17,3
8808332313fffff,17,3
8808332341fffff,6,1
8808332349fffff,9,2
880833234bfffff,40,4
8808332351fffff,4,2
880833235dfffff,45,3
8808332465fffff,2,1
880833246dfffff,2,1
8808332483fffff,6,2
8808332495fffff,29,3
8808332497fffff,10,1
88083324b3fffff,11,1
88083324b9fffff,28,2
88083324bbfffff,46,4
8808332531fffff,2,1
880833253dfffff,6,3
8808332581fffff,1,1
8808332583fffff,2,1
8808332585fffff,6,3
8808332587fffff,2,1
88083325b1fffff,1,1
88083325b9fffff,2,1
88083325ebfffff,1,1
88083325edfffff,3,1
8808332603fffff,9,1
8808332615fffff,9,2
880833261dfffff,25,6
8808332681fffff,2,1
8808332685fffff,4,1
8808332687fffff,3,1
8808332689fffff,11,3
880833268dfffff,6,2
8808332691fffff,2,1
8808332693fffff,8,2
8808332695fffff,15,4
8808332697fffff,25,5
8808332699fffff,4,2
880833269bfffff,6,1
880833269dfffff,4,2
88083326b1fffff,5,3
88083326b5fffff,3,1
88083326b9fffff,12,4
88083326bbfffff,4,1
88083326bdfffff,7,1
88083326e3fffff,4,2
88083326ebfffff,7,1
8808332761fffff,8,2
8808332763fffff,2,1
880833276bfffff,2,1
8808332833fffff,4,1
8808332887fffff,11,4
88083328a1fffff,3,1
88083328a7fffff,3,1
88083328a9fffff,3,1
88083328adfffff,22,3
88083328b1fffff,6,2
88083328b3fffff,3,2
88083328b9fffff,9,1
88083328e5fffff,65,6
88083328e7fffff,14,2
88083328edfffff,4,2
8808332941fffff,27,3
8808332945fffff,9,3
880833294dfffff,4,2
88083329a1fffff,2,1
88083329a3fffff,4,2
88083329b1fffff,3,2
88083329b3fffff,3,1
88083329b5fffff,7,1
88083329d9fffff,32,2
88083329dbfffff,40,2
8808332a5bfffff,6,1
8808332a9bfffff,6,1
8808332ac3fffff,1,1
8808332ad3fffff,2,1
8808332adbfffff,10,1
8808332b05fffff,2,1
8808332b07fffff,18,4
8808332b33fffff,2,1
8808332d25fffff,2,1
8808332db5fffff,7,2
8808332db7fffff,5,1
8808332e51fffff,1,1
8808332eb1fffff,1,1
8808332eb3fffff,3,1
8808332ed9fffff,2,1
8808332f01fffff,1,1
8808332f03fffff,1,1
8808332f13fffff,1,1
8808332f1bfffff,1,1
8808332f29fffff,3,2
8808332f4bfffff,1,1
8808332f57fffff,2,1
8808333021fffff,8,2
880833302dfffff,3,1
8808333065fffff,22,4
8808333067fffff,1,1
8808333093fffff,6,3
8808333095fffff,2,1
8808333097fffff,28,4
880833309bfffff,1,1
88083330a1fffff,3,1
88083330a3fffff,10,3
88083330a5fffff,28,3
88083330a7fffff,74,5
88083330b1fffff,10,2
88083330b3fffff,1,1
88083330b5fffff,3,1
88083330b9fffff,18,2
88083330bbfffff,10,2
88083330bdfffff,3,2
8808333159fffff,10,2
880833315bfffff,5,1
8808333189fffff,2,1
8808333199fffff,2,1
880833319bfffff,1,1
88083331a3fffff,13,4
88083331a7fffff,9,3
88083331a9fffff,50,6
88083331abfffff,6,2
88083331adfffff,13,2
88083331b5fffff,14,2
88083331c1fffff,4,1
88083331c3fffff,5,1
88083331c5fffff,1,1
88083331cbfffff,7,1
88083331d1fffff,131,5
88083331d3fffff,51,5
88083331d5fffff,20,2
88083331ddfffff,34,4
88083331e3fffff,13,3
88083331e7fffff,3,1
8808333281fffff,6,2
8808333283fffff,4,2
8808333289fffff,1,1
880833328dfffff,6,3
8808333291fffff,13,2
8808333293fffff,11,3
88083332c1fffff,5,1
88083332c3fffff,100,5
88083332c5fffff,3,1
88083332cbfffff,1,1
88083332d1fffff,326,7
88083332d3fffff,7,2
88083332d9fffff,257,5
88083332dbfffff,382,7
88083332ddfffff,63,4
8808333305fffff,3,2
8808333307fffff,42,4
880833332bfffff,3,1
8808333331fffff,9,2
8808333333fffff,11,5
8808333339fffff,7,2
880833333bfffff,9,1
880833333dfffff,8,2
880833336dfffff,2,1
8808333401fffff,20,3
8808333403fffff,12,2
8808333409fffff,2,1
880833340bfffff,2,1
8808333411fffff,6,1
8808333415fffff,3,1
8808333419fffff,4,2
880833341dfffff,5,1
8808333445fffff,6,2
8808333451fffff,8,2
8808333453fffff,6,2
8808333455fffff,16,4
8808333457fffff,8,2
8808333459fffff,19,5
880833345bfffff,5,2
880833345dfffff,7,2
880833346bfffff,1,1
8808333521fffff,98,5
8808333525fffff,70,4
8808333529fffff,41,3
880833352bfffff,3,1
880833352dfffff,13,1
8808333541fffff,4,1
8808333545fffff,15,2
880833354dfffff,1,1
8808333563fffff,4,1
8808333565fffff,3,1
8808333567fffff,1,1
8808333569fffff,5,2
880833356dfffff,3,1
8808333603fffff,9,3
8808333605fffff,25,3
8808333607fffff,6,1
8808333609fffff,1,1
8808333611fffff,7,1
8808333615fffff,70,4
8808333617fffff,95,4
8808333619fffff,22,4
880833361dfffff,12,4
8808333629fffff,9,1
880833362bfffff,3,1
880833362dfffff,3,1
8808333637fffff,4,1
880833363bfffff,42,6
8808333651fffff,3,1
8808333653fffff,13,4
8808333657fffff,38,5
8808333663fffff,20,3
8808333667fffff,1,1
88083336e9fffff,27,3
88083336ebfffff,18,4
88083336edfffff,57,3
8808333713fffff,2,1
8808333717fffff,1,1
8808333723fffff,9,3
880833372bfffff,14,3
8808333743fffff,1,1
880833374bfffff,5,1
880833375bfffff,3,2
8808333763fffff,6,2
8808333865fffff,1,1
880833388dfffff,1,1
88083338b1fffff,1,1
88083338b9fffff,1,1
88083338d1fffff,5,1
88083338e1fffff,9,2
8808333941fffff,3,1
8808333943fffff,3,1
8808333949fffff,16,2
880833394bfffff,6,1
880833394dfffff,6,2
88083339c5fffff,7,2
88083339c7fffff,2,1
88083339ddfffff,2,2
88083339e9fffff,4,1
88083339edfffff,4,2
8808333a09fffff,1,1
8808333a21fffff,1,1
8808333a29fffff,16,4
8808333a2bfffff,10,2
8808333a2dfffff,13,3
8808333a49fffff,7,2
8808333a4bfffff,2,1
8808333a67fffff,1,1
8808333a69fffff,1,1
8808333ad5fffff,4,1
8808333b35fffff,5,1
8808334529fffff,3,1
880833452bfffff,30,5
8808334531fffff,14,3
8808334533fffff,26,3
8808334535fffff,9,2
8808334537fffff,3,1
8808334539fffff,1,1
880833453bfffff,2,1
880833453dfffff,19,5
8808334597fffff,2,1
88083345a1fffff,72,6
88083345a3fffff,133,5
88083345a5fffff,26,5
88083345a7fffff,60,5
88083345a9fffff,4,1
88083345abfffff,17,4
88083345adfffff,28,6
88083345b1fffff,10,3
88083345b3fffff,8,1
88083345b5fffff,45,5
88083345b7fffff,15,2
88083345b9fffff,12,1
88083345bbfffff,5,1
88083345bdfffff,13,5
88083345e5fffff,27,6
88083345e7fffff,11,1
88083346b1fffff,4,1
88083346b7fffff,3,1
88083346e3fffff,1,1
88083346e7fffff,2,1
8808334c93fffff,2,1
8808334e91fffff,2,1
8808334e97fffff,4,1
8808334e99fffff,72,4
8808334e9bfffff,61,5
8808334ed1fffff,13,2
8808334ed3fffff,15,3
8808334ed9fffff,23,5
8808334edbfffff,48,5
88083356ddfffff,15,2
8808336003fffff,2,1
880833600bfffff,4,1
880833600dfffff,6,2
880833601dfffff,3,1
880833602bfffff,2,1
8808336039fffff,2,1
8808336069fffff,3,2
880833606bfffff,3,2
880833606dfffff,2,1
8808336087fffff,6,2
8808336097fffff,4,1
88083360a1fffff,4,1
88083360a7fffff,36,5
88083360a9fffff,2,1
88083360abfffff,5,1
88083360b1fffff,1,1
88083360b3fffff,7,2
88083360b9fffff,3,1
88083360bbfffff,13,3
8808336117fffff,2,1
8808336181fffff,9,2
8808336183fffff,6,1
8808336185fffff,6,2
880833618dfffff,7,3
8808336191fffff,5,1
8808336197fffff,4,1
880833619bfffff,5,1
880833619dfffff,9,3
88083361a9fffff,3,1
88083361c1fffff,10,4
88083361c3fffff,1,1
88083361c5fffff,4,3
88083361cbfffff,3,1
88083361cdfffff,5,1
88083361d1fffff,8,2
88083361e9fffff,2,1
88083361ebfffff,8,1
880833624bfffff,4,1
8808336251fffff,5,1
880833625dfffff,5,1
8808336289fffff,4,1
88083362c3fffff,1,1
88083362c9fffff,2,1
88083362cdfffff,3,1
8808336301fffff,5,2
8808336303fffff,12,2
8808336305fffff,4,2
8808336315fffff,7,2
8808336325fffff,2,1
8808336327fffff,1,1
880833632dfffff,15,3
8808336337fffff,9,2
8808336339fffff,3,1
880833633bfffff,4,1
8808336369fffff,4,1
880833636dfffff,3,1
8808336405fffff,5,1
8808336407fffff,22,4
8808336415fffff,5,1
8808336419fffff,2,1
880833641dfffff,3,1
880833642bfffff,4,1
8808336431fffff,13,4
8808336433fffff,6,1
8808336437fffff,6,2
8808336439fffff,5,3
8808336461fffff,12,2
8808336463fffff,4,2
8808336469fffff,1,1
880833646dfffff,1,1
88083364e1fffff,1,1
88083364e5fffff,8,3
88083364ebfffff,3,2
88083364edfffff,4,2
8808336507fffff,2,1
8808336509fffff,1,1
880833650bfffff,2,1
8808336521fffff,9,1
8808336525fffff,3,1
880833652bfffff,3,1
8808336531fffff,4,2
8808336537fffff,10,3
880833653dfffff,4,1
8808336545fffff,2,1
8808336547fffff,9,3
8808336551fffff,5,1
8808336557fffff,2,1
8808336581fffff,4,2
8808336585fffff,1,1
8808336587fffff,29,5
880833658bfffff,3,1
880833658dfffff,19,2
8808336591fffff,15,3
880833659dfffff,24,4
88083365a3fffff,6,1
88083365a7fffff,3,1
88083365b1fffff,13,2
88083365b5fffff,15,3
88083365bdfffff,6,2
88083365c3fffff,4,1
88083365c9fffff,2,1
88083365cbfffff,4,1
88083365d9fffff,7,2
88083365e3fffff,16,2
88083365ebfffff,9,3
8808336725fffff,3,1
880833676bfffff,1,1
8808336801fffff,21,3
8808336805fffff,4,1
8808336809fffff,56,2
880833680bfffff,8,1
880833681dfffff,2,1
8808336829fffff,4,1
8808336843fffff,149,5
8808336847fffff,87,3
880833684bfffff,9,2
8808336851fffff,8,3
8808336853fffff,7,2
8808336855fffff,13,1
8808336859fffff,13,4
880833685bfffff,20,4
880833685dfffff,37,4
8808336861fffff,20,3
8808336863fffff,17,1
8808336865fffff,9,2
8808336867fffff,6,1
880833686bfffff,44,8
880833686dfffff,8,1
8808336881fffff,223,8
8808336883fffff,66,2
8808336885fffff,22,3
8808336889fffff,60,3
880833688bfffff,25,3
880833688dfffff,29,3
8808336899fffff,101,7
880833689bfffff,7,1
880833689dfffff,133,4
88083368c3fffff,68,4
88083368c7fffff,5,1
88083368cbfffff,66,3
88083368d1fffff,1,1
88083368d7fffff,10,1
88083368ddfffff,163,5
88083368e1fffff,27,2
88083368e3fffff,68,4
88083368e5fffff,73,6
88083368e7fffff,134,6
88083368edfffff,6,2
8808336901fffff,6,1
8808336903fffff,13,3
8808336907fffff,4,1
880833690bfffff,11,2
8808336923fffff,10,2
8808336927fffff,22,4
8808336931fffff,71,4
8808336935fffff,131,7
8808336937fffff,77,4
8808336939fffff,8,2
880833693bfffff,1,1
880833693dfffff,33,3
8808336951fffff,19,4
8808336955fffff,22,3
8808336957fffff,6,1
8808336959fffff,4,2
880833695bfffff,5,1
8808336987fffff,1,1
8808336993fffff,2,1
8808336997fffff,1,1
88083369a3fffff,1,1
88083369c1fffff,9,2
88083369c3fffff,33,6
88083369cbfffff,19,2
88083369d5fffff,6,1
88083369d9fffff,61,4
88083369dbfffff,2,1
88083369ddfffff,60,4
8808336a31fffff,1,1
8808336a37fffff,11,3
8808336a39fffff,5,2
8808336a3dfffff,2,1
8808336a43fffff,1,1
8808336a4bfffff,1,1
8808336a5dfffff,4,2
8808336a87fffff,9,3
8808336a97fffff,2,1
8808336aa1fffff,26,3
8808336aa3fffff,1,1
8808336aa9fffff,47,6
8808336aabfffff,15,5
8808336aadfffff,12,4
8808336ab1fffff,3,1
8808336ab3fffff,1,1
8808336ab5fffff,1,1
8808336ab9fffff,18,2
8808336abbfffff,12,3
8808336abdfffff,2,1
8808336ae1fffff,6,2
8808336ae5fffff,3,1
8808336ae7fffff,7,2
8808336b33fffff,5,1
8808336c01fffff,82,3
8808336c03fffff,15,3
8808336c05fffff,63,4
8808336c07fffff,181,5
8808336c09fffff,15,4
8808336c0dfffff,10,3
8808336c11fffff,35,2
8808336c13fffff,8,1
8808336c15fffff,23,2
8808336c17fffff,39,6
8808336c19fffff,26,4
8808336c1bfffff,33,3
8808336c1dfffff,23,3
8808336c23fffff,1,1
8808336c25fffff,4,1
8808336c27fffff,26,2
8808336c29fffff,29,3
8808336c2dfffff,10,1
8808336c31fffff,10,2
8808336c33fffff,8,2
8808336c37fffff,22,5
8808336c39fffff,37,5
8808336c3bfffff,24,5
8808336c3dfffff,23,3
8808336c41fffff,2,1
8808336c43fffff,8,4
8808336c47fffff,11,2
8808336c49fffff,8,3
8808336c4bfffff,6,2
8808336c53fffff,5,1
8808336c63fffff,10,2
8808336c65fffff,31,5
8808336c67fffff,39,6
8808336c93fffff,1,1
8808336c9bfffff,28,4
8808336cc1fffff,7,2
8808336cc5fffff,3,1
8808336cc9fffff,10,1
8808336ccdfffff,8,4
8808336cd3fffff,7,2
8808336cd5fffff,2,1
8808336cd9fffff,42,5
8808336cdbfffff,63,7
8808336d05fffff,5,1
8808336d09fffff,4,1
8808336d0dfffff,5,1
8808336d19fffff,9,2
8808336d21fffff,2,1
8808336d33fffff,4,1
8808336d3bfffff,1,1
8808336d43fffff,27,5
8808336d47fffff,15,4
8808336d4bfffff,15,5
8808336d51fffff,24,4
8808336d53fffff,3,1
8808336d55fffff,15,4
8808336d59fffff,109,4
8808336d5dfffff,104,6
8808336d85fffff,6,3
8808336d87fffff,1,1
8808336dc9fffff,9,3
8808336dcbfffff,35,4
8808336dd1fffff,6,1
8808336dd9fffff,2,1
8808336dddfffff,14,2
8808336de3fffff,4,2
8808336e01fffff,6,1
8808336e07fffff,4,1
8808336e09fffff,12,2
8808336e0dfffff,1,1
8808336e2bfffff,2,1
8808336e41fffff,22,3
8808336e45fffff,3,2
8808336e47fffff,14,2
8808336e4dfffff,20,4
8808336e53fffff,14,4
8808336e5bfffff,6,1
8808336e83fffff,18,3
8808336e8bfffff,8,2
8808336e91fffff,37,6
8808336e93fffff,41,5
8808336e95fffff,1,1
8808336e97fffff,20,3
8808336e99fffff,7,1
8808336e9dfffff,14,3
8808336ea1fffff,18,4
8808336ea3fffff,7,1
8808336ea5fffff,20,3
8808336ea7fffff,18,3
8808336eabfffff,19,2
8808336eb1fffff,20,4
8808336eb3fffff,7,1
8808336eb5fffff,6,2
8808336eb7fffff,28,3
8808336eb9fffff,5,1
8808336ebbfffff,24,3
8808336ebdfffff,10,2
8808336ed7fffff,5,1
8808336f05fffff,5,2
8808336f07fffff,2,1
8808336f0dfffff,4,2
8808336f21fffff,8,2
8808336f23fffff,2,1
8808336f25fffff,16,2
8808336f27fffff,21,4
8808336f2bfffff,6,2
8808336f31fffff,12,3
8808336f33fffff,33,4
8808336f35fffff,15,4
8808336f37fffff,100,5
8808336f3dfffff,2,1
8808336f45fffff,1,1
8808336f69fffff,4,1
8808336f6bfffff,12,3
88083370c1fffff,1,1
8808337245fffff,4,1
8808337249fffff,4,2
8808337259fffff,17,4
880833725bfffff,7,2
8808337269fffff,5,1
8808337493fffff,1,1
8808337527fffff,1,1
880833752dfffff,4,1
8808337563fffff,1,1
880833760dfffff,7,1
8808337611fffff,4,2
8808337615fffff,6,2
880833761dfffff,3,1
8808337639fffff,3,1
8808337645fffff,5,1
8808337651fffff,3,1
8808337655fffff,6,1
8808337657fffff,4,1
8808337661fffff,3,1
8808337669fffff,5,3
880833766bfffff,10,1
8808337689fffff,2,1
880833768bfffff,12,3
8808337691fffff,26,3
8808337699fffff,12,3
880833769dfffff,3,2
88083376c1fffff,22,4
88083376c3fffff,58,4
88083376d5fffff,17,3
88083376d7fffff,12,3
8808337841fffff,9,3
8808337847fffff,4,1
8808337849fffff,2,1
880833784dfffff,6,1
8808337853fffff,30,2
8808337859fffff,8,1
880833785bfffff,10,2
8808337881fffff,8,2
8808337885fffff,14,2
8808337887fffff,4,1
8808337889fffff,15,3
88083378abfffff,2,2
88083378b5fffff,2,1
88083378bdfffff,6,1
88083378c1fffff,7,3
88083378c7fffff,18,3
88083378c9fffff,2,1
88083378cdfffff,14,3
88083378d9fffff,6,2
88083378dbfffff,10,3
880833790dfffff,7,3
8808337929fffff,10,3
8808337945fffff,4,1
8808337947fffff,6,1
880833794dfffff,9,1
8808337963fffff,8,2
880833796bfffff,7,2
8808337a01fffff,18,4
8808337a03fffff,13,3
8808337a05fffff,15,5
8808337a07fffff,24,5
8808337a0dfffff,21,4
8808337a27fffff,2,1
8808337a2bfffff,4,1
8808337a31fffff,16,1
8808337a33fffff,7,1
8808337a39fffff,10,2
8808337a3dfffff,16,4
8808337a69fffff,1,1
8808337a6bfffff,4,1
8808337a6dfffff,4,3
8808337a83fffff,14,3
8808337a91fffff,6,1
8808337a93fffff,14,2
8808337a95fffff,18,5
8808337a97fffff,4,2
8808337a9dfffff,9,2
8808337aa5fffff,9,3
8808337aa9fffff,2,1
8808337aabfffff,1,1
8808337aadfffff,3,1
8808337ab3fffff,1,1
8808337abdfffff,4,2
8808337ae5fffff,7,2
8808337ae7fffff,3,1
8808337b05fffff,2,1
8808337b0dfffff,17,2
8808337b19fffff,6,1
8808337b1bfffff,13,3
8808337b21fffff,5,3
8808337b25fffff,2,1
8808337b27fffff,17,4
8808337b29fffff,5,3
8808337b41fffff,3,1
8808337b45fffff,19,3
8808337b47fffff,7,2
8808337b49fffff,328,8
8808337b4bfffff,23,2
8808337b4dfffff,55,4
8808337b53fffff,6,2
8808337b63fffff,2,2
8808337b69fffff,4,1
8808337b6bfffff,23,3
8808338c25fffff,2,1
8808338c43fffff,3,1
8808338c5dfffff,3,2
8808338c69fffff,6,2
8808338cd5fffff,1,1
8808338d11fffff,2,1
8808338d17fffff,3,2
8808338d19fffff,7,2
8808338d57fffff,2,1
8808338d5bfffff,6,2
8808338da1fffff,8,2
8808338da3fffff,3,1
8808338dadfffff,2,1
8808338dedfffff,3,2
8808338e2bfffff,4,1
8808338e97fffff,3,2
8808338ea3fffff,2,1
8808338eb1fffff,1,1
8808338ee7fffff,5,1
880833a003fffff,4,1
880833a009fffff,23,2
880833a00bfffff,14,2
880833a015fffff,10,2
880833a01dfffff,18,1
880833a041fffff,27,3
880833a043fffff,32,2
880833a047fffff,22,3
880833a04dfffff,10,3
880833a053fffff,4,1
880833a085fffff,5,2
880833a087fffff,3,1
880833a0e3fffff,2,1
880833a0e9fffff,1,1
880833a0ebfffff,9,1
880833a0edfffff,5,4
880833a107fffff,2,1
880833a12bfffff,1,1
880833a131fffff,1,1
880833a133fffff,4,1
880833a139fffff,5,2
880833a13dfffff,2,1
880833a163fffff,11,2
880833a165fffff,2,1
880833a167fffff,12,3
880833a169fffff,2,1
880833a181fffff,7,1
880833a185fffff,9,2
880833a187fffff,12,4
880833a18dfffff,1,1
880833a1a1fffff,33,1
880833a1a5fffff,51,6
880833a1a7fffff,81,4
880833a1adfffff,25,4
880833a1b1fffff,5,1
880833a1b3fffff,43,5
880833a1b9fffff,17,3
880833a1bbfffff,7,1
880833a1e3fffff,6,2
880833a211fffff,35,4
880833a213fffff,12,3
880833a215fffff,2,1
880833a217fffff,11,3
880833a219fffff,11,2
880833a21dfffff,38,4
880833a225fffff,4,1
880833a227fffff,1,1
880833a249fffff,2,1
880833a24dfffff,25,3
880833a255fffff,3,1
880833a257fffff,5,1
880833a283fffff,48,5
880833a285fffff,3,1
880833a287fffff,13,3
880833a2b9fffff,39,5
880833a2bbfffff,46,3
880833a2e1fffff,79,6
880833a2e3fffff,9,2
880833a2e5fffff,5,2
880833a2e9fffff,63,4
880833a2ebfffff,6,1
880833a2edfffff,3,1
880833a359fffff,10,2
880833a35bfffff,13,3
880833a401fffff,4,2
880833a403fffff,11,4
880833a405fffff,43,5
880833a407fffff,11,3
880833a40dfffff,6,2
880833a419fffff,1,1
880833a41bfffff,9,1
880833a439fffff,1,1
880833a43dfffff,1,1
880833a445fffff,3,1
880833a449fffff,5,2
880833a44bfffff,40,7
880833a44dfffff,23,1
880833a451fffff,28,5
880833a453fffff,8,3
880833a455fffff,5,2
880833a457fffff,4,2
880833a45dfffff,37,3
880833a463fffff,2,1
880833a469fffff,15,3
880833a46bfffff,12,3
880833a46dfffff,8,2
880833a481fffff,60,5
880833a485fffff,21,4
880833a489fffff,8,2
880833a48dfffff,29,2
880833a4a5fffff,6,1
880833a4a9fffff,8,2
880833a4adfffff,52,4
880833a4c3fffff,16,3
880833a4c7fffff,18,3
880833a4d7fffff,2,1
880833a4e1fffff,6,1
880833a4e3fffff,28,4
880833a4ebfffff,2,1
880833a4edfffff,46,4
880833a525fffff,9,2
880833a581fffff,70,5
880833a585fffff,21,3
880833a58bfffff,115,6
880833a593fffff,2,1
880833a599fffff,11,1
880833a59bfffff,53,6
880833a5a9fffff,42,3
880833a5adfffff,13,2
880833a5d1fffff,88,5
880833a5d3fffff,94,4
880833a5d5fffff,40,3
880833a5d7fffff,21,5
880833a5dbfffff,16,1
880833a5ddfffff,6,1
880833a5e3fffff,123,5
880833a5e5fffff,89,3
880833a5e7fffff,340,6
880833a607fffff,6,2
880833a62bfffff,19,3
880833a633fffff,11,3
880833a637fffff,18,4
880833a639fffff,12,4
880833a63bfffff,2,1
880833a63dfffff,30,4
880833a6a5fffff,3,1
880833a6adfffff,3,1
880833a6e5fffff,59,6
880833a6e7fffff,10,1
880833a6edfffff,66,3
880833a701fffff,2,1
880833a703fffff,5,1
880833a705fffff,6,2
880833a707fffff,11,2
880833a70dfffff,5,2
880833a713fffff,30,3
880833a715fffff,96,4
880833a717fffff,35,4
880833a71bfffff,12,1
880833a72bfffff,7,1
880833a739fffff,47,4
880833a73bfffff,15,2
880833a73dfffff,29,3
880833a761fffff,17,3
880833a763fffff,8,2
880833a76bfffff,16,2
880833a76dfffff,2,2
880833a80bfffff,1,1
880833a811fffff,2,1
880833a81dfffff,2,1
880833a855fffff,12,3
880833a857fffff,12,3
880833a85dfffff,2,1
880833a88bfffff,5,1
880833a893fffff,2,1
880833a897fffff,10,2
880833a89dfffff,3,1
880833a8c5fffff,7,3
880833a927fffff,6,2
880833a92dfffff,3,2
880833a965fffff,2,1
880833a967fffff,2,1
880833aa01fffff,7,2
880833aa03fffff,7,1
880833aa07fffff,9,3
880833aa09fffff,4,2
880833aa0bfffff,13,3
880833aa0dfffff,2,1
880833aa1dfffff,6,1
880833aa49fffff,1,1
880833aa4bfffff,5,1
880833aa4dfffff,2,1
880833aa57fffff,2,1
880833aa9bfffff,1,1
880833aac9fffff,4,1
880833aacdfffff,6,2
880833aad3fffff,5,2
880833aad9fffff,2,1
880833aadbfffff,11,3
880833ac21fffff,22,2
880833ac25fffff,14,2
880833ac29fffff,4,1
880833ac2dfffff,29,2
880833ac41fffff,3,1
880833ac43fffff,14,1
880833ac49fffff,2,2
880833ac4bfffff,32,4
880833ac4dfffff,1,1
880833ac61fffff,7,3
880833ac67fffff,18,2
880833ac6dfffff,1,1
880833ad11fffff,5,1
880833ad13fffff,12,5
880833ad37fffff,40,1
880833ad43fffff,1,1
880833ad45fffff,8,3
880833ad49fffff,27,5
880833ad4dfffff,3,1
880833ad53fffff,4,2
880833ad55fffff,5,1
880833ad81fffff,59,2
880833ad83fffff,109,4
880833ad89fffff,6,2
880833ad8dfffff,1,1
880833ad91fffff,28,5
880833ad93fffff,15,1
880833ad95fffff,16,2
880833ad9bfffff,4,2
880833ad9dfffff,49,2
880833adadfffff,97,3
880833adb3fffff,2,1
880833adb7fffff,11,3
880833ade1fffff,1,1
880833ade5fffff,46,3
880833ade7fffff,16,2
880833ade9fffff,2,1
880833ae11fffff,5,1
880833ae13fffff,87,1
880833ae19fffff,12,2
880833ae1bfffff,28,5
880833ae21fffff,32,4
880833ae25fffff,28,4
880833ae27fffff,3,1
880833ae2dfffff,32,5
880833ae51fffff,109,5
880833ae53fffff,103,5
880833ae57fffff,97,6
880833ae65fffff,15,2
880833ae67fffff,4,1
880833ae93fffff,1,1
880833aec1fffff,191,8
880833aec3fffff,57,4
880833aec5fffff,37,2
880833aec7fffff,185,4
880833aec9fffff,9,2
880833aecbfffff,19,2
880833aecdfffff,197,7
880833aed1fffff,22,3
880833aed3fffff,47,2
880833aed5fffff,10,1
880833aed7fffff,4,2
880833aed9fffff,33,1
880833aedbfffff,484,7
880833af0bfffff,31,3
880833af11fffff,9,2
880833af13fffff,12,3
880833af15fffff,3,1
880833af17fffff,6,2
880833af19fffff,5,2
880833af1bfffff,1,1
880833af1dfffff,19,4
880833af23fffff,3,1
880833af31fffff,41,5
880833af33fffff,52,5
880833af35fffff,12,2
880833af37fffff,16,3
880833af3bfffff,5,2
880833af43fffff,20,4
880833af49fffff,8,2
880833af4bfffff,1,1
880833af53fffff,21,4
880833af55fffff,18,5
880833af57fffff,13,3
880833af59fffff,20,2
880833af5bfffff,69,6
880833b025fffff,5,1
880833b027fffff,4,1
880833b035fffff,2,1
880833b037fffff,3,1
880833b061fffff,5,3
880833b065fffff,26,4
880833b067fffff,6,1
880833b06dfffff,32,5
880833b0a7fffff,15,4
880833b0b5fffff,2,1
880833b183fffff,1,1
880833b193fffff,4,1
880833b19bfffff,15,2
880833b19dfffff,4,2
880833b1b3fffff,2,1
880833b1c9fffff,9,1
880833b1cbfffff,18,2
880833b1d7fffff,7,3
880833b1ddfffff,17,2
880833b317fffff,1,1
880833b333fffff,4,3
880833b33bfffff,36,3
880833b691fffff,7,1
880833b695fffff,45,5
880833b6bbfffff,10,2
880833b807fffff,3,1
880833b823fffff,6,2
880833b837fffff,21,3
880833b865fffff,2,1
880833b867fffff,10,3
880833b887fffff,3,1
880833b8b5fffff,19,4
880833b8bdfffff,7,3
880833b99dfffff,2,1
880833b9c1fffff,10,4
880833b9c9fffff,2,1
880833b9d9fffff,3,1
880833bb01fffff,4,2
880833bb03fffff,1,1
880833bb05fffff,2,1
880833bb07fffff,1,1
880833bb0dfffff,1,1
880833bb21fffff,4,2
880833bb25fffff,3,1
880833bb33fffff,1,1
880833bb3bfffff,2,2
880833bb61fffff,51,3
880833bb63fffff,49,5
880833bb69fffff,8,2
880833bb6bfffff,12,2
880833bb6dfffff,6,2
880833c005fffff,4,1
880833c007fffff,7,3
880833c00dfffff,2,1
880833c037fffff,2,1
880833c03dfffff,3,1
880833c061fffff,6,2
880833c065fffff,18,5
880833c069fffff,2,1
880833c06dfffff,2,1
880833c111fffff,82,6
880833c113fffff,1,1
880833c117fffff,2,1
880833c119fffff,78,5
880833c11bfffff,54,3
880833c123fffff,19,3
880833c125fffff,6,2
880833c127fffff,2,2
880833c131fffff,22,4
880833c137fffff,3,2
880833c13dfffff,1,1
880833c141fffff,15,2
880833c143fffff,3,2
880833c147fffff,16,3
880833c14bfffff,8,2
880833c151fffff,27,4
880833c153fffff,15,3
880833c159fffff,15,2
880833c161fffff,12,3
880833c163fffff,4,1
880833c169fffff,4,2
880833c16bfffff,2,1
880833c16dfffff,8,2
880833c183fffff,5,2
880833c189fffff,7,2
880833c195fffff,4,1
880833c1b3fffff,2,1
880833c1bbfffff,7,3
880833c1c5fffff,7,3
880833c1c7fffff,3,1
880833c1d9fffff,2,1
880833c1ddfffff,3,1
880833c1ebfffff,16,5
880833c313fffff,2,1
880833c317fffff,4,1
880833c333fffff,4,3
880833c337fffff,2,2
880833c33bfffff,4,3
880833c343fffff,1,1
880833c345fffff,5,1
880833c365fffff,7,3
880833c36dfffff,3,2
880833ca59fffff,5,1
880833ca83fffff,20,4
880833ca87fffff,8,3
880833ca8bfffff,4,2
880833cac1fffff,1,1
880833cac3fffff,8,2
880833cac9fffff,37,4
880833cacbfffff,36,6
880833cad5fffff,16,3
880833cc01fffff,12,2
880833cc07fffff,20,3
880833cc09fffff,7,2
880833cc0bfffff,1,1
880833cc0dfffff,11,2
880833cc11fffff,7,2
880833cc13fffff,8,3
880833cc15fffff,13,4
880833cc17fffff,3,2
880833cc1bfffff,9,1
880833cc23fffff,27,2
880833cc2bfffff,35,4
880833cc31fffff,4,1
880833cc35fffff,52,7
880833cc39fffff,5,2
880833cc41fffff,4,2
880833cc45fffff,9,1
880833cc47fffff,10,1
880833cc49fffff,12,4
880833cc4bfffff,8,1
880833cc4dfffff,4,1
880833cc55fffff,10,2
880833cc57fffff,10,1
880833cc5dfffff,13,3
880833cc6bfffff,3,1
880833cc8bfffff,1,1
880833cc97fffff,5,1
880833cc9dfffff,2,2
880833ccd5fffff,4,2
880833cd13fffff,5,1
880833cd17fffff,11,2
880833cdc5fffff,4,1
880833cdc9fffff,2,1
880833cdcdfffff,7,2
880833cdd1fffff,14,1
880833cdd5fffff,20,3
880833cdd9fffff,3,1
880833cdddfffff,10,1
880833cde1fffff,25,5
880833cde3fffff,17,3
880833cde5fffff,2,1
880833cde7fffff,8,2
880833cde9fffff,13,3
880833cdedfffff,10,2
880833ce2dfffff,15,4
880833ce61fffff,10,3
880833ce67fffff,19,4
880833ce6dfffff,7,1
880833d881fffff,12,3
880833d885fffff,48,5
880833d887fffff,36,5
880833d88dfffff,29,1
880833d8a1fffff,6,1
880833d8a9fffff,7,4
880833d8abfffff,6,1
880833d8adfffff,27,3
880833d8b1fffff,25,4
880833d8b3fffff,4,1
880833d8b9fffff,25,5
880833d8bbfffff,20,4
880833d8bdfffff,2,1
880833d8c3fffff,4,2
880833d8cbfffff,5,1
880833d8ddfffff,6,1
880833d9d1fffff,3,1
