hex_id,distance_m,intersects
891f0c91643ffff,14858.7,False
891f0c9164bffff,14723.2,False
891f0c91653ffff,14767.6,False
891f0c9165bffff,14608.2,False
891f0c916c3ffff,14752.4,False
891f0c916cbffff,14643.4,False
891f0c916cfffff,14876.8,False
891f0c916d3ffff,14697.3,False
891f0c916d7ffff,14934.5,False
891f0c916dbffff,14498.7,False
891f0c932c3ffff,15649.6,False
891f0c932c7ffff,15860.2,False
891f0c932cbffff,15378.3,False
891f0c932d3ffff,15573.1,False
891f0c932d7ffff,15820.3,False
891f0c932dbffff,15321.0,False
891f0c93603ffff,15806.3,False
891f0c9360bffff,15640.0,False
891f0c9360fffff,15889.6,False
891f0c93613ffff,15873.3,False
891f0c93617ffff,16019.6,False
891f0c9361bffff,15608.8,False
891f0c9362bffff,16187.0,False
891f0c9363bffff,16201.7,False
891f0c93643ffff,15073.6,False
891f0c93647ffff,15389.7,False
891f0c9364bffff,14809.1,False
891f0c9364fffff,15126.6,False
891f0c93653ffff,15026.7,False
891f0c93657ffff,15340.2,False
891f0c9365bffff,14758.6,False
891f0c93663ffff,15764.3,False
891f0c93667ffff,15967.1,False
891f0c9366bffff,15506.2,False
891f0c9366fffff,15798.7,False
891f0c93673ffff,15706.7,False
891f0c93677ffff,16025.4,False
891f0c9367bffff,15445.0,False
891f0c9368bffff,15723.6,False
891f0c9368fffff,16037.5,False
891f0c9369bffff,15755.0,False
891f0c936c3ffff,15259.2,False
891f0c936c7ffff,15563.8,False
891f0c936cbffff,14985.8,False
891f0c936cfffff,15296.7,False
891f0c936d3ffff,15227.7,False
891f0c936d7ffff,15534.3,False
891f0c936dbffff,14951.1,False
891f0c98453ffff,13888.8,False
891f0c9845bffff,13924.8,False
891f0c9849bffff,13704.6,False
891f0c984cbffff,13636.7,False
891f0c984d3ffff,13412.4,False
891f0c984dbffff,13415.6,False
891f0c98693ffff,13634.3,False
891f0c98697ffff,13827.3,False
891f0c9869bffff,13570.5,False
891f0c986c3ffff,13571.3,False
891f0c986cbffff,13566.6,False
891f0c986d3ffff,13379.6,False
891f0c986d7ffff,13553.9,False
891f0c986dbffff,13396.0,False
891f0c99483ffff,12426.9,False
891f0c99487ffff,12660.5,False
891f0c99493ffff,12140.6,False
891f0c99497ffff,12369.1,False
891f0c994a3ffff,13179.6,False
891f0c994a7ffff,13421.3,False
891f0c994afffff,13428.3,False
891f0c994b3ffff,12893.7,False
891f0c994b7ffff,13121.7,False
891f0c994bbffff,12977.1,False
891f0c99593ffff,13675.1,False
891f0c995d3ffff,13621.2,False
891f0c995dbffff,13605.8,False
891f0c9a013ffff,13305.9,False
891f0c9a017ffff,13520.2,False
891f0c9a01bffff,13005.5,False
891f0c9a043ffff,12902.1,False
891f0c9a04bffff,12813.2,False
891f0c9a04fffff,13021.3,False
891f0c9a053ffff,12697.3,False
891f0c9a057ffff,12910.8,False
891f0c9a05bffff,12594.8,False
891f0c9a083ffff,13176.7,False
891f0c9a087ffff,13456.9,False
891f0c9a08bffff,13046.8,False
891f0c9a08fffff,13379.5,False
891f0c9a093ffff,12977.9,False
891f0c9a097ffff,13312.9,False
891f0c9a09bffff,12842.9,False
891f0c9a0b3ffff,13739.4,False
891f0c9a0bbffff,13583.4,False
891f0c9a0c3ffff,12592.7,False
891f0c9a0c7ffff,12912.3,False
891f0c9a0cbffff,12478.0,False
891f0c9a0cfffff,12805.9,False
891f0c9a0d3ffff,12382.4,False
891f0c9a0d7ffff,12714.4,False
891f0c9a0dbffff,12262.5,False
891f0c9a20bffff,12699.7,False
891f0c9a213ffff,12431.5,False
891f0c9a21bffff,12467.0,False
891f0c9a243ffff,12395.5,False
891f0c9a247ffff,12700.8,False
891f0c9a24bffff,12351.9,False
891f0c9a24fffff,12653.4,False
891f0c9a253ffff,12139.9,False
891f0c9a257ffff,12447.2,False
891f0c9a25bffff,12092.0,False
891f0c9a263ffff,13232.0,False
891f0c9a26bffff,13214.8,False
891f0c9a26fffff,13505.4,False
891f0c9a273ffff,12950.8,False
891f0c9a27bffff,12956.8,False
891f0c9a283ffff,12412.1,False
891f0c9a287ffff,12685.3,False
891f0c9a28bffff,12335.7,False
891f0c9a28fffff,12510.2,False
891f0c9a293ffff,12177.8,False
891f0c9a297ffff,12499.7,False
891f0c9a29bffff,12093.0,False
891f0c9a2b3ffff,12878.3,False
891f0c9a2c3ffff,11947.3,False
891f0c9a2c7ffff,12260.1,False
891f0c9a2cbffff,11886.6,False
891f0c9a2cfffff,12195.9,False
891f0c9a2d3ffff,11701.3,False
891f0c9a2d7ffff,12016.1,False
891f0c9a2dbffff,11635.9,False
891f0c9a403ffff,12070.2,False
891f0c9a407ffff,12407.6,False
891f0c9a40bffff,11920.0,False
891f0c9a40fffff,12256.5,False
891f0c9a413ffff,11888.9,False
891f0c9a417ffff,12226.9,False
891f0c9a41bffff,11733.0,False
891f0c9a423ffff,12929.9,False
891f0c9a427ffff,13266.8,False
891f0c9a42bffff,12783.3,False
891f0c9a42fffff,13119.2,False
891f0c9a433ffff,12745.1,False
891f0c9a437ffff,13082.7,False
891f0c9a43bffff,12593.1,False
891f0c9a443ffff,11441.5,False
891f0c9a447ffff,11776.6,False
891f0c9a44bffff,11306.4,False
891f0c9a44fffff,11640.1,False
891f0c9a453ffff,11247.6,False
891f0c9a457ffff,11583.7,False
891f0c9a45bffff,11106.6,False
891f0c9a463ffff,12308.5,False
891f0c9a467ffff,12643.0,False
891f0c9a46bffff,12176.2,False
891f0c9a46fffff,12509.4,False
891f0c9a473ffff,12111.9,False
891f0c9a477ffff,12447.5,False
891f0c9a47bffff,11974.2,False
891f0c9a483ffff,11880.1,False
891f0c9a487ffff,12219.0,False
891f0c9a48bffff,11712.3,False
891f0c9a48fffff,12050.8,False
891f0c9a493ffff,11714.8,False
891f0c9a497ffff,12053.9,False
891f0c9a49bffff,11541.2,False
891f0c9a4a3ffff,12728.0,False
891f0c9a4a7ffff,13066.6,False
891f0c9a4abffff,12564.9,False
891f0c9a4afffff,12903.0,False
891f0c9a4b3ffff,12557.9,False
891f0c9a4b7ffff,12896.9,False
891f0c9a4bbffff,12389.4,False
891f0c9a4c3ffff,11213.1,False
891f0c9a4c7ffff,11551.0,False
891f0c9a4cbffff,11058.8,False
891f0c9a4cfffff,11395.8,False
891f0c9a4d3ffff,11035.5,False
891f0c9a4d7ffff,11373.9,False
891f0c9a4dbffff,10875.3,False
891f0c9a513ffff,14138.2,False
891f0c9a543ffff,13642.0,False
891f0c9a54bffff,13723.2,False
891f0c9a54fffff,13816.8,False
891f0c9a553ffff,13550.2,False
891f0c9a55bffff,13421.2,False
891f0c9a583ffff,14252.8,False
891f0c9a587ffff,14530.7,False
891f0c9a58bffff,14082.6,False
891f0c9a58fffff,14386.4,False
891f0c9a593ffff,14088.9,False
891f0c9a597ffff,14428.1,False
891f0c9a59bffff,13913.8,False
891f0c9a5c3ffff,13579.4,False
891f0c9a5c7ffff,13901.0,False
891f0c9a5cbffff,13420.3,False
891f0c9a5cfffff,13679.1,False
891f0c9a5d3ffff,13405.2,False
891f0c9a5d7ffff,13743.9,False
891f0c9a5dbffff,13241.2,False
891f0c9a603ffff,11168.9,False
891f0c9a607ffff,11495.1,False
891f0c9a60bffff,11071.0,False
891f0c9a60fffff,11394.6,False
891f0c9a613ffff,10947.1,False
891f0c9a617ffff,11275.0,False
891f0c9a61bffff,10843.5,False
891f0c9a623ffff,12044.4,False
891f0c9a627ffff,12370.5,False
891f0c9a62bffff,11946.8,False
891f0c9a62fffff,12270.4,False
891f0c9a633ffff,11822.1,False
891f0c9a637ffff,12149.7,False
891f0c9a63bffff,11719.1,False
891f0c9a643ffff,10662.0,False
891f0c9a647ffff,10981.6,False
891f0c9a64bffff,10584.6,False
891f0c9a64fffff,10900.8,False
891f0c9a653ffff,10426.8,False
891f0c9a657ffff,10748.4,False
891f0c9a65bffff,10343.7,False
891f0c9a663ffff,11537.0,False
891f0c9a667ffff,11856.9,False
891f0c9a66bffff,11458.2,False
891f0c9a66fffff,11775.0,False
891f0c9a673ffff,11302.3,False
891f0c9a677ffff,11624.0,False
891f0c9a67bffff,11218.3,False
891f0c9a683ffff,10847.2,False
891f0c9a687ffff,11178.8,False
891f0c9a68bffff,10729.4,False
891f0c9a68fffff,11058.9,False
891f0c9a693ffff,10640.1,False
891f0c9a697ffff,10973.1,False
891f0c9a69bffff,10516.1,False
891f0c9a6a3ffff,11719.7,False
891f0c9a6a7ffff,12050.9,False
891f0c9a6abffff,11603.6,False
891f0c9a6afffff,11932.7,False
891f0c9a6b3ffff,11510.9,False
891f0c9a6b7ffff,11843.4,False
891f0c9a6bbffff,11389.1,False
891f0c9a6c3ffff,10293.4,False
891f0c9a6c7ffff,10619.9,False
891f0c9a6cbffff,10195.3,False
891f0c9a6cfffff,10518.9,False
891f0c9a6d3ffff,10072.2,False
891f0c9a6d7ffff,10400.5,False
891f0c9a6dbffff,9967.9,False
891f0c9b003ffff,10617.1,False
891f0c9b007ffff,10881.2,False
891f0c9b00bffff,10647.9,False
891f0c9b00fffff,10905.6,False
891f0c9b013ffff,10329.5,False
891f0c9b017ffff,10595.8,False
891f0c9b01bffff,10357.3,False
891f0c9b023ffff,11433.9,False
891f0c9b027ffff,11703.8,False
891f0c9b02bffff,11455.2,False
891f0c9b02fffff,11719.4,False
891f0c9b033ffff,11149.4,False
891f0c9b037ffff,11421.4,False
891f0c9b03bffff,11167.7,False
891f0c9b043ffff,10442.1,False
891f0c9b047ffff,10688.2,False
891f0c9b04bffff,10498.8,False
891f0c9b04fffff,10737.9,False
891f0c9b053ffff,10146.9,False
891f0c9b057ffff,10394.9,False
891f0c9b05bffff,10201.3,False
891f0c9b063ffff,11231.5,False
891f0c9b067ffff,11485.4,False
891f0c9b06bffff,11276.9,False
891f0c9b06fffff,11524.5,False
891f0c9b073ffff,10939.3,False
891f0c9b077ffff,11195.1,False
891f0c9b07bffff,10982.2,False
891f0c9b083ffff,10028.7,False
891f0c9b087ffff,10303.6,False
891f0c9b08bffff,10043.1,False
891f0c9b08fffff,10311.6,False
891f0c9b093ffff,9747.2,False
891f0c9b097ffff,10024.5,False
891f0c9b09bffff,9757.9,False
891f0c9b0a3ffff,10860.5,False
891f0c9b0a7ffff,11140.3,False
891f0c9b0abffff,10866.2,False
891f0c9b0afffff,11140.3,False
891f0c9b0b3ffff,10582.2,False
891f0c9b0b7ffff,10864.3,False
891f0c9b0bbffff,10584.2,False
891f0c9b0c3ffff,9810.5,False
891f0c9b0c7ffff,10067.7,False
891f0c9b0cbffff,9852.3,False
891f0c9b0cfffff,10102.3,False
891f0c9b0d3ffff,9519.7,False
891f0c9b0d7ffff,9779.0,False
891f0c9b0dbffff,9558.5,False
891f0c9b103ffff,12542.3,False
891f0c9b107ffff,12829.7,False
891f0c9b10bffff,12533.9,False
891f0c9b10fffff,12816.7,False
891f0c9b113ffff,12269.5,False
891f0c9b117ffff,12558.9,False
891f0c9b11bffff,12257.6,False
891f0c9b123ffff,13390.1,False
891f0c9b127ffff,13680.1,False
891f0c9b12bffff,13376.0,False
891f0c9b12fffff,13662.1,False
891f0c9b133ffff,13119.4,False
891f0c9b137ffff,13411.0,False
891f0c9b13bffff,13102.1,False
891f0c9b143ffff,12258.9,False
891f0c9b147ffff,12533.7,False
891f0c9b14bffff,12272.0,False
891f0c9b14fffff,12541.6,False
891f0c9b153ffff,11977.3,False
891f0c9b157ffff,12254.1,False
891f0c9b15bffff,11987.4,False
891f0c9b163ffff,13090.6,False
891f0c9b167ffff,13369.5,False
891f0c9b16bffff,13096.5,False
891f0c9b16fffff,13370.7,False
891f0c9b173ffff,12811.6,False
891f0c9b177ffff,13092.4,False
891f0c9b17bffff,12814.5,False
891f0c9b183ffff,12021.2,False
891f0c9b187ffff,12316.4,False
891f0c9b18bffff,11998.3,False
891f0c9b18fffff,12289.1,False
891f0c9b193ffff,11755.1,False
891f0c9b197ffff,12052.4,False
891f0c9b19bffff,11728.3,False
891f0c9b1a3ffff,12877.8,False
891f0c9b1a7ffff,13175.3,False
891f0c9b1abffff,12850.0,False
891f0c9b1afffff,13143.5,False
891f0c9b1b3ffff,12613.8,False
891f0c9b1b7ffff,12913.4,False
891f0c9b1bbffff,12582.3,False
891f0c9b1c3ffff,11698.8,False
891f0c9b1c7ffff,11982.7,False
891f0c9b1cbffff,11696.9,False
891f0c9b1cfffff,11975.7,False
891f0c9b1d3ffff,11423.4,False
891f0c9b1d7ffff,11709.4,False
891f0c9b1dbffff,11417.9,False
891f0c9b203ffff,11027.6,False
891f0c9b207ffff,11243.7,False
891f0c9b20bffff,11121.9,False
891f0c9b20fffff,11330.7,False
891f0c9b213ffff,10724.7,False
891f0c9b217ffff,10941.9,False
891f0c9b21bffff,10817.8,False
891f0c9b223ffff,11766.6,False
891f0c9b227ffff,11993.0,False
891f0c9b22bffff,11847.9,False
891f0c9b22fffff,12067.7,False
891f0c9b233ffff,11465.7,False
891f0c9b237ffff,11693.4,False
891f0c9b23bffff,11545.7,False
891f0c9b247ffff,11144.1,False
891f0c9b253ffff,10721.9,False
891f0c9b257ffff,10919.6,False
891f0c9b25bffff,10718.0,False
891f0c9b267ffff,11910.7,False
891f0c9b273ffff,11378.9,False
891f0c9b277ffff,11627.4,False
891f0c9b283ffff,10339.0,False
891f0c9b287ffff,10565.0,False
891f0c9b28bffff,10422.0,False
891f0c9b28fffff,10640.3,False
891f0c9b293ffff,10038.1,False
891f0c9b297ffff,10265.4,False
891f0c9b29bffff,10119.4,False
891f0c9b2a3ffff,11095.3,False
891f0c9b2a7ffff,11331.2,False
891f0c9b2abffff,11165.1,False
891f0c9b2afffff,11394.1,False
891f0c9b2b3ffff,10796.8,False
891f0c9b2b7ffff,11034.3,False
891f0c9b2bbffff,10864.9,False
891f0c9b2c3ffff,10310.1,False
891f0c9b2c7ffff,10514.0,False
891f0c9b2cbffff,10418.9,False
891f0c9b2cfffff,10614.8,False
891f0c9b2d3ffff,10005.5,False
891f0c9b2d7ffff,10210.2,False
891f0c9b2dbffff,10113.6,False
891f0c9b303ffff,12654.3,False
891f0c9b307ffff,12905.7,False
891f0c9b30bffff,12702.5,False
891f0c9b30fffff,12948.2,False
891f0c9b313ffff,12361.1,False
891f0c9b317ffff,12614.1,False
891f0c9b31bffff,12407.1,False
891f0c9b323ffff,13451.8,False
891f0c9b327ffff,13593.7,False
891f0c9b32bffff,13490.9,False
891f0c9b333ffff,13161.1,False
891f0c9b337ffff,13420.1,False
891f0c9b33bffff,13198.0,False
891f0c9b343ffff,12523.3,False
891f0c9b347ffff,12758.5,False
891f0c9b34bffff,12593.2,False
891f0c9b34fffff,12822.3,False
891f0c9b353ffff,12224.7,False
891f0c9b357ffff,12461.3,False
891f0c9b35bffff,12292.9,False
891f0c9b363ffff,13294.7,False
891f0c9b367ffff,13537.6,False
891f0c9b36bffff,13354.3,False
891f0c9b36fffff,13576.8,False
891f0c9b373ffff,12998.4,False
891f0c9b377ffff,13242.6,False
891f0c9b37bffff,13056.2,False
891f0c9b383ffff,12033.0,False
891f0c9b387ffff,12293.4,False
891f0c9b38bffff,12068.5,False
891f0c9b38fffff,12323.2,False
891f0c9b393ffff,11743.7,False
891f0c9b397ffff,12005.9,False
891f0c9b39bffff,11776.6,False
891f0c9b3a3ffff,12844.3,False
891f0c9b3a7ffff,13110.3,False
891f0c9b3abffff,12871.1,False
891f0c9b3afffff,13131.8,False
891f0c9b3b3ffff,12557.7,False
891f0c9b3b7ffff,12825.4,False
891f0c9b3bbffff,12581.8,False
891f0c9b3c3ffff,11868.1,False
891f0c9b3c7ffff,12112.3,False
891f0c9b3cbffff,11926.4,False
891f0c9b3cfffff,12164.4,False
891f0c9b3d3ffff,11572.2,False
891f0c9b3d7ffff,11818.1,False
891f0c9b3dbffff,11628.6,False
891f0c9b403ffff,8631.2,False
891f0c9b407ffff,8912.4,False
891f0c9b40bffff,8636.4,False
891f0c9b40fffff,8910.5,False
891f0c9b413ffff,8353.9,False
891f0c9b417ffff,8637.9,False
891f0c9b41bffff,8354.4,False
891f0c9b423ffff,9471.3,False
891f0c9b427ffff,9757.3,False
891f0c9b42bffff,9467.2,False
891f0c9b42fffff,9747.0,False
891f0c9b433ffff,9197.5,False
891f0c9b437ffff,9486.1,False
891f0c9b43bffff,9188.9,False
891f0c9b443ffff,8392.1,False
891f0c9b447ffff,8653.5,False
891f0c9b44bffff,8429.1,False
891f0c9b44fffff,8682.2,False
891f0c9b453ffff,8103.2,False
891f0c9b457ffff,8367.2,False
891f0c9b45bffff,8136.6,False
891f0c9b463ffff,9205.1,False
891f0c9b467ffff,9473.9,False
891f0c9b46bffff,9229.8,False
891f0c9b46fffff,9491.5,False
891f0c9b473ffff,8920.0,False
891f0c9b477ffff,9191.4,False
891f0c9b47bffff,8941.0,False
891f0c9b483ffff,8095.3,False
891f0c9b487ffff,8388.1,False
891f0c9b48bffff,8078.6,False
891f0c9b48fffff,8365.6,False
891f0c9b493ffff,7827.2,False
891f0c9b497ffff,8123.1,False
891f0c9b49bffff,7805.6,False
891f0c9b4a3ffff,8949.1,False
891f0c9b4a7ffff,9245.6,False
891f0c9b4abffff,8925.7,False
891f0c9b4afffff,9216.5,False
891f0c9b4b3ffff,8684.3,False
891f0c9b4b7ffff,8983.5,False
891f0c9b4bbffff,8655.8,False
891f0c9b4c3ffff,7799.1,False
891f0c9b4c7ffff,8074.1,False
891f0c9b4cbffff,7815.6,False
891f0c9b4cfffff,8082.4,False
891f0c9b4d3ffff,7517.7,False
891f0c9b4d7ffff,7795.8,False
891f0c9b4dbffff,7529.4,False
891f0c9b503ffff,10667.6,False
891f0c9b507ffff,10969.3,False
891f0c9b50bffff,10632.5,False
891f0c9b50fffff,10929.5,False
891f0c9b513ffff,10408.0,False
891f0c9b517ffff,10712.0,False
891f0c9b51bffff,10368.2,False
891f0c9b523ffff,11530.6,False
891f0c9b527ffff,11834.3,False
891f0c9b52bffff,11490.9,False
891f0c9b52fffff,11790.4,False
891f0c9b533ffff,11273.1,False
891f0c9b537ffff,11579.0,False
891f0c9b53bffff,11229.0,False
891f0c9b543ffff,10317.3,False
891f0c9b547ffff,10607.0,False
891f0c9b54bffff,10305.5,False
891f0c9b54fffff,10589.9,False
891f0c9b553ffff,10046.5,False
891f0c9b557ffff,10338.1,False
891f0c9b55bffff,10030.4,False
891f0c9b563ffff,11167.6,False
891f0c9b567ffff,11460.1,False
891f0c9b56bffff,11149.6,False
891f0c9b56fffff,11437.8,False
891f0c9b573ffff,10899.0,False
891f0c9b577ffff,11193.8,False
891f0c9b57bffff,10877.5,False
891f0c9b583ffff,10205.6,False
891f0c9b587ffff,10516.3,False
891f0c9b58bffff,10151.0,False
891f0c9b58fffff,10457.4,False
891f0c9b593ffff,9956.9,False
891f0c9b597ffff,10269.9,False
891f0c9b59bffff,9896.8,False
891f0c9b5a3ffff,11076.0,False
891f0c9b5a7ffff,11387.9,False
891f0c9b5abffff,11018.1,False
891f0c9b5afffff,11326.1,False
891f0c9b5b3ffff,10828.8,False
891f0c9b5b7ffff,11142.8,False
891f0c9b5bbffff,10765.8,False
891f0c9b5c3ffff,9806.8,False
891f0c9b5c7ffff,10106.2,False
891f0c9b5cbffff,9777.2,False
891f0c9b5cfffff,10071.3,False
891f0c9b5d3ffff,9544.8,False
891f0c9b5d7ffff,9846.7,False
891f0c9b5dbffff,9510.2,False
891f0c9b603ffff,8911.9,False
891f0c9b607ffff,9137.2,False
891f0c9b60bffff,8996.9,False
891f0c9b60fffff,9213.4,False
891f0c9b613ffff,8610.8,False
891f0c9b617ffff,8837.7,False
891f0c9b61bffff,8694.1,False
891f0c9b623ffff,9667.6,False
891f0c9b627ffff,9904.3,False
891f0c9b62bffff,9737.4,False
891f0c9b62fffff,9966.3,False
891f0c9b633ffff,9369.3,False
891f0c9b637ffff,9607.9,False
891f0c9b63bffff,9437.1,False
891f0c9b643ffff,8892.8,False
891f0c9b647ffff,9092.3,False
891f0c9b64bffff,9007.6,False
891f0c9b64fffff,9197.9,False
891f0c9b653ffff,8587.8,False
891f0c9b657ffff,8788.2,False
891f0c9b65bffff,8702.0,False
891f0c9b663ffff,9603.2,False
891f0c9b667ffff,9817.2,False
891f0c9b66bffff,9701.0,False
891f0c9b66fffff,9906.6,False
891f0c9b673ffff,9299.9,False
891f0c9b677ffff,9515.1,False
891f0c9b67bffff,9396.6,False
891f0c9b683ffff,8240.2,False
891f0c9b687ffff,8478.1,False
891f0c9b68bffff,8310.0,False
891f0c9b68fffff,8538.7,False
891f0c9b693ffff,7942.3,False
891f0c9b697ffff,8182.3,False
891f0c9b69bffff,8009.6,False
891f0c9b6a3ffff,9017.0,False
891f0c9b6a7ffff,9265.5,False
891f0c9b6abffff,9071.7,False
891f0c9b6afffff,9312.1,False
891f0c9b6b3ffff,8722.6,False
891f0c9b6b7ffff,8973.4,False
891f0c9b6bbffff,8774.5,False
891f0c9b6c3ffff,8180.3,False
891f0c9b6c7ffff,8391.4,False
891f0c9b6cbffff,8282.9,False
891f0c9b6cfffff,8484.2,False
891f0c9b6d3ffff,7876.6,False
891f0c9b6d7ffff,8089.1,False
891f0c9b6dbffff,7978.0,False
891f2a0d803ffff,18983.0,False
891f2a0d807ffff,19076.1,False
891f2a0d80bffff,18682.8,False
891f2a0d80fffff,18774.1,False
891f2a0d813ffff,19194.3,False
891f2a0d817ffff,19283.8,False
891f2a0d81bffff,18895.2,False
891f2a0d823ffff,18973.2,False
891f2a0d827ffff,19080.8,False
891f2a0d82bffff,18668.4,False
891f2a0d82fffff,18774.5,False
891f2a0d833ffff,19174.5,False
891f2a0d837ffff,19278.4,False
891f2a0d83bffff,18870.9,False
891f2a0d843ffff,18365.0,False
891f2a0d847ffff,18383.1,False
891f2a0d84bffff,17977.3,False
891f2a0d84fffff,18082.7,False
891f2a0d853ffff,18576.9,False
891f2a0d857ffff,18596.7,False
891f2a0d863ffff,18265.1,False
891f2a0d867ffff,18364.1,False
891f2a0d86bffff,17963.1,False
891f2a0d86fffff,18060.3,False
891f2a0d873ffff,18472.7,False
891f2a0d877ffff,18567.8,False
891f2a0d87bffff,18171.8,False
891f2a0d883ffff,19687.5,False
891f2a0d887ffff,19794.1,False
891f2a0d88bffff,19407.8,False
891f2a0d88fffff,19493.9,False
891f2a0d893ffff,19892.1,False
891f2a0d897ffff,20009.5,False
891f2a0d89bffff,19573.5,False
891f2a0d8a3ffff,19681.5,False
891f2a0d8a7ffff,19737.9,False
891f2a0d8abffff,19378.5,False
891f2a0d8afffff,19478.6,False
891f2a0d8b3ffff,19887.0,False
891f2a0d8b7ffff,19963.9,False
891f2a0d8bbffff,19585.1,False
891f2a0d8c3ffff,19041.3,False
891f2a0d8c7ffff,19110.0,False
891f2a0d8cbffff,18852.3,False
891f2a0d8cfffff,18805.1,False
891f2a0d8d3ffff,19211.3,False
891f2a0d8d7ffff,19331.0,False
891f2a0d90bffff,19275.4,False
891f2a0d91bffff,19499.2,False
891f2a0d943ffff,19001.8,False
891f2a0d947ffff,19114.0,False
891f2a0d94bffff,18693.2,False
891f2a0d94fffff,18813.4,False
891f2a0d953ffff,19193.1,False
891f2a0d957ffff,19292.5,False
891f2a0d95bffff,18885.6,False
891f2a0d963ffff,18974.4,False
891f2a0d96bffff,18764.6,False
891f2a0d96fffff,18844.3,False
891f2a0d973ffff,19186.2,False
891f2a0d97bffff,18922.8,False
891f2a0d9c3ffff,19641.8,False
891f2a0d9cbffff,19387.4,False
891f2a0d9cfffff,19483.0,False
891f2a0d9d3ffff,19769.5,False
891f2a0d9dbffff,19578.6,False
891f2a0da03ffff,16849.4,False
891f2a0da07ffff,16980.1,False
891f2a0da0bffff,16544.8,False
891f2a0da0fffff,16672.6,False
891f2a0da17ffff,17219.6,False
891f2a0da23ffff,16850.2,False
891f2a0da27ffff,16946.0,False
891f2a0da2bffff,16549.1,False
891f2a0da2fffff,16643.0,False
891f2a0da33ffff,17060.1,False
891f2a0da37ffff,17151.9,False
891f2a0da3bffff,16760.3,False
891f2a0da63ffff,16162.8,False
891f2a0da67ffff,16248.7,False
891f2a0da6bffff,15865.1,False
891f2a0da6fffff,15948.8,False
891f2a0da73ffff,16384.4,False
891f2a0da77ffff,16461.2,False
891f2a0da7bffff,16082.1,False
891f2a0da87ffff,17699.0,False
891f2a0daa3ffff,17571.7,False
891f2a0daa7ffff,17661.5,False
891f2a0daabffff,17272.6,False
891f2a0daafffff,17360.5,False
891f2a0dab3ffff,17790.1,False
891f2a0dab7ffff,17871.5,False
891f2a0dabbffff,17500.6,False
891f2a0db03ffff,17577.1,False
891f2a0db07ffff,17697.3,False
891f2a0db0bffff,17268.8,False
891f2a0db0fffff,17387.7,False
891f2a0db13ffff,17769.6,False
891f2a0db17ffff,17885.7,False
891f2a0db1bffff,17462.5,False
891f2a0db23ffff,17642.5,False
891f2a0db27ffff,17778.2,False
891f2a0db2bffff,17330.6,False
891f2a0db2fffff,17465.2,False
891f2a0db33ffff,17823.2,False
891f2a0db37ffff,17954.6,False
891f2a0db3bffff,17512.3,False
891f2a0db43ffff,16849.3,False
891f2a0db47ffff,16961.0,False
891f2a0db4bffff,16543.4,False
891f2a0db4fffff,16653.5,False
891f2a0db53ffff,17048.0,False
891f2a0db57ffff,17155.8,False
891f2a0db5bffff,16743.1,False
891f2a0db63ffff,16891.2,False
891f2a0db67ffff,17018.9,False
891f2a0db6bffff,16581.1,False
891f2a0db6fffff,16707.5,False
891f2a0db73ffff,17078.4,False
891f2a0db77ffff,17201.6,False
891f2a0db7bffff,16769.4,False
891f2a0db83ffff,18271.7,False
891f2a0db87ffff,18385.0,False
891f2a0db8bffff,17965.1,False
891f2a0db8fffff,18077.1,False
891f2a0db93ffff,18468.7,False
891f2a0db97ffff,18578.4,False
891f2a0db9bffff,18163.2,False
891f2a0dba3ffff,18317.6,False
891f2a0dba7ffff,18445.9,False
891f2a0dbabffff,18007.3,False
891f2a0dbafffff,18134.5,False
891f2a0dbb3ffff,18503.8,False
891f2a0dbb7ffff,18628.1,False
891f2a0dbbbffff,18194.6,False
891f2a0dbc3ffff,17553.6,False
891f2a0dbc7ffff,17659.0,False
891f2a0dbcbffff,17249.6,False
891f2a0dbcfffff,17353.3,False
891f2a0dbd3ffff,17756.9,False
891f2a0dbd7ffff,17858.2,False
891f2a0dbdbffff,17454.1,False
891f2a0dc2fffff,20177.6,False
891f2a0dc6fffff,19496.7,False
891f2a0dd43ffff,20396.1,False
891f2a0dd47ffff,20462.3,False
891f2a0dd4bffff,20094.9,False
891f2a0dd4fffff,20212.7,False
891f2a0dd53ffff,20579.7,False
891f2a0dd57ffff,20658.7,False
891f2a0dd5bffff,20301.5,False
891f2a0dd7bffff,20291.1,False
891f2a0ddcfffff,20758.0,False
891f2a2924bffff,13399.6,False
891f2a60003ffff,3282.5,False
891f2a60007ffff,3583.3,False
891f2a6000bffff,3037.4,False
891f2a6000fffff,3368.0,False
891f2a60013ffff,3023.3,False
891f2a60017ffff,3330.7,False
891f2a6001bffff,2960.2,False
891f2a60023ffff,4033.4,False
891f2a60027ffff,4367.6,False
891f2a6002bffff,3814.8,False
891f2a6002fffff,4151.6,False
891f2a60033ffff,3889.6,False
891f2a60037ffff,4200.8,False
891f2a6003bffff,3700.2,False
891f2a60043ffff,2473.2,False
891f2a60047ffff,2807.3,False
891f2a6004bffff,2258.3,False
891f2a6004fffff,2596.3,False
891f2a60053ffff,2383.1,False
891f2a60057ffff,2708.8,False
891f2a6005bffff,2140.5,False
891f2a60063ffff,3272.8,False
891f2a60067ffff,3611.2,False
891f2a6006bffff,3086.6,False
891f2a6006fffff,3425.4,False
891f2a60073ffff,3142.5,False
891f2a60077ffff,3478.4,False
891f2a6007bffff,2934.4,False
891f2a60083ffff,2854.5,False
891f2a60087ffff,3179.9,False
891f2a6008bffff,2772.4,False
891f2a6008fffff,3087.1,False
891f2a60093ffff,2634.6,False
891f2a60097ffff,2962.6,False
891f2a6009bffff,2532.3,False
891f2a600a3ffff,3728.6,False
891f2a600a7ffff,4053.6,False
891f2a600abffff,3643.4,False
891f2a600afffff,3960.2,False
891f2a600b3ffff,3507.6,False
891f2a600b7ffff,3835.7,False
891f2a600bbffff,3406.2,False
891f2a600c3ffff,2431.9,False
891f2a600c7ffff,2722.9,False
891f2a600cbffff,2314.0,False
891f2a600cfffff,2639.1,False
891f2a600d3ffff,2162.9,False
891f2a600d7ffff,2463.5,False
891f2a600dbffff,2153.8,False
891f2a60103ffff,5477.0,False
891f2a60107ffff,5801.6,False
891f2a6010bffff,5373.6,False
891f2a6010fffff,5707.5,False
891f2a60113ffff,5253.9,False
891f2a60117ffff,5581.8,False
891f2a6011bffff,5154.3,False
891f2a60123ffff,6351.3,False
891f2a60127ffff,6675.7,False
891f2a6012bffff,6177.4,False
891f2a6012fffff,6515.5,False
891f2a60133ffff,6127.6,False
891f2a60137ffff,6454.9,False
891f2a6013bffff,6028.5,False
891f2a60143ffff,4826.2,False
891f2a60147ffff,5163.7,False
891f2a6014bffff,4627.0,False
891f2a6014fffff,4965.6,False
891f2a60153ffff,4702.4,False
891f2a60157ffff,5037.7,False
891f2a6015bffff,4488.8,False
891f2a60163ffff,5643.1,False
891f2a60167ffff,5981.8,False
891f2a6016bffff,5458.4,False
891f2a6016fffff,5797.3,False
891f2a60173ffff,5501.5,False
891f2a60177ffff,5839.4,False
891f2a6017bffff,5304.3,False
891f2a60183ffff,5153.5,False
891f2a60187ffff,5485.7,False
891f2a6018bffff,5036.7,False
891f2a6018fffff,5364.6,False
891f2a60193ffff,4952.2,False
891f2a60197ffff,5287.1,False
891f2a6019bffff,4822.3,False
891f2a601a3ffff,6024.1,False
891f2a601a7ffff,6355.2,False
891f2a601abffff,5909.9,False
891f2a601afffff,6237.6,False
891f2a601b3ffff,5818.7,False
891f2a601b7ffff,6152.3,False
891f2a601bbffff,5693.8,False
891f2a601c3ffff,4602.8,False
891f2a601c7ffff,4927.5,False
891f2a601cbffff,4515.7,False
891f2a601cfffff,4833.7,False
891f2a601d3ffff,4380.6,False
891f2a601d7ffff,4708.7,False
891f2a601dbffff,4280.2,False
891f2a60203ffff,2054.2,False
891f2a60207ffff,2365.4,False
891f2a6020bffff,2024.9,False
891f2a6020fffff,2313.4,False
891f2a60213ffff,1809.5,False
891f2a60217ffff,2131.6,False
891f2a6021bffff,1753.3,False
891f2a60223ffff,2923.0,False
891f2a60227ffff,3238.0,False
891f2a6022bffff,2873.5,False
891f2a6022fffff,3174.0,False
891f2a60233ffff,2683.3,False
891f2a60237ffff,3005.8,False
891f2a6023bffff,2614.0,False
891f2a60243ffff,1812.9,False
891f2a60247ffff,2045.6,False
891f2a6024bffff,1963.7,False
891f2a6024fffff,2115.1,False
891f2a60253ffff,1512.0,False
891f2a60257ffff,1754.5,False
891f2a6025bffff,1618.8,False
891f2a60263ffff,2590.6,False
891f2a60267ffff,2859.1,False
891f2a6026bffff,2637.5,False
891f2a6026fffff,2880.3,False
891f2a60273ffff,2304.9,False
891f2a60277ffff,2582.6,False
891f2a6027bffff,2340.4,False
891f2a60283ffff,1732.0,False
891f2a60287ffff,2070.5,False
891f2a6028bffff,1585.9,False
891f2a6028fffff,1918.0,False
891f2a60293ffff,1583.5,False
891f2a60297ffff,1920.6,False
891f2a6029bffff,1393.7,False
891f2a602a3ffff,2587.4,False
891f2a602a7ffff,2923.6,False
891f2a602abffff,2458.2,False
891f2a602afffff,2787.8,False
891f2a602b3ffff,2409.2,False
891f2a602b7ffff,2747.9,False
891f2a602bbffff,2252.1,False
891f2a602c3ffff,1193.6,False
891f2a602c7ffff,1494.9,False
891f2a602cbffff,1213.3,False
891f2a602cfffff,1469.1,False
891f2a602d3ffff,936.6,False
891f2a602d7ffff,1257.5,False
891f2a602dbffff,918.9,False
891f2a60303ffff,4321.0,False
891f2a60307ffff,4653.5,False
891f2a6030bffff,4205.4,False
891f2a6030fffff,4532.7,False
891f2a60313ffff,4121.2,False
891f2a60317ffff,4456.7,False
891f2a6031bffff,3989.7,False
891f2a60323ffff,5191.7,False
891f2a60327ffff,5523.0,False
891f2a6032bffff,5079.4,False
891f2a6032fffff,5406.1,False
891f2a60333ffff,4986.8,False
891f2a60337ffff,5320.8,False
891f2a6033bffff,4861.5,False
891f2a60343ffff,3794.4,False
891f2a60347ffff,4111.4,False
891f2a6034bffff,3734.1,False
891f2a6034fffff,4040.5,False
891f2a60353ffff,3557.4,False
891f2a60357ffff,3880.1,False
891f2a6035bffff,3481.5,False
891f2a60363ffff,4666.9,False
891f2a60367ffff,4985.2,False
891f2a6036bffff,4599.9,False
891f2a6036fffff,4909.9,False
891f2a60373ffff,4431.6,False
891f2a60377ffff,4754.5,False
891f2a6037bffff,4351.8,False
891f2a60383ffff,4103.0,False
891f2a60387ffff,4441.8,False
891f2a6038bffff,3934.9,False
891f2a6038fffff,4272.6,False
891f2a60393ffff,3949.7,False
891f2a60397ffff,4288.3,False
891f2a6039bffff,3764.2,False
891f2a603a3ffff,4948.5,False
891f2a603a7ffff,5286.6,False
891f2a603abffff,4792.6,False
891f2a603afffff,5128.9,False
891f2a603b3ffff,4780.7,False
891f2a603b7ffff,5119.5,False
891f2a603bbffff,4610.4,False
891f2a603c3ffff,3452.3,False
891f2a603c7ffff,3786.4,False
891f2a603cbffff,3331.6,False
891f2a603cfffff,3659.7,False
891f2a603d3ffff,3260.3,False
891f2a603d7ffff,3597.5,False
891f2a603dbffff,3119.3,False
891f2a60403ffff,1709.9,False
891f2a60407ffff,2048.7,False
891f2a6040bffff,1549.9,False
891f2a6040fffff,1884.6,False
891f2a60413ffff,1575.5,False
891f2a60417ffff,1910.4,False
891f2a6041bffff,1371.1,False
891f2a60423ffff,2557.3,False
891f2a60427ffff,2894.6,False
891f2a6042bffff,2418.9,False
891f2a6042fffff,2750.6,False
891f2a60433ffff,2387.5,False
891f2a60437ffff,2726.3,False
891f2a6043bffff,2220.6,False
891f2a60443ffff,1106.5,False
891f2a60447ffff,1433.7,False
891f2a6044bffff,1043.4,False
891f2a6044fffff,1344.6,False
891f2a60453ffff,888.9,False
891f2a60457ffff,1217.4,False
891f2a6045bffff,786.4,False
891f2a60463ffff,1980.5,False
891f2a60467ffff,2306.6,False
891f2a6046bffff,1903.9,False
891f2a6046fffff,2214.8,False
891f2a60473ffff,1761.8,False
891f2a60477ffff,2089.5,False
891f2a6047bffff,1658.9,False
891f2a60483ffff,1764.3,False
891f2a60487ffff,2073.2,False
891f2a6048bffff,1492.1,False
891f2a6048fffff,1813.3,False
891f2a60493ffff,1767.3,False
891f2a60497ffff,2050.1,False
891f2a6049bffff,1468.6,False
891f2a604a3ffff,2469.9,False
891f2a604a7ffff,2801.9,False
891f2a604abffff,2246.5,False
891f2a604afffff,2583.3,False
891f2a604b3ffff,2390.2,False
891f2a604b7ffff,2712.5,False
891f2a604bbffff,2140.0,False
891f2a604c3ffff,914.1,False
891f2a604c7ffff,1242.6,False
891f2a604cbffff,693.5,False
891f2a604cfffff,1032.3,False
891f2a604d3ffff,889.7,False
891f2a604d7ffff,1180.7,False
891f2a604dbffff,597.2,False
891f2a60503ffff,4081.6,False
891f2a60507ffff,4420.4,False
891f2a6050bffff,3907.9,False
891f2a6050fffff,4246.0,False
891f2a60513ffff,3934.0,False
891f2a60517ffff,4272.2,False
891f2a6051bffff,3742.8,False
891f2a60523ffff,4922.6,False
891f2a60527ffff,5261.0,False
891f2a6052bffff,4762.0,False
891f2a6052fffff,5098.9,False
891f2a60533ffff,4759.3,False
891f2a60537ffff,5098.1,False
891f2a6053bffff,4584.3,False
891f2a60543ffff,3418.2,False
891f2a60547ffff,3753.4,False
891f2a6054bffff,3290.6,False
891f2a6054fffff,3620.5,False
891f2a60553ffff,3232.1,False
891f2a60557ffff,3569.9,False
891f2a6055bffff,3083.9,False
891f2a60563ffff,4284.5,False
891f2a60567ffff,4618.0,False
891f2a6056bffff,4163.4,False
891f2a6056fffff,4492.1,False
891f2a60573ffff,4089.2,False
891f2a60577ffff,4425.4,False
891f2a6057bffff,3951.9,False
891f2a60583ffff,4028.9,False
891f2a60587ffff,4361.7,False
891f2a6058bffff,3805.2,False
891f2a6058fffff,4141.1,False
891f2a60593ffff,3937.2,False
891f2a60597ffff,4264.8,False
891f2a6059bffff,3697.2,False
891f2a605a3ffff,4814.1,False
891f2a605a7ffff,5151.0,False
891f2a605abffff,4610.4,False
891f2a605afffff,4948.7,False
891f2a605b3ffff,4695.4,False
891f2a605b7ffff,5029.8,False
891f2a605bbffff,4477.4,False
891f2a605c3ffff,3258.2,False
891f2a605c7ffff,3596.0,False
891f2a605cbffff,3065.2,False
891f2a605cfffff,3404.0,False
891f2a605d3ffff,3135.4,False
891f2a605d7ffff,3469.9,False
891f2a605dbffff,2920.6,False
891f2a60603ffff,1083.5,False
891f2a60607ffff,1369.2,False
891f2a6060bffff,786.0,False
891f2a6060fffff,1093.0,False
891f2a60613ffff,1157.3,False
891f2a60617ffff,1390.8,False
891f2a6061bffff,838.4,False
891f2a60623ffff,1740.0,False
891f2a60627ffff,2061.6,False
891f2a6062bffff,1483.6,False
891f2a6062fffff,1810.2,False
891f2a60633ffff,1674.8,False
891f2a60637ffff,1991.2,False
891f2a6063bffff,1414.7,False
891f2a60643ffff,205.7,False
891f2a60647ffff,515.4,False
891f2a6064bffff,0.0,True
891f2a6064fffff,265.5,False
891f2a60653ffff,335.3,False
891f2a60657ffff,520.1,False
891f2a6065bffff,122.1,True
891f2a60663ffff,913.1,False
891f2a60667ffff,1247.3,False
891f2a6066bffff,718.5,False
891f2a6066fffff,1055.7,False
891f2a60673ffff,841.6,False
891f2a60677ffff,1164.2,False
891f2a6067bffff,584.2,False
891f2a60683ffff,821.7,False
891f2a60687ffff,1052.2,False
891f2a6068bffff,965.7,False
891f2a6068fffff,1126.2,False
891f2a60693ffff,517.9,False
891f2a60697ffff,766.4,False
891f2a6069bffff,686.7,False
891f2a606a3ffff,1602.1,False
891f2a606a7ffff,1874.3,False
891f2a606abffff,1640.9,False
891f2a606afffff,1887.9,False
891f2a606b3ffff,1318.4,False
891f2a606b7ffff,1603.1,False
891f2a606bbffff,1344.3,False
891f2a606c3ffff,715.3,False
891f2a606c7ffff,939.5,False
891f2a606cbffff,420.6,False
891f2a606cfffff,628.8,False
891f2a606d3ffff,410.9,False
891f2a606d7ffff,666.5,False
891f2a606dbffff,596.8,False
891f2a60803ffff,5005.3,False
891f2a60807ffff,4709.1,False
891f2a6080bffff,5049.2,False
891f2a6080fffff,4744.6,False
891f2a60813ffff,5269.3,False
891f2a60817ffff,4978.2,False
891f2a6081bffff,5305.0,False
891f2a60823ffff,4149.1,False
891f2a60827ffff,3860.5,False
891f2a6082bffff,4184.1,False
891f2a6082fffff,3884.3,False
891f2a60833ffff,4419.1,False
891f2a60837ffff,4136.6,False
891f2a6083bffff,4444.8,False
891f2a60843ffff,5428.5,False
891f2a60847ffff,5112.3,False
891f2a6084bffff,5516.3,False
891f2a6084fffff,5193.6,False
891f2a60853ffff,5670.0,False
891f2a60857ffff,5357.9,False
891f2a6085bffff,5747.2,False
891f2a60863ffff,4555.3,False
891f2a60867ffff,4240.8,False
891f2a6086bffff,4641.7,False
891f2a6086fffff,4319.1,False
891f2a60873ffff,4799.1,False
891f2a60877ffff,4489.4,False
891f2a6087bffff,4873.1,False
891f2a60883ffff,5527.5,False
891f2a60887ffff,5252.4,False
891f2a6088bffff,5537.5,False
891f2a6088fffff,5251.1,False
891f2a60893ffff,5806.7,False
891f2a60897ffff,5536.0,False
891f2a6089bffff,5809.3,False
891f2a608a3ffff,4699.6,False
891f2a608a7ffff,4436.9,False
891f2a608abffff,4693.5,False
891f2a608afffff,4416.5,False
891f2a608b3ffff,4985.2,False
891f2a608b7ffff,4727.3,False
891f2a608bbffff,4971.4,False
891f2a608c3ffff,5865.4,False
891f2a608c7ffff,5565.8,False
891f2a608cbffff,5917.0,False
891f2a608cfffff,5609.1,False
891f2a608d3ffff,6126.2,False
891f2a608d7ffff,5829.4,False
891f2a608dbffff,6169.1,False
891f2a60903ffff,3120.7,False
891f2a60907ffff,2910.4,False
891f2a6090bffff,3057.4,False
891f2a6090fffff,2820.5,False
891f2a60913ffff,3421.9,False
891f2a60917ffff,3214.8,False
891f2a6091bffff,3352.2,False
891f2a60923ffff,2420.8,False
891f2a60927ffff,2271.0,False
891f2a6092bffff,2302.5,False
891f2a6092fffff,2115.5,False
891f2a60933ffff,2726.2,False
891f2a60937ffff,2573.5,False
891f2a6093bffff,2606.3,False
891f2a60943ffff,3302.5,False
891f2a60947ffff,3026.6,False
891f2a6094bffff,3323.7,False
891f2a6094fffff,3029.4,False
891f2a60953ffff,3580.7,False
891f2a60957ffff,3312.1,False
891f2a6095bffff,3589.1,False
891f2a60963ffff,2475.4,False
891f2a60967ffff,2224.2,False
891f2a6096bffff,2470.0,False
891f2a6096fffff,2190.2,False
891f2a60973ffff,2764.8,False
891f2a60977ffff,2521.5,False
891f2a6097bffff,2745.4,False
891f2a60983ffff,3823.9,False
891f2a60987ffff,3642.1,False
891f2a6098bffff,3723.7,False
891f2a6098fffff,3519.2,False
891f2a60993ffff,4128.6,False
891f2a60997ffff,3947.4,False
891f2a6099bffff,4026.0,False
891f2a609a3ffff,3180.2,False
891f2a609a7ffff,3053.2,False
891f2a609abffff,3031.5,False
891f2a609afffff,2876.6,False
891f2a609b3ffff,3484.0,False
891f2a609b7ffff,3352.8,False
891f2a609bbffff,3336.8,False
891f2a609c3ffff,3892.0,False
891f2a609c7ffff,3648.8,False
891f2a609cbffff,3863.1,False
891f2a609cfffff,3600.8,False
891f2a609d3ffff,4185.2,False
891f2a609d7ffff,3946.6,False
891f2a609dbffff,4148.7,False
891f2a60a03ffff,5689.3,False
891f2a60a07ffff,5352.2,False
891f2a60a0bffff,5850.4,False
891f2a60a0fffff,5512.0,False
891f2a60a13ffff,5877.1,False
891f2a60a17ffff,5541.9,False
891f2a60a1bffff,6026.6,False
891f2a60a23ffff,4835.3,False
891f2a60a27ffff,4497.1,False
891f2a60a2bffff,5007.2,False
891f2a60a2fffff,4668.2,False
891f2a60a33ffff,5015.4,False
891f2a60a37ffff,4678.9,False
891f2a60a3bffff,5173.6,False
891f2a60a43ffff,6363.2,False
891f2a60a47ffff,6024.2,False
891f2a60a4bffff,6548.5,False
891f2a60a4fffff,6209.6,False
891f2a60a53ffff,6527.5,False
891f2a60a57ffff,6188.9,False
891f2a60a5bffff,6702.2,False
891f2a60a63ffff,5531.9,False
891f2a60a67ffff,5193.1,False
891f2a60a6bffff,5729.5,False
891f2a60a6fffff,5391.6,False
891f2a60a73ffff,5685.2,False
891f2a60a77ffff,5346.2,False
891f2a60a7bffff,5870.7,False
891f2a60a83ffff,5950.3,False
891f2a60a87ffff,5621.0,False
891f2a60a8bffff,6074.5,False
891f2a60a8fffff,5741.6,False
891f2a60a93ffff,6167.0,False
891f2a60a97ffff,5840.9,False
891f2a60a9bffff,6280.5,False
891f2a60aa3ffff,5078.2,False
891f2a60aa7ffff,4748.0,False
891f2a60aabffff,5207.2,False
891f2a60aafffff,4873.1,False
891f2a60ab3ffff,5293.0,False
891f2a60ab7ffff,4966.4,False
891f2a60abbffff,5409.5,False
891f2a60ac3ffff,6548.7,False
891f2a60ac7ffff,6212.7,False
891f2a60acbffff,6701.6,False
891f2a60acfffff,6364.0,False
891f2a60ad3ffff,6742.1,False
891f2a60ad7ffff,6408.0,False
891f2a60adbffff,6884.9,False
891f2a60b03ffff,3338.0,False
891f2a60b07ffff,3004.9,False
891f2a60b0bffff,3483.5,False
891f2a60b0fffff,3146.1,False
891f2a60b13ffff,3545.8,False
891f2a60b17ffff,3217.8,False
891f2a60b1bffff,3672.2,False
891f2a60b23ffff,2472.7,False
891f2a60b27ffff,2137.1,False
891f2a60b2bffff,2634.3,False
891f2a60b2fffff,2295.3,False
891f2a60b33ffff,2673.3,False
891f2a60b37ffff,2343.8,False
891f2a60b3bffff,2809.1,False
891f2a60b43ffff,3990.2,False
891f2a60b47ffff,3651.2,False
891f2a60b4bffff,4176.9,False
891f2a60b4fffff,3838.3,False
891f2a60b53ffff,4159.0,False
891f2a60b57ffff,3821.1,False
891f2a60b5bffff,4329.2,False
891f2a60b63ffff,3161.3,False
891f2a60b67ffff,2822.9,False
891f2a60b6bffff,3369.2,False
891f2a60b6fffff,3033.6,False
891f2a60b73ffff,3312.2,False
891f2a60b77ffff,2973.2,False
891f2a60b7bffff,3499.7,False
891f2a60b83ffff,3682.8,False
891f2a60b87ffff,3370.4,False
891f2a60b8bffff,3767.0,False
891f2a60b8fffff,3444.6,False
891f2a60b93ffff,3929.7,False
891f2a60b97ffff,3623.7,False
891f2a60b9bffff,3999.2,False
891f2a60ba3ffff,2811.4,False
891f2a60ba7ffff,2502.9,False
891f2a60babffff,2892.3,False
891f2a60bafffff,2570.2,False
891f2a60bb3ffff,3063.3,False
891f2a60bb7ffff,2763.1,False
891f2a60bbbffff,3125.8,False
891f2a60bc3ffff,4207.2,False
891f2a60bc7ffff,3875.8,False
891f2a60bcbffff,4342.8,False
891f2a60bcfffff,4007.2,False
891f2a60bd3ffff,4419.2,False
891f2a60bd7ffff,4092.1,False
891f2a60bdbffff,4539.7,False
891f2a60c03ffff,6924.5,False
891f2a60c07ffff,6658.1,False
891f2a60c0bffff,6918.2,False
891f2a60c0fffff,6642.2,False
891f2a60c13ffff,7208.6,False
891f2a60c17ffff,6945.5,False
891f2a60c1bffff,7197.0,False
891f2a60c23ffff,6109.3,False
891f2a60c27ffff,5854.1,False
891f2a60c2bffff,6088.5,False
891f2a60c2fffff,5821.7,False
891f2a60c33ffff,6398.5,False
891f2a60c37ffff,6146.7,False
891f2a60c3bffff,6372.3,False
891f2a60c43ffff,7191.9,False
891f2a60c47ffff,6926.7,False
891f2a60c4bffff,6998.2,False
891f2a60c4fffff,6949.8,False
891f2a60c53ffff,7001.4,False
891f2a60c57ffff,7199.6,False
891f2a60c5bffff,6853.7,False
891f2a60c63ffff,6367.8,False
891f2a60c67ffff,6084.3,False
891f2a60c6bffff,6389.6,False
891f2a60c6fffff,6096.9,False
891f2a60c73ffff,6641.7,False
891f2a60c77ffff,6362.1,False
891f2a60c7bffff,6656.6,False
891f2a60c83ffff,7491.5,False
891f2a60c87ffff,7274.0,False
891f2a60c8bffff,7353.0,False
891f2a60c8fffff,7234.3,False
891f2a60c93ffff,7303.9,False
891f2a60c97ffff,7567.9,False
891f2a60c9bffff,7156.1,False
891f2a60ca3ffff,6735.3,False
891f2a60ca7ffff,6497.9,False
891f2a60cabffff,6689.2,False
891f2a60cafffff,6440.5,False
891f2a60cb3ffff,7031.0,False
891f2a60cb7ffff,6796.1,False
891f2a60cbbffff,6981.1,False
891f2a60cc3ffff,6895.6,False
891f2a60cc7ffff,7226.0,False
891f2a60ccbffff,6783.0,False
891f2a60ccfffff,7111.0,False
891f2a60cd3ffff,6687.2,False
891f2a60cd7ffff,7019.8,False
891f2a60cdbffff,6566.1,False
891f2a60d03ffff,5238.6,False
891f2a60d07ffff,5043.1,False
891f2a60d0bffff,5146.8,False
891f2a60d0fffff,4935.1,False
891f2a60d13ffff,5542.3,False
891f2a60d17ffff,5348.0,False
891f2a60d1bffff,5448.2,False
891f2a60d23ffff,4558.0,False
891f2a60d27ffff,4396.6,False
891f2a60d2bffff,4433.4,False
891f2a60d2fffff,4252.7,False
891f2a60d33ffff,4863.3,False
891f2a60d37ffff,4701.1,False
891f2a60d3bffff,4738.2,False
891f2a60d43ffff,5312.9,False
891f2a60d47ffff,5073.4,False
891f2a60d4bffff,5273.1,False
891f2a60d4fffff,5019.4,False
891f2a60d53ffff,5607.8,False
891f2a60d57ffff,5371.5,False
891f2a60d5bffff,5562.8,False
891f2a60d63ffff,4545.3,False
891f2a60d67ffff,4328.7,False
891f2a60d6bffff,4480.1,False
891f2a60d6fffff,4245.6,False
891f2a60d73ffff,4845.8,False
891f2a60d77ffff,4631.8,False
891f2a60d7bffff,4776.2,False
891f2a60d83ffff,5957.8,False
891f2a60d87ffff,5779.0,False
891f2a60d8bffff,5846.2,False
891f2a60d8fffff,5652.9,False
891f2a60d93ffff,6262.8,False
891f2a60d97ffff,6084.2,False
891f2a60d9bffff,6150.1,False
891f2a60da3ffff,5310.3,False
891f2a60da7ffff,5163.9,False
891f2a60dabffff,5168.5,False
891f2a60dafffff,5005.7,False
891f2a60db3ffff,5615.0,False
891f2a60db7ffff,5467.1,False
891f2a60dbbffff,5473.8,False
891f2a60dc3ffff,5969.9,False
891f2a60dc7ffff,5750.1,False
891f2a60dcbffff,5903.6,False
891f2a60dcfffff,5670.4,False
891f2a60dd3ffff,6269.9,False
891f2a60dd7ffff,6052.2,False
891f2a60ddbffff,6200.4,False
891f2a60e03ffff,6662.0,False
891f2a60e07ffff,6857.6,False
891f2a60e0bffff,6521.5,False
891f2a60e0fffff,6855.5,False
891f2a60e13ffff,6477.0,False
891f2a60e17ffff,6814.6,False
891f2a60e1bffff,6326.1,False
891f2a60e23ffff,6301.9,False
891f2a60e27ffff,5984.7,False
891f2a60e2bffff,6390.9,False
891f2a60e2fffff,6068.1,False
891f2a60e33ffff,6541.7,False
891f2a60e37ffff,6228.1,False
891f2a60e3bffff,6621.3,False
891f2a60e43ffff,6063.5,False
891f2a60e47ffff,6393.8,False
891f2a60e4bffff,5953.7,False
891f2a60e4fffff,6279.9,False
891f2a60e53ffff,5855.1,False
891f2a60e57ffff,6188.0,False
891f2a60e5bffff,5734.2,False
891f2a60e63ffff,6822.9,False
891f2a60e67ffff,6494.4,False
891f2a60e6bffff,6828.0,False
891f2a60e6fffff,6611.7,False
891f2a60e73ffff,6725.0,False
891f2a60e77ffff,6715.3,False
891f2a60e7bffff,6607.4,False
891f2a60e83ffff,6475.0,False
891f2a60e87ffff,6813.9,False
891f2a60e8bffff,6301.5,False
891f2a60e8fffff,6639.9,False
891f2a60e93ffff,6320.6,False
891f2a60e97ffff,6659.4,False
891f2a60e9bffff,6136.2,False
891f2a60ea3ffff,6729.1,False
891f2a60ea7ffff,6425.8,False
891f2a60eabffff,6786.5,False
891f2a60eafffff,6476.3,False
891f2a60eb3ffff,6986.2,False
891f2a60eb7ffff,6686.6,False
891f2a60ebbffff,6978.4,False
891f2a60ec3ffff,5802.5,False
891f2a60ec7ffff,6139.7,False
891f2a60ecbffff,5655.5,False
891f2a60ecfffff,5990.6,False
891f2a60ed3ffff,5624.8,False
891f2a60ed7ffff,5963.1,False
891f2a60edbffff,5465.6,False
891f2a61127ffff,3474.8,False
891f2a61137ffff,3125.9,False
891f2a611a3ffff,2556.7,False
891f2a611a7ffff,2721.5,False
891f2a611afffff,2893.5,False
891f2a611b3ffff,2274.2,False
891f2a611b7ffff,2418.0,False
891f2a61507ffff,746.4,False
891f2a61517ffff,522.0,False
891f2a61523ffff,1046.1,False
891f2a61527ffff,1273.9,False
891f2a61533ffff,863.0,False
891f2a61537ffff,1007.8,False
891f2a6153bffff,944.3,False
891f2a61583ffff,422.7,False
891f2a61587ffff,108.9,True
891f2a6158bffff,705.3,False
891f2a6158fffff,330.5,False
891f2a61593ffff,317.5,False
891f2a61597ffff,196.7,False
891f2a6159bffff,631.2,False
891f2a615a3ffff,397.6,False
891f2a615a7ffff,634.7,False
891f2a615abffff,561.0,False
891f2a615afffff,702.7,False
891f2a615b3ffff,93.2,True
891f2a615b7ffff,384.2,False
891f2a615bbffff,266.3,False
891f2a615d7ffff,898.5,False
891f2a61803ffff,6050.0,False
891f2a61807ffff,6265.4,False
891f2a61813ffff,5786.0,False
891f2a61817ffff,6019.3,False
891f2a6181bffff,5882.3,False
891f2a61833ffff,6475.4,False
891f2a61837ffff,6759.1,False
891f2a61883ffff,5428.3,False
891f2a61887ffff,5677.8,False
891f2a6188bffff,5487.1,False
891f2a6188fffff,5723.2,False
891f2a61893ffff,5134.5,False
891f2a61897ffff,5387.8,False
891f2a6189bffff,5188.9,False
891f2a618a3ffff,6224.1,False
891f2a618a7ffff,6486.7,False
891f2a618abffff,6262.2,False
891f2a618afffff,6513.7,False
891f2a618b3ffff,5936.2,False
891f2a618b7ffff,6202.3,False
891f2a618bbffff,5969.3,False
891f2a618c7ffff,5588.9,False
891f2a618d3ffff,4928.3,False
891f2a618d7ffff,5265.3,False
891f2a61903ffff,7048.1,False
891f2a61907ffff,6714.7,False
891f2a6190bffff,7277.8,False
891f2a6190fffff,6946.5,False
891f2a61913ffff,7161.3,False
891f2a61917ffff,6825.7,False
891f2a6191bffff,7382.0,False
891f2a61923ffff,6286.3,False
891f2a61927ffff,5957.7,False
891f2a6192bffff,6529.9,False
891f2a6192fffff,6204.1,False
891f2a61933ffff,6381.8,False
891f2a61937ffff,6049.7,False
891f2a6193bffff,6615.9,False
891f2a61947ffff,7474.7,False
891f2a61953ffff,7368.5,False
891f2a61957ffff,7609.6,False
891f2a61963ffff,7104.0,False
891f2a61967ffff,6779.7,False
891f2a6196bffff,7209.6,False
891f2a6196fffff,7019.9,False
891f2a61973ffff,7185.0,False
891f2a61977ffff,6856.9,False
891f2a6197bffff,7361.0,False
891f2a61983ffff,7082.1,False
891f2a61987ffff,6743.8,False
891f2a6198bffff,7285.6,False
891f2a6198fffff,6948.3,False
891f2a61993ffff,7060.2,False
891f2a61997ffff,6887.3,False
891f2a6199bffff,7038.5,False
891f2a619a3ffff,6274.3,False
891f2a619a7ffff,5937.7,False
891f2a619abffff,6490.4,False
891f2a619afffff,6155.5,False
891f2a619b3ffff,6405.6,False
891f2a619b7ffff,6067.5,False
891f2a619bbffff,6611.2,False
891f2a619c3ffff,7038.8,False
891f2a619c7ffff,7310.8,False
891f2a619cbffff,7050.7,False
891f2a619cfffff,7323.4,False
891f2a619d3ffff,6756.0,False
891f2a619d7ffff,7031.4,False
891f2a619dbffff,6772.8,False
891f2a61c03ffff,4007.2,False
891f2a61c07ffff,4263.2,False
891f2a61c0bffff,4062.2,False
891f2a61c0fffff,4300.5,False
891f2a61c13ffff,3715.8,False
891f2a61c17ffff,3977.2,False
891f2a61c1bffff,3764.3,False
891f2a61c23ffff,4813.6,False
891f2a61c27ffff,5084.6,False
891f2a61c2bffff,4842.2,False
891f2a61c2fffff,5099.6,False
891f2a61c33ffff,4530.1,False
891f2a61c37ffff,4806.1,False
891f2a61c3bffff,4551.7,False
891f2a61c43ffff,3951.7,False
891f2a61c47ffff,4141.2,False
891f2a61c4fffff,4224.5,False
891f2a61c53ffff,3633.7,False
891f2a61c57ffff,3839.0,False
891f2a61c5bffff,3719.2,False
891f2a61c63ffff,4660.8,False
891f2a61c67ffff,4891.6,False
891f2a61c6bffff,4762.0,False
891f2a61c6fffff,4961.2,False
891f2a61c73ffff,4361.0,False
891f2a61c77ffff,4595.4,False
891f2a61c7bffff,4455.2,False
891f2a61c83ffff,3415.3,False
891f2a61c87ffff,3700.5,False
891f2a61c8bffff,3426.8,False
891f2a61c8fffff,3694.3,False
891f2a61c93ffff,3141.3,False
891f2a61c97ffff,3433.7,False
891f2a61c9bffff,3140.9,False
891f2a61ca3ffff,4260.0,False
891f2a61ca7ffff,4554.4,False
891f2a61cabffff,4249.6,False
891f2a61cafffff,4531.0,False
891f2a61cb3ffff,3994.0,False
891f2a61cb7ffff,4294.3,False
891f2a61cbbffff,3972.8,False
891f2a61cc3ffff,3236.4,False
891f2a61cc7ffff,3467.8,False
891f2a61ccbffff,3329.4,False
891f2a61ccfffff,3537.3,False
891f2a61cd3ffff,2936.3,False
891f2a61cd7ffff,3173.0,False
891f2a61cdbffff,3025.3,False
891f2a61d03ffff,5975.2,False
891f2a61d07ffff,6279.3,False
891f2a61d0bffff,5939.8,False
891f2a61d0fffff,6235.6,False
891f2a61d13ffff,5719.3,False
891f2a61d17ffff,6027.5,False
891f2a61d1bffff,5675.2,False
891f2a61d23ffff,6839.4,False
891f2a61d27ffff,6866.1,False
891f2a61d2bffff,6796.1,False
891f2a61d2fffff,7041.2,False
891f2a61d33ffff,6586.7,False
891f2a61d37ffff,6897.2,False
891f2a61d3bffff,6535.7,False
891f2a61d43ffff,5640.4,False
891f2a61d47ffff,5921.3,False
891f2a61d4bffff,5650.1,False
891f2a61d4fffff,5920.1,False
891f2a61d53ffff,5363.4,False
891f2a61d57ffff,5648.7,False
891f2a61d5bffff,5366.1,False
891f2a61d63ffff,6479.8,False
891f2a61d67ffff,6767.7,False
891f2a61d6bffff,6475.3,False
891f2a61d6fffff,6754.3,False
891f2a61d73ffff,6208.1,False
891f2a61d77ffff,6499.9,False
891f2a61d7bffff,6197.0,False
891f2a61d83ffff,5540.1,False
891f2a61d87ffff,5859.2,False
891f2a61d8bffff,5468.5,False
891f2a61d8fffff,5780.9,False
891f2a61d93ffff,5306.0,False
891f2a61d97ffff,5628.9,False
891f2a61d9bffff,5223.5,False
891f2a61da3ffff,6413.7,False
891f2a61da7ffff,6733.4,False
891f2a61dabffff,6338.8,False
891f2a61dafffff,6652.8,False
891f2a61db3ffff,6180.4,False
891f2a61db7ffff,6503.4,False
891f2a61dbbffff,6096.1,False
891f2a61dc3ffff,5114.7,False
891f2a61dc7ffff,5414.9,False
891f2a61dcbffff,5089.7,False
891f2a61dcfffff,5379.7,False
891f2a61dd3ffff,4854.5,False
891f2a61dd7ffff,5159.5,False
891f2a61ddbffff,4819.8,False
891f2a62003ffff,4126.8,False
891f2a62007ffff,4292.9,False
891f2a6200bffff,3810.6,False
891f2a6200fffff,3974.3,False
891f2a62013ffff,4295.6,False
891f2a62017ffff,4443.5,False
891f2a6201bffff,3982.7,False
891f2a62023ffff,4362.8,False
891f2a62027ffff,4582.3,False
891f2a6202bffff,4044.3,False
891f2a6202fffff,4265.7,False
891f2a62033ffff,4478.6,False
891f2a62037ffff,4681.4,False
891f2a6203bffff,4159.3,False
891f2a62043ffff,3360.4,False
891f2a62047ffff,3494.8,False
891f2a6204bffff,3051.7,False
891f2a6204fffff,3179.8,False
891f2a62053ffff,3556.5,False
891f2a62057ffff,3670.8,False
891f2a6205bffff,3252.8,False
891f2a62063ffff,3520.8,False
891f2a62067ffff,3725.9,False
891f2a6206bffff,3201.5,False
891f2a6206fffff,3407.7,False
891f2a62073ffff,3655.8,False
891f2a62077ffff,3840.0,False
891f2a6207bffff,3337.5,False
891f2a62083ffff,4788.9,False
891f2a62087ffff,4923.8,False
891f2a6208bffff,4478.7,False
891f2a6208fffff,4609.3,False
891f2a62093ffff,4980.5,False
891f2a62097ffff,5100.1,False
891f2a6209bffff,4673.9,False
891f2a620a3ffff,4930.4,False
891f2a620a7ffff,5117.0,False
891f2a620abffff,4611.6,False
891f2a620afffff,4797.8,False
891f2a620b3ffff,5077.8,False
891f2a620b7ffff,5249.2,False
891f2a620bbffff,4760.5,False
891f2a620c3ffff,4065.6,False
891f2a620c7ffff,4170.0,False
891f2a620cbffff,3764.7,False
891f2a620cfffff,3862.6,False
891f2a620d3ffff,4279.0,False
891f2a620d7ffff,4368.7,False
891f2a620dbffff,3982.5,False
891f2a62103ffff,5625.0,False
891f2a62107ffff,5886.0,False
891f2a6210bffff,5316.4,False
891f2a6210fffff,5580.8,False
891f2a62113ffff,5685.1,False
891f2a62117ffff,5934.6,False
891f2a6211bffff,5372.6,False
891f2a62123ffff,6131.6,False
891f2a62127ffff,6416.1,False
891f2a6212bffff,5835.6,False
891f2a6212fffff,6123.7,False
891f2a62133ffff,6154.6,False
891f2a62137ffff,6429.9,False
891f2a6213bffff,5852.9,False
891f2a62143ffff,4750.1,False
891f2a62147ffff,5009.2,False
891f2a6214bffff,4440.6,False
891f2a6214fffff,4703.6,False
891f2a62153ffff,4815.6,False
891f2a62157ffff,5060.9,False
891f2a6215bffff,4501.7,False
891f2a62163ffff,5255.6,False
891f2a62167ffff,5542.0,False
891f2a6216bffff,4960.8,False
891f2a6216fffff,5251.5,False
891f2a62173ffff,5277.3,False
891f2a62177ffff,5553.1,False
891f2a6217bffff,4975.7,False
891f2a62183ffff,6076.7,False
891f2a62187ffff,6312.2,False
891f2a6218bffff,5760.8,False
891f2a6218fffff,5998.4,False
891f2a62193ffff,6169.2,False
891f2a62197ffff,6393.0,False
891f2a6219bffff,5851.4,False
891f2a621a3ffff,6500.4,False
891f2a621a7ffff,6762.9,False
891f2a621abffff,6192.6,False
891f2a621afffff,6458.1,False
891f2a621b3ffff,6556.7,False
891f2a621b7ffff,6809.3,False
891f2a621bbffff,6245.3,False
891f2a621c3ffff,5216.4,False
891f2a621c7ffff,5445.3,False
891f2a621cbffff,4899.2,False
891f2a621cfffff,5130.2,False
891f2a621d3ffff,5318.7,False
891f2a621d7ffff,5533.8,False
891f2a621dbffff,5000.0,False
891f2a62203ffff,1933.5,False
891f2a62207ffff,2066.7,False
891f2a6220bffff,1627.2,False
891f2a6220fffff,1750.4,False
891f2a62213ffff,2138.5,False
891f2a62217ffff,2241.8,False
891f2a6221bffff,1841.2,False
891f2a62223ffff,2137.9,False
891f2a62227ffff,2380.8,False
891f2a6222bffff,1822.1,False
891f2a6222fffff,2072.1,False
891f2a62233ffff,2243.5,False
891f2a62237ffff,2454.6,False
891f2a6223bffff,1924.2,False
891f2a62243ffff,1247.1,False
891f2a62247ffff,1325.2,False
891f2a6224bffff,972.1,False
891f2a6224fffff,1028.1,False
891f2a62253ffff,1496.7,False
891f2a62257ffff,1546.3,False
891f2a6225bffff,1232.3,False
891f2a62263ffff,1285.5,False
891f2a62267ffff,1507.7,False
891f2a6226bffff,966.2,False
891f2a6226fffff,1196.0,False
891f2a62273ffff,1435.5,False
891f2a62277ffff,1604.9,False
891f2a6227bffff,1123.2,False
891f2a62283ffff,2653.7,False
891f2a62287ffff,2744.7,False
891f2a6228bffff,2357.7,False
891f2a6228fffff,2439.9,False
891f2a62293ffff,2877.0,False
891f2a62297ffff,2951.6,False
891f2a6229bffff,2590.2,False
891f2a622a3ffff,2701.3,False
891f2a622a7ffff,2882.2,False
891f2a622abffff,2383.8,False
891f2a622afffff,2562.9,False
891f2a622b3ffff,2865.7,False
891f2a622b7ffff,3019.3,False
891f2a622bbffff,2552.9,False
891f2a622c3ffff,2043.9,False
891f2a622c7ffff,2067.6,False
891f2a622cfffff,1797.2,False
891f2a622d7ffff,2328.6,False
891f2a62303ffff,3505.3,False
891f2a62307ffff,3798.3,False
891f2a6230bffff,3215.3,False
891f2a6230fffff,3514.8,False
891f2a62313ffff,3522.4,False
891f2a62317ffff,3800.1,False
891f2a6231bffff,3221.4,False
891f2a62323ffff,4132.0,False
891f2a62327ffff,4447.3,False
891f2a6232bffff,3867.5,False
891f2a6232fffff,4187.8,False
891f2a62333ffff,4098.3,False
891f2a62337ffff,4403.9,False
891f2a6233bffff,3820.9,False
891f2a62343ffff,2632.5,False
891f2a62347ffff,2931.3,False
891f2a6234bffff,2347.8,False
891f2a6234fffff,2655.3,False
891f2a62353ffff,2644.8,False
891f2a62357ffff,2924.4,False
891f2a6235bffff,2344.6,False
891f2a62363ffff,3288.9,False
891f2a62367ffff,3611.7,False
891f2a6236bffff,3038.4,False
891f2a6236fffff,3366.9,False
891f2a62373ffff,3238.0,False
891f2a62377ffff,3550.5,False
891f2a6237bffff,2969.7,False
891f2a62383ffff,3876.4,False
891f2a62387ffff,4132.5,False
891f2a6238bffff,3565.5,False
891f2a6238fffff,3826.3,False
891f2a62393ffff,3949.5,False
891f2a62397ffff,4188.5,False
891f2a6239bffff,3633.8,False
891f2a623a3ffff,4380.0,False
891f2a623a7ffff,4669.1,False
891f2a623abffff,4087.0,False
891f2a623afffff,4381.4,False
891f2a623b3ffff,4399.9,False
891f2a623b7ffff,4676.4,False
891f2a623bbffff,4098.5,False
891f2a623c3ffff,3004.8,False
891f2a623c7ffff,3256.2,False
891f2a623cbffff,2691.9,False
891f2a623cfffff,2949.1,False
891f2a623d3ffff,3089.7,False
891f2a623d7ffff,3318.8,False
891f2a623dbffff,2771.9,False
891f2a62403ffff,5537.7,False
891f2a62407ffff,5607.6,False
891f2a6240bffff,5249.3,False
891f2a6240fffff,5311.5,False
891f2a62413ffff,5771.1,False
891f2a62417ffff,5829.2,False
891f2a6241bffff,5487.7,False
891f2a62423ffff,5485.5,False
891f2a62427ffff,5596.9,False
891f2a6242bffff,5181.0,False
891f2a6242fffff,5288.1,False
891f2a62433ffff,5691.2,False
891f2a62437ffff,5791.4,False
891f2a6243bffff,5390.5,False
891f2a62443ffff,4940.9,False
891f2a62447ffff,4964.7,False
891f2a6244bffff,4643.6,False
891f2a6244fffff,4684.5,False
891f2a62453ffff,5151.0,False
891f2a62457ffff,5208.5,False
891f2a62463ffff,4795.1,False
891f2a62467ffff,4878.5,False
891f2a6246bffff,4499.6,False
891f2a6246fffff,4577.6,False
891f2a62473ffff,5018.1,False
891f2a62477ffff,5091.7,False
891f2a6247bffff,4728.0,False
891f2a62483ffff,6293.2,False
891f2a62487ffff,6348.0,False
891f2a6248bffff,6010.9,False
891f2a6248fffff,6058.0,False
891f2a62493ffff,6534.2,False
891f2a62497ffff,6579.0,False
891f2a6249bffff,6256.3,False
891f2a624a3ffff,6203.2,False
891f2a624a7ffff,6297.2,False
891f2a624abffff,5904.3,False
891f2a624afffff,5993.4,False
891f2a624b3ffff,6419.8,False
891f2a624b7ffff,6503.8,False
891f2a624bbffff,6123.6,False
891f2a624c7ffff,5742.2,False
891f2a624cfffff,5444.8,False
891f2a624d7ffff,5980.0,False
891f2a62503ffff,6348.8,False
891f2a62507ffff,6524.7,False
891f2a6250bffff,6030.8,False
891f2a6250fffff,6205.8,False
891f2a62513ffff,6502.9,False
891f2a62517ffff,6666.8,False
891f2a6251bffff,6186.4,False
891f2a62523ffff,6594.0,False
891f2a62527ffff,6805.1,False
891f2a6252bffff,6275.1,False
891f2a6252fffff,6487.1,False
891f2a62533ffff,6713.0,False
891f2a62537ffff,6912.9,False
891f2a6253bffff,6393.9,False
891f2a62543ffff,5554.3,False
891f2a62547ffff,5713.0,False
891f2a6254bffff,5238.8,False
891f2a6254fffff,5395.3,False
891f2a62553ffff,5725.2,False
891f2a62557ffff,5870.2,False
891f2a6255bffff,5412.3,False
891f2a62563ffff,5755.5,False
891f2a62567ffff,5956.3,False
891f2a6256bffff,5436.3,False
891f2a6256fffff,5637.5,False
891f2a62573ffff,5886.9,False
891f2a62577ffff,6074.7,False
891f2a6257bffff,5568.0,False
891f2a62583ffff,6982.5,False
891f2a62587ffff,7136.6,False
891f2a6258bffff,6667.5,False
891f2a6258fffff,6819.7,False
891f2a62593ffff,7154.6,False
891f2a62597ffff,7297.8,False
891f2a6259bffff,6841.6,False
891f2a625a3ffff,7162.5,False
891f2a625a7ffff,7351.3,False
891f2a625abffff,6843.6,False
891f2a625afffff,7032.2,False
891f2a625b3ffff,7303.2,False
891f2a625b7ffff,7481.4,False
891f2a625bbffff,6985.0,False
891f2a625c3ffff,6217.7,False
891f2a625c7ffff,6352.9,False
891f2a625cbffff,5906.8,False
891f2a625cfffff,6038.8,False
891f2a625d3ffff,6406.1,False
891f2a625d7ffff,6529.3,False
891f2a625dbffff,6098.3,False
891f2a62607ffff,3598.8,False
891f2a62623ffff,3397.8,False
891f2a62627ffff,3466.4,False
891f2a6262bffff,3113.4,False
891f2a6262fffff,3170.0,False
891f2a62633ffff,3637.0,False
891f2a62637ffff,3687.9,False
891f2a6263bffff,3356.0,False
891f2a62667ffff,2842.7,False
891f2a6266fffff,2599.6,False
891f2a62677ffff,3106.7,False
891f2a626a3ffff,4160.7,False
891f2a626a7ffff,4207.5,False
891f2a626abffff,3879.7,False
891f2a626afffff,3919.6,False
891f2a626b3ffff,4435.9,False
891f2a626b7ffff,4442.0,False
891f2a626bbffff,4137.0,False
891f2a62803ffff,7945.5,False
891f2a62807ffff,8275.5,False
891f2a6280bffff,7710.4,False
891f2a6280fffff,8042.4,False
891f2a62813ffff,7859.2,False
891f2a62817ffff,8186.3,False
891f2a6281bffff,7616.2,False
891f2a62823ffff,8708.0,False
891f2a62827ffff,8663.2,False
891f2a6282bffff,8484.2,False
891f2a6282fffff,8525.5,False
891f2a62833ffff,8606.3,False
891f2a62837ffff,8937.6,False
891f2a6283bffff,8375.0,False
891f2a62843ffff,7148.2,False
891f2a62847ffff,7481.5,False
891f2a6284bffff,6924.4,False
891f2a6284fffff,7259.5,False
891f2a62853ffff,7048.3,False
891f2a62857ffff,7379.0,False
891f2a6285bffff,6815.4,False
891f2a62863ffff,7930.7,False
891f2a62867ffff,8266.7,False
891f2a6286bffff,7718.8,False
891f2a6286fffff,8055.9,False
891f2a62873ffff,7815.4,False
891f2a62877ffff,8149.6,False
891f2a6287bffff,7595.0,False
891f2a62883ffff,8039.6,False
891f2a62887ffff,8360.6,False
891f2a6288bffff,7784.0,False
891f2a6288fffff,8107.5,False
891f2a62893ffff,7982.7,False
891f2a62897ffff,8299.6,False
891f2a6289bffff,7720.0,False
891f2a628a3ffff,8758.1,False
891f2a628a7ffff,9084.8,False
891f2a628abffff,8514.2,False
891f2a628afffff,8843.0,False
891f2a628b3ffff,8683.0,False
891f2a628b7ffff,9006.6,False
891f2a628bbffff,8432.3,False
891f2a628c3ffff,7208.4,False
891f2a628c7ffff,7533.2,False
891f2a628cbffff,6960.4,False
891f2a628cfffff,7287.8,False
891f2a628d3ffff,7141.1,False
891f2a628d7ffff,7461.8,False
891f2a628dbffff,6884.9,False
891f2a62903ffff,8401.6,False
891f2a62907ffff,8288.6,False
891f2a6290bffff,8224.7,False
891f2a6290fffff,8101.6,False
891f2a62913ffff,8702.0,False
891f2a62917ffff,8586.8,False
891f2a6291bffff,8526.6,False
891f2a62923ffff,7893.4,False
891f2a62927ffff,7809.3,False
891f2a6292bffff,7693.9,False
891f2a6292fffff,7599.4,False
891f2a62933ffff,8188.1,False
891f2a62937ffff,8100.5,False
891f2a6293bffff,7991.0,False
891f2a62943ffff,8201.8,False
891f2a62947ffff,8056.5,False
891f2a6294bffff,8053.5,False
891f2a6294fffff,7897.6,False
891f2a62953ffff,8506.1,False
891f2a62957ffff,8359.7,False
891f2a6295bffff,8358.3,False
891f2a62963ffff,7621.5,False
891f2a62967ffff,7502.6,False
891f2a6296bffff,7450.4,False
891f2a6296fffff,7320.4,False
891f2a62973ffff,7923.0,False
891f2a62977ffff,7801.9,False
891f2a6297bffff,7753.4,False
891f2a62983ffff,9184.5,False
891f2a62987ffff,9076.4,False
891f2a6298bffff,9002.7,False
891f2a6298fffff,8885.4,False
891f2a62993ffff,9483.9,False
891f2a62997ffff,9373.6,False
891f2a6299bffff,9303.7,False
891f2a629a3ffff,8685.9,False
891f2a629a7ffff,8604.4,False
891f2a629abffff,8483.6,False
891f2a629afffff,8392.8,False
891f2a629b3ffff,8979.8,False
891f2a629b7ffff,8895.1,False
891f2a629bbffff,8779.7,False
891f2a629c3ffff,8966.5,False
891f2a629c7ffff,8828.7,False
891f2a629cbffff,8810.4,False
891f2a629cfffff,8663.0,False
891f2a629d3ffff,9270.0,False
891f2a629d7ffff,9131.0,False
891f2a629dbffff,9114.7,False
891f2a62a03ffff,6453.5,False
891f2a62a07ffff,6792.3,False
891f2a62a0bffff,6276.5,False
891f2a62a0fffff,6615.0,False
891f2a62a13ffff,6302.6,False
891f2a62a17ffff,6641.1,False
891f2a62a1bffff,6114.6,False
891f2a62a23ffff,7292.3,False
891f2a62a27ffff,7630.9,False
891f2a62a2bffff,7124.4,False
891f2a62a2fffff,7462.4,False
891f2a62a33ffff,7131.2,False
891f2a62a37ffff,7470.0,False
891f2a62a3bffff,6953.6,False
891f2a62a43ffff,5773.5,False
891f2a62a47ffff,6111.0,False
891f2a62a4bffff,5622.4,False
891f2a62a4fffff,5958.1,False
891f2a62a53ffff,5599.4,False
891f2a62a57ffff,5937.9,False
891f2a62a5bffff,5436.1,False
891f2a62a63ffff,6630.5,False
891f2a62a67ffff,6967.1,False
891f2a62a6bffff,6486.5,False
891f2a62a6fffff,6821.1,False
891f2a62a73ffff,6448.7,False
891f2a62a77ffff,6786.5,False
891f2a62a7bffff,6294.1,False
891f2a62a83ffff,6372.0,False
891f2a62a87ffff,6708.3,False
891f2a62a8bffff,6163.1,False
891f2a62a8fffff,6500.8,False
891f2a62a93ffff,6255.4,False
891f2a62a97ffff,6589.7,False
891f2a62a9bffff,6035.9,False
891f2a62aa3ffff,7176.5,False
891f2a62aa7ffff,7514.5,False
891f2a62aabffff,6979.7,False
891f2a62aafffff,7318.4,False
891f2a62ab3ffff,7045.0,False
891f2a62ab7ffff,7381.8,False
891f2a62abbffff,6838.6,False
891f2a62ac3ffff,5625.6,False
891f2a62ac7ffff,5964.0,False
891f2a62acbffff,5436.9,False
891f2a62acfffff,5775.8,False
891f2a62ad3ffff,5488.2,False
891f2a62ad7ffff,5825.6,False
891f2a62adbffff,5287.1,False
891f2a62b03ffff,7366.9,False
891f2a62b07ffff,7177.7,False
891f2a62b0bffff,7263.4,False
891f2a62b0fffff,7062.6,False
891f2a62b13ffff,7671.3,False
891f2a62b17ffff,7482.7,False
891f2a62b1bffff,7566.6,False
891f2a62b23ffff,6694.6,False
891f2a62b27ffff,6529.3,False
891f2a62b2bffff,6567.8,False
891f2a62b2fffff,6389.4,False
891f2a62b33ffff,6999.8,False
891f2a62b37ffff,6834.1,False
891f2a62b3bffff,6872.7,False
891f2a62b43ffff,7394.2,False
891f2a62b47ffff,7172.5,False
891f2a62b4bffff,7327.4,False
891f2a62b4fffff,7094.9,False
891f2a62b53ffff,7694.0,False
891f2a62b57ffff,7474.1,False
891f2a62b5bffff,7624.5,False
891f2a62b63ffff,6657.4,False
891f2a62b67ffff,6454.2,False
891f2a62b6bffff,6570.4,False
891f2a62b6fffff,6354.7,False
891f2a62b73ffff,6960.3,False
891f2a62b77ffff,6758.4,False
891f2a62b7bffff,6871.3,False
891f2a62b83ffff,8092.7,False
891f2a62b87ffff,7915.3,False
891f2a62b8bffff,7975.7,False
891f2a62b8fffff,7787.7,False
891f2a62b93ffff,8397.6,False
891f2a62b97ffff,8220.4,False
891f2a62b9bffff,8280.2,False
891f2a62ba3ffff,7443.8,False
891f2a62ba7ffff,7289.4,False
891f2a62babffff,7305.0,False
891f2a62bafffff,7138.9,False
891f2a62bb3ffff,7748.6,False
891f2a62bb7ffff,7593.4,False
891f2a62bbbffff,7610.1,False
891f2a62bc3ffff,7995.7,False
891f2a62bc7ffff,7870.0,False
891f2a62bcbffff,7808.9,False
891f2a62bcfffff,7775.9,False
891f2a62bd3ffff,7852.5,False
891f2a62bd7ffff,8173.4,False
891f2a62bdbffff,7657.0,False
891f2a62c03ffff,7582.6,False
891f2a62c07ffff,7880.8,False
891f2a62c0bffff,7297.5,False
891f2a62c0fffff,7598.8,False
891f2a62c13ffff,7578.5,False
891f2a62c17ffff,7870.2,False
891f2a62c1bffff,7287.9,False
891f2a62c23ffff,8210.2,False
891f2a62c27ffff,8519.6,False
891f2a62c2bffff,7937.2,False
891f2a62c2fffff,8249.4,False
891f2a62c33ffff,8182.2,False
891f2a62c37ffff,8486.4,False
891f2a62c3bffff,7903.1,False
891f2a62c43ffff,6714.3,False
891f2a62c47ffff,7015.4,False
891f2a62c4bffff,6432.0,False
891f2a62c4fffff,6736.6,False
891f2a62c53ffff,6705.7,False
891f2a62c57ffff,6999.7,False
891f2a62c5bffff,6416.8,False
891f2a62c63ffff,7354.8,False
891f2a62c67ffff,7667.7,False
891f2a62c6bffff,7086.3,False
891f2a62c6fffff,7402.2,False
891f2a62c73ffff,7319.9,False
891f2a62c77ffff,7627.2,False
891f2a62c7bffff,7044.4,False
891f2a62c83ffff,7884.5,False
891f2a62c87ffff,8166.3,False
891f2a62c8bffff,7586.8,False
891f2a62c8fffff,7871.4,False
891f2a62c93ffff,7909.2,False
891f2a62c97ffff,8183.7,False
891f2a62c9bffff,7607.3,False
891f2a62ca3ffff,8452.7,False
891f2a62ca7ffff,8748.5,False
891f2a62cabffff,8165.5,False
891f2a62cafffff,8464.1,False
891f2a62cb3ffff,8452.3,False
891f2a62cb7ffff,8742.1,False
891f2a62cbbffff,8160.2,False
891f2a62cc3ffff,7008.0,False
891f2a62cc7ffff,7291.0,False
891f2a62ccbffff,6711.0,False
891f2a62ccfffff,6997.2,False
891f2a62cd3ffff,7032.0,False
891f2a62cd7ffff,7306.8,False
891f2a62cdbffff,6730.1,False
891f2a62d03ffff,9726.2,False
891f2a62d07ffff,10040.8,False
891f2a62d0bffff,9460.0,False
891f2a62d0fffff,9776.9,False
891f2a62d13ffff,9684.8,False
891f2a62d17ffff,9995.4,False
891f2a62d1bffff,9413.2,False
891f2a62d23ffff,9969.4,False
891f2a62d27ffff,9865.5,False
891f2a62d2bffff,9783.7,False
891f2a62d2fffff,9671.3,False
891f2a62d33ffff,10268.0,False
891f2a62d37ffff,10161.9,False
891f2a62d3bffff,10083.7,False
891f2a62d43ffff,8879.6,False
891f2a62d47ffff,9197.2,False
891f2a62d4bffff,8618.1,False
891f2a62d4fffff,8938.1,False
891f2a62d53ffff,8831.2,False
891f2a62d57ffff,9144.7,False
891f2a62d5bffff,8563.6,False
891f2a62d63ffff,9582.1,False
891f2a62d67ffff,9604.9,False
891f2a62d6bffff,9331.3,False
891f2a62d6fffff,9433.5,False
891f2a62d73ffff,9516.3,False
891f2a62d77ffff,9836.8,False
891f2a62d7bffff,9259.5,False
891f2a62d83ffff,9932.2,False
891f2a62d87ffff,10236.2,False
891f2a62d8bffff,9652.9,False
891f2a62d8fffff,9959.2,False
891f2a62d93ffff,9914.6,False
891f2a62d97ffff,10213.8,False
891f2a62d9bffff,9630.6,False
891f2a62da3ffff,10577.7,False
891f2a62da7ffff,10655.6,False
891f2a62dabffff,10307.8,False
891f2a62dafffff,10458.7,False
891f2a62db3ffff,10542.3,False
891f2a62db7ffff,10850.3,False
891f2a62dbbffff,10267.5,False
891f2a62dc3ffff,9069.7,False
891f2a62dc7ffff,9376.2,False
891f2a62dcbffff,8793.2,False
891f2a62dcfffff,9102.2,False
891f2a62dd3ffff,9047.3,False
891f2a62dd7ffff,9348.9,False
891f2a62ddbffff,8765.5,False
891f2a62e03ffff,5664.3,False
891f2a62e07ffff,5985.8,False
891f2a62e0bffff,5410.1,False
891f2a62e0fffff,5735.1,False
891f2a62e13ffff,5609.1,False
891f2a62e17ffff,5924.8,False
891f2a62e1bffff,5344.8,False
891f2a62e23ffff,6389.5,False
891f2a62e27ffff,6718.4,False
891f2a62e2bffff,6151.7,False
891f2a62e2fffff,6483.2,False
891f2a62e33ffff,6309.2,False
891f2a62e37ffff,6634.2,False
891f2a62e3bffff,6061.7,False
891f2a62e43ffff,4836.1,False
891f2a62e47ffff,5163.1,False
891f2a62e4bffff,4594.0,False
891f2a62e4fffff,4924.5,False
891f2a62e53ffff,4765.7,False
891f2a62e57ffff,5086.8,False
891f2a62e5bffff,4510.9,False
891f2a62e63ffff,5588.4,False
891f2a62e67ffff,5921.6,False
891f2a62e6bffff,5364.7,False
891f2a62e6fffff,5700.1,False
891f2a62e73ffff,5491.5,False
891f2a62e77ffff,5821.1,False
891f2a62e7bffff,5256.0,False
891f2a62e83ffff,5848.6,False
891f2a62e87ffff,6153.4,False
891f2a62e8bffff,5570.2,False
891f2a62e8fffff,5878.9,False
891f2a62e93ffff,5834.1,False
891f2a62e97ffff,6131.0,False
891f2a62e9bffff,5547.8,False
891f2a62ea3ffff,6505.3,False
891f2a62ea7ffff,6822.2,False
891f2a62eabffff,6242.8,False
891f2a62eafffff,6563.0,False
891f2a62eb3ffff,6461.6,False
891f2a62eb7ffff,6772.7,False
891f2a62ebbffff,6190.8,False
891f2a62ec3ffff,4987.0,False
891f2a62ec7ffff,5296.4,False
891f2a62ecbffff,4714.1,False
891f2a62ecfffff,5027.9,False
891f2a62ed3ffff,4964.5,False
891f2a62ed7ffff,5265.2,False
891f2a62edbffff,4681.7,False
891f2a63103ffff,320.1,False
891f2a63107ffff,126.6,True
891f2a6310bffff,382.6,False
891f2a6310fffff,162.0,True
891f2a63113ffff,550.7,False
891f2a63117ffff,354.0,False
891f2a63123ffff,232.9,False
891f2a63127ffff,560.9,False
891f2a6312bffff,217.5,False
891f2a6312fffff,484.5,False
891f2a63133ffff,16.0,True
891f2a63137ffff,354.8,False
891f2a6313bffff,0.0,True
891f2a6314fffff,365.1,False
891f2a63163ffff,176.4,False
891f2a63167ffff,412.8,False
891f2a6316bffff,109.8,True
891f2a6316fffff,406.1,False
891f2a63173ffff,277.9,False
891f2a63177ffff,228.4,False
891f2a6317bffff,0.0,True
891f2a63183ffff,870.4,False
891f2a63187ffff,784.4,False
891f2a6318fffff,612.5,False
891f2a63197ffff,972.3,False
891f2a631a3ffff,511.9,False
891f2a631a7ffff,646.8,False
891f2a631abffff,215.3,False
891f2a631afffff,327.6,False
891f2a631b3ffff,738.6,False
891f2a631b7ffff,815.1,False
891f2a631bbffff,487.7,False
891f2a63303ffff,1013.1,False
891f2a63307ffff,697.6,False
891f2a6330bffff,1127.2,False
891f2a6330fffff,764.3,False
891f2a63313ffff,1137.1,False
891f2a63317ffff,1032.3,False
891f2a63323ffff,134.4,False
891f2a63327ffff,128.3,True
891f2a6332bffff,215.6,False
891f2a6332fffff,32.0,True
891f2a63333ffff,516.9,False
891f2a63337ffff,399.5,False
891f2a6333bffff,486.9,False
891f2a63367ffff,500.5,False
891f2a6336fffff,1026.2,False
891f2a63373ffff,1038.8,False
891f2a63377ffff,520.9,False
891f2a6338fffff,1030.8,False
891f2a633a3ffff,547.3,False
891f2a633a7ffff,340.8,False
891f2a633abffff,808.1,False
891f2a633afffff,649.7,False
891f2a633b3ffff,573.9,False
891f2a633b7ffff,175.0,False
891f2a633bbffff,827.3,False
891f2a64003ffff,7604.5,False
891f2a64007ffff,7889.2,False
891f2a6400bffff,7308.5,False
891f2a6400fffff,7596.1,False
891f2a64013ffff,7625.2,False
891f2a64017ffff,7902.4,False
891f2a6401bffff,7324.5,False
891f2a64023ffff,8183.1,False
891f2a64027ffff,8481.7,False
891f2a6402bffff,7898.2,False
891f2a6402fffff,8199.6,False
891f2a64033ffff,8178.0,False
891f2a64037ffff,8470.5,False
891f2a6403bffff,7887.8,False
891f2a64043ffff,6728.3,False
891f2a64047ffff,7014.5,False
891f2a6404bffff,6433.2,False
891f2a6404fffff,6722.7,False
891f2a64053ffff,6747.6,False
891f2a64057ffff,7025.5,False
891f2a6405bffff,6447.2,False
891f2a64063ffff,7314.6,False
891f2a64067ffff,7616.0,False
891f2a6406bffff,7032.3,False
891f2a6406fffff,7336.8,False
891f2a64073ffff,7305.2,False
891f2a64077ffff,7599.9,False
891f2a6407bffff,7016.7,False
891f2a64083ffff,7964.0,False
891f2a64087ffff,8230.8,False
891f2a6408bffff,7658.0,False
891f2a6408fffff,7927.3,False
891f2a64093ffff,8012.1,False
891f2a64097ffff,8270.9,False
891f2a6409bffff,7702.8,False
891f2a640a3ffff,8481.0,False
891f2a640a7ffff,8764.4,False
891f2a640abffff,8184.2,False
891f2a640afffff,8470.2,False
891f2a640b3ffff,8502.7,False
891f2a640b7ffff,8779.4,False
891f2a640bbffff,8201.8,False
891f2a640c3ffff,7087.0,False
891f2a640c7ffff,7353.2,False
891f2a640cbffff,6780.7,False
891f2a640cfffff,7049.7,False
891f2a640d3ffff,7137.2,False
891f2a640d7ffff,7394.4,False
891f2a640dbffff,6827.3,False
891f2a64103ffff,9671.0,False
891f2a64107ffff,9977.4,False
891f2a6410bffff,9394.1,False
891f2a6410fffff,9702.8,False
891f2a64113ffff,9648.8,False
891f2a64117ffff,9950.5,False
891f2a6411bffff,9366.9,False
891f2a64123ffff,10326.0,False
891f2a64127ffff,10640.2,False
891f2a6412bffff,10058.8,False
891f2a6412fffff,10375.1,False
891f2a64133ffff,10285.8,False
891f2a64137ffff,10596.1,False
891f2a6413bffff,10013.5,False
891f2a64143ffff,8810.7,False
891f2a64147ffff,9119.9,False
891f2a6414bffff,8537.0,False
891f2a6414fffff,8848.7,False
891f2a64153ffff,8783.3,False
891f2a64157ffff,9087.5,False
891f2a6415bffff,8503.9,False
891f2a64163ffff,9477.7,False
891f2a64167ffff,9794.7,False
891f2a6416bffff,9214.8,False
891f2a6416fffff,9534.0,False
891f2a64173ffff,9431.0,False
891f2a64177ffff,9744.1,False
891f2a6417bffff,9162.3,False
891f2a64183ffff,9924.7,False
891f2a64187ffff,10219.2,False
891f2a6418bffff,9636.2,False
891f2a6418fffff,9932.9,False
891f2a64193ffff,9926.0,False
891f2a64197ffff,10215.1,False
891f2a6419bffff,9633.3,False
891f2a641a3ffff,10534.1,False
891f2a641a7ffff,10838.1,False
891f2a641abffff,10254.6,False
891f2a641afffff,10560.7,False
891f2a641b3ffff,10516.3,False
891f2a641b7ffff,10815.8,False
891f2a641bbffff,10232.3,False
891f2a641c3ffff,9053.3,False
891f2a641c7ffff,9349.6,False
891f2a641cbffff,8766.3,False
891f2a641cfffff,9065.2,False
891f2a641d3ffff,9051.6,False
891f2a641d7ffff,9342.3,False
891f2a641dbffff,8760.1,False
891f2a64203ffff,5586.2,False
891f2a64207ffff,5894.9,False
891f2a6420bffff,5312.1,False
891f2a6420fffff,5624.9,False
891f2a64213ffff,5564.1,False
891f2a64217ffff,5864.9,False
891f2a6421bffff,5281.2,False
891f2a64223ffff,6258.7,False
891f2a64227ffff,6578.9,False
891f2a6422bffff,6001.4,False
891f2a6422fffff,6324.9,False
891f2a64233ffff,6206.8,False
891f2a64237ffff,6521.5,False
891f2a6423bffff,5940.6,False
891f2a64243ffff,4729.4,False
891f2a64247ffff,5043.3,False
891f2a6424bffff,4462.2,False
891f2a6424fffff,4780.7,False
891f2a64253ffff,4697.5,False
891f2a64257ffff,5002.7,False
891f2a6425bffff,4419.3,False
891f2a64263ffff,5425.2,False
891f2a64267ffff,5750.3,False
891f2a6426bffff,5177.8,False
891f2a6426fffff,5506.4,False
891f2a64273ffff,5360.2,False
891f2a64277ffff,5679.7,False
891f2a6427bffff,5101.9,False
891f2a64283ffff,5852.4,False
891f2a64287ffff,6140.5,False
891f2a6428bffff,5558.6,False
891f2a6428fffff,5850.7,False
891f2a64293ffff,5870.0,False
891f2a64297ffff,6148.7,False
891f2a6429bffff,5570.0,False
891f2a642a3ffff,6448.6,False
891f2a642a7ffff,6753.3,False
891f2a642abffff,6169.7,False
891f2a642afffff,6477.9,False
891f2a642b3ffff,6433.7,False
891f2a642b7ffff,6731.1,False
891f2a642bbffff,6147.6,False
891f2a642c3ffff,4977.1,False
891f2a642c7ffff,5267.9,False
891f2a642cbffff,4685.2,False
891f2a642cfffff,4980.6,False
891f2a642d3ffff,4992.4,False
891f2a642d7ffff,5272.2,False
891f2a642dbffff,4692.9,False
891f2a64303ffff,7800.5,False
891f2a64307ffff,8124.2,False
891f2a6430bffff,7549.5,False
891f2a6430fffff,7875.7,False
891f2a64313ffff,7736.7,False
891f2a64317ffff,8056.4,False
891f2a6431bffff,7478.2,False
891f2a64323ffff,8531.0,False
891f2a64327ffff,8860.0,False
891f2a6432bffff,8292.1,False
891f2a6432fffff,8623.0,False
891f2a64333ffff,8449.1,False
891f2a64337ffff,8775.1,False
891f2a6433bffff,8202.9,False
891f2a64343ffff,6976.3,False
891f2a64347ffff,7303.8,False
891f2a6434bffff,6734.0,False
891f2a6434fffff,7064.1,False
891f2a64353ffff,6901.0,False
891f2a64357ffff,7224.6,False
891f2a6435bffff,6649.9,False
891f2a64363ffff,7726.5,False
891f2a64367ffff,8058.7,False
891f2a6436bffff,7497.4,False
891f2a6436fffff,7831.4,False
891f2a64373ffff,7632.4,False
891f2a64377ffff,7961.9,False
891f2a6437bffff,7394.9,False
891f2a64383ffff,7954.2,False
891f2a64387ffff,8266.5,False
891f2a6438bffff,7684.5,False
891f2a6438fffff,7999.6,False
891f2a64393ffff,7920.4,False
891f2a64397ffff,8227.5,False
891f2a6439bffff,7644.2,False
891f2a643a3ffff,8635.3,False
891f2a643a7ffff,8955.4,False
891f2a643abffff,8377.6,False
891f2a643afffff,8700.1,False
891f2a643b3ffff,8580.8,False
891f2a643b7ffff,8897.0,False
891f2a643bbffff,8316.6,False
891f2a643c3ffff,7102.8,False
891f2a643c7ffff,7418.8,False
891f2a643cbffff,6838.4,False
891f2a643cfffff,7157.4,False
891f2a643d3ffff,7061.0,False
891f2a643d7ffff,7371.6,False
891f2a643dbffff,6789.1,False
891f2a64403ffff,7996.9,False
891f2a64407ffff,8222.9,False
891f2a6440bffff,7679.5,False
891f2a6440fffff,7906.7,False
891f2a64413ffff,8097.6,False
891f2a64417ffff,8314.5,False
891f2a6441bffff,7779.1,False
891f2a64423ffff,8384.0,False
891f2a64427ffff,8632.7,False
891f2a6442bffff,8071.4,False
891f2a6442fffff,8322.0,False
891f2a64433ffff,8456.5,False
891f2a64437ffff,8697.0,False
891f2a6443bffff,8141.8,False
891f2a64443ffff,7142.3,False
891f2a64447ffff,7362.2,False
891f2a6444bffff,6824.0,False
891f2a6444fffff,7045.0,False
891f2a64453ffff,7251.1,False
891f2a64457ffff,7460.7,False
891f2a6445bffff,6932.0,False
891f2a64463ffff,7513.5,False
891f2a64467ffff,7759.4,False
891f2a6446bffff,7200.1,False
891f2a6446fffff,7448.0,False
891f2a64473ffff,7590.8,False
891f2a64477ffff,7827.5,False
891f2a6447bffff,7275.2,False
891f2a64483ffff,8527.5,False
891f2a64487ffff,8734.7,False
891f2a6448bffff,8208.4,False
891f2a6448fffff,8416.1,False
891f2a64493ffff,8648.1,False
891f2a64497ffff,8846.6,False
891f2a6449bffff,8328.9,False
891f2a644a3ffff,8855.9,False
891f2a644a7ffff,9086.8,False
891f2a644abffff,8539.3,False
891f2a644afffff,8771.5,False
891f2a644b3ffff,8950.0,False
891f2a644b7ffff,9172.7,False
891f2a644bbffff,8632.2,False
891f2a644c3ffff,7690.3,False
891f2a644c7ffff,7889.3,False
891f2a644cbffff,7371.0,False
891f2a644cfffff,7570.2,False
891f2a644d3ffff,7820.4,False
891f2a644d7ffff,8009.6,False
891f2a644dbffff,7501.3,False
891f2a64503ffff,9718.0,False
891f2a64507ffff,9985.8,False
891f2a6450bffff,9412.7,False
891f2a6450fffff,9682.5,False
891f2a64513ffff,9763.0,False
891f2a64517ffff,10024.2,False
891f2a6451bffff,9454.9,False
891f2a64523ffff,10234.4,False
891f2a64527ffff,10515.9,False
891f2a6452bffff,9936.5,False
891f2a6452fffff,10220.2,False
891f2a64533ffff,10257.7,False
891f2a64537ffff,10533.5,False
891f2a6453bffff,9956.5,False
891f2a64543ffff,8841.0,False
891f2a64547ffff,9108.3,False
891f2a6454bffff,8535.4,False
891f2a6454fffff,8804.9,False
891f2a64553ffff,8887.4,False
891f2a64557ffff,9147.5,False
891f2a6455bffff,8578.7,False
891f2a64563ffff,9357.7,False
891f2a64567ffff,9640.0,False
891f2a6456bffff,9060.3,False
891f2a6456fffff,9345.0,False
891f2a64573ffff,9380.3,False
891f2a64577ffff,9656.5,False
891f2a6457bffff,9079.2,False
891f2a64583ffff,10128.4,False
891f2a64587ffff,10381.3,False
891f2a6458bffff,9817.3,False
891f2a6458fffff,10071.8,False
891f2a64593ffff,10193.8,False
891f2a64597ffff,10440.0,False
891f2a6459bffff,9880.7,False
891f2a645a3ffff,10595.1,False
891f2a645a7ffff,10863.2,False
891f2a645abffff,10290.0,False
891f2a645afffff,10560.0,False
891f2a645b3ffff,10638.9,False
891f2a645b7ffff,10901.0,False
891f2a645bbffff,10331.2,False
891f2a645c3ffff,9255.7,False
891f2a645c7ffff,9506.7,False
891f2a645cbffff,8943.9,False
891f2a645cfffff,9196.7,False
891f2a645d3ffff,9324.4,False
891f2a645d7ffff,9568.0,False
891f2a645dbffff,9010.5,False
891f2a64603ffff,5778.9,False
891f2a64607ffff,6016.3,False
891f2a6460bffff,5463.2,False
891f2a6460fffff,5702.9,False
891f2a64613ffff,5869.8,False
891f2a64617ffff,6095.0,False
891f2a6461bffff,5552.0,False
891f2a64623ffff,6210.2,False
891f2a64627ffff,6475.6,False
891f2a6462bffff,5903.4,False
891f2a6462fffff,6172.0,False
891f2a64633ffff,6263.1,False
891f2a64637ffff,6518.2,False
891f2a6463bffff,5952.3,False
891f2a64643ffff,4917.0,False
891f2a64647ffff,5147.9,False
891f2a6464bffff,4599.9,False
891f2a6464fffff,4833.1,False
891f2a64653ffff,5018.1,False
891f2a64657ffff,5234.4,False
891f2a6465bffff,4699.3,False
891f2a64663ffff,5333.7,False
891f2a64667ffff,5598.0,False
891f2a6466bffff,5026.2,False
891f2a6466fffff,5294.2,False
891f2a64673ffff,5390.2,False
891f2a64677ffff,5642.4,False
891f2a6467bffff,5078.2,False
891f2a64683ffff,6294.0,False
891f2a64687ffff,6505.8,False
891f2a6468bffff,5975.0,False
891f2a6468fffff,6187.8,False
891f2a64693ffff,6413.0,False
891f2a64697ffff,6613.0,False
891f2a6469bffff,6093.6,False
891f2a646a3ffff,6644.9,False
891f2a646a7ffff,6887.1,False
891f2a646abffff,6330.4,False
891f2a646afffff,6574.8,False
891f2a646b3ffff,6728.1,False
891f2a646b7ffff,6959.8,False
891f2a646bbffff,6411.4,False
891f2a646c3ffff,5454.8,False
891f2a646c7ffff,5656.0,False
891f2a646cbffff,5135.4,False
891f2a646cfffff,5337.0,False
891f2a646d3ffff,5586.9,False
891f2a646d7ffff,5774.2,False
891f2a646dbffff,5267.9,False
891f2a64803ffff,12407.6,False
891f2a64807ffff,12740.7,False
891f2a6480bffff,12180.6,False
891f2a6480fffff,12514.7,False
891f2a64813ffff,12307.2,False
891f2a64817ffff,12638.7,False
891f2a6481bffff,12074.9,False
891f2a64823ffff,13183.8,False
891f2a64827ffff,13518.7,False
891f2a6482bffff,12963.9,False
891f2a6482fffff,13299.7,False
891f2a64833ffff,13074.1,False
891f2a64837ffff,13407.7,False
891f2a6483bffff,12849.1,False
891f2a64843ffff,11622.7,False
891f2a64847ffff,11957.7,False
891f2a6484bffff,11403.3,False
891f2a6484fffff,11739.3,False
891f2a64853ffff,11513.1,False
891f2a64857ffff,11846.7,False
891f2a6485bffff,11288.0,False
891f2a64863ffff,12411.8,False
891f2a64867ffff,12748.2,False
891f2a6486bffff,12199.7,False
891f2a6486fffff,12536.9,False
891f2a64873ffff,12292.9,False
891f2a64877ffff,12628.3,False
891f2a6487bffff,12075.4,False
891f2a64883ffff,12454.7,False
891f2a64887ffff,12783.0,False
891f2a6488bffff,12213.6,False
891f2a6488fffff,12543.3,False
891f2a64893ffff,12373.0,False
891f2a64897ffff,12699.2,False
891f2a6489bffff,12127.0,False
891f2a648a3ffff,13204.2,False
891f2a648a7ffff,13535.2,False
891f2a648abffff,12970.6,False
891f2a648afffff,13302.8,False
891f2a648b3ffff,13111.9,False
891f2a648b7ffff,13441.3,False
891f2a648bbffff,12873.5,False
891f2a648c3ffff,11645.6,False
891f2a648c7ffff,11976.1,False
891f2a648cbffff,11410.6,False
891f2a648cfffff,11742.6,False
891f2a648d3ffff,11555.8,False
891f2a648d7ffff,11884.4,False
891f2a648dbffff,11315.5,False
891f2a64903ffff,14608.1,False
891f2a6490bffff,14510.0,False
891f2a64913ffff,14639.6,False
891f2a64917ffff,14847.6,False
891f2a6491bffff,14410.3,False
891f2a64943ffff,13971.8,False
891f2a64947ffff,14308.1,False
891f2a6494bffff,13758.4,False
891f2a6494fffff,14095.4,False
891f2a64953ffff,13853.8,False
891f2a64957ffff,14189.1,False
891f2a6495bffff,13635.7,False
891f2a64963ffff,14659.1,False
891f2a6496bffff,14562.3,False
891f2a6496fffff,14795.8,False
891f2a64973ffff,14569.7,False
891f2a6497bffff,14432.5,False
891f2a64983ffff,14703.8,False
891f2a6498bffff,14528.3,False
891f2a6498fffff,14801.9,False
891f2a64993ffff,14640.9,False
891f2a64997ffff,14877.9,False
891f2a6499bffff,14432.2,False
891f2a649c3ffff,13968.3,False
891f2a649c7ffff,14301.5,False
891f2a649cbffff,13741.7,False
891f2a649cfffff,14075.8,False
891f2a649d3ffff,13866.7,False
891f2a649d7ffff,14198.6,False
891f2a649dbffff,13635.4,False
891f2a64a03ffff,10915.6,False
891f2a64a07ffff,11254.3,False
891f2a64a0bffff,10723.5,False
891f2a64a0fffff,11062.6,False
891f2a64a13ffff,10775.2,False
891f2a64a17ffff,11113.5,False
891f2a64a1bffff,10576.8,False
891f2a64a23ffff,11740.8,False
891f2a64a27ffff,12079.9,False
891f2a64a2bffff,11555.3,False
891f2a64a2fffff,11894.5,False
891f2a64a33ffff,11593.2,False
891f2a64a37ffff,11932.0,False
891f2a64a3bffff,11401.7,False
891f2a64a43ffff,10198.5,False
891f2a64a47ffff,10537.7,False
891f2a64a4bffff,10019.2,False
891f2a64a4fffff,10358.3,False
891f2a64a53ffff,10045.4,False
891f2a64a57ffff,10384.4,False
891f2a64a5bffff,9859.3,False
891f2a64a63ffff,11036.5,False
891f2a64a67ffff,11375.7,False
891f2a64a6bffff,10863.5,False
891f2a64a6fffff,11202.3,False
891f2a64a73ffff,10876.9,False
891f2a64a77ffff,11216.1,False
891f2a64a7bffff,10697.4,False
891f2a64a83ffff,10852.1,False
891f2a64a87ffff,11188.8,False
891f2a64a8bffff,10641.8,False
891f2a64a8fffff,10979.3,False
891f2a64a93ffff,10732.0,False
891f2a64a97ffff,11067.6,False
891f2a64a9bffff,10515.5,False
891f2a64aa3ffff,11654.6,False
891f2a64aa7ffff,11992.4,False
891f2a64aabffff,11451.8,False
891f2a64aafffff,11790.2,False
891f2a64ab3ffff,11525.6,False
891f2a64ab7ffff,11862.6,False
891f2a64abbffff,11316.9,False
891f2a64ac3ffff,10098.8,False
891f2a64ac7ffff,10437.0,False
891f2a64acbffff,9899.4,False
891f2a64acfffff,10238.1,False
891f2a64ad3ffff,9967.0,False
891f2a64ad7ffff,10304.3,False
891f2a64adbffff,9760.8,False
891f2a64b03ffff,13287.6,False
891f2a64b07ffff,13626.5,False
891f2a64b0bffff,13097.3,False
891f2a64b0fffff,13436.4,False
891f2a64b13ffff,13144.1,False
891f2a64b17ffff,13482.7,False
891f2a64b1bffff,12948.6,False
891f2a64b23ffff,14114.7,False
891f2a64b27ffff,14453.9,False
891f2a64b2bffff,13929.7,False
891f2a64b2fffff,14269.0,False
891f2a64b33ffff,13965.4,False
891f2a64b37ffff,14304.4,False
891f2a64b3bffff,13775.6,False
891f2a64b43ffff,12572.9,False
891f2a64b47ffff,12912.1,False
891f2a64b4bffff,12393.1,False
891f2a64b4fffff,12732.2,False
891f2a64b53ffff,12419.0,False
891f2a64b57ffff,12758.1,False
891f2a64b5bffff,12233.7,False
891f2a64b63ffff,13410.5,False
891f2a64b67ffff,13749.7,False
891f2a64b6bffff,13235.8,False
891f2a64b6fffff,13574.8,False
891f2a64b73ffff,13251.3,False
891f2a64b77ffff,13590.5,False
891f2a64b7bffff,13071.4,False
891f2a64b83ffff,13211.7,False
891f2a64b87ffff,13549.2,False
891f2a64b8bffff,13006.3,False
891f2a64b8fffff,13344.4,False
891f2a64b93ffff,13084.8,False
891f2a64b97ffff,13421.6,False
891f2a64b9bffff,12874.3,False
891f2a64ba3ffff,14020.7,False
891f2a64ba7ffff,14359.0,False
891f2a64babffff,13821.3,False
891f2a64bafffff,14160.0,False
891f2a64bb3ffff,13886.8,False
891f2a64bb7ffff,14224.5,False
891f2a64bbbffff,13682.5,False
891f2a64bc3ffff,12467.1,False
891f2a64bc7ffff,12805.6,False
891f2a64bcbffff,12270.8,False
891f2a64bcfffff,12609.7,False
891f2a64bd3ffff,12330.3,False
891f2a64bd7ffff,12668.3,False
891f2a64bdbffff,12128.6,False
891f2a64c03ffff,11853.2,False
891f2a64c07ffff,12170.8,False
891f2a64c0bffff,11591.0,False
891f2a64c0fffff,11910.4,False
891f2a64c13ffff,11803.5,False
891f2a64c17ffff,12118.0,False
891f2a64c1bffff,11536.8,False
891f2a64c23ffff,12552.4,False
891f2a64c27ffff,12874.7,False
891f2a64c2bffff,12298.4,False
891f2a64c2fffff,12622.3,False
891f2a64c33ffff,12489.5,False
891f2a64c37ffff,12809.3,False
891f2a64c3bffff,12230.9,False
891f2a64c43ffff,11011.7,False
891f2a64c47ffff,11331.9,False
891f2a64c4bffff,10753.8,False
891f2a64c4fffff,11075.8,False
891f2a64c53ffff,10955.8,False
891f2a64c57ffff,11272.8,False
891f2a64c5bffff,10692.8,False
891f2a64c63ffff,11722.7,False
891f2a64c67ffff,12047.5,False
891f2a64c6bffff,11473.5,False
891f2a64c6fffff,11799.9,False
891f2a64c73ffff,11653.1,False
891f2a64c77ffff,11975.3,False
891f2a64c7bffff,11398.8,False
891f2a64c83ffff,12035.1,False
891f2a64c87ffff,12344.4,False
891f2a64c8bffff,11761.6,False
891f2a64c8fffff,12072.8,False
891f2a64c93ffff,12005.1,False
891f2a64c97ffff,12310.9,False
891f2a64c9bffff,11727.5,False
891f2a64ca3ffff,12699.4,False
891f2a64ca7ffff,13014.7,False
891f2a64cabffff,12433.8,False
891f2a64cafffff,12750.8,False
891f2a64cb3ffff,12655.2,False
891f2a64cb7ffff,12967.5,False
891f2a64cbbffff,12385.4,False
891f2a64cc3ffff,11178.8,False
891f2a64cc7ffff,11490.4,False
891f2a64ccbffff,10908.2,False
891f2a64ccfffff,11221.8,False
891f2a64cd3ffff,11144.1,False
891f2a64cd7ffff,11452.0,False
891f2a64cdbffff,10868.9,False
891f2a64d03ffff,14097.4,False
891f2a64d07ffff,14421.5,False
891f2a64d0bffff,13846.6,False
891f2a64d0fffff,14172.0,False
891f2a64d13ffff,14029.2,False
891f2a64d17ffff,14351.0,False
891f2a64d1bffff,13774.2,False
891f2a64d23ffff,14824.6,False
891f2a64d27ffff,15091.4,False
891f2a64d2bffff,14580.6,False
891f2a64d2fffff,14860.9,False
891f2a64d33ffff,14746.1,False
891f2a64d37ffff,15071.5,False
891f2a64d3bffff,14498.0,False
891f2a64d43ffff,13272.5,False
891f2a64d47ffff,13598.6,False
891f2a64d4bffff,13026.1,False
891f2a64d4fffff,13353.7,False
891f2a64d53ffff,13197.9,False
891f2a64d57ffff,13521.9,False
891f2a64d5bffff,12947.0,False
891f2a64d63ffff,14010.4,False
891f2a64d67ffff,14339.5,False
891f2a64d6bffff,13771.1,False
891f2a64d6fffff,14101.5,False
891f2a64d73ffff,13925.4,False
891f2a64d77ffff,14252.7,False
891f2a64d7bffff,13681.7,False
891f2a64d83ffff,14228.8,False
891f2a64d87ffff,14546.8,False
891f2a64d8bffff,13967.2,False
891f2a64d8fffff,14286.8,False
891f2a64d93ffff,14177.1,False
891f2a64d97ffff,14492.6,False
891f2a64d9bffff,13911.8,False
891f2a64da3ffff,14928.4,False
891f2a64da7ffff,15250.4,False
891f2a64dabffff,14673.6,False
891f2a64dafffff,14997.0,False
891f2a64db3ffff,14865.7,False
891f2a64db7ffff,15185.5,False
891f2a64dbbffff,14607.1,False
891f2a64dc3ffff,13388.1,False
891f2a64dc7ffff,13708.2,False
891f2a64dcbffff,13130.0,False
891f2a64dcfffff,13451.7,False
891f2a64dd3ffff,13331.2,False
891f2a64dd7ffff,13648.7,False
891f2a64ddbffff,13068.9,False
891f2a64e03ffff,10087.7,False
891f2a64e07ffff,10417.6,False
891f2a64e0bffff,9851.1,False
891f2a64e0fffff,10182.6,False
891f2a64e13ffff,10001.3,False
891f2a64e17ffff,10328.8,False
891f2a64e1bffff,9758.4,False
891f2a64e23ffff,10847.0,False
891f2a64e27ffff,11179.9,False
891f2a64e2bffff,10619.5,False
891f2a64e2fffff,10953.6,False
891f2a64e33ffff,10748.1,False
891f2a64e37ffff,11079.1,False
891f2a64e3bffff,10514.6,False
891f2a64e43ffff,9286.6,False
891f2a64e47ffff,9619.2,False
891f2a64e4bffff,9058.4,False
891f2a64e4fffff,9392.5,False
891f2a64e53ffff,9189.7,False
891f2a64e57ffff,9520.1,False
891f2a64e5bffff,8954.5,False
891f2a64e63ffff,10061.7,False
891f2a64e67ffff,10396.7,False
891f2a64e6bffff,9843.0,False
891f2a64e6fffff,10179.1,False
891f2a64e73ffff,9952.2,False
891f2a64e77ffff,10285.7,False
891f2a64e7bffff,9726.9,False
891f2a64e83ffff,10176.4,False
891f2a64e87ffff,10499.2,False
891f2a64e8bffff,9923.5,False
891f2a64e8fffff,10248.3,False
891f2a64e93ffff,10113.2,False
891f2a64e97ffff,10432.9,False
891f2a64e9bffff,9854.6,False
891f2a64ea3ffff,10900.6,False
891f2a64ea7ffff,11227.8,False
891f2a64eabffff,10657.0,False
891f2a64eafffff,10986.0,False
891f2a64eb3ffff,10823.1,False
891f2a64eb7ffff,11147.9,False
891f2a64ebbffff,10574.0,False
891f2a64ec3ffff,9348.7,False
891f2a64ec7ffff,9674.5,False
891f2a64ecbffff,9102.0,False
891f2a64ecfffff,9429.8,False
891f2a64ed3ffff,9276.9,False
891f2a64ed7ffff,9599.7,False
891f2a64edbffff,9023.9,False
891f2a65003ffff,1505.5,False
891f2a65007ffff,1826.3,False
891f2a6500bffff,1254.5,False
891f2a6500fffff,1587.1,False
891f2a65013ffff,1483.4,False
891f2a65017ffff,1778.6,False
891f2a6501bffff,1194.7,False
891f2a65023ffff,2258.1,False
891f2a65027ffff,2595.1,False
891f2a6502bffff,2059.0,False
891f2a6502fffff,2398.1,False
891f2a65033ffff,2152.7,False
891f2a65037ffff,2482.6,False
891f2a6503bffff,1922.0,False
891f2a65043ffff,702.7,False
891f2a65047ffff,1041.7,False
891f2a6504bffff,569.4,False
891f2a6504fffff,890.9,False
891f2a65053ffff,610.9,False
891f2a65057ffff,926.5,False
891f2a6505bffff,363.7,False
891f2a65063ffff,1556.3,False
891f2a65067ffff,1892.3,False
891f2a6506bffff,1442.6,False
891f2a6506fffff,1765.5,False
891f2a65073ffff,1380.8,False
891f2a65077ffff,1719.9,False
891f2a6507bffff,1222.0,False
891f2a65083ffff,1838.3,False
891f2a65087ffff,2087.9,False
891f2a6508bffff,1523.6,False
891f2a6508fffff,1782.7,False
891f2a65093ffff,1940.9,False
891f2a65097ffff,2154.3,False
891f2a6509bffff,1621.4,False
891f2a650a3ffff,2362.4,False
891f2a650a7ffff,2669.7,False
891f2a650abffff,2087.1,False
891f2a650afffff,2403.9,False
891f2a650b3ffff,2360.0,False
891f2a650b7ffff,2647.6,False
891f2a650bbffff,2065.0,False
891f2a650c3ffff,982.3,False
891f2a650c7ffff,1211.5,False
891f2a650cbffff,662.8,False
891f2a650cfffff,904.7,False
891f2a650d3ffff,1137.4,False
891f2a650d7ffff,1301.9,False
891f2a650dbffff,827.8,False
891f2a65103ffff,3818.2,False
891f2a65107ffff,4154.2,False
891f2a6510bffff,3608.3,False
891f2a6510fffff,3946.5,False
891f2a65113ffff,3710.7,False
891f2a65117ffff,4042.5,False
891f2a6511bffff,3482.8,False
891f2a65123ffff,4623.4,False
891f2a65127ffff,4961.9,False
891f2a6512bffff,4432.8,False
891f2a6512fffff,4771.9,False
891f2a65133ffff,4490.7,False
891f2a65137ffff,4827.6,False
891f2a6513bffff,4284.9,False
891f2a65143ffff,3076.3,False
891f2a65147ffff,3415.4,False
891f2a6514bffff,2904.6,False
891f2a6514fffff,3242.6,False
891f2a65153ffff,2932.5,False
891f2a65157ffff,3270.3,False
891f2a6515bffff,2737.2,False
891f2a65163ffff,3919.2,False
891f2a65167ffff,4257.7,False
891f2a6516bffff,3762.9,False
891f2a6516fffff,4099.4,False
891f2a65173ffff,3754.5,False
891f2a65177ffff,4093.7,False
891f2a6517bffff,3580.8,False
891f2a65183ffff,3882.0,False
891f2a65187ffff,4202.4,False
891f2a6518bffff,3625.8,False
891f2a6518fffff,3951.3,False
891f2a65193ffff,3835.9,False
891f2a65197ffff,4147.0,False
891f2a6519bffff,3565.1,False
891f2a651a3ffff,4608.1,False
891f2a651a7ffff,4938.8,False
891f2a651abffff,4375.4,False
891f2a651afffff,4709.2,False
891f2a651b3ffff,4525.5,False
891f2a651b7ffff,4850.8,False
891f2a651bbffff,4278.9,False
891f2a651c3ffff,3051.9,False
891f2a651c7ffff,3380.3,False
891f2a651cbffff,2814.6,False
891f2a651cfffff,3148.2,False
891f2a651d3ffff,2983.9,False
891f2a651d7ffff,3303.0,False
891f2a651dbffff,2726.0,False
891f2a65203ffff,1244.8,False
891f2a65207ffff,1330.6,False
891f2a6520bffff,1497.6,False
891f2a6520fffff,1529.7,False
891f2a65213ffff,972.6,False
891f2a65217ffff,1029.9,False
891f2a6521bffff,1248.0,False
891f2a65223ffff,1795.6,False
891f2a65227ffff,2002.8,False
891f2a6522bffff,1936.6,False
891f2a6522fffff,2100.9,False
891f2a65233ffff,1490.4,False
891f2a65237ffff,1703.6,False
891f2a6523bffff,1633.1,False
891f2a65243ffff,1839.4,False
891f2a65247ffff,1772.2,False
891f2a6524bffff,2145.2,False
891f2a6524fffff,2058.3,False
891f2a65253ffff,1647.7,False
891f2a65257ffff,1539.0,False
891f2a6525bffff,1962.9,False
891f2a65263ffff,2042.4,False
891f2a65267ffff,2116.8,False
891f2a6526bffff,2287.0,False
891f2a6526fffff,2327.3,False
891f2a65273ffff,1764.6,False
891f2a65277ffff,1821.3,False
891f2a6527bffff,2022.9,False
891f2a65283ffff,448.6,False
891f2a65287ffff,577.5,False
891f2a6528bffff,725.6,False
891f2a6528fffff,733.2,False
891f2a65293ffff,216.8,False
891f2a65297ffff,278.7,False
891f2a6529bffff,535.8,False
891f2a652a3ffff,1115.5,False
891f2a652a7ffff,1393.8,False
891f2a652abffff,1185.4,False
891f2a652afffff,1407.1,False
891f2a652b3ffff,834.1,False
891f2a652b7ffff,1129.3,False
891f2a652bbffff,880.9,False
891f2a652c3ffff,1174.8,False
891f2a652c7ffff,1025.7,False
891f2a652cbffff,1494.4,False
891f2a652cfffff,1334.6,False
891f2a652d3ffff,1079.6,False
891f2a652d7ffff,855.2,False
891f2a652dbffff,1392.2,False
891f2a65303ffff,2811.5,False
891f2a65307ffff,3117.5,False
891f2a6530bffff,2784.4,False
891f2a6530fffff,3074.4,False
891f2a65313ffff,2558.0,False
891f2a65317ffff,2872.6,False
891f2a6531bffff,2513.9,False
891f2a65323ffff,3677.5,False
891f2a65327ffff,3988.1,False
891f2a6532bffff,3635.0,False
891f2a6532fffff,3933.3,False
891f2a65333ffff,3429.8,False
891f2a65337ffff,3746.8,False
891f2a6533bffff,3372.4,False
891f2a65343ffff,2535.8,False
891f2a65347ffff,2790.0,False
891f2a6534bffff,2605.7,False
891f2a6534fffff,2831.9,False
891f2a65353ffff,2242.4,False
891f2a65357ffff,2505.1,False
891f2a6535bffff,2303.7,False
891f2a65363ffff,3342.0,False
891f2a65367ffff,3617.9,False
891f2a6536bffff,3370.7,False
891f2a6536fffff,3627.3,False
891f2a65373ffff,3060.6,False
891f2a65377ffff,3343.8,False
891f2a6537bffff,3078.8,False
891f2a65383ffff,2424.5,False
891f2a65387ffff,2757.5,False
891f2a6538bffff,2317.3,False
891f2a6538fffff,2640.4,False
891f2a65393ffff,2229.3,False
891f2a65397ffff,2566.8,False
891f2a6539bffff,2093.5,False
891f2a653a3ffff,3296.4,False
891f2a653a7ffff,3627.4,False
891f2a653abffff,3192.2,False
891f2a653afffff,3515.5,False
891f2a653b3ffff,3091.8,False
891f2a653b7ffff,3427.0,False
891f2a653bbffff,2967.1,False
891f2a653c3ffff,1953.7,False
891f2a653c7ffff,2250.6,False
891f2a653cbffff,1952.7,False
891f2a653cfffff,2225.7,False
891f2a653d3ffff,1689.9,False
891f2a653d7ffff,1999.4,False
891f2a653dbffff,1668.7,False
891f2a65403ffff,2384.6,False
891f2a65407ffff,2455.0,False
891f2a6540bffff,2104.4,False
891f2a6540fffff,2155.3,False
891f2a65413ffff,2629.4,False
891f2a65417ffff,2673.6,False
891f2a6541bffff,2361.3,False
891f2a65423ffff,2400.9,False
891f2a65427ffff,2579.9,False
891f2a6542bffff,2083.6,False
891f2a6542fffff,2260.4,False
891f2a65433ffff,2568.5,False
891f2a65437ffff,2718.6,False
891f2a6543bffff,2256.5,False
891f2a65443ffff,1874.0,False
891f2a65447ffff,1837.1,False
891f2a6544bffff,1669.1,False
891f2a6544fffff,1589.1,False
891f2a65453ffff,2164.4,False
891f2a65457ffff,2107.5,False
891f2a6545bffff,1969.4,False
891f2a65463ffff,1641.3,False
891f2a65467ffff,1767.0,False
891f2a6546bffff,1341.9,False
891f2a6546fffff,1451.2,False
891f2a65473ffff,1862.2,False
891f2a65477ffff,1947.0,False
891f2a6547bffff,1579.4,False
891f2a65483ffff,3154.4,False
891f2a65487ffff,3194.1,False
891f2a6548bffff,2885.8,False
891f2a6548fffff,2908.0,False
891f2a65493ffff,3410.5,False
891f2a65497ffff,3431.8,False
891f2a6549bffff,3150.9,False
891f2a654a3ffff,3066.3,False
891f2a654a7ffff,3196.9,False
891f2a654abffff,2759.1,False
891f2a654afffff,2882.1,False
891f2a654b3ffff,3268.7,False
891f2a654b7ffff,3375.8,False
891f2a654bbffff,2968.9,False
891f2a654c3ffff,2671.1,False
891f2a654c7ffff,2628.6,False
891f2a654cbffff,2458.5,False
891f2a654cfffff,2386.4,False
891f2a654d3ffff,2959.9,False
891f2a654d7ffff,2903.4,False
891f2a654dbffff,2755.0,False
891f2a65503ffff,3582.2,False
891f2a65507ffff,3842.8,False
891f2a6550bffff,3272.6,False
891f2a6550fffff,3538.6,False
891f2a65513ffff,3650.9,False
891f2a65517ffff,3893.3,False
891f2a6551bffff,3335.7,False
891f2a65523ffff,4102.9,False
891f2a65527ffff,4397.2,False
891f2a6552bffff,3813.8,False
891f2a6552fffff,4113.7,False
891f2a65533ffff,4114.8,False
891f2a65537ffff,4396.2,False
891f2a6553bffff,3816.1,False
891f2a65543ffff,2708.3,False
891f2a65547ffff,2965.2,False
891f2a6554bffff,2396.9,False
891f2a6554fffff,2660.6,False
891f2a65553ffff,2788.8,False
891f2a65557ffff,3021.4,False
891f2a6555bffff,2471.3,False
891f2a65563ffff,3230.6,False
891f2a65567ffff,3529.9,False
891f2a6556bffff,2946.2,False
891f2a6556fffff,3252.7,False
891f2a65573ffff,3237.3,False
891f2a65577ffff,3521.0,False
891f2a6557bffff,2939.9,False
891f2a65583ffff,4061.9,False
891f2a65587ffff,4283.1,False
891f2a6558bffff,3743.3,False
891f2a6558fffff,3966.7,False
891f2a65593ffff,4177.2,False
891f2a65597ffff,4380.5,False
891f2a6559bffff,3857.8,False
891f2a655a3ffff,4457.5,False
891f2a655a7ffff,4720.4,False
891f2a655abffff,4149.2,False
891f2a655afffff,4416.4,False
891f2a655b3ffff,4519.0,False
891f2a655b7ffff,4767.3,False
891f2a655bbffff,4205.6,False
891f2a655c3ffff,3218.8,False
891f2a655c7ffff,3424.9,False
891f2a655cbffff,2899.4,False
891f2a655cfffff,3106.7,False
891f2a655d3ffff,3355.1,False
891f2a655d7ffff,3538.3,False
891f2a655dbffff,3036.8,False
891f2a65603ffff,1081.2,False
891f2a65607ffff,802.0,False
891f2a6560bffff,1142.6,False
891f2a6560fffff,823.5,False
891f2a65613ffff,1354.2,False
891f2a65617ffff,1096.3,False
891f2a6561bffff,1382.6,False
891f2a65623ffff,285.2,False
891f2a65627ffff,343.4,False
891f2a6562bffff,268.1,False
891f2a6562fffff,27.1,True
891f2a65633ffff,589.3,False
891f2a65637ffff,530.3,False
891f2a6563bffff,520.7,False
891f2a65643ffff,1617.6,False
891f2a65647ffff,1278.9,False
891f2a6564bffff,1809.6,False
891f2a6564fffff,1473.0,False
891f2a65653ffff,1802.8,False
891f2a65657ffff,1470.7,False
891f2a6565bffff,1956.4,False
891f2a65663ffff,806.1,False
891f2a65667ffff,483.3,False
891f2a6566bffff,1066.7,False
891f2a6566fffff,773.0,False
891f2a65673ffff,940.4,False
891f2a65677ffff,602.6,False
891f2a6567bffff,1137.9,False
891f2a65683ffff,1696.7,False
891f2a65687ffff,1504.8,False
891f2a6568bffff,1638.6,False
891f2a6568fffff,1395.3,False
891f2a65693ffff,1999.2,False
891f2a65697ffff,1810.1,False
891f2a6569bffff,1929.5,False
891f2a656a3ffff,1077.2,False
891f2a656a7ffff,1054.6,False
891f2a656abffff,894.3,False
891f2a656afffff,792.2,False
891f2a656b3ffff,1371.1,False
891f2a656b7ffff,1313.6,False
891f2a656bbffff,1199.5,False
891f2a656c3ffff,1942.6,False
891f2a656c7ffff,1641.8,False
891f2a656cbffff,2017.5,False
891f2a656cfffff,1696.1,False
891f2a656d3ffff,2202.5,False
891f2a656d7ffff,1911.3,False
891f2a656dbffff,2253.2,False
891f2a65803ffff,7365.2,False
891f2a65807ffff,7699.5,False
891f2a6580bffff,7236.9,False
891f2a6580fffff,7568.7,False
891f2a65813ffff,7169.0,False
891f2a65817ffff,7504.9,False
891f2a6581bffff,7031.4,False
891f2a65823ffff,8234.1,False
891f2a65827ffff,8567.5,False
891f2a6582bffff,8109.1,False
891f2a6582fffff,8440.2,False
891f2a65833ffff,8034.1,False
891f2a65837ffff,8369.2,False
891f2a6583bffff,7901.1,False
891f2a65843ffff,6792.8,False
891f2a65847ffff,7120.5,False
891f2a6584bffff,6693.2,False
891f2a6584fffff,7016.7,False
891f2a65853ffff,6575.5,False
891f2a65857ffff,6905.8,False
891f2a6585bffff,6466.4,False
891f2a65863ffff,7667.8,False
891f2a65867ffff,7995.0,False
891f2a6586bffff,7568.6,False
891f2a6586fffff,7892.2,False
891f2a65873ffff,7449.1,False
891f2a65877ffff,7778.7,False
891f2a6587bffff,7341.6,False
891f2a65883ffff,7138.7,False
891f2a65887ffff,7477.0,False
891f2a6588bffff,6980.6,False
891f2a6588fffff,7317.9,False
891f2a65893ffff,6968.0,False
891f2a65897ffff,7307.0,False
891f2a6589bffff,6800.5,False
891f2a658a3ffff,7992.9,False
891f2a658a7ffff,8330.6,False
891f2a658abffff,7841.0,False
891f2a658afffff,8177.5,False
891f2a658b3ffff,7815.4,False
891f2a658b7ffff,8153.9,False
891f2a658bbffff,7655.3,False
891f2a658c3ffff,6498.2,False
891f2a658c7ffff,6833.4,False
891f2a658cbffff,6365.5,False
891f2a658cfffff,6698.2,False
891f2a658d3ffff,6306.6,False
891f2a658d7ffff,6643.5,False
891f2a658dbffff,6163.4,False
891f2a65903ffff,9712.3,False
891f2a65907ffff,10048.6,False
891f2a6590bffff,9570.3,False
891f2a6590fffff,9905.2,False
891f2a65913ffff,9525.2,False
891f2a65917ffff,9862.6,False
891f2a6591bffff,9376.1,False
891f2a65923ffff,10575.9,False
891f2a65927ffff,10911.7,False
891f2a6592bffff,10437.7,False
891f2a6592fffff,10772.0,False
891f2a65933ffff,10385.2,False
891f2a65937ffff,10721.9,False
891f2a6593bffff,10240.5,False
891f2a65943ffff,9104.2,False
891f2a65947ffff,9437.0,False
891f2a6594bffff,8982.1,False
891f2a6594fffff,9312.6,False
891f2a65953ffff,8901.4,False
891f2a65957ffff,9235.7,False
891f2a6595bffff,8771.9,False
891f2a65963ffff,9975.3,False
891f2a65967ffff,10307.5,False
891f2a6596bffff,9855.5,False
891f2a6596fffff,10185.5,False
891f2a65973ffff,9770.2,False
891f2a65977ffff,10103.8,False
891f2a6597bffff,9643.7,False
891f2a65983ffff,9508.4,False
891f2a65987ffff,9847.1,False
891f2a6598bffff,9344.4,False
891f2a6598fffff,9682.4,False
891f2a65993ffff,9341.1,False
891f2a65997ffff,9680.1,False
891f2a6599bffff,9169.7,False
891f2a659a3ffff,10358.8,False
891f2a659a7ffff,10697.1,False
891f2a659abffff,10200.0,False
891f2a659afffff,10537.6,False
891f2a659b3ffff,10185.8,False
891f2a659b7ffff,10524.6,False
891f2a659bbffff,10020.6,False
891f2a659c3ffff,8851.0,False
891f2a659c7ffff,9188.1,False
891f2a659cbffff,8704.6,False
891f2a659cfffff,9040.2,False
891f2a659d3ffff,8668.5,False
891f2a659d7ffff,9006.4,False
891f2a659dbffff,8514.2,False
891f2a65a03ffff,6738.6,False
891f2a65a07ffff,7041.3,False
891f2a65a0bffff,6705.5,False
891f2a65a0fffff,7000.8,False
891f2a65a13ffff,6480.4,False
891f2a65a17ffff,6786.7,False
891f2a65a1bffff,6439.7,False
891f2a65a23ffff,7602.3,False
891f2a65a27ffff,7907.7,False
891f2a65a2bffff,7561.9,False
891f2a65a2fffff,7861.0,False
891f2a65a33ffff,7347.1,False
891f2a65a37ffff,7655.8,False
891f2a65a3bffff,7299.8,False
891f2a65a43ffff,6402.9,False
891f2a65a47ffff,6686.3,False
891f2a65a4bffff,6407.4,False
891f2a65a4fffff,6681.3,False
891f2a65a53ffff,6127.1,False
891f2a65a57ffff,6414.4,False
891f2a65a5bffff,6125.2,False
891f2a65a63ffff,7245.8,False
891f2a65a67ffff,7534.9,False
891f2a65a6bffff,7238.2,False
891f2a65a6fffff,7519.6,False
891f2a65a73ffff,6974.6,False
891f2a65a77ffff,7266.3,False
891f2a65a7bffff,6961.0,False
891f2a65a83ffff,6291.2,False
891f2a65a87ffff,6607.6,False
891f2a65a8bffff,6226.4,False
891f2a65a8fffff,6536.5,False
891f2a65a93ffff,6051.4,False
891f2a65a97ffff,6371.4,False
891f2a65a9bffff,5977.3,False
891f2a65aa3ffff,7164.5,False
891f2a65aa7ffff,7481.9,False
891f2a65aabffff,7096.0,False
891f2a65aafffff,7407.9,False
891f2a65ab3ffff,6926.1,False
891f2a65ab7ffff,7246.6,False
891f2a65abbffff,6849.3,False
891f2a65ac3ffff,5878.6,False
891f2a65ac7ffff,6177.5,False
891f2a65acbffff,5854.3,False
891f2a65acfffff,6144.9,False
891f2a65ad3ffff,5616.4,False
891f2a65ad7ffff,5919.5,False
891f2a65adbffff,5584.3,False
891f2a65b03ffff,8912.7,False
891f2a65b07ffff,9231.3,False
891f2a65b0bffff,8838.8,False
891f2a65b0fffff,9153.3,False
891f2a65b13ffff,8676.2,False
891f2a65b17ffff,8997.3,False
891f2a65b1bffff,8595.6,False
891f2a65b23ffff,9787.2,False
891f2a65b27ffff,10106.4,False
891f2a65b2bffff,9711.4,False
891f2a65b2fffff,10026.8,False
891f2a65b33ffff,9551.4,False
891f2a65b37ffff,9872.8,False
891f2a65b3bffff,9469.5,False
891f2a65b43ffff,8468.4,False
891f2a65b47ffff,8776.0,False
891f2a65b4bffff,8422.3,False
891f2a65b4fffff,8724.4,False
891f2a65b53ffff,8215.8,False
891f2a65b57ffff,8526.2,False
891f2a65b5bffff,8163.3,False
891f2a65b63ffff,9336.3,False
891f2a65b67ffff,9645.6,False
891f2a65b6bffff,9285.5,False
891f2a65b6fffff,9590.0,False
891f2a65b73ffff,9085.8,False
891f2a65b77ffff,9397.7,False
891f2a65b7bffff,9029.2,False
891f2a65b83ffff,8542.9,False
891f2a65b87ffff,8869.8,False
891f2a65b8bffff,8444.1,False
891f2a65b8fffff,8767.7,False
891f2a65b93ffff,8323.2,False
891f2a65b97ffff,8652.2,False
891f2a65b9bffff,8216.9,False
891f2a65ba3ffff,9418.1,False
891f2a65ba7ffff,9744.7,False
891f2a65babffff,9319.7,False
891f2a65bafffff,9643.3,False
891f2a65bb3ffff,9197.6,False
891f2a65bb7ffff,9526.2,False
891f2a65bbbffff,9092.4,False
891f2a65bc3ffff,8038.4,False
891f2a65bc7ffff,8356.5,False
891f2a65bcbffff,7966.9,False
891f2a65bcfffff,8280.3,False
891f2a65bd3ffff,7801.1,False
891f2a65bd7ffff,8121.9,False
891f2a65bdbffff,7722.1,False
891f2a65c03ffff,6177.5,False
891f2a65c07ffff,6515.4,False
891f2a65c0bffff,5978.0,False
891f2a65c0fffff,6316.8,False
891f2a65c13ffff,6050.4,False
891f2a65c17ffff,6386.7,False
891f2a65c1bffff,5839.7,False
891f2a65c23ffff,6994.5,False
891f2a65c27ffff,7333.4,False
891f2a65c2bffff,6806.8,False
891f2a65c2fffff,7145.9,False
891f2a65c33ffff,6853.5,False
891f2a65c37ffff,7191.6,False
891f2a65c3bffff,6655.7,False
891f2a65c43ffff,5450.2,False
891f2a65c47ffff,5789.3,False
891f2a65c4bffff,5273.7,False
891f2a65c4fffff,5612.5,False
891f2a65c53ffff,5300.6,False
891f2a65c57ffff,5639.3,False
891f2a65c5bffff,5111.1,False
891f2a65c63ffff,6290.2,False
891f2a65c67ffff,6629.1,False
891f2a65c6bffff,6124.3,False
891f2a65c6fffff,6462.3,False
891f2a65c73ffff,6128.5,False
891f2a65c77ffff,6467.6,False
891f2a65c7bffff,5951.3,False
891f2a65c83ffff,6166.8,False
891f2a65c87ffff,6498.5,False
891f2a65c8bffff,5936.4,False
891f2a65c8fffff,6270.3,False
891f2a65c93ffff,6077.0,False
891f2a65c97ffff,6405.0,False
891f2a65c9bffff,5836.1,False
891f2a65ca3ffff,6939.7,False
891f2a65ca7ffff,7275.0,False
891f2a65cabffff,6723.3,False
891f2a65cafffff,7060.2,False
891f2a65cb3ffff,6830.8,False
891f2a65cb7ffff,7163.8,False
891f2a65cbbffff,6604.8,False
891f2a65cc3ffff,5378.9,False
891f2a65cc7ffff,5714.4,False
891f2a65ccbffff,5164.7,False
891f2a65ccfffff,5502.1,False
891f2a65cd3ffff,5270.5,False
891f2a65cd7ffff,5603.0,False
891f2a65cdbffff,5043.8,False
891f2a65d03ffff,8545.0,False
891f2a65d07ffff,8883.6,False
891f2a65d0bffff,8350.3,False
891f2a65d0fffff,8689.3,False
891f2a65d13ffff,8409.4,False
891f2a65d17ffff,8747.1,False
891f2a65d1bffff,8206.6,False
891f2a65d23ffff,9367.3,False
891f2a65d27ffff,9706.3,False
891f2a65d2bffff,9180.9,False
891f2a65d2fffff,9520.1,False
891f2a65d33ffff,9222.1,False
891f2a65d37ffff,9560.7,False
891f2a65d3bffff,9028.3,False
891f2a65d43ffff,7824.2,False
891f2a65d47ffff,8163.4,False
891f2a65d4bffff,7645.9,False
891f2a65d4fffff,7984.9,False
891f2a65d53ffff,7672.4,False
891f2a65d57ffff,8011.3,False
891f2a65d5bffff,7485.1,False
891f2a65d63ffff,8663.0,False
891f2a65d67ffff,9002.0,False
891f2a65d6bffff,8492.5,False
891f2a65d6fffff,8831.1,False
891f2a65d73ffff,8502.6,False
891f2a65d77ffff,8841.7,False
891f2a65d7bffff,8323.9,False
891f2a65d83ffff,8500.7,False
891f2a65d87ffff,8835.8,False
891f2a65d8bffff,8282.9,False
891f2a65d8fffff,8619.4,False
891f2a65d93ffff,8391.5,False
891f2a65d97ffff,8724.7,False
891f2a65d9bffff,8165.9,False
891f2a65da3ffff,9292.9,False
891f2a65da7ffff,9629.9,False
891f2a65dabffff,9084.9,False
891f2a65dafffff,9422.8,False
891f2a65db3ffff,9171.3,False
891f2a65db7ffff,9507.0,False
891f2a65dbbffff,8956.0,False
891f2a65dc3ffff,7734.5,False
891f2a65dc7ffff,8071.9,False
891f2a65dcbffff,7529.9,False
891f2a65dcfffff,7868.2,False
891f2a65dd3ffff,7610.7,False
891f2a65dd7ffff,7946.7,False
891f2a65ddbffff,7397.2,False
891f2a65e03ffff,5043.6,False
891f2a65e07ffff,5372.5,False
891f2a65e0bffff,4942.6,False
891f2a65e0fffff,5266.0,False
891f2a65e13ffff,4830.5,False
891f2a65e17ffff,5162.6,False
891f2a65e1bffff,4716.3,False
891f2a65e23ffff,5918.1,False
891f2a65e27ffff,6246.2,False
891f2a65e2bffff,5817.8,False
891f2a65e2fffff,6141.3,False
891f2a65e33ffff,5702.5,False
891f2a65e37ffff,6033.6,False
891f2a65e3bffff,5591.2,False
891f2a65e43ffff,4547.1,False
891f2a65e47ffff,4860.4,False
891f2a65e4bffff,4494.3,False
891f2a65e4fffff,4798.2,False
891f2a65e53ffff,4303.0,False
891f2a65e57ffff,4621.4,False
891f2a65e5bffff,4237.7,False
891f2a65e63ffff,5418.6,False
891f2a65e67ffff,5733.7,False
891f2a65e6bffff,5358.8,False
891f2a65e6fffff,5666.3,False
891f2a65e73ffff,5177.0,False
891f2a65e77ffff,5496.3,False
891f2a65e7bffff,5106.5,False
891f2a65e83ffff,4773.4,False
891f2a65e87ffff,5110.9,False
891f2a65e8bffff,4627.5,False
891f2a65e8fffff,4962.4,False
891f2a65e93ffff,4596.3,False
891f2a65e97ffff,4935.0,False
891f2a65e9bffff,4436.2,False
891f2a65ea3ffff,5633.8,False
891f2a65ea7ffff,5970.1,False
891f2a65eabffff,5495.5,False
891f2a65eafffff,5829.2,False
891f2a65eb3ffff,5448.6,False
891f2a65eb7ffff,5786.4,False
891f2a65ebbffff,5297.9,False
891f2a65ec3ffff,4169.6,False
891f2a65ec7ffff,4499.4,False
891f2a65ecbffff,4067.3,False
891f2a65ecfffff,4390.7,False
891f2a65ed3ffff,3959.9,False
891f2a65ed7ffff,4293.3,False
891f2a65edbffff,3841.5,False
891f2a66003ffff,11120.4,False
891f2a66007ffff,11289.4,False
891f2a6600bffff,10802.9,False
891f2a6600fffff,10971.1,False
891f2a66013ffff,11276.0,False
891f2a66017ffff,11438.1,False
891f2a6601bffff,10959.3,False
891f2a66023ffff,11330.6,False
891f2a66027ffff,11521.1,False
891f2a6602bffff,11011.5,False
891f2a6602fffff,11202.0,False
891f2a66033ffff,11466.0,False
891f2a66037ffff,11649.7,False
891f2a6603bffff,11147.2,False
891f2a66043ffff,10326.3,False
891f2a66047ffff,10485.4,False
891f2a6604bffff,10010.0,False
891f2a6604fffff,10168.0,False
891f2a66053ffff,10490.7,False
891f2a66057ffff,10642.7,False
891f2a6605bffff,10175.5,False
891f2a66063ffff,10509.6,False
891f2a66067ffff,10692.5,False
891f2a6606bffff,10190.9,False
891f2a6606fffff,10373.4,False
891f2a66073ffff,10652.9,False
891f2a66077ffff,10828.4,False
891f2a6607bffff,10334.7,False
891f2a66083ffff,11753.4,False
891f2a66087ffff,11909.7,False
891f2a6608bffff,11437.4,False
891f2a6608fffff,11592.8,False
891f2a66093ffff,11919.2,False
891f2a66097ffff,12069.4,False
891f2a6609bffff,11604.3,False
891f2a660a3ffff,11926.1,False
891f2a660a7ffff,12103.6,False
891f2a660abffff,11607.8,False
891f2a660afffff,11784.8,False
891f2a660b3ffff,12073.5,False
891f2a660b7ffff,12244.5,False
891f2a660bbffff,11755.8,False
891f2a660c3ffff,10975.2,False
891f2a660c7ffff,11121.7,False
891f2a660cbffff,10661.1,False
891f2a660cfffff,10806.1,False
891f2a660d3ffff,11150.1,False
891f2a660d7ffff,11289.6,False
891f2a660dbffff,10837.3,False
891f2a66103ffff,12450.0,False
891f2a66107ffff,12664.8,False
891f2a6610bffff,12131.6,False
891f2a6610fffff,12347.0,False
891f2a66113ffff,12559.5,False
891f2a66117ffff,12768.4,False
891f2a6611bffff,12240.7,False
891f2a66123ffff,12793.8,False
891f2a66127ffff,13024.7,False
891f2a6612bffff,12477.5,False
891f2a6612fffff,12709.3,False
891f2a66133ffff,12885.0,False
891f2a66137ffff,13110.3,False
891f2a6613bffff,12567.8,False
891f2a66143ffff,11603.1,False
891f2a66147ffff,11813.2,False
891f2a6614bffff,11284.4,False
891f2a6614fffff,11494.9,False
891f2a66153ffff,11718.3,False
891f2a66157ffff,11921.9,False
891f2a6615bffff,11399.3,False
891f2a66163ffff,11933.7,False
891f2a66167ffff,12161.3,False
891f2a6616bffff,11616.8,False
891f2a6616fffff,11845.3,False
891f2a66173ffff,12029.2,False
891f2a66177ffff,12250.7,False
891f2a6617bffff,11711.4,False
891f2a66183ffff,12994.6,False
891f2a66187ffff,13197.2,False
891f2a6618bffff,12675.5,False
891f2a6618fffff,12878.4,False
891f2a66193ffff,13116.8,False
891f2a66197ffff,13276.8,False
891f2a6619bffff,12797.7,False
891f2a661a3ffff,13279.9,False
891f2a661a7ffff,13348.8,False
891f2a661abffff,12982.7,False
891f2a661afffff,13186.5,False
891f2a661b3ffff,13378.4,False
891f2a661bbffff,13086.8,False
891f2a661c3ffff,12159.5,False
891f2a661c7ffff,12356.5,False
891f2a661cbffff,11840.3,False
891f2a661cfffff,12037.4,False
891f2a661d3ffff,12287.9,False
891f2a661d7ffff,12478.6,False
891f2a661dbffff,11968.8,False
891f2a66203ffff,8899.7,False
891f2a66207ffff,9062.4,False
891f2a6620bffff,8583.0,False
891f2a6620fffff,8744.5,False
891f2a66213ffff,9062.2,False
891f2a66217ffff,9216.6,False
891f2a6621bffff,8746.7,False
891f2a66223ffff,9096.9,False
891f2a66227ffff,9286.7,False
891f2a6622bffff,8777.8,False
891f2a6622fffff,8967.4,False
891f2a66233ffff,9234.7,False
891f2a66237ffff,9416.0,False
891f2a6623bffff,8916.0,False
891f2a66243ffff,8116.5,False
891f2a66247ffff,8266.4,False
891f2a6624bffff,7801.9,False
891f2a6624fffff,7950.1,False
891f2a66253ffff,8290.7,False
891f2a66257ffff,8431.5,False
891f2a6625bffff,7977.9,False
891f2a66263ffff,8278.8,False
891f2a66267ffff,8458.7,False
891f2a6626bffff,7960.2,False
891f2a6626fffff,8139.6,False
891f2a66273ffff,8426.7,False
891f2a66277ffff,8597.4,False
891f2a6627bffff,8109.0,False
891f2a66283ffff,9545.9,False
891f2a66287ffff,9693.9,False
891f2a6628bffff,9231.6,False
891f2a6628fffff,9378.0,False
891f2a66293ffff,9720.5,False
891f2a66297ffff,9860.6,False
891f2a6629bffff,9407.7,False
891f2a662a3ffff,9698.4,False
891f2a662a7ffff,9872.1,False
891f2a662abffff,9380.4,False
891f2a662afffff,9553.4,False
891f2a662b3ffff,9850.7,False
891f2a662b7ffff,10016.5,False
891f2a662bbffff,9533.6,False
891f2a662c3ffff,8783.5,False
891f2a662c7ffff,8917.5,False
891f2a662cbffff,8472.2,False
891f2a662cfffff,8603.9,False
891f2a662d3ffff,8970.0,False
891f2a662d7ffff,9095.4,False
891f2a662dbffff,8660.8,False
891f2a66303ffff,10222.0,False
891f2a66307ffff,10441.2,False
891f2a6630bffff,9903.8,False
891f2a6630fffff,10123.9,False
891f2a66313ffff,10328.1,False
891f2a66317ffff,10540.1,False
891f2a6631bffff,10009.3,False
891f2a66323ffff,10582.9,False
891f2a66327ffff,10821.1,False
891f2a6632bffff,10267.9,False
891f2a6632fffff,10507.3,False
891f2a66333ffff,10666.8,False
891f2a66337ffff,10898.2,False
891f2a6633bffff,10350.4,False
891f2a66343ffff,9372.0,False
891f2a66347ffff,9585.8,False
891f2a6634bffff,9053.3,False
891f2a6634fffff,9267.8,False
891f2a66353ffff,9484.7,False
891f2a66357ffff,9690.6,False
891f2a6635bffff,9165.6,False
891f2a66363ffff,9718.2,False
891f2a66367ffff,9953.1,False
891f2a6636bffff,9402.4,False
891f2a6636fffff,9638.6,False
891f2a66373ffff,9806.7,False
891f2a66377ffff,10034.2,False
891f2a6637bffff,9489.6,False
891f2a66383ffff,10761.1,False
891f2a66387ffff,10965.6,False
891f2a6638bffff,10442.0,False
891f2a6638fffff,10646.8,False
891f2a66393ffff,10882.8,False
891f2a66397ffff,11080.2,False
891f2a6639bffff,10563.6,False
891f2a663a3ffff,11076.2,False
891f2a663a7ffff,11300.0,False
891f2a663abffff,10758.7,False
891f2a663afffff,10983.3,False
891f2a663b3ffff,11176.6,False
891f2a663b7ffff,11393.8,False
891f2a663bbffff,10858.3,False
891f2a663c3ffff,9925.1,False
891f2a663c7ffff,10122.9,False
891f2a663cbffff,9605.9,False
891f2a663cfffff,9803.8,False
891f2a663d3ffff,10054.2,False
891f2a663d7ffff,10244.4,False
891f2a663dbffff,9735.1,False
891f2a66403ffff,12324.5,False
891f2a66407ffff,12448.0,False
891f2a6640bffff,12015.4,False
891f2a6640fffff,12137.0,False
891f2a66413ffff,12516.6,False
891f2a66417ffff,12634.1,False
891f2a6641bffff,12209.1,False
891f2a66423ffff,12404.3,False
891f2a66427ffff,12549.6,False
891f2a6642bffff,12090.3,False
891f2a6642fffff,12234.3,False
891f2a66433ffff,12579.4,False
891f2a66437ffff,12718.5,False
891f2a6643bffff,12266.7,False
891f2a66443ffff,11596.0,False
891f2a66447ffff,11706.8,False
891f2a6644bffff,11290.4,False
891f2a6644fffff,11398.8,False
891f2a66453ffff,11797.7,False
891f2a66457ffff,11902.2,False
891f2a6645bffff,11494.1,False
891f2a66463ffff,11642.2,False
891f2a66467ffff,11776.6,False
891f2a6646bffff,11330.5,False
891f2a6646fffff,11463.2,False
891f2a66473ffff,11826.3,False
891f2a66477ffff,11954.3,False
891f2a6647bffff,11516.2,False
891f2a66483ffff,13019.7,False
891f2a66487ffff,13133.3,False
891f2a6648bffff,12713.2,False
891f2a6648fffff,12824.7,False
891f2a66493ffff,13218.8,False
891f2a66497ffff,13326.7,False
891f2a6649bffff,12914.0,False
891f2a664a3ffff,13071.2,False
891f2a664a7ffff,13205.8,False
891f2a664abffff,12759.4,False
891f2a664afffff,12892.5,False
891f2a664b3ffff,13254.6,False
891f2a664b7ffff,13383.3,False
891f2a664bbffff,12944.1,False
891f2a664c3ffff,12306.4,False
891f2a664c7ffff,12407.4,False
891f2a664cbffff,12003.8,False
891f2a664cfffff,12102.2,False
891f2a664d3ffff,12514.8,False
891f2a664d7ffff,12609.8,False
891f2a664dbffff,12214.1,False
891f2a66503ffff,13329.4,False
891f2a66507ffff,13394.8,False
891f2a6650bffff,13027.2,False
891f2a6650fffff,13199.9,False
891f2a66513ffff,13477.6,False
891f2a66517ffff,13535.6,False
891f2a6651bffff,13178.4,False
891f2a6652bffff,13195.5,False
891f2a6652fffff,13303.4,False
891f2a6653bffff,13255.4,False
891f2a66543ffff,12543.9,False
891f2a66547ffff,12709.2,False
891f2a6654bffff,12226.8,False
891f2a6654fffff,12391.4,False
891f2a66553ffff,12701.9,False
891f2a66557ffff,12861.1,False
891f2a6655bffff,12385.6,False
891f2a66563ffff,12741.2,False
891f2a66567ffff,12926.0,False
891f2a6656bffff,12422.4,False
891f2a6656fffff,12606.9,False
891f2a66573ffff,12881.4,False
891f2a66577ffff,13060.1,False
891f2a6657bffff,12563.0,False
891f2a6658bffff,13624.3,False
891f2a6659bffff,13765.0,False
891f2a665c3ffff,13180.6,False
891f2a665c7ffff,13334.9,False
891f2a665cbffff,12865.0,False
891f2a665cfffff,13018.4,False
891f2a665d3ffff,13347.6,False
891f2a665d7ffff,13496.4,False
891f2a665dbffff,13033.0,False
891f2a66603ffff,10173.6,False
891f2a66607ffff,10280.9,False
891f2a6660bffff,9869.3,False
891f2a6660fffff,9973.6,False
891f2a66613ffff,10378.6,False
891f2a66617ffff,10478.8,False
891f2a6661bffff,10076.5,False
891f2a66623ffff,10213.0,False
891f2a66627ffff,10347.2,False
891f2a6662bffff,9901.4,False
891f2a6662fffff,10033.7,False
891f2a66633ffff,10398.1,False
891f2a66637ffff,10525.0,False
891f2a6663bffff,10088.3,False
891f2a66643ffff,9475.7,False
891f2a66647ffff,9565.9,False
891f2a6664bffff,9177.2,False
891f2a6664fffff,9263.6,False
891f2a66653ffff,9692.8,False
891f2a66657ffff,9775.5,False
891f2a6665bffff,9396.9,False
891f2a66663ffff,9470.6,False
891f2a66667ffff,9590.4,False
891f2a6666bffff,9162.8,False
891f2a6666fffff,9279.9,False
891f2a66673ffff,9667.2,False
891f2a66677ffff,9779.1,False
891f2a6667bffff,9361.6,False
891f2a66683ffff,10889.4,False
891f2a66687ffff,10985.6,False
891f2a6668bffff,10588.5,False
891f2a6668fffff,10681.7,False
891f2a66693ffff,11101.5,False
891f2a66697ffff,11191.3,False
891f2a6669bffff,10802.9,False
891f2a666a3ffff,10897.4,False
891f2a666a7ffff,11019.2,False
891f2a666abffff,10588.8,False
891f2a666afffff,10708.4,False
891f2a666b3ffff,11091.4,False
891f2a666b7ffff,11206.5,False
891f2a666bbffff,10784.7,False
891f2a666c3ffff,10209.2,False
891f2a666c7ffff,10288.7,False
891f2a666cbffff,9914.4,False
891f2a666cfffff,9990.1,False
891f2a666d3ffff,10432.6,False
891f2a666d7ffff,10505.4,False
891f2a666dbffff,10140.4,False
891f2a66803ffff,13719.1,False
891f2a66807ffff,13946.9,False
891f2a6680bffff,13442.8,False
891f2a6680fffff,13723.5,False
891f2a66813ffff,13715.8,False
891f2a6681bffff,13465.5,False
891f2a66823ffff,14239.9,False
891f2a66827ffff,14429.7,False
891f2a6682bffff,13999.2,False
891f2a6682fffff,14262.5,False
891f2a66833ffff,14187.5,False
891f2a6683bffff,14006.8,False
891f2a66843ffff,12865.0,False
891f2a66847ffff,13144.6,False
891f2a6684bffff,12566.1,False
891f2a6684fffff,12847.4,False
891f2a66853ffff,12889.8,False
891f2a66857ffff,13164.8,False
891f2a6685bffff,12588.3,False
891f2a66863ffff,13418.0,False
891f2a66867ffff,13707.0,False
891f2a6686bffff,13125.4,False
891f2a6686fffff,13416.1,False
891f2a66873ffff,13426.9,False
891f2a66877ffff,13711.9,False
891f2a6687bffff,13131.5,False
891f2a6688bffff,13672.8,False
891f2a668c3ffff,13226.3,False
891f2a668c7ffff,13495.2,False
891f2a668cbffff,12921.8,False
891f2a668cfffff,13192.1,False
891f2a668d3ffff,13267.5,False
891f2a668d7ffff,13478.7,False
891f2a668dbffff,12960.8,False
891f2a66943ffff,14727.8,False
891f2a6694bffff,14567.6,False
891f2a6694fffff,14799.9,False
891f2a6695bffff,14601.6,False
891f2a66963ffff,15483.1,False
891f2a66967ffff,15704.5,False
891f2a6696bffff,15202.3,False
891f2a6696fffff,15506.0,False
891f2a6697bffff,15113.7,False
891f2a66a03ffff,11670.3,False
891f2a66a07ffff,11961.6,False
891f2a66a0bffff,11379.3,False
891f2a66a0fffff,11672.6,False
891f2a66a13ffff,11675.9,False
891f2a66a17ffff,11962.6,False
891f2a66a1bffff,11381.6,False
891f2a66a23ffff,12266.3,False
891f2a66a27ffff,12566.3,False
891f2a66a2bffff,11982.8,False
891f2a66a2fffff,12284.8,False
891f2a66a33ffff,12255.4,False
891f2a66a37ffff,12551.4,False
891f2a66a3bffff,11968.3,False
891f2a66a43ffff,10797.1,False
891f2a66a47ffff,11089.9,False
891f2a66a4bffff,10507.3,False
891f2a66a4fffff,10802.2,False
891f2a66a53ffff,10800.7,False
891f2a66a57ffff,11088.6,False
891f2a66a5bffff,10507.2,False
891f2a66a63ffff,11399.3,False
891f2a66a67ffff,11701.2,False
891f2a66a6bffff,11117.7,False
891f2a66a6fffff,11421.6,False
891f2a66a73ffff,11385.2,False
891f2a66a77ffff,11682.9,False
891f2a66a7bffff,11099.6,False
891f2a66a83ffff,11988.1,False
891f2a66a87ffff,12268.3,False
891f2a66a8bffff,11689.5,False
891f2a66a8fffff,11971.5,False
891f2a66a93ffff,12012.5,False
891f2a66a97ffff,12287.7,False
891f2a66a9bffff,11711.1,False
891f2a66aa3ffff,12543.9,False
891f2a66aa7ffff,12834.0,False
891f2a66aabffff,12252.1,False
891f2a66aafffff,12544.0,False
891f2a66ab3ffff,12551.3,False
891f2a66ab7ffff,12837.1,False
891f2a66abbffff,12256.4,False
891f2a66ac3ffff,11111.3,False
891f2a66ac7ffff,11392.0,False
891f2a66acbffff,10813.0,False
891f2a66acfffff,11095.7,False
891f2a66ad3ffff,11135.1,False
891f2a66ad7ffff,11410.7,False
891f2a66adbffff,10833.8,False
891f2a66b03ffff,13755.6,False
891f2a66b07ffff,14061.0,False
891f2a66b0bffff,13477.6,False
891f2a66b0fffff,13784.7,False
891f2a66b13ffff,13733.3,False
891f2a66b17ffff,14035.4,False
891f2a66b1bffff,13451.9,False
891f2a66b23ffff,14403.1,False
891f2a66b27ffff,14714.3,False
891f2a66b2bffff,14131.9,False
891f2a66b2fffff,14444.7,False
891f2a66b33ffff,14367.9,False
891f2a66b37ffff,14676.2,False
891f2a66b3bffff,14093.2,False
891f2a66b43ffff,12894.2,False
891f2a66b47ffff,13201.5,False
891f2a66b4bffff,12618.3,False
891f2a66b4fffff,12927.3,False
891f2a66b53ffff,12868.3,False
891f2a66b57ffff,13172.1,False
891f2a66b5bffff,12588.6,False
891f2a66b63ffff,13549.7,False
891f2a66b67ffff,13862.8,False
891f2a66b6bffff,13281.0,False
891f2a66b6fffff,13595.8,False
891f2a66b73ffff,13510.2,False
891f2a66b77ffff,13820.4,False
891f2a66b7bffff,13237.8,False
891f2a66b83ffff,14004.0,False
891f2a66b87ffff,14300.9,False
891f2a66b8bffff,13717.7,False
891f2a66b8fffff,14016.3,False
891f2a66b93ffff,13998.2,False
891f2a66b97ffff,14291.6,False
891f2a66b9bffff,13709.0,False
891f2a66ba3ffff,14618.8,False
891f2a66ba7ffff,14922.5,False
891f2a66babffff,14339.1,False
891f2a66bafffff,14644.4,False
891f2a66bb3ffff,14599.7,False
891f2a66bb7ffff,14900.2,False
891f2a66bbbffff,14316.7,False
891f2a66bc3ffff,13134.6,False
891f2a66bc7ffff,13433.0,False
891f2a66bcbffff,12849.6,False
891f2a66bcfffff,13149.8,False
891f2a66bd3ffff,13126.4,False
891f2a66bd7ffff,13421.1,False
891f2a66bdbffff,12838.2,False
891f2a66c43ffff,13145.6,False
891f2a66c47ffff,13323.3,False
891f2a66c4bffff,12873.7,False
891f2a66c4fffff,13120.0,False
891f2a66c53ffff,13211.9,False
891f2a66c5bffff,12945.8,False
891f2a66c63ffff,13471.9,False
891f2a66c6bffff,13294.0,False
891f2a66c6fffff,13453.5,False
891f2a66c7bffff,13348.7,False
891f2a66ccbffff,13282.2,False
891f2a66cdbffff,13287.4,False
891f2a66e03ffff,11875.7,False
891f2a66e07ffff,12131.5,False
891f2a66e0bffff,11565.7,False
891f2a66e0fffff,11823.0,False
891f2a66e13ffff,11936.1,False
891f2a66e17ffff,12186.2,False
891f2a66e1bffff,11624.2,False
891f2a66e23ffff,12349.3,False
891f2a66e27ffff,12617.9,False
891f2a66e2bffff,12044.5,False
891f2a66e2fffff,12314.8,False
891f2a66e33ffff,12391.2,False
891f2a66e37ffff,12654.7,False
891f2a66e3bffff,12084.2,False
891f2a66e43ffff,11001.8,False
891f2a66e47ffff,11256.2,False
891f2a66e4bffff,10691.3,False
891f2a66e4fffff,10947.3,False
891f2a66e53ffff,11064.5,False
891f2a66e57ffff,11312.8,False
891f2a66e5bffff,10752.0,False
891f2a66e63ffff,11472.2,False
891f2a66e67ffff,11740.6,False
891f2a66e6bffff,11167.3,False
891f2a66e6fffff,11437.4,False
891f2a66e73ffff,11515.0,False
891f2a66e77ffff,11777.9,False
891f2a66e7bffff,11207.7,False
891f2a66e83ffff,12317.6,False
891f2a66e87ffff,12560.8,False
891f2a66e8bffff,12003.9,False
891f2a66e8fffff,12248.3,False
891f2a66e93ffff,12394.0,False
891f2a66e97ffff,12631.6,False
891f2a66e9bffff,12079.0,False
891f2a66ea3ffff,12750.1,False
891f2a66ea7ffff,13007.0,False
891f2a66eabffff,12440.5,False
891f2a66eafffff,12698.8,False
891f2a66eb3ffff,12808.4,False
891f2a66eb7ffff,13060.0,False
891f2a66ebbffff,12497.1,False
891f2a66ec3ffff,11449.5,False
891f2a66ec7ffff,11690.4,False
891f2a66ecbffff,11135.2,False
891f2a66ecfffff,11377.3,False
891f2a66ed3ffff,11529.4,False
891f2a66ed7ffff,11764.1,False
891f2a66edbffff,11213.7,False
891f2a67003ffff,6053.5,False
891f2a67007ffff,6091.7,False
891f2a6700bffff,5779.0,False
891f2a6700fffff,5808.4,False
891f2a67013ffff,6303.8,False
891f2a67017ffff,6332.1,False
891f2a6701bffff,6034.1,False
891f2a67023ffff,5925.1,False
891f2a67027ffff,6011.3,False
891f2a6702bffff,5629.6,False
891f2a6702fffff,5709.4,False
891f2a67033ffff,6148.3,False
891f2a67037ffff,6222.9,False
891f2a6703bffff,5857.2,False
891f2a67043ffff,5510.6,False
891f2a67047ffff,5509.4,False
891f2a6704bffff,5258.4,False
891f2a6704fffff,5245.4,False
891f2a67053ffff,5779.8,False
891f2a67057ffff,5769.5,False
891f2a6705bffff,5532.6,False
891f2a67063ffff,5284.8,False
891f2a67067ffff,5336.8,False
891f2a6706bffff,5004.6,False
891f2a6706fffff,5047.2,False
891f2a67073ffff,5529.0,False
891f2a67077ffff,5569.2,False
891f2a6707bffff,5254.2,False
891f2a67083ffff,6828.6,False
891f2a67087ffff,6856.0,False
891f2a6708bffff,6558.8,False
891f2a6708fffff,6578.0,False
891f2a67093ffff,7083.5,False
891f2a67097ffff,7102.5,False
891f2a6709bffff,6817.9,False
891f2a670a3ffff,6668.0,False
891f2a670a7ffff,6738.2,False
891f2a670abffff,6378.3,False
891f2a670afffff,6442.1,False
891f2a670b3ffff,6900.0,False
891f2a670b7ffff,6960.2,False
891f2a670bbffff,6614.5,False
891f2a670c3ffff,6301.7,False
891f2a670c7ffff,6293.7,False
891f2a670cbffff,6052.4,False
891f2a670cfffff,6033.8,False
891f2a670d3ffff,6573.0,False
891f2a670d7ffff,6557.1,False
891f2a670dbffff,6328.0,False
891f2a67103ffff,6687.0,False
891f2a67107ffff,6839.6,False
891f2a6710bffff,6372.0,False
891f2a6710fffff,6522.7,False
891f2a67113ffff,6860.5,False
891f2a67117ffff,7002.3,False
891f2a6711bffff,6547.8,False
891f2a67123ffff,6863.1,False
891f2a67127ffff,7051.6,False
891f2a6712bffff,6544.0,False
891f2a6712fffff,6732.3,False
891f2a67133ffff,7004.8,False
891f2a67137ffff,7182.2,False
891f2a6713bffff,6686.5,False
891f2a67143ffff,5924.4,False
891f2a67147ffff,6057.5,False
891f2a6714bffff,5614.0,False
891f2a6714fffff,5743.5,False
891f2a67153ffff,6115.1,False
891f2a67157ffff,6235.7,False
891f2a6715bffff,5808.0,False
891f2a67163ffff,6050.1,False
891f2a67167ffff,6225.0,False
891f2a6716bffff,5732.1,False
891f2a6716fffff,5905.9,False
891f2a67173ffff,6206.0,False
891f2a67177ffff,6368.3,False
891f2a6717bffff,5889.6,False
891f2a67183ffff,7354.0,False
891f2a67187ffff,7487.6,False
891f2a6718bffff,7043.0,False
891f2a6718fffff,7173.8,False
891f2a67193ffff,7542.2,False
891f2a67197ffff,7665.6,False
891f2a6719bffff,7233.8,False
891f2a671a3ffff,7474.0,False
891f2a671a7ffff,7641.7,False
891f2a671abffff,7156.7,False
891f2a671afffff,7323.2,False
891f2a671b3ffff,7633.9,False
891f2a671b7ffff,7791.4,False
891f2a671bbffff,7318.0,False
891f2a671c3ffff,6620.0,False
891f2a671c7ffff,6732.8,False
891f2a671cbffff,6314.9,False
891f2a671cfffff,6423.5,False
891f2a671d3ffff,6824.5,False
891f2a671d7ffff,6926.3,False
891f2a671dbffff,6522.8,False
891f2a67203ffff,4265.4,False
891f2a67207ffff,4218.0,False
891f2a6720bffff,4046.5,False
891f2a6720fffff,3981.0,False
891f2a67213ffff,4552.6,False
891f2a67217ffff,4496.4,False
891f2a6721bffff,4338.9,False
891f2a67223ffff,3935.2,False
891f2a67227ffff,3955.9,False
891f2a6722bffff,3674.0,False
891f2a6722fffff,3679.4,False
891f2a67233ffff,4197.6,False
891f2a67237ffff,4204.4,False
891f2a6723bffff,3943.6,False
891f2a67243ffff,3954.4,False
891f2a67247ffff,3841.6,False
891f2a6724bffff,3788.0,False
891f2a6724fffff,3653.2,False
891f2a67253ffff,4256.2,False
891f2a67257ffff,4138.8,False
891f2a6725bffff,4092.3,False
891f2a67263ffff,3468.3,False
891f2a67267ffff,3422.8,False
891f2a6726bffff,3251.7,False
891f2a6726fffff,3183.7,False
891f2a67273ffff,3756.1,False
891f2a67277ffff,3699.8,False
891f2a6727bffff,3545.8,False
891f2a67283ffff,5062.5,False
891f2a67287ffff,5013.8,False
891f2a6728bffff,4842.0,False
891f2a6728fffff,4778.1,False
891f2a67293ffff,5349.2,False
891f2a67297ffff,5293.2,False
891f2a6729bffff,5133.2,False
891f2a672a3ffff,4721.4,False
891f2a672a7ffff,4729.3,False
891f2a672abffff,4465.4,False
891f2a672afffff,4459.9,False
891f2a672b3ffff,4987.8,False
891f2a672b7ffff,4984.7,False
891f2a672bbffff,4737.7,False
891f2a672c3ffff,4736.2,False
891f2a672c7ffff,4633.0,False
891f2a672cbffff,4558.4,False
891f2a672cfffff,4437.1,False
891f2a672d3ffff,5036.1,False
891f2a672d7ffff,4928.4,False
891f2a672dbffff,4861.0,False
891f2a67303ffff,4494.9,False
891f2a67307ffff,4627.2,False
891f2a6730bffff,4185.5,False
891f2a6730fffff,4312.9,False
891f2a67313ffff,4689.8,False
891f2a67317ffff,4805.7,False
891f2a6731bffff,4385.0,False
891f2a67323ffff,4630.0,False
891f2a67327ffff,4816.0,False
891f2a6732bffff,4311.1,False
891f2a6732fffff,4496.6,False
891f2a67333ffff,4779.1,False
891f2a67337ffff,4948.9,False
891f2a6733bffff,4461.9,False
891f2a67343ffff,3782.5,False
891f2a67347ffff,3877.7,False
891f2a6734bffff,3486.1,False
891f2a6734fffff,3571.9,False
891f2a67353ffff,4005.3,False
891f2a67357ffff,4082.3,False
891f2a6735bffff,3715.9,False
891f2a67363ffff,3828.6,False
891f2a67367ffff,3992.3,False
891f2a6736bffff,3512.5,False
891f2a6736fffff,3673.7,False
891f2a67373ffff,3999.4,False
891f2a67377ffff,4145.1,False
891f2a6737bffff,3687.0,False
891f2a67383ffff,5198.1,False
891f2a67387ffff,5304.6,False
891f2a6738bffff,4895.9,False
891f2a6738fffff,4996.4,False
891f2a67393ffff,5409.5,False
891f2a67397ffff,5502.3,False
891f2a6739bffff,5112.0,False
891f2a673a3ffff,5257.6,False
891f2a673a7ffff,5414.3,False
891f2a673abffff,4942.1,False
891f2a673afffff,5096.6,False
891f2a673b3ffff,5430.1,False
891f2a673b7ffff,5573.4,False
891f2a673bbffff,5117.5,False
891f2a673c3ffff,4525.8,False
891f2a673c7ffff,4596.0,False
891f2a673cbffff,4238.4,False
891f2a673cfffff,4299.0,False
891f2a673d3ffff,4761.4,False
891f2a673d7ffff,4817.2,False
891f2a673dbffff,4480.2,False
891f2a67403ffff,7887.2,False
891f2a67407ffff,7869.6,False
891f2a6740bffff,7642.0,False
891f2a6740fffff,7615.7,False
891f2a67413ffff,8161.2,False
891f2a67417ffff,8137.6,False
891f2a6741bffff,7919.4,False
891f2a67423ffff,7608.1,False
891f2a67427ffff,7626.9,False
891f2a6742bffff,7342.2,False
891f2a6742fffff,7353.3,False
891f2a67433ffff,7866.5,False
891f2a67437ffff,7878.0,False
891f2a6743bffff,7604.3,False
891f2a67443ffff,7453.3,False
891f2a67447ffff,7402.4,False
891f2a6744bffff,7230.1,False
891f2a6744fffff,7169.0,False
891f2a67453ffff,7739.1,False
891f2a67457ffff,7683.2,False
891f2a6745bffff,7519.1,False
891f2a67463ffff,7094.1,False
891f2a67467ffff,7080.7,False
891f2a6746bffff,6847.0,False
891f2a6746fffff,6824.1,False
891f2a67473ffff,7366.8,False
891f2a67477ffff,7346.7,False
891f2a6747bffff,7123.6,False
891f2a67483ffff,8681.0,False
891f2a67487ffff,8659.8,False
891f2a6748bffff,8437.3,False
891f2a6748fffff,8408.1,False
891f2a67493ffff,8955.9,False
891f2a67497ffff,8929.4,False
891f2a6749bffff,8715.2,False
891f2a674a3ffff,8390.8,False
891f2a674a7ffff,8402.6,False
891f2a674abffff,8128.1,False
891f2a674afffff,8132.7,False
891f2a674b3ffff,8651.9,False
891f2a674b7ffff,8657.3,False
891f2a674bbffff,8392.6,False
891f2a674c3ffff,8250.0,False
891f2a674c7ffff,8198.7,False
891f2a674cbffff,8026.3,False
891f2a674cfffff,7965.8,False
891f2a674d3ffff,8535.6,False
891f2a674d7ffff,8479.8,False
891f2a674dbffff,8314.8,False
891f2a67503ffff,8067.4,False
891f2a67507ffff,8149.4,False
891f2a6750bffff,7772.3,False
891f2a6750fffff,7849.5,False
891f2a67513ffff,8290.8,False
891f2a67517ffff,8364.2,False
891f2a6751bffff,7999.0,False
891f2a67523ffff,8044.6,False
891f2a67527ffff,8161.5,False
891f2a6752bffff,7737.9,False
891f2a6752fffff,7851.5,False
891f2a67533ffff,8244.5,False
891f2a67537ffff,8352.3,False
891f2a6753bffff,7940.4,False
891f2a67543ffff,7422.0,False
891f2a67547ffff,7479.2,False
891f2a6754bffff,7137.5,False
891f2a6754fffff,7188.4,False
891f2a67553ffff,7660.7,False
891f2a67557ffff,7709.3,False
891f2a6755bffff,7380.0,False
891f2a67563ffff,7336.2,False
891f2a67567ffff,7432.2,False
891f2a6756bffff,7036.3,False
891f2a6756fffff,7127.6,False
891f2a67573ffff,7551.2,False
891f2a67577ffff,7637.6,False
891f2a6757bffff,7254.7,False
891f2a67583ffff,8809.9,False
891f2a67587ffff,8880.1,False
891f2a6758bffff,8519.2,False
891f2a6758fffff,8584.6,False
891f2a67593ffff,9040.0,False
891f2a67597ffff,9102.5,False
891f2a6759bffff,8752.4,False
891f2a675a3ffff,8753.2,False
891f2a675a7ffff,8855.8,False
891f2a675abffff,8450.6,False
891f2a675afffff,8549.6,False
891f2a675b3ffff,8962.5,False
891f2a675b7ffff,9056.9,False
891f2a675bbffff,8662.7,False
891f2a675c3ffff,8184.1,False
891f2a675c7ffff,8230.6,False
891f2a675cbffff,7904.0,False
891f2a675cfffff,7944.4,False
891f2a675d3ffff,8428.0,False
891f2a675d7ffff,8467.0,False
891f2a675dbffff,8151.4,False
891f2a67603ffff,6311.2,False
891f2a67607ffff,6219.8,False
891f2a6760bffff,6119.6,False
891f2a6760fffff,6015.1,False
891f2a67613ffff,6608.0,False
891f2a67617ffff,6512.8,False
891f2a6761bffff,6419.1,False
891f2a67623ffff,5859.5,False
891f2a67627ffff,5809.9,False
891f2a6762bffff,5637.9,False
891f2a6762fffff,5575.2,False
891f2a67633ffff,6145.9,False
891f2a67637ffff,6089.9,False
891f2a6763bffff,5928.1,False
891f2a67643ffff,6074.0,False
891f2a67647ffff,5939.0,False
891f2a6764bffff,5919.7,False
891f2a6764fffff,5770.4,False
891f2a67653ffff,6377.6,False
891f2a67657ffff,6240.7,False
891f2a6765bffff,6224.5,False
891f2a67663ffff,5522.4,False
891f2a67667ffff,5425.9,False
891f2a6766bffff,5336.6,False
891f2a6766fffff,5224.9,False
891f2a67673ffff,5820.6,False
891f2a67677ffff,5719.9,False
891f2a6767bffff,5637.6,False
891f2a67683ffff,7101.7,False
891f2a67687ffff,7014.4,False
891f2a6768bffff,6905.7,False
891f2a6768fffff,6806.7,False
891f2a67693ffff,7397.4,False
891f2a67697ffff,7306.4,False
891f2a6769bffff,7203.9,False
891f2a676a3ffff,6656.5,False
891f2a676a7ffff,6606.2,False
891f2a676abffff,6433.9,False
891f2a676afffff,6372.2,False
891f2a676b3ffff,6942.5,False
891f2a676b7ffff,6886.6,False
891f2a676bbffff,6723.5,False
891f2a676c3ffff,6845.1,False
891f2a676c7ffff,6719.1,False
891f2a676cbffff,6681.4,False
891f2a676cfffff,6542.8,False
891f2a676d3ffff,7147.7,False
891f2a676d7ffff,7019.5,False
891f2a676dbffff,6985.4,False
891f2a6c5a3ffff,6185.9,False
891f2a6c5a7ffff,6196.6,False
891f2a6c5b3ffff,5945.5,False
891f2a6c5b7ffff,5974.3,False
891f2a6cc83ffff,7913.4,False
891f2a6cc87ffff,8012.7,False
891f2a6cc93ffff,7729.8,False
891f2a6cc97ffff,7855.8,False
891f2a6cca3ffff,8515.8,False
891f2a6cca7ffff,8654.0,False
891f2a6ccb3ffff,8213.0,False
891f2a6ccb7ffff,8375.5,False
891f2a6cd03ffff,9643.7,False
891f2a6cd07ffff,9850.7,False
891f2a6cd13ffff,9409.1,False
891f2a6cd17ffff,9572.0,False
891f2a6cd1bffff,9422.2,False
891f2a6cd23ffff,10306.5,False
891f2a6cd27ffff,10536.3,False
891f2a6cd2fffff,10547.2,False
891f2a6cd33ffff,10050.0,False
891f2a6cd37ffff,10230.5,False
891f2a6cd3bffff,10131.2,False
891f2a6cd83ffff,8960.3,False
891f2a6cd87ffff,9132.2,False
891f2a6cd8bffff,9103.6,False
891f2a6cd8fffff,9266.1,False
891f2a6cd93ffff,8654.4,False
891f2a6cd97ffff,8826.3,False
891f2a6cd9bffff,8798.1,False
891f2a6cda3ffff,9619.0,False
891f2a6cda7ffff,9808.3,False
891f2a6cdabffff,9744.0,False
891f2a6cdafffff,9924.7,False
891f2a6cdb3ffff,9313.3,False
891f2a6cdb7ffff,9503.1,False
891f2a6cdbbffff,9438.1,False
891f2a6cdc3ffff,9036.5,False
891f2a6cdc7ffff,9223.2,False
891f2a6cdd3ffff,8808.7,False
891f2a6cdd7ffff,8950.9,False
891f2a6cddbffff,8842.2,False
891f2a6e003ffff,4637.2,False
891f2a6e007ffff,4389.1,False
891f2a6e00bffff,4948.5,False
891f2a6e00fffff,4703.7,False
891f2a6e013ffff,4590.0,False
891f2a6e017ffff,4327.1,False
891f2a6e01bffff,4896.1,False
891f2a6e023ffff,4253.2,False
891f2a6e027ffff,4051.8,False
891f2a6e02bffff,4572.4,False
891f2a6e02fffff,4371.5,False
891f2a6e033ffff,4154.0,False
891f2a6e037ffff,3934.1,False
891f2a6e03bffff,4471.3,False
891f2a6e047ffff,5154.5,False
891f2a6e053ffff,5355.7,False
891f2a6e057ffff,5182.8,False
891f2a6e063ffff,5022.8,False
891f2a6e067ffff,4891.7,False
891f2a6e073ffff,5004.0,False
891f2a6e077ffff,4788.8,False
891f2a6e083ffff,4266.4,False
891f2a6e087ffff,3984.3,False
891f2a6e08bffff,4562.9,False
891f2a6e08fffff,4286.0,False
891f2a6e093ffff,4268.7,False
891f2a6e097ffff,3973.4,False
891f2a6e09bffff,4556.2,False
891f2a6e0a3ffff,3762.6,False
891f2a6e0a7ffff,3520.9,False
891f2a6e0abffff,4075.4,False
891f2a6e0afffff,3837.2,False
891f2a6e0b3ffff,3711.9,False
891f2a6e0b7ffff,3451.2,False
891f2a6e0bbffff,4018.5,False
891f2a6e0c3ffff,5142.8,False
891f2a6e0c7ffff,4862.4,False
891f2a6e0cbffff,5424.4,False
891f2a6e0cfffff,5164.4,False
891f2a6e0d3ffff,5139.3,False
891f2a6e0d7ffff,4847.8,False
891f2a6e0dbffff,5429.8,False
891f2a6e103ffff,3265.3,False
891f2a6e107ffff,3167.4,False
891f2a6e10bffff,3574.8,False
891f2a6e10fffff,3468.0,False
891f2a6e113ffff,3079.7,False
891f2a6e117ffff,2958.0,False
891f2a6e11bffff,3394.2,False
891f2a6e123ffff,3346.8,False
891f2a6e127ffff,3334.9,False
891f2a6e12bffff,3627.2,False
891f2a6e12fffff,3599.3,False
891f2a6e133ffff,3103.4,False
891f2a6e137ffff,3073.8,False
891f2a6e13bffff,3391.4,False
891f2a6e143ffff,4025.8,False
891f2a6e147ffff,3886.0,False
891f2a6e14bffff,4342.5,False
891f2a6e14fffff,4198.5,False
891f2a6e153ffff,3869.7,False
891f2a6e157ffff,3709.7,False
891f2a6e15bffff,4188.5,False
891f2a6e163ffff,3981.9,False
891f2a6e167ffff,3913.1,False
891f2a6e16bffff,4282.5,False
891f2a6e16fffff,4203.9,False
891f2a6e173ffff,3771.6,False
891f2a6e177ffff,3684.6,False
891f2a6e17bffff,4077.6,False
891f2a6e183ffff,2596.6,False
891f2a6e187ffff,2454.6,False
891f2a6e18bffff,2914.3,False
891f2a6e18fffff,2766.3,False
891f2a6e193ffff,2453.3,False
891f2a6e197ffff,2279.3,False
891f2a6e19bffff,2772.9,False
891f2a6e1a3ffff,2580.2,False
891f2a6e1a7ffff,2548.3,False
891f2a6e1abffff,2871.0,False
891f2a6e1afffff,2821.6,False
891f2a6e1b3ffff,2353.1,False
891f2a6e1b7ffff,2296.7,False
891f2a6e1bbffff,2653.6,False
891f2a6e1c3ffff,3412.3,False
891f2a6e1c7ffff,3232.5,False
891f2a6e1cbffff,3732.0,False
891f2a6e1cfffff,3551.0,False
891f2a6e1d3ffff,3296.3,False
891f2a6e1d7ffff,3092.6,False
891f2a6e1dbffff,3615.1,False
891f2a6e307ffff,5262.7,False
891f2a6e317ffff,5103.9,False
891f2a6e323ffff,5382.5,False
891f2a6e327ffff,5312.9,False
891f2a6e32bffff,5555.7,False
891f2a6e32fffff,5468.8,False
891f2a6e333ffff,5197.8,False
891f2a6e337ffff,5097.2,False
891f2a6e33bffff,5397.5,False
891f2a6e383ffff,4826.6,False
891f2a6e387ffff,4659.6,False
891f2a6e38bffff,4991.0,False
891f2a6e38fffff,4968.9,False
891f2a6e393ffff,4691.3,False
891f2a6e397ffff,4507.5,False
891f2a6e39bffff,4918.1,False
891f2a6e3a3ffff,4695.3,False
891f2a6e3a7ffff,4585.6,False
891f2a6e3abffff,5006.2,False
891f2a6e3afffff,4890.8,False
891f2a6e3b3ffff,4512.0,False
891f2a6e3b7ffff,4385.6,False
891f2a6e3bbffff,4826.3,False
891f2a6e403ffff,4730.8,False
891f2a6e407ffff,4404.5,False
891f2a6e40bffff,4980.0,False
891f2a6e40fffff,4657.8,False
891f2a6e413ffff,4821.6,False
891f2a6e417ffff,4490.2,False
891f2a6e41bffff,5058.7,False
891f2a6e423ffff,4021.8,False
891f2a6e427ffff,3709.4,False
891f2a6e42bffff,4292.7,False
891f2a6e42fffff,3986.0,False
891f2a6e433ffff,4080.2,False
891f2a6e437ffff,3758.6,False
891f2a6e43bffff,4338.2,False
891f2a6e443ffff,5557.3,False
891f2a6e447ffff,5236.9,False
891f2a6e44bffff,5816.9,False
891f2a6e44fffff,5500.3,False
891f2a6e453ffff,5630.3,False
891f2a6e457ffff,5304.3,False
891f2a6e45bffff,5879.9,False
891f2a6e463ffff,4876.2,False
891f2a6e467ffff,4570.0,False
891f2a6e46bffff,5153.9,False
891f2a6e46fffff,4852.4,False
891f2a6e473ffff,4918.9,False
891f2a6e477ffff,4604.0,False
891f2a6e47bffff,5186.6,False
891f2a6e483ffff,4716.3,False
891f2a6e487ffff,4379.0,False
891f2a6e48bffff,4929.6,False
891f2a6e48fffff,4594.5,False
891f2a6e493ffff,4854.3,False
891f2a6e497ffff,4515.6,False
891f2a6e49bffff,5053.9,False
891f2a6e4a3ffff,3926.3,False
891f2a6e4a7ffff,3593.5,False
891f2a6e4abffff,4160.0,False
891f2a6e4afffff,3831.4,False
891f2a6e4b3ffff,4042.0,False
891f2a6e4b7ffff,3705.3,False
891f2a6e4bbffff,4260.0,False
891f2a6e4c3ffff,5487.2,False
891f2a6e4c7ffff,5154.0,False
891f2a6e4cbffff,5718.3,False
891f2a6e4cfffff,5387.9,False
891f2a6e4d3ffff,5601.3,False
891f2a6e4d7ffff,5265.3,False
891f2a6e4dbffff,5821.0,False
891f2a6e503ffff,2518.0,False
891f2a6e507ffff,2229.0,False
891f2a6e50bffff,2809.5,False
891f2a6e50fffff,2529.3,False
891f2a6e513ffff,2543.6,False
891f2a6e517ffff,2234.3,False
891f2a6e51bffff,2818.2,False
891f2a6e523ffff,2023.9,False
891f2a6e527ffff,1814.0,False
891f2a6e52bffff,2341.3,False
891f2a6e52fffff,2133.6,False
891f2a6e533ffff,1956.2,False
891f2a6e537ffff,1707.3,False
891f2a6e53bffff,2265.4,False
891f2a6e543ffff,3391.1,False
891f2a6e547ffff,3106.5,False
891f2a6e54bffff,3685.8,False
891f2a6e54fffff,3407.6,False
891f2a6e553ffff,3402.1,False
891f2a6e557ffff,3101.4,False
891f2a6e55bffff,3685.0,False
891f2a6e563ffff,2890.5,False
891f2a6e567ffff,2659.3,False
891f2a6e56bffff,3205.2,False
891f2a6e56fffff,2977.7,False
891f2a6e573ffff,2833.9,False
891f2a6e577ffff,2577.1,False
891f2a6e57bffff,3141.4,False
891f2a6e583ffff,2365.5,False
891f2a6e587ffff,2034.0,False
891f2a6e58bffff,2605.0,False
891f2a6e58fffff,2280.8,False
891f2a6e593ffff,2484.8,False
891f2a6e597ffff,2147.0,False
891f2a6e59bffff,2699.0,False
891f2a6e5a3ffff,1650.4,False
891f2a6e5a7ffff,1352.7,False
891f2a6e5abffff,1935.0,False
891f2a6e5afffff,1651.1,False
891f2a6e5b3ffff,1705.4,False
891f2a6e5b7ffff,1381.4,False
891f2a6e5bbffff,1961.6,False
891f2a6e5c3ffff,3180.5,False
891f2a6e5c7ffff,2859.7,False
891f2a6e5cbffff,3440.2,False
891f2a6e5cfffff,3126.3,False
891f2a6e5d3ffff,3262.1,False
891f2a6e5d7ffff,2932.4,False
891f2a6e5dbffff,3504.7,False
891f2a6e613ffff,6655.3,False
891f2a6e617ffff,6240.1,False
891f2a6e637ffff,5649.8,False
891f2a6e683ffff,6397.7,False
891f2a6e687ffff,6082.2,False
891f2a6e68bffff,6664.5,False
891f2a6e68fffff,6352.6,False
891f2a6e693ffff,6456.9,False
891f2a6e697ffff,6135.9,False
891f2a6e69bffff,6715.4,False
891f2a6e6a3ffff,5737.9,False
891f2a6e6a7ffff,5436.3,False
891f2a6e6abffff,5921.7,False
891f2a6e6afffff,5711.0,False
891f2a6e6b3ffff,5769.5,False
891f2a6e6b7ffff,5459.9,False
891f2a6e6bbffff,6043.6,False
891f2a6e6c7ffff,6783.6,False
891f2a6e6d7ffff,6893.2,False
891f2a6e803ffff,5442.6,False
891f2a6e807ffff,5597.4,False
891f2a6e80bffff,5607.6,False
891f2a6e80fffff,5747.2,False
891f2a6e813ffff,5138.3,False
891f2a6e817ffff,5291.9,False
891f2a6e81bffff,5305.0,False
891f2a6e823ffff,6073.8,False
891f2a6e827ffff,6258.3,False
891f2a6e82bffff,6208.6,False
891f2a6e82fffff,6379.6,False
891f2a6e833ffff,5768.1,False
891f2a6e837ffff,5953.1,False
891f2a6e83bffff,5903.0,False
891f2a6e843ffff,5678.1,False
891f2a6e847ffff,5785.5,False
891f2a6e84bffff,5881.9,False
891f2a6e84fffff,5975.3,False
891f2a6e853ffff,5381.9,False
891f2a6e857ffff,5485.4,False
891f2a6e85bffff,5589.3,False
891f2a6e863ffff,6213.6,False
891f2a6e867ffff,6356.7,False
891f2a6e86bffff,6387.4,False
891f2a6e86fffff,6517.1,False
891f2a6e873ffff,5910.5,False
891f2a6e877ffff,6051.9,False
891f2a6e87bffff,6086.2,False
891f2a6e883ffff,4681.0,False
891f2a6e887ffff,4850.9,False
891f2a6e88bffff,4834.0,False
891f2a6e88fffff,4986.4,False
891f2a6e893ffff,4375.6,False
891f2a6e897ffff,4545.2,False
891f2a6e89bffff,4530.1,False
891f2a6e8a3ffff,5343.0,False
891f2a6e8a7ffff,5543.8,False
891f2a6e8abffff,5462.3,False
891f2a6e8afffff,5648.0,False
891f2a6e8b3ffff,5038.0,False
891f2a6e8b7ffff,5240.4,False
891f2a6e8bbffff,5156.6,False
891f2a6e8c3ffff,4887.4,False
891f2a6e8c7ffff,5002.9,False
891f2a6e8cbffff,5086.9,False
891f2a6e8cfffff,5186.0,False
891f2a6e8d3ffff,4589.8,False
891f2a6e8d7ffff,4701.3,False
891f2a6e8dbffff,4793.2,False
891f2a6e903ffff,6813.2,False
891f2a6e907ffff,7052.7,False
891f2a6e90bffff,6883.0,False
891f2a6e90fffff,7111.4,False
891f2a6e913ffff,6515.7,False
891f2a6e917ffff,6757.8,False
891f2a6e91bffff,6582.5,False
891f2a6e923ffff,7593.2,False
891f2a6e927ffff,7845.0,False
891f2a6e92bffff,7645.0,False
891f2a6e92fffff,7887.3,False
891f2a6e933ffff,7300.1,False
891f2a6e937ffff,7554.6,False
891f2a6e93bffff,7348.4,False
891f2a6e943ffff,6759.7,False
891f2a6e947ffff,6966.8,False
891f2a6e94bffff,6869.0,False
891f2a6e94fffff,7064.1,False
891f2a6e953ffff,6455.5,False
891f2a6e957ffff,6664.0,False
891f2a6e95bffff,6563.6,False
891f2a6e963ffff,7485.3,False
891f2a6e967ffff,7709.7,False
891f2a6e96bffff,7573.1,False
891f2a6e96fffff,7787.1,False
891f2a6e973ffff,7184.0,False
891f2a6e977ffff,7410.3,False
891f2a6e97bffff,7269.8,False
891f2a6e983ffff,6171.3,False
891f2a6e987ffff,6427.8,False
891f2a6e98bffff,6219.0,False
891f2a6e98fffff,6464.0,False
891f2a6e993ffff,5880.0,False
891f2a6e997ffff,6140.0,False
891f2a6e99bffff,5923.2,False
891f2a6e9a3ffff,6977.7,False
891f2a6e9a7ffff,7244.8,False
891f2a6e9abffff,7008.0,False
891f2a6e9afffff,7265.4,False
891f2a6e9b3ffff,6691.7,False
891f2a6e9b7ffff,6962.0,False
891f2a6e9bbffff,6717.2,False
891f2a6e9c3ffff,6059.4,False
891f2a6e9c7ffff,6282.5,False
891f2a6e9cbffff,6151.4,False
891f2a6e9cfffff,6361.5,False
891f2a6e9d3ffff,5757.7,False
891f2a6e9d7ffff,5983.2,False
891f2a6e9dbffff,5847.5,False
891f2a6ea03ffff,6818.2,False
891f2a6ea07ffff,6893.5,False
891f2a6ea0bffff,7001.6,False
891f2a6ea0fffff,7081.6,False
891f2a6ea13ffff,6549.2,False
891f2a6ea17ffff,6605.1,False
891f2a6ea1bffff,6718.7,False
891f2a6ea23ffff,7264.9,False
891f2a6ea27ffff,7361.3,False
891f2a6ea2bffff,7474.5,False
891f2a6ea2fffff,7560.0,False
891f2a6ea33ffff,6970.9,False
891f2a6ea37ffff,7063.7,False
891f2a6ea3bffff,7183.3,False
891f2a6ea67ffff,7624.0,False
891f2a6ea77ffff,7375.7,False
891f2a6ea83ffff,6033.6,False
891f2a6ea87ffff,6095.7,False
891f2a6ea8bffff,6268.4,False
891f2a6ea8fffff,6318.4,False
891f2a6ea93ffff,5750.9,False
891f2a6ea97ffff,5806.9,False
891f2a6ea9bffff,5990.1,False
891f2a6eaa3ffff,6470.8,False
891f2a6eaa7ffff,6572.0,False
891f2a6eaabffff,6677.9,False
891f2a6eaafffff,6766.8,False
891f2a6eab3ffff,6175.8,False
891f2a6eab7ffff,6273.3,False
891f2a6eabbffff,6386.1,False
891f2a6eac7ffff,6466.3,False
891f2a6ead3ffff,6134.8,False
891f2a6ead7ffff,6222.7,False
891f2a6eb03ffff,7576.8,False
891f2a6eb07ffff,7737.1,False
891f2a6eb0bffff,7732.8,False
891f2a6eb0fffff,7882.1,False
891f2a6eb13ffff,7271.7,False
891f2a6eb17ffff,7431.3,False
891f2a6eb1bffff,7428.7,False
891f2a6eb23ffff,8214.5,False
891f2a6eb27ffff,8396.4,False
891f2a6eb2bffff,8348.6,False
891f2a6eb2fffff,8520.4,False
891f2a6eb33ffff,7908.6,False
891f2a6eb37ffff,8090.8,False
891f2a6eb3bffff,8042.9,False
891f2a6eb43ffff,7772.6,False
891f2a6eb47ffff,7898.7,False
891f2a6eb4bffff,7958.4,False
891f2a6eb4fffff,8073.9,False
891f2a6eb53ffff,7471.8,False
891f2a6eb57ffff,7595.9,False
891f2a6eb5bffff,7659.5,False
891f2a6eb63ffff,8341.6,False
891f2a6eb67ffff,8492.7,False
891f2a6eb6bffff,8505.2,False
891f2a6eb6fffff,8646.2,False
891f2a6eb73ffff,8037.2,False
891f2a6eb77ffff,8187.4,False
891f2a6eb7bffff,8201.8,False
891f2a6eb83ffff,6819.9,False
891f2a6eb87ffff,6991.2,False
891f2a6eb8bffff,6966.6,False
891f2a6eb8fffff,7125.6,False
891f2a6eb93ffff,6514.3,False
891f2a6eb97ffff,6685.4,False
891f2a6eb9bffff,6661.6,False
891f2a6eba3ffff,7479.8,False
891f2a6eba7ffff,7673.3,False
891f2a6ebabffff,7602.8,False
891f2a6ebafffff,7785.3,False
891f2a6ebb3ffff,7174.4,False
891f2a6ebb7ffff,7368.6,False
891f2a6ebbbffff,7297.0,False
891f2a6ebc3ffff,6990.9,False
891f2a6ebc7ffff,7124.6,False
891f2a6ebcbffff,7171.4,False
891f2a6ebcfffff,7293.2,False
891f2a6ebd3ffff,6689.0,False
891f2a6ebd7ffff,6820.8,False
891f2a6ebdbffff,6871.4,False
891f2a6ec03ffff,3317.5,False
891f2a6ec07ffff,3459.8,False
891f2a6ec0bffff,3501.9,False
891f2a6ec0fffff,3620.0,False
891f2a6ec13ffff,3015.6,False
891f2a6ec17ffff,3154.8,False
891f2a6ec1bffff,3204.9,False
891f2a6ec23ffff,3934.0,False
891f2a6ec27ffff,4124.0,False
891f2a6ec2bffff,4070.2,False
891f2a6ec2fffff,4239.6,False
891f2a6ec33ffff,3628.4,False
891f2a6ec37ffff,3819.7,False
891f2a6ec3bffff,3765.0,False
891f2a6ec43ffff,3638.5,False
891f2a6ec47ffff,3704.8,False
891f2a6ec4bffff,3876.7,False
891f2a6ec4fffff,3923.3,False
891f2a6ec53ffff,3357.4,False
891f2a6ec57ffff,3413.6,False
891f2a6ec5bffff,3603.0,False
891f2a6ec63ffff,4099.8,False
891f2a6ec67ffff,4226.3,False
891f2a6ec6bffff,4293.3,False
891f2a6ec6fffff,4400.2,False
891f2a6ec73ffff,3800.3,False
891f2a6ec77ffff,3923.0,False
891f2a6ec7bffff,3998.2,False
891f2a6ec83ffff,2545.1,False
891f2a6ec87ffff,2711.7,False
891f2a6ec8bffff,2714.7,False
891f2a6ec8fffff,2849.8,False
891f2a6ec93ffff,2240.7,False
891f2a6ec97ffff,2406.3,False
891f2a6ec9bffff,2414.9,False
891f2a6eca3ffff,3211.8,False
891f2a6eca7ffff,3429.0,False
891f2a6ecabffff,3322.8,False
891f2a6ecafffff,3515.6,False
891f2a6ecb3ffff,2908.5,False
891f2a6ecb7ffff,3129.8,False
891f2a6ecbbffff,3017.2,False
891f2a6ecc3ffff,2840.4,False
891f2a6ecc7ffff,2909.6,False
891f2a6eccbffff,3081.0,False
891f2a6eccfffff,3125.2,False
891f2a6ecd3ffff,2560.4,False
891f2a6ecd7ffff,2616.8,False
891f2a6ecdbffff,2810.6,False
891f2a6ed03ffff,4752.9,False
891f2a6ed07ffff,5016.6,False
891f2a6ed0bffff,4793.9,False
891f2a6ed0fffff,5043.1,False
891f2a6ed13ffff,4464.8,False
891f2a6ed17ffff,4733.3,False
891f2a6ed1bffff,4499.4,False
891f2a6ed23ffff,5570.2,False
891f2a6ed27ffff,5845.5,False
891f2a6ed2bffff,5590.3,False
891f2a6ed2fffff,5854.0,False
891f2a6ed33ffff,5288.8,False
891f2a6ed37ffff,5568.4,False
891f2a6ed3bffff,5302.4,False
891f2a6ed43ffff,4634.6,False
891f2a6ed47ffff,4855.6,False
891f2a6ed4bffff,4733.2,False
891f2a6ed4fffff,4937.3,False
891f2a6ed53ffff,4332.3,False
891f2a6ed57ffff,4556.3,False
891f2a6ed5bffff,4428.5,False
891f2a6ed63ffff,5386.6,False
891f2a6ed67ffff,5628.5,False
891f2a6ed6bffff,5456.4,False
891f2a6ed6fffff,5684.5,False
891f2a6ed73ffff,5089.7,False
891f2a6ed77ffff,5335.1,False
891f2a6ed7bffff,5155.7,False
891f2a6ed83ffff,4176.2,False
891f2a6ed87ffff,4463.8,False
891f2a6ed8bffff,4179.2,False
891f2a6ed8fffff,4452.9,False
891f2a6ed93ffff,3903.7,False
891f2a6ed97ffff,4195.8,False
891f2a6ed9bffff,3896.7,False
891f2a6eda3ffff,5024.0,False
891f2a6eda7ffff,5317.6,False
891f2a6edabffff,5010.3,False
891f2a6edafffff,5294.6,False
891f2a6edb3ffff,4756.7,False
891f2a6edb7ffff,5055.3,False
891f2a6edbbffff,4735.1,False
891f2a6edc3ffff,3960.7,False
891f2a6edc7ffff,4206.6,False
891f2a6edcbffff,4030.5,False
891f2a6edcfffff,4257.9,False
891f2a6edd3ffff,3664.8,False
891f2a6edd7ffff,3915.8,False
891f2a6eddbffff,3729.3,False
891f2a6ee03ffff,4909.6,False
891f2a6ee07ffff,4919.6,False
891f2a6ee0bffff,5176.3,False
891f2a6ee0fffff,5173.8,False
891f2a6ee13ffff,4650.6,False
891f2a6ee17ffff,4649.7,False
891f2a6ee1bffff,4923.1,False
891f2a6ee23ffff,5235.1,False
891f2a6ee27ffff,5298.2,False
891f2a6ee2bffff,5470.7,False
891f2a6ee2fffff,5519.9,False
891f2a6ee33ffff,4952.8,False
891f2a6ee37ffff,5008.8,False
891f2a6ee3bffff,5193.4,False
891f2a6ee43ffff,5483.1,False
891f2a6ee47ffff,5448.7,False
891f2a6ee4bffff,5727.2,False
891f2a6ee4fffff,5726.0,False
891f2a6ee53ffff,5246.4,False
891f2a6ee57ffff,5201.0,False
891f2a6ee5bffff,5509.3,False
891f2a6ee63ffff,5698.2,False
891f2a6ee67ffff,5714.5,False
891f2a6ee6bffff,5960.3,False
891f2a6ee6fffff,5965.6,False
891f2a6ee73ffff,5434.9,False
891f2a6ee77ffff,5442.3,False
891f2a6ee7bffff,5702.0,False
891f2a6ee83ffff,4124.9,False
891f2a6ee87ffff,4126.0,False
891f2a6ee8bffff,4397.5,False
891f2a6ee8fffff,4384.5,False
891f2a6ee93ffff,3872.1,False
891f2a6ee97ffff,3859.5,False
891f2a6ee9bffff,4151.6,False
891f2a6eea3ffff,4436.7,False
891f2a6eea7ffff,4501.1,False
891f2a6eeabffff,4673.4,False
891f2a6eeafffff,4721.5,False
891f2a6eeb3ffff,4154.9,False
891f2a6eeb7ffff,4211.0,False
891f2a6eebbffff,4397.6,False
891f2a6eec3ffff,4724.7,False
891f2a6eec7ffff,4676.1,False
891f2a6eecbffff,5017.2,False
891f2a6eecfffff,4959.2,False
891f2a6eed3ffff,4498.6,False
891f2a6eed7ffff,4435.9,False
891f2a6eedbffff,4796.6,False
891f2a70803ffff,9188.6,False
891f2a70807ffff,9237.8,False
891f2a7080bffff,8907.0,False
891f2a7080fffff,8950.9,False
891f2a70813ffff,9430.1,False
891f2a70817ffff,9472.5,False
891f2a7081bffff,9151.7,False
891f2a70823ffff,9075.8,False
891f2a70827ffff,9154.2,False
891f2a7082bffff,8781.2,False
891f2a7082fffff,8856.4,False
891f2a70833ffff,9299.0,False
891f2a70837ffff,9372.0,False
891f2a7083bffff,9007.2,False
891f2a70843ffff,8605.9,False
891f2a70847ffff,8628.1,False
891f2a7084bffff,8330.5,False
891f2a7084fffff,8352.1,False
891f2a70853ffff,8859.3,False
891f2a70857ffff,8875.9,False
891f2a70863ffff,8429.5,False
891f2a70867ffff,8488.2,False
891f2a7086bffff,8144.0,False
891f2a7086fffff,8197.3,False
891f2a70873ffff,8666.2,False
891f2a70877ffff,8717.3,False
891f2a7087bffff,8384.0,False
891f2a70883ffff,9953.3,False
891f2a70887ffff,9994.3,False
891f2a7088bffff,9675.2,False
891f2a7088fffff,9711.1,False
891f2a70893ffff,10206.5,False
891f2a70897ffff,10233.7,False
891f2a7089bffff,9937.1,False
891f2a708a3ffff,9817.4,False
891f2a708a7ffff,9887.6,False
891f2a708abffff,9526.7,False
891f2a708afffff,9592.5,False
891f2a708b3ffff,10046.6,False
891f2a708b7ffff,10109.9,False
891f2a708bbffff,9758.5,False
891f2a708c3ffff,9362.6,False
891f2a708c7ffff,9399.8,False
891f2a708cbffff,9035.8,False
891f2a708cfffff,9116.9,False
891f2a708d7ffff,9673.8,False
891f2a70903ffff,9759.2,False
891f2a70907ffff,9880.8,False
891f2a7090bffff,9451.0,False
891f2a7090fffff,9570.1,False
891f2a70913ffff,9953.8,False
891f2a70917ffff,10068.0,False
891f2a7091bffff,9647.4,False
891f2a70923ffff,9839.0,False
891f2a70927ffff,9988.0,False
891f2a7092bffff,9524.7,False
891f2a7092fffff,9672.1,False
891f2a70933ffff,10012.4,False
891f2a70937ffff,10153.7,False
891f2a7093bffff,9699.6,False
891f2a70943ffff,9036.9,False
891f2a70947ffff,9143.6,False
891f2a7094bffff,8733.1,False
891f2a7094fffff,8836.7,False
891f2a70953ffff,9242.7,False
891f2a70957ffff,9341.7,False
891f2a7095bffff,8941.3,False
891f2a70963ffff,9075.2,False
891f2a70967ffff,9210.6,False
891f2a7096bffff,8763.7,False
891f2a7096fffff,8896.9,False
891f2a70973ffff,9260.0,False
891f2a70977ffff,9387.2,False
891f2a7097bffff,8950.5,False
891f2a70983ffff,10458.2,False
891f2a70987ffff,10568.3,False
891f2a7098bffff,10152.9,False
891f2a7098fffff,10260.8,False
891f2a70993ffff,10660.2,False
891f2a70997ffff,10764.2,False
891f2a7099bffff,10357.0,False
891f2a709a3ffff,10503.7,False
891f2a709a7ffff,10639.2,False
891f2a709abffff,10192.0,False
891f2a709afffff,10325.6,False
891f2a709b3ffff,10687.4,False
891f2a709b7ffff,10815.7,False
891f2a709bbffff,10377.4,False
891f2a709c3ffff,9753.6,False
891f2a709c7ffff,9848.6,False
891f2a709cbffff,9453.3,False
891f2a709cfffff,9545.1,False
891f2a709d3ffff,9966.4,False
891f2a709d7ffff,10054.9,False
891f2a709dbffff,9668.5,False
891f2a70a07ffff,7274.4,False
891f2a70a0fffff,7012.6,False
891f2a70a17ffff,7524.9,False
891f2a70a23ffff,7057.6,False
891f2a70a27ffff,7100.3,False
891f2a70a2bffff,6780.3,False
891f2a70a2fffff,6815.7,False
891f2a70a33ffff,7304.2,False
891f2a70a37ffff,7338.3,False
891f2a70a3bffff,7030.9,False
891f2a70a67ffff,6501.5,False
891f2a70a6fffff,6250.9,False
891f2a70a77ffff,6772.3,False
891f2a70a87ffff,8039.3,False
891f2a70aa3ffff,7828.2,False
891f2a70aa7ffff,7861.1,False
891f2a70aabffff,7540.5,False
891f2a70aafffff,7581.1,False
891f2a70ab3ffff,8077.2,False
891f2a70ab7ffff,8104.6,False
891f2a70abbffff,7794.7,False
891f2a70b03ffff,7618.1,False
891f2a70b07ffff,7719.7,False
891f2a70b0bffff,7316.4,False
891f2a70b0fffff,7413.9,False
891f2a70b13ffff,7828.5,False
891f2a70b17ffff,7921.1,False
891f2a70b1bffff,7529.4,False
891f2a70b23ffff,7646.5,False
891f2a70b27ffff,7781.9,False
891f2a70b2bffff,7335.3,False
891f2a70b2fffff,7468.0,False
891f2a70b33ffff,7832.8,False
891f2a70b37ffff,7958.4,False
891f2a70b3bffff,7524.0,False
891f2a70b43ffff,6935.7,False
891f2a70b47ffff,7015.9,False
891f2a70b4bffff,6640.7,False
891f2a70b4fffff,6716.9,False
891f2a70b53ffff,7158.8,False
891f2a70b57ffff,7232.0,False
891f2a70b5bffff,6867.6,False
891f2a70b63ffff,6908.8,False
891f2a70b67ffff,7024.7,False
891f2a70b6bffff,6602.5,False
891f2a70b6fffff,6714.9,False
891f2a70b73ffff,7109.2,False
891f2a70b77ffff,7216.0,False
891f2a70b7bffff,6805.8,False
891f2a70b83ffff,8341.8,False
891f2a70b87ffff,8430.4,False
891f2a70b8bffff,8044.2,False
891f2a70b8fffff,8128.9,False
891f2a70b93ffff,8560.0,False
891f2a70b97ffff,8640.9,False
891f2a70b9bffff,8264.1,False
891f2a70ba3ffff,8333.6,False
891f2a70ba7ffff,8452.7,False
891f2a70babffff,8026.3,False
891f2a70bafffff,8142.4,False
891f2a70bb3ffff,8530.6,False
891f2a70bb7ffff,8641.6,False
891f2a70bbbffff,8225.3,False
891f2a70bc3ffff,7677.7,False
891f2a70bc7ffff,7747.9,False
891f2a70bcbffff,7387.8,False
891f2a70bcfffff,7452.3,False
891f2a70bd3ffff,7908.5,False
891f2a70bd7ffff,7969.9,False
891f2a70bdbffff,7622.0,False
891f2a70c23ffff,10718.9,False
891f2a70c27ffff,10756.4,False
891f2a70c2bffff,10443.1,False
891f2a70c2fffff,10476.4,False
891f2a70c33ffff,10910.1,False
891f2a70c37ffff,11001.0,False
891f2a70c67ffff,10258.3,False
891f2a70ca7ffff,11507.3,False
891f2a70cafffff,11223.3,False
891f2a70d03ffff,11215.4,False
891f2a70d07ffff,11292.6,False
891f2a70d0bffff,10920.9,False
891f2a70d0fffff,10995.6,False
891f2a70d13ffff,11438.5,False
891f2a70d17ffff,11511.1,False
891f2a70d1bffff,11146.4,False
891f2a70d23ffff,11168.9,False
891f2a70d27ffff,11269.1,False
891f2a70d2bffff,10867.0,False
891f2a70d2fffff,10964.2,False
891f2a70d33ffff,11377.9,False
891f2a70d37ffff,11471.8,False
891f2a70d3bffff,11077.8,False
891f2a70d43ffff,10566.8,False
891f2a70d47ffff,10627.9,False
891f2a70d4bffff,10279.6,False
891f2a70d4fffff,10336.4,False
891f2a70d53ffff,10800.9,False
891f2a70d57ffff,10855.8,False
891f2a70d5bffff,10516.3,False
891f2a70d63ffff,10480.6,False
891f2a70d67ffff,10565.8,False
891f2a70d6bffff,10183.8,False
891f2a70d6fffff,10265.6,False
891f2a70d73ffff,10699.4,False
891f2a70d77ffff,10778.6,False
891f2a70d7bffff,10403.9,False
891f2a70d83ffff,11956.6,False
891f2a70d87ffff,12026.8,False
891f2a70d8bffff,11665.4,False
891f2a70d8fffff,11732.0,False
891f2a70d93ffff,12184.7,False
891f2a70d97ffff,12249.2,False
891f2a70d9bffff,11895.6,False
891f2a70da3ffff,11889.9,False
891f2a70da7ffff,11980.8,False
891f2a70dabffff,11590.7,False
891f2a70dafffff,11679.0,False
891f2a70db3ffff,12104.5,False
891f2a70db7ffff,12189.9,False
891f2a70dbbffff,11807.3,False
891f2a70dc3ffff,11322.4,False
891f2a70dc7ffff,11375.6,False
891f2a70dcbffff,11038.4,False
891f2a70dcfffff,11087.4,False
891f2a70dd3ffff,11560.6,False
891f2a70dd7ffff,11608.2,False
891f2a70ddbffff,11279.1,False
891f2a72907ffff,14887.9,False
891f2a7290fffff,14574.0,False
891f2a72923ffff,14757.0,False
891f2a72927ffff,14838.1,False
891f2a7292bffff,14461.0,False
891f2a7292fffff,14539.7,False
891f2a72933ffff,14976.5,False
891f2a72937ffff,15053.7,False
891f2a7293bffff,14681.7,False
891f2a72963ffff,14095.2,False
891f2a72967ffff,14165.4,False
891f2a7296bffff,13803.6,False
891f2a7296fffff,13870.8,False
891f2a72973ffff,14339.1,False
891f2a72977ffff,14387.9,False
891f2a7297bffff,14026.5,False
891f2a729a3ffff,15487.4,False
891f2a729a7ffff,15568.3,False
891f2a729abffff,15162.2,False
891f2a729afffff,15259.0,False
891f2a729b7ffff,15774.8,False
891f2a72b07ffff,12851.2,False
891f2a72b0fffff,12592.5,False
891f2a72b23ffff,12704.3,False
891f2a72b27ffff,12767.0,False
891f2a72b2bffff,12416.0,False
891f2a72b2fffff,12475.1,False
891f2a72b33ffff,12936.6,False
891f2a72b37ffff,12994.0,False
891f2a72b3bffff,12650.4,False
891f2a72b63ffff,12085.4,False
891f2a72b67ffff,12129.2,False
891f2a72b6bffff,11796.6,False
891f2a72b6fffff,11844.0,False
891f2a72b73ffff,12280.2,False
891f2a72b77ffff,12363.1,False
891f2a72b7bffff,11991.0,False
891f2a72ba3ffff,13458.4,False
891f2a72ba7ffff,13513.3,False
891f2a72babffff,13174.6,False
891f2a72bafffff,13224.2,False
891f2a72bb7ffff,13740.1,False
891f2a74003ffff,16089.0,False
891f2a74007ffff,16337.9,False
891f2a7400bffff,15777.2,False
891f2a7400fffff,16027.1,False
891f2a74013ffff,16156.5,False
891f2a74017ffff,16401.1,False
891f2a7401bffff,15843.5,False
891f2a74023ffff,16536.3,False
891f2a74027ffff,16768.4,False
891f2a7402bffff,16227.9,False
891f2a7402fffff,16488.1,False
891f2a74033ffff,16589.9,False
891f2a74037ffff,16833.6,False
891f2a7403bffff,16280.1,False
891f2a74043ffff,15218.3,False
891f2a74047ffff,15465.7,False
891f2a7404bffff,14906.0,False
891f2a7404fffff,15154.5,False
891f2a74053ffff,15287.8,False
891f2a74057ffff,15530.7,False
891f2a7405bffff,14974.3,False
891f2a74063ffff,15661.7,False
891f2a74067ffff,15920.0,False
891f2a7406bffff,15353.0,False
891f2a7406fffff,15612.5,False
891f2a74073ffff,15716.6,False
891f2a74077ffff,15970.7,False
891f2a7407bffff,15406.5,False
891f2a74083ffff,16543.5,False
891f2a74087ffff,16688.9,False
891f2a7408bffff,16229.3,False
891f2a7408fffff,16469.6,False
891f2a74093ffff,16622.7,False
891f2a74097ffff,16796.7,False
891f2a7409bffff,16307.6,False
891f2a740abffff,16649.0,False
891f2a740afffff,16824.5,False
891f2a740bbffff,16633.9,False
891f2a740c3ffff,15677.7,False
891f2a740c7ffff,15915.3,False
891f2a740cbffff,15363.1,False
891f2a740cfffff,15601.4,False
891f2a740d3ffff,15759.6,False
891f2a740d7ffff,15992.6,False
891f2a740dbffff,15444.0,False
891f2a7410bffff,16630.0,False
891f2a74143ffff,16510.1,False
891f2a74147ffff,16520.9,False
891f2a7414bffff,16245.5,False
891f2a7414fffff,16252.7,False
891f2a74153ffff,16769.0,False
891f2a74157ffff,16719.7,False
891f2a7415bffff,16506.2,False
891f2a74163ffff,16282.7,False
891f2a74167ffff,16245.8,False
891f2a7416bffff,16014.8,False
891f2a7416fffff,16039.7,False
891f2a74173ffff,16511.1,False
891f2a74177ffff,16457.1,False
891f2a7417bffff,16266.9,False
891f2a741cbffff,16955.1,False
891f2a74203ffff,13913.1,False
891f2a74207ffff,14169.7,False
891f2a7420bffff,13603.7,False
891f2a7420fffff,13861.6,False
891f2a74213ffff,13971.1,False
891f2a74217ffff,14222.9,False
891f2a7421bffff,13660.1,False
891f2a74223ffff,14387.3,False
891f2a74227ffff,14654.9,False
891f2a7422bffff,14082.4,False
891f2a7422fffff,14351.4,False
891f2a74233ffff,14429.6,False
891f2a74237ffff,14692.8,False
891f2a7423bffff,14122.8,False
891f2a74243ffff,13039.2,False
891f2a74247ffff,13294.7,False
891f2a7424bffff,12729.4,False
891f2a7424fffff,12986.3,False
891f2a74253ffff,13099.0,False
891f2a74257ffff,13349.4,False
891f2a7425bffff,12787.5,False
891f2a74263ffff,13510.9,False
891f2a74267ffff,13778.2,False
891f2a7426bffff,13205.8,False
891f2a7426fffff,13474.5,False
891f2a74273ffff,13553.9,False
891f2a74277ffff,13816.6,False
891f2a7427bffff,13246.8,False
891f2a74283ffff,14348.2,False
891f2a74287ffff,14594.1,False
891f2a7428bffff,14035.4,False
891f2a7428fffff,14282.4,False
891f2a74293ffff,14420.0,False
891f2a74297ffff,14661.1,False
891f2a7429bffff,14106.1,False
891f2a742a3ffff,14787.3,False
891f2a742a7ffff,15044.8,False
891f2a742abffff,14478.2,False
891f2a742afffff,14737.0,False
891f2a742b3ffff,14843.6,False
891f2a742b7ffff,15096.7,False
891f2a742bbffff,14533.1,False
891f2a742c3ffff,13478.9,False
891f2a742c7ffff,13723.0,False
891f2a742cbffff,13165.6,False
891f2a742cfffff,13410.8,False
891f2a742d3ffff,13553.4,False
891f2a742d7ffff,13792.4,False
891f2a742dbffff,13238.9,False
891f2a74303ffff,15199.3,False
891f2a74307ffff,15198.3,False
891f2a7430bffff,14941.4,False
891f2a7430fffff,14936.2,False
891f2a74313ffff,15463.9,False
891f2a74317ffff,15459.5,False
891f2a7431bffff,15207.8,False
891f2a74323ffff,14948.9,False
891f2a74327ffff,14966.8,False
891f2a7432bffff,14680.9,False
891f2a7432fffff,14694.9,False
891f2a74333ffff,15204.8,False
891f2a74337ffff,15218.9,False
891f2a7433bffff,14938.7,False
891f2a74343ffff,14703.0,False
891f2a74347ffff,14685.8,False
891f2a7434bffff,14454.6,False
891f2a7434fffff,14432.7,False
891f2a74353ffff,14925.4,False
891f2a74357ffff,14954.2,False
891f2a7435bffff,14623.2,False
891f2a74363ffff,14412.9,False
891f2a74367ffff,14414.9,False
891f2a7436bffff,14153.4,False
891f2a7436fffff,14151.1,False
891f2a74373ffff,14676.3,False
891f2a74377ffff,14674.7,False
891f2a7437bffff,14418.8,False
891f2a74383ffff,15986.6,False
891f2a74387ffff,15982.8,False
891f2a7438bffff,15730.0,False
891f2a7438fffff,15722.3,False
891f2a74393ffff,16181.3,False
891f2a74397ffff,16245.3,False
891f2a7439bffff,15875.0,False
891f2a743a3ffff,15728.8,False
891f2a743a7ffff,15743.0,False
891f2a743abffff,15462.5,False
891f2a743afffff,15473.0,False
891f2a743b3ffff,15986.3,False
891f2a743b7ffff,15997.0,False
891f2a743bbffff,15721.9,False
891f2a743c3ffff,15263.8,False
891f2a743c7ffff,15475.7,False
891f2a743cbffff,14959.1,False
891f2a743cfffff,15223.9,False
891f2a743d3ffff,15305.4,False
891f2a743d7ffff,15569.1,False
891f2a743dbffff,14998.9,False
891f2a74403ffff,16672.6,False
891f2a74407ffff,16885.3,False
891f2a7440bffff,16354.9,False
891f2a7440fffff,16573.7,False
891f2a74413ffff,16745.0,False
891f2a74417ffff,16913.8,False
891f2a7441bffff,16458.3,False
891f2a74423ffff,16979.7,False
891f2a7442bffff,16707.0,False
891f2a7442fffff,16888.0,False
891f2a74433ffff,17029.1,False
891f2a7443bffff,16796.5,False
891f2a74443ffff,15822.2,False
891f2a74447ffff,16037.3,False
891f2a7444bffff,15504.1,False
891f2a7444fffff,15719.6,False
891f2a74453ffff,15929.9,False
891f2a74457ffff,16140.3,False
891f2a7445bffff,15611.5,False
891f2a74463ffff,16163.3,False
891f2a74467ffff,16391.1,False
891f2a7446bffff,15846.8,False
891f2a7446fffff,16075.3,False
891f2a74473ffff,16256.5,False
891f2a74477ffff,16479.8,False
891f2a7447bffff,15939.4,False
891f2a7448bffff,16750.5,False
891f2a7449bffff,16901.0,False
891f2a744abffff,17039.8,False
891f2a744c3ffff,16361.3,False
891f2a744c7ffff,16566.7,False
891f2a744cbffff,16042.7,False
891f2a744cfffff,16248.3,False
891f2a744d3ffff,16479.2,False
891f2a744d7ffff,16651.6,False
891f2a744dbffff,16160.4,False
891f2a74603ffff,14449.6,False
891f2a74607ffff,14671.6,False
891f2a7460bffff,14132.2,False
891f2a7460fffff,14354.8,False
891f2a74613ffff,14550.2,False
891f2a74617ffff,14767.0,False
891f2a7461bffff,14232.2,False
891f2a74623ffff,14813.2,False
891f2a74627ffff,15048.5,False
891f2a7462bffff,14498.0,False
891f2a7462fffff,14734.2,False
891f2a74633ffff,14897.9,False
891f2a74637ffff,15128.5,False
891f2a7463bffff,14581.8,False
891f2a74643ffff,13596.4,False
891f2a74647ffff,13814.9,False
891f2a7464bffff,13278.6,False
891f2a7464fffff,13497.6,False
891f2a74653ffff,13701.3,False
891f2a74657ffff,13914.3,False
891f2a7465bffff,13383.0,False
891f2a74663ffff,13950.0,False
891f2a74667ffff,14182.9,False
891f2a7466bffff,13634.3,False
891f2a7466fffff,13868.1,False
891f2a74673ffff,14038.1,False
891f2a74677ffff,14265.9,False
891f2a7467bffff,13721.5,False
891f2a74683ffff,14974.7,False
891f2a74687ffff,15186.1,False
891f2a7468bffff,14656.4,False
891f2a7468fffff,14868.1,False
891f2a74693ffff,15086.7,False
891f2a74697ffff,15293.1,False
891f2a7469bffff,14768.1,False
891f2a746a3ffff,15305.4,False
891f2a746a7ffff,15530.4,False
891f2a746abffff,14988.4,False
891f2a746afffff,15214.1,False
891f2a746b3ffff,15402.1,False
891f2a746b7ffff,15622.4,False
891f2a746bbffff,15084.5,False
891f2a746c3ffff,14130.8,False
891f2a746c7ffff,14338.0,False
891f2a746cbffff,13812.1,False
891f2a746cfffff,14019.7,False
891f2a746d3ffff,14247.5,False
891f2a746d7ffff,14449.4,False
891f2a746dbffff,13928.7,False
891f2a74803ffff,15824.0,False
891f2a74807ffff,15857.7,False
891f2a7480bffff,15555.3,False
891f2a7480fffff,15643.7,False
891f2a74813ffff,16015.6,False
891f2a7481bffff,15764.5,False
891f2a7483bffff,15622.0,False
891f2a74843ffff,15164.4,False
891f2a74847ffff,15253.4,False
891f2a7484bffff,14865.6,False
891f2a7484fffff,14952.2,False
891f2a74853ffff,15379.8,False
891f2a74857ffff,15464.1,False
891f2a7485bffff,15082.6,False
891f2a74863ffff,15146.6,False
891f2a74867ffff,15204.2,False
891f2a7486bffff,14841.8,False
891f2a7486fffff,14947.4,False
891f2a74873ffff,15349.3,False
891f2a74877ffff,15422.1,False
891f2a7487bffff,15045.9,False
891f2a7488bffff,16188.2,False
891f2a748c3ffff,15894.6,False
891f2a748c7ffff,15976.7,False
891f2a748cbffff,15598.2,False
891f2a748cfffff,15677.9,False
891f2a748d3ffff,15977.8,False
891f2a748d7ffff,16056.8,False
891f2a748dbffff,15805.2,False
891f2a74a03ffff,13755.3,False
891f2a74a07ffff,13839.3,False
891f2a74a0bffff,13458.3,False
891f2a74a0fffff,13539.6,False
891f2a74a13ffff,13974.3,False
891f2a74a17ffff,14053.2,False
891f2a74a1bffff,13679.2,False
891f2a74a23ffff,13725.7,False
891f2a74a27ffff,13830.3,False
891f2a74a2bffff,13421.9,False
891f2a74a2fffff,13524.3,False
891f2a74a33ffff,13931.0,False
891f2a74a37ffff,14030.3,False
891f2a74a3bffff,13628.8,False
891f2a74a43ffff,13092.3,False
891f2a74a47ffff,13162.4,False
891f2a74a4bffff,12800.6,False
891f2a74a4fffff,12867.5,False
891f2a74a53ffff,13320.2,False
891f2a74a57ffff,13385.1,False
891f2a74a5bffff,13030.6,False
891f2a74a63ffff,13026.7,False
891f2a74a67ffff,13118.7,False
891f2a74a6bffff,12727.0,False
891f2a74a6fffff,12816.3,False
891f2a74a73ffff,13240.8,False
891f2a74a77ffff,13327.3,False
891f2a74a7bffff,12942.9,False
891f2a74a83ffff,14490.9,False
891f2a74a87ffff,14567.6,False
891f2a74a8bffff,14196.5,False
891f2a74a8fffff,14270.5,False
891f2a74a93ffff,14714.3,False
891f2a74a97ffff,14786.3,False
891f2a74a9bffff,14421.7,False
891f2a74aa3ffff,14441.1,False
891f2a74aa7ffff,14537.5,False
891f2a74aabffff,14139.8,False
891f2a74aafffff,14233.9,False
891f2a74ab3ffff,14651.7,False
891f2a74ab7ffff,14743.2,False
891f2a74abbffff,14352.1,False
891f2a74ac3ffff,13840.1,False
891f2a74ac7ffff,13903.2,False
891f2a74acbffff,13551.1,False
891f2a74acfffff,13611.1,False
891f2a74ad3ffff,14071.9,False
891f2a74ad7ffff,14130.3,False
891f2a74adbffff,13785.0,False
891f2a74b0bffff,14139.4,False
891f2a74b13ffff,14658.6,False
891f2a74b1bffff,14342.6,False
891f2a74b43ffff,13751.8,False
891f2a74b47ffff,13876.6,False
891f2a74b4bffff,13442.3,False
891f2a74b4fffff,13565.4,False
891f2a74b53ffff,13942.4,False
891f2a74b57ffff,14061.7,False
891f2a74b5bffff,13634.3,False
891f2a74b63ffff,13833.2,False
891f2a74b67ffff,13884.1,False
891f2a74b6bffff,13519.4,False
891f2a74b6fffff,13662.5,False
891f2a74b73ffff,13986.8,False
891f2a74b77ffff,14025.9,False
891f2a74b7bffff,13695.8,False
891f2a74b8bffff,14772.4,False
891f2a74b9bffff,15017.3,False
891f2a74bc3ffff,14444.2,False
891f2a74bc7ffff,14558.0,False
891f2a74bcbffff,14137.0,False
891f2a74bcfffff,14251.0,False
891f2a74bd3ffff,14641.1,False
891f2a74bd7ffff,14736.3,False
891f2a74bdbffff,14335.4,False
891f2a74e03ffff,15350.0,False
891f2a74e07ffff,15351.7,False
891f2a74e0bffff,15066.0,False
891f2a74e0fffff,15114.1,False
891f2a74e13ffff,15575.8,False
891f2a74e17ffff,15506.4,False
891f2a74e1bffff,15306.1,False
891f2a74e23ffff,15232.5,False
891f2a74e27ffff,15302.6,False
891f2a74e2bffff,14940.6,False
891f2a74e2fffff,15007.9,False
891f2a74e33ffff,15418.2,False
891f2a74e37ffff,15514.6,False
891f2a74e3bffff,15169.6,False
891f2a74e43ffff,14746.1,False
891f2a74e47ffff,14783.4,False
891f2a74e4bffff,14468.5,False
891f2a74e4fffff,14502.2,False
891f2a74e53ffff,14992.3,False
891f2a74e57ffff,15025.4,False
891f2a74e5bffff,14716.6,False
891f2a74e63ffff,14592.9,False
891f2a74e67ffff,14649.8,False
891f2a74e6bffff,14306.5,False
891f2a74e6fffff,14360.3,False
891f2a74e73ffff,14828.2,False
891f2a74e77ffff,14880.7,False
891f2a74e7bffff,14543.7,False
891f2a74e8bffff,15802.9,False
891f2a74e9bffff,16043.6,False
891f2a74ec3ffff,15516.0,False
891f2a74ec7ffff,15548.5,False
891f2a74ecbffff,15240.5,False
891f2a74ecfffff,15269.6,False
891f2a74ed3ffff,15764.4,False
891f2a74ed7ffff,15793.1,False
891f2a74edbffff,15490.8,False
891f2a75003ffff,10014.1,False
891f2a75007ffff,10247.8,False
891f2a7500bffff,9698.3,False
891f2a7500fffff,9933.2,False
891f2a75013ffff,10103.6,False
891f2a75017ffff,10330.1,False
891f2a7501bffff,9786.6,False
891f2a75023ffff,10420.2,False
891f2a75027ffff,10671.5,False
891f2a7502bffff,10108.8,False
891f2a7502fffff,10361.6,False
891f2a75033ffff,10487.3,False
891f2a75037ffff,10732.0,False
891f2a7503bffff,10174.0,False
891f2a75043ffff,9152.9,False
891f2a75047ffff,9382.7,False
891f2a7504bffff,8836.3,False
891f2a7504fffff,9067.3,False
891f2a75053ffff,9247.8,False
891f2a75057ffff,9469.7,False
891f2a7505bffff,8930.1,False
891f2a75063ffff,9548.5,False
891f2a75067ffff,9797.8,False
891f2a7506bffff,9236.4,False
891f2a7506fffff,9487.4,False
891f2a75073ffff,9618.9,False
891f2a75077ffff,9861.0,False
891f2a7507bffff,9304.8,False
891f2a75083ffff,10519.4,False
891f2a75087ffff,10738.0,False
891f2a7508bffff,10201.4,False
891f2a7508fffff,10420.7,False
891f2a75093ffff,10625.8,False
891f2a75097ffff,10837.4,False
891f2a7509bffff,10307.3,False
891f2a750a3ffff,10877.8,False
891f2a750a7ffff,11114.8,False
891f2a750abffff,10562.7,False
891f2a750afffff,10800.9,False
891f2a750b3ffff,10962.7,False
891f2a750b7ffff,11193.1,False
891f2a750bbffff,10646.3,False
891f2a750c3ffff,9670.2,False
891f2a750c7ffff,9883.5,False
891f2a750cbffff,9351.7,False
891f2a750cfffff,9565.6,False
891f2a750d3ffff,9783.1,False
891f2a750d7ffff,9988.7,False
891f2a750dbffff,9464.2,False
891f2a75103ffff,11757.9,False
891f2a75107ffff,12024.5,False
891f2a7510bffff,11452.4,False
891f2a7510fffff,11720.7,False
891f2a75113ffff,11802.8,False
891f2a75117ffff,12064.1,False
891f2a7511bffff,11495.0,False
891f2a75123ffff,12267.8,False
891f2a75127ffff,12546.1,False
891f2a7512bffff,11968.4,False
891f2a7512fffff,12248.5,False
891f2a75133ffff,12294.7,False
891f2a75137ffff,12568.2,False
891f2a7513bffff,11992.6,False
891f2a75143ffff,10881.4,False
891f2a75147ffff,11147.6,False
891f2a7514bffff,10575.7,False
891f2a7514fffff,10843.7,False
891f2a75153ffff,10927.5,False
891f2a75157ffff,11187.9,False
891f2a7515bffff,10619.3,False
891f2a75163ffff,11391.1,False
891f2a75167ffff,11669.9,False
891f2a7516bffff,11091.9,False
891f2a7516fffff,11372.6,False
891f2a75173ffff,11417.7,False
891f2a75177ffff,11691.4,False
891f2a7517bffff,11115.6,False
891f2a75183ffff,12165.7,False
891f2a75187ffff,12420.0,False
891f2a7518bffff,11855.4,False
891f2a7518fffff,12111.1,False
891f2a75193ffff,12227.6,False
891f2a75197ffff,12476.4,False
891f2a7519bffff,11915.6,False
891f2a751a3ffff,12634.4,False
891f2a751a7ffff,12901.4,False
891f2a751abffff,12329.1,False
891f2a751afffff,12597.7,False
891f2a751b3ffff,12678.3,False
891f2a751b7ffff,12940.3,False
891f2a751bbffff,12370.9,False
891f2a751c3ffff,11292.6,False
891f2a751c7ffff,11545.6,False
891f2a751cbffff,10981.8,False
891f2a751cfffff,11236.2,False
891f2a751d3ffff,11356.9,False
891f2a751d7ffff,11603.9,False
891f2a751dbffff,11044.3,False
891f2a75203ffff,7808.6,False
891f2a75207ffff,8052.6,False
891f2a7520bffff,7494.9,False
891f2a7520fffff,7740.8,False
891f2a75213ffff,7887.6,False
891f2a75217ffff,8122.8,False
891f2a7521bffff,7571.9,False
891f2a75223ffff,8252.4,False
891f2a75227ffff,8516.8,False
891f2a7522bffff,7945.6,False
891f2a7522fffff,8212.5,False
891f2a75233ffff,8303.3,False
891f2a75237ffff,8560.0,False
891f2a7523bffff,7993.5,False
891f2a75243ffff,6941.3,False
891f2a75247ffff,7181.6,False
891f2a7524bffff,6626.5,False
891f2a7524fffff,6868.8,False
891f2a75253ffff,7026.2,False
891f2a75257ffff,7256.4,False
891f2a7525bffff,6709.5,False
891f2a75263ffff,7376.3,False
891f2a75267ffff,7639.9,False
891f2a7526bffff,7069.0,False
891f2a7526fffff,7335.3,False
891f2a75273ffff,7429.6,False
891f2a75277ffff,7684.5,False
891f2a7527bffff,7119.0,False
891f2a75283ffff,8295.0,False
891f2a75287ffff,8519.9,False
891f2a7528bffff,7977.6,False
891f2a7528fffff,8203.7,False
891f2a75293ffff,8396.3,False
891f2a75297ffff,8612.5,False
891f2a7529bffff,8078.0,False
891f2a752a3ffff,8677.9,False
891f2a752a7ffff,8924.8,False
891f2a752abffff,8365.0,False
891f2a752afffff,8613.7,False
891f2a752b3ffff,8752.1,False
891f2a752b7ffff,8991.2,False
891f2a752bbffff,8437.3,False
891f2a752c3ffff,7441.4,False
891f2a752c7ffff,7660.3,False
891f2a752cbffff,7123.2,False
891f2a752cfffff,7343.2,False
891f2a752d3ffff,7550.7,False
891f2a752d7ffff,7759.7,False
891f2a752dbffff,7231.8,False
891f2a75303ffff,9637.7,False
891f2a75307ffff,9917.8,False
891f2a7530bffff,9339.1,False
891f2a7530fffff,9621.5,False
891f2a75313ffff,9663.6,False
891f2a75317ffff,9937.6,False
891f2a7531bffff,9361.5,False
891f2a75323ffff,10196.4,False
891f2a75327ffff,10488.5,False
891f2a7532bffff,9906.2,False
891f2a7532fffff,10200.6,False
891f2a75333ffff,10201.4,False
891f2a75337ffff,10488.3,False
891f2a7533bffff,9907.3,False
891f2a75343ffff,8761.1,False
891f2a75347ffff,9041.9,False
891f2a7534bffff,8462.9,False
891f2a7534fffff,8746.2,False
891f2a75353ffff,8786.4,False
891f2a75357ffff,9060.7,False
891f2a7535bffff,8484.4,False
891f2a75363ffff,9324.1,False
891f2a75367ffff,9617.9,False
891f2a7536bffff,9035.2,False
891f2a7536fffff,9331.5,False
891f2a75373ffff,9326.6,False
891f2a75377ffff,9614.8,False
891f2a7537bffff,9033.4,False
891f2a75383ffff,10005.0,False
891f2a75387ffff,10270.7,False
891f2a7538bffff,9699.0,False
891f2a7538fffff,9966.7,False
891f2a75393ffff,10052.4,False
891f2a75397ffff,10311.8,False
891f2a7539bffff,9743.8,False
891f2a753a3ffff,10514.4,False
891f2a753a7ffff,10793.8,False
891f2a753abffff,10215.5,False
891f2a753afffff,10496.9,False
891f2a753b3ffff,10540.7,False
891f2a753b7ffff,10814.5,False
891f2a753bbffff,10238.6,False
891f2a753c3ffff,9128.6,False
891f2a753c7ffff,9393.8,False
891f2a753cbffff,8822.3,False
891f2a753cfffff,9089.6,False
891f2a753d3ffff,9177.6,False
891f2a753d7ffff,9435.8,False
891f2a753dbffff,8868.5,False
891f2a75403ffff,10806.5,False
891f2a75407ffff,10989.8,False
891f2a7540bffff,10487.9,False
891f2a7540fffff,10670.8,False
891f2a75413ffff,10949.0,False
891f2a75417ffff,11125.1,False
891f2a7541bffff,10630.9,False
891f2a75423ffff,11058.8,False
891f2a75427ffff,11263.0,False
891f2a7542bffff,10739.9,False
891f2a7542fffff,10944.4,False
891f2a75433ffff,11180.3,False
891f2a75437ffff,11377.7,False
891f2a7543bffff,10861.3,False
891f2a75443ffff,9994.9,False
891f2a75447ffff,10169.3,False
891f2a7544bffff,9676.9,False
891f2a7544fffff,9850.7,False
891f2a75453ffff,10146.1,False
891f2a75457ffff,10312.8,False
891f2a7545bffff,9829.0,False
891f2a75463ffff,10223.2,False
891f2a75467ffff,10421.0,False
891f2a7546bffff,9904.2,False
891f2a7546fffff,10102.0,False
891f2a75473ffff,10351.9,False
891f2a75477ffff,10542.2,False
891f2a7547bffff,10033.0,False
891f2a75483ffff,11415.4,False
891f2a75487ffff,11585.3,False
891f2a7548bffff,11098.0,False
891f2a7548fffff,11267.1,False
891f2a75493ffff,11569.9,False
891f2a75497ffff,11733.0,False
891f2a7549bffff,11253.2,False
891f2a754a3ffff,11627.6,False
891f2a754a7ffff,11818.3,False
891f2a754abffff,11308.7,False
891f2a754afffff,11499.3,False
891f2a754b3ffff,11762.4,False
891f2a754b7ffff,11946.5,False
891f2a754bbffff,11443.8,False
891f2a754c3ffff,10620.3,False
891f2a754c7ffff,10780.6,False
891f2a754cbffff,10304.1,False
891f2a754cfffff,10463.3,False
891f2a754d3ffff,10783.7,False
891f2a754d7ffff,10936.7,False
891f2a754dbffff,10468.5,False
891f2a75503ffff,12229.4,False
891f2a75507ffff,12456.2,False
891f2a7550bffff,11912.5,False
891f2a7550fffff,12140.2,False
891f2a75513ffff,12325.4,False
891f2a75517ffff,12546.3,False
891f2a7551bffff,12007.8,False
891f2a75523ffff,12610.5,False
891f2a75527ffff,12852.6,False
891f2a7552bffff,12296.7,False
891f2a7552fffff,12539.9,False
891f2a75533ffff,12688.0,False
891f2a75537ffff,12924.6,False
891f2a7553bffff,12373.0,False
891f2a75543ffff,11372.7,False
891f2a75547ffff,11595.8,False
891f2a7554bffff,11055.3,False
891f2a7554fffff,11279.2,False
891f2a75553ffff,11473.6,False
891f2a75557ffff,11690.2,False
891f2a7555bffff,11155.5,False
891f2a75563ffff,11743.4,False
891f2a75567ffff,11983.2,False
891f2a7556bffff,11429.0,False
891f2a7556fffff,11669.9,False
891f2a75573ffff,11824.3,False
891f2a75577ffff,12058.1,False
891f2a7557bffff,11508.7,False
891f2a75583ffff,12746.4,False
891f2a75587ffff,12960.8,False
891f2a7558bffff,12428.2,False
891f2a7558fffff,12643.1,False
891f2a75593ffff,12856.2,False
891f2a75597ffff,13064.7,False
891f2a7559bffff,12537.5,False
891f2a755a3ffff,13088.6,False
891f2a755a7ffff,13318.7,False
891f2a755abffff,12772.4,False
891f2a755afffff,13003.3,False
891f2a755b3ffff,13180.4,False
891f2a755b7ffff,13405.0,False
891f2a755bbffff,12863.3,False
891f2a755c3ffff,11900.3,False
891f2a755c7ffff,12110.0,False
891f2a755cbffff,11581.6,False
891f2a755cfffff,11791.8,False
891f2a755d3ffff,12015.5,False
891f2a755d7ffff,12218.9,False
891f2a755dbffff,11696.6,False
891f2a75603ffff,8576.7,False
891f2a75607ffff,8757.2,False
891f2a7560bffff,8258.2,False
891f2a7560fffff,8438.3,False
891f2a75613ffff,8723.5,False
891f2a75617ffff,8895.2,False
891f2a7561bffff,8405.9,False
891f2a75623ffff,8826.3,False
891f2a75627ffff,9033.2,False
891f2a7562bffff,8507.4,False
891f2a7562fffff,8714.7,False
891f2a75633ffff,8946.9,False
891f2a75637ffff,9145.3,False
891f2a7563bffff,8627.8,False
891f2a75643ffff,7771.0,False
891f2a75647ffff,7939.8,False
891f2a7564bffff,7453.7,False
891f2a7564fffff,7621.5,False
891f2a75653ffff,7929.4,False
891f2a75657ffff,8088.4,False
891f2a7565bffff,7613.5,False
891f2a75663ffff,7989.6,False
891f2a75667ffff,8188.5,False
891f2a7566bffff,7670.5,False
891f2a7566fffff,7869.6,False
891f2a75673ffff,8119.3,False
891f2a75677ffff,8308.7,False
891f2a7567bffff,7800.4,False
891f2a75683ffff,9195.1,False
891f2a75687ffff,9359.1,False
891f2a7568bffff,8878.4,False
891f2a7568fffff,9041.3,False
891f2a75693ffff,9356.4,False
891f2a75697ffff,9512.0,False
891f2a7569bffff,9040.9,False
891f2a756a3ffff,9395.1,False
891f2a756a7ffff,9585.1,False
891f2a756abffff,9076.2,False
891f2a756afffff,9266.0,False
891f2a756b3ffff,9532.2,False
891f2a756b7ffff,9714.1,False
891f2a756bbffff,9213.7,False
891f2a756c3ffff,8410.8,False
891f2a756c7ffff,8561.9,False
891f2a756cbffff,8096.1,False
891f2a756cfffff,8245.5,False
891f2a756d3ffff,8583.6,False
891f2a756d7ffff,8725.7,False
891f2a756dbffff,8270.8,False
891f2a75803ffff,11539.8,False
891f2a75807ffff,11533.1,False
891f2a7580bffff,11286.0,False
891f2a7580fffff,11273.6,False
891f2a75813ffff,11807.7,False
891f2a75817ffff,11796.7,False
891f2a7581bffff,11556.4,False
891f2a75823ffff,11279.5,False
891f2a75827ffff,11297.7,False
891f2a7582bffff,11012.1,False
891f2a7582fffff,11025.1,False
891f2a75833ffff,11536.3,False
891f2a75837ffff,11549.5,False
891f2a7583bffff,11271.5,False
891f2a75843ffff,11064.1,False
891f2a75847ffff,11035.5,False
891f2a7584bffff,10823.7,False
891f2a7584fffff,10788.7,False
891f2a75853ffff,11341.0,False
891f2a75857ffff,11308.4,False
891f2a7585bffff,11102.9,False
891f2a75863ffff,10750.6,False
891f2a75867ffff,10747.5,False
891f2a7586bffff,10495.0,False
891f2a7586fffff,10486.0,False
891f2a75873ffff,11017.3,False
891f2a75877ffff,11009.5,False
891f2a7587bffff,10764.4,False
891f2a75883ffff,12329.7,False
891f2a75887ffff,12319.9,False
891f2a7588bffff,12077.5,False
891f2a7588fffff,12062.3,False
891f2a75893ffff,12598.8,False
891f2a75897ffff,12585.0,False
891f2a7589bffff,12348.8,False
891f2a758a3ffff,12060.5,False
891f2a758a7ffff,12073.8,False
891f2a758abffff,11795.4,False
891f2a758afffff,11803.8,False
891f2a758b3ffff,12319.3,False
891f2a758b7ffff,12328.1,False
891f2a758bbffff,12056.6,False
891f2a758c3ffff,11858.8,False
891f2a758c7ffff,11828.5,False
891f2a758cbffff,11619.2,False
891f2a758cfffff,11582.9,False
891f2a758d3ffff,12136.2,False
891f2a758d7ffff,12102.1,False
891f2a758dbffff,11898.8,False
891f2a75903ffff,11700.6,False
891f2a75907ffff,11762.5,False
891f2a7590bffff,11412.6,False
891f2a7590fffff,11470.6,False
891f2a75913ffff,11934.0,False
891f2a75917ffff,11990.3,False
891f2a7591bffff,11648.3,False
891f2a75923ffff,11615.6,False
891f2a75927ffff,11702.1,False
891f2a7592bffff,11318.0,False
891f2a7592fffff,11401.3,False
891f2a75933ffff,11833.8,False
891f2a75937ffff,11914.3,False
891f2a7593bffff,11538.4,False
891f2a75943ffff,11082.2,False
891f2a75947ffff,11126.2,False
891f2a7594bffff,10802.2,False
891f2a7594fffff,10841.6,False
891f2a75953ffff,11326.0,False
891f2a75957ffff,11364.3,False
891f2a7595bffff,11048.5,False
891f2a75963ffff,10951.4,False
891f2a75967ffff,11021.5,False
891f2a7596bffff,10660.1,False
891f2a7596fffff,10726.4,False
891f2a75973ffff,11180.2,False
891f2a75977ffff,11244.2,False
891f2a7597bffff,10891.4,False
891f2a75983ffff,12455.6,False
891f2a75987ffff,12510.3,False
891f2a7598bffff,12170.5,False
891f2a7598fffff,12221.4,False
891f2a75993ffff,12692.9,False
891f2a75997ffff,12742.4,False
891f2a7599bffff,12410.0,False
891f2a759a3ffff,12350.4,False
891f2a759a7ffff,12428.2,False
891f2a759abffff,12055.8,False
891f2a759afffff,12130.5,False
891f2a759b3ffff,12573.8,False
891f2a759b7ffff,12646.1,False
891f2a759bbffff,12281.4,False
891f2a759c3ffff,11849.7,False
891f2a759c7ffff,11887.1,False
891f2a759cbffff,11572.6,False
891f2a759cfffff,11605.6,False
891f2a759d3ffff,12096.7,False
891f2a759d7ffff,12128.9,False
891f2a759dbffff,11821.9,False
891f2a75a03ffff,9843.2,False
891f2a75a07ffff,9791.2,False
891f2a75a0bffff,9618.7,False
891f2a75a0fffff,9559.1,False
891f2a75a13ffff,10128.5,False
891f2a75a17ffff,10072.7,False
891f2a75a1bffff,9906.4,False
891f2a75a23ffff,9475.1,False
891f2a75a27ffff,9451.1,False
891f2a75a2bffff,9232.6,False
891f2a75a2fffff,9201.3,False
891f2a75a33ffff,9750.8,False
891f2a75a37ffff,9722.0,False
891f2a75a3bffff,9511.1,False
891f2a75a43ffff,9479.0,False
891f2a75a47ffff,9399.7,False
891f2a75a4bffff,9274.4,False
891f2a75a4fffff,9186.6,False
891f2a75a53ffff,9772.2,False
891f2a75a57ffff,9689.8,False
891f2a75a5bffff,9569.7,False
891f2a75a63ffff,9046.6,False
891f2a75a67ffff,8995.0,False
891f2a75a6bffff,8822.5,False
891f2a75a6fffff,8762.5,False
891f2a75a73ffff,9332.1,False
891f2a75a77ffff,9276.3,False
891f2a75a7bffff,9110.6,False
891f2a75a83ffff,10639.6,False
891f2a75a87ffff,10587.4,False
891f2a75a8bffff,10414.9,False
891f2a75a8fffff,10355.6,False
891f2a75a93ffff,10924.8,False
891f2a75a97ffff,10869.1,False
891f2a75a9bffff,10702.3,False
891f2a75aa3ffff,10269.5,False
891f2a75aa7ffff,10243.0,False
891f2a75aabffff,10028.1,False
891f2a75aafffff,9994.8,False
891f2a75ab3ffff,10545.8,False
891f2a75ab7ffff,10515.0,False
891f2a75abbffff,10307.0,False
891f2a75ac3ffff,10272.6,False
891f2a75ac7ffff,10195.1,False
891f2a75acbffff,10066.0,False
891f2a75acfffff,9980.8,False
891f2a75ad3ffff,10565.1,False
891f2a75ad7ffff,10484.8,False
891f2a75adbffff,10360.5,False
891f2a75b03ffff,9724.7,False
891f2a75b07ffff,9754.8,False
891f2a75b0bffff,9451.7,False
891f2a75b0fffff,9476.2,False
891f2a75b13ffff,9976.2,False
891f2a75b17ffff,10000.3,False
891f2a75b1bffff,9706.3,False
891f2a75b23ffff,9561.1,False
891f2a75b27ffff,9621.2,False
891f2a75b2bffff,9274.4,False
891f2a75b2fffff,9329.7,False
891f2a75b33ffff,9796.6,False
891f2a75b37ffff,9849.9,False
891f2a75b3bffff,9512.7,False
891f2a75b43ffff,9175.8,False
891f2a75b47ffff,9181.8,False
891f2a75b4bffff,8915.8,False
891f2a75b4fffff,8915.1,False
891f2a75b53ffff,9439.1,False
891f2a75b57ffff,9439.4,False
891f2a75b5bffff,9182.3,False
891f2a75b63ffff,8952.1,False
891f2a75b67ffff,8989.8,False
891f2a75b6bffff,8675.9,False
891f2a75b6fffff,8707.6,False
891f2a75b73ffff,9200.3,False
891f2a75b77ffff,9231.2,False
891f2a75b7bffff,8927.2,False
891f2a75b83ffff,10500.7,False
891f2a75b87ffff,10524.4,False
891f2a75b8bffff,10230.7,False
891f2a75b8fffff,10249.0,False
891f2a75b93ffff,10755.1,False
891f2a75b97ffff,10773.4,False
891f2a75b9bffff,10487.9,False
891f2a75ba3ffff,10319.0,False
891f2a75ba7ffff,10370.4,False
891f2a75babffff,10035.8,False
891f2a75bafffff,10082.6,False
891f2a75bb3ffff,10559.0,False
891f2a75bb7ffff,10604.3,False
891f2a75bbbffff,10278.5,False
891f2a75bc3ffff,9962.5,False
891f2a75bc7ffff,9963.6,False
891f2a75bcbffff,9704.9,False
891f2a75bcfffff,9699.7,False
891f2a75bd3ffff,10227.7,False
891f2a75bd7ffff,10223.6,False
891f2a75bdbffff,9972.9,False
891f2a75c03ffff,13448.6,False
891f2a75c07ffff,13415.2,False
891f2a75c0bffff,13210.3,False
891f2a75c0fffff,13171.7,False
891f2a75c13ffff,13703.0,False
891f2a75c17ffff,13690.1,False
891f2a75c1bffff,13406.7,False
891f2a75c23ffff,13120.3,False
891f2a75c27ffff,13107.7,False
891f2a75c2bffff,12869.5,False
891f2a75c2fffff,12851.8,False
891f2a75c33ffff,13390.4,False
891f2a75c37ffff,13374.1,False
891f2a75c3bffff,13141.7,False
891f2a75c43ffff,12817.1,False
891f2a75c47ffff,12975.5,False
891f2a75c4bffff,12524.1,False
891f2a75c4fffff,12744.4,False
891f2a75c53ffff,12827.4,False
891f2a75c57ffff,13111.3,False
891f2a75c5bffff,12531.4,False
891f2a75c63ffff,12653.7,False
891f2a75c67ffff,12621.7,False
891f2a75c6bffff,12414.8,False
891f2a75c6fffff,12377.2,False
891f2a75c73ffff,12931.4,False
891f2a75c77ffff,12896.0,False
891f2a75c7bffff,12694.6,False
891f2a75c83ffff,14021.2,False
891f2a75c87ffff,14208.9,False
891f2a75c8bffff,13721.4,False
891f2a75c8fffff,13966.2,False
891f2a75c93ffff,14048.5,False
891f2a75c97ffff,14321.8,False
891f2a75c9bffff,13746.4,False
891f2a75ca3ffff,13911.5,False
891f2a75ca7ffff,13896.4,False
891f2a75cabffff,13661.9,False
891f2a75cafffff,13642.0,False
891f2a75cb3ffff,14182.4,False
891f2a75cb7ffff,14163.8,False
891f2a75cbbffff,13934.8,False
891f2a75cc3ffff,13144.5,False
891f2a75cc7ffff,13422.4,False
891f2a75ccbffff,12844.9,False
891f2a75ccfffff,13124.4,False
891f2a75cd3ffff,13171.6,False
891f2a75cd7ffff,13445.0,False
891f2a75cdbffff,12869.5,False
891f2a75d03ffff,13394.5,False
891f2a75d07ffff,13421.0,False
891f2a75d0bffff,13122.4,False
891f2a75d0fffff,13144.7,False
891f2a75d13ffff,13646.6,False
891f2a75d17ffff,13668.7,False
891f2a75d1bffff,13376.6,False
891f2a75d23ffff,13215.4,False
891f2a75d27ffff,13263.6,False
891f2a75d2bffff,12933.0,False
891f2a75d2fffff,12977.5,False
891f2a75d33ffff,13456.0,False
891f2a75d37ffff,13499.4,False
891f2a75d3bffff,13175.8,False
891f2a75d43ffff,12843.2,False
891f2a75d47ffff,12852.4,False
891f2a75d4bffff,12580.2,False
891f2a75d4fffff,12584.6,False
891f2a75d53ffff,13103.9,False
891f2a75d57ffff,13108.7,False
891f2a75d5bffff,12843.1,False
891f2a75d63ffff,12620.7,False
891f2a75d67ffff,12652.3,False
891f2a75d6bffff,12346.2,False
891f2a75d6fffff,12373.5,False
891f2a75d73ffff,12870.4,False
891f2a75d77ffff,12897.3,False
891f2a75d7bffff,12598.1,False
891f2a75d83ffff,14170.7,False
891f2a75d87ffff,14192.7,False
891f2a75d8bffff,13900.7,False
891f2a75d8fffff,13918.7,False
891f2a75d93ffff,14424.8,False
891f2a75d97ffff,14442.7,False
891f2a75d9bffff,14156.9,False
891f2a75da3ffff,13979.1,False
891f2a75da7ffff,14021.5,False
891f2a75dabffff,13699.2,False
891f2a75dafffff,13738.0,False
891f2a75db3ffff,14222.7,False
891f2a75db7ffff,14260.6,False
891f2a75dbbffff,13944.8,False
891f2a75dc3ffff,13627.5,False
891f2a75dc7ffff,13632.8,False
891f2a75dcbffff,13366.3,False
891f2a75dcfffff,13367.1,False
891f2a75dd3ffff,13889.6,False
891f2a75dd7ffff,13891.0,False
891f2a75ddbffff,13630.5,False
891f2a75e03ffff,11663.7,False
891f2a75e07ffff,11786.1,False
891f2a75e0bffff,11380.3,False
891f2a75e0fffff,11569.8,False
891f2a75e13ffff,11653.3,False
891f2a75e17ffff,11949.0,False
891f2a75e1bffff,11366.1,False
891f2a75e23ffff,11435.9,False
891f2a75e27ffff,11383.5,False
891f2a75e2bffff,11210.9,False
891f2a75e2fffff,11151.9,False
891f2a75e33ffff,11721.0,False
891f2a75e37ffff,11665.3,False
891f2a75e3bffff,11498.1,False
891f2a75e43ffff,10797.1,False
891f2a75e47ffff,11098.8,False
891f2a75e4bffff,10515.5,False
891f2a75e4fffff,10819.4,False
891f2a75e53ffff,10783.3,False
891f2a75e57ffff,11080.7,False
891f2a75e5bffff,10497.6,False
891f2a75e63ffff,11066.5,False
891f2a75e67ffff,10990.6,False
891f2a75e6bffff,10858.3,False
891f2a75e6fffff,10775.2,False
891f2a75e73ffff,11358.4,False
891f2a75e77ffff,11279.8,False
891f2a75e7bffff,11125.3,False
891f2a75e83ffff,11943.1,False
891f2a75e87ffff,12232.4,False
891f2a75e8bffff,11650.9,False
891f2a75e8fffff,11942.1,False
891f2a75e93ffff,11951.9,False
891f2a75e97ffff,12236.7,False
891f2a75e9bffff,11656.4,False
891f2a75ea3ffff,12232.1,False
891f2a75ea7ffff,12179.5,False
891f2a75eabffff,12007.0,False
891f2a75eafffff,11948.2,False
891f2a75eb3ffff,12517.1,False
891f2a75eb7ffff,12461.4,False
891f2a75ebbffff,12235.8,False
891f2a75ec3ffff,11069.5,False
891f2a75ec7ffff,11360.1,False
891f2a75ecbffff,10778.2,False
891f2a75ecfffff,11070.9,False
891f2a75ed3ffff,11076.5,False
891f2a75ed7ffff,11362.3,False
891f2a75edbffff,10781.7,False
891f2a76243ffff,16678.6,False
891f2a76247ffff,16754.7,False
891f2a7624bffff,16360.2,False
891f2a7624fffff,16542.2,False
891f2a76253ffff,16778.9,False
891f2a76257ffff,16851.6,False
891f2a7625bffff,16501.3,False
891f2a76263ffff,16882.4,False
891f2a76267ffff,16977.7,False
891f2a7626bffff,16601.8,False
891f2a7626fffff,16797.9,False
891f2a76273ffff,16893.1,False
891f2a7627bffff,16726.9,False
891f2a762cbffff,16869.8,False
891f2a762dbffff,17034.0,False
891f2a76643ffff,17750.7,False
891f2a76647ffff,17848.9,False
891f2a7664bffff,17435.9,False
891f2a7664fffff,17571.4,False
891f2a76653ffff,17919.3,False
891f2a76657ffff,18013.8,False
891f2a7665bffff,17605.3,False
891f2a766c3ffff,18373.8,False
891f2a766cbffff,18091.4,False
891f2a766cfffff,18194.8,False
891f2a766d3ffff,18556.9,False
891f2a766dbffff,18267.0,False
891f2a77003ffff,14122.9,False
891f2a77007ffff,14268.0,False
891f2a7700bffff,13809.1,False
891f2a7700fffff,13953.0,False
891f2a77013ffff,14297.2,False
891f2a77017ffff,14436.9,False
891f2a7701bffff,13984.5,False
891f2a77023ffff,14260.6,False
891f2a77027ffff,14423.8,False
891f2a7702bffff,13943.9,False
891f2a7702fffff,14106.4,False
891f2a77033ffff,14419.5,False
891f2a77037ffff,14577.3,False
891f2a7703bffff,14103.6,False
891f2a77043ffff,13359.9,False
891f2a77047ffff,13495.6,False
891f2a7704bffff,13048.1,False
891f2a7704fffff,13182.3,False
891f2a77053ffff,13542.1,False
891f2a77057ffff,13672.1,False
891f2a7705bffff,13231.6,False
891f2a77063ffff,13472.1,False
891f2a77067ffff,13627.3,False
891f2a7706bffff,13156.6,False
891f2a7706fffff,13310.8,False
891f2a77073ffff,13638.3,False
891f2a77077ffff,13787.8,False
891f2a7707bffff,13323.7,False
891f2a77083ffff,14787.7,False
891f2a77087ffff,14923.4,False
891f2a7708bffff,14475.9,False
891f2a7708fffff,14610.2,False
891f2a77093ffff,14969.3,False
891f2a77097ffff,15099.9,False
891f2a7709bffff,14658.6,False
891f2a770a3ffff,14898.3,False
891f2a770a7ffff,15051.7,False
891f2a770abffff,14583.0,False
891f2a770afffff,14735.6,False
891f2a770b3ffff,15065.4,False
891f2a770b7ffff,15213.7,False
891f2a770bbffff,14751.1,False
891f2a770c3ffff,14038.3,False
891f2a770c7ffff,14164.3,False
891f2a770cbffff,13728.6,False
891f2a770cfffff,13853.0,False
891f2a770d3ffff,14227.6,False
891f2a770d7ffff,14348.3,False
891f2a770dbffff,13919.3,False
891f2a77103ffff,15267.6,False
891f2a77107ffff,15453.9,False
891f2a7710bffff,14948.9,False
891f2a7710fffff,15135.1,False
891f2a77113ffff,15405.0,False
891f2a77117ffff,15586.2,False
891f2a7711bffff,15086.6,False
891f2a77123ffff,15522.8,False
891f2a77127ffff,15724.0,False
891f2a7712bffff,15204.0,False
891f2a7712fffff,15405.4,False
891f2a77133ffff,15645.3,False
891f2a77137ffff,15841.6,False
891f2a7713bffff,15326.4,False
891f2a77143ffff,14449.8,False
891f2a77147ffff,14630.3,False
891f2a7714bffff,14131.5,False
891f2a7714fffff,14311.6,False
891f2a77153ffff,14593.1,False
891f2a77157ffff,14768.2,False
891f2a7715bffff,14275.2,False
891f2a77163ffff,14688.7,False
891f2a77167ffff,14885.2,False
891f2a7716bffff,14369.8,False
891f2a7716fffff,14566.4,False
891f2a77173ffff,14816.2,False
891f2a77177ffff,15007.6,False
891f2a7717bffff,14497.4,False
891f2a77183ffff,15865.2,False
891f2a77187ffff,16041.8,False
891f2a7718bffff,15547.1,False
891f2a7718fffff,15723.4,False
891f2a77193ffff,16011.5,False
891f2a77197ffff,16183.2,False
891f2a7719bffff,15693.9,False
891f2a771a3ffff,16091.5,False
891f2a771a7ffff,16282.9,False
891f2a771abffff,15772.7,False
891f2a771afffff,15964.1,False
891f2a771b3ffff,16223.5,False
891f2a771b7ffff,16410.2,False
891f2a771bbffff,15904.9,False
891f2a771c3ffff,15058.8,False
891f2a771c7ffff,15229.1,False
891f2a771cbffff,14741.3,False
891f2a771cfffff,14911.1,False
891f2a771d3ffff,15211.1,False
891f2a771d7ffff,15376.3,False
891f2a771dbffff,14894.2,False
891f2a77203ffff,11931.9,False
891f2a77207ffff,12067.5,False
891f2a7720bffff,11620.2,False
891f2a7720fffff,11754.1,False
891f2a77213ffff,12114.8,False
891f2a77217ffff,12244.0,False
891f2a7721bffff,11804.5,False
891f2a77223ffff,12046.1,False
891f2a77227ffff,12203.5,False
891f2a7722bffff,11730.2,False
891f2a7722fffff,11886.6,False
891f2a77233ffff,12211.0,False
891f2a77237ffff,12362.1,False
891f2a7723bffff,11896.2,False
891f2a77243ffff,11185.3,False
891f2a77247ffff,11308.8,False
891f2a7724bffff,10876.5,False
891f2a7724fffff,10997.9,False
891f2a77253ffff,11377.8,False
891f2a77257ffff,11494.7,False
891f2a7725bffff,11070.8,False
891f2a77263ffff,11267.2,False
891f2a77267ffff,11414.5,False
891f2a7726bffff,10953.0,False
891f2a7726fffff,11099.0,False
891f2a77273ffff,11441.0,False
891f2a77277ffff,11581.5,False
891f2a7727bffff,11128.2,False
891f2a77283ffff,12611.7,False
891f2a77287ffff,12736.6,False
891f2a7728bffff,12302.5,False
891f2a7728fffff,12425.5,False
891f2a77293ffff,12802.5,False
891f2a77297ffff,12921.4,False
891f2a7729bffff,12494.8,False
891f2a772a3ffff,12695.1,False
891f2a772a7ffff,12841.2,False
891f2a772abffff,12381.2,False
891f2a772afffff,12526.0,False
891f2a772b3ffff,12869.2,False
891f2a772b7ffff,13009.3,False
891f2a772bbffff,12556.5,False
891f2a772c3ffff,11880.8,False
891f2a772c7ffff,11993.7,False
891f2a772cbffff,11574.7,False
891f2a772cfffff,11685.5,False
891f2a772d3ffff,12080.0,False
891f2a772d7ffff,12187.6,False
891f2a772dbffff,11775.5,False
891f2a77303ffff,13037.0,False
891f2a77307ffff,13222.0,False
891f2a7730bffff,12718.3,False
891f2a7730fffff,12903.2,False
891f2a77313ffff,13176.5,False
891f2a77317ffff,13355.6,False
891f2a7731bffff,12858.2,False
891f2a77323ffff,13291.0,False
891f2a77327ffff,13493.5,False
891f2a7732bffff,12972.1,False
891f2a7732fffff,13174.8,False
891f2a77333ffff,13413.1,False
891f2a77337ffff,13609.8,False
891f2a7733bffff,13094.1,False
891f2a77343ffff,12221.7,False
891f2a77347ffff,12399.7,False
891f2a7734bffff,11903.5,False
891f2a7734fffff,12081.0,False
891f2a77353ffff,12368.2,False
891f2a77357ffff,12539.9,False
891f2a7735bffff,12050.6,False
891f2a77363ffff,12456.2,False
891f2a77367ffff,12653.2,False
891f2a7736bffff,12137.3,False
891f2a7736fffff,12334.4,False
891f2a77373ffff,12584.3,False
891f2a77377ffff,12775.2,False
891f2a7737bffff,12265.4,False
891f2a77383ffff,13639.4,False
891f2a77387ffff,13813.1,False
891f2a7738bffff,13321.5,False
891f2a7738fffff,13494.8,False
891f2a77393ffff,13789.1,False
891f2a77397ffff,13957.2,False
891f2a7739bffff,13471.9,False
891f2a773a3ffff,13859.7,False
891f2a773a7ffff,14050.9,False
891f2a773abffff,13540.9,False
891f2a773afffff,13732.0,False
891f2a773b3ffff,13993.0,False
891f2a773b7ffff,14178.6,False
891f2a773bbffff,13674.3,False
891f2a773c3ffff,12837.5,False
891f2a773c7ffff,13003.7,False
891f2a773cbffff,12520.5,False
891f2a773cfffff,12685.9,False
891f2a773d3ffff,12994.5,False
891f2a773d7ffff,13154.6,False
891f2a773dbffff,12678.2,False
891f2a77403ffff,15427.6,False
891f2a77407ffff,15537.2,False
891f2a7740bffff,15122.2,False
891f2a7740fffff,15230.3,False
891f2a77413ffff,15628.1,False
891f2a77417ffff,15733.5,False
891f2a7741bffff,15324.1,False
891f2a77423ffff,15464.8,False
891f2a77427ffff,15591.7,False
891f2a7742bffff,15154.9,False
891f2a7742fffff,15280.4,False
891f2a77433ffff,15652.9,False
891f2a77437ffff,15775.0,False
891f2a7743bffff,15344.2,False
891f2a77443ffff,14717.9,False
891f2a77447ffff,14817.4,False
891f2a7744bffff,14415.9,False
891f2a7744fffff,14513.1,False
891f2a77453ffff,14926.1,False
891f2a77457ffff,15020.7,False
891f2a7745bffff,14625.5,False
891f2a77463ffff,14728.2,False
891f2a77467ffff,14845.4,False
891f2a7746bffff,14420.8,False
891f2a7746fffff,14536.3,False
891f2a77473ffff,14923.6,False
891f2a77477ffff,15036.0,False
891f2a7747bffff,14617.5,False
891f2a77483ffff,16135.1,False
891f2a77487ffff,16237.8,False
891f2a7748bffff,15831.9,False
891f2a7748fffff,15932.7,False
891f2a77493ffff,16340.6,False
891f2a77497ffff,16438.8,False
891f2a7749bffff,16038.9,False
891f2a774a3ffff,16152.5,False
891f2a774a7ffff,16271.4,False
891f2a774abffff,15844.6,False
891f2a774afffff,15962.0,False
891f2a774b3ffff,16346.5,False
891f2a774b7ffff,16460.7,False
891f2a774bbffff,16039.8,False
891f2a774c3ffff,15437.1,False
891f2a774c7ffff,15529.3,False
891f2a774cbffff,15137.2,False
891f2a774cfffff,15227.4,False
891f2a774d3ffff,15649.7,False
891f2a774d7ffff,15737.7,False
891f2a774dbffff,15351.3,False
891f2a77503ffff,16324.5,False
891f2a77507ffff,16476.4,False
891f2a7750bffff,16009.5,False
891f2a7750fffff,16160.6,False
891f2a77513ffff,16492.4,False
891f2a77517ffff,16639.6,False
891f2a7751bffff,16178.3,False
891f2a77523ffff,16479.4,False
891f2a77527ffff,16646.8,False
891f2a7752bffff,16162.2,False
891f2a7752fffff,16329.1,False
891f2a77533ffff,16633.8,False
891f2a77537ffff,16796.6,False
891f2a7753bffff,16317.2,False
891f2a77543ffff,15550.4,False
891f2a77547ffff,15694.7,False
891f2a7754bffff,15236.8,False
891f2a7754fffff,15380.0,False
891f2a77553ffff,15724.9,False
891f2a77557ffff,15864.3,False
891f2a7755bffff,15412.3,False
891f2a77563ffff,15684.3,False
891f2a77567ffff,15845.1,False
891f2a7756bffff,15368.0,False
891f2a7756fffff,15528.1,False
891f2a77573ffff,15844.8,False
891f2a77577ffff,16000.7,False
891f2a7757bffff,15529.2,False
891f2a77583ffff,16977.7,False
891f2a77587ffff,17121.3,False
891f2a7758bffff,16664.2,False
891f2a7758fffff,16806.8,False
891f2a77593ffff,17152.4,False
891f2a77597ffff,17291.4,False
891f2a7759bffff,16839.8,False
891f2a775a3ffff,17108.4,False
891f2a775a7ffff,17187.7,False
891f2a775abffff,16792.4,False
891f2a775afffff,16950.5,False
891f2a775b3ffff,17270.3,False
891f2a775b7ffff,17387.2,False
891f2a775bbffff,16954.9,False
891f2a775c3ffff,16215.2,False
891f2a775c7ffff,16350.9,False
891f2a775cbffff,15903.3,False
891f2a775cfffff,16037.8,False
891f2a775d3ffff,16396.4,False
891f2a775d7ffff,16527.4,False
891f2a775dbffff,16085.5,False
891f2a77603ffff,13302.7,False
891f2a77607ffff,13398.2,False
891f2a7760bffff,13001.9,False
891f2a7760fffff,13095.0,False
891f2a77613ffff,13513.7,False
891f2a77617ffff,13604.2,False
891f2a7761bffff,13214.6,False
891f2a77623ffff,13304.3,False
891f2a77627ffff,13419.5,False
891f2a7762bffff,12997.4,False
891f2a7762fffff,13110.7,False
891f2a77633ffff,13501.4,False
891f2a77637ffff,13611.5,False
891f2a7763bffff,13195.9,False
891f2a77643ffff,12619.0,False
891f2a77647ffff,12701.9,False
891f2a7764bffff,12322.8,False
891f2a7764fffff,12402.7,False
891f2a77653ffff,12838.2,False
891f2a77657ffff,12916.3,False
891f2a7765bffff,12543.1,False
891f2a77663ffff,12586.9,False
891f2a77667ffff,12691.1,False
891f2a7766bffff,12283.4,False
891f2a7766fffff,12385.3,False
891f2a77673ffff,12792.5,False
891f2a77677ffff,12891.0,False
891f2a7767bffff,12490.9,False
891f2a77683ffff,14026.4,False
891f2a77687ffff,14114.4,False
891f2a7768bffff,13728.0,False
891f2a7768fffff,13813.7,False
891f2a77693ffff,14242.2,False
891f2a77697ffff,14325.5,False
891f2a7769bffff,13945.7,False
891f2a776a3ffff,14006.6,False
891f2a776a7ffff,14113.9,False
891f2a776abffff,13702.1,False
891f2a776afffff,13807.4,False
891f2a776b3ffff,14209.5,False
891f2a776b7ffff,14311.8,False
891f2a776bbffff,13906.5,False
891f2a776c3ffff,13354.3,False
891f2a776c7ffff,13430.7,False
891f2a776cbffff,13060.0,False
891f2a776cfffff,13134.3,False
891f2a776d3ffff,13577.4,False
891f2a776d7ffff,13649.6,False
891f2a776dbffff,13285.1,False
