hex_id,distance_m,intersects
891f0c91643ffff,175.3,False
891f0c9164bffff,143.7,False
891f0c91653ffff,89.6,True
891f0c9165bffff,15.8,True
891f0c916c3ffff,53.9,True
891f0c916cbffff,14.8,True
891f0c916cfffff,116.1,False
891f0c916d3ffff,22.6,True
891f0c916d7ffff,92.0,True
891f0c916dbffff,97.7,True
891f0c932c3ffff,118.7,True
891f0c932c7ffff,327.5,False
891f0c932cbffff,150.0,False
891f0c932d3ffff,182.6,False
891f0c932d7ffff,262.5,False
891f0c932dbffff,0.4,True
891f0c93603ffff,0.0,True
891f0c9360bffff,0.0,True
891f0c9360fffff,57.2,True
891f0c93613ffff,0.0,True
891f0c93617ffff,67.6,False
891f0c9361bffff,0.0,True
891f0c9362bffff,99.7,False
891f0c9363bffff,158.6,False
891f0c93643ffff,133.0,True
891f0c93647ffff,66.3,True
891f0c9364bffff,169.9,False
891f0c9364fffff,149.8,True
891f0c93653ffff,198.1,False
891f0c93657ffff,125.9,True
891f0c9365bffff,0.0,True
891f0c93663ffff,0.5,True
891f0c93667ffff,33.7,True
891f0c9366bffff,156.1,True
891f0c9366fffff,5.1,True
891f0c93673ffff,0.0,True
891f0c93677ffff,2.8,True
891f0c9367bffff,150.5,True
891f0c9368bffff,146.4,False
891f0c9368fffff,73.2,False
891f0c9369bffff,243.9,False
891f0c936c3ffff,93.1,True
891f0c936c7ffff,0.0,True
891f0c936cbffff,184.9,False
891f0c936cfffff,0.0,True
891f0c936d3ffff,0.0,True
891f0c936d7ffff,0.0,True
891f0c936dbffff,24.6,True
891f0c98453ffff,224.0,False
891f0c9845bffff,369.9,False
891f0c9849bffff,147.0,False
891f0c984cbffff,0.0,True
891f0c984d3ffff,0.0,True
891f0c984dbffff,0.0,True
891f0c98693ffff,66.1,True
891f0c98697ffff,122.0,False
891f0c9869bffff,267.7,False
891f0c986c3ffff,340.5,False
891f0c986cbffff,127.2,False
891f0c986d3ffff,173.1,False
891f0c986d7ffff,228.3,False
891f0c986dbffff,177.9,False
891f0c99483ffff,913.9,False
891f0c99487ffff,638.4,False
891f0c99493ffff,914.1,False
891f0c99497ffff,791.0,False
891f0c994a3ffff,356.5,False
891f0c994a7ffff,369.0,False
891f0c994afffff,474.9,False
891f0c994b3ffff,311.9,False
891f0c994b7ffff,68.7,True
891f0c994bbffff,494.5,False
891f0c99593ffff,260.5,False
891f0c995d3ffff,527.2,False
891f0c995dbffff,547.6,False
891f0c9a013ffff,50.5,True
891f0c9a017ffff,256.8,False
891f0c9a01bffff,161.7,False
891f0c9a043ffff,192.4,False
891f0c9a04bffff,179.7,False
891f0c9a04fffff,299.1,False
891f0c9a053ffff,207.9,False
891f0c9a057ffff,308.4,False
891f0c9a05bffff,21.6,True
891f0c9a083ffff,11.0,True
891f0c9a087ffff,160.0,True
891f0c9a08bffff,58.1,True
891f0c9a08fffff,108.9,True
891f0c9a093ffff,0.0,True
891f0c9a097ffff,108.9,True
891f0c9a09bffff,0.0,True
891f0c9a0b3ffff,239.7,False
891f0c9a0bbffff,163.9,False
891f0c9a0c3ffff,67.8,True
891f0c9a0c7ffff,70.4,True
891f0c9a0cbffff,186.8,False
891f0c9a0cfffff,80.0,True
891f0c9a0d3ffff,86.2,True
891f0c9a0d7ffff,0.6,True
891f0c9a0dbffff,140.0,True
891f0c9a20bffff,280.1,False
891f0c9a213ffff,130.9,False
891f0c9a21bffff,2.9,True
891f0c9a243ffff,286.6,False
891f0c9a247ffff,80.5,True
891f0c9a24bffff,153.5,True
891f0c9a24fffff,166.1,True
891f0c9a253ffff,181.4,False
891f0c9a257ffff,195.7,False
891f0c9a25bffff,350.5,False
891f0c9a263ffff,0.0,True
891f0c9a26bffff,0.0,True
891f0c9a26fffff,0.0,True
891f0c9a273ffff,131.8,False
891f0c9a27bffff,0.0,True
891f0c9a283ffff,0.0,True
891f0c9a287ffff,165.6,False
891f0c9a28bffff,0.0,True
891f0c9a28fffff,14.3,True
891f0c9a293ffff,64.9,True
891f0c9a297ffff,46.4,True
891f0c9a29bffff,12.9,True
891f0c9a2b3ffff,382.8,False
891f0c9a2c3ffff,12.0,True
891f0c9a2c7ffff,4.2,True
891f0c9a2cbffff,0.0,True
891f0c9a2cfffff,30.7,True
891f0c9a2d3ffff,69.2,True
891f0c9a2d7ffff,0.0,True
891f0c9a2dbffff,150.7,True
891f0c9a403ffff,304.6,False
891f0c9a407ffff,229.6,False
891f0c9a40bffff,203.0,False
891f0c9a40fffff,250.1,False
891f0c9a413ffff,15.3,True
891f0c9a417ffff,261.9,False
891f0c9a41bffff,142.0,True
891f0c9a423ffff,0.0,True
891f0c9a427ffff,0.0,True
891f0c9a42bffff,0.0,True
891f0c9a42fffff,0.0,True
891f0c9a433ffff,0.0,True
891f0c9a437ffff,0.0,True
891f0c9a43bffff,59.9,True
891f0c9a443ffff,75.7,True
891f0c9a447ffff,18.7,True
891f0c9a44bffff,145.7,True
891f0c9a44fffff,252.1,False
891f0c9a453ffff,32.6,True
891f0c9a457ffff,167.3,True
891f0c9a45bffff,0.4,True
891f0c9a463ffff,130.6,True
891f0c9a467ffff,0.0,True
891f0c9a46bffff,51.3,True
891f0c9a46fffff,74.9,True
891f0c9a473ffff,16.1,True
891f0c9a477ffff,0.0,True
891f0c9a47bffff,186.5,False
891f0c9a483ffff,47.5,True
891f0c9a487ffff,126.5,True
891f0c9a48bffff,90.8,True
891f0c9a48fffff,77.3,True
891f0c9a493ffff,275.1,False
891f0c9a497ffff,187.5,False
891f0c9a49bffff,356.8,False
891f0c9a4a3ffff,235.7,False
891f0c9a4a7ffff,22.2,True
891f0c9a4abffff,0.3,True
891f0c9a4afffff,0.0,True
891f0c9a4b3ffff,301.6,False
891f0c9a4b7ffff,267.6,False
891f0c9a4bbffff,69.4,True
891f0c9a4c3ffff,107.7,True
891f0c9a4c7ffff,127.1,True
891f0c9a4cbffff,78.5,True
891f0c9a4cfffff,78.4,True
891f0c9a4d3ffff,406.2,False
891f0c9a4d7ffff,340.2,False
891f0c9a4dbffff,146.6,True
891f0c9a513ffff,123.9,False
891f0c9a543ffff,204.6,False
891f0c9a54bffff,150.4,True
891f0c9a54fffff,252.1,False
891f0c9a553ffff,17.3,True
891f0c9a55bffff,96.3,True
891f0c9a583ffff,0.0,True
891f0c9a587ffff,168.5,False
891f0c9a58bffff,39.3,True
891f0c9a58fffff,71.2,True
891f0c9a593ffff,125.5,True
891f0c9a597ffff,0.1,True
891f0c9a59bffff,72.3,True
891f0c9a5c3ffff,30.9,True
891f0c9a5c7ffff,0.0,True
891f0c9a5cbffff,50.1,True
891f0c9a5cfffff,9.7,True
891f0c9a5d3ffff,141.1,True
891f0c9a5d7ffff,188.5,False
891f0c9a5dbffff,0.0,True
891f0c9a603ffff,22.4,True
891f0c9a607ffff,179.1,False
891f0c9a60bffff,174.4,False
891f0c9a60fffff,62.1,True
891f0c9a613ffff,198.4,False
891f0c9a617ffff,15.2,True
891f0c9a61bffff,237.5,False
891f0c9a623ffff,207.4,False
891f0c9a627ffff,17.1,True
891f0c9a62bffff,12.5,True
891f0c9a62fffff,0.0,True
891f0c9a633ffff,219.7,False
891f0c9a637ffff,262.4,False
891f0c9a63bffff,162.7,False
891f0c9a643ffff,97.5,True
891f0c9a647ffff,70.9,True
891f0c9a64bffff,242.8,False
891f0c9a64fffff,5.4,True
891f0c9a653ffff,266.1,False
891f0c9a657ffff,313.3,False
891f0c9a65bffff,369.6,False
891f0c9a663ffff,141.6,True
891f0c9a667ffff,0.0,True
891f0c9a66bffff,126.9,True
891f0c9a66fffff,0.0,True
891f0c9a673ffff,357.9,False
891f0c9a677ffff,132.3,True
891f0c9a67bffff,221.1,False
891f0c9a683ffff,54.2,True
891f0c9a687ffff,227.9,False
891f0c9a68bffff,325.2,False
891f0c9a68fffff,302.6,False
891f0c9a693ffff,141.4,True
891f0c9a697ffff,157.3,True
891f0c9a69bffff,365.1,False
891f0c9a6a3ffff,194.6,False
891f0c9a6a7ffff,11.6,True
891f0c9a6abffff,45.0,True
891f0c9a6afffff,8.9,True
891f0c9a6b3ffff,286.2,False
891f0c9a6b7ffff,137.5,True
891f0c9a6bbffff,96.2,True
891f0c9a6c3ffff,162.7,True
891f0c9a6c7ffff,153.1,True
891f0c9a6cbffff,99.6,True
891f0c9a6cfffff,162.9,True
891f0c9a6d3ffff,168.7,True
891f0c9a6d7ffff,99.5,True
891f0c9a6dbffff,41.7,True
891f0c9b003ffff,178.3,False
891f0c9b007ffff,78.8,True
891f0c9b00bffff,105.6,True
891f0c9b00fffff,0.0,True
891f0c9b013ffff,155.8,True
891f0c9b017ffff,0.0,True
891f0c9b01bffff,148.9,True
891f0c9b023ffff,52.8,True
891f0c9b027ffff,78.0,True
891f0c9b02bffff,296.9,False
891f0c9b02fffff,105.3,True
891f0c9b033ffff,158.3,True
891f0c9b037ffff,57.6,True
891f0c9b03bffff,125.3,True
891f0c9b043ffff,85.0,True
891f0c9b047ffff,175.7,True
891f0c9b04bffff,22.1,True
891f0c9b04fffff,42.5,True
891f0c9b053ffff,245.9,False
891f0c9b057ffff,84.6,True
891f0c9b05bffff,50.2,True
891f0c9b063ffff,47.5,True
891f0c9b067ffff,139.5,True
891f0c9b06bffff,18.5,True
891f0c9b06fffff,185.1,False
891f0c9b073ffff,196.8,False
891f0c9b077ffff,97.5,True
891f0c9b07bffff,81.8,True
891f0c9b083ffff,7.4,True
891f0c9b087ffff,226.6,False
891f0c9b08bffff,63.2,True
891f0c9b08fffff,122.2,True
891f0c9b093ffff,27.1,True
891f0c9b097ffff,133.6,True
891f0c9b09bffff,31.9,True
891f0c9b0a3ffff,24.0,True
891f0c9b0a7ffff,0.0,True
891f0c9b0abffff,212.7,False
891f0c9b0afffff,169.7,True
891f0c9b0b3ffff,31.4,True
891f0c9b0b7ffff,150.4,True
891f0c9b0bbffff,2.8,True
891f0c9b0c3ffff,160.1,True
891f0c9b0c7ffff,158.9,True
891f0c9b0cbffff,249.2,False
891f0c9b0cfffff,48.3,True
891f0c9b0d3ffff,0.0,True
891f0c9b0d7ffff,153.9,True
891f0c9b0dbffff,82.1,True
891f0c9b103ffff,75.7,True
891f0c9b107ffff,229.8,False
891f0c9b10bffff,125.2,True
891f0c9b10fffff,129.3,True
891f0c9b113ffff,119.2,True
891f0c9b117ffff,120.7,True
891f0c9b11bffff,139.0,True
891f0c9b123ffff,0.0,True
891f0c9b127ffff,172.4,False
891f0c9b12bffff,98.4,True
891f0c9b12fffff,70.3,True
891f0c9b133ffff,107.0,True
891f0c9b137ffff,66.0,True
891f0c9b13bffff,31.3,True
891f0c9b143ffff,154.7,True
891f0c9b147ffff,305.3,False
891f0c9b14bffff,298.6,False
891f0c9b14fffff,383.5,False
891f0c9b153ffff,89.3,True
891f0c9b157ffff,94.1,True
891f0c9b15bffff,46.8,True
891f0c9b163ffff,116.7,True
891f0c9b167ffff,56.0,True
891f0c9b16bffff,59.0,True
891f0c9b16fffff,119.9,True
891f0c9b173ffff,127.7,True
891f0c9b177ffff,112.9,True
891f0c9b17bffff,82.7,True
891f0c9b183ffff,69.3,True
891f0c9b187ffff,4.8,True
891f0c9b18bffff,273.5,False
891f0c9b18fffff,21.8,True
891f0c9b193ffff,191.0,False
891f0c9b197ffff,124.6,True
891f0c9b19bffff,303.5,False
891f0c9b1a3ffff,0.0,True
891f0c9b1a7ffff,0.0,True
891f0c9b1abffff,141.7,True
891f0c9b1afffff,0.0,True
891f0c9b1b3ffff,14.8,True
891f0c9b1b7ffff,0.0,True
891f0c9b1bbffff,0.0,True
891f0c9b1c3ffff,15.0,True
891f0c9b1c7ffff,92.1,True
891f0c9b1cbffff,91.6,True
891f0c9b1cfffff,61.3,True
891f0c9b1d3ffff,98.4,True
891f0c9b1d7ffff,143.5,True
891f0c9b1dbffff,165.4,True
891f0c9b203ffff,383.0,False
891f0c9b207ffff,168.0,True
891f0c9b20bffff,653.7,False
891f0c9b20fffff,474.3,False
891f0c9b213ffff,131.3,True
891f0c9b217ffff,165.4,True
891f0c9b21bffff,447.3,False
891f0c9b223ffff,401.7,False
891f0c9b227ffff,418.9,False
891f0c9b22bffff,687.4,False
891f0c9b22fffff,665.1,False
891f0c9b233ffff,193.6,False
891f0c9b237ffff,160.9,True
891f0c9b23bffff,442.4,False
891f0c9b247ffff,819.0,False
891f0c9b253ffff,763.0,False
891f0c9b257ffff,736.3,False
891f0c9b25bffff,865.4,False
891f0c9b267ffff,887.1,False
891f0c9b273ffff,736.7,False
891f0c9b277ffff,684.9,False
891f0c9b283ffff,283.3,False
891f0c9b287ffff,310.2,False
891f0c9b28bffff,0.0,True
891f0c9b28fffff,120.0,True
891f0c9b293ffff,195.7,False
891f0c9b297ffff,60.0,True
891f0c9b29bffff,277.2,False
891f0c9b2a3ffff,343.5,False
891f0c9b2a7ffff,248.4,False
891f0c9b2abffff,77.1,True
891f0c9b2afffff,80.1,True
891f0c9b2b3ffff,266.2,False
891f0c9b2b7ffff,215.1,False
891f0c9b2bbffff,190.5,False
891f0c9b2c3ffff,270.2,False
891f0c9b2c7ffff,228.1,False
891f0c9b2cbffff,496.7,False
891f0c9b2cfffff,547.6,False
891f0c9b2d3ffff,0.0,True
891f0c9b2d7ffff,277.9,False
891f0c9b2dbffff,289.5,False
891f0c9b303ffff,297.4,False
891f0c9b307ffff,420.4,False
891f0c9b30bffff,213.9,False
891f0c9b30fffff,159.4,True
891f0c9b313ffff,94.1,True
891f0c9b317ffff,229.7,False
891f0c9b31bffff,122.9,True
891f0c9b323ffff,291.0,False
891f0c9b327ffff,269.0,False
891f0c9b32bffff,90.7,True
891f0c9b333ffff,119.4,True
891f0c9b337ffff,68.0,True
891f0c9b33bffff,124.4,True
891f0c9b343ffff,451.1,False
891f0c9b347ffff,253.1,False
891f0c9b34bffff,457.4,False
891f0c9b34fffff,152.3,True
891f0c9b353ffff,355.5,False
891f0c9b357ffff,366.9,False
891f0c9b35bffff,646.0,False
891f0c9b363ffff,141.6,True
891f0c9b367ffff,228.8,False
891f0c9b36bffff,254.1,False
891f0c9b36fffff,421.5,False
891f0c9b373ffff,0.0,True
891f0c9b377ffff,97.2,True
891f0c9b37bffff,7.7,True
891f0c9b383ffff,145.3,True
891f0c9b387ffff,146.6,True
891f0c9b38bffff,242.8,False
891f0c9b38fffff,95.1,True
891f0c9b393ffff,15.3,True
891f0c9b397ffff,26.0,True
891f0c9b39bffff,144.1,True
891f0c9b3a3ffff,70.3,True
891f0c9b3a7ffff,0.0,True
891f0c9b3abffff,261.2,False
891f0c9b3afffff,51.7,True
891f0c9b3b3ffff,67.6,True
891f0c9b3b7ffff,144.6,True
891f0c9b3bbffff,102.0,True
891f0c9b3c3ffff,83.6,True
891f0c9b3c7ffff,69.4,True
891f0c9b3cbffff,154.3,True
891f0c9b3cfffff,119.8,True
891f0c9b3d3ffff,238.7,False
891f0c9b3d7ffff,327.6,False
891f0c9b3dbffff,8.9,True
891f0c9b403ffff,117.6,True
891f0c9b407ffff,124.4,True
891f0c9b40bffff,109.7,True
891f0c9b40fffff,143.4,True
891f0c9b413ffff,58.3,True
891f0c9b417ffff,80.0,True
891f0c9b41bffff,0.0,True
891f0c9b423ffff,29.8,True
891f0c9b427ffff,19.4,True
891f0c9b42bffff,207.7,False
891f0c9b42fffff,221.3,False
891f0c9b433ffff,125.0,True
891f0c9b437ffff,5.7,True
891f0c9b43bffff,151.4,True
891f0c9b443ffff,209.9,False
891f0c9b447ffff,110.9,True
891f0c9b44bffff,93.0,True
891f0c9b44fffff,123.1,True
891f0c9b453ffff,240.3,False
891f0c9b457ffff,132.5,True
891f0c9b45bffff,62.2,True
891f0c9b463ffff,187.3,False
891f0c9b467ffff,8.1,True
891f0c9b46bffff,142.7,True
891f0c9b46fffff,51.2,True
891f0c9b473ffff,8.9,True
891f0c9b477ffff,48.3,True
891f0c9b47bffff,130.5,True
891f0c9b483ffff,95.4,True
891f0c9b487ffff,210.4,False
891f0c9b48bffff,0.0,True
891f0c9b48fffff,64.7,True
891f0c9b493ffff,150.1,True
891f0c9b497ffff,50.1,True
891f0c9b49bffff,10.4,True
891f0c9b4a3ffff,237.7,False
891f0c9b4a7ffff,36.8,True
891f0c9b4abffff,137.7,True
891f0c9b4afffff,170.7,True
891f0c9b4b3ffff,354.7,False
891f0c9b4b7ffff,64.5,True
891f0c9b4bbffff,75.9,True
891f0c9b4c3ffff,149.1,True
891f0c9b4c7ffff,149.2,True
891f0c9b4cbffff,171.1,True
891f0c9b4cfffff,55.6,True
891f0c9b4d3ffff,130.0,True
891f0c9b4d7ffff,269.4,False
891f0c9b4dbffff,55.1,True
891f0c9b503ffff,83.9,True
891f0c9b507ffff,153.3,True
891f0c9b50bffff,130.8,True
891f0c9b50fffff,178.4,False
891f0c9b513ffff,152.7,True
891f0c9b517ffff,81.8,True
891f0c9b51bffff,103.1,True
891f0c9b523ffff,92.5,True
891f0c9b527ffff,100.1,True
891f0c9b52bffff,188.1,False
891f0c9b52fffff,29.3,True
891f0c9b533ffff,75.0,True
891f0c9b537ffff,103.3,True
891f0c9b53bffff,43.4,True
891f0c9b543ffff,190.0,False
891f0c9b547ffff,8.0,True
891f0c9b54bffff,172.3,False
891f0c9b54fffff,123.8,True
891f0c9b553ffff,13.2,True
891f0c9b557ffff,287.0,False
891f0c9b55bffff,46.5,True
891f0c9b563ffff,116.2,True
891f0c9b567ffff,41.7,True
891f0c9b56bffff,158.5,True
891f0c9b56fffff,153.7,True
891f0c9b573ffff,115.5,True
891f0c9b577ffff,84.3,True
891f0c9b57bffff,204.7,False
891f0c9b583ffff,91.4,True
891f0c9b587ffff,63.6,True
891f0c9b58bffff,9.1,True
891f0c9b58fffff,25.8,True
891f0c9b593ffff,120.9,True
891f0c9b597ffff,237.5,False
891f0c9b59bffff,128.5,True
891f0c9b5a3ffff,0.0,True
891f0c9b5a7ffff,2.9,True
891f0c9b5abffff,102.3,True
891f0c9b5afffff,53.0,True
891f0c9b5b3ffff,170.5,True
891f0c9b5b7ffff,227.5,False
891f0c9b5bbffff,1.1,True
891f0c9b5c3ffff,3.6,True
891f0c9b5c7ffff,106.4,True
891f0c9b5cbffff,43.7,True
891f0c9b5cfffff,130.8,True
891f0c9b5d3ffff,184.4,False
891f0c9b5d7ffff,14.4,True
891f0c9b5dbffff,143.0,True
891f0c9b603ffff,216.4,False
891f0c9b607ffff,37.8,True
891f0c9b60bffff,158.8,False
891f0c9b60fffff,30.5,True
891f0c9b613ffff,279.5,False
891f0c9b617ffff,0.0,True
891f0c9b61bffff,242.8,False
891f0c9b623ffff,69.2,True
891f0c9b627ffff,178.8,False
891f0c9b62bffff,189.8,False
891f0c9b62fffff,0.0,True
891f0c9b633ffff,40.1,True
891f0c9b637ffff,7.1,True
891f0c9b63bffff,185.0,False
891f0c9b643ffff,89.9,True
891f0c9b647ffff,157.3,True
891f0c9b64bffff,75.4,True
891f0c9b64fffff,58.0,True
891f0c9b653ffff,35.7,True
891f0c9b657ffff,289.2,False
891f0c9b65bffff,207.0,False
891f0c9b663ffff,313.8,False
891f0c9b667ffff,506.8,False
891f0c9b66bffff,231.3,False
891f0c9b66fffff,285.0,False
891f0c9b673ffff,65.0,True
891f0c9b677ffff,259.7,False
891f0c9b67bffff,0.0,True
891f0c9b683ffff,411.1,False
891f0c9b687ffff,264.4,False
891f0c9b68bffff,274.2,False
891f0c9b68fffff,170.2,False
891f0c9b693ffff,372.9,False
891f0c9b697ffff,317.7,False
891f0c9b69bffff,78.1,True
891f0c9b6a3ffff,90.6,True
891f0c9b6a7ffff,90.8,True
891f0c9b6abffff,110.7,True
891f0c9b6afffff,95.8,True
891f0c9b6b3ffff,69.0,True
891f0c9b6b7ffff,0.0,True
891f0c9b6bbffff,29.1,True
891f0c9b6c3ffff,15.1,True
891f0c9b6c7ffff,78.1,True
891f0c9b6cbffff,219.3,False
891f0c9b6cfffff,144.3,True
891f0c9b6d3ffff,65.0,True
891f0c9b6d7ffff,128.6,True
891f0c9b6dbffff,247.8,False
891f2a0d803ffff,170.8,False
891f2a0d807ffff,0.0,True
891f2a0d80bffff,100.8,True
891f2a0d80fffff,56.0,True
891f2a0d813ffff,150.2,True
891f2a0d817ffff,93.2,True
891f2a0d81bffff,189.1,False
891f2a0d823ffff,297.4,False
891f2a0d827ffff,111.3,True
891f2a0d82bffff,534.8,False
891f2a0d82fffff,359.1,False
891f2a0d833ffff,87.2,True
891f2a0d837ffff,22.3,True
891f2a0d83bffff,257.7,False
891f2a0d843ffff,12.8,True
891f2a0d847ffff,0.0,True
891f2a0d84bffff,254.3,False
891f2a0d84fffff,76.1,True
891f2a0d853ffff,128.6,True
891f2a0d857ffff,95.5,True
891f2a0d863ffff,56.6,True
891f2a0d867ffff,378.7,False
891f2a0d86bffff,179.0,False
891f2a0d86fffff,332.6,False
891f2a0d873ffff,99.3,True
891f2a0d877ffff,218.7,False
891f2a0d87bffff,32.1,True
891f2a0d883ffff,373.6,False
891f2a0d887ffff,400.0,False
891f2a0d88bffff,80.8,True
891f2a0d88fffff,285.7,False
891f2a0d893ffff,545.2,False
891f2a0d897ffff,616.7,False
891f2a0d89bffff,243.5,False
891f2a0d8a3ffff,0.0,True
891f2a0d8a7ffff,0.0,True
891f2a0d8abffff,0.0,True
891f2a0d8afffff,0.0,True
891f2a0d8b3ffff,80.3,True
891f2a0d8b7ffff,50.9,True
891f2a0d8bbffff,185.5,False
891f2a0d8c3ffff,355.9,False
891f2a0d8c7ffff,161.0,True
891f2a0d8cbffff,448.8,False
891f2a0d8cfffff,334.0,False
891f2a0d8d3ffff,375.6,False
891f2a0d8d7ffff,187.8,False
891f2a0d90bffff,51.1,False
891f2a0d91bffff,58.5,False
891f2a0d943ffff,44.6,True
891f2a0d947ffff,0.0,True
891f2a0d94bffff,53.9,True
891f2a0d94fffff,0.0,True
891f2a0d953ffff,8.6,True
891f2a0d957ffff,0.0,True
891f2a0d95bffff,229.9,False
891f2a0d963ffff,55.1,True
891f2a0d96bffff,0.0,True
891f2a0d96fffff,59.8,False
891f2a0d973ffff,21.1,True
891f2a0d97bffff,0.0,True
891f2a0d9c3ffff,0.0,True
891f2a0d9cbffff,0.0,True
891f2a0d9cfffff,0.0,True
891f2a0d9d3ffff,24.2,True
891f2a0d9dbffff,0.0,True
891f2a0da03ffff,552.3,False
891f2a0da07ffff,606.9,False
891f2a0da0bffff,360.8,False
891f2a0da0fffff,364.9,False
891f2a0da17ffff,515.2,False
891f2a0da23ffff,233.7,False
891f2a0da27ffff,273.0,False
891f2a0da2bffff,272.4,False
891f2a0da2fffff,0.0,True
891f2a0da33ffff,357.1,False
891f2a0da37ffff,209.5,False
891f2a0da3bffff,475.8,False
891f2a0da63ffff,96.6,True
891f2a0da67ffff,278.2,False
891f2a0da6bffff,415.4,False
891f2a0da6fffff,332.6,False
891f2a0da73ffff,200.7,False
891f2a0da77ffff,157.8,True
891f2a0da7bffff,331.4,False
891f2a0da87ffff,543.1,False
891f2a0daa3ffff,217.6,False
891f2a0daa7ffff,128.2,True
891f2a0daabffff,341.8,False
891f2a0daafffff,57.1,True
891f2a0dab3ffff,384.4,False
891f2a0dab7ffff,253.7,False
891f2a0dabbffff,442.2,False
891f2a0db03ffff,169.2,False
891f2a0db07ffff,85.2,True
891f2a0db0bffff,108.1,True
891f2a0db0fffff,171.4,False
891f2a0db13ffff,165.9,True
891f2a0db17ffff,82.8,True
891f2a0db1bffff,294.4,False
891f2a0db23ffff,130.8,True
891f2a0db27ffff,69.3,True
891f2a0db2bffff,168.2,False
891f2a0db2fffff,243.4,False
891f2a0db33ffff,113.4,True
891f2a0db37ffff,45.6,True
891f2a0db3bffff,84.4,True
891f2a0db43ffff,218.2,False
891f2a0db47ffff,53.3,True
891f2a0db4bffff,180.2,True
891f2a0db4fffff,115.5,True
891f2a0db53ffff,33.4,True
891f2a0db57ffff,165.4,True
891f2a0db5bffff,252.9,False
891f2a0db63ffff,59.2,True
891f2a0db67ffff,49.6,True
891f2a0db6bffff,134.0,True
891f2a0db6fffff,0.0,True
891f2a0db73ffff,268.7,False
891f2a0db77ffff,242.7,False
891f2a0db7bffff,252.7,False
891f2a0db83ffff,107.4,True
891f2a0db87ffff,213.2,False
891f2a0db8bffff,26.3,True
891f2a0db8fffff,168.4,True
891f2a0db93ffff,239.9,False
891f2a0db97ffff,85.6,True
891f2a0db9bffff,80.8,True
891f2a0dba3ffff,36.4,True
891f2a0dba7ffff,0.0,True
891f2a0dbabffff,72.4,True
891f2a0dbafffff,0.0,True
891f2a0dbb3ffff,18.7,True
891f2a0dbb7ffff,0.0,True
891f2a0dbbbffff,186.1,True
891f2a0dbc3ffff,214.3,False
891f2a0dbc7ffff,166.6,True
891f2a0dbcbffff,30.5,True
891f2a0dbcfffff,160.3,True
891f2a0dbd3ffff,417.4,False
891f2a0dbd7ffff,222.4,False
891f2a0dbdbffff,192.4,False
891f2a0dc2fffff,625.9,False
891f2a0dc6fffff,317.1,False
891f2a0dd43ffff,197.6,False
891f2a0dd47ffff,238.0,False
891f2a0dd4bffff,362.7,False
891f2a0dd4fffff,299.2,False
891f2a0dd53ffff,101.7,False
891f2a0dd57ffff,0.0,True
891f2a0dd5bffff,419.8,False
891f2a0dd7bffff,373.2,False
891f2a0ddcfffff,61.8,False
891f2a2924bffff,182.0,False
891f2a60003ffff,44.7,True
891f2a60007ffff,161.5,True
891f2a6000bffff,221.5,False
891f2a6000fffff,265.0,False
891f2a60013ffff,7.9,True
891f2a60017ffff,172.5,True
891f2a6001bffff,60.9,True
891f2a60023ffff,26.4,True
891f2a60027ffff,8.5,True
891f2a6002bffff,12.2,True
891f2a6002fffff,97.2,True
891f2a60033ffff,118.9,True
891f2a60037ffff,10.8,True
891f2a6003bffff,227.3,False
891f2a60043ffff,94.9,True
891f2a60047ffff,43.7,True
891f2a6004bffff,11.2,True
891f2a6004fffff,132.3,True
891f2a60053ffff,178.2,True
891f2a60057ffff,38.2,True
891f2a6005bffff,0.0,True
891f2a60063ffff,40.2,True
891f2a60067ffff,224.7,False
891f2a6006bffff,176.0,False
891f2a6006fffff,263.8,False
891f2a60073ffff,188.1,False
891f2a60077ffff,42.7,True
891f2a6007bffff,170.1,False
891f2a60083ffff,78.3,True
891f2a60087ffff,22.7,True
891f2a6008bffff,83.2,True
891f2a6008fffff,169.7,True
891f2a60093ffff,0.0,True
891f2a60097ffff,8.0,True
891f2a6009bffff,113.7,True
891f2a600a3ffff,97.1,True
891f2a600a7ffff,160.4,True
891f2a600abffff,158.4,True
891f2a600afffff,124.5,True
891f2a600b3ffff,223.1,False
891f2a600b7ffff,68.0,True
891f2a600bbffff,139.8,True
891f2a600c3ffff,263.3,False
891f2a600c7ffff,102.4,True
891f2a600cbffff,0.0,True
891f2a600cfffff,231.2,False
891f2a600d3ffff,63.7,True
891f2a600d7ffff,195.6,False
891f2a600dbffff,239.2,False
891f2a60103ffff,98.5,True
891f2a60107ffff,247.5,False
891f2a6010bffff,72.9,True
891f2a6010fffff,63.9,True
891f2a60113ffff,90.4,True
891f2a60117ffff,157.6,True
891f2a6011bffff,232.9,False
891f2a60123ffff,35.1,True
891f2a60127ffff,45.0,True
891f2a6012bffff,75.8,True
891f2a6012fffff,313.4,False
891f2a60133ffff,116.1,True
891f2a60137ffff,0.0,True
891f2a6013bffff,145.4,True
891f2a60143ffff,131.4,True
891f2a60147ffff,116.0,True
891f2a6014bffff,41.2,True
891f2a6014fffff,265.9,False
891f2a60153ffff,115.8,True
891f2a60157ffff,65.2,True
891f2a6015bffff,9.2,True
891f2a60163ffff,141.9,True
891f2a60167ffff,66.9,True
891f2a6016bffff,250.2,False
891f2a6016fffff,252.5,False
891f2a60173ffff,112.2,True
891f2a60177ffff,140.0,True
891f2a6017bffff,207.7,False
891f2a60183ffff,73.1,True
891f2a60187ffff,125.4,True
891f2a6018bffff,235.2,False
891f2a6018fffff,277.8,False
891f2a60193ffff,146.8,True
891f2a60197ffff,30.4,True
891f2a6019bffff,115.8,True
891f2a601a3ffff,87.1,True
891f2a601a7ffff,20.9,True
891f2a601abffff,149.3,True
891f2a601afffff,108.3,True
891f2a601b3ffff,144.9,True
891f2a601b7ffff,116.3,True
891f2a601bbffff,41.8,True
891f2a601c3ffff,4.9,True
891f2a601c7ffff,264.8,False
891f2a601cbffff,109.7,True
891f2a601cfffff,15.8,True
891f2a601d3ffff,60.0,True
891f2a601d7ffff,115.0,True
891f2a601dbffff,45.1,True
891f2a60203ffff,261.7,False
891f2a60207ffff,162.8,True
891f2a6020bffff,0.0,True
891f2a6020fffff,215.4,False
891f2a60213ffff,236.9,False
891f2a60217ffff,26.9,True
891f2a6021bffff,253.6,False
891f2a60223ffff,67.2,True
891f2a60227ffff,202.5,False
891f2a6022bffff,175.3,False
891f2a6022fffff,30.9,True
891f2a60233ffff,201.6,False
891f2a60237ffff,199.8,False
891f2a6023bffff,261.5,False
891f2a60243ffff,0.0,True
891f2a60247ffff,84.0,True
891f2a6024bffff,211.1,False
891f2a6024fffff,107.0,True
891f2a60253ffff,46.5,True
891f2a60257ffff,280.9,False
891f2a6025bffff,1.3,True
891f2a60263ffff,159.0,True
891f2a60267ffff,494.0,False
891f2a6026bffff,122.0,True
891f2a6026fffff,393.0,False
891f2a60273ffff,80.5,True
891f2a60277ffff,337.0,False
891f2a6027bffff,75.1,True
891f2a60283ffff,131.3,True
891f2a60287ffff,222.9,False
891f2a6028bffff,204.9,False
891f2a6028fffff,33.1,True
891f2a60293ffff,14.8,True
891f2a60297ffff,171.5,False
891f2a6029bffff,0.0,True
891f2a602a3ffff,106.9,True
891f2a602a7ffff,146.6,True
891f2a602abffff,113.8,True
891f2a602afffff,70.0,True
891f2a602b3ffff,165.1,True
891f2a602b7ffff,107.0,True
891f2a602bbffff,124.8,True
891f2a602c3ffff,70.2,True
891f2a602c7ffff,177.2,True
891f2a602cbffff,149.6,True
891f2a602cfffff,237.7,False
891f2a602d3ffff,16.0,True
891f2a602d7ffff,7.5,True
891f2a602dbffff,37.5,True
891f2a60303ffff,0.0,True
891f2a60307ffff,243.5,False
891f2a6030bffff,75.8,True
891f2a6030fffff,188.0,False
891f2a60313ffff,0.0,True
891f2a60317ffff,229.2,False
891f2a6031bffff,67.7,True
891f2a60323ffff,38.6,True
891f2a60327ffff,25.9,True
891f2a6032bffff,160.5,False
891f2a6032fffff,234.9,False
891f2a60333ffff,198.6,False
891f2a60337ffff,153.8,True
891f2a6033bffff,85.9,True
891f2a60343ffff,32.3,True
891f2a60347ffff,133.6,True
891f2a6034bffff,55.4,True
891f2a6034fffff,67.8,True
891f2a60353ffff,294.3,False
891f2a60357ffff,175.8,False
891f2a6035bffff,52.1,True
891f2a60363ffff,232.3,False
891f2a60367ffff,278.0,False
891f2a6036bffff,18.6,True
891f2a6036fffff,112.8,True
891f2a60373ffff,104.1,True
891f2a60377ffff,150.8,True
891f2a6037bffff,41.8,True
891f2a60383ffff,454.9,False
891f2a60387ffff,286.0,False
891f2a6038bffff,221.2,False
891f2a6038fffff,235.1,False
891f2a60393ffff,248.3,False
891f2a60397ffff,192.4,False
891f2a6039bffff,485.6,False
891f2a603a3ffff,223.5,False
891f2a603a7ffff,35.2,True
891f2a603abffff,37.4,True
891f2a603afffff,22.6,True
891f2a603b3ffff,28.5,True
891f2a603b7ffff,196.9,False
891f2a603bbffff,201.3,False
891f2a603c3ffff,440.2,False
891f2a603c7ffff,102.7,True
891f2a603cbffff,493.0,False
891f2a603cfffff,365.2,False
891f2a603d3ffff,429.3,False
891f2a603d7ffff,351.4,False
891f2a603dbffff,318.5,False
891f2a60403ffff,161.6,True
891f2a60407ffff,215.5,False
891f2a6040bffff,35.4,True
891f2a6040fffff,236.2,False
891f2a60413ffff,137.5,True
891f2a60417ffff,31.4,True
891f2a6041bffff,150.9,True
891f2a60423ffff,19.5,True
891f2a60427ffff,142.7,True
891f2a6042bffff,240.1,False
891f2a6042fffff,57.5,True
891f2a60433ffff,117.3,True
891f2a60437ffff,78.6,True
891f2a6043bffff,254.5,False
891f2a60443ffff,207.5,False
891f2a60447ffff,186.9,False
891f2a6044bffff,191.6,False
891f2a6044fffff,343.0,False
891f2a60453ffff,211.8,False
891f2a60457ffff,270.1,False
891f2a6045bffff,19.8,True
891f2a60463ffff,246.3,False
891f2a60467ffff,64.5,True
891f2a6046bffff,95.1,True
891f2a6046fffff,0.0,True
891f2a60473ffff,62.1,True
891f2a60477ffff,357.0,False
891f2a6047bffff,303.1,False
891f2a60483ffff,88.4,True
891f2a60487ffff,56.8,True
891f2a6048bffff,101.3,True
891f2a6048fffff,8.6,True
891f2a60493ffff,122.3,True
891f2a60497ffff,93.3,True
891f2a6049bffff,113.6,True
891f2a604a3ffff,92.1,True
891f2a604a7ffff,0.0,True
891f2a604abffff,52.8,True
891f2a604afffff,119.7,True
891f2a604b3ffff,243.8,False
891f2a604b7ffff,297.9,False
891f2a604bbffff,221.2,False
891f2a604c3ffff,278.7,False
891f2a604c7ffff,148.8,True
891f2a604cbffff,55.6,True
891f2a604cfffff,91.2,True
891f2a604d3ffff,346.6,False
891f2a604d7ffff,428.0,False
891f2a604dbffff,121.5,True
891f2a60503ffff,140.4,True
891f2a60507ffff,29.0,True
891f2a6050bffff,61.9,True
891f2a6050fffff,117.9,True
891f2a60513ffff,255.9,False
891f2a60517ffff,118.8,True
891f2a6051bffff,223.1,False
891f2a60523ffff,303.1,False
891f2a60527ffff,1.1,True
891f2a6052bffff,322.5,False
891f2a6052fffff,266.1,False
891f2a60533ffff,1.2,True
891f2a60537ffff,69.0,True
891f2a6053bffff,225.8,False
891f2a60543ffff,43.8,True
891f2a60547ffff,30.1,True
891f2a6054bffff,75.6,True
891f2a6054fffff,37.0,True
891f2a60553ffff,4.9,True
891f2a60557ffff,178.1,False
891f2a6055bffff,68.5,True
891f2a60563ffff,77.8,True
891f2a60567ffff,6.9,True
891f2a6056bffff,222.6,False
891f2a6056fffff,7.0,True
891f2a60573ffff,183.2,True
891f2a60577ffff,153.8,True
891f2a6057bffff,171.2,True
891f2a60583ffff,153.6,True
891f2a60587ffff,152.2,True
891f2a6058bffff,273.6,False
891f2a6058fffff,22.1,True
891f2a60593ffff,144.7,True
891f2a60597ffff,58.6,True
891f2a6059bffff,345.4,False
891f2a605a3ffff,238.9,False
891f2a605a7ffff,293.5,False
891f2a605abffff,133.3,True
891f2a605afffff,29.3,True
891f2a605b3ffff,413.8,False
891f2a605b7ffff,443.0,False
891f2a605bbffff,200.1,False
891f2a605c3ffff,170.2,True
891f2a605c7ffff,355.6,False
891f2a605cbffff,170.6,False
891f2a605cfffff,70.0,True
891f2a605d3ffff,97.3,True
891f2a605d7ffff,354.6,False
891f2a605dbffff,135.2,True
891f2a60603ffff,0.0,True
891f2a60607ffff,0.0,True
891f2a6060bffff,137.4,True
891f2a6060fffff,0.0,True
891f2a60613ffff,0.0,True
891f2a60617ffff,0.0,True
891f2a6061bffff,3.3,True
891f2a60623ffff,161.7,True
891f2a60627ffff,9.4,True
891f2a6062bffff,28.9,True
891f2a6062fffff,199.3,False
891f2a60633ffff,188.2,True
891f2a60637ffff,44.7,True
891f2a6063bffff,0.0,True
891f2a60643ffff,0.0,True
891f2a60647ffff,78.5,True
891f2a6064bffff,52.5,True
891f2a6064fffff,0.0,True
891f2a60653ffff,0.0,True
891f2a60657ffff,58.6,True
891f2a6065bffff,0.0,True
891f2a60663ffff,0.0,True
891f2a60667ffff,24.4,True
891f2a6066bffff,0.0,True
891f2a6066fffff,34.4,True
891f2a60673ffff,0.0,True
891f2a60677ffff,0.0,True
891f2a6067bffff,0.0,True
891f2a60683ffff,0.0,True
891f2a60687ffff,0.0,True
891f2a6068bffff,0.0,True
891f2a6068fffff,0.0,True
891f2a60693ffff,0.0,True
891f2a60697ffff,42.5,True
891f2a6069bffff,0.0,True
891f2a606a3ffff,0.0,True
891f2a606a7ffff,99.2,True
891f2a606abffff,149.0,True
891f2a606afffff,207.1,False
891f2a606b3ffff,48.6,True
891f2a606b7ffff,254.4,False
891f2a606bbffff,0.0,True
891f2a606c3ffff,1.3,True
891f2a606c7ffff,0.0,True
891f2a606cbffff,97.2,True
891f2a606cfffff,0.0,True
891f2a606d3ffff,0.0,True
891f2a606d7ffff,0.0,True
891f2a606dbffff,207.3,False
891f2a60803ffff,127.3,True
891f2a60807ffff,9.7,True
891f2a6080bffff,49.2,True
891f2a6080fffff,187.9,False
891f2a60813ffff,50.3,True
891f2a60817ffff,55.6,True
891f2a6081bffff,314.6,False
891f2a60823ffff,108.8,True
891f2a60827ffff,244.6,False
891f2a6082bffff,115.7,True
891f2a6082fffff,189.3,False
891f2a60833ffff,87.4,True
891f2a60837ffff,214.4,False
891f2a6083bffff,255.8,False
891f2a60843ffff,196.3,False
891f2a60847ffff,125.9,True
891f2a6084bffff,68.3,True
891f2a6084fffff,119.4,True
891f2a60853ffff,18.9,True
891f2a60857ffff,247.5,False
891f2a6085bffff,59.9,True
891f2a60863ffff,151.2,True
891f2a60867ffff,58.5,True
891f2a6086bffff,285.1,False
891f2a6086fffff,80.3,True
891f2a60873ffff,18.6,True
891f2a60877ffff,0.0,True
891f2a6087bffff,328.8,False
891f2a60883ffff,42.8,True
891f2a60887ffff,56.8,True
891f2a6088bffff,58.9,True
891f2a6088fffff,116.4,True
891f2a60893ffff,114.4,True
891f2a60897ffff,82.2,True
891f2a6089bffff,50.8,True
891f2a608a3ffff,0.0,True
891f2a608a7ffff,73.3,True
891f2a608abffff,144.2,True
891f2a608afffff,51.0,True
891f2a608b3ffff,35.6,True
891f2a608b7ffff,63.1,True
891f2a608bbffff,63.2,True
891f2a608c3ffff,82.3,True
891f2a608c7ffff,88.7,True
891f2a608cbffff,98.4,True
891f2a608cfffff,211.3,False
891f2a608d3ffff,0.0,True
891f2a608d7ffff,19.4,True
891f2a608dbffff,215.1,False
891f2a60903ffff,36.5,True
891f2a60907ffff,203.9,False
891f2a6090bffff,107.9,True
891f2a6090fffff,92.0,True
891f2a60913ffff,23.0,True
891f2a60917ffff,90.5,True
891f2a6091bffff,160.5,True
891f2a60923ffff,34.6,True
891f2a60927ffff,210.5,False
891f2a6092bffff,17.3,True
891f2a6092fffff,129.5,True
891f2a60933ffff,135.2,True
891f2a60937ffff,148.4,True
891f2a6093bffff,113.7,True
891f2a60943ffff,197.9,False
891f2a60947ffff,31.8,True
891f2a6094bffff,308.6,False
891f2a6094fffff,175.4,False
891f2a60953ffff,20.9,True
891f2a60957ffff,68.2,True
891f2a6095bffff,332.3,False
891f2a60963ffff,0.0,True
891f2a60967ffff,175.2,False
891f2a6096bffff,0.0,True
891f2a6096fffff,167.4,False
891f2a60973ffff,103.2,True
891f2a60977ffff,285.3,False
891f2a6097bffff,21.8,True
891f2a60983ffff,129.2,True
891f2a60987ffff,404.9,False
891f2a6098bffff,92.0,True
891f2a6098fffff,184.9,False
891f2a60993ffff,118.1,True
891f2a60997ffff,446.8,False
891f2a6099bffff,233.3,False
891f2a609a3ffff,338.2,False
891f2a609a7ffff,184.2,False
891f2a609abffff,344.3,False
891f2a609afffff,245.2,False
891f2a609b3ffff,423.1,False
891f2a609b7ffff,85.0,True
891f2a609bbffff,404.7,False
891f2a609c3ffff,173.8,False
891f2a609c7ffff,21.1,True
891f2a609cbffff,122.2,True
891f2a609cfffff,73.1,True
891f2a609d3ffff,91.3,True
891f2a609d7ffff,92.6,True
891f2a609dbffff,21.7,True
891f2a60a03ffff,0.0,True
891f2a60a07ffff,39.6,True
891f2a60a0bffff,14.8,True
891f2a60a0fffff,186.1,False
891f2a60a13ffff,70.8,True
891f2a60a17ffff,0.0,True
891f2a60a1bffff,129.2,True
891f2a60a23ffff,94.8,True
891f2a60a27ffff,240.1,False
891f2a60a2bffff,145.0,True
891f2a60a2fffff,120.9,True
891f2a60a33ffff,72.6,True
891f2a60a37ffff,0.0,True
891f2a60a3bffff,194.8,False
891f2a60a43ffff,62.6,True
891f2a60a47ffff,179.3,False
891f2a60a4bffff,73.5,True
891f2a60a4fffff,13.2,True
891f2a60a53ffff,165.6,False
891f2a60a57ffff,109.3,True
891f2a60a5bffff,186.0,False
891f2a60a63ffff,154.1,True
891f2a60a67ffff,196.8,False
891f2a60a6bffff,13.3,True
891f2a60a6fffff,240.8,False
891f2a60a73ffff,0.0,True
891f2a60a77ffff,58.9,True
891f2a60a7bffff,53.4,True
891f2a60a83ffff,113.1,True
891f2a60a87ffff,0.0,True
891f2a60a8bffff,9.4,True
891f2a60a8fffff,48.9,True
891f2a60a93ffff,112.6,True
891f2a60a97ffff,212.8,False
891f2a60a9bffff,33.5,True
891f2a60aa3ffff,153.2,True
891f2a60aa7ffff,0.0,True
891f2a60aabffff,0.0,True
891f2a60aafffff,28.2,True
891f2a60ab3ffff,84.6,True
891f2a60ab7ffff,233.9,False
891f2a60abbffff,95.5,True
891f2a60ac3ffff,259.6,False
891f2a60ac7ffff,14.8,True
891f2a60acbffff,205.2,False
891f2a60acfffff,181.2,False
891f2a60ad3ffff,128.0,True
891f2a60ad7ffff,97.1,True
891f2a60adbffff,0.0,True
891f2a60b03ffff,296.2,False
891f2a60b07ffff,98.3,True
891f2a60b0bffff,65.3,True
891f2a60b0fffff,172.4,False
891f2a60b13ffff,199.3,False
891f2a60b17ffff,32.8,True
891f2a60b1bffff,10.0,True
891f2a60b23ffff,22.8,True
891f2a60b27ffff,240.5,False
891f2a60b2bffff,5.2,True
891f2a60b2fffff,274.9,False
891f2a60b33ffff,179.4,True
891f2a60b37ffff,118.3,True
891f2a60b3bffff,23.7,True
891f2a60b43ffff,153.9,True
891f2a60b47ffff,22.2,True
891f2a60b4bffff,69.6,True
891f2a60b4fffff,75.6,True
891f2a60b53ffff,175.3,False
891f2a60b57ffff,134.3,True
891f2a60b5bffff,162.9,True
891f2a60b63ffff,50.9,True
891f2a60b67ffff,167.7,True
891f2a60b6bffff,34.7,True
891f2a60b6fffff,174.0,True
891f2a60b73ffff,74.1,True
891f2a60b77ffff,192.0,False
891f2a60b7bffff,34.2,True
891f2a60b83ffff,89.9,True
891f2a60b87ffff,8.2,True
891f2a60b8bffff,241.9,False
891f2a60b8fffff,178.6,False
891f2a60b93ffff,0.0,True
891f2a60b97ffff,192.1,False
891f2a60b9bffff,55.0,True
891f2a60ba3ffff,190.7,False
891f2a60ba7ffff,98.0,True
891f2a60babffff,15.8,True
891f2a60bafffff,116.9,True
891f2a60bb3ffff,345.2,False
891f2a60bb7ffff,118.7,True
891f2a60bbbffff,181.7,False
891f2a60bc3ffff,4.9,True
891f2a60bc7ffff,14.4,True
891f2a60bcbffff,140.6,True
891f2a60bcfffff,112.1,True
891f2a60bd3ffff,137.0,True
891f2a60bd7ffff,182.6,True
891f2a60bdbffff,141.1,True
891f2a60c03ffff,20.4,True
891f2a60c07ffff,90.3,True
891f2a60c0bffff,0.0,True
891f2a60c0fffff,149.1,True
891f2a60c13ffff,92.6,True
891f2a60c17ffff,210.8,False
891f2a60c1bffff,17.1,True
891f2a60c23ffff,48.1,True
891f2a60c27ffff,23.8,True
891f2a60c2bffff,75.1,True
891f2a60c2fffff,66.4,True
891f2a60c33ffff,20.9,True
891f2a60c37ffff,106.1,True
891f2a60c3bffff,33.9,True
891f2a60c43ffff,275.1,False
891f2a60c47ffff,218.0,False
891f2a60c4bffff,228.9,False
891f2a60c4fffff,57.0,True
891f2a60c53ffff,188.6,False
891f2a60c57ffff,221.6,False
891f2a60c5bffff,241.3,False
891f2a60c63ffff,73.9,True
891f2a60c67ffff,56.4,True
891f2a60c6bffff,78.3,True
891f2a60c6fffff,48.9,True
891f2a60c73ffff,218.3,False
891f2a60c77ffff,72.3,True
891f2a60c7bffff,24.5,True
891f2a60c83ffff,0.0,True
891f2a60c87ffff,126.0,True
891f2a60c8bffff,0.0,True
891f2a60c8fffff,0.0,True
891f2a60c93ffff,189.5,False
891f2a60c97ffff,132.1,True
891f2a60c9bffff,60.1,True
891f2a60ca3ffff,89.4,True
891f2a60ca7ffff,315.9,False
891f2a60cabffff,149.3,True
891f2a60cafffff,31.3,True
891f2a60cb3ffff,172.8,False
891f2a60cb7ffff,186.3,False
891f2a60cbbffff,253.4,False
891f2a60cc3ffff,0.0,True
891f2a60cc7ffff,0.0,True
891f2a60ccbffff,149.6,True
891f2a60ccfffff,26.2,True
891f2a60cd3ffff,133.4,True
891f2a60cd7ffff,10.9,True
891f2a60cdbffff,280.3,False
891f2a60d03ffff,323.4,False
891f2a60d07ffff,552.6,False
891f2a60d0bffff,75.8,True
891f2a60d0fffff,347.6,False
891f2a60d13ffff,454.5,False
891f2a60d17ffff,629.9,False
891f2a60d1bffff,176.5,False
891f2a60d23ffff,448.2,False
891f2a60d27ffff,563.1,False
891f2a60d2bffff,148.3,True
891f2a60d2fffff,376.3,False
891f2a60d33ffff,442.9,False
891f2a60d37ffff,466.0,False
891f2a60d3bffff,295.4,False
891f2a60d43ffff,32.1,True
891f2a60d47ffff,105.4,True
891f2a60d4bffff,117.0,True
891f2a60d4fffff,64.4,True
891f2a60d53ffff,188.0,False
891f2a60d57ffff,89.9,True
891f2a60d5bffff,22.6,True
891f2a60d63ffff,292.6,False
891f2a60d67ffff,146.7,True
891f2a60d6bffff,182.7,False
891f2a60d6fffff,96.6,True
891f2a60d73ffff,230.3,False
891f2a60d77ffff,44.8,True
891f2a60d7bffff,259.4,False
891f2a60d83ffff,416.4,False
891f2a60d87ffff,477.3,False
891f2a60d8bffff,664.5,False
891f2a60d8fffff,672.2,False
891f2a60d93ffff,199.1,False
891f2a60d97ffff,172.2,False
891f2a60d9bffff,383.7,False
891f2a60da3ffff,103.5,True
891f2a60da7ffff,217.8,False
891f2a60dabffff,315.9,False
891f2a60dafffff,168.0,False
891f2a60db3ffff,397.5,False
891f2a60db7ffff,316.9,False
891f2a60dbbffff,432.9,False
891f2a60dc3ffff,465.4,False
891f2a60dc7ffff,392.9,False
891f2a60dcbffff,223.8,False
891f2a60dcfffff,161.4,False
891f2a60dd3ffff,431.2,False
891f2a60dd7ffff,448.4,False
891f2a60ddbffff,276.5,False
891f2a60e03ffff,176.2,False
891f2a60e07ffff,68.2,True
891f2a60e0bffff,379.3,False
891f2a60e0fffff,148.6,True
891f2a60e13ffff,255.5,False
891f2a60e17ffff,150.4,True
891f2a60e1bffff,104.1,True
891f2a60e23ffff,32.5,True
891f2a60e27ffff,196.9,False
891f2a60e2bffff,204.3,False
891f2a60e2fffff,162.5,True
891f2a60e33ffff,53.9,True
891f2a60e37ffff,0.0,True
891f2a60e3bffff,158.8,True
891f2a60e43ffff,163.8,True
891f2a60e47ffff,336.5,False
891f2a60e4bffff,107.1,True
891f2a60e4fffff,148.2,True
891f2a60e53ffff,0.0,True
891f2a60e57ffff,276.2,False
891f2a60e5bffff,222.8,False
891f2a60e63ffff,207.6,False
891f2a60e67ffff,0.0,True
891f2a60e6bffff,36.3,True
891f2a60e6fffff,289.0,False
891f2a60e73ffff,142.3,True
891f2a60e77ffff,116.4,True
891f2a60e7bffff,69.0,True
891f2a60e83ffff,72.3,True
891f2a60e87ffff,238.7,False
891f2a60e8bffff,72.5,True
891f2a60e8fffff,253.0,False
891f2a60e93ffff,277.4,False
891f2a60e97ffff,386.5,False
891f2a60e9bffff,182.1,False
891f2a60ea3ffff,161.7,False
891f2a60ea7ffff,46.7,True
891f2a60eabffff,207.9,False
891f2a60eafffff,47.9,True
891f2a60eb3ffff,173.1,False
891f2a60eb7ffff,196.5,False
891f2a60ebbffff,53.2,True
891f2a60ec3ffff,146.4,True
891f2a60ec7ffff,45.7,True
891f2a60ecbffff,188.2,False
891f2a60ecfffff,251.4,False
891f2a60ed3ffff,0.0,True
891f2a60ed7ffff,48.1,True
891f2a60edbffff,138.5,True
891f2a61127ffff,1091.2,False
891f2a61137ffff,817.8,False
891f2a611a3ffff,341.6,False
891f2a611a7ffff,344.9,False
891f2a611afffff,633.0,False
891f2a611b3ffff,71.6,True
891f2a611b7ffff,141.6,True
891f2a61507ffff,115.9,True
891f2a61517ffff,206.3,False
891f2a61523ffff,0.0,True
891f2a61527ffff,0.0,True
891f2a61533ffff,10.5,True
891f2a61537ffff,73.8,True
891f2a6153bffff,62.2,False
891f2a61583ffff,171.7,False
891f2a61587ffff,6.2,True
891f2a6158bffff,424.6,False
891f2a6158fffff,63.9,True
891f2a61593ffff,23.3,True
891f2a61597ffff,0.0,True
891f2a6159bffff,335.2,False
891f2a615a3ffff,0.0,True
891f2a615a7ffff,0.0,True
891f2a615abffff,0.0,True
891f2a615afffff,0.0,True
891f2a615b3ffff,0.0,True
891f2a615b7ffff,0.0,True
891f2a615bbffff,0.0,True
891f2a615d7ffff,609.2,False
891f2a61803ffff,0.0,True
891f2a61807ffff,53.8,True
891f2a61813ffff,4.3,True
891f2a61817ffff,0.0,True
891f2a6181bffff,37.6,True
891f2a61833ffff,152.6,False
891f2a61837ffff,201.0,False
891f2a61883ffff,211.8,False
891f2a61887ffff,14.2,True
891f2a6188bffff,303.4,False
891f2a6188fffff,18.2,True
891f2a61893ffff,21.3,True
891f2a61897ffff,84.0,True
891f2a6189bffff,330.5,False
891f2a618a3ffff,45.0,True
891f2a618a7ffff,131.2,True
891f2a618abffff,65.6,True
891f2a618afffff,0.0,True
891f2a618b3ffff,129.4,True
891f2a618b7ffff,112.7,True
891f2a618bbffff,141.7,True
891f2a618c7ffff,239.8,False
891f2a618d3ffff,650.2,False
891f2a618d7ffff,530.0,False
891f2a61903ffff,42.3,True
891f2a61907ffff,135.2,True
891f2a6190bffff,152.5,True
891f2a6190fffff,42.8,True
891f2a61913ffff,266.3,False
891f2a61917ffff,0.0,True
891f2a6191bffff,147.1,True
891f2a61923ffff,290.4,False
891f2a61927ffff,57.3,True
891f2a6192bffff,319.7,False
891f2a6192fffff,50.2,True
891f2a61933ffff,327.2,False
891f2a61937ffff,146.8,True
891f2a6193bffff,67.6,True
891f2a61947ffff,233.7,False
891f2a61953ffff,245.5,False
891f2a61957ffff,102.8,True
891f2a61963ffff,341.1,False
891f2a61967ffff,464.6,False
891f2a6196bffff,467.4,False
891f2a6196fffff,613.1,False
891f2a61973ffff,40.8,True
891f2a61977ffff,198.3,False
891f2a6197bffff,259.6,False
891f2a61983ffff,205.0,False
891f2a61987ffff,164.2,False
891f2a6198bffff,340.7,False
891f2a6198fffff,84.6,True
891f2a61993ffff,361.4,False
891f2a61997ffff,39.4,True
891f2a6199bffff,279.2,False
891f2a619a3ffff,256.5,False
891f2a619a7ffff,105.1,True
891f2a619abffff,273.1,False
891f2a619afffff,150.4,True
891f2a619b3ffff,230.8,False
891f2a619b7ffff,71.0,True
891f2a619bbffff,215.5,False
891f2a619c3ffff,90.3,True
891f2a619c7ffff,95.6,True
891f2a619cbffff,152.8,False
891f2a619cfffff,109.2,True
891f2a619d3ffff,100.2,True
891f2a619d7ffff,364.2,False
891f2a619dbffff,93.9,True
891f2a61c03ffff,553.4,False
891f2a61c07ffff,302.5,False
891f2a61c0bffff,556.4,False
891f2a61c0fffff,261.9,False
891f2a61c13ffff,820.0,False
891f2a61c17ffff,494.6,False
891f2a61c1bffff,815.7,False
891f2a61c23ffff,96.7,True
891f2a61c27ffff,195.8,False
891f2a61c2bffff,94.1,True
891f2a61c2fffff,170.8,False
891f2a61c33ffff,24.4,True
891f2a61c37ffff,122.0,True
891f2a61c3bffff,173.2,False
891f2a61c43ffff,974.8,False
891f2a61c47ffff,708.0,False
891f2a61c4fffff,795.8,False
891f2a61c53ffff,1186.5,False
891f2a61c57ffff,882.2,False
891f2a61c5bffff,1291.4,False
891f2a61c63ffff,374.6,False
891f2a61c67ffff,155.1,True
891f2a61c6bffff,618.1,False
891f2a61c6fffff,472.5,False
891f2a61c73ffff,372.2,False
891f2a61c77ffff,57.4,True
891f2a61c7bffff,589.0,False
891f2a61c83ffff,520.6,False
891f2a61c87ffff,303.2,False
891f2a61c8bffff,827.5,False
891f2a61c8fffff,619.6,False
891f2a61c93ffff,350.4,False
891f2a61c97ffff,213.3,False
891f2a61c9bffff,670.0,False
891f2a61ca3ffff,253.0,False
891f2a61ca7ffff,266.4,False
891f2a61cabffff,208.3,False
891f2a61cafffff,240.9,False
891f2a61cb3ffff,205.9,False
891f2a61cb7ffff,30.2,True
891f2a61cbbffff,467.4,False
891f2a61cc3ffff,725.1,False
891f2a61cc7ffff,958.3,False
891f2a61ccbffff,890.1,False
891f2a61ccfffff,1030.0,False
891f2a61cd3ffff,420.9,False
891f2a61cd7ffff,681.0,False
891f2a61cdbffff,602.6,False
891f2a61d03ffff,328.8,False
891f2a61d07ffff,123.7,True
891f2a61d0bffff,12.4,True
891f2a61d0fffff,142.0,True
891f2a61d13ffff,119.6,True
891f2a61d17ffff,93.2,True
891f2a61d1bffff,238.7,False
891f2a61d23ffff,4.1,True
891f2a61d27ffff,60.0,True
891f2a61d2bffff,171.5,False
891f2a61d2fffff,161.9,True
891f2a61d33ffff,104.5,True
891f2a61d37ffff,0.0,True
891f2a61d3bffff,8.8,True
891f2a61d43ffff,284.5,False
891f2a61d47ffff,225.6,False
891f2a61d4bffff,227.5,False
891f2a61d4fffff,250.7,False
891f2a61d53ffff,211.5,False
891f2a61d57ffff,144.0,True
891f2a61d5bffff,29.2,True
891f2a61d63ffff,5.1,True
891f2a61d67ffff,39.0,True
891f2a61d6bffff,294.9,False
891f2a61d6fffff,247.0,False
891f2a61d73ffff,92.7,True
891f2a61d77ffff,197.7,False
891f2a61d7bffff,298.3,False
891f2a61d83ffff,160.9,False
891f2a61d87ffff,39.7,True
891f2a61d8bffff,69.8,True
891f2a61d8fffff,140.6,True
891f2a61d93ffff,4.0,True
891f2a61d97ffff,7.9,True
891f2a61d9bffff,1.7,True
891f2a61da3ffff,0.0,True
891f2a61da7ffff,0.0,True
891f2a61dabffff,42.6,True
891f2a61dafffff,0.0,True
891f2a61db3ffff,227.8,False
891f2a61db7ffff,257.2,False
891f2a61dbbffff,125.1,True
891f2a61dc3ffff,156.1,False
891f2a61dc7ffff,37.8,True
891f2a61dcbffff,139.1,True
891f2a61dcfffff,0.0,True
891f2a61dd3ffff,77.3,True
891f2a61dd7ffff,0.0,True
891f2a61ddbffff,7.4,True
891f2a62003ffff,73.9,True
891f2a62007ffff,82.2,True
891f2a6200bffff,65.6,True
891f2a6200fffff,221.6,False
891f2a62013ffff,164.5,True
891f2a62017ffff,13.6,True
891f2a6201bffff,158.9,False
891f2a62023ffff,81.2,True
891f2a62027ffff,29.4,True
891f2a6202bffff,217.0,False
891f2a6202fffff,55.8,True
891f2a62033ffff,59.8,True
891f2a62037ffff,102.7,True
891f2a6203bffff,106.6,True
891f2a62043ffff,23.2,True
891f2a62047ffff,21.8,True
891f2a6204bffff,204.6,False
891f2a6204fffff,250.8,False
891f2a62053ffff,1.8,True
891f2a62057ffff,293.0,False
891f2a6205bffff,33.4,True
891f2a62063ffff,46.7,True
891f2a62067ffff,287.1,False
891f2a6206bffff,314.0,False
891f2a6206fffff,83.3,True
891f2a62073ffff,99.7,True
891f2a62077ffff,214.0,False
891f2a6207bffff,185.8,False
891f2a62083ffff,219.8,False
891f2a62087ffff,221.3,False
891f2a6208bffff,121.0,True
891f2a6208fffff,207.4,False
891f2a62093ffff,74.1,True
891f2a62097ffff,78.9,True
891f2a6209bffff,76.8,True
891f2a620a3ffff,276.7,False
891f2a620a7ffff,108.7,True
891f2a620abffff,245.2,False
891f2a620afffff,99.4,True
891f2a620b3ffff,45.5,True
891f2a620b7ffff,249.5,False
891f2a620bbffff,194.0,False
891f2a620c3ffff,57.4,True
891f2a620c7ffff,58.0,True
891f2a620cbffff,8.1,True
891f2a620cfffff,180.9,True
891f2a620d3ffff,0.0,True
891f2a620d7ffff,124.7,True
891f2a620dbffff,0.0,True
891f2a62103ffff,178.6,False
891f2a62107ffff,24.1,True
891f2a6210bffff,57.4,True
891f2a6210fffff,43.9,True
891f2a62113ffff,25.2,True
891f2a62117ffff,42.1,True
891f2a6211bffff,247.5,False
891f2a62123ffff,83.0,True
891f2a62127ffff,176.6,False
891f2a6212bffff,60.4,True
891f2a6212fffff,193.8,False
891f2a62133ffff,57.8,True
891f2a62137ffff,107.3,True
891f2a6213bffff,24.1,True
891f2a62143ffff,172.4,True
891f2a62147ffff,79.5,True
891f2a6214bffff,112.6,True
891f2a6214fffff,101.0,True
891f2a62153ffff,168.9,False
891f2a62157ffff,132.4,True
891f2a6215bffff,84.4,True
891f2a62163ffff,184.6,False
891f2a62167ffff,84.6,True
891f2a6216bffff,210.4,False
891f2a6216fffff,102.3,True
891f2a62173ffff,6.1,True
891f2a62177ffff,38.5,True
891f2a6217bffff,185.6,False
891f2a62183ffff,150.7,True
891f2a62187ffff,36.6,True
891f2a6218bffff,29.9,True
891f2a6218fffff,217.9,False
891f2a62193ffff,212.7,False
891f2a62197ffff,56.3,True
891f2a6219bffff,279.2,False
891f2a621a3ffff,135.4,True
891f2a621a7ffff,65.1,True
891f2a621abffff,0.0,True
891f2a621afffff,56.2,True
891f2a621b3ffff,375.3,False
891f2a621b7ffff,136.1,True
891f2a621bbffff,236.7,False
891f2a621c3ffff,163.3,True
891f2a621c7ffff,41.0,True
891f2a621cbffff,65.2,True
891f2a621cfffff,41.7,True
891f2a621d3ffff,6.3,True
891f2a621d7ffff,216.6,False
891f2a621dbffff,64.5,True
891f2a62203ffff,289.2,False
891f2a62207ffff,119.3,True
891f2a6220bffff,248.5,False
891f2a6220fffff,202.1,False
891f2a62213ffff,403.0,False
891f2a62217ffff,64.9,True
891f2a6221bffff,524.0,False
891f2a62223ffff,274.6,False
891f2a62227ffff,280.0,False
891f2a6222bffff,164.3,True
891f2a6222fffff,97.9,True
891f2a62233ffff,2.1,True
891f2a62237ffff,272.9,False
891f2a6223bffff,0.0,True
891f2a62243ffff,352.1,False
891f2a62247ffff,72.0,True
891f2a6224bffff,144.9,False
891f2a6224fffff,62.4,True
891f2a62253ffff,516.2,False
891f2a62257ffff,365.8,False
891f2a6225bffff,394.8,False
891f2a62263ffff,148.3,True
891f2a62267ffff,214.4,False
891f2a6226bffff,78.9,True
891f2a6226fffff,272.7,False
891f2a62273ffff,0.0,True
891f2a62277ffff,237.2,False
891f2a6227bffff,61.3,True
891f2a62283ffff,385.2,False
891f2a62287ffff,168.2,False
891f2a6228bffff,594.4,False
891f2a6228fffff,257.9,False
891f2a62293ffff,125.3,True
891f2a62297ffff,138.1,True
891f2a6229bffff,369.6,False
891f2a622a3ffff,18.6,True
891f2a622a7ffff,70.5,True
891f2a622abffff,48.6,True
891f2a622afffff,227.2,False
891f2a622b3ffff,149.1,True
891f2a622b7ffff,231.1,False
891f2a622bbffff,0.0,True
891f2a622c3ffff,889.6,False
891f2a622c7ffff,741.7,False
891f2a622cfffff,639.4,False
891f2a622d7ffff,638.6,False
891f2a62303ffff,0.0,True
891f2a62307ffff,180.1,False
891f2a6230bffff,67.4,True
891f2a6230fffff,5.9,True
891f2a62313ffff,21.7,True
891f2a62317ffff,12.8,True
891f2a6231bffff,245.6,False
891f2a62323ffff,94.3,True
891f2a62327ffff,54.0,True
891f2a6232bffff,45.2,True
891f2a6232fffff,21.5,True
891f2a62333ffff,219.6,False
891f2a62337ffff,59.2,True
891f2a6233bffff,15.2,True
891f2a62343ffff,160.9,True
891f2a62347ffff,94.0,True
891f2a6234bffff,75.0,True
891f2a6234fffff,202.3,False
891f2a62353ffff,172.6,True
891f2a62357ffff,155.5,False
891f2a6235bffff,63.3,True
891f2a62363ffff,36.9,True
891f2a62367ffff,296.3,False
891f2a6236bffff,0.0,True
891f2a6236fffff,303.7,False
891f2a62373ffff,71.5,True
891f2a62377ffff,77.4,True
891f2a6237bffff,93.6,True
891f2a62383ffff,32.8,True
891f2a62387ffff,1.4,True
891f2a6238bffff,16.1,True
891f2a6238fffff,0.0,True
891f2a62393ffff,319.5,False
891f2a62397ffff,154.3,True
891f2a6239bffff,102.8,True
891f2a623a3ffff,0.0,True
891f2a623a7ffff,4.5,True
891f2a623abffff,107.6,True
891f2a623afffff,106.4,True
891f2a623b3ffff,77.2,True
891f2a623b7ffff,0.0,True
891f2a623bbffff,0.0,True
891f2a623c3ffff,76.7,True
891f2a623c7ffff,0.0,True
891f2a623cbffff,0.0,True
891f2a623cfffff,80.9,True
891f2a623d3ffff,50.9,True
891f2a623d7ffff,74.7,True
891f2a623dbffff,174.0,False
891f2a62403ffff,51.7,True
891f2a62407ffff,0.0,True
891f2a6240bffff,76.3,True
891f2a6240fffff,0.0,True
891f2a62413ffff,16.2,True
891f2a62417ffff,0.0,True
891f2a6241bffff,138.6,True
891f2a62423ffff,86.2,True
891f2a62427ffff,314.2,False
891f2a6242bffff,174.9,False
891f2a6242fffff,163.6,False
891f2a62433ffff,105.8,True
891f2a62437ffff,339.2,False
891f2a6243bffff,130.0,True
891f2a62443ffff,16.0,True
891f2a62447ffff,0.0,True
891f2a6244bffff,290.2,False
891f2a6244fffff,284.7,False
891f2a62453ffff,60.2,True
891f2a62457ffff,94.9,True
891f2a62463ffff,19.9,True
891f2a62467ffff,84.2,True
891f2a6246bffff,15.2,True
891f2a6246fffff,0.0,True
891f2a62473ffff,62.4,True
891f2a62477ffff,9.9,True
891f2a6247bffff,176.6,False
891f2a62483ffff,234.7,False
891f2a62487ffff,266.2,False
891f2a6248bffff,0.0,True
891f2a6248fffff,162.9,True
891f2a62493ffff,82.7,True
891f2a62497ffff,49.5,True
891f2a6249bffff,241.7,False
891f2a624a3ffff,349.3,False
891f2a624a7ffff,414.1,False
891f2a624abffff,104.1,True
891f2a624afffff,404.4,False
891f2a624b3ffff,85.5,True
891f2a624b7ffff,257.3,False
891f2a624bbffff,98.2,True
891f2a624c7ffff,278.9,False
891f2a624cfffff,183.2,False
891f2a624d7ffff,252.2,False
891f2a62503ffff,157.4,True
891f2a62507ffff,251.4,False
891f2a6250bffff,150.2,True
891f2a6250fffff,75.1,True
891f2a62513ffff,106.8,True
891f2a62517ffff,57.0,True
891f2a6251bffff,130.4,True
891f2a62523ffff,157.5,True
891f2a62527ffff,199.6,False
891f2a6252bffff,314.7,False
891f2a6252fffff,89.4,True
891f2a62533ffff,84.6,True
891f2a62537ffff,154.2,False
891f2a6253bffff,337.6,False
891f2a62543ffff,142.2,True
891f2a62547ffff,143.5,True
891f2a6254bffff,116.5,True
891f2a6254fffff,152.4,True
891f2a62553ffff,150.0,True
891f2a62557ffff,158.3,True
891f2a6255bffff,126.2,True
891f2a62563ffff,281.0,False
891f2a62567ffff,448.9,False
891f2a6256bffff,92.6,True
891f2a6256fffff,243.9,False
891f2a62573ffff,68.0,True
891f2a62577ffff,191.1,False
891f2a6257bffff,97.2,True
891f2a62583ffff,63.6,True
891f2a62587ffff,213.6,False
891f2a6258bffff,187.8,False
891f2a6258fffff,193.8,False
891f2a62593ffff,142.8,True
891f2a62597ffff,197.2,False
891f2a6259bffff,79.2,True
891f2a625a3ffff,283.5,False
891f2a625a7ffff,363.1,False
891f2a625abffff,93.4,True
891f2a625afffff,113.4,True
891f2a625b3ffff,83.7,True
891f2a625b7ffff,399.8,False
891f2a625bbffff,325.6,False
891f2a625c3ffff,63.4,True
891f2a625c7ffff,277.2,False
891f2a625cbffff,48.7,True
891f2a625cfffff,43.8,True
891f2a625d3ffff,187.1,False
891f2a625d7ffff,267.5,False
891f2a625dbffff,188.2,False
891f2a62607ffff,211.1,False
891f2a62623ffff,243.4,False
891f2a62627ffff,52.9,True
891f2a6262bffff,73.0,True
891f2a6262fffff,82.1,True
891f2a62633ffff,37.9,True
891f2a62637ffff,141.0,True
891f2a6263bffff,210.2,False
891f2a62667ffff,183.9,False
891f2a6266fffff,417.0,False
891f2a62677ffff,227.2,False
891f2a626a3ffff,398.8,False
891f2a626a7ffff,142.6,True
891f2a626abffff,314.2,False
891f2a626afffff,314.4,False
891f2a626b3ffff,360.0,False
891f2a626b7ffff,84.8,True
891f2a626bbffff,560.8,False
891f2a62803ffff,354.5,False
891f2a62807ffff,284.0,False
891f2a6280bffff,141.8,True
891f2a6280fffff,216.4,False
891f2a62813ffff,351.7,False
891f2a62817ffff,36.1,True
891f2a6281bffff,199.9,False
891f2a62823ffff,20.3,True
891f2a62827ffff,158.4,True
891f2a6282bffff,18.6,True
891f2a6282fffff,129.6,True
891f2a62833ffff,23.9,True
891f2a62837ffff,167.0,True
891f2a6283bffff,93.2,True
891f2a62843ffff,94.3,True
891f2a62847ffff,96.5,True
891f2a6284bffff,72.7,True
891f2a6284fffff,78.2,True
891f2a62853ffff,167.4,True
891f2a62857ffff,94.1,True
891f2a6285bffff,188.9,False
891f2a62863ffff,27.3,True
891f2a62867ffff,0.0,True
891f2a6286bffff,22.5,True
891f2a6286fffff,79.4,True
891f2a62873ffff,219.4,False
891f2a62877ffff,18.0,True
891f2a6287bffff,35.5,True
891f2a62883ffff,0.0,True
891f2a62887ffff,63.4,True
891f2a6288bffff,230.4,False
891f2a6288fffff,237.6,False
891f2a62893ffff,199.8,False
891f2a62897ffff,120.6,True
891f2a6289bffff,121.1,True
891f2a628a3ffff,120.8,True
891f2a628a7ffff,165.7,True
891f2a628abffff,212.5,False
891f2a628afffff,246.5,False
891f2a628b3ffff,243.9,False
891f2a628b7ffff,2.7,True
891f2a628bbffff,168.8,True
891f2a628c3ffff,212.3,False
891f2a628c7ffff,192.7,False
891f2a628cbffff,177.0,True
891f2a628cfffff,74.2,True
891f2a628d3ffff,191.4,False
891f2a628d7ffff,24.0,True
891f2a628dbffff,115.9,True
891f2a62903ffff,89.0,True
891f2a62907ffff,24.1,True
891f2a6290bffff,0.0,True
891f2a6290fffff,237.9,False
891f2a62913ffff,220.5,False
891f2a62917ffff,157.7,True
891f2a6291bffff,164.9,True
891f2a62923ffff,6.3,True
891f2a62927ffff,0.0,True
891f2a6292bffff,13.4,True
891f2a6292fffff,183.1,False
891f2a62933ffff,158.6,True
891f2a62937ffff,0.0,True
891f2a6293bffff,159.5,False
891f2a62943ffff,57.7,True
891f2a62947ffff,195.6,False
891f2a6294bffff,130.5,True
891f2a6294fffff,90.6,True
891f2a62953ffff,164.6,False
891f2a62957ffff,235.2,False
891f2a6295bffff,315.6,False
891f2a62963ffff,13.8,True
891f2a62967ffff,199.9,False
891f2a6296bffff,159.9,True
891f2a6296fffff,318.8,False
891f2a62973ffff,106.3,True
891f2a62977ffff,45.5,True
891f2a6297bffff,102.5,True
891f2a62983ffff,39.2,True
891f2a62987ffff,144.0,True
891f2a6298bffff,248.0,False
891f2a6298fffff,8.2,True
891f2a62993ffff,71.8,True
891f2a62997ffff,30.5,True
891f2a6299bffff,173.1,True
891f2a629a3ffff,125.9,True
891f2a629a7ffff,301.3,False
891f2a629abffff,74.3,True
891f2a629afffff,141.0,True
891f2a629b3ffff,68.3,True
891f2a629b7ffff,8.0,True
891f2a629bbffff,0.0,True
891f2a629c3ffff,243.4,False
891f2a629c7ffff,254.3,False
891f2a629cbffff,0.0,True
891f2a629cfffff,0.0,True
891f2a629d3ffff,98.1,True
891f2a629d7ffff,0.0,True
891f2a629dbffff,69.3,True
891f2a62a03ffff,89.2,True
891f2a62a07ffff,118.3,True
891f2a62a0bffff,24.3,True
891f2a62a0fffff,82.6,True
891f2a62a13ffff,190.4,True
891f2a62a17ffff,108.2,True
891f2a62a1bffff,31.4,True
891f2a62a23ffff,67.3,True
891f2a62a27ffff,151.1,True
891f2a62a2bffff,90.2,True
891f2a62a2fffff,37.1,True
891f2a62a33ffff,207.9,False
891f2a62a37ffff,220.3,False
891f2a62a3bffff,14.3,True
891f2a62a43ffff,110.0,True
891f2a62a47ffff,68.8,True
891f2a62a4bffff,310.3,False
891f2a62a4fffff,52.3,True
891f2a62a53ffff,28.5,True
891f2a62a57ffff,82.6,True
891f2a62a5bffff,149.8,True
891f2a62a63ffff,196.0,False
891f2a62a67ffff,20.4,True
891f2a62a6bffff,33.5,True
891f2a62a6fffff,119.7,True
891f2a62a73ffff,122.2,True
891f2a62a77ffff,106.5,True
891f2a62a7bffff,125.1,True
891f2a62a83ffff,117.4,True
891f2a62a87ffff,169.8,False
891f2a62a8bffff,27.7,True
891f2a62a8fffff,1.1,True
891f2a62a93ffff,76.7,True
891f2a62a97ffff,75.2,True
891f2a62a9bffff,0.0,True
891f2a62aa3ffff,258.0,False
891f2a62aa7ffff,25.7,True
891f2a62aabffff,396.0,False
891f2a62aafffff,262.9,False
891f2a62ab3ffff,80.0,True
891f2a62ab7ffff,201.1,False
891f2a62abbffff,124.0,True
891f2a62ac3ffff,96.2,True
891f2a62ac7ffff,97.4,True
891f2a62acbffff,210.3,False
891f2a62acfffff,110.9,True
891f2a62ad3ffff,310.0,False
891f2a62ad7ffff,146.3,True
891f2a62adbffff,155.3,True
891f2a62b03ffff,179.0,True
891f2a62b07ffff,138.7,True
891f2a62b0bffff,0.0,True
891f2a62b0fffff,102.2,True
891f2a62b13ffff,36.1,True
891f2a62b17ffff,229.6,False
891f2a62b1bffff,140.3,True
891f2a62b23ffff,38.6,True
891f2a62b27ffff,71.2,True
891f2a62b2bffff,54.0,True
891f2a62b2fffff,44.0,True
891f2a62b33ffff,0.0,True
891f2a62b37ffff,99.4,True
891f2a62b3bffff,36.8,True
891f2a62b43ffff,3.1,True
891f2a62b47ffff,46.3,True
891f2a62b4bffff,55.3,True
891f2a62b4fffff,308.1,False
891f2a62b53ffff,0.0,True
891f2a62b57ffff,128.2,True
891f2a62b5bffff,185.9,False
891f2a62b63ffff,25.8,True
891f2a62b67ffff,149.1,True
891f2a62b6bffff,206.3,False
891f2a62b6fffff,149.0,True
891f2a62b73ffff,64.6,True
891f2a62b77ffff,104.9,True
891f2a62b7bffff,258.7,False
891f2a62b83ffff,115.8,True
891f2a62b87ffff,66.3,True
891f2a62b8bffff,35.6,True
891f2a62b8fffff,28.8,True
891f2a62b93ffff,141.5,True
891f2a62b97ffff,135.2,True
891f2a62b9bffff,142.5,True
891f2a62ba3ffff,127.0,True
891f2a62ba7ffff,108.9,True
891f2a62babffff,16.6,True
891f2a62bafffff,37.5,True
891f2a62bb3ffff,172.5,True
891f2a62bb7ffff,138.5,True
891f2a62bbbffff,50.6,True
891f2a62bc3ffff,302.4,False
891f2a62bc7ffff,75.7,True
891f2a62bcbffff,18.0,True
891f2a62bcfffff,41.3,True
891f2a62bd3ffff,201.0,False
891f2a62bd7ffff,299.7,False
891f2a62bdbffff,298.5,False
891f2a62c03ffff,126.1,True
891f2a62c07ffff,83.4,True
891f2a62c0bffff,19.5,True
891f2a62c0fffff,209.7,False
891f2a62c13ffff,0.0,True
891f2a62c17ffff,111.6,True
891f2a62c1bffff,69.3,True
891f2a62c23ffff,145.9,True
891f2a62c27ffff,177.3,False
891f2a62c2bffff,76.8,True
891f2a62c2fffff,66.0,True
891f2a62c33ffff,87.2,True
891f2a62c37ffff,121.2,True
891f2a62c3bffff,91.0,True
891f2a62c43ffff,123.0,True
891f2a62c47ffff,112.9,True
891f2a62c4bffff,101.9,True
891f2a62c4fffff,55.5,True
891f2a62c53ffff,90.2,True
891f2a62c57ffff,112.7,True
891f2a62c5bffff,90.9,True
891f2a62c63ffff,246.0,False
891f2a62c67ffff,10.6,True
891f2a62c6bffff,95.9,True
891f2a62c6fffff,78.1,True
891f2a62c73ffff,48.3,True
891f2a62c77ffff,225.9,False
891f2a62c7bffff,84.7,True
891f2a62c83ffff,27.3,True
891f2a62c87ffff,111.7,True
891f2a62c8bffff,176.5,True
891f2a62c8fffff,159.2,False
891f2a62c93ffff,84.8,True
891f2a62c97ffff,187.0,False
891f2a62c9bffff,140.7,True
891f2a62ca3ffff,189.7,False
891f2a62ca7ffff,0.0,True
891f2a62cabffff,148.3,True
891f2a62cafffff,104.3,True
891f2a62cb3ffff,170.4,False
891f2a62cb7ffff,152.7,False
891f2a62cbbffff,97.5,True
891f2a62cc3ffff,84.0,True
891f2a62cc7ffff,179.0,False
891f2a62ccbffff,228.5,False
891f2a62ccfffff,263.5,False
891f2a62cd3ffff,60.8,True
891f2a62cd7ffff,114.6,True
891f2a62cdbffff,106.7,True
891f2a62d03ffff,246.5,False
891f2a62d07ffff,273.8,False
891f2a62d0bffff,318.3,False
891f2a62d0fffff,8.9,True
891f2a62d13ffff,160.1,True
891f2a62d17ffff,159.3,True
891f2a62d1bffff,64.1,True
891f2a62d23ffff,198.4,False
891f2a62d27ffff,197.5,False
891f2a62d2bffff,85.1,True
891f2a62d2fffff,25.1,True
891f2a62d33ffff,67.5,True
891f2a62d37ffff,76.1,True
891f2a62d3bffff,176.8,True
891f2a62d43ffff,286.1,False
891f2a62d47ffff,184.5,False
891f2a62d4bffff,198.5,False
891f2a62d4fffff,212.8,False
891f2a62d53ffff,32.8,True
891f2a62d57ffff,244.0,False
891f2a62d5bffff,39.1,True
891f2a62d63ffff,144.2,True
891f2a62d67ffff,118.0,True
891f2a62d6bffff,97.6,True
891f2a62d6fffff,98.6,True
891f2a62d73ffff,99.9,True
891f2a62d77ffff,58.8,True
891f2a62d7bffff,96.7,True
891f2a62d83ffff,29.6,True
891f2a62d87ffff,209.2,False
891f2a62d8bffff,255.3,False
891f2a62d8fffff,262.6,False
891f2a62d93ffff,275.2,False
891f2a62d97ffff,186.1,False
891f2a62d9bffff,169.4,True
891f2a62da3ffff,304.3,False
891f2a62da7ffff,270.5,False
891f2a62dabffff,112.4,True
891f2a62dafffff,11.4,True
891f2a62db3ffff,260.7,False
891f2a62db7ffff,64.5,True
891f2a62dbbffff,129.3,True
891f2a62dc3ffff,114.0,True
891f2a62dc7ffff,0.0,True
891f2a62dcbffff,110.2,True
891f2a62dcfffff,184.4,False
891f2a62dd3ffff,205.2,False
891f2a62dd7ffff,31.7,True
891f2a62ddbffff,147.8,True
891f2a62e03ffff,26.3,True
891f2a62e07ffff,0.7,True
891f2a62e0bffff,107.9,True
891f2a62e0fffff,102.5,True
891f2a62e13ffff,110.0,True
891f2a62e17ffff,80.2,True
891f2a62e1bffff,55.6,True
891f2a62e23ffff,174.6,False
891f2a62e27ffff,65.2,True
891f2a62e2bffff,145.3,True
891f2a62e2fffff,44.5,True
891f2a62e33ffff,18.5,True
891f2a62e37ffff,55.9,True
891f2a62e3bffff,80.8,True
891f2a62e43ffff,35.4,True
891f2a62e47ffff,204.9,False
891f2a62e4bffff,250.8,False
891f2a62e4fffff,148.8,True
891f2a62e53ffff,249.6,False
891f2a62e57ffff,108.1,True
891f2a62e5bffff,55.2,True
891f2a62e63ffff,166.7,False
891f2a62e67ffff,82.3,True
891f2a62e6bffff,445.7,False
891f2a62e6fffff,107.0,True
891f2a62e73ffff,10.6,True
891f2a62e77ffff,84.1,True
891f2a62e7bffff,305.9,False
891f2a62e83ffff,244.4,False
891f2a62e87ffff,1.9,True
891f2a62e8bffff,14.9,True
891f2a62e8fffff,44.5,True
891f2a62e93ffff,121.6,True
891f2a62e97ffff,12.6,True
891f2a62e9bffff,29.9,True
891f2a62ea3ffff,267.4,False
891f2a62ea7ffff,59.5,True
891f2a62eabffff,0.0,True
891f2a62eafffff,158.5,True
891f2a62eb3ffff,56.4,True
891f2a62eb7ffff,180.2,False
891f2a62ebbffff,127.0,True
891f2a62ec3ffff,92.4,True
891f2a62ec7ffff,191.2,False
891f2a62ecbffff,108.1,True
891f2a62ecfffff,194.0,False
891f2a62ed3ffff,27.8,True
891f2a62ed7ffff,91.4,True
891f2a62edbffff,138.4,True
891f2a63103ffff,0.0,True
891f2a63107ffff,0.0,True
891f2a6310bffff,24.4,True
891f2a6310fffff,0.0,True
891f2a63113ffff,15.3,False
891f2a63117ffff,0.0,True
891f2a63123ffff,95.2,True
891f2a63127ffff,0.0,True
891f2a6312bffff,88.5,True
891f2a6312fffff,0.0,True
891f2a63133ffff,0.0,True
891f2a63137ffff,0.0,True
891f2a6313bffff,69.4,True
891f2a6314fffff,320.9,False
891f2a63163ffff,0.0,True
891f2a63167ffff,0.0,True
891f2a6316bffff,119.9,True
891f2a6316fffff,0.0,True
891f2a63173ffff,0.0,True
891f2a63177ffff,0.0,True
891f2a6317bffff,41.7,True
891f2a63183ffff,219.2,False
891f2a63187ffff,98.4,True
891f2a6318fffff,0.0,True
891f2a63197ffff,288.9,False
891f2a631a3ffff,0.0,True
891f2a631a7ffff,73.0,True
891f2a631abffff,0.0,True
891f2a631afffff,26.2,True
891f2a631b3ffff,45.1,True
891f2a631b7ffff,0.0,True
891f2a631bbffff,88.0,True
891f2a63303ffff,421.3,False
891f2a63307ffff,164.6,False
891f2a6330bffff,743.0,False
891f2a6330fffff,634.8,False
891f2a63313ffff,429.5,False
891f2a63317ffff,241.6,False
891f2a63323ffff,0.0,True
891f2a63327ffff,79.4,True
891f2a6332bffff,143.7,False
891f2a6332fffff,0.0,True
891f2a63333ffff,20.4,True
891f2a63337ffff,106.3,True
891f2a6333bffff,435.5,False
891f2a63367ffff,292.1,False
891f2a6336fffff,783.1,False
891f2a63373ffff,912.7,False
891f2a63377ffff,405.9,False
891f2a6338fffff,294.9,False
891f2a633a3ffff,83.2,True
891f2a633a7ffff,270.5,False
891f2a633abffff,18.8,True
891f2a633afffff,151.6,True
891f2a633b3ffff,227.5,False
891f2a633b7ffff,112.7,True
891f2a633bbffff,124.6,True
891f2a64003ffff,54.9,True
891f2a64007ffff,46.3,True
891f2a6400bffff,146.8,True
891f2a6400fffff,209.6,False
891f2a64013ffff,285.4,False
891f2a64017ffff,2.1,True
891f2a6401bffff,205.7,False
891f2a64023ffff,149.1,True
891f2a64027ffff,31.3,True
891f2a6402bffff,90.5,True
891f2a6402fffff,87.3,True
891f2a64033ffff,48.6,True
891f2a64037ffff,151.9,True
891f2a6403bffff,2.7,True
891f2a64043ffff,120.6,True
891f2a64047ffff,131.5,True
891f2a6404bffff,166.5,True
891f2a6404fffff,109.6,True
891f2a64053ffff,197.0,False
891f2a64057ffff,0.0,True
891f2a6405bffff,106.5,True
891f2a64063ffff,89.9,True
891f2a64067ffff,45.5,True
891f2a6406bffff,237.3,False
891f2a6406fffff,245.3,False
891f2a64073ffff,111.2,True
891f2a64077ffff,148.2,True
891f2a6407bffff,60.5,True
891f2a64083ffff,79.0,True
891f2a64087ffff,73.0,True
891f2a6408bffff,204.1,False
891f2a6408fffff,32.4,True
891f2a64093ffff,0.0,True
891f2a64097ffff,199.5,False
891f2a6409bffff,230.4,False
891f2a640a3ffff,233.7,False
891f2a640a7ffff,16.1,True
891f2a640abffff,129.0,True
891f2a640afffff,199.6,False
891f2a640b3ffff,261.6,False
891f2a640b7ffff,93.6,True
891f2a640bbffff,201.6,False
891f2a640c3ffff,195.9,False
891f2a640c7ffff,21.3,True
891f2a640cbffff,218.2,False
891f2a640cfffff,96.7,True
891f2a640d3ffff,197.9,False
891f2a640d7ffff,29.6,True
891f2a640dbffff,380.4,False
891f2a64103ffff,68.6,True
891f2a64107ffff,136.5,True
891f2a6410bffff,153.0,True
891f2a6410fffff,251.2,False
891f2a64113ffff,0.0,True
891f2a64117ffff,51.0,True
891f2a6411bffff,119.1,True
891f2a64123ffff,262.4,False
891f2a64127ffff,226.3,False
891f2a6412bffff,138.8,True
891f2a6412fffff,123.0,True
891f2a64133ffff,198.9,False
891f2a64137ffff,60.2,True
891f2a6413bffff,70.4,True
891f2a64143ffff,176.9,False
891f2a64147ffff,188.6,False
891f2a6414bffff,107.0,True
891f2a6414fffff,0.0,True
891f2a64153ffff,99.5,True
891f2a64157ffff,40.4,True
891f2a6415bffff,77.1,True
891f2a64163ffff,155.0,True
891f2a64167ffff,100.3,True
891f2a6416bffff,130.7,True
891f2a6416fffff,309.2,False
891f2a64173ffff,153.0,True
891f2a64177ffff,70.6,True
891f2a6417bffff,64.2,True
891f2a64183ffff,158.1,True
891f2a64187ffff,216.6,False
891f2a6418bffff,55.9,True
891f2a6418fffff,65.8,True
891f2a64193ffff,112.8,True
891f2a64197ffff,0.0,True
891f2a6419bffff,214.9,False
891f2a641a3ffff,75.8,True
891f2a641a7ffff,135.4,True
891f2a641abffff,70.5,True
891f2a641afffff,173.9,False
891f2a641b3ffff,150.6,True
891f2a641b7ffff,56.0,True
891f2a641bbffff,189.4,False
891f2a641c3ffff,221.2,False
891f2a641c7ffff,48.2,True
891f2a641cbffff,121.3,True
891f2a641cfffff,37.0,True
891f2a641d3ffff,129.2,True
891f2a641d7ffff,116.6,True
891f2a641dbffff,61.1,True
891f2a64203ffff,902.8,False
891f2a64207ffff,789.2,False
891f2a6420bffff,975.2,False
891f2a6420fffff,1062.3,False
891f2a64213ffff,627.1,False
891f2a64217ffff,726.5,False
891f2a6421bffff,669.9,False
891f2a64223ffff,569.9,False
891f2a64227ffff,493.9,False
891f2a6422bffff,887.2,False
891f2a6422fffff,767.8,False
891f2a64233ffff,479.4,False
891f2a64237ffff,257.0,False
891f2a6423bffff,782.1,False
891f2a64243ffff,1073.3,False
891f2a64247ffff,1132.5,False
891f2a6424bffff,777.2,False
891f2a6424fffff,914.6,False
891f2a64253ffff,821.7,False
891f2a64257ffff,836.4,False
891f2a6425bffff,905.5,False
891f2a64263ffff,1107.3,False
891f2a64267ffff,984.8,False
891f2a6426bffff,817.9,False
891f2a6426fffff,801.9,False
891f2a64273ffff,1280.6,False
891f2a64277ffff,1094.4,False
891f2a6427bffff,1042.9,False
891f2a64283ffff,143.2,True
891f2a64287ffff,345.7,False
891f2a6428bffff,397.7,False
891f2a6428fffff,440.7,False
891f2a64293ffff,22.9,True
891f2a64297ffff,134.1,True
891f2a6429bffff,266.8,False
891f2a642a3ffff,381.8,False
891f2a642a7ffff,183.8,False
891f2a642abffff,567.0,False
891f2a642afffff,228.2,False
891f2a642b3ffff,97.1,True
891f2a642b7ffff,324.5,False
891f2a642bbffff,409.8,False
891f2a642c3ffff,304.8,False
891f2a642c7ffff,365.1,False
891f2a642cbffff,617.8,False
891f2a642cfffff,550.7,False
891f2a642d3ffff,236.2,False
891f2a642d7ffff,66.4,True
891f2a642dbffff,479.1,False
891f2a64303ffff,537.5,False
891f2a64307ffff,488.9,False
891f2a6430bffff,849.1,False
891f2a6430fffff,754.9,False
891f2a64313ffff,411.6,False
891f2a64317ffff,237.5,False
891f2a6431bffff,605.2,False
891f2a64323ffff,475.8,False
891f2a64327ffff,284.6,False
891f2a6432bffff,625.8,False
891f2a6432fffff,409.4,False
891f2a64333ffff,539.4,False
891f2a64337ffff,202.3,False
891f2a6433bffff,761.4,False
891f2a64343ffff,752.6,False
891f2a64347ffff,845.3,False
891f2a6434bffff,502.0,False
891f2a6434fffff,530.2,False
891f2a64353ffff,621.6,False
891f2a64357ffff,745.8,False
891f2a6435bffff,779.9,False
891f2a64363ffff,1009.9,False
891f2a64367ffff,691.8,False
891f2a6436bffff,737.0,False
891f2a6436fffff,877.2,False
891f2a64373ffff,1045.3,False
891f2a64377ffff,919.6,False
891f2a6437bffff,731.8,False
891f2a64383ffff,171.1,True
891f2a64387ffff,120.5,True
891f2a6438bffff,277.0,False
891f2a6438fffff,147.8,True
891f2a64393ffff,120.3,True
891f2a64397ffff,84.1,True
891f2a6439bffff,77.1,True
891f2a643a3ffff,227.0,False
891f2a643a7ffff,49.7,True
891f2a643abffff,243.4,False
891f2a643afffff,309.2,False
891f2a643b3ffff,232.0,False
891f2a643b7ffff,86.9,True
891f2a643bbffff,52.3,True
891f2a643c3ffff,206.1,False
891f2a643c7ffff,309.3,False
891f2a643cbffff,320.3,False
891f2a643cfffff,453.9,False
891f2a643d3ffff,218.0,False
891f2a643d7ffff,41.0,True
891f2a643dbffff,46.9,True
891f2a64403ffff,83.3,True
891f2a64407ffff,130.7,True
891f2a6440bffff,115.6,True
891f2a6440fffff,60.5,True
891f2a64413ffff,90.6,True
891f2a64417ffff,80.4,True
891f2a6441bffff,178.5,False
891f2a64423ffff,140.6,True
891f2a64427ffff,37.6,True
891f2a6442bffff,80.1,True
891f2a6442fffff,108.4,True
891f2a64433ffff,85.1,True
891f2a64437ffff,15.8,True
891f2a6443bffff,17.4,True
891f2a64443ffff,123.3,True
891f2a64447ffff,0.0,True
891f2a6444bffff,114.3,True
891f2a6444fffff,103.2,True
891f2a64453ffff,105.5,True
891f2a64457ffff,62.8,True
891f2a6445bffff,111.4,True
891f2a64463ffff,380.1,False
891f2a64467ffff,171.2,False
891f2a6446bffff,224.5,False
891f2a6446fffff,74.9,True
891f2a64473ffff,206.0,False
891f2a64477ffff,200.4,False
891f2a6447bffff,166.2,False
891f2a64483ffff,14.4,True
891f2a64487ffff,27.2,True
891f2a6448bffff,207.0,False
891f2a6448fffff,34.0,True
891f2a64493ffff,172.2,False
891f2a64497ffff,21.4,True
891f2a6449bffff,0.0,True
891f2a644a3ffff,236.2,False
891f2a644a7ffff,51.4,True
891f2a644abffff,155.4,True
891f2a644afffff,101.9,True
891f2a644b3ffff,138.0,True
891f2a644b7ffff,72.9,True
891f2a644bbffff,0.0,True
891f2a644c3ffff,0.0,True
891f2a644c7ffff,70.0,True
891f2a644cbffff,0.2,True
891f2a644cfffff,118.2,True
891f2a644d3ffff,31.0,True
891f2a644d7ffff,45.8,True
891f2a644dbffff,37.4,True
891f2a64503ffff,183.9,False
891f2a64507ffff,86.3,True
891f2a6450bffff,180.9,False
891f2a6450fffff,171.6,True
891f2a64513ffff,47.6,True
891f2a64517ffff,37.3,True
891f2a6451bffff,186.8,False
891f2a64523ffff,61.5,True
891f2a64527ffff,90.7,True
891f2a6452bffff,171.5,True
891f2a6452fffff,0.8,True
891f2a64533ffff,16.9,True
891f2a64537ffff,55.8,True
891f2a6453bffff,143.7,True
891f2a64543ffff,74.5,True
891f2a64547ffff,26.3,True
891f2a6454bffff,127.3,True
891f2a6454fffff,27.8,True
891f2a64553ffff,204.6,False
891f2a64557ffff,42.9,True
891f2a6455bffff,166.3,True
891f2a64563ffff,36.1,True
891f2a64567ffff,42.8,True
891f2a6456bffff,48.1,True
891f2a6456fffff,0.0,True
891f2a64573ffff,216.7,False
891f2a64577ffff,82.1,True
891f2a6457bffff,136.8,True
891f2a64583ffff,0.0,True
891f2a64587ffff,178.4,False
891f2a6458bffff,96.5,True
891f2a6458fffff,27.5,True
891f2a64593ffff,106.3,True
891f2a64597ffff,172.7,False
891f2a6459bffff,9.3,True
891f2a645a3ffff,182.2,False
891f2a645a7ffff,121.6,True
891f2a645abffff,42.3,True
891f2a645afffff,196.2,False
891f2a645b3ffff,84.2,True
891f2a645b7ffff,110.0,True
891f2a645bbffff,83.5,True
891f2a645c3ffff,53.1,True
891f2a645c7ffff,236.5,False
891f2a645cbffff,212.1,False
891f2a645cfffff,28.8,True
891f2a645d3ffff,0.0,True
891f2a645d7ffff,270.7,False
891f2a645dbffff,174.4,True
891f2a64603ffff,203.2,False
891f2a64607ffff,82.0,True
891f2a6460bffff,136.7,True
891f2a6460fffff,159.2,True
891f2a64613ffff,376.6,False
891f2a64617ffff,144.7,True
891f2a6461bffff,424.6,False
891f2a64623ffff,158.0,True
891f2a64627ffff,82.4,True
891f2a6462bffff,53.1,True
891f2a6462fffff,65.6,True
891f2a64633ffff,201.5,False
891f2a64637ffff,82.7,True
891f2a6463bffff,162.4,False
891f2a64643ffff,245.6,False
891f2a64647ffff,47.0,True
891f2a6464bffff,518.7,False
891f2a6464fffff,204.6,False
891f2a64653ffff,439.7,False
891f2a64657ffff,201.7,False
891f2a6465bffff,579.4,False
891f2a64663ffff,393.6,False
891f2a64667ffff,334.9,False
891f2a6466bffff,435.3,False
891f2a6466fffff,185.7,False
891f2a64673ffff,115.3,True
891f2a64677ffff,248.2,False
891f2a6467bffff,158.2,True
891f2a64683ffff,373.3,False
891f2a64687ffff,50.9,True
891f2a6468bffff,595.7,False
891f2a6468fffff,307.6,False
891f2a64693ffff,578.7,False
891f2a64697ffff,262.9,False
891f2a6469bffff,711.1,False
891f2a646a3ffff,211.7,False
891f2a646a7ffff,197.2,False
891f2a646abffff,65.6,True
891f2a646afffff,173.4,False
891f2a646b3ffff,156.8,True
891f2a646b7ffff,67.0,True
891f2a646bbffff,85.4,True
891f2a646c3ffff,809.0,False
891f2a646c7ffff,698.3,False
891f2a646cbffff,716.2,False
891f2a646cfffff,504.3,False
891f2a646d3ffff,838.0,False
891f2a646d7ffff,919.2,False
891f2a646dbffff,802.0,False
891f2a64803ffff,193.1,False
891f2a64807ffff,34.5,True
891f2a6480bffff,130.3,True
891f2a6480fffff,173.6,True
891f2a64813ffff,143.2,True
891f2a64817ffff,59.6,True
891f2a6481bffff,12.4,True
891f2a64823ffff,78.3,True
891f2a64827ffff,95.5,True
891f2a6482bffff,69.3,True
891f2a6482fffff,108.2,True
891f2a64833ffff,59.5,True
891f2a64837ffff,262.9,False
891f2a6483bffff,130.0,True
891f2a64843ffff,442.0,False
891f2a64847ffff,104.9,True
891f2a6484bffff,668.0,False
891f2a6484fffff,371.7,False
891f2a64853ffff,251.9,False
891f2a64857ffff,243.7,False
891f2a6485bffff,571.4,False
891f2a64863ffff,197.6,False
891f2a64867ffff,99.5,True
891f2a6486bffff,191.8,False
891f2a6486fffff,268.0,False
891f2a64873ffff,89.6,True
891f2a64877ffff,88.4,True
891f2a6487bffff,101.5,True
891f2a64883ffff,118.0,True
891f2a64887ffff,4.8,True
891f2a6488bffff,245.3,False
891f2a6488fffff,98.1,True
891f2a64893ffff,108.8,True
891f2a64897ffff,0.0,True
891f2a6489bffff,157.3,True
891f2a648a3ffff,94.4,True
891f2a648a7ffff,312.3,False
891f2a648abffff,151.1,True
891f2a648afffff,172.8,True
891f2a648b3ffff,114.4,True
891f2a648b7ffff,205.0,False
891f2a648bbffff,128.5,True
891f2a648c3ffff,158.8,False
891f2a648c7ffff,188.6,False
891f2a648cbffff,251.8,False
891f2a648cfffff,0.0,True
891f2a648d3ffff,175.9,False
891f2a648d7ffff,400.6,False
891f2a648dbffff,31.7,True
891f2a64903ffff,32.5,True
891f2a6490bffff,0.0,True
891f2a64913ffff,0.0,True
891f2a64917ffff,74.9,False
891f2a6491bffff,27.8,True
891f2a64943ffff,61.8,True
891f2a64947ffff,104.4,True
891f2a6494bffff,113.5,True
891f2a6494fffff,168.8,False
891f2a64953ffff,127.6,True
891f2a64957ffff,183.0,False
891f2a6495bffff,206.1,False
891f2a64963ffff,168.0,False
891f2a6496bffff,94.3,True
891f2a6496fffff,95.6,False
891f2a64973ffff,0.0,True
891f2a6497bffff,80.3,True
891f2a64983ffff,0.0,True
891f2a6498bffff,0.0,True
891f2a6498fffff,0.0,True
891f2a64993ffff,45.4,True
891f2a64997ffff,144.3,False
891f2a6499bffff,12.6,True
891f2a649c3ffff,98.5,True
891f2a649c7ffff,74.8,True
891f2a649cbffff,212.6,False
891f2a649cfffff,295.0,False
891f2a649d3ffff,4.7,True
891f2a649d7ffff,188.8,False
891f2a649dbffff,142.9,True
891f2a64a03ffff,317.7,False
891f2a64a07ffff,52.9,True
891f2a64a0bffff,280.1,False
891f2a64a0fffff,217.4,False
891f2a64a13ffff,569.0,False
891f2a64a17ffff,341.4,False
891f2a64a1bffff,357.3,False
891f2a64a23ffff,333.0,False
891f2a64a27ffff,331.2,False
891f2a64a2bffff,122.9,True
891f2a64a2fffff,426.7,False
891f2a64a33ffff,344.4,False
891f2a64a37ffff,349.9,False
891f2a64a3bffff,134.7,True
891f2a64a43ffff,196.8,False
891f2a64a47ffff,152.5,True
891f2a64a4bffff,150.2,True
891f2a64a4fffff,298.3,False
891f2a64a53ffff,68.0,True
891f2a64a57ffff,55.2,True
891f2a64a5bffff,103.8,True
891f2a64a63ffff,117.1,True
891f2a64a67ffff,54.0,True
891f2a64a6bffff,397.7,False
891f2a64a6fffff,324.8,False
891f2a64a73ffff,124.6,True
891f2a64a77ffff,7.3,True
891f2a64a7bffff,307.6,False
891f2a64a83ffff,800.4,False
891f2a64a87ffff,844.8,False
891f2a64a8bffff,656.3,False
891f2a64a8fffff,645.8,False
891f2a64a93ffff,709.8,False
891f2a64a97ffff,890.8,False
891f2a64a9bffff,461.9,False
891f2a64aa3ffff,649.0,False
891f2a64aa7ffff,466.1,False
891f2a64aabffff,367.7,False
891f2a64aafffff,541.4,False
891f2a64ab3ffff,653.2,False
891f2a64ab7ffff,342.1,False
891f2a64abbffff,576.8,False
891f2a64ac3ffff,127.3,True
891f2a64ac7ffff,456.9,False
891f2a64acbffff,63.8,True
891f2a64acfffff,143.4,True
891f2a64ad3ffff,210.3,False
891f2a64ad7ffff,356.6,False
891f2a64adbffff,185.0,False
891f2a64b03ffff,76.6,True
891f2a64b07ffff,204.1,False
891f2a64b0bffff,120.1,True
891f2a64b0fffff,110.7,True
891f2a64b13ffff,36.9,True
891f2a64b17ffff,5.1,True
891f2a64b1bffff,93.0,True
891f2a64b23ffff,85.4,True
891f2a64b27ffff,56.4,True
891f2a64b2bffff,94.5,True
891f2a64b2fffff,14.6,True
891f2a64b33ffff,67.6,True
891f2a64b37ffff,31.0,True
891f2a64b3bffff,203.6,False
891f2a64b43ffff,154.6,True
891f2a64b47ffff,94.9,True
891f2a64b4bffff,332.0,False
891f2a64b4fffff,37.3,True
891f2a64b53ffff,238.8,False
891f2a64b57ffff,21.0,True
891f2a64b5bffff,467.0,False
891f2a64b63ffff,2.8,True
891f2a64b67ffff,17.1,True
891f2a64b6bffff,232.8,False
891f2a64b6fffff,144.6,True
891f2a64b73ffff,86.1,True
891f2a64b77ffff,111.3,True
891f2a64b7bffff,79.4,True
891f2a64b83ffff,229.2,False
891f2a64b87ffff,55.6,True
891f2a64b8bffff,276.7,False
891f2a64b8fffff,13.5,True
891f2a64b93ffff,71.2,True
891f2a64b97ffff,226.1,False
891f2a64b9bffff,4.6,True
891f2a64ba3ffff,209.6,False
891f2a64ba7ffff,16.8,True
891f2a64babffff,317.2,False
891f2a64bafffff,210.6,False
891f2a64bb3ffff,215.2,False
891f2a64bb7ffff,57.6,True
891f2a64bbbffff,102.0,True
891f2a64bc3ffff,82.1,True
891f2a64bc7ffff,252.7,False
891f2a64bcbffff,20.0,True
891f2a64bcfffff,226.4,False
891f2a64bd3ffff,208.0,False
891f2a64bd7ffff,124.9,True
891f2a64bdbffff,254.5,False
891f2a64c03ffff,23.0,True
891f2a64c07ffff,244.2,False
891f2a64c0bffff,143.3,True
891f2a64c0fffff,197.1,False
891f2a64c13ffff,180.2,False
891f2a64c17ffff,286.6,False
891f2a64c1bffff,125.2,True
891f2a64c23ffff,70.9,True
891f2a64c27ffff,83.1,True
891f2a64c2bffff,145.9,True
891f2a64c2fffff,174.0,True
891f2a64c33ffff,152.2,True
891f2a64c37ffff,18.6,True
891f2a64c3bffff,5.9,True
891f2a64c43ffff,21.5,True
891f2a64c47ffff,0.0,True
891f2a64c4bffff,76.3,True
891f2a64c4fffff,198.2,False
891f2a64c53ffff,40.5,True
891f2a64c57ffff,10.4,True
891f2a64c5bffff,106.8,True
891f2a64c63ffff,0.0,True
891f2a64c67ffff,275.4,False
891f2a64c6bffff,170.5,True
891f2a64c6fffff,269.3,False
891f2a64c73ffff,143.4,True
891f2a64c77ffff,200.9,False
891f2a64c7bffff,94.1,True
891f2a64c83ffff,44.8,True
891f2a64c87ffff,0.0,True
891f2a64c8bffff,260.0,False
891f2a64c8fffff,0.0,True
891f2a64c93ffff,134.7,True
891f2a64c97ffff,156.1,True
891f2a64c9bffff,54.1,True
891f2a64ca3ffff,374.1,False
891f2a64ca7ffff,38.0,True
891f2a64cabffff,452.3,False
891f2a64cafffff,279.9,False
891f2a64cb3ffff,253.4,False
891f2a64cb7ffff,318.4,False
891f2a64cbbffff,233.1,False
891f2a64cc3ffff,167.6,False
891f2a64cc7ffff,0.0,True
891f2a64ccbffff,139.4,True
891f2a64ccfffff,74.3,True
891f2a64cd3ffff,0.0,True
891f2a64cd7ffff,64.6,True
891f2a64cdbffff,253.4,False
891f2a64d03ffff,195.4,False
891f2a64d07ffff,0.0,True
891f2a64d0bffff,325.3,False
891f2a64d0fffff,226.1,False
891f2a64d13ffff,291.6,False
891f2a64d17ffff,0.0,True
891f2a64d1bffff,448.6,False
891f2a64d23ffff,140.5,True
891f2a64d27ffff,48.1,True
891f2a64d2bffff,129.6,True
891f2a64d2fffff,20.3,True
891f2a64d33ffff,281.3,False
891f2a64d37ffff,0.0,True
891f2a64d3bffff,255.7,False
891f2a64d43ffff,60.1,True
891f2a64d47ffff,284.8,False
891f2a64d4bffff,56.8,True
891f2a64d4fffff,71.6,True
891f2a64d53ffff,39.7,True
891f2a64d57ffff,351.7,False
891f2a64d5bffff,120.1,True
891f2a64d63ffff,81.9,True
891f2a64d67ffff,78.4,True
891f2a64d6bffff,147.4,True
891f2a64d6fffff,114.9,True
891f2a64d73ffff,41.9,True
891f2a64d77ffff,186.8,False
891f2a64d7bffff,192.2,False
891f2a64d83ffff,0.0,True
891f2a64d87ffff,163.1,False
891f2a64d8bffff,9.9,True
891f2a64d8fffff,257.9,False
891f2a64d93ffff,84.1,True
891f2a64d97ffff,236.0,False
891f2a64d9bffff,170.2,False
891f2a64da3ffff,56.8,True
891f2a64da7ffff,105.6,True
891f2a64dabffff,122.0,True
891f2a64dafffff,131.3,True
891f2a64db3ffff,256.7,False
891f2a64db7ffff,43.9,True
891f2a64dbbffff,95.7,True
891f2a64dc3ffff,94.4,True
891f2a64dc7ffff,148.4,True
891f2a64dcbffff,38.3,True
891f2a64dcfffff,222.7,False
891f2a64dd3ffff,55.2,True
891f2a64dd7ffff,16.3,True
891f2a64ddbffff,163.7,True
891f2a64e03ffff,395.3,False
891f2a64e07ffff,382.8,False
891f2a64e0bffff,394.2,False
891f2a64e0fffff,686.6,False
891f2a64e13ffff,124.6,True
891f2a64e17ffff,267.4,False
891f2a64e1bffff,253.4,False
891f2a64e23ffff,656.3,False
891f2a64e27ffff,512.2,False
891f2a64e2bffff,741.0,False
891f2a64e2fffff,810.9,False
891f2a64e33ffff,352.5,False
891f2a64e37ffff,342.5,False
891f2a64e3bffff,589.4,False
891f2a64e43ffff,30.6,True
891f2a64e47ffff,172.5,True
891f2a64e4bffff,264.8,False
891f2a64e4fffff,66.8,True
891f2a64e53ffff,221.6,False
891f2a64e57ffff,72.8,True
891f2a64e5bffff,369.7,False
891f2a64e63ffff,282.1,False
891f2a64e67ffff,427.0,False
891f2a64e6bffff,188.8,False
891f2a64e6fffff,127.3,True
891f2a64e73ffff,481.3,False
891f2a64e77ffff,568.1,False
891f2a64e7bffff,313.6,False
891f2a64e83ffff,60.9,True
891f2a64e87ffff,138.4,True
891f2a64e8bffff,132.2,True
891f2a64e8fffff,107.9,True
891f2a64e93ffff,36.4,True
891f2a64e97ffff,30.8,True
891f2a64e9bffff,0.0,True
891f2a64ea3ffff,147.5,True
891f2a64ea7ffff,0.0,True
891f2a64eabffff,66.1,True
891f2a64eafffff,271.1,False
891f2a64eb3ffff,47.1,True
891f2a64eb7ffff,118.8,True
891f2a64ebbffff,120.6,True
891f2a64ec3ffff,257.0,False
891f2a64ec7ffff,32.3,True
891f2a64ecbffff,96.8,True
891f2a64ecfffff,193.3,False
891f2a64ed3ffff,352.4,False
891f2a64ed7ffff,303.7,False
891f2a64edbffff,117.2,True
891f2a65003ffff,144.5,True
891f2a65007ffff,197.7,False
891f2a6500bffff,77.4,True
891f2a6500fffff,99.1,True
891f2a65013ffff,300.3,False
891f2a65017ffff,40.8,True
891f2a6501bffff,180.1,True
891f2a65023ffff,318.7,False
891f2a65027ffff,246.0,False
891f2a6502bffff,320.7,False
891f2a6502fffff,15.4,True
891f2a65033ffff,30.2,True
891f2a65037ffff,67.4,True
891f2a6503bffff,322.0,False
891f2a65043ffff,11.0,True
891f2a65047ffff,47.2,True
891f2a6504bffff,102.8,True
891f2a6504fffff,24.1,True
891f2a65053ffff,107.1,True
891f2a65057ffff,107.3,True
891f2a6505bffff,46.9,True
891f2a65063ffff,0.0,True
891f2a65067ffff,57.3,True
891f2a6506bffff,145.7,True
891f2a6506fffff,0.0,True
891f2a65073ffff,21.9,True
891f2a65077ffff,264.0,False
891f2a6507bffff,54.5,True
891f2a65083ffff,83.8,True
891f2a65087ffff,93.9,True
891f2a6508bffff,0.0,True
891f2a6508fffff,41.7,True
891f2a65093ffff,124.8,True
891f2a65097ffff,185.2,False
891f2a6509bffff,198.1,False
891f2a650a3ffff,220.3,False
891f2a650a7ffff,34.7,True
891f2a650abffff,162.8,False
891f2a650afffff,137.7,True
891f2a650b3ffff,18.8,True
891f2a650b7ffff,142.7,True
891f2a650bbffff,47.6,True
891f2a650c3ffff,166.2,True
891f2a650c7ffff,60.0,True
891f2a650cbffff,46.7,True
891f2a650cfffff,67.7,True
891f2a650d3ffff,203.8,False
891f2a650d7ffff,162.6,False
891f2a650dbffff,200.4,False
891f2a65103ffff,42.7,True
891f2a65107ffff,61.9,True
891f2a6510bffff,16.9,True
891f2a6510fffff,85.5,True
891f2a65113ffff,269.7,False
891f2a65117ffff,0.0,True
891f2a6511bffff,36.7,True
891f2a65123ffff,128.0,True
891f2a65127ffff,276.7,False
891f2a6512bffff,45.3,True
891f2a6512fffff,257.4,False
891f2a65133ffff,184.3,False
891f2a65137ffff,18.2,True
891f2a6513bffff,1.8,True
891f2a65143ffff,95.6,True
891f2a65147ffff,153.0,True
891f2a6514bffff,170.0,True
891f2a6514fffff,126.5,True
891f2a65153ffff,155.9,True
891f2a65157ffff,57.7,True
891f2a6515bffff,0.0,True
891f2a65163ffff,109.0,True
891f2a65167ffff,193.4,False
891f2a6516bffff,77.8,True
891f2a6516fffff,83.2,True
891f2a65173ffff,224.3,False
891f2a65177ffff,128.2,True
891f2a6517bffff,221.7,False
891f2a65183ffff,589.0,False
891f2a65187ffff,490.3,False
891f2a6518bffff,317.0,False
891f2a6518fffff,284.3,False
891f2a65193ffff,687.8,False
891f2a65197ffff,766.1,False
891f2a6519bffff,369.9,False
891f2a651a3ffff,535.0,False
891f2a651a7ffff,519.0,False
891f2a651abffff,297.8,False
891f2a651afffff,271.8,False
891f2a651b3ffff,595.2,False
891f2a651b7ffff,779.4,False
891f2a651bbffff,276.1,False
891f2a651c3ffff,0.0,True
891f2a651c7ffff,128.4,True
891f2a651cbffff,107.9,True
891f2a651cfffff,140.3,True
891f2a651d3ffff,0.0,True
891f2a651d7ffff,57.1,True
891f2a651dbffff,16.0,True
891f2a65203ffff,111.4,True
891f2a65207ffff,71.4,True
891f2a6520bffff,115.4,True
891f2a6520fffff,113.3,True
891f2a65213ffff,0.0,True
891f2a65217ffff,61.4,True
891f2a6521bffff,76.4,True
891f2a65223ffff,88.9,True
891f2a65227ffff,42.6,True
891f2a6522bffff,132.9,True
891f2a6522fffff,102.3,True
891f2a65233ffff,108.7,True
891f2a65237ffff,0.0,True
891f2a6523bffff,80.4,True
891f2a65243ffff,115.3,True
891f2a65247ffff,201.8,False
891f2a6524bffff,83.6,True
891f2a6524fffff,0.0,True
891f2a65253ffff,154.1,True
891f2a65257ffff,133.3,True
891f2a6525bffff,60.6,True
891f2a65263ffff,11.5,True
891f2a65267ffff,234.3,False
891f2a6526bffff,153.8,True
891f2a6526fffff,87.9,True
891f2a65273ffff,79.2,True
891f2a65277ffff,190.7,False
891f2a6527bffff,87.9,True
891f2a65283ffff,12.5,True
891f2a65287ffff,70.6,True
891f2a6528bffff,10.8,True
891f2a6528fffff,0.0,True
891f2a65293ffff,0.0,True
891f2a65297ffff,0.0,True
891f2a6529bffff,3.6,True
891f2a652a3ffff,147.1,True
891f2a652a7ffff,65.8,True
891f2a652abffff,0.0,True
891f2a652afffff,58.2,True
891f2a652b3ffff,284.5,False
891f2a652b7ffff,184.3,False
891f2a652bbffff,251.8,False
891f2a652c3ffff,145.7,True
891f2a652c7ffff,27.6,True
891f2a652cbffff,26.9,True
891f2a652cfffff,135.2,True
891f2a652d3ffff,25.3,True
891f2a652d7ffff,29.4,True
891f2a652dbffff,7.7,True
891f2a65303ffff,65.9,True
891f2a65307ffff,116.9,True
891f2a6530bffff,169.9,True
891f2a6530fffff,6.8,True
891f2a65313ffff,65.9,True
891f2a65317ffff,180.9,False
891f2a6531bffff,342.1,False
891f2a65323ffff,136.4,True
891f2a65327ffff,155.7,True
891f2a6532bffff,181.1,False
891f2a6532fffff,181.7,False
891f2a65333ffff,119.5,True
891f2a65337ffff,106.2,True
891f2a6533bffff,0.0,True
891f2a65343ffff,61.2,True
891f2a65347ffff,70.3,True
891f2a6534bffff,43.4,True
891f2a6534fffff,40.9,True
891f2a65353ffff,194.9,False
891f2a65357ffff,224.9,False
891f2a6535bffff,46.3,True
891f2a65363ffff,71.2,True
891f2a65367ffff,94.2,True
891f2a6536bffff,93.1,True
891f2a6536fffff,11.1,True
891f2a65373ffff,297.2,False
891f2a65377ffff,127.5,True
891f2a6537bffff,159.1,True
891f2a65383ffff,235.7,False
891f2a65387ffff,0.0,True
891f2a6538bffff,75.7,True
891f2a6538fffff,6.3,True
891f2a65393ffff,151.9,True
891f2a65397ffff,131.1,True
891f2a6539bffff,94.6,True
891f2a653a3ffff,46.5,True
891f2a653a7ffff,175.9,False
891f2a653abffff,113.0,True
891f2a653afffff,238.8,False
891f2a653b3ffff,14.8,True
891f2a653b7ffff,1.9,True
891f2a653bbffff,28.1,True
891f2a653c3ffff,116.6,True
891f2a653c7ffff,55.5,True
891f2a653cbffff,53.8,True
891f2a653cfffff,36.3,True
891f2a653d3ffff,122.4,True
891f2a653d7ffff,102.4,True
891f2a653dbffff,133.1,True
891f2a65403ffff,7.4,True
891f2a65407ffff,29.9,True
891f2a6540bffff,0.0,True
891f2a6540fffff,71.5,True
891f2a65413ffff,61.7,True
891f2a65417ffff,33.7,True
891f2a6541bffff,90.6,True
891f2a65423ffff,121.7,True
891f2a65427ffff,357.3,False
891f2a6542bffff,105.9,True
891f2a6542fffff,186.6,False
891f2a65433ffff,139.7,True
891f2a65437ffff,200.5,False
891f2a6543bffff,9.9,True
891f2a65443ffff,92.4,True
891f2a65447ffff,85.6,True
891f2a6544bffff,122.8,True
891f2a6544fffff,57.4,True
891f2a65453ffff,48.7,True
891f2a65457ffff,82.5,True
891f2a6545bffff,0.0,True
891f2a65463ffff,30.8,True
891f2a65467ffff,0.0,True
891f2a6546bffff,249.4,False
891f2a6546fffff,176.6,False
891f2a65473ffff,0.0,True
891f2a65477ffff,217.0,False
891f2a6547bffff,15.3,True
891f2a65483ffff,102.0,True
891f2a65487ffff,67.8,True
891f2a6548bffff,99.4,True
891f2a6548fffff,70.2,True
891f2a65493ffff,40.4,True
891f2a65497ffff,75.5,True
891f2a6549bffff,173.4,False
891f2a654a3ffff,74.0,True
891f2a654a7ffff,66.7,True
891f2a654abffff,170.8,True
891f2a654afffff,131.0,True
891f2a654b3ffff,241.0,False
891f2a654b7ffff,351.5,False
891f2a654bbffff,188.4,False
891f2a654c3ffff,26.9,True
891f2a654c7ffff,30.4,True
891f2a654cbffff,25.0,True
891f2a654cfffff,17.7,True
891f2a654d3ffff,288.6,False
891f2a654d7ffff,143.0,True
891f2a654dbffff,212.0,False
891f2a65503ffff,311.9,False
891f2a65507ffff,131.0,True
891f2a6550bffff,417.0,False
891f2a6550fffff,89.2,True
891f2a65513ffff,590.3,False
891f2a65517ffff,360.5,False
891f2a6551bffff,483.4,False
891f2a65523ffff,345.3,False
891f2a65527ffff,670.1,False
891f2a6552bffff,397.3,False
891f2a6552fffff,616.9,False
891f2a65533ffff,136.9,True
891f2a65537ffff,435.9,False
891f2a6553bffff,96.5,True
891f2a65543ffff,347.1,False
891f2a65547ffff,435.9,False
891f2a6554bffff,27.6,True
891f2a6554fffff,237.2,False
891f2a65553ffff,389.3,False
891f2a65557ffff,565.7,False
891f2a6555bffff,263.9,False
891f2a65563ffff,369.2,False
891f2a65567ffff,574.3,False
891f2a6556bffff,162.4,True
891f2a6556fffff,258.1,False
891f2a65573ffff,403.3,False
891f2a65577ffff,284.5,False
891f2a6557bffff,155.4,True
891f2a65583ffff,802.6,False
891f2a65587ffff,599.7,False
891f2a6558bffff,507.9,False
891f2a6558fffff,626.9,False
891f2a65593ffff,889.1,False
891f2a65597ffff,825.9,False
891f2a6559bffff,569.9,False
891f2a655a3ffff,144.4,True
891f2a655a7ffff,361.3,False
891f2a655abffff,122.2,True
891f2a655afffff,157.1,True
891f2a655b3ffff,413.4,False
891f2a655b7ffff,370.2,False
891f2a655bbffff,317.3,False
891f2a655c3ffff,41.2,True
891f2a655c7ffff,251.3,False
891f2a655cbffff,84.1,True
891f2a655cfffff,261.8,False
891f2a655d3ffff,244.7,False
891f2a655d7ffff,251.3,False
891f2a655dbffff,33.4,True
891f2a65603ffff,0.0,True
891f2a65607ffff,76.9,True
891f2a6560bffff,112.3,True
891f2a6560fffff,36.8,True
891f2a65613ffff,105.6,True
891f2a65617ffff,56.2,True
891f2a6561bffff,0.0,True
891f2a65623ffff,0.0,True
891f2a65627ffff,65.1,True
891f2a6562bffff,0.0,True
891f2a6562fffff,0.0,True
891f2a65633ffff,179.4,False
891f2a65637ffff,68.8,True
891f2a6563bffff,0.0,True
891f2a65643ffff,52.6,True
891f2a65647ffff,88.9,True
891f2a6564bffff,92.0,True
891f2a6564fffff,111.7,True
891f2a65653ffff,167.6,False
891f2a65657ffff,127.8,True
891f2a6565bffff,272.9,False
891f2a65663ffff,0.0,True
891f2a65667ffff,0.0,True
891f2a6566bffff,48.9,True
891f2a6566fffff,0.0,True
891f2a65673ffff,88.6,True
891f2a65677ffff,0.0,True
891f2a6567bffff,0.0,True
891f2a65683ffff,248.0,False
891f2a65687ffff,15.7,True
891f2a6568bffff,116.2,True
891f2a6568fffff,129.6,True
891f2a65693ffff,191.8,False
891f2a65697ffff,68.9,True
891f2a6569bffff,61.4,True
891f2a656a3ffff,109.6,True
891f2a656a7ffff,68.1,True
891f2a656abffff,0.0,True
891f2a656afffff,91.9,True
891f2a656b3ffff,76.2,True
891f2a656b7ffff,110.5,True
891f2a656bbffff,27.5,True
891f2a656c3ffff,64.6,True
891f2a656c7ffff,62.2,True
891f2a656cbffff,260.5,False
891f2a656cfffff,63.8,True
891f2a656d3ffff,60.5,True
891f2a656d7ffff,120.8,True
891f2a656dbffff,75.2,True
891f2a65803ffff,65.6,True
891f2a65807ffff,86.1,True
891f2a6580bffff,208.6,False
891f2a6580fffff,28.3,True
891f2a65813ffff,141.1,True
891f2a65817ffff,140.4,True
891f2a6581bffff,177.3,False
891f2a65823ffff,60.1,True
891f2a65827ffff,222.6,False
891f2a6582bffff,0.0,True
891f2a6582fffff,0.0,True
891f2a65833ffff,0.0,True
891f2a65837ffff,174.5,True
891f2a6583bffff,103.0,True
891f2a65843ffff,311.9,False
891f2a65847ffff,305.1,False
891f2a6584bffff,108.3,True
891f2a6584fffff,348.3,False
891f2a65853ffff,206.7,False
891f2a65857ffff,7.3,True
891f2a6585bffff,260.4,False
891f2a65863ffff,136.4,True
891f2a65867ffff,0.0,True
891f2a6586bffff,67.6,True
891f2a6586fffff,72.3,True
891f2a65873ffff,243.5,False
891f2a65877ffff,30.1,True
891f2a6587bffff,353.9,False
891f2a65883ffff,26.7,True
891f2a65887ffff,61.1,True
891f2a6588bffff,73.7,True
891f2a6588fffff,24.4,True
891f2a65893ffff,251.2,False
891f2a65897ffff,88.0,True
891f2a6589bffff,116.1,True
891f2a658a3ffff,43.0,True
891f2a658a7ffff,90.1,True
891f2a658abffff,82.2,True
891f2a658afffff,68.7,True
891f2a658b3ffff,28.7,True
891f2a658b7ffff,183.3,False
891f2a658bbffff,33.8,True
891f2a658c3ffff,183.6,False
891f2a658c7ffff,238.0,False
891f2a658cbffff,100.9,True
891f2a658cfffff,184.1,False
891f2a658d3ffff,57.3,True
891f2a658d7ffff,54.6,True
891f2a658dbffff,192.1,False
891f2a65903ffff,110.0,True
891f2a65907ffff,73.4,True
891f2a6590bffff,96.0,True
891f2a6590fffff,0.0,True
891f2a65913ffff,145.4,True
891f2a65917ffff,8.0,True
891f2a6591bffff,122.5,True
891f2a65923ffff,76.3,True
891f2a65927ffff,198.8,False
891f2a6592bffff,94.1,True
891f2a6592fffff,30.9,True
891f2a65933ffff,175.6,False
891f2a65937ffff,0.0,True
891f2a6593bffff,132.4,True
891f2a65943ffff,15.3,True
891f2a65947ffff,50.2,True
891f2a6594bffff,125.6,True
891f2a6594fffff,36.0,True
891f2a65953ffff,219.3,False
891f2a65957ffff,8.4,True
891f2a6595bffff,78.6,True
891f2a65963ffff,15.8,True
891f2a65967ffff,219.0,False
891f2a6596bffff,62.0,True
891f2a6596fffff,95.0,True
891f2a65973ffff,56.2,True
891f2a65977ffff,110.1,True
891f2a6597bffff,69.8,True
891f2a65983ffff,166.0,True
891f2a65987ffff,236.0,False
891f2a6598bffff,254.9,False
891f2a6598fffff,73.9,True
891f2a65993ffff,118.0,True
891f2a65997ffff,58.7,True
891f2a6599bffff,25.9,True
891f2a659a3ffff,95.8,True
891f2a659a7ffff,192.9,False
891f2a659abffff,22.1,True
891f2a659afffff,78.6,True
891f2a659b3ffff,0.0,True
891f2a659b7ffff,316.2,False
891f2a659bbffff,0.0,True
891f2a659c3ffff,142.6,True
891f2a659c7ffff,96.1,True
891f2a659cbffff,274.5,False
891f2a659cfffff,28.6,True
891f2a659d3ffff,162.7,True
891f2a659d7ffff,128.9,True
891f2a659dbffff,106.2,True
891f2a65a03ffff,176.0,False
891f2a65a07ffff,80.7,True
891f2a65a0bffff,22.7,True
891f2a65a0fffff,74.3,True
891f2a65a13ffff,178.0,False
891f2a65a17ffff,85.8,True
891f2a65a1bffff,70.5,True
891f2a65a23ffff,88.4,True
891f2a65a27ffff,233.9,False
891f2a65a2bffff,100.8,True
891f2a65a2fffff,275.3,False
891f2a65a33ffff,84.0,True
891f2a65a37ffff,20.9,True
891f2a65a3bffff,268.9,False
891f2a65a43ffff,185.3,False
891f2a65a47ffff,106.2,True
891f2a65a4bffff,232.2,False
891f2a65a4fffff,200.7,False
891f2a65a53ffff,166.1,False
891f2a65a57ffff,20.5,True
891f2a65a5bffff,12.6,True
891f2a65a63ffff,124.8,True
891f2a65a67ffff,90.9,True
891f2a65a6bffff,66.8,True
891f2a65a6fffff,128.6,True
891f2a65a73ffff,39.8,True
891f2a65a77ffff,242.3,False
891f2a65a7bffff,204.9,False
891f2a65a83ffff,291.4,False
891f2a65a87ffff,0.0,True
891f2a65a8bffff,198.3,False
891f2a65a8fffff,68.2,True
891f2a65a93ffff,446.3,False
891f2a65a97ffff,206.4,False
891f2a65a9bffff,410.9,False
891f2a65aa3ffff,84.7,True
891f2a65aa7ffff,30.3,True
891f2a65aabffff,38.8,True
891f2a65aafffff,149.4,True
891f2a65ab3ffff,120.8,True
891f2a65ab7ffff,255.6,False
891f2a65abbffff,173.1,True
891f2a65ac3ffff,198.8,False
891f2a65ac7ffff,19.0,True
891f2a65acbffff,128.8,True
891f2a65acfffff,258.4,False
891f2a65ad3ffff,34.5,True
891f2a65ad7ffff,139.7,True
891f2a65adbffff,232.2,False
891f2a65b03ffff,105.3,True
891f2a65b07ffff,242.2,False
891f2a65b0bffff,353.6,False
891f2a65b0fffff,292.1,False
891f2a65b13ffff,152.5,True
891f2a65b17ffff,80.6,True
891f2a65b1bffff,193.2,False
891f2a65b23ffff,184.5,False
891f2a65b27ffff,141.2,True
891f2a65b2bffff,232.6,False
891f2a65b2fffff,278.2,False
891f2a65b33ffff,18.6,True
891f2a65b37ffff,148.2,True
891f2a65b3bffff,260.2,False
891f2a65b43ffff,58.4,True
891f2a65b47ffff,71.5,True
891f2a65b4bffff,201.7,False
891f2a65b4fffff,171.7,True
891f2a65b53ffff,115.3,True
891f2a65b57ffff,136.5,True
891f2a65b5bffff,118.8,True
891f2a65b63ffff,0.0,True
891f2a65b67ffff,31.6,True
891f2a65b6bffff,166.6,False
891f2a65b6fffff,56.5,True
891f2a65b73ffff,128.5,True
891f2a65b77ffff,41.0,True
891f2a65b7bffff,112.8,True
891f2a65b83ffff,163.8,True
891f2a65b87ffff,118.6,True
891f2a65b8bffff,170.5,True
891f2a65b8fffff,43.6,True
891f2a65b93ffff,61.2,True
891f2a65b97ffff,40.0,True
891f2a65b9bffff,205.2,False
891f2a65ba3ffff,113.5,True
891f2a65ba7ffff,282.2,False
891f2a65babffff,59.8,True
891f2a65bafffff,211.8,False
891f2a65bb3ffff,64.7,True
891f2a65bb7ffff,108.1,True
891f2a65bbbffff,8.9,True
891f2a65bc3ffff,101.3,True
891f2a65bc7ffff,25.2,True
891f2a65bcbffff,138.4,True
891f2a65bcfffff,137.5,True
891f2a65bd3ffff,136.8,True
891f2a65bd7ffff,248.5,False
891f2a65bdbffff,145.3,True
891f2a65c03ffff,335.1,False
891f2a65c07ffff,520.4,False
891f2a65c0bffff,297.0,False
891f2a65c0fffff,554.5,False
891f2a65c13ffff,267.2,False
891f2a65c17ffff,378.0,False
891f2a65c1bffff,1.0,True
891f2a65c23ffff,685.7,False
891f2a65c27ffff,598.4,False
891f2a65c2bffff,554.9,False
891f2a65c2fffff,382.3,False
891f2a65c33ffff,530.7,False
891f2a65c37ffff,715.8,False
891f2a65c3bffff,759.9,False
891f2a65c43ffff,458.8,False
891f2a65c47ffff,483.1,False
891f2a65c4bffff,155.4,True
891f2a65c4fffff,209.6,False
891f2a65c53ffff,482.9,False
891f2a65c57ffff,235.4,False
891f2a65c5bffff,317.1,False
891f2a65c63ffff,434.2,False
891f2a65c67ffff,312.7,False
891f2a65c6bffff,216.0,False
891f2a65c6fffff,196.2,False
891f2a65c73ffff,602.5,False
891f2a65c77ffff,601.0,False
891f2a65c7bffff,339.0,False
891f2a65c83ffff,638.6,False
891f2a65c87ffff,348.7,False
891f2a65c8bffff,434.2,False
891f2a65c8fffff,433.9,False
891f2a65c93ffff,902.2,False
891f2a65c97ffff,647.1,False
891f2a65c9bffff,701.4,False
891f2a65ca3ffff,173.2,False
891f2a65ca7ffff,512.1,False
891f2a65cabffff,237.1,False
891f2a65cafffff,427.0,False
891f2a65cb3ffff,227.6,False
891f2a65cb7ffff,427.2,False
891f2a65cbbffff,96.1,True
891f2a65cc3ffff,452.0,False
891f2a65cc7ffff,191.9,False
891f2a65ccbffff,357.3,False
891f2a65ccfffff,253.4,False
891f2a65cd3ffff,651.0,False
891f2a65cd7ffff,496.5,False
891f2a65cdbffff,331.6,False
891f2a65d03ffff,2.7,True
891f2a65d07ffff,69.3,True
891f2a65d0bffff,90.4,True
891f2a65d0fffff,132.9,True
891f2a65d13ffff,263.6,False
891f2a65d17ffff,188.0,False
891f2a65d1bffff,181.7,False
891f2a65d23ffff,59.7,True
891f2a65d27ffff,51.0,True
891f2a65d2bffff,254.7,False
891f2a65d2fffff,165.0,True
891f2a65d33ffff,24.5,True
891f2a65d37ffff,194.5,False
891f2a65d3bffff,229.1,False
891f2a65d43ffff,312.9,False
891f2a65d47ffff,287.7,False
891f2a65d4bffff,64.8,True
891f2a65d4fffff,35.7,True
891f2a65d53ffff,568.3,False
891f2a65d57ffff,314.7,False
891f2a65d5bffff,353.9,False
891f2a65d63ffff,50.6,True
891f2a65d67ffff,186.1,False
891f2a65d6bffff,64.0,True
891f2a65d6fffff,260.7,False
891f2a65d73ffff,130.8,True
891f2a65d77ffff,73.0,True
891f2a65d7bffff,229.8,False
891f2a65d83ffff,234.4,False
891f2a65d87ffff,150.6,True
891f2a65d8bffff,535.5,False
891f2a65d8fffff,361.9,False
891f2a65d93ffff,361.6,False
891f2a65d97ffff,107.8,True
891f2a65d9bffff,546.0,False
891f2a65da3ffff,394.6,False
891f2a65da7ffff,428.3,False
891f2a65dabffff,88.0,True
891f2a65dafffff,317.8,False
891f2a65db3ffff,341.8,False
891f2a65db7ffff,372.1,False
891f2a65dbbffff,267.1,False
891f2a65dc3ffff,730.0,False
891f2a65dc7ffff,483.6,False
891f2a65dcbffff,801.3,False
891f2a65dcfffff,471.8,False
891f2a65dd3ffff,851.2,False
891f2a65dd7ffff,787.7,False
891f2a65ddbffff,722.7,False
891f2a65e03ffff,39.6,True
891f2a65e07ffff,222.2,False
891f2a65e0bffff,26.0,True
891f2a65e0fffff,8.4,True
891f2a65e13ffff,39.1,True
891f2a65e17ffff,0.0,True
891f2a65e1bffff,120.4,True
891f2a65e23ffff,49.9,True
891f2a65e27ffff,110.5,True
891f2a65e2bffff,246.7,False
891f2a65e2fffff,176.7,False
891f2a65e33ffff,102.1,True
891f2a65e37ffff,93.6,True
891f2a65e3bffff,156.6,True
891f2a65e43ffff,15.1,True
891f2a65e47ffff,214.8,False
891f2a65e4bffff,65.8,True
891f2a65e4fffff,197.6,False
891f2a65e53ffff,26.7,True
891f2a65e57ffff,147.3,True
891f2a65e5bffff,172.8,False
891f2a65e63ffff,404.2,False
891f2a65e67ffff,329.6,False
891f2a65e6bffff,233.4,False
891f2a65e6fffff,237.8,False
891f2a65e73ffff,140.5,True
891f2a65e77ffff,84.6,True
891f2a65e7bffff,407.2,False
891f2a65e83ffff,116.5,True
891f2a65e87ffff,115.0,True
891f2a65e8bffff,21.2,True
891f2a65e8fffff,0.0,True
891f2a65e93ffff,47.5,True
891f2a65e97ffff,91.1,True
891f2a65e9bffff,153.1,True
891f2a65ea3ffff,110.6,True
891f2a65ea7ffff,156.3,True
891f2a65eabffff,64.5,True
891f2a65eafffff,111.6,True
891f2a65eb3ffff,9.2,True
891f2a65eb7ffff,21.6,True
891f2a65ebbffff,41.8,True
891f2a65ec3ffff,22.9,True
891f2a65ec7ffff,90.4,True
891f2a65ecbffff,188.8,False
891f2a65ecfffff,188.1,False
891f2a65ed3ffff,73.1,True
891f2a65ed7ffff,0.0,True
891f2a65edbffff,19.0,True
891f2a66003ffff,169.9,False
891f2a66007ffff,15.7,True
891f2a6600bffff,25.0,True
891f2a6600fffff,117.8,True
891f2a66013ffff,196.4,False
891f2a66017ffff,7.7,True
891f2a6601bffff,309.5,False
891f2a66023ffff,175.7,False
891f2a66027ffff,51.6,True
891f2a6602bffff,168.0,True
891f2a6602fffff,80.9,True
891f2a66033ffff,94.0,True
891f2a66037ffff,174.2,True
891f2a6603bffff,224.2,False
891f2a66043ffff,95.1,True
891f2a66047ffff,103.0,True
891f2a6604bffff,232.6,False
891f2a6604fffff,43.9,True
891f2a66053ffff,292.3,False
891f2a66057ffff,116.0,True
891f2a6605bffff,99.9,True
891f2a66063ffff,302.8,False
891f2a66067ffff,9.8,True
891f2a6606bffff,109.6,True
891f2a6606fffff,25.2,True
891f2a66073ffff,139.9,True
891f2a66077ffff,313.7,False
891f2a6607bffff,216.3,False
891f2a66083ffff,110.0,True
891f2a66087ffff,90.2,True
891f2a6608bffff,58.3,True
891f2a6608fffff,177.7,False
891f2a66093ffff,0.0,True
891f2a66097ffff,94.0,True
891f2a6609bffff,191.9,False
891f2a660a3ffff,232.8,False
891f2a660a7ffff,67.0,True
891f2a660abffff,97.2,True
891f2a660afffff,255.5,False
891f2a660b3ffff,9.1,True
891f2a660b7ffff,158.1,False
891f2a660bbffff,275.4,False
891f2a660c3ffff,64.1,True
891f2a660c7ffff,300.7,False
891f2a660cbffff,77.4,True
891f2a660cfffff,180.3,False
891f2a660d3ffff,166.2,True
891f2a660d7ffff,247.4,False
891f2a660dbffff,38.0,True
891f2a66103ffff,0.0,True
891f2a66107ffff,141.1,True
891f2a6610bffff,152.5,True
891f2a6610fffff,199.7,False
891f2a66113ffff,225.7,False
891f2a66117ffff,73.6,True
891f2a6611bffff,114.9,True
891f2a66123ffff,125.6,True
891f2a66127ffff,110.6,True
891f2a6612bffff,96.9,True
891f2a6612fffff,146.3,True
891f2a66133ffff,55.4,True
891f2a66137ffff,31.4,True
891f2a6613bffff,71.4,True
891f2a66143ffff,110.9,True
891f2a66147ffff,67.3,True
891f2a6614bffff,3.1,True
891f2a6614fffff,138.4,True
891f2a66153ffff,151.3,True
891f2a66157ffff,104.3,True
891f2a6615bffff,171.3,False
891f2a66163ffff,150.1,True
891f2a66167ffff,271.8,False
891f2a6616bffff,32.3,True
891f2a6616fffff,217.2,False
891f2a66173ffff,70.3,True
891f2a66177ffff,106.9,True
891f2a6617bffff,0.0,True
891f2a66183ffff,13.0,True
891f2a66187ffff,104.0,True
891f2a6618bffff,11.4,True
891f2a6618fffff,264.2,False
891f2a66193ffff,40.4,True
891f2a66197ffff,13.9,True
891f2a6619bffff,149.2,True
891f2a661a3ffff,315.7,False
891f2a661a7ffff,268.0,False
891f2a661abffff,68.8,True
891f2a661afffff,116.0,True
891f2a661b3ffff,389.1,False
891f2a661bbffff,320.2,False
891f2a661c3ffff,277.7,False
891f2a661c7ffff,208.7,False
891f2a661cbffff,89.3,True
891f2a661cfffff,13.7,True
891f2a661d3ffff,142.9,True
891f2a661d7ffff,146.5,True
891f2a661dbffff,0.0,True
891f2a66203ffff,100.3,True
891f2a66207ffff,106.2,True
891f2a6620bffff,101.0,True
891f2a6620fffff,120.5,True
891f2a66213ffff,199.5,False
891f2a66217ffff,158.8,True
891f2a6621bffff,40.5,True
891f2a66223ffff,111.6,True
891f2a66227ffff,31.8,True
891f2a6622bffff,74.3,True
891f2a6622fffff,9.9,True
891f2a66233ffff,49.2,True
891f2a66237ffff,152.6,True
891f2a6623bffff,120.5,True
891f2a66243ffff,107.4,True
891f2a66247ffff,30.4,True
891f2a6624bffff,27.9,True
891f2a6624fffff,70.0,True
891f2a66253ffff,121.2,True
891f2a66257ffff,162.5,True
891f2a6625bffff,62.2,True
891f2a66263ffff,87.3,True
891f2a66267ffff,61.6,True
891f2a6626bffff,0.0,True
891f2a6626fffff,119.2,True
891f2a66273ffff,148.2,True
891f2a66277ffff,83.7,True
891f2a6627bffff,63.8,True
891f2a66283ffff,76.7,True
891f2a66287ffff,147.2,True
891f2a6628bffff,28.5,True
891f2a6628fffff,302.7,False
891f2a66293ffff,45.8,True
891f2a66297ffff,252.7,False
891f2a6629bffff,145.1,True
891f2a662a3ffff,0.0,True
891f2a662a7ffff,175.3,False
891f2a662abffff,228.4,False
891f2a662afffff,263.8,False
891f2a662b3ffff,84.0,True
891f2a662b7ffff,187.8,False
891f2a662bbffff,182.7,False
891f2a662c3ffff,7.6,True
891f2a662c7ffff,199.4,False
891f2a662cbffff,109.7,True
891f2a662cfffff,176.9,False
891f2a662d3ffff,226.9,False
891f2a662d7ffff,0.0,True
891f2a662dbffff,50.3,True
891f2a66303ffff,28.9,True
891f2a66307ffff,89.2,True
891f2a6630bffff,12.2,True
891f2a6630fffff,52.3,True
891f2a66313ffff,140.0,True
891f2a66317ffff,171.8,False
891f2a6631bffff,71.9,True
891f2a66323ffff,0.0,True
891f2a66327ffff,117.8,True
891f2a6632bffff,32.3,True
891f2a6632fffff,0.0,True
891f2a66333ffff,145.1,True
891f2a66337ffff,130.2,True
891f2a6633bffff,0.0,True
891f2a66343ffff,30.2,True
891f2a66347ffff,0.0,True
891f2a6634bffff,73.8,True
891f2a6634fffff,0.0,True
891f2a66353ffff,146.3,True
891f2a66357ffff,0.0,True
891f2a6635bffff,126.2,True
891f2a66363ffff,29.0,True
891f2a66367ffff,109.7,True
891f2a6636bffff,30.9,True
891f2a6636fffff,67.8,True
891f2a66373ffff,6.9,True
891f2a66377ffff,88.8,True
891f2a6637bffff,0.0,True
891f2a66383ffff,104.2,True
891f2a66387ffff,103.8,True
891f2a6638bffff,129.5,True
891f2a6638fffff,87.4,True
891f2a66393ffff,70.3,True
891f2a66397ffff,86.1,True
891f2a6639bffff,116.2,True
891f2a663a3ffff,52.2,True
891f2a663a7ffff,111.1,True
891f2a663abffff,52.6,True
891f2a663afffff,92.8,True
891f2a663b3ffff,91.4,True
891f2a663b7ffff,71.2,True
891f2a663bbffff,111.4,True
891f2a663c3ffff,148.2,True
891f2a663c7ffff,112.4,True
891f2a663cbffff,28.3,True
891f2a663cfffff,59.5,True
891f2a663d3ffff,47.2,True
891f2a663d7ffff,47.5,True
891f2a663dbffff,173.3,True
891f2a66403ffff,234.2,False
891f2a66407ffff,123.2,True
891f2a6640bffff,52.8,True
891f2a6640fffff,77.1,True
891f2a66413ffff,105.3,True
891f2a66417ffff,373.4,False
891f2a6641bffff,56.3,True
891f2a66423ffff,43.8,True
891f2a66427ffff,239.4,False
891f2a6642bffff,164.9,True
891f2a6642fffff,162.8,True
891f2a66433ffff,0.0,True
891f2a66437ffff,54.7,True
891f2a6643bffff,177.2,False
891f2a66443ffff,177.5,False
891f2a66447ffff,232.8,False
891f2a6644bffff,60.8,True
891f2a6644fffff,117.6,True
891f2a66453ffff,152.1,True
891f2a66457ffff,86.8,True
891f2a6645bffff,53.3,True
891f2a66463ffff,20.5,True
891f2a66467ffff,67.3,True
891f2a6646bffff,118.9,True
891f2a6646fffff,81.0,True
891f2a66473ffff,125.9,True
891f2a66477ffff,238.9,False
891f2a6647bffff,96.6,True
891f2a66483ffff,151.1,True
891f2a66487ffff,95.5,True
891f2a6648bffff,120.9,True
891f2a6648fffff,170.2,False
891f2a66493ffff,261.0,False
891f2a66497ffff,0.0,True
891f2a6649bffff,142.2,True
891f2a664a3ffff,273.4,False
891f2a664a7ffff,200.9,False
891f2a664abffff,231.7,False
891f2a664afffff,142.5,True
891f2a664b3ffff,358.1,False
891f2a664b7ffff,23.6,True
891f2a664bbffff,200.2,False
891f2a664c3ffff,148.1,True
891f2a664c7ffff,75.6,True
891f2a664cbffff,60.5,True
891f2a664cfffff,140.5,True
891f2a664d3ffff,61.4,True
891f2a664d7ffff,9.7,True
891f2a664dbffff,20.5,True
891f2a66503ffff,0.0,True
891f2a66507ffff,38.2,True
891f2a6650bffff,0.5,True
891f2a6650fffff,63.7,True
891f2a66513ffff,0.0,True
891f2a66517ffff,112.1,False
891f2a6651bffff,151.3,True
891f2a6652bffff,19.5,True
891f2a6652fffff,99.9,False
891f2a6653bffff,43.7,True
891f2a66543ffff,237.5,False
891f2a66547ffff,156.9,True
891f2a6654bffff,49.3,True
891f2a6654fffff,44.3,True
891f2a66553ffff,278.8,False
891f2a66557ffff,75.4,True
891f2a6655bffff,333.6,False
891f2a66563ffff,4.4,True
891f2a66567ffff,0.0,True
891f2a6656bffff,0.0,True
891f2a6656fffff,59.2,True
891f2a66573ffff,194.0,False
891f2a66577ffff,41.2,True
891f2a6657bffff,109.7,True
891f2a6658bffff,89.7,True
891f2a6659bffff,31.7,True
891f2a665c3ffff,56.6,True
891f2a665c7ffff,193.3,False
891f2a665cbffff,181.4,True
891f2a665cfffff,26.6,True
891f2a665d3ffff,355.5,False
891f2a665d7ffff,197.3,False
891f2a665dbffff,277.6,False
891f2a66603ffff,238.6,False
891f2a66607ffff,162.1,False
891f2a6660bffff,0.0,True
891f2a6660fffff,178.1,True
891f2a66613ffff,0.0,True
891f2a66617ffff,88.1,True
891f2a6661bffff,57.2,True
891f2a66623ffff,66.4,True
891f2a66627ffff,9.0,True
891f2a6662bffff,20.5,True
891f2a6662fffff,198.2,False
891f2a66633ffff,5.9,True
891f2a66637ffff,35.2,True
891f2a6663bffff,0.0,True
891f2a66643ffff,120.1,True
891f2a66647ffff,116.0,True
891f2a6664bffff,81.4,True
891f2a6664fffff,57.1,True
891f2a66653ffff,154.7,True
891f2a66657ffff,124.5,True
891f2a6665bffff,141.6,True
891f2a66663ffff,159.6,True
891f2a66667ffff,104.8,True
891f2a6666bffff,82.4,True
891f2a6666fffff,279.3,False
891f2a66673ffff,29.0,True
891f2a66677ffff,144.0,True
891f2a6667bffff,227.5,False
891f2a66683ffff,205.6,False
891f2a66687ffff,67.2,True
891f2a6668bffff,179.4,False
891f2a6668fffff,88.1,True
891f2a66693ffff,29.1,True
891f2a66697ffff,68.1,True
891f2a6669bffff,173.5,False
891f2a666a3ffff,0.0,True
891f2a666a7ffff,136.3,True
891f2a666abffff,24.9,True
891f2a666afffff,71.1,True
891f2a666b3ffff,160.9,True
891f2a666b7ffff,9.5,True
891f2a666bbffff,11.4,True
891f2a666c3ffff,34.4,True
891f2a666c7ffff,46.4,True
891f2a666cbffff,39.7,True
891f2a666cfffff,75.0,True
891f2a666d3ffff,163.7,True
891f2a666d7ffff,90.7,True
891f2a666dbffff,0.0,True
891f2a66803ffff,16.1,True
891f2a66807ffff,46.9,True
891f2a6680bffff,129.7,True
891f2a6680fffff,62.3,True
891f2a66813ffff,95.5,True
891f2a6681bffff,80.0,True
891f2a66823ffff,37.3,True
891f2a66827ffff,50.4,False
891f2a6682bffff,105.0,True
891f2a6682fffff,0.0,True
891f2a66833ffff,122.6,False
891f2a6683bffff,20.2,True
891f2a66843ffff,55.4,True
891f2a66847ffff,265.7,False
891f2a6684bffff,75.1,True
891f2a6684fffff,119.8,True
891f2a66853ffff,81.3,True
891f2a66857ffff,176.9,False
891f2a6685bffff,121.2,True
891f2a66863ffff,118.6,True
891f2a66867ffff,133.7,True
891f2a6686bffff,213.2,False
891f2a6686fffff,60.5,True
891f2a66873ffff,76.4,True
891f2a66877ffff,25.7,True
891f2a6687bffff,361.7,False
891f2a6688bffff,127.4,False
891f2a668c3ffff,26.7,True
891f2a668c7ffff,15.3,True
891f2a668cbffff,2.6,True
891f2a668cfffff,27.9,True
891f2a668d3ffff,0.0,True
891f2a668d7ffff,0.0,True
891f2a668dbffff,190.6,False
891f2a66943ffff,123.4,False
891f2a6694bffff,0.0,True
891f2a6694fffff,98.6,False
891f2a6695bffff,12.3,True
891f2a66963ffff,247.5,False
891f2a66967ffff,273.9,False
891f2a6696bffff,98.2,True
891f2a6696fffff,143.8,True
891f2a6697bffff,205.9,False
891f2a66a03ffff,176.9,False
891f2a66a07ffff,133.1,True
891f2a66a0bffff,78.7,True
891f2a66a0fffff,105.5,True
891f2a66a13ffff,68.5,True
891f2a66a17ffff,88.1,True
891f2a66a1bffff,114.9,True
891f2a66a23ffff,183.2,False
891f2a66a27ffff,175.6,True
891f2a66a2bffff,336.1,False
891f2a66a2fffff,169.5,True
891f2a66a33ffff,278.7,False
891f2a66a37ffff,0.0,True
891f2a66a3bffff,201.0,False
891f2a66a43ffff,188.3,False
891f2a66a47ffff,199.2,False
891f2a66a4bffff,263.9,False
891f2a66a4fffff,248.2,False
891f2a66a53ffff,1.9,True
891f2a66a57ffff,108.0,True
891f2a66a5bffff,70.5,True
891f2a66a63ffff,196.6,False
891f2a66a67ffff,238.5,False
891f2a66a6bffff,197.0,False
891f2a66a6fffff,65.0,True
891f2a66a73ffff,320.2,False
891f2a66a77ffff,39.7,True
891f2a66a7bffff,346.2,False
891f2a66a83ffff,123.5,True
891f2a66a87ffff,109.0,True
891f2a66a8bffff,176.9,False
891f2a66a8fffff,162.7,False
891f2a66a93ffff,93.2,True
891f2a66a97ffff,154.6,True
891f2a66a9bffff,18.2,True
891f2a66aa3ffff,221.4,False
891f2a66aa7ffff,111.4,True
891f2a66aabffff,266.9,False
891f2a66aafffff,64.4,True
891f2a66ab3ffff,158.4,True
891f2a66ab7ffff,361.6,False
891f2a66abbffff,96.5,True
891f2a66ac3ffff,35.1,True
891f2a66ac7ffff,168.4,True
891f2a66acbffff,45.5,True
891f2a66acfffff,69.5,True
891f2a66ad3ffff,85.0,True
891f2a66ad7ffff,9.4,True
891f2a66adbffff,41.0,True
891f2a66b03ffff,109.1,True
891f2a66b07ffff,149.8,True
891f2a66b0bffff,199.2,False
891f2a66b0fffff,158.7,True
891f2a66b13ffff,73.6,True
891f2a66b17ffff,182.6,False
891f2a66b1bffff,176.5,True
891f2a66b23ffff,254.0,False
891f2a66b27ffff,263.7,False
891f2a66b2bffff,72.1,True
891f2a66b2fffff,315.9,False
891f2a66b33ffff,154.9,True
891f2a66b37ffff,109.5,True
891f2a66b3bffff,106.2,True
891f2a66b43ffff,105.7,True
891f2a66b47ffff,0.0,True
891f2a66b4bffff,273.8,False
891f2a66b4fffff,111.9,True
891f2a66b53ffff,120.3,True
891f2a66b57ffff,71.9,True
891f2a66b5bffff,124.8,True
891f2a66b63ffff,251.0,False
891f2a66b67ffff,41.7,True
891f2a66b6bffff,211.3,False
891f2a66b6fffff,203.0,False
891f2a66b73ffff,214.1,False
891f2a66b77ffff,187.8,False
891f2a66b7bffff,143.3,True
891f2a66b83ffff,93.3,True
891f2a66b87ffff,0.0,True
891f2a66b8bffff,186.4,False
891f2a66b8fffff,117.4,True
891f2a66b93ffff,62.1,True
891f2a66b97ffff,21.0,True
891f2a66b9bffff,95.5,True
891f2a66ba3ffff,103.0,True
891f2a66ba7ffff,34.8,True
891f2a66babffff,43.5,True
891f2a66bafffff,148.7,True
891f2a66bb3ffff,0.0,True
891f2a66bb7ffff,184.9,False
891f2a66bbbffff,24.3,True
891f2a66bc3ffff,35.0,True
891f2a66bc7ffff,86.1,True
891f2a66bcbffff,177.0,False
891f2a66bcfffff,127.5,True
891f2a66bd3ffff,90.0,True
891f2a66bd7ffff,79.6,True
891f2a66bdbffff,93.9,True
891f2a66c43ffff,0.0,True
891f2a66c47ffff,4.6,True
891f2a66c4bffff,208.5,False
891f2a66c4fffff,105.9,True
891f2a66c53ffff,0.0,True
891f2a66c5bffff,46.8,True
891f2a66c63ffff,160.6,False
891f2a66c6bffff,32.9,True
891f2a66c6fffff,57.6,False
891f2a66c7bffff,101.3,True
891f2a66ccbffff,81.5,True
891f2a66cdbffff,90.0,False
891f2a66e03ffff,92.3,True
891f2a66e07ffff,177.8,False
891f2a66e0bffff,225.2,False
891f2a66e0fffff,98.8,True
891f2a66e13ffff,77.8,True
891f2a66e17ffff,47.0,True
891f2a66e1bffff,311.3,False
891f2a66e23ffff,103.2,True
891f2a66e27ffff,228.5,False
891f2a66e2bffff,122.9,True
891f2a66e2fffff,138.4,True
891f2a66e33ffff,204.5,False
891f2a66e37ffff,322.4,False
891f2a66e3bffff,96.4,True
891f2a66e43ffff,112.6,True
891f2a66e47ffff,181.0,True
891f2a66e4bffff,119.1,True
891f2a66e4fffff,50.9,True
891f2a66e53ffff,290.0,False
891f2a66e57ffff,340.1,False
891f2a66e5bffff,106.0,True
891f2a66e63ffff,71.0,True
891f2a66e67ffff,121.5,True
891f2a66e6bffff,55.2,True
891f2a66e6fffff,37.0,True
891f2a66e73ffff,93.3,True
891f2a66e77ffff,198.5,False
891f2a66e7bffff,135.5,True
891f2a66e83ffff,159.3,True
891f2a66e87ffff,1.9,True
891f2a66e8bffff,56.9,True
891f2a66e8fffff,112.5,True
891f2a66e93ffff,165.9,True
891f2a66e97ffff,132.6,True
891f2a66e9bffff,331.3,False
891f2a66ea3ffff,123.6,True
891f2a66ea7ffff,0.0,True
891f2a66eabffff,129.1,True
891f2a66eafffff,85.8,True
891f2a66eb3ffff,171.3,False
891f2a66eb7ffff,65.1,True
891f2a66ebbffff,66.7,True
891f2a66ec3ffff,328.7,False
891f2a66ec7ffff,144.4,True
891f2a66ecbffff,122.1,True
891f2a66ecfffff,456.1,False
891f2a66ed3ffff,88.4,True
891f2a66ed7ffff,204.9,False
891f2a66edbffff,2.5,True
891f2a67003ffff,623.7,False
891f2a67007ffff,312.5,False
891f2a6700bffff,416.3,False
891f2a6700fffff,587.9,False
891f2a67013ffff,610.1,False
891f2a67017ffff,492.8,False
891f2a6701bffff,317.8,False
891f2a67023ffff,371.9,False
891f2a67027ffff,599.7,False
891f2a6702bffff,590.2,False
891f2a6702fffff,676.3,False
891f2a67033ffff,72.5,True
891f2a67037ffff,347.7,False
891f2a6703bffff,360.3,False
891f2a67043ffff,314.9,False
891f2a67047ffff,394.2,False
891f2a6704bffff,430.4,False
891f2a6704fffff,536.3,False
891f2a67053ffff,132.7,True
891f2a67057ffff,93.6,True
891f2a6705bffff,130.5,True
891f2a67063ffff,401.0,False
891f2a67067ffff,632.9,False
891f2a6706bffff,94.0,True
891f2a6706fffff,353.5,False
891f2a67073ffff,618.8,False
891f2a67077ffff,676.8,False
891f2a6707bffff,385.3,False
891f2a67083ffff,137.4,True
891f2a67087ffff,417.0,False
891f2a6708bffff,366.8,False
891f2a6708fffff,439.6,False
891f2a67093ffff,92.9,True
891f2a67097ffff,269.7,False
891f2a6709bffff,235.9,False
891f2a670a3ffff,392.4,False
891f2a670a7ffff,537.8,False
891f2a670abffff,187.3,False
891f2a670afffff,226.8,False
891f2a670b3ffff,661.2,False
891f2a670b7ffff,687.3,False
891f2a670bbffff,487.9,False
891f2a670c3ffff,284.2,False
891f2a670c7ffff,339.8,False
891f2a670cbffff,211.6,False
891f2a670cfffff,27.5,True
891f2a670d3ffff,577.0,False
891f2a670d7ffff,532.4,False
891f2a670dbffff,464.3,False
891f2a67103ffff,476.9,False
891f2a67107ffff,291.2,False
891f2a6710bffff,786.9,False
891f2a6710fffff,594.0,False
891f2a67113ffff,500.3,False
891f2a67117ffff,198.7,False
891f2a6711bffff,774.5,False
891f2a67123ffff,336.8,False
891f2a67127ffff,182.6,False
891f2a6712bffff,643.4,False
891f2a6712fffff,389.3,False
891f2a67133ffff,286.5,False
891f2a67137ffff,45.9,True
891f2a6713bffff,562.5,False
891f2a67143ffff,473.9,False
891f2a67147ffff,587.8,False
891f2a6714bffff,273.6,False
891f2a6714fffff,268.4,False
891f2a67153ffff,750.5,False
891f2a67157ffff,760.4,False
891f2a6715bffff,577.3,False
891f2a67163ffff,845.0,False
891f2a67167ffff,909.6,False
891f2a6716bffff,630.2,False
891f2a6716fffff,968.9,False
891f2a67173ffff,822.0,False
891f2a67177ffff,815.3,False
891f2a6717bffff,527.7,False
891f2a67183ffff,105.0,True
891f2a67187ffff,56.7,True
891f2a6718bffff,421.9,False
891f2a6718fffff,234.6,False
891f2a67193ffff,154.2,True
891f2a67197ffff,173.1,True
891f2a6719bffff,333.4,False
891f2a671a3ffff,0.0,True
891f2a671a7ffff,22.5,True
891f2a671abffff,61.9,True
891f2a671afffff,0.0,True
891f2a671b3ffff,15.5,True
891f2a671b7ffff,70.0,True
891f2a671bbffff,46.3,True
891f2a671c3ffff,872.3,False
891f2a671c7ffff,740.8,False
891f2a671cbffff,682.6,False
891f2a671cfffff,998.6,False
891f2a671d3ffff,770.9,False
891f2a671d7ffff,631.1,False
891f2a671dbffff,540.9,False
891f2a67203ffff,106.6,True
891f2a67207ffff,35.1,True
891f2a6720bffff,67.0,True
891f2a6720fffff,22.6,True
891f2a67213ffff,105.1,True
891f2a67217ffff,0.0,True
891f2a6721bffff,229.0,False
891f2a67223ffff,134.6,True
891f2a67227ffff,136.7,True
891f2a6722bffff,20.1,True
891f2a6722fffff,0.0,True
891f2a67233ffff,98.5,True
891f2a67237ffff,35.7,True
891f2a6723bffff,109.7,True
891f2a67243ffff,227.2,False
891f2a67247ffff,317.9,False
891f2a6724bffff,541.1,False
891f2a6724fffff,301.2,False
891f2a67253ffff,225.9,False
891f2a67257ffff,71.2,True
891f2a6725bffff,463.2,False
891f2a67263ffff,84.6,True
891f2a67267ffff,169.3,True
891f2a6726bffff,210.5,False
891f2a6726fffff,11.9,True
891f2a67273ffff,40.8,True
891f2a67277ffff,76.6,True
891f2a6727bffff,132.2,True
891f2a67283ffff,507.2,False
891f2a67287ffff,371.7,False
891f2a6728bffff,409.2,False
891f2a6728fffff,211.4,False
891f2a67293ffff,512.1,False
891f2a67297ffff,337.5,False
891f2a6729bffff,622.8,False
891f2a672a3ffff,133.4,True
891f2a672a7ffff,158.2,True
891f2a672abffff,34.4,True
891f2a672afffff,34.6,True
891f2a672b3ffff,232.2,False
891f2a672b7ffff,320.6,False
891f2a672bbffff,119.9,True
891f2a672c3ffff,251.6,False
891f2a672c7ffff,369.6,False
891f2a672cbffff,417.0,False
891f2a672cfffff,268.6,False
891f2a672d3ffff,56.6,True
891f2a672d7ffff,353.2,False
891f2a672dbffff,208.8,False
891f2a67303ffff,710.0,False
891f2a67307ffff,634.4,False
891f2a6730bffff,615.2,False
891f2a6730fffff,921.6,False
891f2a67313ffff,587.7,False
891f2a67317ffff,458.5,False
891f2a6731bffff,373.2,False
891f2a67323ffff,956.2,False
891f2a67327ffff,758.3,False
891f2a6732bffff,1059.8,False
891f2a6732fffff,917.1,False
891f2a67333ffff,655.5,False
891f2a67337ffff,828.7,False
891f2a6733bffff,883.7,False
891f2a67343ffff,341.1,False
891f2a67347ffff,640.6,False
891f2a6734bffff,138.6,True
891f2a6734fffff,441.8,False
891f2a67353ffff,112.8,True
891f2a67357ffff,370.5,False
891f2a6735bffff,90.4,True
891f2a67363ffff,662.8,False
891f2a67367ffff,759.7,False
891f2a6736bffff,351.6,False
891f2a6736fffff,485.0,False
891f2a67373ffff,862.0,False
891f2a67377ffff,979.0,False
891f2a6737bffff,582.0,False
891f2a67383ffff,537.8,False
891f2a67387ffff,218.2,False
891f2a6738bffff,594.2,False
891f2a6738fffff,398.6,False
891f2a67393ffff,778.5,False
891f2a67397ffff,504.1,False
891f2a6739bffff,568.2,False
891f2a673a3ffff,246.2,False
891f2a673a7ffff,533.0,False
891f2a673abffff,362.9,False
891f2a673afffff,531.6,False
891f2a673b3ffff,20.8,True
891f2a673b7ffff,291.9,False
891f2a673bbffff,139.2,True
891f2a673c3ffff,148.4,True
891f2a673c7ffff,285.4,False
891f2a673cbffff,106.5,True
891f2a673cfffff,65.2,True
891f2a673d3ffff,64.9,True
891f2a673d7ffff,285.2,False
891f2a673dbffff,42.6,True
891f2a67403ffff,602.7,False
891f2a67407ffff,523.8,False
891f2a6740bffff,306.4,False
891f2a6740fffff,471.3,False
891f2a67413ffff,726.8,False
891f2a67417ffff,544.4,False
891f2a6741bffff,583.9,False
891f2a67423ffff,227.9,False
891f2a67427ffff,55.5,True
891f2a6742bffff,396.9,False
891f2a6742fffff,264.8,False
891f2a67433ffff,258.4,False
891f2a67437ffff,51.8,True
891f2a6743bffff,526.7,False
891f2a67443ffff,0.0,True
891f2a67447ffff,136.9,True
891f2a6744bffff,227.5,False
891f2a6744fffff,261.5,False
891f2a67453ffff,166.4,False
891f2a67457ffff,297.5,False
891f2a6745bffff,80.4,True
891f2a67463ffff,333.2,False
891f2a67467ffff,381.3,False
891f2a6746bffff,410.5,False
891f2a6746fffff,556.2,False
891f2a67473ffff,172.0,True
891f2a67477ffff,488.1,False
891f2a6747bffff,127.3,True
891f2a67483ffff,402.4,False
891f2a67487ffff,89.1,True
891f2a6748bffff,667.2,False
891f2a6748fffff,407.6,False
891f2a67493ffff,305.4,False
891f2a67497ffff,114.5,True
891f2a6749bffff,457.4,False
891f2a674a3ffff,0.0,True
891f2a674a7ffff,95.3,True
891f2a674abffff,250.3,False
891f2a674afffff,40.6,True
891f2a674b3ffff,145.4,True
891f2a674b7ffff,106.1,True
891f2a674bbffff,303.4,False
891f2a674c3ffff,528.3,False
891f2a674c7ffff,797.9,False
891f2a674cbffff,289.1,False
891f2a674cfffff,482.1,False
891f2a674d3ffff,335.5,False
891f2a674d7ffff,554.4,False
891f2a674dbffff,204.7,False
891f2a67503ffff,174.6,False
891f2a67507ffff,89.8,True
891f2a6750bffff,181.4,False
891f2a6750fffff,0.0,True
891f2a67513ffff,271.7,False
891f2a67517ffff,51.1,True
891f2a6751bffff,5.4,True
891f2a67523ffff,259.2,False
891f2a67527ffff,111.5,True
891f2a6752bffff,3.7,True
891f2a6752fffff,244.6,False
891f2a67533ffff,163.0,True
891f2a67537ffff,125.2,True
891f2a6753bffff,146.0,True
891f2a67543ffff,467.7,False
891f2a67547ffff,441.9,False
891f2a6754bffff,493.0,False
891f2a6754fffff,724.8,False
891f2a67553ffff,210.9,False
891f2a67557ffff,223.3,False
891f2a6755bffff,188.0,False
891f2a67563ffff,329.9,False
891f2a67567ffff,132.4,True
891f2a6756bffff,619.7,False
891f2a6756fffff,451.6,False
891f2a67573ffff,166.6,True
891f2a67577ffff,121.4,True
891f2a6757bffff,473.4,False
891f2a67583ffff,139.1,True
891f2a67587ffff,91.9,True
891f2a6758bffff,145.7,True
891f2a6758fffff,139.5,True
891f2a67593ffff,154.9,True
891f2a67597ffff,60.1,True
891f2a6759bffff,0.0,True
891f2a675a3ffff,63.1,True
891f2a675a7ffff,19.4,True
891f2a675abffff,153.9,True
891f2a675afffff,117.2,True
891f2a675b3ffff,78.6,True
891f2a675b7ffff,274.6,False
891f2a675bbffff,184.2,False
891f2a675c3ffff,17.4,True
891f2a675c7ffff,126.4,True
891f2a675cbffff,4.4,True
891f2a675cfffff,121.1,True
891f2a675d3ffff,192.6,False
891f2a675d7ffff,26.0,True
891f2a675dbffff,90.6,True
891f2a67603ffff,551.8,False
891f2a67607ffff,870.7,False
891f2a6760bffff,314.3,False
891f2a6760fffff,653.1,False
891f2a67613ffff,602.3,False
891f2a67617ffff,843.6,False
891f2a6761bffff,284.1,False
891f2a67623ffff,358.8,False
891f2a67627ffff,90.1,True
891f2a6762bffff,531.4,False
891f2a6762fffff,210.7,False
891f2a67633ffff,626.2,False
891f2a67637ffff,395.2,False
891f2a6763bffff,685.9,False
891f2a67643ffff,256.1,False
891f2a67647ffff,283.4,False
891f2a6764bffff,418.5,False
891f2a6764fffff,515.4,False
891f2a67653ffff,0.0,True
891f2a67657ffff,0.0,True
891f2a6765bffff,124.8,True
891f2a67663ffff,576.7,False
891f2a67667ffff,695.0,False
891f2a6766bffff,338.2,False
891f2a6766fffff,375.6,False
891f2a67673ffff,533.6,False
891f2a67677ffff,847.8,False
891f2a6767bffff,588.5,False
891f2a67683ffff,567.5,False
891f2a67687ffff,527.5,False
891f2a6768bffff,651.2,False
891f2a6768fffff,841.0,False
891f2a67693ffff,264.6,False
891f2a67697ffff,386.2,False
891f2a6769bffff,499.6,False
891f2a676a3ffff,716.0,False
891f2a676a7ffff,651.4,False
891f2a676abffff,916.1,False
891f2a676afffff,700.3,False
891f2a676b3ffff,491.3,False
891f2a676b7ffff,409.1,False
891f2a676bbffff,752.2,False
891f2a676c3ffff,75.3,True
891f2a676c7ffff,378.5,False
891f2a676cbffff,173.2,False
891f2a676cfffff,66.3,True
891f2a676d3ffff,61.0,True
891f2a676d7ffff,394.1,False
891f2a676dbffff,81.1,True
891f2a6c5a3ffff,1003.9,False
891f2a6c5a7ffff,1018.3,False
891f2a6c5b3ffff,778.0,False
891f2a6c5b7ffff,792.0,False
891f2a6cc83ffff,119.2,False
891f2a6cc87ffff,253.5,False
891f2a6cc93ffff,196.2,False
891f2a6cc97ffff,57.6,True
891f2a6cca3ffff,116.5,False
891f2a6cca7ffff,39.4,True
891f2a6ccb3ffff,262.1,False
891f2a6ccb7ffff,0.0,True
891f2a6cd03ffff,261.7,False
891f2a6cd07ffff,358.3,False
891f2a6cd13ffff,221.7,False
891f2a6cd17ffff,84.2,True
891f2a6cd1bffff,282.2,False
891f2a6cd23ffff,704.8,False
891f2a6cd27ffff,784.5,False
891f2a6cd2fffff,896.6,False
891f2a6cd33ffff,449.4,False
891f2a6cd37ffff,522.4,False
891f2a6cd3bffff,558.0,False
891f2a6cd83ffff,158.1,True
891f2a6cd87ffff,113.7,True
891f2a6cd8bffff,51.3,True
891f2a6cd8fffff,40.3,True
891f2a6cd93ffff,200.7,False
891f2a6cd97ffff,266.7,False
891f2a6cd9bffff,119.3,True
891f2a6cda3ffff,206.1,False
891f2a6cda7ffff,14.9,True
891f2a6cdabffff,145.3,True
891f2a6cdafffff,283.8,False
891f2a6cdb3ffff,53.6,True
891f2a6cdb7ffff,55.3,True
891f2a6cdbbffff,20.0,True
891f2a6cdc3ffff,67.7,True
891f2a6cdc7ffff,162.4,False
891f2a6cdd3ffff,11.3,True
891f2a6cdd7ffff,4.7,True
891f2a6cddbffff,94.7,False
891f2a6e003ffff,220.1,False
891f2a6e007ffff,29.6,True
891f2a6e00bffff,49.9,True
891f2a6e00fffff,152.2,True
891f2a6e013ffff,40.5,True
891f2a6e017ffff,50.5,True
891f2a6e01bffff,317.7,False
891f2a6e023ffff,65.5,True
891f2a6e027ffff,18.6,True
891f2a6e02bffff,138.6,True
891f2a6e02fffff,199.8,False
891f2a6e033ffff,60.3,True
891f2a6e037ffff,75.3,True
891f2a6e03bffff,36.2,True
891f2a6e047ffff,68.5,False
891f2a6e053ffff,105.7,False
891f2a6e057ffff,219.2,False
891f2a6e063ffff,285.6,False
891f2a6e067ffff,144.9,True
891f2a6e073ffff,23.5,True
891f2a6e077ffff,96.7,True
891f2a6e083ffff,309.8,False
891f2a6e087ffff,338.4,False
891f2a6e08bffff,98.0,True
891f2a6e08fffff,95.6,True
891f2a6e093ffff,257.3,False
891f2a6e097ffff,341.5,False
891f2a6e09bffff,327.8,False
891f2a6e0a3ffff,38.1,True
891f2a6e0a7ffff,156.1,True
891f2a6e0abffff,214.1,False
891f2a6e0afffff,245.4,False
891f2a6e0b3ffff,213.5,False
891f2a6e0b7ffff,128.1,True
891f2a6e0bbffff,99.5,True
891f2a6e0c3ffff,0.0,True
891f2a6e0c7ffff,173.0,False
891f2a6e0cbffff,191.2,False
891f2a6e0cfffff,2.7,True
891f2a6e0d3ffff,28.4,True
891f2a6e0d7ffff,27.8,True
891f2a6e0dbffff,271.1,False
891f2a6e103ffff,288.9,False
891f2a6e107ffff,17.2,True
891f2a6e10bffff,10.5,True
891f2a6e10fffff,247.1,False
891f2a6e113ffff,280.5,False
891f2a6e117ffff,193.5,False
891f2a6e11bffff,207.0,False
891f2a6e123ffff,117.8,True
891f2a6e127ffff,64.9,True
891f2a6e12bffff,138.4,True
891f2a6e12fffff,23.8,True
891f2a6e133ffff,6.7,True
891f2a6e137ffff,154.9,True
891f2a6e13bffff,135.6,True
891f2a6e143ffff,69.6,True
891f2a6e147ffff,124.4,True
891f2a6e14bffff,215.7,False
891f2a6e14fffff,162.2,True
891f2a6e153ffff,224.2,False
891f2a6e157ffff,342.8,False
891f2a6e15bffff,207.2,False
891f2a6e163ffff,144.3,True
891f2a6e167ffff,104.5,True
891f2a6e16bffff,156.6,True
891f2a6e16fffff,82.3,True
891f2a6e173ffff,23.8,True
891f2a6e177ffff,0.0,True
891f2a6e17bffff,49.6,True
891f2a6e183ffff,290.7,False
891f2a6e187ffff,24.8,True
891f2a6e18bffff,166.3,False
891f2a6e18fffff,72.4,True
891f2a6e193ffff,176.2,False
891f2a6e197ffff,207.3,False
891f2a6e19bffff,211.0,False
891f2a6e1a3ffff,185.2,False
891f2a6e1a7ffff,258.9,False
891f2a6e1abffff,5.9,True
891f2a6e1afffff,44.8,True
891f2a6e1b3ffff,89.3,True
891f2a6e1b7ffff,191.1,False
891f2a6e1bbffff,102.5,True
891f2a6e1c3ffff,45.1,True
891f2a6e1c7ffff,0.0,True
891f2a6e1cbffff,114.2,True
891f2a6e1cfffff,207.3,False
891f2a6e1d3ffff,73.9,True
891f2a6e1d7ffff,58.5,True
891f2a6e1dbffff,55.5,True
891f2a6e307ffff,57.6,True
891f2a6e317ffff,73.3,True
891f2a6e323ffff,0.0,True
891f2a6e327ffff,13.3,True
891f2a6e32bffff,101.0,False
891f2a6e32fffff,62.0,False
891f2a6e333ffff,36.2,True
891f2a6e337ffff,94.5,True
891f2a6e33bffff,74.6,False
891f2a6e383ffff,25.6,True
891f2a6e387ffff,103.3,True
891f2a6e38bffff,124.3,False
891f2a6e38fffff,123.7,True
891f2a6e393ffff,115.6,True
891f2a6e397ffff,17.1,True
891f2a6e39bffff,87.2,True
891f2a6e3a3ffff,5.9,True
891f2a6e3a7ffff,168.1,True
891f2a6e3abffff,97.0,True
891f2a6e3afffff,50.4,True
891f2a6e3b3ffff,273.1,False
891f2a6e3b7ffff,19.4,True
891f2a6e3bbffff,167.1,True
891f2a6e403ffff,70.0,True
891f2a6e407ffff,228.0,False
891f2a6e40bffff,24.9,True
891f2a6e40fffff,86.3,True
891f2a6e413ffff,233.1,False
891f2a6e417ffff,305.4,False
891f2a6e41bffff,220.8,False
891f2a6e423ffff,118.2,True
891f2a6e427ffff,41.7,True
891f2a6e42bffff,41.7,True
891f2a6e42fffff,168.7,True
891f2a6e433ffff,277.3,False
891f2a6e437ffff,251.2,False
891f2a6e43bffff,0.0,True
891f2a6e443ffff,13.6,True
891f2a6e447ffff,191.6,False
891f2a6e44bffff,218.7,False
891f2a6e44fffff,172.7,False
891f2a6e453ffff,186.6,False
891f2a6e457ffff,128.8,True
891f2a6e45bffff,201.9,False
891f2a6e463ffff,326.5,False
891f2a6e467ffff,33.4,True
891f2a6e46bffff,216.1,False
891f2a6e46fffff,192.2,False
891f2a6e473ffff,145.6,True
891f2a6e477ffff,212.3,False
891f2a6e47bffff,288.7,False
891f2a6e483ffff,73.0,True
891f2a6e487ffff,194.1,False
891f2a6e48bffff,77.9,True
891f2a6e48fffff,172.9,False
891f2a6e493ffff,167.9,False
891f2a6e497ffff,179.0,False
891f2a6e49bffff,124.5,True
891f2a6e4a3ffff,147.9,True
891f2a6e4a7ffff,98.3,True
891f2a6e4abffff,205.0,False
891f2a6e4afffff,295.2,False
891f2a6e4b3ffff,180.4,False
891f2a6e4b7ffff,37.4,True
891f2a6e4bbffff,72.9,True
891f2a6e4c3ffff,87.6,True
891f2a6e4c7ffff,231.5,False
891f2a6e4cbffff,8.0,True
891f2a6e4cfffff,56.6,True
891f2a6e4d3ffff,22.0,True
891f2a6e4d7ffff,86.7,True
891f2a6e4dbffff,170.0,True
891f2a6e503ffff,72.2,True
891f2a6e507ffff,143.1,True
891f2a6e50bffff,80.9,True
891f2a6e50fffff,254.1,False
891f2a6e513ffff,151.1,True
891f2a6e517ffff,13.9,True
891f2a6e51bffff,183.4,False
891f2a6e523ffff,54.1,True
891f2a6e527ffff,26.8,True
891f2a6e52bffff,234.1,False
891f2a6e52fffff,3.1,True
891f2a6e533ffff,104.7,True
891f2a6e537ffff,58.1,True
891f2a6e53bffff,366.4,False
891f2a6e543ffff,288.2,False
891f2a6e547ffff,126.1,True
891f2a6e54bffff,329.6,False
891f2a6e54fffff,23.3,True
891f2a6e553ffff,200.9,False
891f2a6e557ffff,228.7,False
891f2a6e55bffff,37.5,True
891f2a6e563ffff,58.0,True
891f2a6e567ffff,105.0,True
891f2a6e56bffff,158.1,True
891f2a6e56fffff,231.8,False
891f2a6e573ffff,190.4,False
891f2a6e577ffff,108.1,True
891f2a6e57bffff,94.4,True
891f2a6e583ffff,372.7,False
891f2a6e587ffff,136.9,True
891f2a6e58bffff,179.9,False
891f2a6e58fffff,168.0,True
891f2a6e593ffff,163.8,True
891f2a6e597ffff,264.7,False
891f2a6e59bffff,55.4,True
891f2a6e5a3ffff,86.0,True
891f2a6e5a7ffff,7.9,True
891f2a6e5abffff,91.7,True
891f2a6e5afffff,21.7,True
891f2a6e5b3ffff,142.8,True
891f2a6e5b7ffff,97.3,True
891f2a6e5bbffff,36.3,True
891f2a6e5c3ffff,88.8,True
891f2a6e5c7ffff,0.0,True
891f2a6e5cbffff,0.0,True
891f2a6e5cfffff,79.2,True
891f2a6e5d3ffff,271.0,False
891f2a6e5d7ffff,87.2,True
891f2a6e5dbffff,253.4,False
891f2a6e613ffff,7.4,True
891f2a6e617ffff,217.0,False
891f2a6e637ffff,250.7,False
891f2a6e683ffff,188.1,False
891f2a6e687ffff,106.4,True
891f2a6e68bffff,132.1,True
891f2a6e68fffff,290.6,False
891f2a6e693ffff,259.3,False
891f2a6e697ffff,7.1,True
891f2a6e69bffff,437.3,False
891f2a6e6a3ffff,0.0,True
891f2a6e6a7ffff,129.0,True
891f2a6e6abffff,118.4,False
891f2a6e6afffff,0.0,True
891f2a6e6b3ffff,109.9,True
891f2a6e6b7ffff,15.5,True
891f2a6e6bbffff,70.6,True
891f2a6e6c7ffff,86.0,False
891f2a6e6d7ffff,365.3,False
891f2a6e803ffff,36.7,True
891f2a6e807ffff,74.0,True
891f2a6e80bffff,183.1,False
891f2a6e80fffff,130.5,True
891f2a6e813ffff,247.9,False
891f2a6e817ffff,118.7,True
891f2a6e81bffff,283.4,False
891f2a6e823ffff,160.3,True
891f2a6e827ffff,64.4,True
891f2a6e82bffff,0.0,True
891f2a6e82fffff,160.8,True
891f2a6e833ffff,156.0,True
891f2a6e837ffff,17.9,True
891f2a6e83bffff,3.3,True
891f2a6e843ffff,202.9,False
891f2a6e847ffff,197.9,False
891f2a6e84bffff,0.0,True
891f2a6e84fffff,193.5,False
891f2a6e853ffff,321.1,False
891f2a6e857ffff,328.2,False
891f2a6e85bffff,122.0,True
891f2a6e863ffff,211.2,False
891f2a6e867ffff,30.8,True
891f2a6e86bffff,226.9,False
891f2a6e86fffff,203.3,False
891f2a6e873ffff,66.9,True
891f2a6e877ffff,0.0,True
891f2a6e87bffff,128.6,True
891f2a6e883ffff,231.6,False
891f2a6e887ffff,251.0,False
891f2a6e88bffff,158.3,True
891f2a6e88fffff,0.0,True
891f2a6e893ffff,135.4,True
891f2a6e897ffff,256.8,False
891f2a6e89bffff,61.7,True
891f2a6e8a3ffff,234.5,False
891f2a6e8a7ffff,37.0,True
891f2a6e8abffff,19.8,True
891f2a6e8afffff,246.7,False
891f2a6e8b3ffff,52.5,True
891f2a6e8b7ffff,235.5,False
891f2a6e8bbffff,176.7,False
891f2a6e8c3ffff,93.9,True
891f2a6e8c7ffff,117.1,True
891f2a6e8cbffff,151.4,True
891f2a6e8cfffff,22.7,True
891f2a6e8d3ffff,182.1,True
891f2a6e8d7ffff,109.1,True
891f2a6e8dbffff,73.1,True
891f2a6e903ffff,121.2,True
891f2a6e907ffff,166.3,False
891f2a6e90bffff,51.2,True
891f2a6e90fffff,308.4,False
891f2a6e913ffff,41.1,True
891f2a6e917ffff,59.0,True
891f2a6e91bffff,35.6,True
891f2a6e923ffff,149.8,True
891f2a6e927ffff,33.1,True
891f2a6e92bffff,309.8,False
891f2a6e92fffff,255.2,False
891f2a6e933ffff,77.7,True
891f2a6e937ffff,138.5,True
891f2a6e93bffff,31.1,True
891f2a6e943ffff,43.3,True
891f2a6e947ffff,167.8,False
891f2a6e94bffff,124.1,True
891f2a6e94fffff,48.7,True
891f2a6e953ffff,59.7,True
891f2a6e957ffff,57.0,True
891f2a6e95bffff,73.9,True
891f2a6e963ffff,15.0,True
891f2a6e967ffff,193.1,False
891f2a6e96bffff,0.0,True
891f2a6e96fffff,95.5,True
891f2a6e973ffff,192.9,False
891f2a6e977ffff,186.8,False
891f2a6e97bffff,195.5,False
891f2a6e983ffff,20.0,True
891f2a6e987ffff,39.9,True
891f2a6e98bffff,5.4,True
891f2a6e98fffff,18.8,True
891f2a6e993ffff,91.2,True
891f2a6e997ffff,238.4,False
891f2a6e99bffff,139.6,True
891f2a6e9a3ffff,66.8,True
891f2a6e9a7ffff,191.5,False
891f2a6e9abffff,29.8,True
891f2a6e9afffff,19.4,True
891f2a6e9b3ffff,24.1,True
891f2a6e9b7ffff,257.1,False
891f2a6e9bbffff,137.5,True
891f2a6e9c3ffff,2.7,True
891f2a6e9c7ffff,20.2,True
891f2a6e9cbffff,65.2,True
891f2a6e9cfffff,0.0,True
891f2a6e9d3ffff,189.5,False
891f2a6e9d7ffff,94.5,True
891f2a6e9dbffff,242.2,False
891f2a6ea03ffff,339.7,False
891f2a6ea07ffff,230.1,False
891f2a6ea0bffff,493.3,False
891f2a6ea0fffff,460.1,False
891f2a6ea13ffff,234.3,False
891f2a6ea17ffff,71.6,True
891f2a6ea1bffff,378.9,False
891f2a6ea23ffff,0.0,True
891f2a6ea27ffff,39.1,True
891f2a6ea2bffff,60.5,True
891f2a6ea2fffff,177.0,True
891f2a6ea33ffff,0.0,True
891f2a6ea37ffff,3.2,True
891f2a6ea3bffff,178.1,True
891f2a6ea67ffff,220.5,False
891f2a6ea77ffff,256.1,False
891f2a6ea83ffff,232.1,False
891f2a6ea87ffff,40.2,True
891f2a6ea8bffff,30.4,True
891f2a6ea8fffff,295.5,False
891f2a6ea93ffff,367.5,False
891f2a6ea97ffff,136.7,True
891f2a6ea9bffff,332.4,False
891f2a6eaa3ffff,73.1,True
891f2a6eaa7ffff,0.0,True
891f2a6eaabffff,0.0,True
891f2a6eaafffff,0.0,True
891f2a6eab3ffff,58.2,True
891f2a6eab7ffff,252.4,False
891f2a6eabbffff,158.0,True
891f2a6eac7ffff,196.3,False
891f2a6ead3ffff,660.4,False
891f2a6ead7ffff,329.6,False
891f2a6eb03ffff,79.3,True
891f2a6eb07ffff,118.2,True
891f2a6eb0bffff,104.4,True
891f2a6eb0fffff,177.6,True
891f2a6eb13ffff,352.5,False
891f2a6eb17ffff,235.8,False
891f2a6eb1bffff,259.5,False
891f2a6eb23ffff,219.9,False
891f2a6eb27ffff,322.8,False
891f2a6eb2bffff,12.0,True
891f2a6eb2fffff,142.8,True
891f2a6eb33ffff,224.7,False
891f2a6eb37ffff,348.6,False
891f2a6eb3bffff,77.9,True
891f2a6eb43ffff,58.3,True
891f2a6eb47ffff,42.2,True
891f2a6eb4bffff,374.8,False
891f2a6eb4fffff,238.4,False
891f2a6eb53ffff,87.3,True
891f2a6eb57ffff,112.4,True
891f2a6eb5bffff,74.0,True
891f2a6eb63ffff,46.0,True
891f2a6eb67ffff,81.6,True
891f2a6eb6bffff,40.8,True
891f2a6eb6fffff,27.6,True
891f2a6eb73ffff,52.8,True
891f2a6eb77ffff,0.0,True
891f2a6eb7bffff,103.0,True
891f2a6eb83ffff,394.4,False
891f2a6eb87ffff,307.0,False
891f2a6eb8bffff,390.7,False
891f2a6eb8fffff,520.2,False
891f2a6eb93ffff,104.0,True
891f2a6eb97ffff,300.8,False
891f2a6eb9bffff,85.7,True
891f2a6eba3ffff,63.9,True
891f2a6eba7ffff,203.1,False
891f2a6ebabffff,131.8,True
891f2a6ebafffff,95.4,True
891f2a6ebb3ffff,2.5,True
891f2a6ebb7ffff,197.0,False
891f2a6ebbbffff,226.0,False
891f2a6ebc3ffff,72.3,True
891f2a6ebc7ffff,73.4,True
891f2a6ebcbffff,0.0,True
891f2a6ebcfffff,65.3,True
891f2a6ebd3ffff,177.1,True
891f2a6ebd7ffff,159.8,True
891f2a6ebdbffff,1.8,True
891f2a6ec03ffff,285.8,False
891f2a6ec07ffff,334.8,False
891f2a6ec0bffff,47.0,True
891f2a6ec0fffff,223.3,False
891f2a6ec13ffff,185.2,True
891f2a6ec17ffff,30.8,True
891f2a6ec1bffff,57.3,True
891f2a6ec23ffff,214.6,False
891f2a6ec27ffff,0.0,True
891f2a6ec2bffff,242.1,False
891f2a6ec2fffff,169.0,False
891f2a6ec33ffff,270.3,False
891f2a6ec37ffff,148.8,True
891f2a6ec3bffff,324.9,False
891f2a6ec43ffff,141.6,True
891f2a6ec47ffff,21.1,True
891f2a6ec4bffff,129.0,True
891f2a6ec4fffff,69.1,True
891f2a6ec53ffff,229.6,False
891f2a6ec57ffff,169.4,True
891f2a6ec5bffff,69.7,True
891f2a6ec63ffff,59.0,True
891f2a6ec67ffff,160.0,False
891f2a6ec6bffff,213.1,False
891f2a6ec6fffff,318.3,False
891f2a6ec73ffff,103.9,True
891f2a6ec77ffff,8.1,True
891f2a6ec7bffff,203.8,False
891f2a6ec83ffff,7.3,True
891f2a6ec87ffff,0.0,True
891f2a6ec8bffff,135.6,True
891f2a6ec8fffff,197.7,False
891f2a6ec93ffff,0.0,True
891f2a6ec97ffff,139.5,True
891f2a6ec9bffff,68.9,True
891f2a6eca3ffff,47.1,True
891f2a6eca7ffff,136.1,True
891f2a6ecabffff,133.5,True
891f2a6ecafffff,0.5,True
891f2a6ecb3ffff,66.0,True
891f2a6ecb7ffff,64.4,True
891f2a6ecbbffff,81.8,True
891f2a6ecc3ffff,37.4,True
891f2a6ecc7ffff,82.4,True
891f2a6eccbffff,172.6,False
891f2a6eccfffff,176.3,False
891f2a6ecd3ffff,35.3,True
891f2a6ecd7ffff,28.7,True
891f2a6ecdbffff,285.5,False
891f2a6ed03ffff,29.8,True
891f2a6ed07ffff,82.9,True
891f2a6ed0bffff,212.3,False
891f2a6ed0fffff,68.9,True
891f2a6ed13ffff,81.1,True
891f2a6ed17ffff,75.5,True
891f2a6ed1bffff,40.0,True
891f2a6ed23ffff,43.5,True
891f2a6ed27ffff,96.3,True
891f2a6ed2bffff,35.4,True
891f2a6ed2fffff,238.5,False
891f2a6ed33ffff,61.1,True
891f2a6ed37ffff,162.4,True
891f2a6ed3bffff,15.2,True
891f2a6ed43ffff,151.9,True
891f2a6ed47ffff,59.2,True
891f2a6ed4bffff,0.0,True
891f2a6ed4fffff,62.4,True
891f2a6ed53ffff,169.9,True
891f2a6ed57ffff,94.4,True
891f2a6ed5bffff,201.3,False
891f2a6ed63ffff,0.0,True
891f2a6ed67ffff,15.2,True
891f2a6ed6bffff,180.3,False
891f2a6ed6fffff,0.0,True
891f2a6ed73ffff,117.6,True
891f2a6ed77ffff,68.0,True
891f2a6ed7bffff,49.9,True
891f2a6ed83ffff,160.9,True
891f2a6ed87ffff,224.8,False
891f2a6ed8bffff,95.5,True
891f2a6ed8fffff,137.5,True
891f2a6ed93ffff,37.7,True
891f2a6ed97ffff,191.9,False
891f2a6ed9bffff,20.8,True
891f2a6eda3ffff,106.2,True
891f2a6eda7ffff,113.4,True
891f2a6edabffff,85.1,True
891f2a6edafffff,0.0,True
891f2a6edb3ffff,230.3,False
891f2a6edb7ffff,88.4,True
891f2a6edbbffff,121.9,True
891f2a6edc3ffff,104.1,True
891f2a6edc7ffff,15.6,True
891f2a6edcbffff,216.3,False
891f2a6edcfffff,137.8,True
891f2a6edd3ffff,87.2,True
891f2a6edd7ffff,148.7,True
891f2a6eddbffff,56.4,True
891f2a6ee03ffff,230.9,False
891f2a6ee07ffff,158.7,True
891f2a6ee0bffff,132.9,True
891f2a6ee0fffff,11.4,True
891f2a6ee13ffff,140.6,True
891f2a6ee17ffff,349.5,False
891f2a6ee1bffff,151.2,True
891f2a6ee23ffff,12.2,True
891f2a6ee27ffff,212.7,False
891f2a6ee2bffff,91.2,True
891f2a6ee2fffff,189.9,False
891f2a6ee33ffff,215.1,False
891f2a6ee37ffff,252.8,False
891f2a6ee3bffff,93.3,True
891f2a6ee43ffff,297.9,False
891f2a6ee47ffff,266.7,False
891f2a6ee4bffff,540.6,False
891f2a6ee4fffff,562.0,False
891f2a6ee53ffff,104.4,True
891f2a6ee57ffff,71.0,True
891f2a6ee5bffff,292.4,False
891f2a6ee63ffff,455.3,False
891f2a6ee67ffff,408.7,False
891f2a6ee6bffff,738.1,False
891f2a6ee6fffff,570.9,False
891f2a6ee73ffff,224.8,False
891f2a6ee77ffff,181.8,False
891f2a6ee7bffff,537.9,False
891f2a6ee83ffff,60.1,True
891f2a6ee87ffff,163.5,True
891f2a6ee8bffff,99.6,True
891f2a6ee8fffff,166.0,True
891f2a6ee93ffff,162.9,True
891f2a6ee97ffff,38.2,True
891f2a6ee9bffff,92.6,True
891f2a6eea3ffff,292.4,False
891f2a6eea7ffff,64.7,True
891f2a6eeabffff,443.4,False
891f2a6eeafffff,111.8,True
891f2a6eeb3ffff,173.1,False
891f2a6eeb7ffff,51.4,True
891f2a6eebbffff,459.3,False
891f2a6eec3ffff,184.8,False
891f2a6eec7ffff,276.9,False
891f2a6eecbffff,42.6,True
891f2a6eecfffff,165.7,True
891f2a6eed3ffff,231.9,False
891f2a6eed7ffff,126.1,True
891f2a6eedbffff,175.9,False
891f2a70803ffff,180.5,False
891f2a70807ffff,239.8,False
891f2a7080bffff,243.7,False
891f2a7080fffff,192.9,False
891f2a70813ffff,0.0,True
891f2a70817ffff,226.1,False
891f2a7081bffff,0.0,True
891f2a70823ffff,158.5,True
891f2a70827ffff,140.4,True
891f2a7082bffff,6.6,True
891f2a7082fffff,83.2,True
891f2a70833ffff,46.8,True
891f2a70837ffff,139.5,True
891f2a7083bffff,107.3,True
891f2a70843ffff,316.3,False
891f2a70847ffff,360.7,False
891f2a7084bffff,48.0,True
891f2a7084fffff,72.1,True
891f2a70853ffff,365.8,False
891f2a70857ffff,265.4,False
891f2a70863ffff,14.0,True
891f2a70867ffff,99.0,True
891f2a7086bffff,244.8,False
891f2a7086fffff,248.5,False
891f2a70873ffff,195.3,False
891f2a70877ffff,40.4,True
891f2a7087bffff,222.5,False
891f2a70883ffff,88.9,True
891f2a70887ffff,108.6,True
891f2a7088bffff,84.9,True
891f2a7088fffff,52.8,True
891f2a70893ffff,134.4,True
891f2a70897ffff,131.3,True
891f2a7089bffff,45.1,True
891f2a708a3ffff,42.2,True
891f2a708a7ffff,207.9,False
891f2a708abffff,228.5,False
891f2a708afffff,5.9,True
891f2a708b3ffff,0.0,True
891f2a708b7ffff,280.0,False
891f2a708bbffff,192.7,False
891f2a708c3ffff,218.7,False
891f2a708c7ffff,67.4,True
891f2a708cbffff,335.6,False
891f2a708cfffff,131.5,True
891f2a708d7ffff,142.8,False
891f2a70903ffff,133.8,True
891f2a70907ffff,22.6,True
891f2a7090bffff,61.4,True
891f2a7090fffff,93.6,True
891f2a70913ffff,15.8,True
891f2a70917ffff,89.8,True
891f2a7091bffff,138.6,True
891f2a70923ffff,49.0,True
891f2a70927ffff,223.3,False
891f2a7092bffff,228.0,False
891f2a7092fffff,55.3,True
891f2a70933ffff,249.8,False
891f2a70937ffff,205.8,False
891f2a7093bffff,211.4,False
891f2a70943ffff,62.7,True
891f2a70947ffff,173.5,False
891f2a7094bffff,165.3,False
891f2a7094fffff,185.8,False
891f2a70953ffff,38.0,True
891f2a70957ffff,88.3,True
891f2a7095bffff,35.2,True
891f2a70963ffff,147.9,True
891f2a70967ffff,24.0,True
891f2a7096bffff,252.3,False
891f2a7096fffff,42.8,True
891f2a70973ffff,286.6,False
891f2a70977ffff,70.6,True
891f2a7097bffff,0.0,True
891f2a70983ffff,4.6,True
891f2a70987ffff,12.1,True
891f2a7098bffff,63.8,True
891f2a7098fffff,111.2,True
891f2a70993ffff,86.3,True
891f2a70997ffff,65.7,True
891f2a7099bffff,52.3,True
891f2a709a3ffff,34.4,True
891f2a709a7ffff,235.2,False
891f2a709abffff,193.1,False
891f2a709afffff,0.0,True
891f2a709b3ffff,205.8,False
891f2a709b7ffff,102.5,True
891f2a709bbffff,282.2,False
891f2a709c3ffff,120.9,True
891f2a709c7ffff,241.1,False
891f2a709cbffff,114.5,True
891f2a709cfffff,123.9,True
891f2a709d3ffff,46.0,True
891f2a709d7ffff,165.9,False
891f2a709dbffff,173.7,False
891f2a70a07ffff,0.0,True
891f2a70a0fffff,76.8,False
891f2a70a17ffff,114.2,False
891f2a70a23ffff,0.0,True
891f2a70a27ffff,0.0,True
891f2a70a2bffff,70.8,True
891f2a70a2fffff,0.0,True
891f2a70a33ffff,0.0,True
891f2a70a37ffff,0.0,True
891f2a70a3bffff,0.0,True
891f2a70a67ffff,309.8,False
891f2a70a6fffff,375.8,False
891f2a70a77ffff,101.2,False
891f2a70a87ffff,217.8,False
891f2a70aa3ffff,0.0,True
891f2a70aa7ffff,79.8,True
891f2a70aabffff,0.0,True
891f2a70aafffff,7.5,True
891f2a70ab3ffff,0.0,True
891f2a70ab7ffff,38.8,True
891f2a70abbffff,0.0,True
891f2a70b03ffff,196.7,False
891f2a70b07ffff,241.3,False
891f2a70b0bffff,30.7,True
891f2a70b0fffff,240.8,False
891f2a70b13ffff,126.5,True
891f2a70b17ffff,305.0,False
891f2a70b1bffff,137.7,True
891f2a70b23ffff,165.2,True
891f2a70b27ffff,189.8,False
891f2a70b2bffff,0.0,True
891f2a70b2fffff,209.3,False
891f2a70b33ffff,125.8,True
891f2a70b37ffff,363.0,False
891f2a70b3bffff,55.8,True
891f2a70b43ffff,117.1,True
891f2a70b47ffff,131.1,True
891f2a70b4bffff,62.3,True
891f2a70b4fffff,57.8,True
891f2a70b53ffff,49.5,True
891f2a70b57ffff,113.4,True
891f2a70b5bffff,0.0,True
891f2a70b63ffff,107.4,True
891f2a70b67ffff,108.5,True
891f2a70b6bffff,289.8,False
891f2a70b6fffff,176.4,True
891f2a70b73ffff,97.6,True
891f2a70b77ffff,174.9,True
891f2a70b7bffff,9.8,True
891f2a70b83ffff,33.4,True
891f2a70b87ffff,75.8,True
891f2a70b8bffff,100.0,True
891f2a70b8fffff,145.7,True
891f2a70b93ffff,90.8,True
891f2a70b97ffff,80.2,True
891f2a70b9bffff,37.1,True
891f2a70ba3ffff,216.2,False
891f2a70ba7ffff,466.3,False
891f2a70babffff,154.4,False
891f2a70bafffff,408.2,False
891f2a70bb3ffff,69.5,True
891f2a70bb7ffff,244.5,False
891f2a70bbbffff,35.0,True
891f2a70bc3ffff,361.6,False
891f2a70bc7ffff,252.1,False
891f2a70bcbffff,118.1,True
891f2a70bcfffff,139.3,True
891f2a70bd3ffff,188.7,False
891f2a70bd7ffff,213.4,False
891f2a70bdbffff,136.1,True
891f2a70c23ffff,62.8,True
891f2a70c27ffff,19.7,True
891f2a70c2bffff,40.2,True
891f2a70c2fffff,30.0,True
891f2a70c33ffff,42.8,False
891f2a70c37ffff,105.0,True
891f2a70c67ffff,16.0,False
891f2a70ca7ffff,83.8,True
891f2a70cafffff,52.1,True
891f2a70d03ffff,75.1,True
891f2a70d07ffff,58.4,True
891f2a70d0bffff,93.0,True
891f2a70d0fffff,89.9,True
891f2a70d13ffff,136.5,True
891f2a70d17ffff,39.1,True
891f2a70d1bffff,64.8,True
891f2a70d23ffff,94.8,True
891f2a70d27ffff,61.4,True
891f2a70d2bffff,114.4,True
891f2a70d2fffff,0.0,True
891f2a70d33ffff,151.9,True
891f2a70d37ffff,34.8,True
891f2a70d3bffff,192.0,False
891f2a70d43ffff,5.6,True
891f2a70d47ffff,169.1,False
891f2a70d4bffff,98.8,True
891f2a70d4fffff,258.0,False
891f2a70d53ffff,178.2,False
891f2a70d57ffff,100.5,True
891f2a70d5bffff,39.5,True
891f2a70d63ffff,84.8,True
891f2a70d67ffff,85.1,True
891f2a70d6bffff,243.7,False
891f2a70d6fffff,84.1,True
891f2a70d73ffff,251.5,False
891f2a70d77ffff,58.9,True
891f2a70d7bffff,423.2,False
891f2a70d83ffff,132.4,True
891f2a70d87ffff,256.1,False
891f2a70d8bffff,0.0,True
891f2a70d8fffff,42.4,True
891f2a70d93ffff,6.7,True
891f2a70d97ffff,205.2,False
891f2a70d9bffff,174.6,False
891f2a70da3ffff,53.6,True
891f2a70da7ffff,88.3,True
891f2a70dabffff,169.9,False
891f2a70dafffff,84.1,True
891f2a70db3ffff,270.7,False
891f2a70db7ffff,141.7,True
891f2a70dbbffff,239.4,False
891f2a70dc3ffff,131.8,True
891f2a70dc7ffff,99.7,True
891f2a70dcbffff,126.6,True
891f2a70dcfffff,146.8,True
891f2a70dd3ffff,85.5,True
891f2a70dd7ffff,8.8,True
891f2a70ddbffff,88.4,True
891f2a72907ffff,0.0,True
891f2a7290fffff,104.7,True
891f2a72923ffff,0.0,True
891f2a72927ffff,196.7,False
891f2a7292bffff,14.7,True
891f2a7292fffff,0.0,True
891f2a72933ffff,0.0,True
891f2a72937ffff,33.8,True
891f2a7293bffff,0.0,True
891f2a72963ffff,227.7,False
891f2a72967ffff,190.4,False
891f2a7296bffff,6.7,True
891f2a7296fffff,223.5,False
891f2a72973ffff,268.6,False
891f2a72977ffff,72.0,True
891f2a7297bffff,168.3,False
891f2a729a3ffff,120.7,False
891f2a729a7ffff,150.3,True
891f2a729abffff,25.3,True
891f2a729afffff,100.1,True
891f2a729b7ffff,348.3,False
891f2a72b07ffff,179.9,False
891f2a72b0fffff,228.7,False
891f2a72b23ffff,73.7,True
891f2a72b27ffff,50.6,True
891f2a72b2bffff,163.2,True
891f2a72b2fffff,140.0,True
891f2a72b33ffff,99.8,True
891f2a72b37ffff,195.9,False
891f2a72b3bffff,29.4,True
891f2a72b63ffff,95.4,True
891f2a72b67ffff,9.5,True
891f2a72b6bffff,23.0,True
891f2a72b6fffff,0.0,True
891f2a72b73ffff,24.9,False
891f2a72b77ffff,110.0,True
891f2a72b7bffff,16.6,True
891f2a72ba3ffff,520.9,False
891f2a72ba7ffff,323.4,False
891f2a72babffff,348.6,False
891f2a72bafffff,324.1,False
891f2a72bb7ffff,247.4,False
891f2a74003ffff,333.4,False
891f2a74007ffff,392.3,False
891f2a7400bffff,207.8,False
891f2a7400fffff,166.8,True
891f2a74013ffff,72.5,True
891f2a74017ffff,409.9,False
891f2a7401bffff,62.4,True
891f2a74023ffff,66.3,True
891f2a74027ffff,296.8,False
891f2a7402bffff,0.6,True
891f2a7402fffff,179.1,False
891f2a74033ffff,107.7,True
891f2a74037ffff,81.6,True
891f2a7403bffff,215.4,False
891f2a74043ffff,78.4,True
891f2a74047ffff,150.9,True
891f2a7404bffff,101.1,True
891f2a7404fffff,118.0,True
891f2a74053ffff,111.3,True
891f2a74057ffff,93.6,True
891f2a7405bffff,47.7,True
891f2a74063ffff,7.2,True
891f2a74067ffff,10.4,True
891f2a7406bffff,244.5,False
891f2a7406fffff,40.5,True
891f2a74073ffff,78.9,True
891f2a74077ffff,32.4,True
891f2a7407bffff,147.0,True
891f2a74083ffff,50.8,True
891f2a74087ffff,108.9,False
891f2a7408bffff,138.9,True
891f2a7408fffff,181.6,False
891f2a74093ffff,114.0,True
891f2a74097ffff,39.4,True
891f2a7409bffff,324.6,False
891f2a740abffff,396.0,False
891f2a740afffff,176.6,False
891f2a740bbffff,397.6,False
891f2a740c3ffff,61.9,True
891f2a740c7ffff,224.8,False
891f2a740cbffff,94.3,True
891f2a740cfffff,237.5,False
891f2a740d3ffff,119.6,True
891f2a740d7ffff,318.3,False
891f2a740dbffff,183.9,False
891f2a7410bffff,129.8,False
891f2a74143ffff,160.4,True
891f2a74147ffff,61.2,True
891f2a7414bffff,0.1,True
891f2a7414fffff,68.9,True
891f2a74153ffff,311.9,False
891f2a74157ffff,258.3,False
891f2a7415bffff,0.0,True
891f2a74163ffff,133.4,True
891f2a74167ffff,0.0,True
891f2a7416bffff,19.3,True
891f2a7416fffff,6.7,True
891f2a74173ffff,78.1,True
891f2a74177ffff,247.2,False
891f2a7417bffff,15.4,True
891f2a741cbffff,367.5,False
891f2a74203ffff,194.2,False
891f2a74207ffff,87.5,True
891f2a7420bffff,139.4,True
891f2a7420fffff,65.1,True
891f2a74213ffff,57.1,True
891f2a74217ffff,263.2,False
891f2a7421bffff,182.4,False
891f2a74223ffff,121.2,True
891f2a74227ffff,185.2,False
891f2a7422bffff,27.9,True
891f2a7422fffff,58.4,True
891f2a74233ffff,189.9,False
891f2a74237ffff,155.3,False
891f2a7423bffff,142.5,True
891f2a74243ffff,354.9,False
891f2a74247ffff,16.6,True
891f2a7424bffff,461.9,False
891f2a7424fffff,295.9,False
891f2a74253ffff,292.3,False
891f2a74257ffff,284.5,False
891f2a7425bffff,541.0,False
891f2a74263ffff,320.7,False
891f2a74267ffff,54.9,True
891f2a7426bffff,3.3,True
891f2a7426fffff,70.9,True
891f2a74273ffff,169.6,False
891f2a74277ffff,221.3,False
891f2a7427bffff,244.2,False
891f2a74283ffff,60.6,True
891f2a74287ffff,270.4,False
891f2a7428bffff,84.5,True
891f2a7428fffff,29.6,True
891f2a74293ffff,171.5,True
891f2a74297ffff,161.6,True
891f2a7429bffff,0.9,True
891f2a742a3ffff,150.5,True
891f2a742a7ffff,158.9,True
891f2a742abffff,229.1,False
891f2a742afffff,37.5,True
891f2a742b3ffff,156.3,True
891f2a742b7ffff,259.4,False
891f2a742bbffff,154.6,True
891f2a742c3ffff,45.1,True
891f2a742c7ffff,104.7,True
891f2a742cbffff,18.7,True
891f2a742cfffff,173.7,False
891f2a742d3ffff,127.1,True
891f2a742d7ffff,112.8,True
891f2a742dbffff,226.4,False
891f2a74303ffff,44.6,True
891f2a74307ffff,77.9,True
891f2a7430bffff,110.7,True
891f2a7430fffff,133.4,True
891f2a74313ffff,14.5,True
891f2a74317ffff,36.4,True
891f2a7431bffff,21.2,True
891f2a74323ffff,31.9,True
891f2a74327ffff,185.1,False
891f2a7432bffff,101.6,True
891f2a7432fffff,163.1,True
891f2a74333ffff,179.5,False
891f2a74337ffff,169.8,True
891f2a7433bffff,90.5,True
891f2a74343ffff,125.8,True
891f2a74347ffff,91.3,True
891f2a7434bffff,166.4,False
891f2a7434fffff,39.3,True
891f2a74353ffff,46.4,True
891f2a74357ffff,44.8,True
891f2a7435bffff,54.4,True
891f2a74363ffff,127.3,True
891f2a74367ffff,146.5,True
891f2a7436bffff,217.8,False
891f2a7436fffff,98.8,True
891f2a74373ffff,48.3,True
891f2a74377ffff,110.9,True
891f2a7437bffff,47.3,True
891f2a74383ffff,23.5,True
891f2a74387ffff,30.6,True
891f2a7438bffff,0.0,True
891f2a7438fffff,48.5,True
891f2a74393ffff,8.7,True
891f2a74397ffff,214.6,False
891f2a7439bffff,21.4,True
891f2a743a3ffff,0.0,True
891f2a743a7ffff,114.7,True
891f2a743abffff,130.2,True
891f2a743afffff,168.3,True
891f2a743b3ffff,217.8,False
891f2a743b7ffff,43.9,True
891f2a743bbffff,156.5,True
891f2a743c3ffff,142.8,True
891f2a743c7ffff,119.9,True
891f2a743cbffff,235.3,False
891f2a743cfffff,136.8,True
891f2a743d3ffff,213.1,False
891f2a743d7ffff,9.8,True
891f2a743dbffff,132.4,True
891f2a74403ffff,84.1,True
891f2a74407ffff,0.0,True
891f2a7440bffff,154.8,False
891f2a7440fffff,147.9,True
891f2a74413ffff,9.3,True
891f2a74417ffff,7.6,True
891f2a7441bffff,36.6,True
891f2a74423ffff,8.9,True
891f2a7442bffff,70.3,True
891f2a7442fffff,0.0,True
891f2a74433ffff,47.1,True
891f2a7443bffff,173.4,False
891f2a74443ffff,53.1,True
891f2a74447ffff,37.3,True
891f2a7444bffff,97.9,True
891f2a7444fffff,173.4,False
891f2a74453ffff,62.5,True
891f2a74457ffff,93.3,True
891f2a7445bffff,189.1,False
891f2a74463ffff,147.5,True
891f2a74467ffff,339.9,False
891f2a7446bffff,111.8,True
891f2a7446fffff,188.1,True
891f2a74473ffff,58.2,True
891f2a74477ffff,328.6,False
891f2a7447bffff,132.5,True
891f2a7448bffff,47.0,False
891f2a7449bffff,31.5,True
891f2a744abffff,109.6,False
891f2a744c3ffff,89.6,True
891f2a744c7ffff,19.2,True
891f2a744cbffff,30.9,True
891f2a744cfffff,206.5,False
891f2a744d3ffff,73.9,True
891f2a744d7ffff,35.6,True
891f2a744dbffff,30.9,True
891f2a74603ffff,270.2,False
891f2a74607ffff,102.3,True
891f2a7460bffff,73.4,True
891f2a7460fffff,137.0,True
891f2a74613ffff,228.8,False
891f2a74617ffff,159.9,True
891f2a7461bffff,307.1,False
891f2a74623ffff,3.3,True
891f2a74627ffff,163.8,True
891f2a7462bffff,187.5,False
891f2a7462fffff,191.8,False
891f2a74633ffff,177.7,True
891f2a74637ffff,40.9,True
891f2a7463bffff,97.4,True
891f2a74643ffff,0.0,True
891f2a74647ffff,6.2,True
891f2a7464bffff,278.8,False
891f2a7464fffff,256.0,False
891f2a74653ffff,139.6,True
891f2a74657ffff,183.3,True
891f2a7465bffff,193.4,False
891f2a74663ffff,243.7,False
891f2a74667ffff,127.4,True
891f2a7466bffff,369.9,False
891f2a7466fffff,104.4,True
891f2a74673ffff,266.1,False
891f2a74677ffff,235.3,False
891f2a7467bffff,284.1,False
891f2a74683ffff,171.9,False
891f2a74687ffff,18.6,True
891f2a7468bffff,60.5,True
891f2a7468fffff,17.2,True
891f2a74693ffff,35.7,True
891f2a74697ffff,133.1,True
891f2a7469bffff,51.4,True
891f2a746a3ffff,20.1,True
891f2a746a7ffff,260.1,False
891f2a746abffff,293.7,False
891f2a746afffff,232.7,False
891f2a746b3ffff,54.6,True
891f2a746b7ffff,255.3,False
891f2a746bbffff,198.1,False
891f2a746c3ffff,89.4,True
891f2a746c7ffff,130.8,True
891f2a746cbffff,130.7,True
891f2a746cfffff,61.2,True
891f2a746d3ffff,90.7,True
891f2a746d7ffff,87.7,True
891f2a746dbffff,47.2,True
891f2a74803ffff,0.0,True
891f2a74807ffff,85.2,False
891f2a7480bffff,0.0,True
891f2a7480fffff,0.0,True
891f2a74813ffff,0.0,True
891f2a7481bffff,0.0,True
891f2a7483bffff,178.5,False
891f2a74843ffff,28.9,True
891f2a74847ffff,0.0,True
891f2a7484bffff,84.5,True
891f2a7484fffff,36.4,True
891f2a74853ffff,139.5,True
891f2a74857ffff,0.0,True
891f2a7485bffff,90.0,True
891f2a74863ffff,0.0,True
891f2a74867ffff,0.0,True
891f2a7486bffff,157.0,True
891f2a7486fffff,0.0,True
891f2a74873ffff,0.0,True
891f2a74877ffff,0.0,True
891f2a7487bffff,0.0,True
891f2a7488bffff,0.0,True
891f2a748c3ffff,82.9,True
891f2a748c7ffff,8.4,True
891f2a748cbffff,80.2,True
891f2a748cfffff,218.3,False
891f2a748d3ffff,198.2,False
891f2a748d7ffff,46.6,False
891f2a748dbffff,75.9,True
891f2a74a03ffff,176.2,False
891f2a74a07ffff,91.8,True
891f2a74a0bffff,72.5,True
891f2a74a0fffff,155.3,True
891f2a74a13ffff,71.5,True
891f2a74a17ffff,17.2,True
891f2a74a1bffff,148.1,True
891f2a74a23ffff,432.1,False
891f2a74a27ffff,162.9,True
891f2a74a2bffff,348.7,False
891f2a74a2fffff,290.2,False
891f2a74a33ffff,244.5,False
891f2a74a37ffff,329.0,False
891f2a74a3bffff,136.9,True
891f2a74a43ffff,84.1,True
891f2a74a47ffff,44.3,True
891f2a74a4bffff,109.7,True
891f2a74a4fffff,173.2,False
891f2a74a53ffff,97.2,True
891f2a74a57ffff,155.7,True
891f2a74a5bffff,104.9,True
891f2a74a63ffff,110.8,True
891f2a74a67ffff,209.2,False
891f2a74a6bffff,59.3,True
891f2a74a6fffff,204.4,False
891f2a74a73ffff,54.9,True
891f2a74a77ffff,56.7,True
891f2a74a7bffff,154.5,True
891f2a74a83ffff,38.9,True
891f2a74a87ffff,207.2,False
891f2a74a8bffff,139.7,True
891f2a74a8fffff,85.9,True
891f2a74a93ffff,239.4,False
891f2a74a97ffff,102.9,True
891f2a74a9bffff,55.1,True
891f2a74aa3ffff,142.4,True
891f2a74aa7ffff,341.5,False
891f2a74aabffff,154.4,True
891f2a74aafffff,124.8,True
891f2a74ab3ffff,50.1,True
891f2a74ab7ffff,160.1,True
891f2a74abbffff,239.2,False
891f2a74ac3ffff,286.8,False
891f2a74ac7ffff,362.3,False
891f2a74acbffff,238.8,False
891f2a74acfffff,340.3,False
891f2a74ad3ffff,223.4,False
891f2a74ad7ffff,298.3,False
891f2a74adbffff,0.0,True
891f2a74b0bffff,71.7,True
891f2a74b13ffff,145.2,False
891f2a74b1bffff,26.1,True
891f2a74b43ffff,58.9,True
891f2a74b47ffff,243.1,False
891f2a74b4bffff,223.1,False
891f2a74b4fffff,138.3,True
891f2a74b53ffff,24.3,True
891f2a74b57ffff,137.9,True
891f2a74b5bffff,252.9,False
891f2a74b63ffff,76.4,True
891f2a74b67ffff,168.8,False
891f2a74b6bffff,236.2,False
891f2a74b6fffff,166.3,True
891f2a74b73ffff,23.7,True
891f2a74b77ffff,21.8,True
891f2a74b7bffff,123.8,True
891f2a74b8bffff,48.3,False
891f2a74b9bffff,59.6,False
891f2a74bc3ffff,162.6,False
891f2a74bc7ffff,0.0,True
891f2a74bcbffff,55.6,True
891f2a74bcfffff,190.9,True
891f2a74bd3ffff,156.1,True
891f2a74bd7ffff,0.0,True
891f2a74bdbffff,227.9,False
891f2a74e03ffff,1.7,True
891f2a74e07ffff,99.6,True
891f2a74e0bffff,115.5,True
891f2a74e0fffff,227.9,False
891f2a74e13ffff,120.7,True
891f2a74e17ffff,113.0,False
891f2a74e1bffff,135.9,True
891f2a74e23ffff,43.8,True
891f2a74e27ffff,0.0,True
891f2a74e2bffff,157.0,True
891f2a74e2fffff,78.5,True
891f2a74e33ffff,91.1,True
891f2a74e37ffff,0.0,True
891f2a74e3bffff,72.4,True
891f2a74e43ffff,100.7,True
891f2a74e47ffff,94.5,True
891f2a74e4bffff,84.9,True
891f2a74e4fffff,55.9,True
891f2a74e53ffff,178.8,False
891f2a74e57ffff,79.7,True
891f2a74e5bffff,0.0,True
891f2a74e63ffff,120.0,True
891f2a74e67ffff,225.5,False
891f2a74e6bffff,123.8,True
891f2a74e6fffff,242.6,False
891f2a74e73ffff,104.6,True
891f2a74e77ffff,25.3,True
891f2a74e7bffff,128.7,True
891f2a74e8bffff,313.8,False
891f2a74e9bffff,175.6,False
891f2a74ec3ffff,43.4,True
891f2a74ec7ffff,188.9,False
891f2a74ecbffff,176.5,True
891f2a74ecfffff,95.5,True
891f2a74ed3ffff,167.4,False
891f2a74ed7ffff,113.5,True
891f2a74edbffff,114.7,True
891f2a75003ffff,0.0,True
891f2a75007ffff,71.5,True
891f2a7500bffff,16.5,True
891f2a7500fffff,5.6,True
891f2a75013ffff,72.3,True
891f2a75017ffff,16.1,True
891f2a7501bffff,161.4,True
891f2a75023ffff,232.7,False
891f2a75027ffff,306.6,False
891f2a7502bffff,117.3,True
891f2a7502fffff,156.2,True
891f2a75033ffff,200.3,False
891f2a75037ffff,81.3,True
891f2a7503bffff,52.0,True
891f2a75043ffff,167.9,False
891f2a75047ffff,227.4,False
891f2a7504bffff,162.1,False
891f2a7504fffff,24.6,True
891f2a75053ffff,334.6,False
891f2a75057ffff,324.1,False
891f2a7505bffff,265.2,False
891f2a75063ffff,113.4,True
891f2a75067ffff,43.0,True
891f2a7506bffff,15.1,True
891f2a7506fffff,0.0,True
891f2a75073ffff,17.9,True
891f2a75077ffff,118.8,True
891f2a7507bffff,153.8,True
891f2a75083ffff,53.8,True
891f2a75087ffff,249.9,False
891f2a7508bffff,49.6,True
891f2a7508fffff,18.4,True
891f2a75093ffff,72.8,True
891f2a75097ffff,115.9,True
891f2a7509bffff,5.1,True
891f2a750a3ffff,65.8,True
891f2a750a7ffff,174.0,False
891f2a750abffff,30.5,True
891f2a750afffff,233.0,False
891f2a750b3ffff,102.3,True
891f2a750b7ffff,120.6,True
891f2a750bbffff,127.6,True
891f2a750c3ffff,119.3,True
891f2a750c7ffff,151.4,True
891f2a750cbffff,140.1,True
891f2a750cfffff,89.6,True
891f2a750d3ffff,293.9,False
891f2a750d7ffff,148.5,True
891f2a750dbffff,125.9,True
891f2a75103ffff,120.1,True
891f2a75107ffff,97.6,True
891f2a7510bffff,5.5,True
891f2a7510fffff,8.5,True
891f2a75113ffff,39.9,True
891f2a75117ffff,135.5,True
891f2a7511bffff,112.8,True
891f2a75123ffff,139.1,True
891f2a75127ffff,46.4,True
891f2a7512bffff,233.0,False
891f2a7512fffff,24.6,True
891f2a75133ffff,74.0,True
891f2a75137ffff,155.3,True
891f2a7513bffff,148.2,True
891f2a75143ffff,253.6,False
891f2a75147ffff,173.7,False
891f2a7514bffff,195.7,False
891f2a7514fffff,424.7,False
891f2a75153ffff,0.0,True
891f2a75157ffff,105.8,True
891f2a7515bffff,176.7,False
891f2a75163ffff,91.5,True
891f2a75167ffff,122.9,True
891f2a7516bffff,92.7,True
891f2a7516fffff,22.6,True
891f2a75173ffff,150.9,True
891f2a75177ffff,187.7,False
891f2a7517bffff,320.1,False
891f2a75183ffff,344.5,False
891f2a75187ffff,355.2,False
891f2a7518bffff,194.7,False
891f2a7518fffff,209.6,False
891f2a75193ffff,283.5,False
891f2a75197ffff,580.5,False
891f2a7519bffff,8.6,True
891f2a751a3ffff,34.7,True
891f2a751a7ffff,134.9,True
891f2a751abffff,57.3,True
891f2a751afffff,83.9,True
891f2a751b3ffff,184.8,False
891f2a751b7ffff,264.9,False
891f2a751bbffff,120.6,True
891f2a751c3ffff,119.2,True
891f2a751c7ffff,117.0,True
891f2a751cbffff,65.1,True
891f2a751cfffff,77.4,True
891f2a751d3ffff,10.0,True
891f2a751d7ffff,42.6,True
891f2a751dbffff,74.1,True
891f2a75203ffff,264.2,False
891f2a75207ffff,0.0,True
891f2a7520bffff,169.9,False
891f2a7520fffff,270.3,False
891f2a75213ffff,109.8,True
891f2a75217ffff,51.3,True
891f2a7521bffff,192.7,False
891f2a75223ffff,10.0,True
891f2a75227ffff,123.4,True
891f2a7522bffff,126.9,True
891f2a7522fffff,80.2,True
891f2a75233ffff,0.0,True
891f2a75237ffff,87.8,True
891f2a7523bffff,0.0,True
891f2a75243ffff,225.1,False
891f2a75247ffff,132.2,True
891f2a7524bffff,293.7,False
891f2a7524fffff,204.3,False
891f2a75253ffff,281.1,False
891f2a75257ffff,0.0,True
891f2a7525bffff,165.7,False
891f2a75263ffff,27.9,True
891f2a75267ffff,198.2,False
891f2a7526bffff,61.0,True
891f2a7526fffff,138.1,True
891f2a75273ffff,223.1,False
891f2a75277ffff,216.4,False
891f2a7527bffff,2.1,True
891f2a75283ffff,153.7,True
891f2a75287ffff,101.6,True
891f2a7528bffff,32.9,True
891f2a7528fffff,135.1,True
891f2a75293ffff,144.7,True
891f2a75297ffff,226.5,False
891f2a7529bffff,131.5,True
891f2a752a3ffff,0.0,True
891f2a752a7ffff,0.0,True
891f2a752abffff,44.0,True
891f2a752afffff,0.0,True
891f2a752b3ffff,174.1,False
891f2a752b7ffff,45.3,True
891f2a752bbffff,246.1,False
891f2a752c3ffff,93.0,True
891f2a752c7ffff,143.5,True
891f2a752cbffff,374.1,False
891f2a752cfffff,267.9,False
891f2a752d3ffff,27.3,True
891f2a752d7ffff,233.7,False
891f2a752dbffff,289.7,False
891f2a75303ffff,12.0,True
891f2a75307ffff,126.0,True
891f2a7530bffff,17.7,True
891f2a7530fffff,206.1,False
891f2a75313ffff,40.1,True
891f2a75317ffff,157.8,True
891f2a7531bffff,185.4,False
891f2a75323ffff,98.9,True
891f2a75327ffff,39.6,True
891f2a7532bffff,8.2,True
891f2a7532fffff,93.3,True
891f2a75333ffff,225.8,False
891f2a75337ffff,120.1,True
891f2a7533bffff,62.2,True
891f2a75343ffff,210.3,False
891f2a75347ffff,201.6,False
891f2a7534bffff,0.0,True
891f2a7534fffff,1.9,True
891f2a75353ffff,192.1,False
891f2a75357ffff,33.6,True
891f2a7535bffff,207.6,False
891f2a75363ffff,241.3,False
891f2a75367ffff,23.0,True
891f2a7536bffff,0.0,True
891f2a7536fffff,115.2,True
891f2a75373ffff,152.5,True
891f2a75377ffff,107.0,True
891f2a7537bffff,149.4,True
891f2a75383ffff,44.8,True
891f2a75387ffff,310.8,False
891f2a7538bffff,162.1,True
891f2a7538fffff,149.5,True
891f2a75393ffff,105.2,True
891f2a75397ffff,24.2,True
891f2a7539bffff,5.8,True
891f2a753a3ffff,178.9,False
891f2a753a7ffff,0.0,True
891f2a753abffff,340.1,False
891f2a753afffff,63.1,True
891f2a753b3ffff,380.6,False
891f2a753b7ffff,119.9,True
891f2a753bbffff,437.5,False
891f2a753c3ffff,154.5,True
891f2a753c7ffff,87.7,True
891f2a753cbffff,30.1,True
891f2a753cfffff,194.8,False
891f2a753d3ffff,31.3,True
891f2a753d7ffff,148.7,True
891f2a753dbffff,0.0,True
891f2a75403ffff,148.2,True
891f2a75407ffff,179.3,True
891f2a7540bffff,322.2,False
891f2a7540fffff,92.2,True
891f2a75413ffff,208.1,False
891f2a75417ffff,154.5,True
891f2a7541bffff,282.4,False
891f2a75423ffff,57.2,True
891f2a75427ffff,130.3,True
891f2a7542bffff,186.9,False
891f2a7542fffff,146.9,True
891f2a75433ffff,133.6,True
891f2a75437ffff,221.9,False
891f2a7543bffff,292.2,False
891f2a75443ffff,472.4,False
891f2a75447ffff,455.4,False
891f2a7544bffff,269.1,False
891f2a7544fffff,330.3,False
891f2a75453ffff,267.8,False
891f2a75457ffff,245.9,False
891f2a7545bffff,313.4,False
891f2a75463ffff,10.4,True
891f2a75467ffff,174.8,False
891f2a7546bffff,169.3,True
891f2a7546fffff,155.7,True
891f2a75473ffff,269.4,False
891f2a75477ffff,11.7,True
891f2a7547bffff,185.8,False
891f2a75483ffff,76.6,True
891f2a75487ffff,0.0,True
891f2a7548bffff,237.4,False
891f2a7548fffff,91.9,True
891f2a75493ffff,8.7,True
891f2a75497ffff,175.3,False
891f2a7549bffff,110.0,True
891f2a754a3ffff,158.2,True
891f2a754a7ffff,73.3,True
891f2a754abffff,35.0,True
891f2a754afffff,117.9,True
891f2a754b3ffff,152.4,True
891f2a754b7ffff,197.9,False
891f2a754bbffff,105.8,True
891f2a754c3ffff,208.3,False
891f2a754c7ffff,236.7,False
891f2a754cbffff,320.9,False
891f2a754cfffff,0.0,True
891f2a754d3ffff,78.4,True
891f2a754d7ffff,357.8,False
891f2a754dbffff,113.6,True
891f2a75503ffff,126.6,True
891f2a75507ffff,255.0,False
891f2a7550bffff,140.3,True
891f2a7550fffff,30.6,True
891f2a75513ffff,64.9,True
891f2a75517ffff,118.9,True
891f2a7551bffff,124.1,True
891f2a75523ffff,94.4,True
891f2a75527ffff,334.9,False
891f2a7552bffff,259.3,False
891f2a7552fffff,399.2,False
891f2a75533ffff,146.4,True
891f2a75537ffff,274.5,False
891f2a7553bffff,125.0,True
891f2a75543ffff,57.1,True
891f2a75547ffff,97.0,True
891f2a7554bffff,234.2,False
891f2a7554fffff,88.5,True
891f2a75553ffff,40.6,True
891f2a75557ffff,18.2,True
891f2a7555bffff,211.7,False
891f2a75563ffff,42.7,True
891f2a75567ffff,95.5,True
891f2a7556bffff,122.5,True
891f2a7556fffff,26.5,True
891f2a75573ffff,64.0,True
891f2a75577ffff,23.0,True
891f2a7557bffff,225.2,False
891f2a75583ffff,89.0,True
891f2a75587ffff,185.3,False
891f2a7558bffff,57.4,True
891f2a7558fffff,23.2,True
891f2a75593ffff,21.2,True
891f2a75597ffff,214.0,False
891f2a7559bffff,97.8,True
891f2a755a3ffff,86.2,True
891f2a755a7ffff,52.6,True
891f2a755abffff,133.3,True
891f2a755afffff,169.5,False
891f2a755b3ffff,181.7,False
891f2a755b7ffff,316.3,False
891f2a755bbffff,88.5,True
891f2a755c3ffff,16.6,True
891f2a755c7ffff,244.2,False
891f2a755cbffff,14.4,True
891f2a755cfffff,232.1,False
891f2a755d3ffff,137.1,True
891f2a755d7ffff,126.2,True
891f2a755dbffff,137.3,True
891f2a75603ffff,72.7,True
891f2a75607ffff,233.6,False
891f2a7560bffff,204.4,False
891f2a7560fffff,146.7,True
891f2a75613ffff,321.3,False
891f2a75617ffff,137.5,True
891f2a7561bffff,112.7,True
891f2a75623ffff,111.8,True
891f2a75627ffff,33.6,True
891f2a7562bffff,55.0,True
891f2a7562fffff,87.3,True
891f2a75633ffff,92.2,True
891f2a75637ffff,77.0,True
891f2a7563bffff,143.5,True
891f2a75643ffff,144.3,True
891f2a75647ffff,99.4,True
891f2a7564bffff,120.6,True
891f2a7564fffff,235.1,False
891f2a75653ffff,106.7,True
891f2a75657ffff,44.9,True
891f2a7565bffff,6.4,True
891f2a75663ffff,118.2,True
891f2a75667ffff,55.8,True
891f2a7566bffff,229.0,False
891f2a7566fffff,102.1,True
891f2a75673ffff,204.5,False
891f2a75677ffff,26.9,True
891f2a7567bffff,390.3,False
891f2a75683ffff,285.1,False
891f2a75687ffff,1.0,True
891f2a7568bffff,339.7,False
891f2a7568fffff,83.4,True
891f2a75693ffff,77.3,True
891f2a75697ffff,292.0,False
891f2a7569bffff,203.6,False
891f2a756a3ffff,179.6,False
891f2a756a7ffff,0.0,True
891f2a756abffff,78.3,True
891f2a756afffff,50.9,True
891f2a756b3ffff,225.0,False
891f2a756b7ffff,132.0,True
891f2a756bbffff,170.5,True
891f2a756c3ffff,133.4,True
891f2a756c7ffff,42.7,True
891f2a756cbffff,151.9,True
891f2a756cfffff,26.4,True
891f2a756d3ffff,320.9,False
891f2a756d7ffff,197.5,False
891f2a756dbffff,441.5,False
891f2a75803ffff,98.0,True
891f2a75807ffff,415.4,False
891f2a7580bffff,305.7,False
891f2a7580fffff,262.3,False
891f2a75813ffff,140.4,True
891f2a75817ffff,319.5,False
891f2a7581bffff,201.6,False
891f2a75823ffff,59.2,True
891f2a75827ffff,195.4,False
891f2a7582bffff,93.7,True
891f2a7582fffff,147.2,True
891f2a75833ffff,316.3,False
891f2a75837ffff,24.2,True
891f2a7583bffff,201.6,False
891f2a75843ffff,52.8,True
891f2a75847ffff,344.2,False
891f2a7584bffff,120.4,True
891f2a7584fffff,220.9,False
891f2a75853ffff,318.4,False
891f2a75857ffff,372.0,False
891f2a7585bffff,135.3,True
891f2a75863ffff,12.6,True
891f2a75867ffff,189.7,False
891f2a7586bffff,57.2,True
891f2a7586fffff,214.2,False
891f2a75873ffff,220.3,False
891f2a75877ffff,31.4,True
891f2a7587bffff,98.0,True
891f2a75883ffff,597.8,False
891f2a75887ffff,307.4,False
891f2a7588bffff,442.2,False
891f2a7588fffff,421.9,False
891f2a75893ffff,675.0,False
891f2a75897ffff,376.0,False
891f2a7589bffff,746.5,False
891f2a758a3ffff,352.5,False
891f2a758a7ffff,236.3,False
891f2a758abffff,423.1,False
891f2a758afffff,88.1,True
891f2a758b3ffff,161.3,False
891f2a758b7ffff,396.6,False
891f2a758bbffff,441.9,False
891f2a758c3ffff,696.1,False
891f2a758c7ffff,377.0,False
891f2a758cbffff,582.7,False
891f2a758cfffff,526.5,False
891f2a758d3ffff,866.8,False
891f2a758d7ffff,655.4,False
891f2a758dbffff,668.5,False
891f2a75903ffff,55.2,True
891f2a75907ffff,73.0,True
891f2a7590bffff,9.3,True
891f2a7590fffff,2.9,True
891f2a75913ffff,260.9,False
891f2a75917ffff,133.3,True
891f2a7591bffff,153.2,True
891f2a75923ffff,82.8,True
891f2a75927ffff,73.2,True
891f2a7592bffff,181.5,False
891f2a7592fffff,132.6,True
891f2a75933ffff,52.5,True
891f2a75937ffff,94.6,True
891f2a7593bffff,117.9,True
891f2a75943ffff,275.9,False
891f2a75947ffff,195.1,False
891f2a7594bffff,224.7,False
891f2a7594fffff,0.0,True
891f2a75953ffff,208.0,False
891f2a75957ffff,177.2,False
891f2a7595bffff,163.5,True
891f2a75963ffff,149.0,True
891f2a75967ffff,33.5,True
891f2a7596bffff,168.2,True
891f2a7596fffff,114.0,True
891f2a75973ffff,39.1,True
891f2a75977ffff,101.8,True
891f2a7597bffff,211.1,False
891f2a75983ffff,40.7,True
891f2a75987ffff,181.6,False
891f2a7598bffff,20.6,True
891f2a7598fffff,31.7,True
891f2a75993ffff,62.0,True
891f2a75997ffff,153.3,True
891f2a7599bffff,209.7,False
891f2a759a3ffff,53.4,True
891f2a759a7ffff,74.0,True
891f2a759abffff,127.3,True
891f2a759afffff,38.5,True
891f2a759b3ffff,150.8,True
891f2a759b7ffff,86.8,True
891f2a759bbffff,145.5,True
891f2a759c3ffff,182.5,False
891f2a759c7ffff,15.7,True
891f2a759cbffff,0.0,True
891f2a759cfffff,33.7,True
891f2a759d3ffff,51.4,True
891f2a759d7ffff,136.1,True
891f2a759dbffff,75.6,True
891f2a75a03ffff,165.7,True
891f2a75a07ffff,232.3,False
891f2a75a0bffff,50.0,True
891f2a75a0fffff,87.1,True
891f2a75a13ffff,79.9,True
891f2a75a17ffff,336.5,False
891f2a75a1bffff,35.8,True
891f2a75a23ffff,59.8,True
891f2a75a27ffff,8.2,True
891f2a75a2bffff,259.9,False
891f2a75a2fffff,99.6,True
891f2a75a33ffff,162.4,False
891f2a75a37ffff,30.4,True
891f2a75a3bffff,43.8,True
891f2a75a43ffff,107.6,True
891f2a75a47ffff,56.2,True
891f2a75a4bffff,246.3,False
891f2a75a4fffff,31.7,True
891f2a75a53ffff,231.1,False
891f2a75a57ffff,199.7,False
891f2a75a5bffff,203.8,False
891f2a75a63ffff,0.0,True
891f2a75a67ffff,174.3,False
891f2a75a6bffff,42.9,True
891f2a75a6fffff,256.3,False
891f2a75a73ffff,69.3,True
891f2a75a77ffff,45.8,True
891f2a75a7bffff,69.6,True
891f2a75a83ffff,59.5,True
891f2a75a87ffff,101.3,True
891f2a75a8bffff,145.0,True
891f2a75a8fffff,77.5,True
891f2a75a93ffff,334.0,False
891f2a75a97ffff,90.5,True
891f2a75a9bffff,118.5,True
891f2a75aa3ffff,100.8,True
891f2a75aa7ffff,197.0,False
891f2a75aabffff,403.8,False
891f2a75aafffff,269.7,False
891f2a75ab3ffff,179.9,False
891f2a75ab7ffff,142.8,True
891f2a75abbffff,294.8,False
891f2a75ac3ffff,128.5,True
891f2a75ac7ffff,108.9,True
891f2a75acbffff,173.5,False
891f2a75acfffff,27.5,True
891f2a75ad3ffff,158.2,True
891f2a75ad7ffff,122.5,True
891f2a75adbffff,156.7,True
891f2a75b03ffff,78.9,True
891f2a75b07ffff,195.2,False
891f2a75b0bffff,211.7,False
891f2a75b0fffff,53.9,True
891f2a75b13ffff,47.6,True
891f2a75b17ffff,87.0,True
891f2a75b1bffff,176.1,False
891f2a75b23ffff,27.6,True
891f2a75b27ffff,70.0,True
891f2a75b2bffff,188.9,False
891f2a75b2fffff,16.4,True
891f2a75b33ffff,207.6,False
891f2a75b37ffff,76.0,True
891f2a75b3bffff,51.1,True
891f2a75b43ffff,286.6,False
891f2a75b47ffff,67.5,True
891f2a75b4bffff,5.7,True
891f2a75b4fffff,122.5,True
891f2a75b53ffff,270.7,False
891f2a75b57ffff,62.9,True
891f2a75b5bffff,131.1,True
891f2a75b63ffff,158.4,True
891f2a75b67ffff,0.0,True
891f2a75b6bffff,246.7,False
891f2a75b6fffff,262.0,False
891f2a75b73ffff,9.2,True
891f2a75b77ffff,43.3,True
891f2a75b7bffff,136.9,True
891f2a75b83ffff,162.7,False
891f2a75b87ffff,53.1,True
891f2a75b8bffff,107.4,True
891f2a75b8fffff,0.0,True
891f2a75b93ffff,81.9,True
891f2a75b97ffff,16.4,True
891f2a75b9bffff,203.8,False
891f2a75ba3ffff,4.2,True
891f2a75ba7ffff,54.3,True
891f2a75babffff,177.3,False
891f2a75bafffff,35.8,True
891f2a75bb3ffff,220.8,False
891f2a75bb7ffff,206.0,False
891f2a75bbbffff,0.0,True
891f2a75bc3ffff,115.3,True
891f2a75bc7ffff,84.0,True
891f2a75bcbffff,190.1,False
891f2a75bcfffff,192.9,False
891f2a75bd3ffff,146.1,True
891f2a75bd7ffff,140.3,True
891f2a75bdbffff,150.5,True
891f2a75c03ffff,103.8,True
891f2a75c07ffff,182.2,True
891f2a75c0bffff,417.0,False
891f2a75c0fffff,322.8,False
891f2a75c13ffff,68.7,True
891f2a75c17ffff,131.7,True
891f2a75c1bffff,186.5,False
891f2a75c23ffff,180.4,False
891f2a75c27ffff,217.7,False
891f2a75c2bffff,498.9,False
891f2a75c2fffff,386.9,False
891f2a75c33ffff,272.6,False
891f2a75c37ffff,90.9,True
891f2a75c3bffff,461.2,False
891f2a75c43ffff,200.5,False
891f2a75c47ffff,268.9,False
891f2a75c4bffff,93.0,True
891f2a75c4fffff,35.8,True
891f2a75c53ffff,362.0,False
891f2a75c57ffff,443.8,False
891f2a75c5bffff,203.1,False
891f2a75c63ffff,691.0,False
891f2a75c67ffff,817.9,False
891f2a75c6bffff,587.4,False
891f2a75c6fffff,896.5,False
891f2a75c73ffff,567.8,False
891f2a75c77ffff,602.7,False
891f2a75c7bffff,353.1,False
891f2a75c83ffff,91.8,True
891f2a75c87ffff,23.1,True
891f2a75c8bffff,102.7,True
891f2a75c8fffff,174.3,False
891f2a75c93ffff,108.9,True
891f2a75c97ffff,85.2,True
891f2a75c9bffff,0.0,True
891f2a75ca3ffff,193.3,False
891f2a75ca7ffff,39.9,True
891f2a75cabffff,0.0,True
891f2a75cafffff,59.5,True
891f2a75cb3ffff,182.4,False
891f2a75cb7ffff,190.4,False
891f2a75cbbffff,261.3,False
891f2a75cc3ffff,171.3,False
891f2a75cc7ffff,23.5,True
891f2a75ccbffff,60.3,True
891f2a75ccfffff,335.4,False
891f2a75cd3ffff,86.4,True
891f2a75cd7ffff,107.5,True
891f2a75cdbffff,0.0,True
891f2a75d03ffff,201.3,False
891f2a75d07ffff,45.0,True
891f2a75d0bffff,121.7,True
891f2a75d0fffff,74.2,True
891f2a75d13ffff,171.6,False
891f2a75d17ffff,17.8,True
891f2a75d1bffff,75.2,True
891f2a75d23ffff,131.1,True
891f2a75d27ffff,174.3,False
891f2a75d2bffff,215.0,False
891f2a75d2fffff,299.9,False
891f2a75d33ffff,70.5,True
891f2a75d37ffff,86.2,True
891f2a75d3bffff,334.1,False
891f2a75d43ffff,273.7,False
891f2a75d47ffff,156.0,True
891f2a75d4bffff,48.5,True
891f2a75d4fffff,177.0,False
891f2a75d53ffff,310.1,False
891f2a75d57ffff,57.1,True
891f2a75d5bffff,336.4,False
891f2a75d63ffff,249.2,False
891f2a75d67ffff,218.5,False
891f2a75d6bffff,226.7,False
891f2a75d6fffff,115.5,True
891f2a75d73ffff,41.8,True
891f2a75d77ffff,292.5,False
891f2a75d7bffff,193.9,False
891f2a75d83ffff,293.1,False
891f2a75d87ffff,162.4,True
891f2a75d8bffff,0.0,True
891f2a75d8fffff,65.7,True
891f2a75d93ffff,231.0,False
891f2a75d97ffff,248.6,False
891f2a75d9bffff,183.8,False
891f2a75da3ffff,56.2,True
891f2a75da7ffff,223.3,False
891f2a75dabffff,45.3,True
891f2a75dafffff,123.2,True
891f2a75db3ffff,111.2,True
891f2a75db7ffff,202.0,False
891f2a75dbbffff,122.8,True
891f2a75dc3ffff,245.1,False
891f2a75dc7ffff,150.9,True
891f2a75dcbffff,270.4,False
891f2a75dcfffff,158.9,False
891f2a75dd3ffff,22.9,True
891f2a75dd7ffff,56.3,True
891f2a75ddbffff,169.6,True
891f2a75e03ffff,177.9,False
891f2a75e07ffff,66.4,True
891f2a75e0bffff,237.2,False
891f2a75e0fffff,81.3,True
891f2a75e13ffff,14.0,True
891f2a75e17ffff,64.3,True
891f2a75e1bffff,100.7,True
891f2a75e23ffff,47.2,True
891f2a75e27ffff,297.8,False
891f2a75e2bffff,181.6,False
891f2a75e2fffff,156.1,True
891f2a75e33ffff,92.3,True
891f2a75e37ffff,350.5,False
891f2a75e3bffff,73.3,True
891f2a75e43ffff,65.0,True
891f2a75e47ffff,147.6,True
891f2a75e4bffff,358.3,False
891f2a75e4fffff,51.9,True
891f2a75e53ffff,119.1,True
891f2a75e57ffff,137.9,True
891f2a75e5bffff,102.6,True
891f2a75e63ffff,0.0,True
891f2a75e67ffff,178.0,False
891f2a75e6bffff,94.3,True
891f2a75e6fffff,68.5,True
891f2a75e73ffff,149.6,True
891f2a75e77ffff,110.9,True
891f2a75e7bffff,190.9,False
891f2a75e83ffff,0.0,True
891f2a75e87ffff,132.9,True
891f2a75e8bffff,29.7,True
891f2a75e8fffff,145.5,True
891f2a75e93ffff,169.8,True
891f2a75e97ffff,76.9,True
891f2a75e9bffff,105.7,True
891f2a75ea3ffff,216.0,False
891f2a75ea7ffff,552.8,False
891f2a75eabffff,181.7,False
891f2a75eafffff,409.8,False
891f2a75eb3ffff,189.6,False
891f2a75eb7ffff,340.2,False
891f2a75ebbffff,55.2,True
891f2a75ec3ffff,150.6,True
891f2a75ec7ffff,117.2,True
891f2a75ecbffff,96.0,True
891f2a75ecfffff,70.5,True
891f2a75ed3ffff,242.9,False
891f2a75ed7ffff,160.5,True
891f2a75edbffff,0.0,True
891f2a76243ffff,0.0,True
891f2a76247ffff,0.0,True
891f2a7624bffff,61.7,True
891f2a7624fffff,0.0,True
891f2a76253ffff,0.0,True
891f2a76257ffff,95.7,False
891f2a7625bffff,103.0,True
891f2a76263ffff,0.0,True
891f2a76267ffff,32.4,True
891f2a7626bffff,0.0,True
891f2a7626fffff,5.7,True
891f2a76273ffff,70.0,False
891f2a7627bffff,0.0,True
891f2a762cbffff,12.6,True
891f2a762dbffff,0.0,True
891f2a76643ffff,36.9,True
891f2a76647ffff,71.9,False
891f2a7664bffff,24.0,True
891f2a7664fffff,4.6,True
891f2a76653ffff,0.0,True
891f2a76657ffff,2.4,True
891f2a7665bffff,13.7,True
891f2a766c3ffff,50.9,True
891f2a766cbffff,0.0,True
891f2a766cfffff,29.1,True
891f2a766d3ffff,0.0,True
891f2a766dbffff,0.0,True
891f2a77003ffff,166.6,True
891f2a77007ffff,243.1,False
891f2a7700bffff,109.1,True
891f2a7700fffff,86.3,True
891f2a77013ffff,112.3,True
891f2a77017ffff,134.6,True
891f2a7701bffff,61.4,True
891f2a77023ffff,131.9,True
891f2a77027ffff,160.7,False
891f2a7702bffff,246.3,False
891f2a7702fffff,91.5,True
891f2a77033ffff,72.6,True
891f2a77037ffff,1.4,True
891f2a7703bffff,219.5,False
891f2a77043ffff,91.4,True
891f2a77047ffff,2.3,True
891f2a7704bffff,17.1,True
891f2a7704fffff,204.4,False
891f2a77053ffff,57.4,True
891f2a77057ffff,77.4,True
891f2a7705bffff,38.8,True
891f2a77063ffff,32.9,True
891f2a77067ffff,260.3,False
891f2a7706bffff,135.8,True
891f2a7706fffff,55.2,True
891f2a77073ffff,92.8,True
891f2a77077ffff,0.0,True
891f2a7707bffff,0.0,True
891f2a77083ffff,204.4,False
891f2a77087ffff,196.3,False
891f2a7708bffff,61.4,True
891f2a7708fffff,185.6,False
891f2a77093ffff,44.7,True
891f2a77097ffff,182.3,False
891f2a7709bffff,44.4,True
891f2a770a3ffff,0.0,True
891f2a770a7ffff,66.0,True
891f2a770abffff,0.0,True
891f2a770afffff,48.2,True
891f2a770b3ffff,144.4,True
891f2a770b7ffff,80.9,True
891f2a770bbffff,251.4,False
891f2a770c3ffff,202.9,False
891f2a770c7ffff,20.9,True
891f2a770cbffff,106.4,True
891f2a770cfffff,60.3,True
891f2a770d3ffff,157.3,True
891f2a770d7ffff,219.5,False
891f2a770dbffff,159.3,True
891f2a77103ffff,241.1,False
891f2a77107ffff,140.2,True
891f2a7710bffff,129.1,True
891f2a7710fffff,115.9,True
891f2a77113ffff,0.1,True
891f2a77117ffff,142.9,True
891f2a7711bffff,75.4,True
891f2a77123ffff,0.0,True
891f2a77127ffff,110.9,True
891f2a7712bffff,181.3,False
891f2a7712fffff,72.3,True
891f2a77133ffff,64.7,True
891f2a77137ffff,36.0,True
891f2a7713bffff,64.9,True
891f2a77143ffff,7.1,True
891f2a77147ffff,42.3,True
891f2a7714bffff,9.9,True
891f2a7714fffff,236.3,False
891f2a77153ffff,64.5,True
891f2a77157ffff,45.1,True
891f2a7715bffff,47.0,True
891f2a77163ffff,0.0,True
891f2a77167ffff,243.5,False
891f2a7716bffff,8.2,True
891f2a7716fffff,95.9,True
891f2a77173ffff,107.0,True
891f2a77177ffff,198.9,False
891f2a7717bffff,228.7,False
891f2a77183ffff,183.6,False
891f2a77187ffff,95.4,True
891f2a7718bffff,103.5,True
891f2a7718fffff,0.0,True
891f2a77193ffff,384.8,False
891f2a77197ffff,262.0,False
891f2a7719bffff,141.4,True
891f2a771a3ffff,125.3,True
891f2a771a7ffff,66.7,True
891f2a771abffff,31.8,True
891f2a771afffff,144.1,True
891f2a771b3ffff,4.9,True
891f2a771b7ffff,31.6,True
891f2a771bbffff,119.4,True
891f2a771c3ffff,203.6,False
891f2a771c7ffff,126.8,True
891f2a771cbffff,102.3,True
891f2a771cfffff,69.1,True
891f2a771d3ffff,283.7,False
891f2a771d7ffff,0.0,True
891f2a771dbffff,306.2,False
891f2a77203ffff,104.4,True
891f2a77207ffff,46.1,True
891f2a7720bffff,181.4,False
891f2a7720fffff,180.5,True
891f2a77213ffff,0.0,True
891f2a77217ffff,126.4,True
891f2a7721bffff,45.7,True
891f2a77223ffff,221.7,False
891f2a77227ffff,86.9,True
891f2a7722bffff,118.7,True
891f2a7722fffff,148.5,True
891f2a77233ffff,148.5,True
891f2a77237ffff,88.8,True
891f2a7723bffff,58.6,True
891f2a77243ffff,186.2,False
891f2a77247ffff,245.7,False
891f2a7724bffff,57.7,True
891f2a7724fffff,58.5,True
891f2a77253ffff,65.9,True
891f2a77257ffff,14.8,True
891f2a7725bffff,202.0,False
891f2a77263ffff,10.2,True
891f2a77267ffff,22.3,True
891f2a7726bffff,293.8,False
891f2a7726fffff,231.9,False
891f2a77273ffff,57.4,True
891f2a77277ffff,129.1,True
891f2a7727bffff,203.6,False
891f2a77283ffff,227.5,False
891f2a77287ffff,197.1,False
891f2a7728bffff,149.8,True
891f2a7728fffff,20.2,True
891f2a77293ffff,59.9,True
891f2a77297ffff,0.0,True
891f2a7729bffff,48.9,True
891f2a772a3ffff,1.9,True
891f2a772a7ffff,29.1,True
891f2a772abffff,179.0,False
891f2a772afffff,43.1,True
891f2a772b3ffff,218.8,False
891f2a772b7ffff,162.6,True
891f2a772bbffff,259.9,False
891f2a772c3ffff,44.4,True
891f2a772c7ffff,167.7,False
891f2a772cbffff,0.0,True
891f2a772cfffff,47.6,True
891f2a772d3ffff,151.5,True
891f2a772d7ffff,101.7,True
891f2a772dbffff,50.4,True
891f2a77303ffff,70.4,True
891f2a77307ffff,106.0,True
891f2a7730bffff,56.4,True
891f2a7730fffff,275.1,False
891f2a77313ffff,74.7,True
891f2a77317ffff,243.1,False
891f2a7731bffff,189.0,False
891f2a77323ffff,259.3,False
891f2a77327ffff,0.0,True
891f2a7732bffff,56.8,True
891f2a7732fffff,21.1,True
891f2a77333ffff,100.0,True
891f2a77337ffff,153.6,True
891f2a7733bffff,129.1,True
891f2a77343ffff,116.9,True
891f2a77347ffff,7.2,True
891f2a7734bffff,32.6,True
891f2a7734fffff,282.5,False
891f2a77353ffff,74.0,True
891f2a77357ffff,60.8,True
891f2a7735bffff,227.4,False
891f2a77363ffff,27.8,True
891f2a77367ffff,88.5,True
891f2a7736bffff,55.1,True
891f2a7736fffff,64.3,True
891f2a77373ffff,179.3,False
891f2a77377ffff,28.9,True
891f2a7737bffff,5.1,True
891f2a77383ffff,72.2,True
891f2a77387ffff,57.6,True
891f2a7738bffff,101.8,True
891f2a7738fffff,66.2,True
891f2a77393ffff,78.1,True
891f2a77397ffff,105.5,True
891f2a7739bffff,134.3,True
891f2a773a3ffff,356.9,False
891f2a773a7ffff,154.4,True
891f2a773abffff,169.1,False
891f2a773afffff,135.6,True
891f2a773b3ffff,235.1,False
891f2a773b7ffff,205.4,False
891f2a773bbffff,169.8,False
891f2a773c3ffff,187.8,False
891f2a773c7ffff,69.5,True
891f2a773cbffff,102.6,True
891f2a773cfffff,171.8,False
891f2a773d3ffff,214.5,False
891f2a773d7ffff,168.5,False
891f2a773dbffff,150.5,True
891f2a77403ffff,108.2,True
891f2a77407ffff,100.4,True
891f2a7740bffff,140.9,True
891f2a7740fffff,251.9,False
891f2a77413ffff,226.6,False
891f2a77417ffff,226.8,False
891f2a7741bffff,101.1,True
891f2a77423ffff,143.6,True
891f2a77427ffff,83.4,True
891f2a7742bffff,135.5,True
891f2a7742fffff,33.8,True
891f2a77433ffff,168.8,True
891f2a77437ffff,45.6,True
891f2a7743bffff,92.4,True
891f2a77443ffff,241.0,False
891f2a77447ffff,181.4,False
891f2a7744bffff,32.3,True
891f2a7744fffff,22.7,True
891f2a77453ffff,192.3,False
891f2a77457ffff,122.8,True
891f2a7745bffff,215.1,False
891f2a77463ffff,386.0,False
891f2a77467ffff,188.0,False
891f2a7746bffff,125.1,True
891f2a7746fffff,314.9,False
891f2a77473ffff,361.7,False
891f2a77477ffff,294.0,False
891f2a7747bffff,221.5,False
891f2a77483ffff,163.4,True
891f2a77487ffff,286.1,False
891f2a7748bffff,0.0,True
891f2a7748fffff,266.9,False
891f2a77493ffff,200.3,False
891f2a77497ffff,156.9,True
891f2a7749bffff,46.8,True
891f2a774a3ffff,269.3,False
891f2a774a7ffff,70.1,True
891f2a774abffff,46.8,True
891f2a774afffff,44.5,True
891f2a774b3ffff,92.9,True
891f2a774b7ffff,81.3,True
891f2a774bbffff,6.9,True
891f2a774c3ffff,237.9,False
891f2a774c7ffff,162.3,True
891f2a774cbffff,0.0,True
891f2a774cfffff,187.8,False
891f2a774d3ffff,442.8,False
891f2a774d7ffff,214.1,False
891f2a774dbffff,258.6,False
891f2a77503ffff,102.1,True
891f2a77507ffff,126.8,True
891f2a7750bffff,143.7,True
891f2a7750fffff,116.7,True
891f2a77513ffff,95.8,True
891f2a77517ffff,137.0,True
891f2a7751bffff,78.3,True
891f2a77523ffff,30.8,True
891f2a77527ffff,0.0,True
891f2a7752bffff,294.3,False
891f2a7752fffff,124.5,True
891f2a77533ffff,40.7,True
891f2a77537ffff,0.0,True
891f2a7753bffff,267.3,False
891f2a77543ffff,79.3,True
891f2a77547ffff,174.4,False
891f2a7754bffff,58.6,True
891f2a7754fffff,20.3,True
891f2a77553ffff,149.9,True
891f2a77557ffff,110.2,True
891f2a7755bffff,106.1,True
891f2a77563ffff,180.2,True
891f2a77567ffff,59.6,True
891f2a7756bffff,173.5,False
891f2a7756fffff,132.9,True
891f2a77573ffff,150.3,True
891f2a77577ffff,120.2,True
891f2a7757bffff,10.3,True
891f2a77583ffff,110.8,True
891f2a77587ffff,172.3,True
891f2a7758bffff,88.5,True
891f2a7758fffff,88.7,True
891f2a77593ffff,194.4,False
891f2a77597ffff,227.9,False
891f2a7759bffff,0.0,True
891f2a775a3ffff,5.8,True
891f2a775a7ffff,0.0,True
891f2a775abffff,21.4,True
891f2a775afffff,0.0,True
891f2a775b3ffff,0.0,True
891f2a775b7ffff,51.8,True
891f2a775bbffff,83.2,True
891f2a775c3ffff,263.6,False
891f2a775c7ffff,1.4,True
891f2a775cbffff,19.6,True
891f2a775cfffff,139.5,True
891f2a775d3ffff,65.5,True
891f2a775d7ffff,97.5,True
891f2a775dbffff,176.4,False
891f2a77603ffff,23.5,True
891f2a77607ffff,295.2,False
891f2a7760bffff,169.0,True
891f2a7760fffff,142.2,True
891f2a77613ffff,99.2,True
891f2a77617ffff,161.0,True
891f2a7761bffff,19.6,True
891f2a77623ffff,21.2,True
891f2a77627ffff,60.8,True
891f2a7762bffff,47.8,True
891f2a7762fffff,45.6,True
891f2a77633ffff,258.6,False
891f2a77637ffff,305.4,False
891f2a7763bffff,115.3,True
891f2a77643ffff,171.9,False
891f2a77647ffff,6.4,True
891f2a7764bffff,80.7,True
891f2a7764fffff,99.8,True
891f2a77653ffff,178.0,False
891f2a77657ffff,216.0,False
891f2a7765bffff,105.0,True
891f2a77663ffff,50.6,True
891f2a77667ffff,6.6,True
891f2a7766bffff,10.9,True
891f2a7766fffff,24.2,True
891f2a77673ffff,155.7,True
891f2a77677ffff,11.4,True
891f2a7767bffff,152.3,True
891f2a77683ffff,84.6,True
891f2a77687ffff,183.5,False
891f2a7768bffff,95.4,True
891f2a7768fffff,36.4,True
891f2a77693ffff,183.6,False
891f2a77697ffff,105.9,True
891f2a7769bffff,33.8,True
891f2a776a3ffff,68.9,True
891f2a776a7ffff,95.5,True
891f2a776abffff,0.0,True
891f2a776afffff,64.8,True
891f2a776b3ffff,33.2,True
891f2a776b7ffff,18.4,True
891f2a776bbffff,0.0,True
891f2a776c3ffff,226.8,False
891f2a776c7ffff,50.9,True
891f2a776cbffff,257.3,False
891f2a776cfffff,39.2,True
891f2a776d3ffff,238.0,False
891f2a776d7ffff,249.6,False
891f2a776dbffff,491.0,False
