hex_id,distance_m,intersects
891f0c91643ffff,0.0,True
891f0c9164bffff,0.0,True
891f0c91653ffff,0.0,True
891f0c9165bffff,0.0,True
891f0c916c3ffff,0.0,True
891f0c916cbffff,0.0,True
891f0c916cfffff,0.0,True
891f0c916d3ffff,0.0,True
891f0c916d7ffff,0.0,True
891f0c916dbffff,0.0,True
891f0c932c3ffff,0.0,True
891f0c932c7ffff,0.0,True
891f0c932cbffff,0.0,True
891f0c932d3ffff,0.0,True
891f0c932d7ffff,0.0,True
891f0c932dbffff,0.0,True
891f0c93603ffff,0.0,True
891f0c9360bffff,0.0,True
891f0c9360fffff,0.0,True
891f0c93613ffff,0.0,True
891f0c93617ffff,0.0,True
891f0c9361bffff,0.0,True
891f0c9362bffff,0.0,True
891f0c9363bffff,0.0,True
891f0c93643ffff,0.0,True
891f0c93647ffff,0.0,True
891f0c9364bffff,0.0,True
891f0c9364fffff,0.0,True
891f0c93653ffff,0.0,True
891f0c93657ffff,0.0,True
891f0c9365bffff,0.0,True
891f0c93663ffff,0.0,True
891f0c93667ffff,0.0,True
891f0c9366bffff,0.0,True
891f0c9366fffff,0.0,True
891f0c93673ffff,0.0,True
891f0c93677ffff,0.0,True
891f0c9367bffff,0.0,True
891f0c9368bffff,0.0,True
891f0c9368fffff,0.0,True
891f0c9369bffff,0.0,True
891f0c936c3ffff,0.0,True
891f0c936c7ffff,0.0,True
891f0c936cbffff,0.0,True
891f0c936cfffff,0.0,True
891f0c936d3ffff,0.0,True
891f0c936d7ffff,0.0,True
891f0c936dbffff,0.0,True
891f0c98453ffff,0.0,True
891f0c9845bffff,0.0,True
891f0c9849bffff,0.0,True
891f0c984cbffff,0.0,True
891f0c984d3ffff,0.0,True
891f0c984dbffff,0.0,True
891f0c98693ffff,0.0,True
891f0c98697ffff,0.0,True
891f0c9869bffff,0.0,True
891f0c986c3ffff,0.0,True
891f0c986cbffff,0.0,True
891f0c986d3ffff,0.0,True
891f0c986d7ffff,0.0,True
891f0c986dbffff,0.0,True
891f0c99483ffff,0.0,True
891f0c99487ffff,0.0,True
891f0c99493ffff,0.0,True
891f0c99497ffff,0.0,True
891f0c994a3ffff,0.0,True
891f0c994a7ffff,0.0,True
891f0c994afffff,0.0,True
891f0c994b3ffff,0.0,True
891f0c994b7ffff,0.0,True
891f0c994bbffff,0.0,True
891f0c99593ffff,0.0,True
891f0c995d3ffff,0.0,True
891f0c995dbffff,0.0,True
891f0c9a013ffff,0.0,True
891f0c9a017ffff,0.0,True
891f0c9a01bffff,0.0,True
891f0c9a043ffff,0.0,True
891f0c9a04bffff,0.0,True
891f0c9a04fffff,0.0,True
891f0c9a053ffff,0.0,True
891f0c9a057ffff,0.0,True
891f0c9a05bffff,0.0,True
891f0c9a083ffff,0.0,True
891f0c9a087ffff,0.0,True
891f0c9a08bffff,0.0,True
891f0c9a08fffff,0.0,True
891f0c9a093ffff,0.0,True
891f0c9a097ffff,0.0,True
891f0c9a09bffff,0.0,True
891f0c9a0b3ffff,0.0,True
891f0c9a0bbffff,0.0,True
891f0c9a0c3ffff,0.0,True
891f0c9a0c7ffff,0.0,True
891f0c9a0cbffff,0.0,True
891f0c9a0cfffff,0.0,True
891f0c9a0d3ffff,0.0,True
891f0c9a0d7ffff,0.0,True
891f0c9a0dbffff,0.0,True
891f0c9a20bffff,0.0,True
891f0c9a213ffff,0.0,True
891f0c9a21bffff,0.0,True
891f0c9a243ffff,0.0,True
891f0c9a247ffff,0.0,True
891f0c9a24bffff,0.0,True
891f0c9a24fffff,0.0,True
891f0c9a253ffff,0.0,True
891f0c9a257ffff,0.0,True
891f0c9a25bffff,0.0,True
891f0c9a263ffff,0.0,True
891f0c9a26bffff,0.0,True
891f0c9a26fffff,0.0,True
891f0c9a273ffff,0.0,True
891f0c9a27bffff,0.0,True
891f0c9a283ffff,0.0,True
891f0c9a287ffff,0.0,True
891f0c9a28bffff,0.0,True
891f0c9a28fffff,0.0,True
891f0c9a293ffff,0.0,True
891f0c9a297ffff,0.0,True
891f0c9a29bffff,0.0,True
891f0c9a2b3ffff,0.0,True
891f0c9a2c3ffff,0.0,True
891f0c9a2c7ffff,0.0,True
891f0c9a2cbffff,0.0,True
891f0c9a2cfffff,0.0,True
891f0c9a2d3ffff,0.0,True
891f0c9a2d7ffff,0.0,True
891f0c9a2dbffff,0.0,True
891f0c9a403ffff,0.0,True
891f0c9a407ffff,0.0,True
891f0c9a40bffff,0.0,True
891f0c9a40fffff,0.0,True
891f0c9a413ffff,0.0,True
891f0c9a417ffff,0.0,True
891f0c9a41bffff,0.0,True
891f0c9a423ffff,0.0,True
891f0c9a427ffff,0.0,True
891f0c9a42bffff,0.0,True
891f0c9a42fffff,0.0,True
891f0c9a433ffff,0.0,True
891f0c9a437ffff,0.0,True
891f0c9a43bffff,0.0,True
891f0c9a443ffff,0.0,True
891f0c9a447ffff,0.0,True
891f0c9a44bffff,0.0,True
891f0c9a44fffff,0.0,True
891f0c9a453ffff,0.0,True
891f0c9a457ffff,0.0,True
891f0c9a45bffff,0.0,True
891f0c9a463ffff,0.0,True
891f0c9a467ffff,0.0,True
891f0c9a46bffff,0.0,True
891f0c9a46fffff,0.0,True
891f0c9a473ffff,0.0,True
891f0c9a477ffff,0.0,True
891f0c9a47bffff,0.0,True
891f0c9a483ffff,0.0,True
891f0c9a487ffff,0.0,True
891f0c9a48bffff,0.0,True
891f0c9a48fffff,0.0,True
891f0c9a493ffff,0.0,True
891f0c9a497ffff,0.0,True
891f0c9a49bffff,0.0,True
891f0c9a4a3ffff,0.0,True
891f0c9a4a7ffff,0.0,True
891f0c9a4abffff,0.0,True
891f0c9a4afffff,0.0,True
891f0c9a4b3ffff,0.0,True
891f0c9a4b7ffff,0.0,True
891f0c9a4bbffff,0.0,True
891f0c9a4c3ffff,0.0,True
891f0c9a4c7ffff,0.0,True
891f0c9a4cbffff,0.0,True
891f0c9a4cfffff,0.0,True
891f0c9a4d3ffff,0.0,True
891f0c9a4d7ffff,0.0,True
891f0c9a4dbffff,0.0,True
891f0c9a513ffff,0.0,True
891f0c9a543ffff,0.0,True
891f0c9a54bffff,0.0,True
891f0c9a54fffff,0.0,True
891f0c9a553ffff,0.0,True
891f0c9a55bffff,0.0,True
891f0c9a583ffff,0.0,True
891f0c9a587ffff,0.0,True
891f0c9a58bffff,0.0,True
891f0c9a58fffff,0.0,True
891f0c9a593ffff,0.0,True
891f0c9a597ffff,0.0,True
891f0c9a59bffff,0.0,True
891f0c9a5c3ffff,0.0,True
891f0c9a5c7ffff,0.0,True
891f0c9a5cbffff,0.0,True
891f0c9a5cfffff,0.0,True
891f0c9a5d3ffff,0.0,True
891f0c9a5d7ffff,0.0,True
891f0c9a5dbffff,0.0,True
891f0c9a603ffff,0.0,True
891f0c9a607ffff,0.0,True
891f0c9a60bffff,0.0,True
891f0c9a60fffff,0.0,True
891f0c9a613ffff,0.0,True
891f0c9a617ffff,0.0,True
891f0c9a61bffff,0.0,True
891f0c9a623ffff,0.0,True
891f0c9a627ffff,0.0,True
891f0c9a62bffff,0.0,True
891f0c9a62fffff,0.0,True
891f0c9a633ffff,0.0,True
891f0c9a637ffff,0.0,True
891f0c9a63bffff,0.0,True
891f0c9a643ffff,0.0,True
891f0c9a647ffff,0.0,True
891f0c9a64bffff,0.0,True
891f0c9a64fffff,0.0,True
891f0c9a653ffff,0.0,True
891f0c9a657ffff,0.0,True
891f0c9a65bffff,0.0,True
891f0c9a663ffff,0.0,True
891f0c9a667ffff,0.0,True
891f0c9a66bffff,0.0,True
891f0c9a66fffff,0.0,True
891f0c9a673ffff,0.0,True
891f0c9a677ffff,0.0,True
891f0c9a67bffff,0.0,True
891f0c9a683ffff,0.0,True
891f0c9a687ffff,0.0,True
891f0c9a68bffff,0.0,True
891f0c9a68fffff,0.0,True
891f0c9a693ffff,0.0,True
891f0c9a697ffff,0.0,True
891f0c9a69bffff,0.0,True
891f0c9a6a3ffff,0.0,True
891f0c9a6a7ffff,0.0,True
891f0c9a6abffff,0.0,True
891f0c9a6afffff,0.0,True
891f0c9a6b3ffff,0.0,True
891f0c9a6b7ffff,0.0,True
891f0c9a6bbffff,0.0,True
891f0c9a6c3ffff,0.0,True
891f0c9a6c7ffff,0.0,True
891f0c9a6cbffff,0.0,True
891f0c9a6cfffff,0.0,True
891f0c9a6d3ffff,0.0,True
891f0c9a6d7ffff,0.0,True
891f0c9a6dbffff,0.0,True
891f0c9b003ffff,0.0,True
891f0c9b007ffff,0.0,True
891f0c9b00bffff,0.0,True
891f0c9b00fffff,0.0,True
891f0c9b013ffff,0.0,True
891f0c9b017ffff,0.0,True
891f0c9b01bffff,0.0,True
891f0c9b023ffff,0.0,True
891f0c9b027ffff,0.0,True
891f0c9b02bffff,0.0,True
891f0c9b02fffff,0.0,True
891f0c9b033ffff,0.0,True
891f0c9b037ffff,0.0,True
891f0c9b03bffff,0.0,True
891f0c9b043ffff,0.0,True
891f0c9b047ffff,0.0,True
891f0c9b04bffff,0.0,True
891f0c9b04fffff,0.0,True
891f0c9b053ffff,0.0,True
891f0c9b057ffff,0.0,True
891f0c9b05bffff,0.0,True
891f0c9b063ffff,0.0,True
891f0c9b067ffff,0.0,True
891f0c9b06bffff,0.0,True
891f0c9b06fffff,0.0,True
891f0c9b073ffff,0.0,True
891f0c9b077ffff,0.0,True
891f0c9b07bffff,0.0,True
891f0c9b083ffff,400.7,False
891f0c9b087ffff,265.9,False
891f0c9b08bffff,90.5,True
891f0c9b08fffff,220.9,False
891f0c9b093ffff,590.4,False
891f0c9b097ffff,446.0,False
891f0c9b09bffff,281.3,False
891f0c9b0a3ffff,0.0,True
891f0c9b0a7ffff,0.0,True
891f0c9b0abffff,0.0,True
891f0c9b0afffff,0.0,True
891f0c9b0b3ffff,8.1,True
891f0c9b0b7ffff,0.0,True
891f0c9b0bbffff,0.0,True
891f0c9b0c3ffff,0.0,True
891f0c9b0c7ffff,0.0,True
891f0c9b0cbffff,0.0,True
891f0c9b0cfffff,0.0,True
891f0c9b0d3ffff,0.0,True
891f0c9b0d7ffff,0.0,True
891f0c9b0dbffff,0.0,True
891f0c9b103ffff,0.0,True
891f0c9b107ffff,0.0,True
891f0c9b10bffff,0.0,True
891f0c9b10fffff,0.0,True
891f0c9b113ffff,0.0,True
891f0c9b117ffff,0.0,True
891f0c9b11bffff,0.0,True
891f0c9b123ffff,0.0,True
891f0c9b127ffff,0.0,True
891f0c9b12bffff,0.0,True
891f0c9b12fffff,0.0,True
891f0c9b133ffff,0.0,True
891f0c9b137ffff,0.0,True
891f0c9b13bffff,0.0,True
891f0c9b143ffff,0.0,True
891f0c9b147ffff,0.0,True
891f0c9b14bffff,0.0,True
891f0c9b14fffff,0.0,True
891f0c9b153ffff,0.0,True
891f0c9b157ffff,0.0,True
891f0c9b15bffff,0.0,True
891f0c9b163ffff,0.0,True
891f0c9b167ffff,0.0,True
891f0c9b16bffff,0.0,True
891f0c9b16fffff,0.0,True
891f0c9b173ffff,0.0,True
891f0c9b177ffff,0.0,True
891f0c9b17bffff,0.0,True
891f0c9b183ffff,0.0,True
891f0c9b187ffff,0.0,True
891f0c9b18bffff,0.0,True
891f0c9b18fffff,0.0,True
891f0c9b193ffff,0.0,True
891f0c9b197ffff,0.0,True
891f0c9b19bffff,0.0,True
891f0c9b1a3ffff,0.0,True
891f0c9b1a7ffff,0.0,True
891f0c9b1abffff,0.0,True
891f0c9b1afffff,0.0,True
891f0c9b1b3ffff,0.0,True
891f0c9b1b7ffff,0.0,True
891f0c9b1bbffff,0.0,True
891f0c9b1c3ffff,0.0,True
891f0c9b1c7ffff,0.0,True
891f0c9b1cbffff,0.0,True
891f0c9b1cfffff,0.0,True
891f0c9b1d3ffff,0.0,True
891f0c9b1d7ffff,0.0,True
891f0c9b1dbffff,0.0,True
891f0c9b203ffff,0.0,True
891f0c9b207ffff,0.0,True
891f0c9b20bffff,0.0,True
891f0c9b20fffff,0.0,True
891f0c9b213ffff,0.0,True
891f0c9b217ffff,0.0,True
891f0c9b21bffff,0.0,True
891f0c9b223ffff,0.0,True
891f0c9b227ffff,0.0,True
891f0c9b22bffff,0.0,True
891f0c9b22fffff,0.0,True
891f0c9b233ffff,0.0,True
891f0c9b237ffff,0.0,True
891f0c9b23bffff,0.0,True
891f0c9b247ffff,0.0,True
891f0c9b253ffff,0.0,True
891f0c9b257ffff,0.0,True
891f0c9b25bffff,0.0,True
891f0c9b267ffff,0.0,True
891f0c9b273ffff,0.0,True
891f0c9b277ffff,0.0,True
891f0c9b283ffff,0.0,True
891f0c9b287ffff,0.0,True
891f0c9b28bffff,0.0,True
891f0c9b28fffff,0.0,True
891f0c9b293ffff,0.0,True
891f0c9b297ffff,0.0,True
891f0c9b29bffff,0.0,True
891f0c9b2a3ffff,0.0,True
891f0c9b2a7ffff,0.0,True
891f0c9b2abffff,0.0,True
891f0c9b2afffff,0.0,True
891f0c9b2b3ffff,0.0,True
891f0c9b2b7ffff,0.0,True
891f0c9b2bbffff,0.0,True
891f0c9b2c3ffff,0.0,True
891f0c9b2c7ffff,0.0,True
891f0c9b2cbffff,0.0,True
891f0c9b2cfffff,0.0,True
891f0c9b2d3ffff,0.0,True
891f0c9b2d7ffff,0.0,True
891f0c9b2dbffff,0.0,True
891f0c9b303ffff,0.0,True
891f0c9b307ffff,0.0,True
891f0c9b30bffff,0.0,True
891f0c9b30fffff,0.0,True
891f0c9b313ffff,0.0,True
891f0c9b317ffff,0.0,True
891f0c9b31bffff,0.0,True
891f0c9b323ffff,0.0,True
891f0c9b327ffff,0.0,True
891f0c9b32bffff,0.0,True
891f0c9b333ffff,0.0,True
891f0c9b337ffff,0.0,True
891f0c9b33bffff,0.0,True
891f0c9b343ffff,0.0,True
891f0c9b347ffff,0.0,True
891f0c9b34bffff,0.0,True
891f0c9b34fffff,0.0,True
891f0c9b353ffff,0.0,True
891f0c9b357ffff,0.0,True
891f0c9b35bffff,0.0,True
891f0c9b363ffff,0.0,True
891f0c9b367ffff,0.0,True
891f0c9b36bffff,0.0,True
891f0c9b36fffff,0.0,True
891f0c9b373ffff,0.0,True
891f0c9b377ffff,0.0,True
891f0c9b37bffff,0.0,True
891f0c9b383ffff,0.0,True
891f0c9b387ffff,0.0,True
891f0c9b38bffff,0.0,True
891f0c9b38fffff,0.0,True
891f0c9b393ffff,0.0,True
891f0c9b397ffff,0.0,True
891f0c9b39bffff,0.0,True
891f0c9b3a3ffff,0.0,True
891f0c9b3a7ffff,0.0,True
891f0c9b3abffff,0.0,True
891f0c9b3afffff,0.0,True
891f0c9b3b3ffff,0.0,True
891f0c9b3b7ffff,0.0,True
891f0c9b3bbffff,0.0,True
891f0c9b3c3ffff,0.0,True
891f0c9b3c7ffff,0.0,True
891f0c9b3cbffff,0.0,True
891f0c9b3cfffff,0.0,True
891f0c9b3d3ffff,0.0,True
891f0c9b3d7ffff,0.0,True
891f0c9b3dbffff,0.0,True
891f0c9b403ffff,1137.9,False
891f0c9b407ffff,1132.8,False
891f0c9b40bffff,850.7,False
891f0c9b40fffff,910.0,False
891f0c9b413ffff,1374.4,False
891f0c9b417ffff,1285.3,False
891f0c9b41bffff,1090.1,False
891f0c9b423ffff,661.8,False
891f0c9b427ffff,325.5,False
891f0c9b42bffff,788.5,False
891f0c9b42fffff,548.3,False
891f0c9b433ffff,794.2,False
891f0c9b437ffff,455.7,False
891f0c9b43bffff,993.2,False
891f0c9b443ffff,525.7,False
891f0c9b447ffff,565.7,False
891f0c9b44bffff,214.0,False
891f0c9b44fffff,283.8,False
891f0c9b453ffff,715.2,False
891f0c9b457ffff,808.5,False
891f0c9b45bffff,407.7,False
891f0c9b463ffff,391.7,False
891f0c9b467ffff,484.6,False
891f0c9b46bffff,96.3,True
891f0c9b46fffff,178.9,False
891f0c9b473ffff,616.3,False
891f0c9b477ffff,691.0,False
891f0c9b47bffff,327.3,False
891f0c9b483ffff,1630.5,False
891f0c9b487ffff,1293.1,False
891f0c9b48bffff,1614.7,False
891f0c9b48fffff,1451.2,False
891f0c9b493ffff,1818.2,False
891f0c9b497ffff,1482.9,False
891f0c9b49bffff,1835.6,False
891f0c9b4a3ffff,774.5,False
891f0c9b4a7ffff,436.3,False
891f0c9b4abffff,946.1,False
891f0c9b4afffff,606.8,False
891f0c9b4b3ffff,956.1,False
891f0c9b4b7ffff,619.0,False
891f0c9b4bbffff,1112.8,False
891f0c9b4c3ffff,1220.2,False
891f0c9b4c7ffff,1333.6,False
891f0c9b4cbffff,910.1,False
891f0c9b4cfffff,1024.2,False
891f0c9b4d3ffff,1412.6,False
891f0c9b4d7ffff,1527.3,False
891f0c9b4dbffff,1106.1,False
891f0c9b503ffff,0.0,True
891f0c9b507ffff,0.0,True
891f0c9b50bffff,0.0,True
891f0c9b50fffff,0.0,True
891f0c9b513ffff,0.0,True
891f0c9b517ffff,0.0,True
891f0c9b51bffff,0.0,True
891f0c9b523ffff,0.0,True
891f0c9b527ffff,0.0,True
891f0c9b52bffff,0.0,True
891f0c9b52fffff,0.0,True
891f0c9b533ffff,0.0,True
891f0c9b537ffff,0.0,True
891f0c9b53bffff,0.0,True
891f0c9b543ffff,0.0,True
891f0c9b547ffff,0.0,True
891f0c9b54bffff,116.2,True
891f0c9b54fffff,0.0,True
891f0c9b553ffff,0.0,True
891f0c9b557ffff,0.0,True
891f0c9b55bffff,214.1,False
891f0c9b563ffff,0.0,True
891f0c9b567ffff,0.0,True
891f0c9b56bffff,0.0,True
891f0c9b56fffff,0.0,True
891f0c9b573ffff,0.0,True
891f0c9b577ffff,0.0,True
891f0c9b57bffff,0.0,True
891f0c9b583ffff,0.0,True
891f0c9b587ffff,0.0,True
891f0c9b58bffff,0.0,True
891f0c9b58fffff,0.0,True
891f0c9b593ffff,0.0,True
891f0c9b597ffff,0.0,True
891f0c9b59bffff,0.0,True
891f0c9b5a3ffff,0.0,True
891f0c9b5a7ffff,0.0,True
891f0c9b5abffff,0.0,True
891f0c9b5afffff,0.0,True
891f0c9b5b3ffff,0.0,True
891f0c9b5b7ffff,0.0,True
891f0c9b5bbffff,0.0,True
891f0c9b5c3ffff,0.0,True
891f0c9b5c7ffff,0.0,True
891f0c9b5cbffff,117.2,True
891f0c9b5cfffff,0.0,True
891f0c9b5d3ffff,98.0,True
891f0c9b5d7ffff,0.0,True
891f0c9b5dbffff,267.5,False
891f0c9b603ffff,0.0,True
891f0c9b607ffff,0.0,True
891f0c9b60bffff,0.0,True
891f0c9b60fffff,0.0,True
891f0c9b613ffff,0.0,True
891f0c9b617ffff,0.0,True
891f0c9b61bffff,0.0,True
891f0c9b623ffff,0.0,True
891f0c9b627ffff,0.0,True
891f0c9b62bffff,0.0,True
891f0c9b62fffff,0.0,True
891f0c9b633ffff,0.0,True
891f0c9b637ffff,0.0,True
891f0c9b63bffff,0.0,True
891f0c9b643ffff,0.0,True
891f0c9b647ffff,0.0,True
891f0c9b64bffff,0.0,True
891f0c9b64fffff,0.0,True
891f0c9b653ffff,0.0,True
891f0c9b657ffff,0.0,True
891f0c9b65bffff,0.0,True
891f0c9b663ffff,0.0,True
891f0c9b667ffff,0.0,True
891f0c9b66bffff,0.0,True
891f0c9b66fffff,0.0,True
891f0c9b673ffff,0.0,True
891f0c9b677ffff,0.0,True
891f0c9b67bffff,0.0,True
891f0c9b683ffff,0.0,True
891f0c9b687ffff,0.0,True
891f0c9b68bffff,0.0,True
891f0c9b68fffff,0.0,True
891f0c9b693ffff,0.0,True
891f0c9b697ffff,99.6,True
891f0c9b69bffff,0.0,True
891f0c9b6a3ffff,0.0,True
891f0c9b6a7ffff,0.0,True
891f0c9b6abffff,0.0,True
891f0c9b6afffff,0.0,True
891f0c9b6b3ffff,5.3,True
891f0c9b6b7ffff,41.6,True
891f0c9b6bbffff,0.0,True
891f0c9b6c3ffff,0.0,True
891f0c9b6c7ffff,0.0,True
891f0c9b6cbffff,0.0,True
891f0c9b6cfffff,0.0,True
891f0c9b6d3ffff,0.0,True
891f0c9b6d7ffff,0.0,True
891f0c9b6dbffff,0.0,True
891f2a0d803ffff,0.0,True
891f2a0d807ffff,0.0,True
891f2a0d80bffff,0.0,True
891f2a0d80fffff,0.0,True
891f2a0d813ffff,0.0,True
891f2a0d817ffff,0.0,True
891f2a0d81bffff,0.0,True
891f2a0d823ffff,0.0,True
891f2a0d827ffff,0.0,True
891f2a0d82bffff,0.0,True
891f2a0d82fffff,0.0,True
891f2a0d833ffff,0.0,True
891f2a0d837ffff,0.0,True
891f2a0d83bffff,0.0,True
891f2a0d843ffff,0.0,True
891f2a0d847ffff,0.0,True
891f2a0d84bffff,0.0,True
891f2a0d84fffff,0.0,True
891f2a0d853ffff,0.0,True
891f2a0d857ffff,0.0,True
891f2a0d863ffff,0.0,True
891f2a0d867ffff,0.0,True
891f2a0d86bffff,0.0,True
891f2a0d86fffff,0.0,True
891f2a0d873ffff,0.0,True
891f2a0d877ffff,0.0,True
891f2a0d87bffff,0.0,True
891f2a0d883ffff,0.0,True
891f2a0d887ffff,0.0,True
891f2a0d88bffff,0.0,True
891f2a0d88fffff,0.0,True
891f2a0d893ffff,0.0,True
891f2a0d897ffff,0.0,True
891f2a0d89bffff,0.0,True
891f2a0d8a3ffff,0.0,True
891f2a0d8a7ffff,0.0,True
891f2a0d8abffff,0.0,True
891f2a0d8afffff,0.0,True
891f2a0d8b3ffff,0.0,True
891f2a0d8b7ffff,0.0,True
891f2a0d8bbffff,0.0,True
891f2a0d8c3ffff,0.0,True
891f2a0d8c7ffff,0.0,True
891f2a0d8cbffff,0.0,True
891f2a0d8cfffff,0.0,True
891f2a0d8d3ffff,0.0,True
891f2a0d8d7ffff,0.0,True
891f2a0d90bffff,0.0,True
891f2a0d91bffff,0.0,True
891f2a0d943ffff,0.0,True
891f2a0d947ffff,0.0,True
891f2a0d94bffff,0.0,True
891f2a0d94fffff,0.0,True
891f2a0d953ffff,0.0,True
891f2a0d957ffff,0.0,True
891f2a0d95bffff,0.0,True
891f2a0d963ffff,0.0,True
891f2a0d96bffff,0.0,True
891f2a0d96fffff,0.0,True
891f2a0d973ffff,0.0,True
891f2a0d97bffff,0.0,True
891f2a0d9c3ffff,0.0,True
891f2a0d9cbffff,0.0,True
891f2a0d9cfffff,0.0,True
891f2a0d9d3ffff,0.0,True
891f2a0d9dbffff,0.0,True
891f2a0da03ffff,0.0,True
891f2a0da07ffff,0.0,True
891f2a0da0bffff,0.0,True
891f2a0da0fffff,0.0,True
891f2a0da17ffff,0.0,True
891f2a0da23ffff,0.0,True
891f2a0da27ffff,0.0,True
891f2a0da2bffff,0.0,True
891f2a0da2fffff,0.0,True
891f2a0da33ffff,0.0,True
891f2a0da37ffff,0.0,True
891f2a0da3bffff,0.0,True
891f2a0da63ffff,0.0,True
891f2a0da67ffff,0.0,True
891f2a0da6bffff,0.0,True
891f2a0da6fffff,0.0,True
891f2a0da73ffff,0.0,True
891f2a0da77ffff,0.0,True
891f2a0da7bffff,0.0,True
891f2a0da87ffff,0.0,True
891f2a0daa3ffff,0.0,True
891f2a0daa7ffff,0.0,True
891f2a0daabffff,0.0,True
891f2a0daafffff,0.0,True
891f2a0dab3ffff,0.0,True
891f2a0dab7ffff,0.0,True
891f2a0dabbffff,0.0,True
891f2a0db03ffff,0.0,True
891f2a0db07ffff,0.0,True
891f2a0db0bffff,0.0,True
891f2a0db0fffff,0.0,True
891f2a0db13ffff,0.0,True
891f2a0db17ffff,0.0,True
891f2a0db1bffff,0.0,True
891f2a0db23ffff,0.0,True
891f2a0db27ffff,0.0,True
891f2a0db2bffff,0.0,True
891f2a0db2fffff,0.0,True
891f2a0db33ffff,0.0,True
891f2a0db37ffff,0.0,True
891f2a0db3bffff,0.0,True
891f2a0db43ffff,0.0,True
891f2a0db47ffff,0.0,True
891f2a0db4bffff,0.0,True
891f2a0db4fffff,0.0,True
891f2a0db53ffff,0.0,True
891f2a0db57ffff,0.0,True
891f2a0db5bffff,0.0,True
891f2a0db63ffff,0.0,True
891f2a0db67ffff,0.0,True
891f2a0db6bffff,0.0,True
891f2a0db6fffff,0.0,True
891f2a0db73ffff,0.0,True
891f2a0db77ffff,0.0,True
891f2a0db7bffff,0.0,True
891f2a0db83ffff,0.0,True
891f2a0db87ffff,0.0,True
891f2a0db8bffff,0.0,True
891f2a0db8fffff,0.0,True
891f2a0db93ffff,0.0,True
891f2a0db97ffff,0.0,True
891f2a0db9bffff,0.0,True
891f2a0dba3ffff,0.0,True
891f2a0dba7ffff,0.0,True
891f2a0dbabffff,0.0,True
891f2a0dbafffff,0.0,True
891f2a0dbb3ffff,0.0,True
891f2a0dbb7ffff,0.0,True
891f2a0dbbbffff,0.0,True
891f2a0dbc3ffff,0.0,True
891f2a0dbc7ffff,0.0,True
891f2a0dbcbffff,0.0,True
891f2a0dbcfffff,0.0,True
891f2a0dbd3ffff,0.0,True
891f2a0dbd7ffff,0.0,True
891f2a0dbdbffff,0.0,True
891f2a0dc2fffff,0.0,True
891f2a0dc6fffff,0.0,True
891f2a0dd43ffff,0.0,True
891f2a0dd47ffff,0.0,True
891f2a0dd4bffff,0.0,True
891f2a0dd4fffff,0.0,True
891f2a0dd53ffff,0.0,True
891f2a0dd57ffff,0.0,True
891f2a0dd5bffff,0.0,True
891f2a0dd7bffff,0.0,True
891f2a0ddcfffff,0.0,True
891f2a2924bffff,0.0,True
891f2a60003ffff,253.3,False
891f2a60007ffff,497.9,False
891f2a6000bffff,0.0,True
891f2a6000fffff,187.5,True
891f2a60013ffff,340.6,False
891f2a60017ffff,569.3,False
891f2a6001bffff,24.7,True
891f2a60023ffff,718.9,False
891f2a60027ffff,996.5,False
891f2a6002bffff,418.2,False
891f2a6002fffff,700.2,False
891f2a60033ffff,755.6,False
891f2a60037ffff,1021.3,False
891f2a6003bffff,448.3,False
891f2a60043ffff,0.0,True
891f2a60047ffff,0.0,True
891f2a6004bffff,0.0,True
891f2a6004fffff,0.0,True
891f2a60053ffff,0.0,True
891f2a60057ffff,0.0,True
891f2a6005bffff,0.0,True
891f2a60063ffff,0.0,True
891f2a60067ffff,120.2,True
891f2a6006bffff,0.0,True
891f2a6006fffff,0.0,True
891f2a60073ffff,0.0,True
891f2a60077ffff,143.6,True
891f2a6007bffff,0.0,True
891f2a60083ffff,405.2,False
891f2a60087ffff,732.9,False
891f2a6008bffff,311.3,False
891f2a6008fffff,631.7,False
891f2a60093ffff,190.5,False
891f2a60097ffff,522.2,False
891f2a6009bffff,79.9,True
891f2a600a3ffff,1122.6,False
891f2a600a7ffff,1372.4,False
891f2a600abffff,809.1,False
891f2a600afffff,1063.9,False
891f2a600b3ffff,1061.2,False
891f2a600b7ffff,1392.1,False
891f2a600bbffff,885.2,False
891f2a600c3ffff,0.0,True
891f2a600c7ffff,118.4,True
891f2a600cbffff,0.0,True
891f2a600cfffff,0.0,True
891f2a600d3ffff,0.0,True
891f2a600d7ffff,0.0,True
891f2a600dbffff,0.0,True
891f2a60103ffff,2156.1,False
891f2a60107ffff,2453.1,False
891f2a6010bffff,1869.4,False
891f2a6010fffff,2141.9,False
891f2a60113ffff,2156.4,False
891f2a60117ffff,2444.9,False
891f2a6011bffff,1863.2,False
891f2a60123ffff,2371.5,False
891f2a60127ffff,2461.3,False
891f2a6012bffff,2073.5,False
891f2a6012fffff,2158.8,False
891f2a60133ffff,2591.0,False
891f2a60137ffff,2670.4,False
891f2a6013bffff,2296.2,False
891f2a60143ffff,1285.8,False
891f2a60147ffff,1587.8,False
891f2a6014bffff,1004.2,False
891f2a6014fffff,1310.6,False
891f2a60153ffff,1281.7,False
891f2a60157ffff,1573.2,False
891f2a6015bffff,990.2,False
891f2a60163ffff,1708.1,False
891f2a60167ffff,1778.0,False
891f2a6016bffff,1389.5,False
891f2a6016fffff,1484.7,False
891f2a60173ffff,1822.4,False
891f2a60177ffff,2005.1,False
891f2a6017bffff,1502.9,False
891f2a60183ffff,2474.3,False
891f2a60187ffff,2750.7,False
891f2a6018bffff,2173.1,False
891f2a6018fffff,2452.6,False
891f2a60193ffff,2508.9,False
891f2a60197ffff,2776.7,False
891f2a6019bffff,2203.7,False
891f2a601a3ffff,3027.3,False
891f2a601a7ffff,3185.0,False
891f2a601abffff,2739.0,False
891f2a601afffff,2886.8,False
891f2a601b3ffff,3032.4,False
891f2a601b7ffff,3319.1,False
891f2a601bbffff,2737.6,False
891f2a601c3ffff,1596.6,False
891f2a601c7ffff,1873.3,False
891f2a601cbffff,1295.7,False
891f2a601cfffff,1576.3,False
891f2a601d3ffff,1632.1,False
891f2a601d7ffff,1899.0,False
891f2a601dbffff,1326.0,False
891f2a60203ffff,0.0,True
891f2a60207ffff,0.0,True
891f2a6020bffff,0.0,True
891f2a6020fffff,0.0,True
891f2a60213ffff,0.0,True
891f2a60217ffff,0.0,True
891f2a6021bffff,0.0,True
891f2a60223ffff,0.0,True
891f2a60227ffff,0.0,True
891f2a6022bffff,0.0,True
891f2a6022fffff,0.0,True
891f2a60233ffff,0.0,True
891f2a60237ffff,0.0,True
891f2a6023bffff,0.0,True
891f2a60243ffff,0.0,True
891f2a60247ffff,0.0,True
891f2a6024bffff,0.0,True
891f2a6024fffff,0.0,True
891f2a60253ffff,0.0,True
891f2a60257ffff,0.0,True
891f2a6025bffff,0.0,True
891f2a60263ffff,0.0,True
891f2a60267ffff,0.0,True
891f2a6026bffff,0.0,True
891f2a6026fffff,0.0,True
891f2a60273ffff,0.0,True
891f2a60277ffff,0.0,True
891f2a6027bffff,0.0,True
891f2a60283ffff,0.0,True
891f2a60287ffff,0.0,True
891f2a6028bffff,0.0,True
891f2a6028fffff,0.0,True
891f2a60293ffff,0.0,True
891f2a60297ffff,0.0,True
891f2a6029bffff,0.0,True
891f2a602a3ffff,0.0,True
891f2a602a7ffff,0.0,True
891f2a602abffff,0.0,True
891f2a602afffff,0.0,True
891f2a602b3ffff,0.0,True
891f2a602b7ffff,0.0,True
891f2a602bbffff,0.0,True
891f2a602c3ffff,0.0,True
891f2a602c7ffff,0.0,True
891f2a602cbffff,0.0,True
891f2a602cfffff,0.0,True
891f2a602d3ffff,0.0,True
891f2a602d7ffff,0.0,True
891f2a602dbffff,0.0,True
891f2a60303ffff,34.2,True
891f2a60307ffff,224.9,False
891f2a6030bffff,0.0,True
891f2a6030fffff,0.0,True
891f2a60313ffff,155.3,True
891f2a60317ffff,353.3,False
891f2a6031bffff,0.0,True
891f2a60323ffff,340.2,False
891f2a60327ffff,386.2,False
891f2a6032bffff,21.1,True
891f2a6032fffff,103.1,True
891f2a60333ffff,433.6,False
891f2a60337ffff,627.3,False
891f2a6033bffff,115.1,True
891f2a60343ffff,0.0,True
891f2a60347ffff,0.0,True
891f2a6034bffff,0.0,True
891f2a6034fffff,0.0,True
891f2a60353ffff,0.0,True
891f2a60357ffff,0.0,True
891f2a6035bffff,0.0,True
891f2a60363ffff,0.0,True
891f2a60367ffff,0.0,True
891f2a6036bffff,0.0,True
891f2a6036fffff,0.0,True
891f2a60373ffff,0.0,True
891f2a60377ffff,0.0,True
891f2a6037bffff,0.0,True
891f2a60383ffff,420.8,False
891f2a60387ffff,728.6,False
891f2a6038bffff,145.7,True
891f2a6038fffff,457.8,False
891f2a60393ffff,407.3,False
891f2a60397ffff,702.2,False
891f2a6039bffff,119.1,True
891f2a603a3ffff,863.9,False
891f2a603a7ffff,1070.9,False
891f2a603abffff,544.4,False
891f2a603afffff,752.3,False
891f2a603b3ffff,991.5,False
891f2a603b7ffff,1183.4,False
891f2a603bbffff,672.4,False
891f2a603c3ffff,0.0,True
891f2a603c7ffff,0.0,True
891f2a603cbffff,0.0,True
891f2a603cfffff,0.0,True
891f2a603d3ffff,0.0,True
891f2a603d7ffff,0.0,True
891f2a603dbffff,0.0,True
891f2a60403ffff,0.0,True
891f2a60407ffff,0.0,True
891f2a6040bffff,0.0,True
891f2a6040fffff,0.0,True
891f2a60413ffff,0.0,True
891f2a60417ffff,0.0,True
891f2a6041bffff,0.0,True
891f2a60423ffff,146.7,True
891f2a60427ffff,484.8,False
891f2a6042bffff,0.0,True
891f2a6042fffff,327.0,False
891f2a60433ffff,0.0,True
891f2a60437ffff,280.4,False
891f2a6043bffff,0.0,True
891f2a60443ffff,0.0,True
891f2a60447ffff,0.0,True
891f2a6044bffff,0.0,True
891f2a6044fffff,0.0,True
891f2a60453ffff,0.0,True
891f2a60457ffff,0.0,True
891f2a6045bffff,0.0,True
891f2a60463ffff,0.0,True
891f2a60467ffff,0.0,True
891f2a6046bffff,0.0,True
891f2a6046fffff,0.0,True
891f2a60473ffff,0.0,True
891f2a60477ffff,0.0,True
891f2a6047bffff,0.0,True
891f2a60483ffff,0.0,True
891f2a60487ffff,0.0,True
891f2a6048bffff,0.0,True
891f2a6048fffff,0.0,True
891f2a60493ffff,0.0,True
891f2a60497ffff,0.0,True
891f2a6049bffff,0.0,True
891f2a604a3ffff,0.0,True
891f2a604a7ffff,107.6,True
891f2a604abffff,0.0,True
891f2a604afffff,29.5,True
891f2a604b3ffff,0.0,True
891f2a604b7ffff,0.0,True
891f2a604bbffff,0.0,True
891f2a604c3ffff,0.0,True
891f2a604c7ffff,0.0,True
891f2a604cbffff,0.0,True
891f2a604cfffff,0.0,True
891f2a604d3ffff,0.0,True
891f2a604d7ffff,0.0,True
891f2a604dbffff,0.0,True
891f2a60503ffff,1535.2,False
891f2a60507ffff,1854.9,False
891f2a6050bffff,1457.5,False
891f2a6050fffff,1772.0,False
891f2a60513ffff,1304.0,False
891f2a60517ffff,1627.7,False
891f2a6051bffff,1216.5,False
891f2a60523ffff,2408.7,False
891f2a60527ffff,2728.9,False
891f2a6052bffff,2329.0,False
891f2a6052fffff,2644.6,False
891f2a60533ffff,2178.0,False
891f2a60537ffff,2501.7,False
891f2a6053bffff,2089.8,False
891f2a60543ffff,1000.4,False
891f2a60547ffff,1337.5,False
891f2a6054bffff,855.9,False
891f2a6054fffff,1189.6,False
891f2a60553ffff,823.4,False
891f2a60557ffff,1146.9,False
891f2a6055bffff,663.3,False
891f2a60563ffff,1860.1,False
891f2a60567ffff,2195.9,False
891f2a6056bffff,1683.1,False
891f2a6056fffff,1940.2,False
891f2a60573ffff,1674.6,False
891f2a60577ffff,2011.8,False
891f2a6057bffff,1524.3,False
891f2a60583ffff,1192.0,False
891f2a60587ffff,1520.9,False
891f2a6058bffff,1080.3,False
891f2a6058fffff,1407.7,False
891f2a60593ffff,984.6,False
891f2a60597ffff,1317.3,False
891f2a6059bffff,863.5,False
891f2a605a3ffff,2064.6,False
891f2a605a7ffff,2393.1,False
891f2a605abffff,1953.8,False
891f2a605afffff,2280.5,False
891f2a605b3ffff,1852.8,False
891f2a605b7ffff,2185.5,False
891f2a605bbffff,1736.1,False
891f2a605c3ffff,661.8,False
891f2a605c7ffff,981.1,False
891f2a605cbffff,588.2,False
891f2a605cfffff,900.5,False
891f2a605d3ffff,429.9,False
891f2a605d7ffff,753.8,False
891f2a605dbffff,343.5,False
891f2a60603ffff,0.0,True
891f2a60607ffff,0.0,True
891f2a6060bffff,0.0,True
891f2a6060fffff,0.0,True
891f2a60613ffff,0.0,True
891f2a60617ffff,0.0,True
891f2a6061bffff,0.0,True
891f2a60623ffff,0.0,True
891f2a60627ffff,0.0,True
891f2a6062bffff,0.0,True
891f2a6062fffff,0.0,True
891f2a60633ffff,0.0,True
891f2a60637ffff,0.0,True
891f2a6063bffff,0.0,True
891f2a60643ffff,0.0,True
891f2a60647ffff,0.0,True
891f2a6064bffff,0.0,True
891f2a6064fffff,0.0,True
891f2a60653ffff,0.0,True
891f2a60657ffff,0.0,True
891f2a6065bffff,0.0,True
891f2a60663ffff,0.0,True
891f2a60667ffff,0.0,True
891f2a6066bffff,0.0,True
891f2a6066fffff,0.0,True
891f2a60673ffff,0.0,True
891f2a60677ffff,0.0,True
891f2a6067bffff,0.0,True
891f2a60683ffff,0.0,True
891f2a60687ffff,0.0,True
891f2a6068bffff,0.0,True
891f2a6068fffff,0.0,True
891f2a60693ffff,0.0,True
891f2a60697ffff,0.0,True
891f2a6069bffff,0.0,True
891f2a606a3ffff,0.0,True
891f2a606a7ffff,0.0,True
891f2a606abffff,0.0,True
891f2a606afffff,0.0,True
891f2a606b3ffff,0.0,True
891f2a606b7ffff,0.0,True
891f2a606bbffff,0.0,True
891f2a606c3ffff,0.0,True
891f2a606c7ffff,0.0,True
891f2a606cbffff,0.0,True
891f2a606cfffff,0.0,True
891f2a606d3ffff,0.0,True
891f2a606d7ffff,0.0,True
891f2a606dbffff,0.0,True
891f2a60803ffff,2130.0,False
891f2a60807ffff,2315.3,False
891f2a6080bffff,1810.8,False
891f2a6080fffff,2014.9,False
891f2a60813ffff,2251.4,False
891f2a60817ffff,2449.2,False
891f2a6081bffff,1931.9,False
891f2a60823ffff,2218.0,False
891f2a60827ffff,2344.8,False
891f2a6082bffff,1908.8,False
891f2a6082fffff,2032.2,False
891f2a60833ffff,2412.6,False
891f2a60837ffff,2528.1,False
891f2a6083bffff,2107.4,False
891f2a60843ffff,1293.0,False
891f2a60847ffff,1491.6,False
891f2a6084bffff,973.5,False
891f2a6084fffff,1172.4,False
891f2a60853ffff,1429.9,False
891f2a60857ffff,1612.4,False
891f2a6085bffff,1110.4,False
891f2a60863ffff,1501.4,False
891f2a60867ffff,1600.6,False
891f2a6086bffff,1201.0,False
891f2a6086fffff,1294.2,False
891f2a60873ffff,1706.1,False
891f2a60877ffff,1803.2,False
891f2a6087bffff,1388.7,False
891f2a60883ffff,2706.5,False
891f2a60887ffff,2890.4,False
891f2a6088bffff,2387.6,False
891f2a6088fffff,2570.9,False
891f2a60893ffff,2836.9,False
891f2a60897ffff,3025.4,False
891f2a6089bffff,2517.5,False
891f2a608a3ffff,2920.5,False
891f2a608a7ffff,3028.2,False
891f2a608abffff,2617.0,False
891f2a608afffff,2719.8,False
891f2a608b3ffff,3087.7,False
891f2a608b7ffff,3225.2,False
891f2a608bbffff,2768.4,False
891f2a608c3ffff,1878.8,False
891f2a608c7ffff,2068.8,False
891f2a608cbffff,1559.4,False
891f2a608cfffff,1749.3,False
891f2a608d3ffff,2018.9,False
891f2a608d7ffff,2198.2,False
891f2a608dbffff,1700.5,False
891f2a60903ffff,3114.6,False
891f2a60907ffff,3248.4,False
891f2a6090bffff,2798.3,False
891f2a6090fffff,2935.2,False
891f2a60913ffff,3275.5,False
891f2a60917ffff,3430.1,False
891f2a6091bffff,2958.1,False
891f2a60923ffff,3229.3,False
891f2a60927ffff,3395.4,False
891f2a6092bffff,2911.9,False
891f2a6092fffff,3076.9,False
891f2a60933ffff,3392.1,False
891f2a60937ffff,3546.8,False
891f2a6093bffff,3076.4,False
891f2a60943ffff,2323.7,False
891f2a60947ffff,2482.4,False
891f2a6094bffff,2006.4,False
891f2a6094fffff,2167.1,False
891f2a60953ffff,2484.8,False
891f2a60957ffff,2640.9,False
891f2a6095bffff,2169.3,False
891f2a60963ffff,2445.7,False
891f2a60967ffff,2595.1,False
891f2a6096bffff,2131.1,False
891f2a6096fffff,2278.8,False
891f2a60973ffff,2622.6,False
891f2a60977ffff,2760.7,False
891f2a6097bffff,2310.9,False
891f2a60983ffff,3750.5,False
891f2a60987ffff,3910.7,False
891f2a6098bffff,3433.5,False
891f2a6098fffff,3593.0,False
891f2a60993ffff,3914.9,False
891f2a60997ffff,4067.8,False
891f2a6099bffff,3600.0,False
891f2a609a3ffff,3876.6,False
891f2a609a7ffff,4024.2,False
891f2a609abffff,3562.1,False
891f2a609afffff,3708.1,False
891f2a609b3ffff,4053.4,False
891f2a609b7ffff,4191.2,False
891f2a609bbffff,3741.6,False
891f2a609c3ffff,2971.2,False
891f2a609c7ffff,3117.0,False
891f2a609cbffff,2657.9,False
891f2a609cfffff,2800.9,False
891f2a609d3ffff,3150.9,False
891f2a609d7ffff,3285.3,False
891f2a609dbffff,2839.0,False
891f2a60a03ffff,0.0,True
891f2a60a07ffff,120.6,True
891f2a60a0bffff,0.0,True
891f2a60a0fffff,0.0,True
891f2a60a13ffff,15.0,True
891f2a60a17ffff,215.5,False
891f2a60a1bffff,0.0,True
891f2a60a23ffff,91.0,True
891f2a60a27ffff,176.1,False
891f2a60a2bffff,0.0,True
891f2a60a2fffff,0.0,True
891f2a60a33ffff,321.7,False
891f2a60a37ffff,387.1,False
891f2a60a3bffff,36.1,True
891f2a60a43ffff,0.0,True
891f2a60a47ffff,0.0,True
891f2a60a4bffff,0.0,True
891f2a60a4fffff,0.0,True
891f2a60a53ffff,0.0,True
891f2a60a57ffff,0.0,True
891f2a60a5bffff,0.0,True
891f2a60a63ffff,0.0,True
891f2a60a67ffff,0.0,True
891f2a60a6bffff,0.0,True
891f2a60a6fffff,0.0,True
891f2a60a73ffff,0.0,True
891f2a60a77ffff,0.0,True
891f2a60a7bffff,0.0,True
891f2a60a83ffff,471.3,False
891f2a60a87ffff,654.0,False
891f2a60a8bffff,151.8,True
891f2a60a8fffff,334.5,False
891f2a60a93ffff,601.5,False
891f2a60a97ffff,790.9,False
891f2a60a9bffff,282.2,False
891f2a60aa3ffff,754.2,False
891f2a60aa7ffff,903.9,False
891f2a60aabffff,437.4,False
891f2a60aafffff,610.4,False
891f2a60ab3ffff,853.3,False
891f2a60ab7ffff,1071.4,False
891f2a60abbffff,534.4,False
891f2a60ac3ffff,0.0,True
891f2a60ac7ffff,0.0,True
891f2a60acbffff,0.0,True
891f2a60acfffff,0.0,True
891f2a60ad3ffff,0.0,True
891f2a60ad7ffff,0.0,True
891f2a60adbffff,0.0,True
891f2a60b03ffff,896.6,False
891f2a60b07ffff,1052.7,False
891f2a60b0bffff,579.1,False
891f2a60b0fffff,736.5,False
891f2a60b13ffff,1055.1,False
891f2a60b17ffff,1214.3,False
891f2a60b1bffff,739.0,False
891f2a60b23ffff,1014.8,False
891f2a60b27ffff,1167.8,False
891f2a60b2bffff,699.9,False
891f2a60b2fffff,850.2,False
891f2a60b33ffff,1191.7,False
891f2a60b37ffff,1330.5,False
891f2a60b3bffff,880.4,False
891f2a60b43ffff,108.6,True
891f2a60b47ffff,261.8,False
891f2a60b4bffff,0.0,True
891f2a60b4fffff,0.0,True
891f2a60b53ffff,288.9,False
891f2a60b57ffff,423.4,False
891f2a60b5bffff,0.0,True
891f2a60b63ffff,254.9,False
891f2a60b67ffff,385.6,False
891f2a60b6bffff,0.0,True
891f2a60b6fffff,72.3,True
891f2a60b73ffff,421.1,False
891f2a60b77ffff,569.5,False
891f2a60b7bffff,106.6,True
891f2a60b83ffff,1539.9,False
891f2a60b87ffff,1689.1,False
891f2a60b8bffff,1226.6,False
891f2a60b8fffff,1371.8,False
891f2a60b93ffff,1720.0,False
891f2a60b97ffff,1854.5,False
891f2a60b9bffff,1408.5,False
891f2a60ba3ffff,1685.9,False
891f2a60ba7ffff,1817.1,False
891f2a60babffff,1369.1,False
891f2a60bafffff,1503.9,False
891f2a60bb3ffff,1850.8,False
891f2a60bb7ffff,2000.0,False
891f2a60bbbffff,1532.5,False
891f2a60bc3ffff,789.2,False
891f2a60bc7ffff,913.6,False
891f2a60bcbffff,481.3,False
891f2a60bcfffff,600.9,False
891f2a60bd3ffff,989.5,False
891f2a60bd7ffff,1098.5,False
891f2a60bdbffff,687.4,False
891f2a60c03ffff,3133.5,False
891f2a60c07ffff,3281.9,False
891f2a60c0bffff,2818.6,False
891f2a60c0fffff,2965.5,False
891f2a60c13ffff,3309.5,False
891f2a60c17ffff,3448.7,False
891f2a60c1bffff,2996.7,False
891f2a60c23ffff,3293.8,False
891f2a60c27ffff,3475.5,False
891f2a60c2bffff,2975.0,False
891f2a60c2fffff,3156.2,False
891f2a60c33ffff,3441.4,False
891f2a60c37ffff,3612.7,False
891f2a60c3bffff,3123.6,False
891f2a60c43ffff,2375.6,False
891f2a60c47ffff,2504.8,False
891f2a60c4bffff,2065.9,False
891f2a60c4fffff,2191.7,False
891f2a60c53ffff,2569.2,False
891f2a60c57ffff,2685.4,False
891f2a60c5bffff,2262.0,False
891f2a60c63ffff,2488.1,False
891f2a60c67ffff,2656.3,False
891f2a60c6bffff,2170.9,False
891f2a60c6fffff,2337.6,False
891f2a60c73ffff,2649.8,False
891f2a60c77ffff,2805.8,False
891f2a60c7bffff,2334.1,False
891f2a60c83ffff,3804.5,False
891f2a60c87ffff,3935.6,False
891f2a60c8bffff,3494.8,False
891f2a60c8fffff,3622.5,False
891f2a60c93ffff,3995.4,False
891f2a60c97ffff,4115.3,False
891f2a60c9bffff,3688.0,False
891f2a60ca3ffff,3915.1,False
891f2a60ca7ffff,4077.5,False
891f2a60cabffff,3598.4,False
891f2a60cafffff,3759.3,False
891f2a60cb3ffff,4079.3,False
891f2a60cb7ffff,4232.0,False
891f2a60cbbffff,3763.9,False
891f2a60cc3ffff,3073.6,False
891f2a60cc7ffff,3185.2,False
891f2a60ccbffff,2766.4,False
891f2a60ccfffff,2876.4,False
891f2a60cd3ffff,3274.7,False
891f2a60cd7ffff,3380.8,False
891f2a60cdbffff,2972.4,False
891f2a60d03ffff,4343.4,False
891f2a60d07ffff,4456.7,False
891f2a60d0bffff,4038.2,False
891f2a60d0fffff,4147.5,False
891f2a60d13ffff,4487.6,False
891f2a60d17ffff,4650.3,False
891f2a60d1bffff,4168.2,False
891f2a60d23ffff,4402.1,False
891f2a60d27ffff,4546.2,False
891f2a60d2bffff,4088.9,False
891f2a60d2fffff,4230.3,False
891f2a60d33ffff,4581.5,False
891f2a60d37ffff,4716.0,False
891f2a60d3bffff,4269.6,False
891f2a60d43ffff,3529.3,False
891f2a60d47ffff,3726.3,False
891f2a60d4bffff,3209.8,False
891f2a60d4fffff,3406.9,False
891f2a60d53ffff,3663.4,False
891f2a60d57ffff,3848.7,False
891f2a60d5bffff,3344.3,False
891f2a60d63ffff,3647.4,False
891f2a60d67ffff,3775.8,False
891f2a60d6bffff,3337.5,False
891f2a60d6fffff,3463.2,False
891f2a60d73ffff,3838.9,False
891f2a60d77ffff,3957.9,False
891f2a60d7bffff,3531.5,False
891f2a60d83ffff,4939.8,False
891f2a60d87ffff,5126.4,False
891f2a60d8bffff,4620.7,False
891f2a60d8fffff,4807.0,False
891f2a60d93ffff,5071.9,False
891f2a60d97ffff,5258.9,False
891f2a60d9bffff,4752.6,False
891f2a60da3ffff,5076.8,False
891f2a60da7ffff,5206.6,False
891f2a60dabffff,4766.6,False
891f2a60dafffff,4894.0,False
891f2a60db3ffff,5266.6,False
891f2a60db7ffff,5388.1,False
891f2a60dbbffff,4957.9,False
891f2a60dc3ffff,4114.0,False
891f2a60dc7ffff,4301.6,False
891f2a60dcbffff,3794.8,False
891f2a60dcfffff,3982.4,False
891f2a60dd3ffff,4250.5,False
891f2a60dd7ffff,4433.3,False
891f2a60ddbffff,3931.6,False
891f2a60e03ffff,946.5,False
891f2a60e07ffff,1073.7,False
891f2a60e0bffff,638.4,False
891f2a60e0fffff,760.6,False
891f2a60e13ffff,1143.0,False
891f2a60e17ffff,1256.3,False
891f2a60e1bffff,835.7,False
891f2a60e23ffff,1063.7,False
891f2a60e27ffff,1240.1,False
891f2a60e2bffff,745.3,False
891f2a60e2fffff,920.8,False
891f2a60e33ffff,1220.3,False
891f2a60e37ffff,1382.1,False
891f2a60e3bffff,904.2,False
891f2a60e43ffff,229.1,False
891f2a60e47ffff,331.1,False
891f2a60e4bffff,0.0,True
891f2a60e4fffff,23.8,True
891f2a60e53ffff,447.2,False
891f2a60e57ffff,531.5,False
891f2a60e5bffff,152.8,True
891f2a60e63ffff,272.8,False
891f2a60e67ffff,427.3,False
891f2a60e6bffff,0.0,True
891f2a60e6fffff,109.4,True
891f2a60e73ffff,447.4,False
891f2a60e77ffff,588.4,False
891f2a60e7bffff,136.7,True
891f2a60e83ffff,1648.1,False
891f2a60e87ffff,1757.5,False
891f2a60e8bffff,1345.2,False
891f2a60e8fffff,1450.2,False
891f2a60e93ffff,1856.7,False
891f2a60e97ffff,1954.7,False
891f2a60e9bffff,1557.8,False
891f2a60ea3ffff,1703.3,False
891f2a60ea7ffff,1853.8,False
891f2a60eabffff,1388.0,False
891f2a60eafffff,1537.0,False
891f2a60eb3ffff,1878.6,False
891f2a60eb7ffff,2018.5,False
891f2a60ebbffff,1566.2,False
891f2a60ec3ffff,964.9,False
891f2a60ec7ffff,1042.9,False
891f2a60ecbffff,673.3,False
891f2a60ecfffff,744.1,False
891f2a60ed3ffff,1194.4,False
891f2a60ed7ffff,1260.4,False
891f2a60edbffff,909.0,False
891f2a61127ffff,0.0,True
891f2a61137ffff,0.0,True
891f2a611a3ffff,0.0,True
891f2a611a7ffff,0.0,True
891f2a611afffff,0.0,True
891f2a611b3ffff,0.0,True
891f2a611b7ffff,0.0,True
891f2a61507ffff,0.0,True
891f2a61517ffff,0.0,True
891f2a61523ffff,0.0,True
891f2a61527ffff,0.0,True
891f2a61533ffff,0.0,True
891f2a61537ffff,0.0,True
891f2a6153bffff,0.0,True
891f2a61583ffff,0.0,True
891f2a61587ffff,0.0,True
891f2a6158bffff,178.8,False
891f2a6158fffff,0.0,True
891f2a61593ffff,0.0,True
891f2a61597ffff,0.0,True
891f2a6159bffff,140.5,True
891f2a615a3ffff,0.0,True
891f2a615a7ffff,0.0,True
891f2a615abffff,0.0,True
891f2a615afffff,0.0,True
891f2a615b3ffff,0.0,True
891f2a615b7ffff,0.0,True
891f2a615bbffff,0.0,True
891f2a615d7ffff,352.8,False
891f2a61803ffff,0.0,True
891f2a61807ffff,0.0,True
891f2a61813ffff,0.0,True
891f2a61817ffff,0.0,True
891f2a6181bffff,0.0,True
891f2a61833ffff,0.0,True
891f2a61837ffff,0.0,True
891f2a61883ffff,0.0,True
891f2a61887ffff,0.0,True
891f2a6188bffff,0.0,True
891f2a6188fffff,0.0,True
891f2a61893ffff,0.0,True
891f2a61897ffff,0.0,True
891f2a6189bffff,0.0,True
891f2a618a3ffff,0.0,True
891f2a618a7ffff,0.0,True
891f2a618abffff,0.0,True
891f2a618afffff,0.0,True
891f2a618b3ffff,0.0,True
891f2a618b7ffff,0.0,True
891f2a618bbffff,0.0,True
891f2a618c7ffff,0.0,True
891f2a618d3ffff,0.0,True
891f2a618d7ffff,0.0,True
891f2a61903ffff,0.0,True
891f2a61907ffff,0.0,True
891f2a6190bffff,0.0,True
891f2a6190fffff,0.0,True
891f2a61913ffff,0.0,True
891f2a61917ffff,0.0,True
891f2a6191bffff,0.0,True
891f2a61923ffff,0.0,True
891f2a61927ffff,0.0,True
891f2a6192bffff,0.0,True
891f2a6192fffff,0.0,True
891f2a61933ffff,0.0,True
891f2a61937ffff,0.0,True
891f2a6193bffff,0.0,True
891f2a61947ffff,0.0,True
891f2a61953ffff,0.0,True
891f2a61957ffff,0.0,True
891f2a61963ffff,0.0,True
891f2a61967ffff,0.0,True
891f2a6196bffff,0.0,True
891f2a6196fffff,0.0,True
891f2a61973ffff,0.0,True
891f2a61977ffff,0.0,True
891f2a6197bffff,0.0,True
891f2a61983ffff,0.0,True
891f2a61987ffff,0.0,True
891f2a6198bffff,0.0,True
891f2a6198fffff,0.0,True
891f2a61993ffff,0.0,True
891f2a61997ffff,0.0,True
891f2a6199bffff,0.0,True
891f2a619a3ffff,0.0,True
891f2a619a7ffff,0.0,True
891f2a619abffff,0.0,True
891f2a619afffff,0.0,True
891f2a619b3ffff,0.0,True
891f2a619b7ffff,0.0,True
891f2a619bbffff,0.0,True
891f2a619c3ffff,0.0,True
891f2a619c7ffff,0.0,True
891f2a619cbffff,0.0,True
891f2a619cfffff,0.0,True
891f2a619d3ffff,0.0,True
891f2a619d7ffff,0.0,True
891f2a619dbffff,0.0,True
891f2a61c03ffff,0.0,True
891f2a61c07ffff,0.0,True
891f2a61c0bffff,0.0,True
891f2a61c0fffff,0.0,True
891f2a61c13ffff,0.0,True
891f2a61c17ffff,0.0,True
891f2a61c1bffff,0.0,True
891f2a61c23ffff,0.0,True
891f2a61c27ffff,0.0,True
891f2a61c2bffff,0.0,True
891f2a61c2fffff,0.0,True
891f2a61c33ffff,0.0,True
891f2a61c37ffff,0.0,True
891f2a61c3bffff,0.0,True
891f2a61c43ffff,0.0,True
891f2a61c47ffff,0.0,True
891f2a61c4fffff,0.0,True
891f2a61c53ffff,0.0,True
891f2a61c57ffff,0.0,True
891f2a61c5bffff,0.0,True
891f2a61c63ffff,0.0,True
891f2a61c67ffff,0.0,True
891f2a61c6bffff,0.0,True
891f2a61c6fffff,0.0,True
891f2a61c73ffff,0.0,True
891f2a61c77ffff,0.0,True
891f2a61c7bffff,0.0,True
891f2a61c83ffff,0.0,True
891f2a61c87ffff,0.0,True
891f2a61c8bffff,0.0,True
891f2a61c8fffff,0.0,True
891f2a61c93ffff,0.0,True
891f2a61c97ffff,0.0,True
891f2a61c9bffff,0.0,True
891f2a61ca3ffff,0.0,True
891f2a61ca7ffff,0.0,True
891f2a61cabffff,0.0,True
891f2a61cafffff,0.0,True
891f2a61cb3ffff,0.0,True
891f2a61cb7ffff,0.0,True
891f2a61cbbffff,0.0,True
891f2a61cc3ffff,0.0,True
891f2a61cc7ffff,0.0,True
891f2a61ccbffff,0.0,True
891f2a61ccfffff,0.0,True
891f2a61cd3ffff,0.0,True
891f2a61cd7ffff,0.0,True
891f2a61cdbffff,0.0,True
891f2a61d03ffff,0.0,True
891f2a61d07ffff,0.0,True
891f2a61d0bffff,0.0,True
891f2a61d0fffff,0.0,True
891f2a61d13ffff,0.0,True
891f2a61d17ffff,0.0,True
891f2a61d1bffff,0.0,True
891f2a61d23ffff,0.0,True
891f2a61d27ffff,0.0,True
891f2a61d2bffff,0.0,True
891f2a61d2fffff,0.0,True
891f2a61d33ffff,0.0,True
891f2a61d37ffff,0.0,True
891f2a61d3bffff,0.0,True
891f2a61d43ffff,0.0,True
891f2a61d47ffff,0.0,True
891f2a61d4bffff,0.0,True
891f2a61d4fffff,0.0,True
891f2a61d53ffff,0.0,True
891f2a61d57ffff,0.0,True
891f2a61d5bffff,0.0,True
891f2a61d63ffff,0.0,True
891f2a61d67ffff,0.0,True
891f2a61d6bffff,0.0,True
891f2a61d6fffff,0.0,True
891f2a61d73ffff,0.0,True
891f2a61d77ffff,0.0,True
891f2a61d7bffff,0.0,True
891f2a61d83ffff,0.0,True
891f2a61d87ffff,0.0,True
891f2a61d8bffff,0.0,True
891f2a61d8fffff,0.0,True
891f2a61d93ffff,0.0,True
891f2a61d97ffff,0.0,True
891f2a61d9bffff,0.0,True
891f2a61da3ffff,0.0,True
891f2a61da7ffff,0.0,True
891f2a61dabffff,0.0,True
891f2a61dafffff,0.0,True
891f2a61db3ffff,0.0,True
891f2a61db7ffff,0.0,True
891f2a61dbbffff,0.0,True
891f2a61dc3ffff,0.0,True
891f2a61dc7ffff,0.0,True
891f2a61dcbffff,0.0,True
891f2a61dcfffff,0.0,True
891f2a61dd3ffff,0.0,True
891f2a61dd7ffff,0.0,True
891f2a61ddbffff,0.0,True
891f2a62003ffff,0.0,True
891f2a62007ffff,0.0,True
891f2a6200bffff,0.0,True
891f2a6200fffff,0.0,True
891f2a62013ffff,0.0,True
891f2a62017ffff,0.0,True
891f2a6201bffff,0.0,True
891f2a62023ffff,0.0,True
891f2a62027ffff,113.9,True
891f2a6202bffff,0.0,True
891f2a6202fffff,0.0,True
891f2a62033ffff,0.0,True
891f2a62037ffff,0.0,True
891f2a6203bffff,0.0,True
891f2a62043ffff,0.0,True
891f2a62047ffff,0.0,True
891f2a6204bffff,0.0,True
891f2a6204fffff,0.0,True
891f2a62053ffff,0.0,True
891f2a62057ffff,0.0,True
891f2a6205bffff,0.0,True
891f2a62063ffff,0.0,True
891f2a62067ffff,0.0,True
891f2a6206bffff,0.0,True
891f2a6206fffff,0.0,True
891f2a62073ffff,0.0,True
891f2a62077ffff,0.0,True
891f2a6207bffff,0.0,True
891f2a62083ffff,0.0,True
891f2a62087ffff,0.0,True
891f2a6208bffff,0.0,True
891f2a6208fffff,0.0,True
891f2a62093ffff,0.0,True
891f2a62097ffff,0.0,True
891f2a6209bffff,0.0,True
891f2a620a3ffff,0.0,True
891f2a620a7ffff,0.0,True
891f2a620abffff,0.0,True
891f2a620afffff,0.0,True
891f2a620b3ffff,0.0,True
891f2a620b7ffff,0.0,True
891f2a620bbffff,0.0,True
891f2a620c3ffff,0.0,True
891f2a620c7ffff,0.0,True
891f2a620cbffff,0.0,True
891f2a620cfffff,0.0,True
891f2a620d3ffff,0.0,True
891f2a620d7ffff,0.0,True
891f2a620dbffff,0.0,True
891f2a62103ffff,1323.6,False
891f2a62107ffff,1658.7,False
891f2a6210bffff,1127.9,False
891f2a6210fffff,1466.0,False
891f2a62113ffff,1137.5,False
891f2a62117ffff,1474.9,False
891f2a6211bffff,988.5,False
891f2a62123ffff,2142.8,False
891f2a62127ffff,2481.3,False
891f2a6212bffff,1954.8,False
891f2a6212fffff,2293.5,False
891f2a62133ffff,1994.4,False
891f2a62137ffff,2330.8,False
891f2a6213bffff,1804.4,False
891f2a62143ffff,599.8,False
891f2a62147ffff,938.6,False
891f2a6214bffff,418.6,False
891f2a6214fffff,757.4,False
891f2a62153ffff,451.9,False
891f2a62157ffff,789.9,False
891f2a6215bffff,261.1,False
891f2a62163ffff,1434.9,False
891f2a62167ffff,1773.6,False
891f2a6216bffff,1256.9,False
891f2a6216fffff,1595.2,False
891f2a62173ffff,1277.3,False
891f2a62177ffff,1616.1,False
891f2a6217bffff,1096.1,False
891f2a62183ffff,1132.9,False
891f2a62187ffff,1461.2,False
891f2a6218bffff,966.6,False
891f2a6218fffff,1305.1,False
891f2a62193ffff,920.1,False
891f2a62197ffff,1252.0,False
891f2a6219bffff,806.8,False
891f2a621a3ffff,1982.3,False
891f2a621a7ffff,2320.9,False
891f2a621abffff,1812.4,False
891f2a621afffff,2150.2,False
891f2a621b3ffff,1790.4,False
891f2a621b7ffff,2121.3,False
891f2a621bbffff,1643.7,False
891f2a621c3ffff,463.2,False
891f2a621c7ffff,800.1,False
891f2a621cbffff,317.3,False
891f2a621cfffff,654.5,False
891f2a621d3ffff,289.4,False
891f2a621d7ffff,628.0,False
891f2a621dbffff,126.7,True
891f2a62203ffff,0.0,True
891f2a62207ffff,0.0,True
891f2a6220bffff,0.0,True
891f2a6220fffff,0.0,True
891f2a62213ffff,0.0,True
891f2a62217ffff,0.0,True
891f2a6221bffff,0.0,True
891f2a62223ffff,0.0,True
891f2a62227ffff,0.0,True
891f2a6222bffff,0.0,True
891f2a6222fffff,0.0,True
891f2a62233ffff,0.0,True
891f2a62237ffff,0.0,True
891f2a6223bffff,0.0,True
891f2a62243ffff,0.0,True
891f2a62247ffff,0.0,True
891f2a6224bffff,0.0,True
891f2a6224fffff,0.0,True
891f2a62253ffff,0.0,True
891f2a62257ffff,0.0,True
891f2a6225bffff,0.0,True
891f2a62263ffff,0.0,True
891f2a62267ffff,0.0,True
891f2a6226bffff,0.0,True
891f2a6226fffff,0.0,True
891f2a62273ffff,0.0,True
891f2a62277ffff,0.0,True
891f2a6227bffff,0.0,True
891f2a62283ffff,0.0,True
891f2a62287ffff,0.0,True
891f2a6228bffff,0.0,True
891f2a6228fffff,0.0,True
891f2a62293ffff,0.0,True
891f2a62297ffff,0.0,True
891f2a6229bffff,0.0,True
891f2a622a3ffff,0.0,True
891f2a622a7ffff,0.0,True
891f2a622abffff,0.0,True
891f2a622afffff,0.0,True
891f2a622b3ffff,0.0,True
891f2a622b7ffff,0.0,True
891f2a622bbffff,0.0,True
891f2a622c3ffff,0.0,True
891f2a622c7ffff,0.0,True
891f2a622cfffff,0.0,True
891f2a622d7ffff,0.0,True
891f2a62303ffff,65.1,True
891f2a62307ffff,400.0,False
891f2a6230bffff,0.0,True
891f2a6230fffff,259.6,False
891f2a62313ffff,0.0,True
891f2a62317ffff,218.9,False
891f2a6231bffff,0.0,True
891f2a62323ffff,928.9,False
891f2a62327ffff,1263.8,False
891f2a6232bffff,788.4,False
891f2a6232fffff,1123.8,False
891f2a62333ffff,735.2,False
891f2a62337ffff,1071.8,False
891f2a6233bffff,594.3,False
891f2a62343ffff,0.0,True
891f2a62347ffff,0.0,True
891f2a6234bffff,0.0,True
891f2a6234fffff,0.0,True
891f2a62353ffff,0.0,True
891f2a62357ffff,0.0,True
891f2a6235bffff,0.0,True
891f2a62363ffff,319.4,False
891f2a62367ffff,651.8,False
891f2a6236bffff,206.8,False
891f2a6236fffff,535.1,False
891f2a62373ffff,116.8,True
891f2a62377ffff,452.6,False
891f2a6237bffff,0.0,True
891f2a62383ffff,0.0,True
891f2a62387ffff,242.0,False
891f2a6238bffff,0.0,True
891f2a6238fffff,58.6,True
891f2a62393ffff,0.0,True
891f2a62397ffff,79.9,True
891f2a6239bffff,0.0,True
891f2a623a3ffff,736.0,False
891f2a623a7ffff,1074.8,False
891f2a623abffff,557.4,False
891f2a623afffff,895.8,False
891f2a623b3ffff,580.3,False
891f2a623b7ffff,918.6,False
891f2a623bbffff,397.3,False
891f2a623c3ffff,0.0,True
891f2a623c7ffff,0.0,True
891f2a623cbffff,0.0,True
891f2a623cfffff,0.0,True
891f2a623d3ffff,0.0,True
891f2a623d7ffff,0.0,True
891f2a623dbffff,0.0,True
891f2a62403ffff,0.0,True
891f2a62407ffff,0.0,True
891f2a6240bffff,0.0,True
891f2a6240fffff,0.0,True
891f2a62413ffff,0.0,True
891f2a62417ffff,0.0,True
891f2a6241bffff,0.0,True
891f2a62423ffff,0.0,True
891f2a62427ffff,0.0,True
891f2a6242bffff,0.0,True
891f2a6242fffff,0.0,True
891f2a62433ffff,0.0,True
891f2a62437ffff,0.0,True
891f2a6243bffff,0.0,True
891f2a62443ffff,0.0,True
891f2a62447ffff,0.0,True
891f2a6244bffff,0.0,True
891f2a6244fffff,0.0,True
891f2a62453ffff,0.0,True
891f2a62457ffff,0.0,True
891f2a62463ffff,0.0,True
891f2a62467ffff,0.0,True
891f2a6246bffff,0.0,True
891f2a6246fffff,0.0,True
891f2a62473ffff,0.0,True
891f2a62477ffff,0.0,True
891f2a6247bffff,0.0,True
891f2a62483ffff,0.0,True
891f2a62487ffff,0.0,True
891f2a6248bffff,0.0,True
891f2a6248fffff,0.0,True
891f2a62493ffff,0.0,True
891f2a62497ffff,0.0,True
891f2a6249bffff,0.0,True
891f2a624a3ffff,0.0,True
891f2a624a7ffff,0.0,True
891f2a624abffff,0.0,True
891f2a624afffff,0.0,True
891f2a624b3ffff,0.0,True
891f2a624b7ffff,0.0,True
891f2a624bbffff,0.0,True
891f2a624c7ffff,0.0,True
891f2a624cfffff,0.0,True
891f2a624d7ffff,0.0,True
891f2a62503ffff,21.3,True
891f2a62507ffff,359.9,False
891f2a6250bffff,0.0,True
891f2a6250fffff,194.8,False
891f2a62513ffff,0.0,True
891f2a62517ffff,194.0,False
891f2a6251bffff,0.0,True
891f2a62523ffff,868.6,False
891f2a62527ffff,1206.2,False
891f2a6252bffff,719.8,False
891f2a6252fffff,1054.8,False
891f2a62533ffff,698.4,False
891f2a62537ffff,1037.0,False
891f2a6253bffff,531.4,False
891f2a62543ffff,0.0,True
891f2a62547ffff,0.0,True
891f2a6254bffff,0.0,True
891f2a6254fffff,0.0,True
891f2a62553ffff,0.0,True
891f2a62557ffff,0.0,True
891f2a6255bffff,0.0,True
891f2a62563ffff,260.4,False
891f2a62567ffff,589.2,False
891f2a6256bffff,131.2,True
891f2a6256fffff,469.9,False
891f2a62573ffff,51.6,True
891f2a62577ffff,385.3,False
891f2a6257bffff,0.0,True
891f2a62583ffff,0.0,True
891f2a62587ffff,223.8,False
891f2a6258bffff,0.0,True
891f2a6258fffff,39.6,True
891f2a62593ffff,0.0,True
891f2a62597ffff,78.3,True
891f2a6259bffff,0.0,True
891f2a625a3ffff,716.9,False
891f2a625a7ffff,1055.5,False
891f2a625abffff,532.6,False
891f2a625afffff,871.2,False
891f2a625b3ffff,562.2,False
891f2a625b7ffff,900.7,False
891f2a625bbffff,378.2,False
891f2a625c3ffff,0.0,True
891f2a625c7ffff,0.0,True
891f2a625cbffff,0.0,True
891f2a625cfffff,0.0,True
891f2a625d3ffff,0.0,True
891f2a625d7ffff,0.0,True
891f2a625dbffff,0.0,True
891f2a62607ffff,0.0,True
891f2a62623ffff,0.0,True
891f2a62627ffff,0.0,True
891f2a6262bffff,0.0,True
891f2a6262fffff,0.0,True
891f2a62633ffff,0.0,True
891f2a62637ffff,0.0,True
891f2a6263bffff,0.0,True
891f2a62667ffff,0.0,True
891f2a6266fffff,0.0,True
891f2a62677ffff,0.0,True
891f2a626a3ffff,0.0,True
891f2a626a7ffff,0.0,True
891f2a626abffff,0.0,True
891f2a626afffff,0.0,True
891f2a626b3ffff,0.0,True
891f2a626b7ffff,0.0,True
891f2a626bbffff,0.0,True
891f2a62803ffff,4786.9,False
891f2a62807ffff,5125.2,False
891f2a6280bffff,4624.7,False
891f2a6280fffff,4962.0,False
891f2a62813ffff,4620.1,False
891f2a62817ffff,4958.8,False
891f2a6281bffff,4448.7,False
891f2a62823ffff,5637.1,False
891f2a62827ffff,5974.9,False
891f2a6282bffff,5481.1,False
891f2a6282fffff,5817.9,False
891f2a62833ffff,5463.5,False
891f2a62837ffff,5802.0,False
891f2a6283bffff,5299.5,False
891f2a62843ffff,4137.1,False
891f2a62847ffff,4472.5,False
891f2a6284bffff,3996.5,False
891f2a6284fffff,4331.2,False
891f2a62853ffff,3950.1,False
891f2a62857ffff,4287.3,False
891f2a6285bffff,3802.1,False
891f2a62863ffff,5001.1,False
891f2a62867ffff,5336.0,False
891f2a6286bffff,4861.0,False
891f2a6286fffff,5195.8,False
891f2a62873ffff,4808.3,False
891f2a62877ffff,5144.6,False
891f2a6287bffff,4666.1,False
891f2a62883ffff,4642.4,False
891f2a62887ffff,4981.1,False
891f2a6288bffff,4462.2,False
891f2a6288fffff,4801.0,False
891f2a62893ffff,4483.7,False
891f2a62897ffff,4822.5,False
891f2a6289bffff,4303.8,False
891f2a628a3ffff,5478.5,False
891f2a628a7ffff,5817.3,False
891f2a628abffff,5297.6,False
891f2a628afffff,5636.3,False
891f2a628b3ffff,5319.8,False
891f2a628b7ffff,5658.5,False
891f2a628bbffff,5139.8,False
891f2a628c3ffff,3942.7,False
891f2a628c7ffff,4281.4,False
891f2a628cbffff,3772.6,False
891f2a628cfffff,4110.6,False
891f2a628d3ffff,3784.7,False
891f2a628d7ffff,4123.5,False
891f2a628dbffff,3604.1,False
891f2a62903ffff,6136.6,False
891f2a62907ffff,5948.8,False
891f2a6290bffff,6455.9,False
891f2a6290fffff,6267.9,False
891f2a62913ffff,6010.3,False
891f2a62917ffff,5817.4,False
891f2a6291bffff,6329.6,False
891f2a62923ffff,5913.0,False
891f2a62927ffff,5745.8,False
891f2a6292bffff,6230.9,False
891f2a6292fffff,6063.5,False
891f2a62933ffff,5767.3,False
891f2a62937ffff,5595.0,False
891f2a6293bffff,6086.0,False
891f2a62943ffff,6491.7,False
891f2a62947ffff,6775.2,False
891f2a6294bffff,6341.4,False
891f2a6294fffff,6609.6,False
891f2a62953ffff,6312.7,False
891f2a62957ffff,6648.9,False
891f2a6295bffff,6154.7,False
891f2a62963ffff,6723.5,False
891f2a62967ffff,6549.0,False
891f2a6296bffff,6624.6,False
891f2a6296fffff,6802.8,False
891f2a62973ffff,6587.1,False
891f2a62977ffff,6404.7,False
891f2a6297bffff,6772.3,False
891f2a62983ffff,5572.9,False
891f2a62987ffff,5371.8,False
891f2a6298bffff,5891.9,False
891f2a6298fffff,5691.1,False
891f2a62993ffff,5463.7,False
891f2a62997ffff,5253.9,False
891f2a6299bffff,5782.2,False
891f2a629a3ffff,5310.5,False
891f2a629a7ffff,5129.9,False
891f2a629abffff,5629.6,False
891f2a629afffff,5448.6,False
891f2a629b3ffff,5178.9,False
891f2a629b7ffff,4991.4,False
891f2a629bbffff,5498.1,False
891f2a629c3ffff,6313.8,False
891f2a629c7ffff,6210.8,False
891f2a629cbffff,6140.4,False
891f2a629cfffff,6478.9,False
891f2a629d3ffff,6156.1,False
891f2a629d7ffff,6100.6,False
891f2a629dbffff,5975.1,False
891f2a62a03ffff,3810.0,False
891f2a62a07ffff,4138.5,False
891f2a62a0bffff,3701.1,False
891f2a62a0fffff,4027.6,False
891f2a62a13ffff,3594.4,False
891f2a62a17ffff,3924.2,False
891f2a62a1bffff,3481.7,False
891f2a62a23ffff,4499.4,False
891f2a62a27ffff,4613.9,False
891f2a62a2bffff,4192.3,False
891f2a62a2fffff,4304.3,False
891f2a62a33ffff,4467.1,False
891f2a62a37ffff,4795.9,False
891f2a62a3bffff,4354.6,False
891f2a62a43ffff,3282.4,False
891f2a62a47ffff,3603.0,False
891f2a62a4bffff,3050.6,False
891f2a62a4fffff,3328.9,False
891f2a62a53ffff,3052.2,False
891f2a62a57ffff,3375.8,False
891f2a62a5bffff,2963.1,False
891f2a62a63ffff,3785.8,False
891f2a62a67ffff,3885.1,False
891f2a62a6bffff,3484.0,False
891f2a62a6fffff,3578.7,False
891f2a62a73ffff,3908.5,False
891f2a62a77ffff,4088.1,False
891f2a62a7bffff,3612.4,False
891f2a62a83ffff,3519.0,False
891f2a62a87ffff,3854.2,False
891f2a62a8bffff,3386.6,False
891f2a62a8fffff,3719.4,False
891f2a62a93ffff,3327.1,False
891f2a62a97ffff,3661.8,False
891f2a62a9bffff,3184.5,False
891f2a62aa3ffff,4385.1,False
891f2a62aa7ffff,4718.7,False
891f2a62aabffff,4255.4,False
891f2a62aafffff,4587.8,False
891f2a62ab3ffff,4189.9,False
891f2a62ab7ffff,4525.8,False
891f2a62abbffff,4052.2,False
891f2a62ac3ffff,2937.2,False
891f2a62ac7ffff,3265.8,False
891f2a62acbffff,2827.4,False
891f2a62acfffff,3153.9,False
891f2a62ad3ffff,2722.5,False
891f2a62ad7ffff,3053.9,False
891f2a62adbffff,2608.8,False
891f2a62b03ffff,5342.9,False
891f2a62b07ffff,5501.2,False
891f2a62b0bffff,5026.5,False
891f2a62b0fffff,5183.6,False
891f2a62b13ffff,5508.8,False
891f2a62b17ffff,5659.4,False
891f2a62b1bffff,5193.7,False
891f2a62b23ffff,5526.5,False
891f2a62b27ffff,5710.4,False
891f2a62b2bffff,5207.5,False
891f2a62b2fffff,5391.1,False
891f2a62b33ffff,5669.0,False
891f2a62b37ffff,5845.6,False
891f2a62b3bffff,5350.7,False
891f2a62b43ffff,4563.6,False
891f2a62b47ffff,4710.6,False
891f2a62b4bffff,4249.2,False
891f2a62b4fffff,4395.0,False
891f2a62b53ffff,4740.1,False
891f2a62b57ffff,4878.6,False
891f2a62b5bffff,4427.3,False
891f2a62b63ffff,4714.1,False
891f2a62b67ffff,4888.4,False
891f2a62b6bffff,4395.8,False
891f2a62b6fffff,4569.5,False
891f2a62b73ffff,4866.2,False
891f2a62b77ffff,5032.4,False
891f2a62b7bffff,4549.1,False
891f2a62b83ffff,5865.3,False
891f2a62b87ffff,6139.7,False
891f2a62b8bffff,5679.6,False
891f2a62b8fffff,5824.2,False
891f2a62b93ffff,5670.9,False
891f2a62b97ffff,6006.0,False
891f2a62b9bffff,5530.6,False
891f2a62ba3ffff,6136.6,False
891f2a62ba7ffff,6306.0,False
891f2a62babffff,5818.9,False
891f2a62bafffff,5987.5,False
891f2a62bb3ffff,6292.6,False
891f2a62bb7ffff,6454.4,False
891f2a62bbbffff,5975.9,False
891f2a62bc3ffff,5233.9,False
891f2a62bc7ffff,5366.1,False
891f2a62bcbffff,4923.5,False
891f2a62bcfffff,5053.1,False
891f2a62bd3ffff,5053.0,False
891f2a62bd7ffff,5387.8,False
891f2a62bdbffff,4920.6,False
891f2a62c03ffff,3678.1,False
891f2a62c07ffff,4015.5,False
891f2a62c0bffff,3496.6,False
891f2a62c0fffff,3835.1,False
891f2a62c13ffff,3502.6,False
891f2a62c17ffff,3840.7,False
891f2a62c1bffff,3340.8,False
891f2a62c23ffff,4512.3,False
891f2a62c27ffff,4850.9,False
891f2a62c2bffff,4326.1,False
891f2a62c2fffff,4664.9,False
891f2a62c33ffff,4353.0,False
891f2a62c37ffff,4690.4,False
891f2a62c3bffff,4173.7,False
891f2a62c43ffff,2971.1,False
891f2a62c47ffff,3309.8,False
891f2a62c4bffff,2789.9,False
891f2a62c4fffff,3128.7,False
891f2a62c53ffff,2819.7,False
891f2a62c57ffff,3158.1,False
891f2a62c5bffff,2632.3,False
891f2a62c63ffff,3806.2,False
891f2a62c67ffff,4145.0,False
891f2a62c6bffff,3626.4,False
891f2a62c6fffff,3965.1,False
891f2a62c73ffff,3648.6,False
891f2a62c77ffff,3987.3,False
891f2a62c7bffff,3467.4,False
891f2a62c83ffff,3452.1,False
891f2a62c87ffff,3786.5,False
891f2a62c8bffff,3322.5,False
891f2a62c8fffff,3653.7,False
891f2a62c93ffff,3258.1,False
891f2a62c97ffff,3593.5,False
891f2a62c9bffff,3118.4,False
891f2a62ca3ffff,4319.0,False
891f2a62ca7ffff,4652.0,False
891f2a62cabffff,4178.9,False
891f2a62cafffff,4517.2,False
891f2a62cb3ffff,4121.1,False
891f2a62cb7ffff,4456.0,False
891f2a62cbbffff,3986.0,False
891f2a62cc3ffff,2826.4,False
891f2a62cc7ffff,3164.5,False
891f2a62ccbffff,2667.3,False
891f2a62ccfffff,3003.9,False
891f2a62cd3ffff,2659.4,False
891f2a62cd7ffff,2991.6,False
891f2a62cdbffff,2488.3,False
891f2a62d03ffff,5339.2,False
891f2a62d07ffff,5172.5,False
891f2a62d0bffff,5656.3,False
891f2a62d0fffff,5489.9,False
891f2a62d13ffff,5184.8,False
891f2a62d17ffff,5021.2,False
891f2a62d1bffff,5502.7,False
891f2a62d23ffff,5046.3,False
891f2a62d27ffff,4827.0,False
891f2a62d2bffff,5363.6,False
891f2a62d2fffff,5145.3,False
891f2a62d33ffff,4956.6,False
891f2a62d37ffff,4729.0,False
891f2a62d3bffff,5272.8,False
891f2a62d43ffff,5342.5,False
891f2a62d47ffff,5681.2,False
891f2a62d4bffff,5161.3,False
891f2a62d4fffff,5500.1,False
891f2a62d53ffff,5189.6,False
891f2a62d57ffff,5528.2,False
891f2a62d5bffff,5003.7,False
891f2a62d63ffff,5905.5,False
891f2a62d67ffff,5681.1,False
891f2a62d6bffff,5997.3,False
891f2a62d6fffff,5998.8,False
891f2a62d73ffff,5807.4,False
891f2a62d77ffff,5589.1,False
891f2a62d7bffff,5838.9,False
891f2a62d83ffff,4720.0,False
891f2a62d87ffff,4549.3,False
891f2a62d8bffff,5038.6,False
891f2a62d8fffff,4867.0,False
891f2a62d93ffff,4580.1,False
891f2a62d97ffff,4401.3,False
891f2a62d9bffff,4895.9,False
891f2a62da3ffff,4538.6,False
891f2a62da7ffff,4325.6,False
891f2a62dabffff,4855.5,False
891f2a62dafffff,4640.9,False
891f2a62db3ffff,4384.9,False
891f2a62db7ffff,4221.8,False
891f2a62dbbffff,4703.0,False
891f2a62dc3ffff,5186.9,False
891f2a62dc7ffff,5357.3,False
891f2a62dcbffff,5028.0,False
891f2a62dcfffff,5365.7,False
891f2a62dd3ffff,4985.8,False
891f2a62dd7ffff,5212.0,False
891f2a62ddbffff,4855.0,False
891f2a62e03ffff,2420.8,False
891f2a62e07ffff,2758.6,False
891f2a62e0bffff,2268.4,False
891f2a62e0fffff,2603.7,False
891f2a62e13ffff,2249.8,False
891f2a62e17ffff,2588.3,False
891f2a62e1bffff,2083.4,False
891f2a62e23ffff,3276.4,False
891f2a62e27ffff,3613.1,False
891f2a62e2bffff,3132.3,False
891f2a62e2fffff,3467.2,False
891f2a62e33ffff,3096.6,False
891f2a62e37ffff,3434.6,False
891f2a62e3bffff,2939.8,False
891f2a62e43ffff,1793.3,False
891f2a62e47ffff,2128.0,False
891f2a62e4bffff,1650.5,False
891f2a62e4fffff,1985.4,False
891f2a62e53ffff,1598.7,False
891f2a62e57ffff,1933.5,False
891f2a62e5bffff,1458.5,False
891f2a62e63ffff,2657.0,False
891f2a62e67ffff,2992.3,False
891f2a62e6bffff,2518.3,False
891f2a62e6fffff,2851.1,False
891f2a62e73ffff,2462.7,False
891f2a62e77ffff,2797.4,False
891f2a62e7bffff,2321.2,False
891f2a62e83ffff,2272.0,False
891f2a62e87ffff,2610.5,False
891f2a62e8bffff,2091.0,False
891f2a62e8fffff,2429.7,False
891f2a62e93ffff,2112.4,False
891f2a62e97ffff,2451.1,False
891f2a62e9bffff,1933.6,False
891f2a62ea3ffff,3107.2,False
891f2a62ea7ffff,3445.9,False
891f2a62eabffff,2926.8,False
891f2a62eafffff,3265.4,False
891f2a62eb3ffff,2949.1,False
891f2a62eb7ffff,3287.7,False
891f2a62ebbffff,2768.4,False
891f2a62ec3ffff,1572.8,False
891f2a62ec7ffff,1911.3,False
891f2a62ecbffff,1408.8,False
891f2a62ecfffff,1746.1,False
891f2a62ed3ffff,1413.5,False
891f2a62ed7ffff,1752.2,False
891f2a62edbffff,1234.3,False
891f2a63103ffff,0.0,True
891f2a63107ffff,0.0,True
891f2a6310bffff,0.0,True
891f2a6310fffff,0.0,True
891f2a63113ffff,0.0,True
891f2a63117ffff,0.0,True
891f2a63123ffff,0.0,True
891f2a63127ffff,0.0,True
891f2a6312bffff,0.0,True
891f2a6312fffff,0.0,True
891f2a63133ffff,0.0,True
891f2a63137ffff,0.0,True
891f2a6313bffff,0.0,True
891f2a6314fffff,0.0,True
891f2a63163ffff,0.0,True
891f2a63167ffff,0.0,True
891f2a6316bffff,0.0,True
891f2a6316fffff,0.0,True
891f2a63173ffff,0.0,True
891f2a63177ffff,0.0,True
891f2a6317bffff,0.0,True
891f2a63183ffff,0.0,True
891f2a63187ffff,0.0,True
891f2a6318fffff,0.0,True
891f2a63197ffff,0.0,True
891f2a631a3ffff,0.0,True
891f2a631a7ffff,0.0,True
891f2a631abffff,0.0,True
891f2a631afffff,0.0,True
891f2a631b3ffff,0.0,True
891f2a631b7ffff,0.0,True
891f2a631bbffff,0.0,True
891f2a63303ffff,0.0,True
891f2a63307ffff,0.0,True
891f2a6330bffff,0.0,True
891f2a6330fffff,0.0,True
891f2a63313ffff,0.0,True
891f2a63317ffff,0.0,True
891f2a63323ffff,0.0,True
891f2a63327ffff,0.0,True
891f2a6332bffff,0.0,True
891f2a6332fffff,0.0,True
891f2a63333ffff,0.0,True
891f2a63337ffff,0.0,True
891f2a6333bffff,0.0,True
891f2a63367ffff,0.0,True
891f2a6336fffff,455.9,False
891f2a63373ffff,0.0,True
891f2a63377ffff,0.0,True
891f2a6338fffff,0.0,True
891f2a633a3ffff,0.0,True
891f2a633a7ffff,0.0,True
891f2a633abffff,0.0,True
891f2a633afffff,0.0,True
891f2a633b3ffff,0.0,True
891f2a633b7ffff,0.0,True
891f2a633bbffff,0.0,True
891f2a64003ffff,2868.8,False
891f2a64007ffff,2673.8,False
891f2a6400bffff,3188.0,False
891f2a6400fffff,2992.0,False
891f2a64013ffff,2740.5,False
891f2a64017ffff,2549.7,False
891f2a6401bffff,3059.9,False
891f2a64023ffff,2587.8,False
891f2a64027ffff,2401.7,False
891f2a6402bffff,2907.2,False
891f2a6402fffff,2721.0,False
891f2a64033ffff,2464.6,False
891f2a64037ffff,2268.5,False
891f2a6403bffff,2783.8,False
891f2a64043ffff,3698.6,False
891f2a64047ffff,3507.2,False
891f2a6404bffff,4018.0,False
891f2a6404fffff,3826.5,False
891f2a64053ffff,3582.2,False
891f2a64057ffff,3379.2,False
891f2a6405bffff,3901.1,False
891f2a64063ffff,3422.4,False
891f2a64067ffff,3226.5,False
891f2a6406bffff,3741.7,False
891f2a6406fffff,3545.9,False
891f2a64073ffff,3310.5,False
891f2a64077ffff,3103.1,False
891f2a6407bffff,3629.1,False
891f2a64083ffff,2307.0,False
891f2a64087ffff,2101.8,False
891f2a6408bffff,2625.8,False
891f2a6408fffff,2421.2,False
891f2a64093ffff,2208.5,False
891f2a64097ffff,1988.4,False
891f2a6409bffff,2525.4,False
891f2a640a3ffff,2037.5,False
891f2a640a7ffff,1826.1,False
891f2a640abffff,2355.6,False
891f2a640afffff,2145.3,False
891f2a640b3ffff,1911.6,False
891f2a640b7ffff,1719.4,False
891f2a640bbffff,2230.6,False
891f2a640c3ffff,3160.4,False
891f2a640c7ffff,2944.6,False
891f2a640cbffff,3478.0,False
891f2a640cfffff,3263.4,False
891f2a640d3ffff,3071.2,False
891f2a640d7ffff,2842.7,False
891f2a640dbffff,3387.0,False
891f2a64103ffff,1490.4,False
891f2a64107ffff,1310.0,False
891f2a6410bffff,1809.7,False
891f2a6410fffff,1628.6,False
891f2a64113ffff,1367.9,False
891f2a64117ffff,1171.1,False
891f2a6411bffff,1687.0,False
891f2a64123ffff,1324.8,False
891f2a64127ffff,1196.3,False
891f2a6412bffff,1637.4,False
891f2a6412fffff,1505.9,False
891f2a64133ffff,1150.3,False
891f2a64137ffff,1011.4,False
891f2a6413bffff,1466.5,False
891f2a64143ffff,2325.4,False
891f2a64147ffff,2129.0,False
891f2a6414bffff,2644.7,False
891f2a6414fffff,2448.3,False
891f2a64153ffff,2217.8,False
891f2a64157ffff,2006.2,False
891f2a6415bffff,2536.0,False
891f2a64163ffff,2099.3,False
891f2a64167ffff,1951.0,False
891f2a6416bffff,2416.6,False
891f2a6416fffff,2265.6,False
891f2a64173ffff,1947.3,False
891f2a64177ffff,1782.8,False
891f2a6417bffff,2266.0,False
891f2a64183ffff,947.5,False
891f2a64187ffff,730.4,False
891f2a6418bffff,1265.0,False
891f2a6418fffff,1049.0,False
891f2a64193ffff,805.3,False
891f2a64197ffff,630.8,False
891f2a6419bffff,1124.5,False
891f2a641a3ffff,674.2,False
891f2a641a7ffff,520.7,False
891f2a641abffff,991.8,False
891f2a641afffff,835.3,False
891f2a641b3ffff,532.6,False
891f2a641b7ffff,356.6,False
891f2a641bbffff,851.9,False
891f2a641c3ffff,1763.1,False
891f2a641c7ffff,1582.5,False
891f2a641cbffff,2082.4,False
891f2a641cfffff,1900.0,False
891f2a641d3ffff,1630.0,False
891f2a641d7ffff,1443.8,False
891f2a641dbffff,1949.3,False
891f2a64203ffff,5103.9,False
891f2a64207ffff,4904.6,False
891f2a6420bffff,5423.3,False
891f2a6420fffff,5223.5,False
891f2a64213ffff,4976.3,False
891f2a64217ffff,4784.5,False
891f2a6421bffff,5295.7,False
891f2a64223ffff,4823.6,False
891f2a64227ffff,4637.2,False
891f2a6422bffff,5143.0,False
891f2a6422fffff,4956.7,False
891f2a64233ffff,4699.7,False
891f2a64237ffff,4504.1,False
891f2a6423bffff,5019.0,False
891f2a64243ffff,5934.6,False
891f2a64247ffff,5742.7,False
891f2a6424bffff,5838.2,False
891f2a6424fffff,5996.4,False
891f2a64253ffff,5815.7,False
891f2a64257ffff,5615.2,False
891f2a6425bffff,5982.9,False
891f2a64263ffff,5657.8,False
891f2a64267ffff,5462.5,False
891f2a6426bffff,5790.9,False
891f2a6426fffff,5496.8,False
891f2a64273ffff,5542.4,False
891f2a64277ffff,5338.4,False
891f2a6427bffff,5861.4,False
891f2a64283ffff,4539.0,False
891f2a64287ffff,4337.4,False
891f2a6428bffff,4858.1,False
891f2a6428fffff,4656.8,False
891f2a64293ffff,4432.3,False
891f2a64297ffff,4220.0,False
891f2a6429bffff,4750.6,False
891f2a642a3ffff,4266.8,False
891f2a642a7ffff,4061.0,False
891f2a642abffff,4585.7,False
891f2a642afffff,4380.4,False
891f2a642b3ffff,4145.8,False
891f2a642b7ffff,3947.9,False
891f2a642bbffff,4465.2,False
891f2a642c3ffff,5387.3,False
891f2a642c7ffff,5177.3,False
891f2a642cbffff,5705.9,False
891f2a642cfffff,5496.4,False
891f2a642d3ffff,5288.0,False
891f2a642d7ffff,5068.9,False
891f2a642dbffff,5605.7,False
891f2a64303ffff,3725.6,False
891f2a64307ffff,3540.9,False
891f2a6430bffff,4045.0,False
891f2a6430fffff,3806.2,False
891f2a64313ffff,3602.7,False
891f2a64317ffff,3406.3,False
891f2a6431bffff,3922.1,False
891f2a64323ffff,3134.2,False
891f2a64327ffff,2798.2,False
891f2a6432bffff,3354.8,False
891f2a6432fffff,3017.2,False
891f2a64333ffff,3259.6,False
891f2a64337ffff,2922.1,False
891f2a6433bffff,3470.1,False
891f2a64343ffff,4560.8,False
891f2a64347ffff,4317.9,False
891f2a6434bffff,4640.6,False
891f2a6434fffff,4355.3,False
891f2a64353ffff,4447.8,False
891f2a64357ffff,4241.5,False
891f2a6435bffff,4766.5,False
891f2a64363ffff,3757.2,False
891f2a64367ffff,3464.8,False
891f2a6436bffff,3794.4,False
891f2a6436fffff,3493.5,False
891f2a64373ffff,4023.3,False
891f2a64377ffff,3688.7,False
891f2a6437bffff,4054.4,False
891f2a64383ffff,3173.1,False
891f2a64387ffff,2964.1,False
891f2a6438bffff,3491.8,False
891f2a6438fffff,3283.4,False
891f2a64393ffff,3040.4,False
891f2a64397ffff,2854.5,False
891f2a6439bffff,3359.7,False
891f2a643a3ffff,2903.4,False
891f2a643a7ffff,2734.2,False
891f2a643abffff,3222.1,False
891f2a643afffff,3051.9,False
891f2a643b3ffff,2767.6,False
891f2a643b7ffff,2584.7,False
891f2a643bbffff,3086.9,False
891f2a643c3ffff,3998.5,False
891f2a643c7ffff,3810.4,False
891f2a643cbffff,4317.8,False
891f2a643cfffff,4129.1,False
891f2a643d3ffff,3865.3,False
891f2a643d7ffff,3679.1,False
891f2a643dbffff,4184.7,False
891f2a64403ffff,2284.4,False
891f2a64407ffff,2013.5,False
891f2a6440bffff,2586.7,False
891f2a6440fffff,2319.5,False
891f2a64413ffff,2220.0,False
891f2a64417ffff,1984.3,False
891f2a6441bffff,2537.6,False
891f2a64423ffff,1812.3,False
891f2a64427ffff,1575.1,False
891f2a6442bffff,2126.1,False
891f2a6442fffff,1891.7,False
891f2a64433ffff,1751.2,False
891f2a64437ffff,1499.1,False
891f2a6443bffff,2060.9,False
891f2a64443ffff,3161.9,False
891f2a64447ffff,2890.7,False
891f2a6444bffff,3464.3,False
891f2a6444fffff,3196.3,False
891f2a64453ffff,3030.1,False
891f2a64457ffff,2855.6,False
891f2a6445bffff,3349.2,False
891f2a64463ffff,2683.4,False
891f2a64467ffff,2440.6,False
891f2a6446bffff,2996.1,False
891f2a6446fffff,2755.5,False
891f2a64473ffff,2626.9,False
891f2a64477ffff,2371.7,False
891f2a6447bffff,2935.7,False
891f2a64483ffff,1754.3,False
891f2a64487ffff,1585.2,False
891f2a6448bffff,2073.1,False
891f2a6448fffff,1902.6,False
891f2a64493ffff,1621.3,False
891f2a64497ffff,1435.6,False
891f2a6449bffff,1940.5,False
891f2a644a3ffff,1407.0,False
891f2a644a7ffff,1136.3,False
891f2a644abffff,1709.2,False
891f2a644afffff,1442.9,False
891f2a644b3ffff,1370.4,False
891f2a644b7ffff,1107.5,False
891f2a644bbffff,1685.3,False
891f2a644c3ffff,2579.1,False
891f2a644c7ffff,2392.1,False
891f2a644cbffff,2897.2,False
891f2a644cfffff,2711.1,False
891f2a644d3ffff,2433.5,False
891f2a644d7ffff,2259.8,False
891f2a644dbffff,2752.5,False
891f2a64503ffff,635.5,False
891f2a64507ffff,450.6,False
891f2a6450bffff,954.5,False
891f2a6450fffff,767.2,False
891f2a64513ffff,505.4,False
891f2a64517ffff,316.6,False
891f2a6451bffff,824.6,False
891f2a64523ffff,353.2,False
891f2a64527ffff,167.0,False
891f2a6452bffff,672.4,False
891f2a6452fffff,486.0,False
891f2a64533ffff,231.4,False
891f2a64537ffff,34.0,True
891f2a6453bffff,550.1,False
891f2a64543ffff,1463.2,False
891f2a64547ffff,1273.5,False
891f2a6454bffff,1782.5,False
891f2a6454fffff,1592.5,False
891f2a64553ffff,1351.8,False
891f2a64557ffff,1143.9,False
891f2a6455bffff,1670.0,False
891f2a64563ffff,1187.8,False
891f2a64567ffff,991.6,False
891f2a6456bffff,1506.9,False
891f2a6456fffff,1310.8,False
891f2a64573ffff,1084.4,False
891f2a64577ffff,868.9,False
891f2a6457bffff,1401.7,False
891f2a64583ffff,80.8,True
891f2a64587ffff,0.0,True
891f2a6458bffff,398.1,False
891f2a6458fffff,186.3,False
891f2a64593ffff,2.8,True
891f2a64597ffff,0.0,True
891f2a6459bffff,315.5,False
891f2a645a3ffff,0.0,True
891f2a645a7ffff,0.0,True
891f2a645abffff,134.3,True
891f2a645afffff,0.0,True
891f2a645b3ffff,0.0,True
891f2a645b7ffff,0.0,True
891f2a645bbffff,0.0,True
891f2a645c3ffff,943.8,False
891f2a645c7ffff,715.6,False
891f2a645cbffff,1259.4,False
891f2a645cfffff,1033.6,False
891f2a645d3ffff,876.2,False
891f2a645d7ffff,629.3,False
891f2a645dbffff,1187.2,False
891f2a64603ffff,4430.6,False
891f2a64607ffff,4180.2,False
891f2a6460bffff,4741.2,False
891f2a6460fffff,4493.2,False
891f2a64613ffff,4380.1,False
891f2a64617ffff,4120.4,False
891f2a6461bffff,4687.5,False
891f2a64623ffff,4019.7,False
891f2a64627ffff,3795.9,False
891f2a6462bffff,4336.6,False
891f2a6462fffff,4114.0,False
891f2a64633ffff,3937.6,False
891f2a64637ffff,3703.1,False
891f2a6463bffff,4252.3,False
891f2a64643ffff,5305.4,False
891f2a64647ffff,5052.8,False
891f2a6464bffff,5615.6,False
891f2a6464fffff,5364.7,False
891f2a64653ffff,5256.9,False
891f2a64657ffff,4996.1,False
891f2a6465bffff,5564.1,False
891f2a64663ffff,4883.3,False
891f2a64667ffff,4653.5,False
891f2a6466bffff,5199.1,False
891f2a6466fffff,4970.6,False
891f2a64673ffff,4806.5,False
891f2a64677ffff,4567.5,False
891f2a6467bffff,5120.4,False
891f2a64683ffff,3987.3,False
891f2a64687ffff,3768.1,False
891f2a6468bffff,4306.4,False
891f2a6468fffff,4073.5,False
891f2a64693ffff,3851.5,False
891f2a64697ffff,3668.2,False
891f2a6469bffff,4169.9,False
891f2a646a3ffff,3556.3,False
891f2a646a7ffff,3309.3,False
891f2a646abffff,3868.0,False
891f2a646afffff,3623.1,False
891f2a646b3ffff,3503.4,False
891f2a646b7ffff,3245.7,False
891f2a646bbffff,3811.4,False
891f2a646c3ffff,4807.1,False
891f2a646c7ffff,4625.6,False
891f2a646cbffff,5125.8,False
891f2a646cfffff,4944.8,False
891f2a646d3ffff,4667.0,False
891f2a646d7ffff,4488.5,False
891f2a646dbffff,4986.2,False
891f2a64803ffff,0.0,True
891f2a64807ffff,0.0,True
891f2a6480bffff,0.0,True
891f2a6480fffff,0.0,True
891f2a64813ffff,0.0,True
891f2a64817ffff,0.0,True
891f2a6481bffff,0.0,True
891f2a64823ffff,0.0,True
891f2a64827ffff,0.0,True
891f2a6482bffff,0.0,True
891f2a6482fffff,0.0,True
891f2a64833ffff,0.0,True
891f2a64837ffff,0.0,True
891f2a6483bffff,0.0,True
891f2a64843ffff,0.0,True
891f2a64847ffff,0.0,True
891f2a6484bffff,211.1,False
891f2a6484fffff,0.0,True
891f2a64853ffff,110.1,True
891f2a64857ffff,0.0,True
891f2a6485bffff,318.1,False
891f2a64863ffff,0.0,True
891f2a64867ffff,0.0,True
891f2a6486bffff,0.0,True
891f2a6486fffff,0.0,True
891f2a64873ffff,0.0,True
891f2a64877ffff,0.0,True
891f2a6487bffff,0.0,True
891f2a64883ffff,0.0,True
891f2a64887ffff,0.0,True
891f2a6488bffff,0.0,True
891f2a6488fffff,0.0,True
891f2a64893ffff,0.0,True
891f2a64897ffff,0.0,True
891f2a6489bffff,0.0,True
891f2a648a3ffff,0.0,True
891f2a648a7ffff,0.0,True
891f2a648abffff,0.0,True
891f2a648afffff,0.0,True
891f2a648b3ffff,0.0,True
891f2a648b7ffff,0.0,True
891f2a648bbffff,0.0,True
891f2a648c3ffff,15.2,True
891f2a648c7ffff,0.0,True
891f2a648cbffff,232.8,False
891f2a648cfffff,0.0,True
891f2a648d3ffff,158.3,True
891f2a648d7ffff,0.0,True
891f2a648dbffff,352.5,False
891f2a64903ffff,0.0,True
891f2a6490bffff,0.0,True
891f2a64913ffff,0.0,True
891f2a64917ffff,0.0,True
891f2a6491bffff,0.0,True
891f2a64943ffff,0.0,True
891f2a64947ffff,0.0,True
891f2a6494bffff,0.0,True
891f2a6494fffff,0.0,True
891f2a64953ffff,0.0,True
891f2a64957ffff,0.0,True
891f2a6495bffff,0.0,True
891f2a64963ffff,0.0,True
891f2a6496bffff,0.0,True
891f2a6496fffff,0.0,True
891f2a64973ffff,0.0,True
891f2a6497bffff,0.0,True
891f2a64983ffff,0.0,True
891f2a6498bffff,0.0,True
891f2a6498fffff,0.0,True
891f2a64993ffff,0.0,True
891f2a64997ffff,0.0,True
891f2a6499bffff,0.0,True
891f2a649c3ffff,0.0,True
891f2a649c7ffff,0.0,True
891f2a649cbffff,0.0,True
891f2a649cfffff,0.0,True
891f2a649d3ffff,0.0,True
891f2a649d7ffff,0.0,True
891f2a649dbffff,0.0,True
891f2a64a03ffff,360.5,False
891f2a64a07ffff,89.1,True
891f2a64a0bffff,370.8,False
891f2a64a0fffff,82.7,True
891f2a64a13ffff,642.6,False
891f2a64a17ffff,375.3,False
891f2a64a1bffff,641.5,False
891f2a64a23ffff,0.0,True
891f2a64a27ffff,0.0,True
891f2a64a2bffff,0.0,True
891f2a64a2fffff,0.0,True
891f2a64a33ffff,0.0,True
891f2a64a37ffff,0.0,True
891f2a64a3bffff,0.0,True
891f2a64a43ffff,688.5,False
891f2a64a47ffff,394.2,False
891f2a64a4bffff,737.4,False
891f2a64a4fffff,428.8,False
891f2a64a53ffff,954.7,False
891f2a64a57ffff,664.7,False
891f2a64a5bffff,989.8,False
891f2a64a63ffff,0.0,True
891f2a64a67ffff,0.0,True
891f2a64a6bffff,0.0,True
891f2a64a6fffff,0.0,True
891f2a64a73ffff,103.9,True
891f2a64a77ffff,0.0,True
891f2a64a7bffff,127.4,True
891f2a64a83ffff,780.6,False
891f2a64a87ffff,450.6,False
891f2a64a8bffff,926.6,False
891f2a64a8fffff,663.4,False
891f2a64a93ffff,875.3,False
891f2a64a97ffff,542.3,False
891f2a64a9bffff,1108.8,False
891f2a64aa3ffff,31.7,True
891f2a64aa7ffff,0.0,True
891f2a64aabffff,117.6,True
891f2a64aafffff,0.0,True
891f2a64ab3ffff,118.6,True
891f2a64ab7ffff,0.0,True
891f2a64abbffff,357.3,False
891f2a64ac3ffff,1200.5,False
891f2a64ac7ffff,916.8,False
891f2a64acbffff,1224.6,False
891f2a64acfffff,931.3,False
891f2a64ad3ffff,1474.9,False
891f2a64ad7ffff,1196.6,False
891f2a64adbffff,1492.0,False
891f2a64b03ffff,0.0,True
891f2a64b07ffff,0.0,True
891f2a64b0bffff,0.0,True
891f2a64b0fffff,0.0,True
891f2a64b13ffff,0.0,True
891f2a64b17ffff,0.0,True
891f2a64b1bffff,0.0,True
891f2a64b23ffff,0.0,True
891f2a64b27ffff,0.0,True
891f2a64b2bffff,0.0,True
891f2a64b2fffff,0.0,True
891f2a64b33ffff,0.0,True
891f2a64b37ffff,0.0,True
891f2a64b3bffff,0.0,True
891f2a64b43ffff,0.0,True
891f2a64b47ffff,0.0,True
891f2a64b4bffff,0.0,True
891f2a64b4fffff,0.0,True
891f2a64b53ffff,0.0,True
891f2a64b57ffff,0.0,True
891f2a64b5bffff,0.0,True
891f2a64b63ffff,0.0,True
891f2a64b67ffff,0.0,True
891f2a64b6bffff,0.0,True
891f2a64b6fffff,0.0,True
891f2a64b73ffff,0.0,True
891f2a64b77ffff,0.0,True
891f2a64b7bffff,0.0,True
891f2a64b83ffff,0.0,True
891f2a64b87ffff,0.0,True
891f2a64b8bffff,0.0,True
891f2a64b8fffff,0.0,True
891f2a64b93ffff,0.0,True
891f2a64b97ffff,0.0,True
891f2a64b9bffff,0.0,True
891f2a64ba3ffff,0.0,True
891f2a64ba7ffff,0.0,True
891f2a64babffff,0.0,True
891f2a64bafffff,0.0,True
891f2a64bb3ffff,0.0,True
891f2a64bb7ffff,0.0,True
891f2a64bbbffff,0.0,True
891f2a64bc3ffff,0.0,True
891f2a64bc7ffff,0.0,True
891f2a64bcbffff,0.0,True
891f2a64bcfffff,0.0,True
891f2a64bd3ffff,0.0,True
891f2a64bd7ffff,0.0,True
891f2a64bdbffff,0.0,True
891f2a64c03ffff,346.8,False
891f2a64c07ffff,15.8,True
891f2a64c0bffff,483.9,False
891f2a64c0fffff,147.3,True
891f2a64c13ffff,215.5,False
891f2a64c17ffff,47.7,True
891f2a64c1bffff,531.8,False
891f2a64c23ffff,0.0,True
891f2a64c27ffff,0.0,True
891f2a64c2bffff,0.0,True
891f2a64c2fffff,0.0,True
891f2a64c33ffff,0.0,True
891f2a64c37ffff,0.0,True
891f2a64c3bffff,0.0,True
891f2a64c43ffff,979.0,False
891f2a64c47ffff,640.6,False
891f2a64c4bffff,1156.7,False
891f2a64c4fffff,817.6,False
891f2a64c53ffff,1018.8,False
891f2a64c57ffff,820.5,False
891f2a64c5bffff,1317.7,False
891f2a64c63ffff,139.4,True
891f2a64c67ffff,0.0,True
891f2a64c6bffff,319.2,False
891f2a64c6fffff,0.0,True
891f2a64c73ffff,302.3,False
891f2a64c77ffff,0.0,True
891f2a64c7bffff,478.5,False
891f2a64c83ffff,0.0,True
891f2a64c87ffff,0.0,True
891f2a64c8bffff,62.2,True
891f2a64c8fffff,0.0,True
891f2a64c93ffff,0.0,True
891f2a64c97ffff,0.0,True
891f2a64c9bffff,0.0,True
891f2a64ca3ffff,0.0,True
891f2a64ca7ffff,0.0,True
891f2a64cabffff,0.0,True
891f2a64cafffff,0.0,True
891f2a64cb3ffff,0.0,True
891f2a64cb7ffff,0.0,True
891f2a64cbbffff,0.0,True
891f2a64cc3ffff,571.0,False
891f2a64cc7ffff,380.8,False
891f2a64ccbffff,887.7,False
891f2a64ccfffff,699.7,False
891f2a64cd3ffff,387.2,False
891f2a64cd7ffff,251.8,False
891f2a64cdbffff,698.4,False
891f2a64d03ffff,0.0,True
891f2a64d07ffff,0.0,True
891f2a64d0bffff,0.0,True
891f2a64d0fffff,0.0,True
891f2a64d13ffff,0.0,True
891f2a64d17ffff,0.0,True
891f2a64d1bffff,0.0,True
891f2a64d23ffff,0.0,True
891f2a64d27ffff,0.0,True
891f2a64d2bffff,0.0,True
891f2a64d2fffff,0.0,True
891f2a64d33ffff,0.0,True
891f2a64d37ffff,0.0,True
891f2a64d3bffff,0.0,True
891f2a64d43ffff,0.0,True
891f2a64d47ffff,0.0,True
891f2a64d4bffff,0.0,True
891f2a64d4fffff,0.0,True
891f2a64d53ffff,0.0,True
891f2a64d57ffff,0.0,True
891f2a64d5bffff,0.0,True
891f2a64d63ffff,0.0,True
891f2a64d67ffff,0.0,True
891f2a64d6bffff,0.0,True
891f2a64d6fffff,0.0,True
891f2a64d73ffff,0.0,True
891f2a64d77ffff,0.0,True
891f2a64d7bffff,0.0,True
891f2a64d83ffff,0.0,True
891f2a64d87ffff,0.0,True
891f2a64d8bffff,0.0,True
891f2a64d8fffff,0.0,True
891f2a64d93ffff,0.0,True
891f2a64d97ffff,0.0,True
891f2a64d9bffff,0.0,True
891f2a64da3ffff,0.0,True
891f2a64da7ffff,0.0,True
891f2a64dabffff,0.0,True
891f2a64dafffff,0.0,True
891f2a64db3ffff,0.0,True
891f2a64db7ffff,0.0,True
891f2a64dbbffff,0.0,True
891f2a64dc3ffff,0.0,True
891f2a64dc7ffff,0.0,True
891f2a64dcbffff,0.0,True
891f2a64dcfffff,0.0,True
891f2a64dd3ffff,0.0,True
891f2a64dd7ffff,0.0,True
891f2a64ddbffff,0.0,True
891f2a64e03ffff,1574.0,False
891f2a64e07ffff,1238.0,False
891f2a64e0bffff,1793.8,False
891f2a64e0fffff,1459.9,False
891f2a64e13ffff,1704.8,False
891f2a64e17ffff,1366.6,False
891f2a64e1bffff,1910.3,False
891f2a64e23ffff,787.2,False
891f2a64e27ffff,448.6,False
891f2a64e2bffff,991.2,False
891f2a64e2fffff,654.2,False
891f2a64e33ffff,902.0,False
891f2a64e37ffff,566.6,False
891f2a64e3bffff,1125.7,False
891f2a64e43ffff,2341.0,False
891f2a64e47ffff,2002.9,False
891f2a64e4bffff,2550.2,False
891f2a64e4fffff,2214.3,False
891f2a64e53ffff,2462.4,False
891f2a64e57ffff,2127.7,False
891f2a64e5bffff,2679.1,False
891f2a64e63ffff,1543.4,False
891f2a64e67ffff,1208.9,False
891f2a64e6bffff,1752.8,False
891f2a64e6fffff,1439.2,False
891f2a64e73ffff,1665.3,False
891f2a64e77ffff,1328.2,False
891f2a64e7bffff,1878.9,False
891f2a64e83ffff,1674.2,False
891f2a64e87ffff,1335.6,False
891f2a64e8bffff,1853.6,False
891f2a64e8fffff,1514.5,False
891f2a64e93ffff,1817.2,False
891f2a64e97ffff,1495.8,False
891f2a64e9bffff,2012.9,False
891f2a64ea3ffff,836.4,False
891f2a64ea7ffff,497.4,False
891f2a64eabffff,1028.5,False
891f2a64eafffff,690.4,False
891f2a64eb3ffff,996.9,False
891f2a64eb7ffff,658.2,False
891f2a64ebbffff,1175.5,False
891f2a64ec3ffff,2381.9,False
891f2a64ec7ffff,2043.3,False
891f2a64ecbffff,2584.8,False
891f2a64ecfffff,2247.5,False
891f2a64ed3ffff,2531.7,False
891f2a64ed7ffff,2192.6,False
891f2a64edbffff,2720.6,False
891f2a65003ffff,3332.0,False
891f2a65007ffff,3554.4,False
891f2a6500bffff,3014.0,False
891f2a6500fffff,3237.3,False
891f2a65013ffff,3435.2,False
891f2a65017ffff,3650.2,False
891f2a6501bffff,3116.6,False
891f2a65023ffff,3684.4,False
891f2a65027ffff,3869.7,False
891f2a6502bffff,3365.3,False
891f2a6502fffff,3550.1,False
891f2a65033ffff,3783.6,False
891f2a65037ffff,4003.6,False
891f2a6503bffff,3467.8,False
891f2a65043ffff,2479.3,False
891f2a65047ffff,2696.1,False
891f2a6504bffff,2160.7,False
891f2a6504fffff,2378.3,False
891f2a65053ffff,2586.6,False
891f2a65057ffff,2798.0,False
891f2a6505bffff,2267.3,False
891f2a65063ffff,2837.1,False
891f2a65067ffff,3046.3,False
891f2a6506bffff,2523.0,False
891f2a6506fffff,2727.3,False
891f2a65073ffff,2920.3,False
891f2a65077ffff,3152.3,False
891f2a6507bffff,2603.6,False
891f2a65083ffff,3864.0,False
891f2a65087ffff,4072.3,False
891f2a6508bffff,3544.7,False
891f2a6508fffff,3753.7,False
891f2a65093ffff,3986.0,False
891f2a65097ffff,4183.3,False
891f2a6509bffff,3666.4,False
891f2a650a3ffff,4189.6,False
891f2a650a7ffff,4416.3,False
891f2a650abffff,3871.9,False
891f2a650afffff,4099.9,False
891f2a650b3ffff,4287.2,False
891f2a650b7ffff,4507.2,False
891f2a650bbffff,3968.6,False
891f2a650c3ffff,3027.4,False
891f2a650c7ffff,3225.3,False
891f2a650cbffff,2707.8,False
891f2a650cfffff,2905.9,False
891f2a650d3ffff,3161.2,False
891f2a650d7ffff,3346.9,False
891f2a650dbffff,2842.0,False
891f2a65103ffff,4726.5,False
891f2a65107ffff,4890.3,False
891f2a6510bffff,4409.6,False
891f2a6510fffff,4571.8,False
891f2a65113ffff,4890.3,False
891f2a65117ffff,5043.7,False
891f2a6511bffff,4575.0,False
891f2a65123ffff,4928.2,False
891f2a65127ffff,5120.7,False
891f2a6512bffff,4608.8,False
891f2a6512fffff,4801.1,False
891f2a65133ffff,5064.4,False
891f2a65137ffff,5247.7,False
891f2a6513bffff,4745.3,False
891f2a65143ffff,3944.7,False
891f2a65147ffff,4092.9,False
891f2a6514bffff,3630.5,False
891f2a6514fffff,3776.2,False
891f2a65153ffff,4066.3,False
891f2a65157ffff,4259.6,False
891f2a6515bffff,3746.9,False
891f2a65163ffff,4107.3,False
891f2a65167ffff,4289.3,False
891f2a6516bffff,3788.3,False
891f2a6516fffff,3969.8,False
891f2a65173ffff,4253.5,False
891f2a65177ffff,4426.3,False
891f2a6517bffff,3935.4,False
891f2a65183ffff,5344.1,False
891f2a65187ffff,5521.8,False
891f2a6518bffff,5024.7,False
891f2a6518fffff,5205.8,False
891f2a65193ffff,5467.3,False
891f2a65197ffff,5663.5,False
891f2a6519bffff,5147.8,False
891f2a651a3ffff,5527.2,False
891f2a651a7ffff,5702.6,False
891f2a651abffff,5208.7,False
891f2a651afffff,5383.5,False
891f2a651b3ffff,5678.8,False
891f2a651b7ffff,5845.6,False
891f2a651bbffff,5361.1,False
891f2a651c3ffff,4508.7,False
891f2a651c7ffff,4705.2,False
891f2a651cbffff,4189.2,False
891f2a651cfffff,4385.8,False
891f2a651d3ffff,4642.0,False
891f2a651d7ffff,4828.3,False
891f2a651dbffff,4322.8,False
891f2a65203ffff,1107.8,False
891f2a65207ffff,1339.2,False
891f2a6520bffff,790.7,False
891f2a6520fffff,1024.9,False
891f2a65213ffff,1204.9,False
891f2a65217ffff,1425.3,False
891f2a6521bffff,886.3,False
891f2a65223ffff,1451.6,False
891f2a65227ffff,1632.5,False
891f2a6522bffff,1133.1,False
891f2a6522fffff,1312.9,False
891f2a65233ffff,1581.7,False
891f2a65237ffff,1770.5,False
891f2a6523bffff,1267.4,False
891f2a65243ffff,249.4,False
891f2a65247ffff,473.9,False
891f2a6524bffff,0.0,True
891f2a6524fffff,157.4,True
891f2a65253ffff,352.7,False
891f2a65257ffff,567.7,False
891f2a6525bffff,34.0,True
891f2a65263ffff,641.6,False
891f2a65267ffff,814.8,False
891f2a6526bffff,330.6,False
891f2a6526fffff,496.5,False
891f2a65273ffff,710.9,False
891f2a65277ffff,954.0,False
891f2a6527bffff,397.5,False
891f2a65283ffff,1629.0,False
891f2a65287ffff,1842.1,False
891f2a6528bffff,1309.9,False
891f2a6528fffff,1523.5,False
891f2a65293ffff,1749.1,False
891f2a65297ffff,1948.1,False
891f2a6529bffff,1429.5,False
891f2a652a3ffff,1970.6,False
891f2a652a7ffff,2209.0,False
891f2a652abffff,1654.7,False
891f2a652afffff,1895.3,False
891f2a652b3ffff,2060.8,False
891f2a652b7ffff,2287.0,False
891f2a652bbffff,1743.1,False
891f2a652c3ffff,790.3,False
891f2a652c7ffff,990.8,False
891f2a652cbffff,470.7,False
891f2a652cfffff,671.6,False
891f2a652d3ffff,927.4,False
891f2a652d7ffff,1109.9,False
891f2a652dbffff,608.6,False
891f2a65303ffff,2513.4,False
891f2a65307ffff,2664.3,False
891f2a6530bffff,2198.8,False
891f2a6530fffff,2347.2,False
891f2a65313ffff,2675.1,False
891f2a65317ffff,2828.8,False
891f2a6531bffff,2356.0,False
891f2a65323ffff,2691.7,False
891f2a65327ffff,2883.9,False
891f2a6532bffff,2372.2,False
891f2a6532fffff,2564.3,False
891f2a65333ffff,2831.3,False
891f2a65337ffff,3011.2,False
891f2a6533bffff,2512.4,False
891f2a65343ffff,1717.9,False
891f2a65347ffff,1884.7,False
891f2a6534bffff,1398.8,False
891f2a6534fffff,1570.4,False
891f2a65353ffff,1830.8,False
891f2a65357ffff,2036.9,False
891f2a6535bffff,1511.6,False
891f2a65363ffff,1875.2,False
891f2a65367ffff,2052.6,False
891f2a6536bffff,1556.6,False
891f2a6536fffff,1733.1,False
891f2a65373ffff,2030.4,False
891f2a65377ffff,2193.7,False
891f2a6537bffff,1713.6,False
891f2a65383ffff,3108.0,False
891f2a65387ffff,3313.5,False
891f2a6538bffff,2788.7,False
891f2a6538fffff,2994.2,False
891f2a65393ffff,3230.5,False
891f2a65397ffff,3427.5,False
891f2a6539bffff,2910.9,False
891f2a653a3ffff,3299.7,False
891f2a653a7ffff,3469.3,False
891f2a653abffff,2982.0,False
891f2a653afffff,3150.2,False
891f2a653b3ffff,3459.9,False
891f2a653b7ffff,3617.5,False
891f2a653bbffff,3144.2,False
891f2a653c3ffff,2271.8,False
891f2a653c7ffff,2469.3,False
891f2a653cbffff,1952.2,False
891f2a653cfffff,2150.1,False
891f2a653d3ffff,2408.4,False
891f2a653d7ffff,2591.4,False
891f2a653dbffff,2089.4,False
891f2a65403ffff,4243.7,False
891f2a65407ffff,4411.2,False
891f2a6540bffff,3924.5,False
891f2a6540fffff,4093.7,False
891f2a65413ffff,4385.6,False
891f2a65417ffff,4562.9,False
891f2a6541bffff,4067.0,False
891f2a65423ffff,4438.0,False
891f2a65427ffff,4625.0,False
891f2a6542bffff,4118.8,False
891f2a6542fffff,4305.5,False
891f2a65433ffff,4578.9,False
891f2a65437ffff,4757.2,False
891f2a6543bffff,4260.4,False
891f2a65443ffff,3429.9,False
891f2a65447ffff,3605.3,False
891f2a6544bffff,3111.4,False
891f2a6544fffff,3286.2,False
891f2a65453ffff,3574.7,False
891f2a65457ffff,3748.4,False
891f2a6545bffff,3255.3,False
891f2a65463ffff,3623.4,False
891f2a65467ffff,3799.6,False
891f2a6546bffff,3304.9,False
891f2a6546fffff,3480.4,False
891f2a65473ffff,3776.2,False
891f2a65477ffff,3941.9,False
891f2a6547bffff,3458.7,False
891f2a65483ffff,4852.3,False
891f2a65487ffff,5022.9,False
891f2a6548bffff,4533.0,False
891f2a6548fffff,4704.2,False
891f2a65493ffff,4989.3,False
891f2a65497ffff,5171.0,False
891f2a6549bffff,4670.4,False
891f2a654a3ffff,5046.9,False
891f2a654a7ffff,5216.4,False
891f2a654abffff,4728.9,False
891f2a654afffff,4897.6,False
891f2a654b3ffff,5201.4,False
891f2a654b7ffff,5364.9,False
891f2a654bbffff,4882.2,False
891f2a654c3ffff,4032.7,False
891f2a654c7ffff,4213.5,False
891f2a654cbffff,3714.0,False
891f2a654cfffff,3894.1,False
891f2a654d3ffff,4181.7,False
891f2a654d7ffff,4351.5,False
891f2a654dbffff,3864.3,False
891f2a65503ffff,5561.1,False
891f2a65507ffff,5777.9,False
891f2a6550bffff,5242.6,False
891f2a6550fffff,5460.0,False
891f2a65513ffff,5666.3,False
891f2a65517ffff,5879.6,False
891f2a6551bffff,5347.4,False
891f2a65523ffff,5912.5,False
891f2a65527ffff,6024.5,False
891f2a6552bffff,5596.3,False
891f2a6552fffff,5786.8,False
891f2a65533ffff,6000.5,False
891f2a65537ffff,5923.4,False
891f2a6553bffff,5683.4,False
891f2a65543ffff,4709.7,False
891f2a65547ffff,4924.2,False
891f2a6554bffff,4390.9,False
891f2a6554fffff,4605.7,False
891f2a65553ffff,4822.0,False
891f2a65557ffff,5028.5,False
891f2a6555bffff,4502.7,False
891f2a65563ffff,5049.4,False
891f2a65567ffff,5280.5,False
891f2a6556bffff,4732.8,False
891f2a6556fffff,4961.3,False
891f2a65573ffff,5142.2,False
891f2a65577ffff,5366.4,False
891f2a6557bffff,4824.7,False
891f2a65583ffff,6099.3,False
891f2a65587ffff,5926.2,False
891f2a6558bffff,5779.9,False
891f2a6558fffff,5985.3,False
891f2a65593ffff,6082.0,False
891f2a65597ffff,5872.0,False
891f2a6559bffff,5902.8,False
891f2a655a3ffff,5749.5,False
891f2a655a7ffff,5515.1,False
891f2a655abffff,6064.5,False
891f2a655afffff,5831.5,False
891f2a655b3ffff,5677.4,False
891f2a655b7ffff,5434.9,False
891f2a655bbffff,5990.6,False
891f2a655c3ffff,5263.9,False
891f2a655c7ffff,5460.6,False
891f2a655cbffff,4944.4,False
891f2a655cfffff,5141.3,False
891f2a655d3ffff,5395.6,False
891f2a655d7ffff,5583.4,False
891f2a655dbffff,5076.4,False
891f2a65603ffff,2009.6,False
891f2a65607ffff,2191.9,False
891f2a6560bffff,1690.5,False
891f2a6560fffff,1875.2,False
891f2a65613ffff,2156.9,False
891f2a65617ffff,2328.7,False
891f2a6561bffff,1839.1,False
891f2a65623ffff,2203.5,False
891f2a65627ffff,2388.3,False
891f2a6562bffff,1884.4,False
891f2a6562fffff,2068.7,False
891f2a65633ffff,2350.6,False
891f2a65637ffff,2522.7,False
891f2a6563bffff,2032.5,False
891f2a65643ffff,1204.1,False
891f2a65647ffff,1371.7,False
891f2a6564bffff,887.1,False
891f2a6564fffff,1052.9,False
891f2a65653ffff,1339.5,False
891f2a65657ffff,1521.4,False
891f2a6565bffff,1020.3,False
891f2a65663ffff,1397.1,False
891f2a65667ffff,1565.3,False
891f2a6566bffff,1079.5,False
891f2a6566fffff,1246.4,False
891f2a65673ffff,1555.9,False
891f2a65677ffff,1714.7,False
891f2a6567bffff,1236.3,False
891f2a65683ffff,2616.5,False
891f2a65687ffff,2793.1,False
891f2a6568bffff,2297.2,False
891f2a6568fffff,2474.9,False
891f2a65693ffff,2758.4,False
891f2a65697ffff,2935.9,False
891f2a6569bffff,2439.9,False
891f2a656a3ffff,2824.9,False
891f2a656a7ffff,2986.7,False
891f2a656abffff,2508.3,False
891f2a656afffff,2668.6,False
891f2a656b3ffff,2967.0,False
891f2a656b7ffff,3141.7,False
891f2a656bbffff,2647.9,False
891f2a656c3ffff,1803.1,False
891f2a656c7ffff,1977.9,False
891f2a656cbffff,1485.4,False
891f2a656cfffff,1658.7,False
891f2a656d3ffff,1962.5,False
891f2a656d7ffff,2121.4,False
891f2a656dbffff,1646.4,False
891f2a65803ffff,2396.6,False
891f2a65807ffff,2128.6,False
891f2a6580bffff,2394.8,False
891f2a6580fffff,2114.8,False
891f2a65813ffff,2679.7,False
891f2a65817ffff,2416.7,False
891f2a6581bffff,2672.1,False
891f2a65823ffff,1579.2,False
891f2a65827ffff,1325.7,False
891f2a6582bffff,1559.4,False
891f2a6582fffff,1291.0,False
891f2a65833ffff,1869.0,False
891f2a65837ffff,1620.4,False
891f2a6583bffff,1842.4,False
891f2a65843ffff,2709.3,False
891f2a65847ffff,2412.7,False
891f2a6584bffff,2754.6,False
891f2a6584fffff,2449.8,False
891f2a65853ffff,2973.4,False
891f2a65857ffff,2681.3,False
891f2a6585bffff,3010.8,False
891f2a65863ffff,1852.1,False
891f2a65867ffff,1562.2,False
891f2a6586bffff,1888.8,False
891f2a6586fffff,1587.1,False
891f2a65873ffff,2121.7,False
891f2a65877ffff,1836.8,False
891f2a6587bffff,2148.2,False
891f2a65883ffff,2997.2,False
891f2a65887ffff,2749.5,False
891f2a6588bffff,2966.0,False
891f2a6588fffff,2705.7,False
891f2a65893ffff,3289.8,False
891f2a65897ffff,3022.8,False
891f2a6589bffff,3254.1,False
891f2a658a3ffff,2205.9,False
891f2a658a7ffff,1901.1,False
891f2a658abffff,2161.0,False
891f2a658afffff,1916.3,False
891f2a658b3ffff,2461.9,False
891f2a658b7ffff,2162.0,False
891f2a658bbffff,2454.7,False
891f2a658c3ffff,3229.4,False
891f2a658c7ffff,2951.0,False
891f2a658cbffff,3241.5,False
891f2a658cfffff,2953.9,False
891f2a658d3ffff,3507.3,False
891f2a658d7ffff,3233.7,False
891f2a658dbffff,3513.3,False
891f2a65903ffff,478.7,False
891f2a65907ffff,185.1,True
891f2a6590bffff,524.3,False
891f2a6590fffff,218.4,False
891f2a65913ffff,745.5,False
891f2a65917ffff,459.6,False
891f2a6591bffff,779.3,False
891f2a65923ffff,0.0,True
891f2a65927ffff,0.0,True
891f2a6592bffff,0.0,True
891f2a6592fffff,0.0,True
891f2a65933ffff,0.0,True
891f2a65937ffff,0.0,True
891f2a6593bffff,0.0,True
891f2a65943ffff,787.3,False
891f2a65947ffff,557.6,False
891f2a6594bffff,741.7,False
891f2a6594fffff,491.1,False
891f2a65953ffff,1085.1,False
891f2a65957ffff,834.6,False
891f2a6595bffff,1032.6,False
891f2a65963ffff,37.6,True
891f2a65967ffff,0.0,True
891f2a6596bffff,0.0,True
891f2a6596fffff,0.0,True
891f2a65973ffff,275.9,False
891f2a65977ffff,0.0,True
891f2a6597bffff,257.1,False
891f2a65983ffff,1021.9,False
891f2a65987ffff,758.3,False
891f2a6598bffff,1018.4,False
891f2a6598fffff,738.8,False
891f2a65993ffff,1308.2,False
891f2a65997ffff,1043.3,False
891f2a6599bffff,1295.2,False
891f2a659a3ffff,205.6,False
891f2a659a7ffff,0.0,True
891f2a659abffff,184.4,False
891f2a659afffff,0.0,True
891f2a659b3ffff,493.0,False
891f2a659b7ffff,178.0,True
891f2a659bbffff,470.6,False
891f2a659c3ffff,1340.2,False
891f2a659c7ffff,1039.8,False
891f2a659cbffff,1383.7,False
891f2a659cfffff,1084.9,False
891f2a659d3ffff,1600.9,False
891f2a659d7ffff,1305.9,False
891f2a659dbffff,1645.4,False
891f2a65a03ffff,2635.3,False
891f2a65a07ffff,2439.8,False
891f2a65a0bffff,2332.4,False
891f2a65a0fffff,2430.6,False
891f2a65a13ffff,2832.5,False
891f2a65a17ffff,2664.2,False
891f2a65a1bffff,2522.3,False
891f2a65a23ffff,1893.5,False
891f2a65a27ffff,1565.2,False
891f2a65a2bffff,2016.5,False
891f2a65a2fffff,1683.7,False
891f2a65a33ffff,2113.4,False
891f2a65a37ffff,1788.7,False
891f2a65a3bffff,2223.8,False
891f2a65a43ffff,1904.3,False
891f2a65a47ffff,2023.3,False
891f2a65a4bffff,1591.5,False
891f2a65a4fffff,1712.2,False
891f2a65a53ffff,2067.1,False
891f2a65a57ffff,2212.6,False
891f2a65a5bffff,1750.3,False
891f2a65a63ffff,1920.0,False
891f2a65a67ffff,2030.6,False
891f2a65a6bffff,1616.1,False
891f2a65a6fffff,1720.9,False
891f2a65a73ffff,2127.1,False
891f2a65a77ffff,2225.3,False
891f2a65a7bffff,1821.6,False
891f2a65a83ffff,3133.3,False
891f2a65a87ffff,2817.5,False
891f2a65a8bffff,3018.5,False
891f2a65a8fffff,2895.8,False
891f2a65a93ffff,3375.9,False
891f2a65a97ffff,3063.6,False
891f2a65a9bffff,3179.3,False
891f2a65aa3ffff,2259.3,False
891f2a65aa7ffff,1945.2,False
891f2a65aabffff,2341.6,False
891f2a65aafffff,2020.8,False
891f2a65ab3ffff,2504.0,False
891f2a65ab7ffff,2194.5,False
891f2a65abbffff,2577.0,False
891f2a65ac3ffff,2545.8,False
891f2a65ac7ffff,2701.1,False
891f2a65acbffff,2229.4,False
891f2a65acfffff,2383.9,False
891f2a65ad3ffff,2714.5,False
891f2a65ad7ffff,2862.5,False
891f2a65adbffff,2400.6,False
891f2a65b03ffff,514.2,False
891f2a65b07ffff,205.6,False
891f2a65b0bffff,591.0,False
891f2a65b0fffff,271.8,False
891f2a65b13ffff,766.7,False
891f2a65b17ffff,464.8,False
891f2a65b1bffff,828.3,False
891f2a65b23ffff,0.0,True
891f2a65b27ffff,0.0,True
891f2a65b2bffff,0.0,True
891f2a65b2fffff,0.0,True
891f2a65b33ffff,0.0,True
891f2a65b37ffff,0.0,True
891f2a65b3bffff,0.0,True
891f2a65b43ffff,1020.3,False
891f2a65b47ffff,690.5,False
891f2a65b4bffff,1147.6,False
891f2a65b4fffff,813.6,False
891f2a65b53ffff,1237.9,False
891f2a65b57ffff,913.2,False
891f2a65b5bffff,1351.1,False
891f2a65b63ffff,147.7,True
891f2a65b67ffff,0.0,True
891f2a65b6bffff,282.0,False
891f2a65b6fffff,0.0,True
891f2a65b73ffff,362.5,False
891f2a65b77ffff,37.6,True
891f2a65b7bffff,480.4,False
891f2a65b83ffff,1002.7,False
891f2a65b87ffff,722.3,False
891f2a65b8bffff,1025.9,False
891f2a65b8fffff,730.9,False
891f2a65b93ffff,1279.4,False
891f2a65b97ffff,1005.2,False
891f2a65b9bffff,1291.5,False
891f2a65ba3ffff,167.9,True
891f2a65ba7ffff,0.0,True
891f2a65babffff,170.3,True
891f2a65bafffff,0.0,True
891f2a65bb3ffff,453.4,False
891f2a65bb7ffff,196.5,False
891f2a65bbbffff,444.0,False
891f2a65bc3ffff,1386.6,False
891f2a65bc7ffff,1074.2,False
891f2a65bcbffff,1466.4,False
891f2a65bcfffff,1146.2,False
891f2a65bd3ffff,1634.4,False
891f2a65bd7ffff,1327.8,False
891f2a65bdbffff,1702.6,False
891f2a65c03ffff,4405.9,False
891f2a65c07ffff,4108.6,False
891f2a65c0bffff,4379.7,False
891f2a65c0fffff,4125.3,False
891f2a65c13ffff,4669.4,False
891f2a65c17ffff,4376.5,False
891f2a65c1bffff,4669.8,False
891f2a65c23ffff,3547.9,False
891f2a65c27ffff,3256.0,False
891f2a65c2bffff,3583.6,False
891f2a65c2fffff,3284.0,False
891f2a65c33ffff,3816.3,False
891f2a65c37ffff,3528.0,False
891f2a65c3bffff,3844.9,False
891f2a65c43ffff,4624.7,False
891f2a65c47ffff,4354.3,False
891f2a65c4bffff,4621.7,False
891f2a65c4fffff,4343.0,False
891f2a65c53ffff,4907.5,False
891f2a65c57ffff,4640.7,False
891f2a65c5bffff,4899.5,False
891f2a65c63ffff,3803.4,False
891f2a65c67ffff,3542.7,False
891f2a65c6bffff,3787.8,False
891f2a65c6fffff,3517.0,False
891f2a65c73ffff,4091.5,False
891f2a65c77ffff,3833.5,False
891f2a65c7bffff,4070.6,False
891f2a65c83ffff,4919.8,False
891f2a65c87ffff,4636.7,False
891f2a65c8bffff,4936.7,False
891f2a65c8fffff,4646.3,False
891f2a65c93ffff,5194.5,False
891f2a65c97ffff,4915.4,False
891f2a65c9bffff,5206.0,False
891f2a65ca3ffff,4079.7,False
891f2a65ca7ffff,3803.8,False
891f2a65cabffff,4086.9,False
891f2a65cafffff,3802.6,False
891f2a65cb3ffff,4359.1,False
891f2a65cb7ffff,4086.6,False
891f2a65cbbffff,4361.2,False
891f2a65cc3ffff,5216.8,False
891f2a65cc7ffff,4961.4,False
891f2a65ccbffff,5191.6,False
891f2a65ccfffff,4928.7,False
891f2a65cd3ffff,5506.3,False
891f2a65cd7ffff,5230.1,False
891f2a65cdbffff,5477.9,False
891f2a65d03ffff,2417.7,False
891f2a65d07ffff,2111.8,False
891f2a65d0bffff,2412.7,False
891f2a65d0fffff,2145.6,False
891f2a65d13ffff,2672.7,False
891f2a65d17ffff,2371.6,False
891f2a65d1bffff,2696.8,False
891f2a65d23ffff,1550.8,False
891f2a65d27ffff,1249.6,False
891f2a65d2bffff,1595.5,False
891f2a65d2fffff,1297.5,False
891f2a65d33ffff,1810.6,False
891f2a65d37ffff,1515.1,False
891f2a65d3bffff,1857.6,False
891f2a65d43ffff,2695.9,False
891f2a65d47ffff,2410.6,False
891f2a65d4bffff,2723.0,False
891f2a65d4fffff,2426.6,False
891f2a65d53ffff,2969.3,False
891f2a65d57ffff,2687.6,False
891f2a65d5bffff,2987.2,False
891f2a65d63ffff,1852.1,False
891f2a65d67ffff,1575.7,False
891f2a65d6bffff,1866.3,False
891f2a65d6fffff,1577.2,False
891f2a65d73ffff,2131.2,False
891f2a65d77ffff,1859.4,False
891f2a65d7bffff,2136.2,False
891f2a65d83ffff,2904.5,False
891f2a65d87ffff,2613.4,False
891f2a65d8bffff,2932.6,False
891f2a65d8fffff,2635.9,False
891f2a65d93ffff,3174.1,False
891f2a65d97ffff,2881.1,False
891f2a65d9bffff,3196.5,False
891f2a65da3ffff,2052.7,False
891f2a65da7ffff,1760.5,False
891f2a65dabffff,2075.5,False
891f2a65dafffff,1784.5,False
891f2a65db3ffff,2320.8,False
891f2a65db7ffff,2033.6,False
891f2a65dbbffff,2344.4,False
891f2a65dc3ffff,3249.6,False
891f2a65dc7ffff,2977.8,False
891f2a65dcbffff,3244.5,False
891f2a65dcfffff,2967.3,False
891f2a65dd3ffff,3534.1,False
891f2a65dd7ffff,3233.6,False
891f2a65ddbffff,3523.4,False
891f2a65e03ffff,3813.2,False
891f2a65e07ffff,4014.2,False
891f2a65e0bffff,3494.8,False
891f2a65e0fffff,3703.3,False
891f2a65e13ffff,3922.1,False
891f2a65e17ffff,4131.8,False
891f2a65e1bffff,3602.9,False
891f2a65e23ffff,3571.7,False
891f2a65e27ffff,3270.3,False
891f2a65e2bffff,3623.6,False
891f2a65e2fffff,3315.0,False
891f2a65e33ffff,3831.3,False
891f2a65e37ffff,3534.2,False
891f2a65e3bffff,3832.5,False
891f2a65e43ffff,2964.3,False
891f2a65e47ffff,3176.5,False
891f2a65e4bffff,2645.0,False
891f2a65e4fffff,2858.1,False
891f2a65e53ffff,3082.1,False
891f2a65e57ffff,3283.6,False
891f2a65e5bffff,2762.6,False
891f2a65e63ffff,3206.5,False
891f2a65e67ffff,3344.4,False
891f2a65e6bffff,2894.3,False
891f2a65e6fffff,3029.3,False
891f2a65e73ffff,3393.1,False
891f2a65e77ffff,3519.0,False
891f2a65e7bffff,3080.4,False
891f2a65e83ffff,4359.8,False
891f2a65e87ffff,4560.7,False
891f2a65e8bffff,4040.4,False
891f2a65e8fffff,4241.4,False
891f2a65e93ffff,4481.6,False
891f2a65e97ffff,4679.3,False
891f2a65e9bffff,4162.1,False
891f2a65ea3ffff,4072.6,False
891f2a65ea7ffff,3787.1,False
891f2a65eabffff,4095.0,False
891f2a65eafffff,3801.9,False
891f2a65eb3ffff,4345.6,False
891f2a65eb7ffff,4064.5,False
891f2a65ebbffff,4362.3,False
891f2a65ec3ffff,3523.0,False
891f2a65ec7ffff,3720.9,False
891f2a65ecbffff,3203.4,False
891f2a65ecfffff,3401.5,False
891f2a65ed3ffff,3650.3,False
891f2a65ed7ffff,3842.5,False
891f2a65edbffff,3330.8,False
891f2a66003ffff,0.0,True
891f2a66007ffff,0.0,True
891f2a6600bffff,0.0,True
891f2a6600fffff,0.0,True
891f2a66013ffff,0.0,True
891f2a66017ffff,0.0,True
891f2a6601bffff,0.0,True
891f2a66023ffff,0.0,True
891f2a66027ffff,0.0,True
891f2a6602bffff,0.0,True
891f2a6602fffff,0.0,True
891f2a66033ffff,0.0,True
891f2a66037ffff,0.0,True
891f2a6603bffff,0.0,True
891f2a66043ffff,126.5,True
891f2a66047ffff,0.0,True
891f2a6604bffff,434.7,False
891f2a6604fffff,186.3,False
891f2a66053ffff,62.7,True
891f2a66057ffff,0.0,True
891f2a6605bffff,377.1,False
891f2a66063ffff,0.0,True
891f2a66067ffff,0.0,True
891f2a6606bffff,66.7,True
891f2a6606fffff,0.0,True
891f2a66073ffff,0.0,True
891f2a66077ffff,0.0,True
891f2a6607bffff,0.0,True
891f2a66083ffff,0.0,True
891f2a66087ffff,0.0,True
891f2a6608bffff,0.0,True
891f2a6608fffff,0.0,True
891f2a66093ffff,0.0,True
891f2a66097ffff,0.0,True
891f2a6609bffff,0.0,True
891f2a660a3ffff,0.0,True
891f2a660a7ffff,0.0,True
891f2a660abffff,0.0,True
891f2a660afffff,0.0,True
891f2a660b3ffff,0.0,True
891f2a660b7ffff,0.0,True
891f2a660bbffff,0.0,True
891f2a660c3ffff,0.0,True
891f2a660c7ffff,0.0,True
891f2a660cbffff,4.1,True
891f2a660cfffff,0.0,True
891f2a660d3ffff,0.0,True
891f2a660d7ffff,0.0,True
891f2a660dbffff,0.0,True
891f2a66103ffff,0.0,True
891f2a66107ffff,0.0,True
891f2a6610bffff,0.0,True
891f2a6610fffff,0.0,True
891f2a66113ffff,0.0,True
891f2a66117ffff,0.0,True
891f2a6611bffff,0.0,True
891f2a66123ffff,0.0,True
891f2a66127ffff,0.0,True
891f2a6612bffff,0.0,True
891f2a6612fffff,0.0,True
891f2a66133ffff,0.0,True
891f2a66137ffff,0.0,True
891f2a6613bffff,0.0,True
891f2a66143ffff,0.0,True
891f2a66147ffff,0.0,True
891f2a6614bffff,0.0,True
891f2a6614fffff,0.0,True
891f2a66153ffff,0.0,True
891f2a66157ffff,0.0,True
891f2a6615bffff,0.0,True
891f2a66163ffff,0.0,True
891f2a66167ffff,0.0,True
891f2a6616bffff,0.0,True
891f2a6616fffff,0.0,True
891f2a66173ffff,0.0,True
891f2a66177ffff,0.0,True
891f2a6617bffff,0.0,True
891f2a66183ffff,0.0,True
891f2a66187ffff,0.0,True
891f2a6618bffff,0.0,True
891f2a6618fffff,0.0,True
891f2a66193ffff,0.0,True
891f2a66197ffff,0.0,True
891f2a6619bffff,0.0,True
891f2a661a3ffff,0.0,True
891f2a661a7ffff,0.0,True
891f2a661abffff,0.0,True
891f2a661afffff,0.0,True
891f2a661b3ffff,0.0,True
891f2a661bbffff,0.0,True
891f2a661c3ffff,0.0,True
891f2a661c7ffff,0.0,True
891f2a661cbffff,0.0,True
891f2a661cfffff,0.0,True
891f2a661d3ffff,0.0,True
891f2a661d7ffff,0.0,True
891f2a661dbffff,0.0,True
891f2a66203ffff,1448.2,False
891f2a66207ffff,1228.0,False
891f2a6620bffff,1765.2,False
891f2a6620fffff,1546.6,False
891f2a66213ffff,1369.2,False
891f2a66217ffff,1131.9,False
891f2a6621bffff,1682.8,False
891f2a66223ffff,1158.4,False
891f2a66227ffff,982.8,False
891f2a6622bffff,1476.9,False
891f2a6622fffff,1302.0,False
891f2a66233ffff,1024.4,False
891f2a66237ffff,839.9,False
891f2a6623bffff,1343.6,False
891f2a66243ffff,2312.0,False
891f2a66247ffff,2082.1,False
891f2a6624bffff,2627.4,False
891f2a6624fffff,2399.6,False
891f2a66253ffff,2240.7,False
891f2a66257ffff,1997.0,False
891f2a6625bffff,2552.9,False
891f2a66263ffff,1982.1,False
891f2a66267ffff,1795.7,False
891f2a6626bffff,2301.4,False
891f2a6626fffff,2114.6,False
891f2a66273ffff,1865.3,False
891f2a66277ffff,1662.9,False
891f2a6627bffff,2184.0,False
891f2a66283ffff,1003.0,False
891f2a66287ffff,744.9,False
891f2a6628bffff,1310.2,False
891f2a6628fffff,1056.4,False
891f2a66293ffff,933.2,False
891f2a66297ffff,692.4,False
891f2a6629bffff,1245.6,False
891f2a662a3ffff,591.4,False
891f2a662a7ffff,385.9,False
891f2a662abffff,909.7,False
891f2a662afffff,705.1,False
891f2a662b3ffff,500.7,False
891f2a662b7ffff,273.3,False
891f2a662bbffff,816.0,False
891f2a662c3ffff,1873.3,False
891f2a662c7ffff,1619.1,False
891f2a662cbffff,2186.4,False
891f2a662cfffff,1929.3,False
891f2a662d3ffff,1806.2,False
891f2a662d7ffff,1559.2,False
891f2a662dbffff,2117.2,False
891f2a66303ffff,119.4,True
891f2a66307ffff,0.0,True
891f2a6630bffff,431.0,False
891f2a6630fffff,189.2,False
891f2a66313ffff,5.7,True
891f2a66317ffff,0.0,True
891f2a6631bffff,320.7,False
891f2a66323ffff,0.0,True
891f2a66327ffff,0.0,True
891f2a6632bffff,0.0,True
891f2a6632fffff,0.0,True
891f2a66333ffff,0.0,True
891f2a66337ffff,0.0,True
891f2a6633bffff,0.0,True
891f2a66343ffff,952.0,False
891f2a66347ffff,743.0,False
891f2a6634bffff,1268.3,False
891f2a6634fffff,1056.5,False
891f2a66353ffff,798.4,False
891f2a66357ffff,635.7,False
891f2a6635bffff,1117.0,False
891f2a66363ffff,529.8,False
891f2a66367ffff,259.2,False
891f2a6636bffff,831.8,False
891f2a6636fffff,566.8,False
891f2a66373ffff,505.2,False
891f2a66377ffff,231.2,False
891f2a6637bffff,811.3,False
891f2a66383ffff,0.0,True
891f2a66387ffff,0.0,True
891f2a6638bffff,0.0,True
891f2a6638fffff,0.0,True
891f2a66393ffff,0.0,True
891f2a66397ffff,0.0,True
891f2a6639bffff,0.0,True
891f2a663a3ffff,0.0,True
891f2a663a7ffff,0.0,True
891f2a663abffff,0.0,True
891f2a663afffff,0.0,True
891f2a663b3ffff,0.0,True
891f2a663b7ffff,0.0,True
891f2a663bbffff,0.0,True
891f2a663c3ffff,344.3,False
891f2a663c7ffff,161.7,False
891f2a663cbffff,663.5,False
891f2a663cfffff,479.8,False
891f2a663d3ffff,203.2,False
891f2a663d7ffff,25.1,True
891f2a663dbffff,521.4,False
891f2a66403ffff,0.0,True
891f2a66407ffff,0.0,True
891f2a6640bffff,0.0,True
891f2a6640fffff,0.0,True
891f2a66413ffff,0.0,True
891f2a66417ffff,0.0,True
891f2a6641bffff,0.0,True
891f2a66423ffff,0.0,True
891f2a66427ffff,0.0,True
891f2a6642bffff,0.0,True
891f2a6642fffff,0.0,True
891f2a66433ffff,0.0,True
891f2a66437ffff,0.0,True
891f2a6643bffff,0.0,True
891f2a66443ffff,0.0,True
891f2a66447ffff,0.0,True
891f2a6644bffff,78.4,True
891f2a6644fffff,0.0,True
891f2a66453ffff,0.0,True
891f2a66457ffff,0.0,True
891f2a6645bffff,0.0,True
891f2a66463ffff,0.0,True
891f2a66467ffff,0.0,True
891f2a6646bffff,0.0,True
891f2a6646fffff,0.0,True
891f2a66473ffff,0.0,True
891f2a66477ffff,0.0,True
891f2a6647bffff,0.0,True
891f2a66483ffff,0.0,True
891f2a66487ffff,0.0,True
891f2a6648bffff,0.0,True
891f2a6648fffff,0.0,True
891f2a66493ffff,0.0,True
891f2a66497ffff,0.0,True
891f2a6649bffff,0.0,True
891f2a664a3ffff,0.0,True
891f2a664a7ffff,0.0,True
891f2a664abffff,0.0,True
891f2a664afffff,0.0,True
891f2a664b3ffff,0.0,True
891f2a664b7ffff,0.0,True
891f2a664bbffff,0.0,True
891f2a664c3ffff,0.0,True
891f2a664c7ffff,0.0,True
891f2a664cbffff,0.0,True
891f2a664cfffff,0.0,True
891f2a664d3ffff,0.0,True
891f2a664d7ffff,0.0,True
891f2a664dbffff,0.0,True
891f2a66503ffff,0.0,True
891f2a66507ffff,0.0,True
891f2a6650bffff,0.0,True
891f2a6650fffff,0.0,True
891f2a66513ffff,0.0,True
891f2a66517ffff,0.0,True
891f2a6651bffff,0.0,True
891f2a6652bffff,0.0,True
891f2a6652fffff,0.0,True
891f2a6653bffff,0.0,True
891f2a66543ffff,0.0,True
891f2a66547ffff,0.0,True
891f2a6654bffff,0.0,True
891f2a6654fffff,0.0,True
891f2a66553ffff,0.0,True
891f2a66557ffff,0.0,True
891f2a6655bffff,0.0,True
891f2a66563ffff,0.0,True
891f2a66567ffff,0.0,True
891f2a6656bffff,0.0,True
891f2a6656fffff,0.0,True
891f2a66573ffff,0.0,True
891f2a66577ffff,0.0,True
891f2a6657bffff,0.0,True
891f2a6658bffff,0.0,True
891f2a6659bffff,0.0,True
891f2a665c3ffff,0.0,True
891f2a665c7ffff,0.0,True
891f2a665cbffff,0.0,True
891f2a665cfffff,0.0,True
891f2a665d3ffff,0.0,True
891f2a665d7ffff,0.0,True
891f2a665dbffff,0.0,True
891f2a66603ffff,1123.9,False
891f2a66607ffff,846.9,False
891f2a6660bffff,1426.7,False
891f2a6660fffff,1136.9,False
891f2a66613ffff,1032.7,False
891f2a66617ffff,813.0,False
891f2a6661bffff,1351.0,False
891f2a66623ffff,576.0,False
891f2a66627ffff,312.0,False
891f2a6662bffff,880.7,False
891f2a6662fffff,621.9,False
891f2a66633ffff,555.9,False
891f2a66637ffff,274.1,False
891f2a6663bffff,851.9,False
891f2a66643ffff,1988.2,False
891f2a66647ffff,1718.6,False
891f2a6664bffff,2300.6,False
891f2a6664fffff,2011.1,False
891f2a66653ffff,1887.3,False
891f2a66657ffff,1669.5,False
891f2a6665bffff,2204.7,False
891f2a66663ffff,1453.3,False
891f2a66667ffff,1187.6,False
891f2a6666bffff,1757.5,False
891f2a6666fffff,1496.2,False
891f2a66673ffff,1430.9,False
891f2a66677ffff,1151.1,False
891f2a6667bffff,1728.2,False
891f2a66683ffff,622.4,False
891f2a66687ffff,396.4,False
891f2a6668bffff,937.8,False
891f2a6668fffff,714.5,False
891f2a66693ffff,551.1,False
891f2a66697ffff,307.4,False
891f2a6669bffff,862.9,False
891f2a666a3ffff,246.7,False
891f2a666a7ffff,0.0,True
891f2a666abffff,549.5,False
891f2a666afffff,264.5,False
891f2a666b3ffff,189.0,False
891f2a666b7ffff,0.0,True
891f2a666bbffff,500.3,False
891f2a666c3ffff,1489.1,False
891f2a666c7ffff,1254.0,False
891f2a666cbffff,1803.6,False
891f2a666cfffff,1570.3,False
891f2a666d3ffff,1425.1,False
891f2a666d7ffff,1175.6,False
891f2a666dbffff,1735.3,False
891f2a66803ffff,0.0,True
891f2a66807ffff,0.0,True
891f2a6680bffff,0.0,True
891f2a6680fffff,0.0,True
891f2a66813ffff,0.0,True
891f2a6681bffff,0.0,True
891f2a66823ffff,0.0,True
891f2a66827ffff,0.0,True
891f2a6682bffff,0.0,True
891f2a6682fffff,0.0,True
891f2a66833ffff,0.0,True
891f2a6683bffff,0.0,True
891f2a66843ffff,0.0,True
891f2a66847ffff,0.0,True
891f2a6684bffff,0.0,True
891f2a6684fffff,0.0,True
891f2a66853ffff,0.0,True
891f2a66857ffff,0.0,True
891f2a6685bffff,0.0,True
891f2a66863ffff,0.0,True
891f2a66867ffff,0.0,True
891f2a6686bffff,0.0,True
891f2a6686fffff,0.0,True
891f2a66873ffff,0.0,True
891f2a66877ffff,0.0,True
891f2a6687bffff,0.0,True
891f2a6688bffff,0.0,True
891f2a668c3ffff,0.0,True
891f2a668c7ffff,0.0,True
891f2a668cbffff,0.0,True
891f2a668cfffff,0.0,True
891f2a668d3ffff,0.0,True
891f2a668d7ffff,0.0,True
891f2a668dbffff,0.0,True
891f2a66943ffff,0.0,True
891f2a6694bffff,0.0,True
891f2a6694fffff,0.0,True
891f2a6695bffff,0.0,True
891f2a66963ffff,0.0,True
891f2a66967ffff,0.0,True
891f2a6696bffff,0.0,True
891f2a6696fffff,0.0,True
891f2a6697bffff,0.0,True
891f2a66a03ffff,0.0,True
891f2a66a07ffff,0.0,True
891f2a66a0bffff,0.0,True
891f2a66a0fffff,0.0,True
891f2a66a13ffff,0.0,True
891f2a66a17ffff,0.0,True
891f2a66a1bffff,0.0,True
891f2a66a23ffff,0.0,True
891f2a66a27ffff,0.0,True
891f2a66a2bffff,0.0,True
891f2a66a2fffff,0.0,True
891f2a66a33ffff,0.0,True
891f2a66a37ffff,0.0,True
891f2a66a3bffff,0.0,True
891f2a66a43ffff,93.3,True
891f2a66a47ffff,0.0,True
891f2a66a4bffff,411.8,False
891f2a66a4fffff,213.4,False
891f2a66a53ffff,0.0,True
891f2a66a57ffff,0.0,True
891f2a66a5bffff,313.9,False
891f2a66a63ffff,0.0,True
891f2a66a67ffff,0.0,True
891f2a66a6bffff,207.0,False
891f2a66a6fffff,77.3,True
891f2a66a73ffff,0.0,True
891f2a66a77ffff,0.0,True
891f2a66a7bffff,39.0,True
891f2a66a83ffff,0.0,True
891f2a66a87ffff,0.0,True
891f2a66a8bffff,0.0,True
891f2a66a8fffff,0.0,True
891f2a66a93ffff,0.0,True
891f2a66a97ffff,0.0,True
891f2a66a9bffff,0.0,True
891f2a66aa3ffff,0.0,True
891f2a66aa7ffff,0.0,True
891f2a66aabffff,0.0,True
891f2a66aafffff,0.0,True
891f2a66ab3ffff,0.0,True
891f2a66ab7ffff,0.0,True
891f2a66abbffff,0.0,True
891f2a66ac3ffff,0.0,True
891f2a66ac7ffff,0.0,True
891f2a66acbffff,0.0,True
891f2a66acfffff,0.0,True
891f2a66ad3ffff,0.0,True
891f2a66ad7ffff,0.0,True
891f2a66adbffff,0.0,True
891f2a66b03ffff,0.0,True
891f2a66b07ffff,0.0,True
891f2a66b0bffff,0.0,True
891f2a66b0fffff,0.0,True
891f2a66b13ffff,0.0,True
891f2a66b17ffff,0.0,True
891f2a66b1bffff,0.0,True
891f2a66b23ffff,0.0,True
891f2a66b27ffff,0.0,True
891f2a66b2bffff,0.0,True
891f2a66b2fffff,0.0,True
891f2a66b33ffff,0.0,True
891f2a66b37ffff,0.0,True
891f2a66b3bffff,0.0,True
891f2a66b43ffff,0.0,True
891f2a66b47ffff,0.0,True
891f2a66b4bffff,0.0,True
891f2a66b4fffff,0.0,True
891f2a66b53ffff,0.0,True
891f2a66b57ffff,0.0,True
891f2a66b5bffff,0.0,True
891f2a66b63ffff,0.0,True
891f2a66b67ffff,0.0,True
891f2a66b6bffff,0.0,True
891f2a66b6fffff,0.0,True
891f2a66b73ffff,0.0,True
891f2a66b77ffff,0.0,True
891f2a66b7bffff,0.0,True
891f2a66b83ffff,0.0,True
891f2a66b87ffff,0.0,True
891f2a66b8bffff,0.0,True
891f2a66b8fffff,0.0,True
891f2a66b93ffff,0.0,True
891f2a66b97ffff,0.0,True
891f2a66b9bffff,0.0,True
891f2a66ba3ffff,0.0,True
891f2a66ba7ffff,0.0,True
891f2a66babffff,0.0,True
891f2a66bafffff,0.0,True
891f2a66bb3ffff,0.0,True
891f2a66bb7ffff,0.0,True
891f2a66bbbffff,0.0,True
891f2a66bc3ffff,0.0,True
891f2a66bc7ffff,0.0,True
891f2a66bcbffff,0.0,True
891f2a66bcfffff,0.0,True
891f2a66bd3ffff,0.0,True
891f2a66bd7ffff,0.0,True
891f2a66bdbffff,0.0,True
891f2a66c43ffff,0.0,True
891f2a66c47ffff,0.0,True
891f2a66c4bffff,0.0,True
891f2a66c4fffff,0.0,True
891f2a66c53ffff,0.0,True
891f2a66c5bffff,0.0,True
891f2a66c63ffff,0.0,True
891f2a66c6bffff,0.0,True
891f2a66c6fffff,0.0,True
891f2a66c7bffff,0.0,True
891f2a66ccbffff,0.0,True
891f2a66cdbffff,0.0,True
891f2a66e03ffff,0.0,True
891f2a66e07ffff,0.0,True
891f2a66e0bffff,0.0,True
891f2a66e0fffff,0.0,True
891f2a66e13ffff,0.0,True
891f2a66e17ffff,0.0,True
891f2a66e1bffff,0.0,True
891f2a66e23ffff,0.0,True
891f2a66e27ffff,0.0,True
891f2a66e2bffff,0.0,True
891f2a66e2fffff,0.0,True
891f2a66e33ffff,0.0,True
891f2a66e37ffff,0.0,True
891f2a66e3bffff,0.0,True
891f2a66e43ffff,0.0,True
891f2a66e47ffff,0.0,True
891f2a66e4bffff,0.0,True
891f2a66e4fffff,0.0,True
891f2a66e53ffff,0.0,True
891f2a66e57ffff,0.0,True
891f2a66e5bffff,0.0,True
891f2a66e63ffff,0.0,True
891f2a66e67ffff,0.0,True
891f2a66e6bffff,0.0,True
891f2a66e6fffff,0.0,True
891f2a66e73ffff,0.0,True
891f2a66e77ffff,0.0,True
891f2a66e7bffff,0.0,True
891f2a66e83ffff,0.0,True
891f2a66e87ffff,0.0,True
891f2a66e8bffff,0.0,True
891f2a66e8fffff,0.0,True
891f2a66e93ffff,0.0,True
891f2a66e97ffff,0.0,True
891f2a66e9bffff,0.0,True
891f2a66ea3ffff,0.0,True
891f2a66ea7ffff,0.0,True
891f2a66eabffff,0.0,True
891f2a66eafffff,0.0,True
891f2a66eb3ffff,0.0,True
891f2a66eb7ffff,0.0,True
891f2a66ebbffff,0.0,True
891f2a66ec3ffff,0.0,True
891f2a66ec7ffff,0.0,True
891f2a66ecbffff,0.0,True
891f2a66ecfffff,0.0,True
891f2a66ed3ffff,0.0,True
891f2a66ed7ffff,0.0,True
891f2a66edbffff,0.0,True
891f2a67003ffff,5359.9,False
891f2a67007ffff,5110.1,False
891f2a6700bffff,5670.8,False
891f2a6700fffff,5422.8,False
891f2a67013ffff,5307.8,False
891f2a67017ffff,5049.7,False
891f2a6701bffff,5615.8,False
891f2a67023ffff,4921.3,False
891f2a67027ffff,4676.5,False
891f2a6702bffff,5233.6,False
891f2a6702fffff,4990.8,False
891f2a67033ffff,4863.2,False
891f2a67037ffff,4609.6,False
891f2a6703bffff,5173.0,False
891f2a67043ffff,6234.4,False
891f2a67047ffff,5982.3,False
891f2a6704bffff,6423.6,False
891f2a6704fffff,6294.5,False
891f2a67053ffff,6184.2,False
891f2a67057ffff,5924.9,False
891f2a6705bffff,6492.0,False
891f2a67063ffff,5794.3,False
891f2a67067ffff,5546.6,False
891f2a6706bffff,6106.0,False
891f2a6706fffff,5859.8,False
891f2a67073ffff,5736.1,False
891f2a67077ffff,5483.3,False
891f2a6707bffff,6047.9,False
891f2a67083ffff,4962.8,False
891f2a67087ffff,4694.2,False
891f2a6708bffff,5266.5,False
891f2a6708fffff,5000.5,False
891f2a67093ffff,4936.6,False
891f2a67097ffff,4660.3,False
891f2a6709bffff,5236.4,False
891f2a670a3ffff,4486.1,False
891f2a670a7ffff,4239.1,False
891f2a670abffff,4797.8,False
891f2a670afffff,4552.8,False
891f2a670b3ffff,4431.6,False
891f2a670b7ffff,4175.2,False
891f2a670bbffff,4740.2,False
891f2a670c3ffff,5840.4,False
891f2a670c7ffff,5571.4,False
891f2a670cbffff,6144.0,False
891f2a670cfffff,5877.5,False
891f2a670d3ffff,5813.7,False
891f2a670d7ffff,5537.7,False
891f2a670dbffff,6113.8,False
891f2a67103ffff,3671.0,False
891f2a67107ffff,3459.6,False
891f2a6710bffff,3989.2,False
891f2a6710fffff,3778.6,False
891f2a67113ffff,3575.8,False
891f2a67117ffff,3352.9,False
891f2a6711bffff,3892.7,False
891f2a67123ffff,3390.4,False
891f2a67127ffff,3215.2,False
891f2a6712bffff,3709.5,False
891f2a6712fffff,3533.2,False
891f2a67133ffff,3259.3,False
891f2a67137ffff,3071.4,False
891f2a6713bffff,3578.6,False
891f2a67143ffff,4526.8,False
891f2a67147ffff,4307.6,False
891f2a6714bffff,4844.2,False
891f2a6714fffff,4626.0,False
891f2a67153ffff,4439.1,False
891f2a67157ffff,4209.7,False
891f2a6715bffff,4754.8,False
891f2a67163ffff,4217.3,False
891f2a67167ffff,4028.6,False
891f2a6716bffff,4536.7,False
891f2a6716fffff,4347.8,False
891f2a67173ffff,4097.6,False
891f2a67177ffff,3897.9,False
891f2a6717bffff,4416.7,False
891f2a67183ffff,3179.6,False
891f2a67187ffff,2943.1,False
891f2a6718bffff,3493.8,False
891f2a6718fffff,3259.4,False
891f2a67193ffff,3113.8,False
891f2a67197ffff,2865.8,False
891f2a6719bffff,3425.1,False
891f2a671a3ffff,2821.6,False
891f2a671a7ffff,2620.7,False
891f2a671abffff,3140.6,False
891f2a671afffff,2940.0,False
891f2a671b3ffff,2717.3,False
891f2a671b7ffff,2502.7,False
891f2a671bbffff,3035.0,False
891f2a671c3ffff,4049.6,False
891f2a671c7ffff,3808.3,False
891f2a671cbffff,4362.7,False
891f2a671cfffff,4123.6,False
891f2a671d3ffff,3988.2,False
891f2a671d7ffff,3736.9,False
891f2a671dbffff,4298.5,False
891f2a67203ffff,5307.2,False
891f2a67207ffff,5453.3,False
891f2a6720bffff,4993.0,False
891f2a6720fffff,5137.4,False
891f2a67213ffff,5484.1,False
891f2a67217ffff,5621.7,False
891f2a6721bffff,5172.0,False
891f2a67223ffff,5453.7,False
891f2a67227ffff,5627.4,False
891f2a6722bffff,5135.5,False
891f2a6722fffff,5308.3,False
891f2a67233ffff,5607.7,False
891f2a67237ffff,5772.1,False
891f2a6723bffff,5290.4,False
891f2a67243ffff,4543.7,False
891f2a67247ffff,4679.4,False
891f2a6724bffff,4228.0,False
891f2a6724fffff,4366.2,False
891f2a67253ffff,4702.2,False
891f2a67257ffff,4859.8,False
891f2a6725bffff,4385.0,False
891f2a67263ffff,4656.7,False
891f2a67267ffff,4817.4,False
891f2a6726bffff,4340.4,False
891f2a6726fffff,4499.4,False
891f2a67273ffff,4821.9,False
891f2a67277ffff,4973.4,False
891f2a6727bffff,4506.3,False
891f2a67283ffff,5971.1,False
891f2a67287ffff,6110.1,False
891f2a6728bffff,5653.7,False
891f2a6728fffff,5797.0,False
891f2a67293ffff,6128.6,False
891f2a67297ffff,6288.6,False
891f2a6729bffff,5811.6,False
891f2a672a3ffff,6085.4,False
891f2a672a7ffff,6242.4,False
891f2a672abffff,5769.3,False
891f2a672afffff,5925.0,False
891f2a672b3ffff,6251.5,False
891f2a672b7ffff,6357.8,False
891f2a672bbffff,5936.4,False
891f2a672c3ffff,5178.3,False
891f2a672c7ffff,5336.4,False
891f2a672cbffff,4862.2,False
891f2a672cfffff,5019.3,False
891f2a672d3ffff,5345.2,False
891f2a672d7ffff,5494.8,False
891f2a672dbffff,5030.5,False
891f2a67303ffff,5900.5,False
891f2a67307ffff,5693.4,False
891f2a6730bffff,6154.5,False
891f2a6730fffff,6012.6,False
891f2a67313ffff,5797.5,False
891f2a67317ffff,5581.7,False
891f2a6731bffff,6115.4,False
891f2a67323ffff,5624.7,False
891f2a67327ffff,5444.4,False
891f2a6732bffff,5944.0,False
891f2a6732fffff,5763.1,False
891f2a67333ffff,5494.8,False
891f2a67337ffff,5305.4,False
891f2a6733bffff,5814.2,False
891f2a67343ffff,5660.2,False
891f2a67347ffff,5837.2,False
891f2a6734bffff,5341.5,False
891f2a6734fffff,5520.2,False
891f2a67353ffff,5807.2,False
891f2a67357ffff,5978.9,False
891f2a6735bffff,5489.1,False
891f2a67363ffff,5854.0,False
891f2a67367ffff,6034.1,False
891f2a6736bffff,5535.2,False
891f2a6736fffff,5714.8,False
891f2a67373ffff,6000.8,False
891f2a67377ffff,6133.6,False
891f2a6737bffff,5682.8,False
891f2a67383ffff,5387.3,False
891f2a67387ffff,5161.9,False
891f2a6738bffff,5703.8,False
891f2a6738fffff,5479.7,False
891f2a67393ffff,5305.2,False
891f2a67397ffff,5070.9,False
891f2a6739bffff,5620.1,False
891f2a673a3ffff,5055.0,False
891f2a673a7ffff,4856.0,False
891f2a673abffff,5374.2,False
891f2a673afffff,5175.4,False
891f2a673b3ffff,4944.4,False
891f2a673b7ffff,4735.8,False
891f2a673bbffff,5263.0,False
891f2a673c3ffff,6251.0,False
891f2a673c7ffff,6020.7,False
891f2a673cbffff,5946.4,False
891f2a673cfffff,6125.3,False
891f2a673d3ffff,6173.7,False
891f2a673d7ffff,5935.5,False
891f2a673dbffff,6090.5,False
891f2a67403ffff,4978.3,False
891f2a67407ffff,4727.0,False
891f2a6740bffff,5288.6,False
891f2a6740fffff,5039.1,False
891f2a67413ffff,4812.2,False
891f2a67417ffff,4668.7,False
891f2a6741bffff,5126.0,False
891f2a67423ffff,4560.1,False
891f2a67427ffff,4331.4,False
891f2a6742bffff,4876.0,False
891f2a6742fffff,4638.4,False
891f2a67433ffff,4482.2,False
891f2a67437ffff,4244.6,False
891f2a6743bffff,4796.5,False
891f2a67443ffff,5754.8,False
891f2a67447ffff,5599.5,False
891f2a6744bffff,6069.5,False
891f2a6744fffff,5911.3,False
891f2a67453ffff,5587.8,False
891f2a67457ffff,5440.4,False
891f2a6745bffff,5903.9,False
891f2a67463ffff,5425.7,False
891f2a67467ffff,5192.3,False
891f2a6746bffff,5740.9,False
891f2a6746fffff,5508.7,False
891f2a67473ffff,5352.0,False
891f2a67477ffff,5111.1,False
891f2a6747bffff,5665.4,False
891f2a67483ffff,4325.3,False
891f2a67487ffff,4186.3,False
891f2a6748bffff,4640.3,False
891f2a6748fffff,4499.1,False
891f2a67493ffff,4160.3,False
891f2a67497ffff,4010.8,False
891f2a6749bffff,4477.1,False
891f2a674a3ffff,4104.0,False
891f2a674a7ffff,3855.3,False
891f2a674abffff,4415.1,False
891f2a674afffff,4168.6,False
891f2a674b3ffff,4051.3,False
891f2a674b7ffff,3793.8,False
891f2a674bbffff,4360.1,False
891f2a674c3ffff,5111.1,False
891f2a674c7ffff,4955.9,False
891f2a674cbffff,5428.3,False
891f2a674cfffff,5271.9,False
891f2a674d3ffff,4959.0,False
891f2a674d7ffff,4794.1,False
891f2a674dbffff,5277.1,False
891f2a67503ffff,3207.9,False
891f2a67507ffff,2940.5,False
891f2a6750bffff,3511.9,False
891f2a6750fffff,3247.5,False
891f2a67513ffff,3183.2,False
891f2a67517ffff,2905.6,False
891f2a6751bffff,3482.1,False
891f2a67523ffff,2742.2,False
891f2a67527ffff,2494.4,False
891f2a6752bffff,3055.9,False
891f2a6752fffff,2803.6,False
891f2a67533ffff,2680.6,False
891f2a67537ffff,2429.4,False
891f2a6753bffff,2990.7,False
891f2a67543ffff,4085.4,False
891f2a67547ffff,3817.3,False
891f2a6754bffff,4389.2,False
891f2a6754fffff,4123.8,False
891f2a67553ffff,4059.7,False
891f2a67557ffff,3782.9,False
891f2a6755bffff,4359.2,False
891f2a67563ffff,3613.5,False
891f2a67567ffff,3369.9,False
891f2a6756bffff,3925.9,False
891f2a6756fffff,3678.7,False
891f2a67573ffff,3555.7,False
891f2a67577ffff,3301.6,False
891f2a6757bffff,3865.0,False
891f2a67583ffff,2839.5,False
891f2a67587ffff,2592.0,False
891f2a6758bffff,3157.2,False
891f2a6758fffff,2886.3,False
891f2a67593ffff,2748.7,False
891f2a67597ffff,2522.1,False
891f2a6759bffff,3064.8,False
891f2a675a3ffff,2330.6,False
891f2a675a7ffff,2063.7,False
891f2a675abffff,2634.7,False
891f2a675afffff,2371.5,False
891f2a675b3ffff,2306.9,False
891f2a675b7ffff,2028.3,False
891f2a675bbffff,2605.2,False
891f2a675c3ffff,3697.5,False
891f2a675c7ffff,3466.5,False
891f2a675cbffff,4014.3,False
891f2a675cfffff,3762.1,False
891f2a675d3ffff,3614.4,False
891f2a675d7ffff,3381.1,False
891f2a675dbffff,3929.4,False
891f2a67603ffff,6506.6,False
891f2a67607ffff,6637.1,False
891f2a6760bffff,6195.7,False
891f2a6760fffff,6324.4,False
891f2a67613ffff,6694.7,False
891f2a67617ffff,6818.2,False
891f2a6761bffff,6385.5,False
891f2a67623ffff,6607.0,False
891f2a67627ffff,6448.8,False
891f2a6762bffff,6291.1,False
891f2a6762fffff,6445.7,False
891f2a67633ffff,6687.6,False
891f2a67637ffff,6415.2,False
891f2a6763bffff,6460.7,False
891f2a67643ffff,5765.2,False
891f2a67647ffff,5885.6,False
891f2a6764bffff,5445.8,False
891f2a6764fffff,5575.8,False
891f2a67653ffff,5897.1,False
891f2a67657ffff,6076.9,False
891f2a6765bffff,5578.1,False
891f2a67663ffff,5832.8,False
891f2a67667ffff,5975.4,False
891f2a6766bffff,5519.6,False
891f2a6766fffff,5660.0,False
891f2a67673ffff,6012.0,False
891f2a67677ffff,6146.5,False
891f2a6767bffff,5699.9,False
891f2a67683ffff,6537.1,False
891f2a67687ffff,6384.7,False
891f2a6768bffff,6854.1,False
891f2a6768fffff,6700.3,False
891f2a67693ffff,6381.2,False
891f2a67697ffff,6220.4,False
891f2a6769bffff,6698.9,False
891f2a676a3ffff,6293.3,False
891f2a676a7ffff,6056.2,False
891f2a676abffff,6607.9,False
891f2a676afffff,6371.7,False
891f2a676b3ffff,6223.3,False
891f2a676b7ffff,5979.1,False
891f2a676bbffff,6535.8,False
891f2a676c3ffff,6349.0,False
891f2a676c7ffff,6535.4,False
891f2a676cbffff,6029.7,False
891f2a676cfffff,6216.3,False
891f2a676d3ffff,6483.8,False
891f2a676d7ffff,6668.3,False
891f2a676dbffff,6164.7,False
891f2a6c5a3ffff,0.0,True
891f2a6c5a7ffff,0.0,True
891f2a6c5b3ffff,0.0,True
891f2a6c5b7ffff,0.0,True
891f2a6cc83ffff,0.0,True
891f2a6cc87ffff,0.0,True
891f2a6cc93ffff,0.0,True
891f2a6cc97ffff,0.0,True
891f2a6cca3ffff,0.0,True
891f2a6cca7ffff,0.0,True
891f2a6ccb3ffff,0.0,True
891f2a6ccb7ffff,0.0,True
891f2a6cd03ffff,0.0,True
891f2a6cd07ffff,0.0,True
891f2a6cd13ffff,0.0,True
891f2a6cd17ffff,0.0,True
891f2a6cd1bffff,0.0,True
891f2a6cd23ffff,0.0,True
891f2a6cd27ffff,0.0,True
891f2a6cd2fffff,0.0,True
891f2a6cd33ffff,0.0,True
891f2a6cd37ffff,0.0,True
891f2a6cd3bffff,0.0,True
891f2a6cd83ffff,0.0,True
891f2a6cd87ffff,0.0,True
891f2a6cd8bffff,0.0,True
891f2a6cd8fffff,0.0,True
891f2a6cd93ffff,0.0,True
891f2a6cd97ffff,0.0,True
891f2a6cd9bffff,0.0,True
891f2a6cda3ffff,0.0,True
891f2a6cda7ffff,0.0,True
891f2a6cdabffff,0.0,True
891f2a6cdafffff,0.0,True
891f2a6cdb3ffff,0.0,True
891f2a6cdb7ffff,0.0,True
891f2a6cdbbffff,0.0,True
891f2a6cdc3ffff,0.0,True
891f2a6cdc7ffff,0.0,True
891f2a6cdd3ffff,0.0,True
891f2a6cdd7ffff,0.0,True
891f2a6cddbffff,0.0,True
891f2a6e003ffff,0.0,True
891f2a6e007ffff,0.0,True
891f2a6e00bffff,0.0,True
891f2a6e00fffff,0.0,True
891f2a6e013ffff,0.0,True
891f2a6e017ffff,0.0,True
891f2a6e01bffff,0.0,True
891f2a6e023ffff,0.0,True
891f2a6e027ffff,0.0,True
891f2a6e02bffff,0.0,True
891f2a6e02fffff,0.0,True
891f2a6e033ffff,0.0,True
891f2a6e037ffff,0.0,True
891f2a6e03bffff,0.0,True
891f2a6e047ffff,0.0,True
891f2a6e053ffff,0.0,True
891f2a6e057ffff,0.0,True
891f2a6e063ffff,0.0,True
891f2a6e067ffff,0.0,True
891f2a6e073ffff,0.0,True
891f2a6e077ffff,0.0,True
891f2a6e083ffff,0.0,True
891f2a6e087ffff,0.0,True
891f2a6e08bffff,0.0,True
891f2a6e08fffff,0.0,True
891f2a6e093ffff,0.0,True
891f2a6e097ffff,0.0,True
891f2a6e09bffff,0.0,True
891f2a6e0a3ffff,0.0,True
891f2a6e0a7ffff,0.0,True
891f2a6e0abffff,0.0,True
891f2a6e0afffff,0.0,True
891f2a6e0b3ffff,0.0,True
891f2a6e0b7ffff,0.0,True
891f2a6e0bbffff,0.0,True
891f2a6e0c3ffff,0.0,True
891f2a6e0c7ffff,0.0,True
891f2a6e0cbffff,0.0,True
891f2a6e0cfffff,0.0,True
891f2a6e0d3ffff,0.0,True
891f2a6e0d7ffff,0.0,True
891f2a6e0dbffff,0.0,True
891f2a6e103ffff,0.0,True
891f2a6e107ffff,0.0,True
891f2a6e10bffff,0.0,True
891f2a6e10fffff,0.0,True
891f2a6e113ffff,0.0,True
891f2a6e117ffff,0.0,True
891f2a6e11bffff,0.0,True
891f2a6e123ffff,0.0,True
891f2a6e127ffff,0.0,True
891f2a6e12bffff,0.0,True
891f2a6e12fffff,0.0,True
891f2a6e133ffff,0.0,True
891f2a6e137ffff,0.0,True
891f2a6e13bffff,0.0,True
891f2a6e143ffff,0.0,True
891f2a6e147ffff,0.0,True
891f2a6e14bffff,0.0,True
891f2a6e14fffff,0.0,True
891f2a6e153ffff,0.0,True
891f2a6e157ffff,0.0,True
891f2a6e15bffff,0.0,True
891f2a6e163ffff,0.0,True
891f2a6e167ffff,0.0,True
891f2a6e16bffff,0.0,True
891f2a6e16fffff,0.0,True
891f2a6e173ffff,0.0,True
891f2a6e177ffff,0.0,True
891f2a6e17bffff,0.0,True
891f2a6e183ffff,0.0,True
891f2a6e187ffff,0.0,True
891f2a6e18bffff,0.0,True
891f2a6e18fffff,0.0,True
891f2a6e193ffff,0.0,True
891f2a6e197ffff,0.0,True
891f2a6e19bffff,0.0,True
891f2a6e1a3ffff,0.0,True
891f2a6e1a7ffff,20.3,True
891f2a6e1abffff,0.0,True
891f2a6e1afffff,0.0,True
891f2a6e1b3ffff,0.0,True
891f2a6e1b7ffff,83.3,True
891f2a6e1bbffff,0.0,True
891f2a6e1c3ffff,0.0,True
891f2a6e1c7ffff,0.0,True
891f2a6e1cbffff,0.0,True
891f2a6e1cfffff,0.0,True
891f2a6e1d3ffff,0.0,True
891f2a6e1d7ffff,0.0,True
891f2a6e1dbffff,0.0,True
891f2a6e307ffff,0.0,True
891f2a6e317ffff,0.0,True
891f2a6e323ffff,0.0,True
891f2a6e327ffff,0.0,True
891f2a6e32bffff,0.0,True
891f2a6e32fffff,0.0,True
891f2a6e333ffff,0.0,True
891f2a6e337ffff,0.0,True
891f2a6e33bffff,0.0,True
891f2a6e383ffff,0.0,True
891f2a6e387ffff,0.0,True
891f2a6e38bffff,0.0,True
891f2a6e38fffff,0.0,True
891f2a6e393ffff,0.0,True
891f2a6e397ffff,0.0,True
891f2a6e39bffff,0.0,True
891f2a6e3a3ffff,0.0,True
891f2a6e3a7ffff,0.0,True
891f2a6e3abffff,0.0,True
891f2a6e3afffff,0.0,True
891f2a6e3b3ffff,0.0,True
891f2a6e3b7ffff,0.0,True
891f2a6e3bbffff,0.0,True
891f2a6e403ffff,0.0,True
891f2a6e407ffff,0.0,True
891f2a6e40bffff,0.0,True
891f2a6e40fffff,0.0,True
891f2a6e413ffff,0.0,True
891f2a6e417ffff,0.0,True
891f2a6e41bffff,0.0,True
891f2a6e423ffff,0.0,True
891f2a6e427ffff,0.0,True
891f2a6e42bffff,0.0,True
891f2a6e42fffff,0.0,True
891f2a6e433ffff,0.0,True
891f2a6e437ffff,0.0,True
891f2a6e43bffff,0.0,True
891f2a6e443ffff,0.0,True
891f2a6e447ffff,0.0,True
891f2a6e44bffff,0.0,True
891f2a6e44fffff,0.0,True
891f2a6e453ffff,0.0,True
891f2a6e457ffff,0.0,True
891f2a6e45bffff,0.0,True
891f2a6e463ffff,0.0,True
891f2a6e467ffff,0.0,True
891f2a6e46bffff,0.0,True
891f2a6e46fffff,0.0,True
891f2a6e473ffff,0.0,True
891f2a6e477ffff,0.0,True
891f2a6e47bffff,0.0,True
891f2a6e483ffff,0.0,True
891f2a6e487ffff,0.0,True
891f2a6e48bffff,0.0,True
891f2a6e48fffff,0.0,True
891f2a6e493ffff,0.0,True
891f2a6e497ffff,0.0,True
891f2a6e49bffff,0.0,True
891f2a6e4a3ffff,0.0,True
891f2a6e4a7ffff,0.0,True
891f2a6e4abffff,0.0,True
891f2a6e4afffff,0.0,True
891f2a6e4b3ffff,0.0,True
891f2a6e4b7ffff,0.0,True
891f2a6e4bbffff,0.0,True
891f2a6e4c3ffff,0.0,True
891f2a6e4c7ffff,0.0,True
891f2a6e4cbffff,0.0,True
891f2a6e4cfffff,0.0,True
891f2a6e4d3ffff,0.0,True
891f2a6e4d7ffff,0.0,True
891f2a6e4dbffff,0.0,True
891f2a6e503ffff,0.0,True
891f2a6e507ffff,0.0,True
891f2a6e50bffff,0.0,True
891f2a6e50fffff,0.0,True
891f2a6e513ffff,0.0,True
891f2a6e517ffff,96.6,True
891f2a6e51bffff,0.0,True
891f2a6e523ffff,0.0,True
891f2a6e527ffff,151.0,True
891f2a6e52bffff,0.0,True
891f2a6e52fffff,0.0,True
891f2a6e533ffff,129.5,True
891f2a6e537ffff,290.0,False
891f2a6e53bffff,0.0,True
891f2a6e543ffff,0.0,True
891f2a6e547ffff,0.0,True
891f2a6e54bffff,0.0,True
891f2a6e54fffff,0.0,True
891f2a6e553ffff,0.0,True
891f2a6e557ffff,0.0,True
891f2a6e55bffff,0.0,True
891f2a6e563ffff,0.0,True
891f2a6e567ffff,0.0,True
891f2a6e56bffff,0.0,True
891f2a6e56fffff,0.0,True
891f2a6e573ffff,0.0,True
891f2a6e577ffff,0.0,True
891f2a6e57bffff,0.0,True
891f2a6e583ffff,381.8,False
891f2a6e587ffff,567.5,False
891f2a6e58bffff,62.6,True
891f2a6e58fffff,247.9,False
891f2a6e593ffff,532.9,False
891f2a6e597ffff,701.0,False
891f2a6e59bffff,216.5,False
891f2a6e5a3ffff,597.1,False
891f2a6e5a7ffff,762.6,False
891f2a6e5abffff,277.4,False
891f2a6e5afffff,446.0,False
891f2a6e5b3ffff,734.1,False
891f2a6e5b7ffff,916.7,False
891f2a6e5bbffff,415.3,False
891f2a6e5c3ffff,0.0,True
891f2a6e5c7ffff,0.0,True
891f2a6e5cbffff,0.0,True
891f2a6e5cfffff,0.0,True
891f2a6e5d3ffff,0.0,True
891f2a6e5d7ffff,0.0,True
891f2a6e5dbffff,0.0,True
891f2a6e613ffff,0.0,True
891f2a6e617ffff,0.0,True
891f2a6e637ffff,0.0,True
891f2a6e683ffff,0.0,True
891f2a6e687ffff,0.0,True
891f2a6e68bffff,0.0,True
891f2a6e68fffff,0.0,True
891f2a6e693ffff,0.0,True
891f2a6e697ffff,0.0,True
891f2a6e69bffff,0.0,True
891f2a6e6a3ffff,0.0,True
891f2a6e6a7ffff,0.0,True
891f2a6e6abffff,0.0,True
891f2a6e6afffff,0.0,True
891f2a6e6b3ffff,0.0,True
891f2a6e6b7ffff,0.0,True
891f2a6e6bbffff,0.0,True
891f2a6e6c7ffff,0.0,True
891f2a6e6d7ffff,0.0,True
891f2a6e803ffff,0.0,True
891f2a6e807ffff,0.0,True
891f2a6e80bffff,0.0,True
891f2a6e80fffff,0.0,True
891f2a6e813ffff,0.0,True
891f2a6e817ffff,0.0,True
891f2a6e81bffff,0.0,True
891f2a6e823ffff,0.0,True
891f2a6e827ffff,0.0,True
891f2a6e82bffff,0.0,True
891f2a6e82fffff,0.0,True
891f2a6e833ffff,0.0,True
891f2a6e837ffff,0.0,True
891f2a6e83bffff,0.0,True
891f2a6e843ffff,0.0,True
891f2a6e847ffff,0.0,True
891f2a6e84bffff,0.0,True
891f2a6e84fffff,0.0,True
891f2a6e853ffff,0.0,True
891f2a6e857ffff,0.0,True
891f2a6e85bffff,0.0,True
891f2a6e863ffff,0.0,True
891f2a6e867ffff,0.0,True
891f2a6e86bffff,0.0,True
891f2a6e86fffff,0.0,True
891f2a6e873ffff,0.0,True
891f2a6e877ffff,0.0,True
891f2a6e87bffff,0.0,True
891f2a6e883ffff,0.0,True
891f2a6e887ffff,93.1,True
891f2a6e88bffff,0.0,True
891f2a6e88fffff,0.0,True
891f2a6e893ffff,7.3,True
891f2a6e897ffff,206.6,False
891f2a6e89bffff,0.0,True
891f2a6e8a3ffff,217.4,False
891f2a6e8a7ffff,436.9,False
891f2a6e8abffff,0.0,True
891f2a6e8afffff,126.8,True
891f2a6e8b3ffff,316.4,False
891f2a6e8b7ffff,534.4,False
891f2a6e8bbffff,0.0,True
891f2a6e8c3ffff,0.0,True
891f2a6e8c7ffff,0.0,True
891f2a6e8cbffff,0.0,True
891f2a6e8cfffff,0.0,True
891f2a6e8d3ffff,0.0,True
891f2a6e8d7ffff,0.0,True
891f2a6e8dbffff,0.0,True
891f2a6e903ffff,478.5,False
891f2a6e907ffff,591.7,False
891f2a6e90bffff,167.6,False
891f2a6e90fffff,281.4,False
891f2a6e913ffff,638.1,False
891f2a6e917ffff,784.4,False
891f2a6e91bffff,320.7,False
891f2a6e923ffff,499.6,False
891f2a6e927ffff,600.4,False
891f2a6e92bffff,194.1,False
891f2a6e92fffff,292.5,False
891f2a6e933ffff,703.2,False
891f2a6e937ffff,801.5,False
891f2a6e93bffff,401.3,False
891f2a6e943ffff,0.0,True
891f2a6e947ffff,0.0,True
891f2a6e94bffff,0.0,True
891f2a6e94fffff,0.0,True
891f2a6e953ffff,0.0,True
891f2a6e957ffff,3.7,True
891f2a6e95bffff,0.0,True
891f2a6e963ffff,0.0,True
891f2a6e967ffff,0.0,True
891f2a6e96bffff,0.0,True
891f2a6e96fffff,0.0,True
891f2a6e973ffff,0.0,True
891f2a6e977ffff,97.2,True
891f2a6e97bffff,0.0,True
891f2a6e983ffff,1116.2,False
891f2a6e987ffff,1273.5,False
891f2a6e98bffff,799.4,False
891f2a6e98fffff,955.6,False
891f2a6e993ffff,1282.5,False
891f2a6e997ffff,1433.3,False
891f2a6e99bffff,968.4,False
891f2a6e9a3ffff,1215.7,False
891f2a6e9a7ffff,1313.6,False
891f2a6e9abffff,903.3,False
891f2a6e9afffff,1007.8,False
891f2a6e9b3ffff,1401.9,False
891f2a6e9b7ffff,1517.9,False
891f2a6e9bbffff,1092.3,False
891f2a6e9c3ffff,342.9,False
891f2a6e9c7ffff,482.6,False
891f2a6e9cbffff,32.1,True
891f2a6e9cfffff,166.2,False
891f2a6e9d3ffff,535.1,False
891f2a6e9d7ffff,655.0,False
891f2a6e9dbffff,228.7,False
891f2a6ea03ffff,0.0,True
891f2a6ea07ffff,0.0,True
891f2a6ea0bffff,1.0,True
891f2a6ea0fffff,0.0,True
891f2a6ea13ffff,0.0,True
891f2a6ea17ffff,0.0,True
891f2a6ea1bffff,0.0,True
891f2a6ea23ffff,0.0,True
891f2a6ea27ffff,0.0,True
891f2a6ea2bffff,0.0,True
891f2a6ea2fffff,0.0,True
891f2a6ea33ffff,0.0,True
891f2a6ea37ffff,0.0,True
891f2a6ea3bffff,0.0,True
891f2a6ea67ffff,0.0,True
891f2a6ea77ffff,0.0,True
891f2a6ea83ffff,0.0,True
891f2a6ea87ffff,0.0,True
891f2a6ea8bffff,0.0,True
891f2a6ea8fffff,0.0,True
891f2a6ea93ffff,0.0,True
891f2a6ea97ffff,0.0,True
891f2a6ea9bffff,0.0,True
891f2a6eaa3ffff,0.0,True
891f2a6eaa7ffff,0.0,True
891f2a6eaabffff,0.0,True
891f2a6eaafffff,0.0,True
891f2a6eab3ffff,0.0,True
891f2a6eab7ffff,0.0,True
891f2a6eabbffff,0.0,True
891f2a6eac7ffff,0.0,True
891f2a6ead3ffff,0.0,True
891f2a6ead7ffff,0.0,True
891f2a6eb03ffff,0.0,True
891f2a6eb07ffff,0.0,True
891f2a6eb0bffff,0.0,True
891f2a6eb0fffff,0.0,True
891f2a6eb13ffff,0.0,True
891f2a6eb17ffff,0.0,True
891f2a6eb1bffff,0.0,True
891f2a6eb23ffff,0.0,True
891f2a6eb27ffff,0.0,True
891f2a6eb2bffff,0.0,True
891f2a6eb2fffff,0.0,True
891f2a6eb33ffff,0.0,True
891f2a6eb37ffff,0.0,True
891f2a6eb3bffff,0.0,True
891f2a6eb43ffff,0.0,True
891f2a6eb47ffff,0.0,True
891f2a6eb4bffff,0.0,True
891f2a6eb4fffff,0.0,True
891f2a6eb53ffff,0.0,True
891f2a6eb57ffff,0.0,True
891f2a6eb5bffff,0.0,True
891f2a6eb63ffff,0.0,True
891f2a6eb67ffff,0.0,True
891f2a6eb6bffff,0.0,True
891f2a6eb6fffff,0.0,True
891f2a6eb73ffff,0.0,True
891f2a6eb77ffff,0.0,True
891f2a6eb7bffff,0.0,True
891f2a6eb83ffff,0.0,True
891f2a6eb87ffff,0.0,True
891f2a6eb8bffff,0.0,True
891f2a6eb8fffff,0.0,True
891f2a6eb93ffff,0.0,True
891f2a6eb97ffff,0.0,True
891f2a6eb9bffff,0.0,True
891f2a6eba3ffff,0.0,True
891f2a6eba7ffff,0.0,True
891f2a6ebabffff,0.0,True
891f2a6ebafffff,0.0,True
891f2a6ebb3ffff,0.0,True
891f2a6ebb7ffff,0.0,True
891f2a6ebbbffff,0.0,True
891f2a6ebc3ffff,0.0,True
891f2a6ebc7ffff,0.0,True
891f2a6ebcbffff,0.0,True
891f2a6ebcfffff,0.0,True
891f2a6ebd3ffff,0.0,True
891f2a6ebd7ffff,0.0,True
891f2a6ebdbffff,0.0,True
891f2a6ec03ffff,317.0,False
891f2a6ec07ffff,452.7,False
891f2a6ec0bffff,6.7,True
891f2a6ec0fffff,138.4,True
891f2a6ec13ffff,442.5,False
891f2a6ec17ffff,628.9,False
891f2a6ec1bffff,124.3,True
891f2a6ec23ffff,455.5,False
891f2a6ec27ffff,646.6,False
891f2a6ec2bffff,136.1,True
891f2a6ec2fffff,327.0,False
891f2a6ec33ffff,602.1,False
891f2a6ec37ffff,774.8,False
891f2a6ec3bffff,284.3,False
891f2a6ec43ffff,0.0,True
891f2a6ec47ffff,0.0,True
891f2a6ec4bffff,0.0,True
891f2a6ec4fffff,0.0,True
891f2a6ec53ffff,0.0,True
891f2a6ec57ffff,0.0,True
891f2a6ec5bffff,0.0,True
891f2a6ec63ffff,0.0,True
891f2a6ec67ffff,0.0,True
891f2a6ec6bffff,0.0,True
891f2a6ec6fffff,0.0,True
891f2a6ec73ffff,0.0,True
891f2a6ec77ffff,0.0,True
891f2a6ec7bffff,0.0,True
891f2a6ec83ffff,873.0,False
891f2a6ec87ffff,1079.9,False
891f2a6ec8bffff,553.8,False
891f2a6ec8fffff,761.2,False
891f2a6ec93ffff,993.3,False
891f2a6ec97ffff,1192.3,False
891f2a6ec9bffff,673.8,False
891f2a6eca3ffff,1082.2,False
891f2a6eca7ffff,1238.0,False
891f2a6ecabffff,766.9,False
891f2a6ecafffff,920.0,False
891f2a6ecb3ffff,1256.1,False
891f2a6ecb7ffff,1397.7,False
891f2a6ecbbffff,942.3,False
891f2a6ecc3ffff,34.6,True
891f2a6ecc7ffff,234.3,False
891f2a6eccbffff,0.0,True
891f2a6eccfffff,0.0,True
891f2a6ecd3ffff,178.2,False
891f2a6ecd7ffff,354.2,False
891f2a6ecdbffff,0.0,True
891f2a6ed03ffff,1586.9,False
891f2a6ed07ffff,1806.1,False
891f2a6ed0bffff,1269.6,False
891f2a6ed0fffff,1487.9,False
891f2a6ed13ffff,1687.2,False
891f2a6ed17ffff,1904.3,False
891f2a6ed1bffff,1368.1,False
891f2a6ed23ffff,1774.6,False
891f2a6ed27ffff,1913.2,False
891f2a6ed2bffff,1463.2,False
891f2a6ed2fffff,1597.7,False
891f2a6ed33ffff,1963.5,False
891f2a6ed37ffff,2087.1,False
891f2a6ed3bffff,1654.9,False
891f2a6ed43ffff,730.3,False
891f2a6ed47ffff,952.5,False
891f2a6ed4bffff,411.5,False
891f2a6ed4fffff,635.1,False
891f2a6ed53ffff,845.9,False
891f2a6ed57ffff,1049.2,False
891f2a6ed5bffff,526.3,False
891f2a6ed63ffff,1042.2,False
891f2a6ed67ffff,1152.6,False
891f2a6ed6bffff,738.0,False
891f2a6ed6fffff,843.1,False
891f2a6ed73ffff,1169.7,False
891f2a6ed77ffff,1348.1,False
891f2a6ed7bffff,851.9,False
891f2a6ed83ffff,2123.8,False
891f2a6ed87ffff,2325.7,False
891f2a6ed8bffff,1804.3,False
891f2a6ed8fffff,2006.4,False
891f2a6ed93ffff,2244.7,False
891f2a6ed97ffff,2443.2,False
891f2a6ed9bffff,1925.1,False
891f2a6eda3ffff,2443.0,False
891f2a6eda7ffff,2583.3,False
891f2a6edabffff,2124.4,False
891f2a6edafffff,2273.0,False
891f2a6edb3ffff,2540.0,False
891f2a6edb7ffff,2761.7,False
891f2a6edbbffff,2222.1,False
891f2a6edc3ffff,1285.9,False
891f2a6edc7ffff,1484.9,False
891f2a6edcbffff,966.3,False
891f2a6edcfffff,1165.4,False
891f2a6edd3ffff,1413.6,False
891f2a6edd7ffff,1605.5,False
891f2a6eddbffff,1094.1,False
891f2a6ee03ffff,0.0,True
891f2a6ee07ffff,0.0,True
891f2a6ee0bffff,0.0,True
891f2a6ee0fffff,0.0,True
891f2a6ee13ffff,0.0,True
891f2a6ee17ffff,0.0,True
891f2a6ee1bffff,0.0,True
891f2a6ee23ffff,0.0,True
891f2a6ee27ffff,0.0,True
891f2a6ee2bffff,0.0,True
891f2a6ee2fffff,0.0,True
891f2a6ee33ffff,0.0,True
891f2a6ee37ffff,0.0,True
891f2a6ee3bffff,0.0,True
891f2a6ee43ffff,0.0,True
891f2a6ee47ffff,0.0,True
891f2a6ee4bffff,0.0,True
891f2a6ee4fffff,0.0,True
891f2a6ee53ffff,0.0,True
891f2a6ee57ffff,0.0,True
891f2a6ee5bffff,0.0,True
891f2a6ee63ffff,0.0,True
891f2a6ee67ffff,0.0,True
891f2a6ee6bffff,0.0,True
891f2a6ee6fffff,0.0,True
891f2a6ee73ffff,0.0,True
891f2a6ee77ffff,0.0,True
891f2a6ee7bffff,0.0,True
891f2a6ee83ffff,0.0,True
891f2a6ee87ffff,0.0,True
891f2a6ee8bffff,0.0,True
891f2a6ee8fffff,0.0,True
891f2a6ee93ffff,0.0,True
891f2a6ee97ffff,0.0,True
891f2a6ee9bffff,0.0,True
891f2a6eea3ffff,0.0,True
891f2a6eea7ffff,0.0,True
891f2a6eeabffff,0.0,True
891f2a6eeafffff,0.0,True
891f2a6eeb3ffff,0.0,True
891f2a6eeb7ffff,0.0,True
891f2a6eebbffff,0.0,True
891f2a6eec3ffff,0.0,True
891f2a6eec7ffff,0.0,True
891f2a6eecbffff,0.0,True
891f2a6eecfffff,0.0,True
891f2a6eed3ffff,0.0,True
891f2a6eed7ffff,0.0,True
891f2a6eedbffff,0.0,True
891f2a70803ffff,0.0,True
891f2a70807ffff,0.0,True
891f2a7080bffff,0.0,True
891f2a7080fffff,0.0,True
891f2a70813ffff,0.0,True
891f2a70817ffff,0.0,True
891f2a7081bffff,0.0,True
891f2a70823ffff,0.0,True
891f2a70827ffff,0.0,True
891f2a7082bffff,0.0,True
891f2a7082fffff,0.0,True
891f2a70833ffff,0.0,True
891f2a70837ffff,0.0,True
891f2a7083bffff,0.0,True
891f2a70843ffff,0.0,True
891f2a70847ffff,0.0,True
891f2a7084bffff,0.0,True
891f2a7084fffff,0.0,True
891f2a70853ffff,0.0,True
891f2a70857ffff,0.0,True
891f2a70863ffff,0.0,True
891f2a70867ffff,0.0,True
891f2a7086bffff,0.0,True
891f2a7086fffff,0.0,True
891f2a70873ffff,0.0,True
891f2a70877ffff,0.0,True
891f2a7087bffff,0.0,True
891f2a70883ffff,0.0,True
891f2a70887ffff,0.0,True
891f2a7088bffff,0.0,True
891f2a7088fffff,0.0,True
891f2a70893ffff,0.0,True
891f2a70897ffff,0.0,True
891f2a7089bffff,0.0,True
891f2a708a3ffff,0.0,True
891f2a708a7ffff,0.0,True
891f2a708abffff,0.0,True
891f2a708afffff,0.0,True
891f2a708b3ffff,0.0,True
891f2a708b7ffff,0.0,True
891f2a708bbffff,0.0,True
891f2a708c3ffff,0.0,True
891f2a708c7ffff,0.0,True
891f2a708cbffff,0.0,True
891f2a708cfffff,0.0,True
891f2a708d7ffff,0.0,True
891f2a70903ffff,0.0,True
891f2a70907ffff,287.8,False
891f2a7090bffff,0.0,True
891f2a7090fffff,196.7,False
891f2a70913ffff,0.0,True
891f2a70917ffff,74.2,True
891f2a7091bffff,0.0,True
891f2a70923ffff,836.5,False
891f2a70927ffff,1160.6,False
891f2a7092bffff,751.7,False
891f2a7092fffff,1068.7,False
891f2a70933ffff,614.7,False
891f2a70937ffff,944.1,False
891f2a7093bffff,515.0,False
891f2a70943ffff,0.0,True
891f2a70947ffff,0.0,True
891f2a7094bffff,0.0,True
891f2a7094fffff,0.0,True
891f2a70953ffff,0.0,True
891f2a70957ffff,0.0,True
891f2a7095bffff,0.0,True
891f2a70963ffff,257.5,False
891f2a70967ffff,593.7,False
891f2a7096bffff,52.9,True
891f2a7096fffff,390.9,False
891f2a70973ffff,111.1,True
891f2a70977ffff,430.2,False
891f2a7097bffff,0.0,True
891f2a70983ffff,0.0,True
891f2a70987ffff,0.0,True
891f2a7098bffff,0.0,True
891f2a7098fffff,0.0,True
891f2a70993ffff,0.0,True
891f2a70997ffff,0.0,True
891f2a7099bffff,0.0,True
891f2a709a3ffff,511.8,False
891f2a709a7ffff,832.8,False
891f2a709abffff,406.3,False
891f2a709afffff,739.7,False
891f2a709b3ffff,282.8,False
891f2a709b7ffff,609.1,False
891f2a709bbffff,194.6,False
891f2a709c3ffff,0.0,True
891f2a709c7ffff,0.0,True
891f2a709cbffff,0.0,True
891f2a709cfffff,0.0,True
891f2a709d3ffff,0.0,True
891f2a709d7ffff,0.0,True
891f2a709dbffff,0.0,True
891f2a70a07ffff,0.0,True
891f2a70a0fffff,0.0,True
891f2a70a17ffff,0.0,True
891f2a70a23ffff,0.0,True
891f2a70a27ffff,0.0,True
891f2a70a2bffff,0.0,True
891f2a70a2fffff,0.0,True
891f2a70a33ffff,0.0,True
891f2a70a37ffff,0.0,True
891f2a70a3bffff,0.0,True
891f2a70a67ffff,0.0,True
891f2a70a6fffff,0.0,True
891f2a70a77ffff,0.0,True
891f2a70a87ffff,0.0,True
891f2a70aa3ffff,0.0,True
891f2a70aa7ffff,0.0,True
891f2a70aabffff,0.0,True
891f2a70aafffff,0.0,True
891f2a70ab3ffff,0.0,True
891f2a70ab7ffff,0.0,True
891f2a70abbffff,0.0,True
891f2a70b03ffff,0.0,True
891f2a70b07ffff,0.0,True
891f2a70b0bffff,0.0,True
891f2a70b0fffff,0.0,True
891f2a70b13ffff,0.0,True
891f2a70b17ffff,0.0,True
891f2a70b1bffff,0.0,True
891f2a70b23ffff,0.0,True
891f2a70b27ffff,123.3,True
891f2a70b2bffff,0.0,True
891f2a70b2fffff,0.0,True
891f2a70b33ffff,0.0,True
891f2a70b37ffff,0.0,True
891f2a70b3bffff,0.0,True
891f2a70b43ffff,0.0,True
891f2a70b47ffff,0.0,True
891f2a70b4bffff,0.0,True
891f2a70b4fffff,0.0,True
891f2a70b53ffff,0.0,True
891f2a70b57ffff,0.0,True
891f2a70b5bffff,0.0,True
891f2a70b63ffff,0.0,True
891f2a70b67ffff,0.0,True
891f2a70b6bffff,0.0,True
891f2a70b6fffff,0.0,True
891f2a70b73ffff,0.0,True
891f2a70b77ffff,0.0,True
891f2a70b7bffff,0.0,True
891f2a70b83ffff,0.0,True
891f2a70b87ffff,0.0,True
891f2a70b8bffff,0.0,True
891f2a70b8fffff,0.0,True
891f2a70b93ffff,0.0,True
891f2a70b97ffff,0.0,True
891f2a70b9bffff,0.0,True
891f2a70ba3ffff,0.0,True
891f2a70ba7ffff,0.0,True
891f2a70babffff,0.0,True
891f2a70bafffff,0.0,True
891f2a70bb3ffff,0.0,True
891f2a70bb7ffff,0.0,True
891f2a70bbbffff,0.0,True
891f2a70bc3ffff,0.0,True
891f2a70bc7ffff,0.0,True
891f2a70bcbffff,0.0,True
891f2a70bcfffff,0.0,True
891f2a70bd3ffff,0.0,True
891f2a70bd7ffff,0.0,True
891f2a70bdbffff,0.0,True
891f2a70c23ffff,0.0,True
891f2a70c27ffff,0.0,True
891f2a70c2bffff,0.0,True
891f2a70c2fffff,0.0,True
891f2a70c33ffff,0.0,True
891f2a70c37ffff,0.0,True
891f2a70c67ffff,0.0,True
891f2a70ca7ffff,0.0,True
891f2a70cafffff,0.0,True
891f2a70d03ffff,0.0,True
891f2a70d07ffff,0.0,True
891f2a70d0bffff,0.0,True
891f2a70d0fffff,0.0,True
891f2a70d13ffff,0.0,True
891f2a70d17ffff,0.0,True
891f2a70d1bffff,0.0,True
891f2a70d23ffff,0.0,True
891f2a70d27ffff,0.0,True
891f2a70d2bffff,0.0,True
891f2a70d2fffff,0.0,True
891f2a70d33ffff,0.0,True
891f2a70d37ffff,0.0,True
891f2a70d3bffff,0.0,True
891f2a70d43ffff,0.0,True
891f2a70d47ffff,0.0,True
891f2a70d4bffff,0.0,True
891f2a70d4fffff,0.0,True
891f2a70d53ffff,0.0,True
891f2a70d57ffff,0.0,True
891f2a70d5bffff,0.0,True
891f2a70d63ffff,0.0,True
891f2a70d67ffff,0.0,True
891f2a70d6bffff,0.0,True
891f2a70d6fffff,0.0,True
891f2a70d73ffff,0.0,True
891f2a70d77ffff,0.0,True
891f2a70d7bffff,0.0,True
891f2a70d83ffff,0.0,True
891f2a70d87ffff,0.0,True
891f2a70d8bffff,0.0,True
891f2a70d8fffff,0.0,True
891f2a70d93ffff,0.0,True
891f2a70d97ffff,0.0,True
891f2a70d9bffff,0.0,True
891f2a70da3ffff,0.0,True
891f2a70da7ffff,0.0,True
891f2a70dabffff,0.0,True
891f2a70dafffff,0.0,True
891f2a70db3ffff,0.0,True
891f2a70db7ffff,0.0,True
891f2a70dbbffff,0.0,True
891f2a70dc3ffff,0.0,True
891f2a70dc7ffff,0.0,True
891f2a70dcbffff,0.0,True
891f2a70dcfffff,0.0,True
891f2a70dd3ffff,0.0,True
891f2a70dd7ffff,0.0,True
891f2a70ddbffff,0.0,True
891f2a72907ffff,0.0,True
891f2a7290fffff,0.0,True
891f2a72923ffff,0.0,True
891f2a72927ffff,0.0,True
891f2a7292bffff,0.0,True
891f2a7292fffff,0.0,True
891f2a72933ffff,0.0,True
891f2a72937ffff,0.0,True
891f2a7293bffff,0.0,True
891f2a72963ffff,0.0,True
891f2a72967ffff,0.0,True
891f2a7296bffff,0.0,True
891f2a7296fffff,0.0,True
891f2a72973ffff,0.0,True
891f2a72977ffff,0.0,True
891f2a7297bffff,0.0,True
891f2a729a3ffff,0.0,True
891f2a729a7ffff,0.0,True
891f2a729abffff,0.0,True
891f2a729afffff,0.0,True
891f2a729b7ffff,0.0,True
891f2a72b07ffff,0.0,True
891f2a72b0fffff,0.0,True
891f2a72b23ffff,0.0,True
891f2a72b27ffff,0.0,True
891f2a72b2bffff,0.0,True
891f2a72b2fffff,0.0,True
891f2a72b33ffff,0.0,True
891f2a72b37ffff,0.0,True
891f2a72b3bffff,0.0,True
891f2a72b63ffff,0.0,True
891f2a72b67ffff,0.0,True
891f2a72b6bffff,0.0,True
891f2a72b6fffff,0.0,True
891f2a72b73ffff,0.0,True
891f2a72b77ffff,0.0,True
891f2a72b7bffff,0.0,True
891f2a72ba3ffff,0.0,True
891f2a72ba7ffff,0.0,True
891f2a72babffff,0.0,True
891f2a72bafffff,0.0,True
891f2a72bb7ffff,0.0,True
891f2a74003ffff,0.0,True
891f2a74007ffff,0.0,True
891f2a7400bffff,0.0,True
891f2a7400fffff,0.0,True
891f2a74013ffff,0.0,True
891f2a74017ffff,0.0,True
891f2a7401bffff,0.0,True
891f2a74023ffff,0.0,True
891f2a74027ffff,0.0,True
891f2a7402bffff,0.0,True
891f2a7402fffff,0.0,True
891f2a74033ffff,0.0,True
891f2a74037ffff,0.0,True
891f2a7403bffff,0.0,True
891f2a74043ffff,0.0,True
891f2a74047ffff,0.0,True
891f2a7404bffff,0.0,True
891f2a7404fffff,0.0,True
891f2a74053ffff,0.0,True
891f2a74057ffff,0.0,True
891f2a7405bffff,0.0,True
891f2a74063ffff,0.0,True
891f2a74067ffff,0.0,True
891f2a7406bffff,0.0,True
891f2a7406fffff,0.0,True
891f2a74073ffff,0.0,True
891f2a74077ffff,0.0,True
891f2a7407bffff,0.0,True
891f2a74083ffff,0.0,True
891f2a74087ffff,0.0,True
891f2a7408bffff,0.0,True
891f2a7408fffff,0.0,True
891f2a74093ffff,0.0,True
891f2a74097ffff,0.0,True
891f2a7409bffff,0.0,True
891f2a740abffff,0.0,True
891f2a740afffff,0.0,True
891f2a740bbffff,0.0,True
891f2a740c3ffff,0.0,True
891f2a740c7ffff,0.0,True
891f2a740cbffff,0.0,True
891f2a740cfffff,0.0,True
891f2a740d3ffff,0.0,True
891f2a740d7ffff,0.0,True
891f2a740dbffff,0.0,True
891f2a7410bffff,0.0,True
891f2a74143ffff,0.0,True
891f2a74147ffff,0.0,True
891f2a7414bffff,0.0,True
891f2a7414fffff,0.0,True
891f2a74153ffff,0.0,True
891f2a74157ffff,0.0,True
891f2a7415bffff,0.0,True
891f2a74163ffff,0.0,True
891f2a74167ffff,0.0,True
891f2a7416bffff,0.0,True
891f2a7416fffff,0.0,True
891f2a74173ffff,0.0,True
891f2a74177ffff,0.0,True
891f2a7417bffff,0.0,True
891f2a741cbffff,0.0,True
891f2a74203ffff,0.0,True
891f2a74207ffff,0.0,True
891f2a7420bffff,164.9,True
891f2a7420fffff,0.0,True
891f2a74213ffff,0.0,True
891f2a74217ffff,0.0,True
891f2a7421bffff,50.6,True
891f2a74223ffff,0.0,True
891f2a74227ffff,0.0,True
891f2a7422bffff,0.0,True
891f2a7422fffff,0.0,True
891f2a74233ffff,0.0,True
891f2a74237ffff,0.0,True
891f2a7423bffff,0.0,True
891f2a74243ffff,686.7,False
891f2a74247ffff,483.9,False
891f2a7424bffff,1005.0,False
891f2a7424fffff,802.9,False
891f2a74253ffff,592.7,False
891f2a74257ffff,368.5,False
891f2a7425bffff,908.3,False
891f2a74263ffff,463.3,False
891f2a74267ffff,304.4,False
891f2a7426bffff,778.3,False
891f2a7426fffff,622.6,False
891f2a74273ffff,303.4,False
891f2a74277ffff,149.2,True
891f2a7427bffff,621.3,False
891f2a74283ffff,0.0,True
891f2a74287ffff,0.0,True
891f2a7428bffff,0.0,True
891f2a7428fffff,0.0,True
891f2a74293ffff,0.0,True
891f2a74297ffff,0.0,True
891f2a7429bffff,0.0,True
891f2a742a3ffff,0.0,True
891f2a742a7ffff,0.0,True
891f2a742abffff,0.0,True
891f2a742afffff,0.0,True
891f2a742b3ffff,0.0,True
891f2a742b7ffff,0.0,True
891f2a742bbffff,0.0,True
891f2a742c3ffff,207.0,False
891f2a742c7ffff,0.0,True
891f2a742cbffff,518.6,False
891f2a742cfffff,277.6,False
891f2a742d3ffff,161.5,True
891f2a742d7ffff,0.0,True
891f2a742dbffff,465.7,False
891f2a74303ffff,0.0,True
891f2a74307ffff,0.0,True
891f2a7430bffff,0.0,True
891f2a7430fffff,0.0,True
891f2a74313ffff,0.0,True
891f2a74317ffff,0.0,True
891f2a7431bffff,0.0,True
891f2a74323ffff,0.0,True
891f2a74327ffff,0.0,True
891f2a7432bffff,0.0,True
891f2a7432fffff,0.0,True
891f2a74333ffff,0.0,True
891f2a74337ffff,0.0,True
891f2a7433bffff,0.0,True
891f2a74343ffff,0.0,True
891f2a74347ffff,0.0,True
891f2a7434bffff,0.0,True
891f2a7434fffff,0.0,True
891f2a74353ffff,0.0,True
891f2a74357ffff,0.0,True
891f2a7435bffff,0.0,True
891f2a74363ffff,0.0,True
891f2a74367ffff,0.0,True
891f2a7436bffff,0.0,True
891f2a7436fffff,0.0,True
891f2a74373ffff,0.0,True
891f2a74377ffff,0.0,True
891f2a7437bffff,0.0,True
891f2a74383ffff,0.0,True
891f2a74387ffff,0.0,True
891f2a7438bffff,0.0,True
891f2a7438fffff,0.0,True
891f2a74393ffff,0.0,True
891f2a74397ffff,0.0,True
891f2a7439bffff,0.0,True
891f2a743a3ffff,0.0,True
891f2a743a7ffff,0.0,True
891f2a743abffff,0.0,True
891f2a743afffff,0.0,True
891f2a743b3ffff,0.0,True
891f2a743b7ffff,0.0,True
891f2a743bbffff,0.0,True
891f2a743c3ffff,0.0,True
891f2a743c7ffff,0.0,True
891f2a743cbffff,0.0,True
891f2a743cfffff,0.0,True
891f2a743d3ffff,0.0,True
891f2a743d7ffff,0.0,True
891f2a743dbffff,0.0,True
891f2a74403ffff,0.0,True
891f2a74407ffff,0.0,True
891f2a7440bffff,0.0,True
891f2a7440fffff,0.0,True
891f2a74413ffff,0.0,True
891f2a74417ffff,0.0,True
891f2a7441bffff,0.0,True
891f2a74423ffff,0.0,True
891f2a7442bffff,0.0,True
891f2a7442fffff,0.0,True
891f2a74433ffff,0.0,True
891f2a7443bffff,0.0,True
891f2a74443ffff,0.0,True
891f2a74447ffff,0.0,True
891f2a7444bffff,0.0,True
891f2a7444fffff,0.0,True
891f2a74453ffff,0.0,True
891f2a74457ffff,0.0,True
891f2a7445bffff,0.0,True
891f2a74463ffff,0.0,True
891f2a74467ffff,0.0,True
891f2a7446bffff,0.0,True
891f2a7446fffff,0.0,True
891f2a74473ffff,0.0,True
891f2a74477ffff,0.0,True
891f2a7447bffff,0.0,True
891f2a7448bffff,0.0,True
891f2a7449bffff,0.0,True
891f2a744abffff,0.0,True
891f2a744c3ffff,0.0,True
891f2a744c7ffff,0.0,True
891f2a744cbffff,0.0,True
891f2a744cfffff,0.0,True
891f2a744d3ffff,0.0,True
891f2a744d7ffff,0.0,True
891f2a744dbffff,0.0,True
891f2a74603ffff,0.0,True
891f2a74607ffff,0.0,True
891f2a7460bffff,0.0,True
891f2a7460fffff,0.0,True
891f2a74613ffff,0.0,True
891f2a74617ffff,0.0,True
891f2a7461bffff,0.0,True
891f2a74623ffff,0.0,True
891f2a74627ffff,0.0,True
891f2a7462bffff,0.0,True
891f2a7462fffff,0.0,True
891f2a74633ffff,0.0,True
891f2a74637ffff,0.0,True
891f2a7463bffff,0.0,True
891f2a74643ffff,198.1,False
891f2a74647ffff,38.7,True
891f2a7464bffff,516.3,False
891f2a7464fffff,353.2,False
891f2a74653ffff,65.0,True
891f2a74657ffff,0.0,True
891f2a7465bffff,383.9,False
891f2a74663ffff,0.0,True
891f2a74667ffff,0.0,True
891f2a7466bffff,145.1,True
891f2a7466fffff,0.0,True
891f2a74673ffff,0.0,True
891f2a74677ffff,0.0,True
891f2a7467bffff,155.5,True
891f2a74683ffff,0.0,True
891f2a74687ffff,0.0,True
891f2a7468bffff,0.0,True
891f2a7468fffff,0.0,True
891f2a74693ffff,0.0,True
891f2a74697ffff,0.0,True
891f2a7469bffff,0.0,True
891f2a746a3ffff,0.0,True
891f2a746a7ffff,0.0,True
891f2a746abffff,0.0,True
891f2a746afffff,0.0,True
891f2a746b3ffff,0.0,True
891f2a746b7ffff,0.0,True
891f2a746bbffff,0.0,True
891f2a746c3ffff,0.0,True
891f2a746c7ffff,0.0,True
891f2a746cbffff,0.0,True
891f2a746cfffff,0.0,True
891f2a746d3ffff,0.0,True
891f2a746d7ffff,0.0,True
891f2a746dbffff,0.0,True
891f2a74803ffff,0.0,True
891f2a74807ffff,0.0,True
891f2a7480bffff,0.0,True
891f2a7480fffff,0.0,True
891f2a74813ffff,0.0,True
891f2a7481bffff,0.0,True
891f2a7483bffff,0.0,True
891f2a74843ffff,0.0,True
891f2a74847ffff,0.0,True
891f2a7484bffff,0.0,True
891f2a7484fffff,0.0,True
891f2a74853ffff,0.0,True
891f2a74857ffff,0.0,True
891f2a7485bffff,0.0,True
891f2a74863ffff,0.0,True
891f2a74867ffff,0.0,True
891f2a7486bffff,0.0,True
891f2a7486fffff,0.0,True
891f2a74873ffff,0.0,True
891f2a74877ffff,0.0,True
891f2a7487bffff,0.0,True
891f2a7488bffff,0.0,True
891f2a748c3ffff,0.0,True
891f2a748c7ffff,0.0,True
891f2a748cbffff,0.0,True
891f2a748cfffff,0.0,True
891f2a748d3ffff,0.0,True
891f2a748d7ffff,0.0,True
891f2a748dbffff,0.0,True
891f2a74a03ffff,0.0,True
891f2a74a07ffff,0.0,True
891f2a74a0bffff,0.0,True
891f2a74a0fffff,0.0,True
891f2a74a13ffff,0.0,True
891f2a74a17ffff,0.0,True
891f2a74a1bffff,0.0,True
891f2a74a23ffff,0.0,True
891f2a74a27ffff,0.0,True
891f2a74a2bffff,0.0,True
891f2a74a2fffff,0.0,True
891f2a74a33ffff,0.0,True
891f2a74a37ffff,0.0,True
891f2a74a3bffff,0.0,True
891f2a74a43ffff,0.0,True
891f2a74a47ffff,0.0,True
891f2a74a4bffff,0.0,True
891f2a74a4fffff,0.0,True
891f2a74a53ffff,0.0,True
891f2a74a57ffff,0.0,True
891f2a74a5bffff,0.0,True
891f2a74a63ffff,0.0,True
891f2a74a67ffff,0.0,True
891f2a74a6bffff,0.0,True
891f2a74a6fffff,0.0,True
891f2a74a73ffff,0.0,True
891f2a74a77ffff,0.0,True
891f2a74a7bffff,0.0,True
891f2a74a83ffff,0.0,True
891f2a74a87ffff,0.0,True
891f2a74a8bffff,0.0,True
891f2a74a8fffff,0.0,True
891f2a74a93ffff,0.0,True
891f2a74a97ffff,0.0,True
891f2a74a9bffff,0.0,True
891f2a74aa3ffff,0.0,True
891f2a74aa7ffff,0.0,True
891f2a74aabffff,0.0,True
891f2a74aafffff,0.0,True
891f2a74ab3ffff,0.0,True
891f2a74ab7ffff,0.0,True
891f2a74abbffff,0.0,True
891f2a74ac3ffff,0.0,True
891f2a74ac7ffff,0.0,True
891f2a74acbffff,0.0,True
891f2a74acfffff,0.0,True
891f2a74ad3ffff,0.0,True
891f2a74ad7ffff,0.0,True
891f2a74adbffff,0.0,True
891f2a74b0bffff,0.0,True
891f2a74b13ffff,0.0,True
891f2a74b1bffff,0.0,True
891f2a74b43ffff,0.0,True
891f2a74b47ffff,0.0,True
891f2a74b4bffff,0.0,True
891f2a74b4fffff,0.0,True
891f2a74b53ffff,0.0,True
891f2a74b57ffff,0.0,True
891f2a74b5bffff,0.0,True
891f2a74b63ffff,0.0,True
891f2a74b67ffff,0.0,True
891f2a74b6bffff,0.0,True
891f2a74b6fffff,0.0,True
891f2a74b73ffff,0.0,True
891f2a74b77ffff,0.0,True
891f2a74b7bffff,0.0,True
891f2a74b8bffff,0.0,True
891f2a74b9bffff,0.0,True
891f2a74bc3ffff,0.0,True
891f2a74bc7ffff,0.0,True
891f2a74bcbffff,0.0,True
891f2a74bcfffff,0.0,True
891f2a74bd3ffff,0.0,True
891f2a74bd7ffff,0.0,True
891f2a74bdbffff,0.0,True
891f2a74e03ffff,0.0,True
891f2a74e07ffff,0.0,True
891f2a74e0bffff,0.0,True
891f2a74e0fffff,0.0,True
891f2a74e13ffff,0.0,True
891f2a74e17ffff,0.0,True
891f2a74e1bffff,0.0,True
891f2a74e23ffff,0.0,True
891f2a74e27ffff,0.0,True
891f2a74e2bffff,0.0,True
891f2a74e2fffff,0.0,True
891f2a74e33ffff,0.0,True
891f2a74e37ffff,0.0,True
891f2a74e3bffff,0.0,True
891f2a74e43ffff,0.0,True
891f2a74e47ffff,0.0,True
891f2a74e4bffff,0.0,True
891f2a74e4fffff,0.0,True
891f2a74e53ffff,0.0,True
891f2a74e57ffff,0.0,True
891f2a74e5bffff,0.0,True
891f2a74e63ffff,0.0,True
891f2a74e67ffff,0.0,True
891f2a74e6bffff,0.0,True
891f2a74e6fffff,0.0,True
891f2a74e73ffff,0.0,True
891f2a74e77ffff,0.0,True
891f2a74e7bffff,0.0,True
891f2a74e8bffff,0.0,True
891f2a74e9bffff,0.0,True
891f2a74ec3ffff,0.0,True
891f2a74ec7ffff,0.0,True
891f2a74ecbffff,0.0,True
891f2a74ecfffff,0.0,True
891f2a74ed3ffff,0.0,True
891f2a74ed7ffff,0.0,True
891f2a74edbffff,0.0,True
891f2a75003ffff,3596.1,False
891f2a75007ffff,3448.3,False
891f2a7500bffff,3446.1,False
891f2a7500fffff,3758.4,False
891f2a75013ffff,3420.0,False
891f2a75017ffff,3400.6,False
891f2a7501bffff,3259.3,False
891f2a75023ffff,3268.8,False
891f2a75027ffff,3034.5,False
891f2a7502bffff,3583.3,False
891f2a7502fffff,3350.9,False
891f2a75033ffff,3197.4,False
891f2a75037ffff,2954.9,False
891f2a7503bffff,3509.9,False
891f2a75043ffff,2974.9,False
891f2a75047ffff,3307.7,False
891f2a7504bffff,2785.3,False
891f2a7504fffff,3123.8,False
891f2a75053ffff,2775.9,False
891f2a75057ffff,3111.0,False
891f2a7505bffff,2640.0,False
891f2a75063ffff,3800.9,False
891f2a75067ffff,3898.1,False
891f2a7506bffff,3608.9,False
891f2a7506fffff,3947.6,False
891f2a75073ffff,3641.2,False
891f2a75077ffff,3823.3,False
891f2a7507bffff,3462.4,False
891f2a75083ffff,3254.8,False
891f2a75087ffff,3065.0,False
891f2a7508bffff,3254.2,False
891f2a7508fffff,3367.1,False
891f2a75093ffff,3138.2,False
891f2a75097ffff,2935.8,False
891f2a7509bffff,3098.4,False
891f2a750a3ffff,2831.1,False
891f2a750a7ffff,2574.5,False
891f2a750abffff,3139.2,False
891f2a750afffff,2885.6,False
891f2a750b3ffff,2792.0,False
891f2a750b7ffff,2524.2,False
891f2a750bbffff,3095.6,False
891f2a750c3ffff,2744.0,False
891f2a750c7ffff,3081.9,False
891f2a750cbffff,2586.1,False
891f2a750cfffff,2922.7,False
891f2a750d3ffff,2577.0,False
891f2a750d7ffff,2915.6,False
891f2a750dbffff,2406.3,False
891f2a75103ffff,2079.1,False
891f2a75107ffff,1894.3,False
891f2a7510bffff,2398.2,False
891f2a7510fffff,2212.8,False
891f2a75113ffff,1960.5,False
891f2a75117ffff,1760.0,False
891f2a7511bffff,2279.2,False
891f2a75123ffff,1891.7,False
891f2a75127ffff,1711.6,False
891f2a7512bffff,2206.2,False
891f2a7512fffff,2030.4,False
891f2a75133ffff,1726.7,False
891f2a75137ffff,1577.9,False
891f2a7513bffff,2043.4,False
891f2a75143ffff,2916.6,False
891f2a75147ffff,2717.3,False
891f2a7514bffff,3235.4,False
891f2a7514fffff,3036.4,False
891f2a75153ffff,2810.3,False
891f2a75157ffff,2597.9,False
891f2a7515bffff,3128.2,False
891f2a75163ffff,2678.1,False
891f2a75167ffff,2521.3,False
891f2a7516bffff,2995.5,False
891f2a7516fffff,2836.8,False
891f2a75173ffff,2531.4,False
891f2a75177ffff,2360.6,False
891f2a7517bffff,2850.2,False
891f2a75183ffff,1541.1,False
891f2a75187ffff,1323.3,False
891f2a7518bffff,1858.2,False
891f2a7518fffff,1641.8,False
891f2a75193ffff,1459.1,False
891f2a75197ffff,1224.6,False
891f2a7519bffff,1773.0,False
891f2a751a3ffff,1257.6,False
891f2a751a7ffff,1094.0,False
891f2a751abffff,1576.0,False
891f2a751afffff,1410.0,False
891f2a751b3ffff,1122.0,False
891f2a751b7ffff,939.3,False
891f2a751bbffff,1441.0,False
891f2a751c3ffff,2402.9,False
891f2a751c7ffff,2175.4,False
891f2a751cbffff,2718.4,False
891f2a751cfffff,2492.7,False
891f2a751d3ffff,2327.3,False
891f2a751d7ffff,2087.7,False
891f2a751dbffff,2640.9,False
891f2a75203ffff,2391.2,False
891f2a75207ffff,2729.3,False
891f2a7520bffff,2219.4,False
891f2a7520fffff,2557.5,False
891f2a75213ffff,2225.9,False
891f2a75217ffff,2564.6,False
891f2a7521bffff,2052.8,False
891f2a75223ffff,3234.1,False
891f2a75227ffff,3572.4,False
891f2a7522bffff,3071.9,False
891f2a7522fffff,3408.9,False
891f2a75233ffff,3067.5,False
891f2a75237ffff,3405.7,False
891f2a7523bffff,2895.8,False
891f2a75243ffff,1725.4,False
891f2a75247ffff,2061.9,False
891f2a7524bffff,1584.9,False
891f2a7524fffff,1918.5,False
891f2a75253ffff,1543.9,False
891f2a75257ffff,1881.6,False
891f2a7525bffff,1389.9,False
891f2a75263ffff,2587.7,False
891f2a75267ffff,2922.9,False
891f2a7526bffff,2452.6,False
891f2a7526fffff,2785.4,False
891f2a75273ffff,2398.6,False
891f2a75277ffff,2735.2,False
891f2a7527bffff,2253.1,False
891f2a75283ffff,2254.5,False
891f2a75287ffff,2593.1,False
891f2a7528bffff,2071.5,False
891f2a7528fffff,2410.2,False
891f2a75293ffff,2108.4,False
891f2a75297ffff,2446.8,False
891f2a7529bffff,1916.0,False
891f2a752a3ffff,3087.6,False
891f2a752a7ffff,3426.2,False
891f2a752abffff,2903.3,False
891f2a752afffff,3242.0,False
891f2a752b3ffff,2931.7,False
891f2a752b7ffff,3270.3,False
891f2a752bbffff,2748.9,False
891f2a752c3ffff,1548.6,False
891f2a752c7ffff,1887.2,False
891f2a752cbffff,1375.6,False
891f2a752cfffff,1714.2,False
891f2a752d3ffff,1394.2,False
891f2a752d7ffff,1732.9,False
891f2a752dbffff,1209.9,False
891f2a75303ffff,4312.9,False
891f2a75307ffff,4125.4,False
891f2a7530bffff,4587.4,False
891f2a7530fffff,4444.3,False
891f2a75313ffff,4191.9,False
891f2a75317ffff,3993.7,False
891f2a7531bffff,4420.9,False
891f2a75323ffff,4102.2,False
891f2a75327ffff,3944.0,False
891f2a7532bffff,4419.0,False
891f2a7532fffff,4263.0,False
891f2a75333ffff,3949.1,False
891f2a75337ffff,3785.4,False
891f2a7533bffff,4267.2,False
891f2a75343ffff,4083.7,False
891f2a75347ffff,4421.4,False
891f2a7534bffff,3929.5,False
891f2a7534fffff,4265.9,False
891f2a75353ffff,3910.7,False
891f2a75357ffff,4249.1,False
891f2a7535bffff,3746.2,False
891f2a75363ffff,4903.8,False
891f2a75367ffff,4736.2,False
891f2a7536bffff,4791.2,False
891f2a7536fffff,5053.6,False
891f2a75373ffff,4759.1,False
891f2a75377ffff,4585.4,False
891f2a7537bffff,4602.6,False
891f2a75383ffff,3764.1,False
891f2a75387ffff,3554.2,False
891f2a7538bffff,4082.2,False
891f2a7538fffff,3873.0,False
891f2a75393ffff,3667.3,False
891f2a75397ffff,3446.1,False
891f2a7539bffff,3984.1,False
891f2a753a3ffff,3487.8,False
891f2a753a7ffff,3313.2,False
891f2a753abffff,3806.6,False
891f2a753afffff,3631.2,False
891f2a753b3ffff,3355.5,False
891f2a753b7ffff,3169.0,False
891f2a753bbffff,3674.6,False
891f2a753c3ffff,3919.4,False
891f2a753c7ffff,4258.1,False
891f2a753cbffff,3744.0,False
891f2a753cfffff,4082.4,False
891f2a753d3ffff,3764.9,False
891f2a753d7ffff,4103.6,False
891f2a753dbffff,3580.7,False
891f2a75403ffff,2257.7,False
891f2a75407ffff,2579.5,False
891f2a7540bffff,2144.7,False
891f2a7540fffff,2475.1,False
891f2a75413ffff,2029.2,False
891f2a75417ffff,2354.7,False
891f2a7541bffff,1938.5,False
891f2a75423ffff,2708.7,False
891f2a75427ffff,2501.3,False
891f2a7542bffff,3015.8,False
891f2a7542fffff,2819.8,False
891f2a75433ffff,2554.9,False
891f2a75437ffff,2392.3,False
891f2a7543bffff,2807.1,False
891f2a75443ffff,1709.9,False
891f2a75447ffff,2033.8,False
891f2a7544bffff,1604.5,False
891f2a7544fffff,1941.2,False
891f2a75453ffff,1487.4,False
891f2a75457ffff,1815.1,False
891f2a7545bffff,1388.1,False
891f2a75463ffff,2583.3,False
891f2a75467ffff,2907.2,False
891f2a7546bffff,2421.4,False
891f2a7546fffff,2759.9,False
891f2a75473ffff,2360.1,False
891f2a75477ffff,2687.1,False
891f2a7547bffff,2261.3,False
891f2a75483ffff,1877.7,False
891f2a75487ffff,2172.3,False
891f2a7548bffff,1803.0,False
891f2a7548fffff,2119.8,False
891f2a75493ffff,1613.4,False
891f2a75497ffff,1908.3,False
891f2a7549bffff,1565.6,False
891f2a754a3ffff,2094.9,False
891f2a754a7ffff,1919.1,False
891f2a754abffff,2413.6,False
891f2a754afffff,2237.0,False
891f2a754b3ffff,1967.4,False
891f2a754b7ffff,1776.2,False
891f2a754bbffff,2286.3,False
891f2a754c3ffff,1384.7,False
891f2a754c7ffff,1706.1,False
891f2a754cbffff,1274.6,False
891f2a754cfffff,1606.6,False
891f2a754d3ffff,1155.9,False
891f2a754d7ffff,1481.8,False
891f2a754dbffff,1066.3,False
891f2a75503ffff,1599.2,False
891f2a75507ffff,1314.8,False
891f2a7550bffff,1893.4,False
891f2a7550fffff,1613.7,False
891f2a75513ffff,1471.4,False
891f2a75517ffff,1301.5,False
891f2a7551bffff,1790.1,False
891f2a75523ffff,1080.6,False
891f2a75527ffff,831.5,False
891f2a7552bffff,1390.6,False
891f2a7552fffff,1145.1,False
891f2a75533ffff,1038.3,False
891f2a75537ffff,772.2,False
891f2a7553bffff,1342.1,False
891f2a75543ffff,2427.5,False
891f2a75547ffff,2190.7,False
891f2a7554bffff,2746.2,False
891f2a7554fffff,2490.3,False
891f2a75553ffff,2297.7,False
891f2a75557ffff,2108.8,False
891f2a7555bffff,2616.7,False
891f2a75563ffff,1955.5,False
891f2a75567ffff,1701.9,False
891f2a7556bffff,2264.4,False
891f2a7556fffff,2014.2,False
891f2a75573ffff,1915.2,False
891f2a75577ffff,1648.0,False
891f2a7557bffff,2218.8,False
891f2a75583ffff,1021.8,False
891f2a75587ffff,834.4,False
891f2a7558bffff,1340.7,False
891f2a7558fffff,1152.8,False
891f2a75593ffff,909.9,False
891f2a75597ffff,702.8,False
891f2a7559bffff,1227.7,False
891f2a755a3ffff,726.5,False
891f2a755a7ffff,438.9,False
891f2a755abffff,1018.7,False
891f2a755afffff,737.1,False
891f2a755b3ffff,668.9,False
891f2a755b7ffff,438.8,False
891f2a755bbffff,985.2,False
891f2a755c3ffff,1864.4,False
891f2a755c7ffff,1659.7,False
891f2a755cbffff,2182.9,False
891f2a755cfffff,1978.7,False
891f2a755d3ffff,1760.4,False
891f2a755d7ffff,1546.0,False
891f2a755dbffff,2075.9,False
891f2a75603ffff,1243.2,False
891f2a75607ffff,1578.3,False
891f2a7560bffff,1110.0,False
891f2a7560fffff,1441.8,False
891f2a75613ffff,1056.0,False
891f2a75617ffff,1393.5,False
891f2a7561bffff,908.4,False
891f2a75623ffff,2107.9,False
891f2a75627ffff,2441.6,False
891f2a7562bffff,1963.7,False
891f2a7562fffff,2301.8,False
891f2a75633ffff,1913.5,False
891f2a75637ffff,2249.5,False
891f2a7563bffff,1774.5,False
891f2a75643ffff,613.1,False
891f2a75647ffff,950.5,False
891f2a7564bffff,416.9,False
891f2a7564fffff,755.2,False
891f2a75653ffff,450.3,False
891f2a75657ffff,779.2,False
891f2a7565bffff,275.6,False
891f2a75663ffff,1431.8,False
891f2a75667ffff,1770.1,False
891f2a7566bffff,1239.1,False
891f2a7566fffff,1577.6,False
891f2a75673ffff,1288.0,False
891f2a75677ffff,1625.7,False
891f2a7567bffff,1093.5,False
891f2a75683ffff,1067.6,False
891f2a75687ffff,1406.1,False
891f2a7568bffff,884.3,False
891f2a7568fffff,1222.9,False
891f2a75693ffff,930.2,False
891f2a75697ffff,1267.2,False
891f2a7569bffff,729.2,False
891f2a756a3ffff,1900.0,False
891f2a756a7ffff,2238.5,False
891f2a756abffff,1731.1,False
891f2a756afffff,2068.7,False
891f2a756b3ffff,1744.5,False
891f2a756b7ffff,2082.9,False
891f2a756bbffff,1561.4,False
891f2a756c3ffff,382.7,False
891f2a756c7ffff,719.2,False
891f2a756cbffff,241.5,False
891f2a756cfffff,574.8,False
891f2a756d3ffff,207.3,False
891f2a756d7ffff,545.8,False
891f2a756dbffff,46.1,True
891f2a75803ffff,1668.2,False
891f2a75807ffff,1483.1,False
891f2a7580bffff,1987.3,False
891f2a7580fffff,1801.7,False
891f2a75813ffff,1542.1,False
891f2a75817ffff,1349.3,False
891f2a7581bffff,1861.2,False
891f2a75823ffff,1468.6,False
891f2a75827ffff,1327.1,False
891f2a7582bffff,1784.4,False
891f2a7582fffff,1639.9,False
891f2a75833ffff,1311.9,False
891f2a75837ffff,1152.9,False
891f2a7583bffff,1629.9,False
891f2a75843ffff,2499.4,False
891f2a75847ffff,2306.3,False
891f2a7584bffff,2818.5,False
891f2a7584fffff,2625.4,False
891f2a75853ffff,2385.4,False
891f2a75857ffff,2180.3,False
891f2a7585bffff,2703.7,False
891f2a75863ffff,2265.8,False
891f2a75867ffff,2100.9,False
891f2a7586bffff,2583.6,False
891f2a7586fffff,2417.7,False
891f2a75873ffff,2120.4,False
891f2a75877ffff,1947.9,False
891f2a7587bffff,2439.3,False
891f2a75883ffff,1112.3,False
891f2a75887ffff,904.0,False
891f2a7588bffff,1430.4,False
891f2a7588fffff,1223.1,False
891f2a75893ffff,1019.3,False
891f2a75897ffff,794.6,False
891f2a7589bffff,1335.4,False
891f2a758a3ffff,846.1,False
891f2a758a7ffff,676.4,False
891f2a758abffff,1164.6,False
891f2a758afffff,994.0,False
891f2a758b3ffff,711.4,False
891f2a758b7ffff,527.6,False
891f2a758bbffff,1030.3,False
891f2a758c3ffff,1968.2,False
891f2a758c7ffff,1748.7,False
891f2a758cbffff,2285.3,False
891f2a758cfffff,2067.0,False
891f2a758d3ffff,1885.5,False
891f2a758d7ffff,1651.6,False
891f2a758dbffff,2199.7,False
891f2a75903ffff,708.0,False
891f2a75907ffff,458.8,False
891f2a7590bffff,1000.1,False
891f2a7590fffff,749.8,False
891f2a75913ffff,483.6,False
891f2a75917ffff,419.5,False
891f2a7591bffff,782.4,False
891f2a75923ffff,194.3,False
891f2a75927ffff,0.0,True
891f2a7592bffff,499.9,False
891f2a7592fffff,241.1,False
891f2a75933ffff,169.7,True
891f2a75937ffff,0.0,True
891f2a7593bffff,466.9,False
891f2a75943ffff,1388.9,False
891f2a75947ffff,1296.0,False
891f2a7594bffff,1695.0,False
891f2a7594fffff,1595.2,False
891f2a75953ffff,1194.4,False
891f2a75957ffff,1084.4,False
891f2a7595bffff,1504.9,False
891f2a75963ffff,1071.3,False
891f2a75967ffff,807.8,False
891f2a7596bffff,1376.4,False
891f2a7596fffff,1116.5,False
891f2a75973ffff,1045.0,False
891f2a75977ffff,767.8,False
891f2a7597bffff,1343.6,False
891f2a75983ffff,0.0,True
891f2a75987ffff,0.0,True
891f2a7598bffff,272.0,False
891f2a7598fffff,188.6,False
891f2a75993ffff,0.0,True
891f2a75997ffff,0.0,True
891f2a7599bffff,76.6,True
891f2a759a3ffff,0.0,True
891f2a759a7ffff,0.0,True
891f2a759abffff,173.3,True
891f2a759afffff,0.0,True
891f2a759b3ffff,0.0,True
891f2a759b7ffff,0.0,True
891f2a759bbffff,136.1,True
891f2a759c3ffff,700.1,False
891f2a759c7ffff,577.4,False
891f2a759cbffff,1013.8,False
891f2a759cfffff,885.2,False
891f2a759d3ffff,523.9,False
891f2a759d7ffff,387.8,False
891f2a759dbffff,838.1,False
891f2a75a03ffff,3902.0,False
891f2a75a07ffff,3715.3,False
891f2a75a0bffff,4221.2,False
891f2a75a0fffff,4034.3,False
891f2a75a13ffff,3775.9,False
891f2a75a17ffff,3582.9,False
891f2a75a1bffff,4095.0,False
891f2a75a23ffff,3687.1,False
891f2a75a27ffff,3527.9,False
891f2a75a2bffff,4004.8,False
891f2a75a2fffff,3843.9,False
891f2a75a33ffff,3537.4,False
891f2a75a37ffff,3369.5,False
891f2a75a3bffff,3855.7,False
891f2a75a43ffff,4733.4,False
891f2a75a47ffff,4540.4,False
891f2a75a4bffff,5052.6,False
891f2a75a4fffff,4859.6,False
891f2a75a53ffff,4616.0,False
891f2a75a57ffff,4414.2,False
891f2a75a5bffff,4935.0,False
891f2a75a63ffff,4492.7,False
891f2a75a67ffff,4322.8,False
891f2a75a6bffff,4811.3,False
891f2a75a6fffff,4640.9,False
891f2a75a73ffff,4353.3,False
891f2a75a77ffff,4174.1,False
891f2a75a7bffff,4672.4,False
891f2a75a83ffff,3340.7,False
891f2a75a87ffff,3137.6,False
891f2a75a8bffff,3659.5,False
891f2a75a8fffff,3456.7,False
891f2a75a93ffff,3237.5,False
891f2a75a97ffff,3022.2,False
891f2a75a9bffff,3555.3,False
891f2a75aa3ffff,3077.2,False
891f2a75aa7ffff,2901.4,False
891f2a75aabffff,3396.3,False
891f2a75aafffff,3219.3,False
891f2a75ab3ffff,2944.6,False
891f2a75ab7ffff,2758.3,False
891f2a75abbffff,3263.7,False
891f2a75ac3ffff,4190.9,False
891f2a75ac7ffff,3978.2,False
891f2a75acbffff,4508.8,False
891f2a75acfffff,4297.1,False
891f2a75ad3ffff,4094.8,False
891f2a75ad7ffff,3873.0,False
891f2a75adbffff,4411.8,False
891f2a75b03ffff,2813.1,False
891f2a75b07ffff,2559.4,False
891f2a75b0bffff,3121.3,False
891f2a75b0fffff,2867.2,False
891f2a75b13ffff,2622.6,False
891f2a75b17ffff,2506.0,False
891f2a75b1bffff,2934.1,False
891f2a75b23ffff,2358.8,False
891f2a75b27ffff,2118.2,False
891f2a75b2bffff,2672.0,False
891f2a75b2fffff,2433.4,False
891f2a75b33ffff,2300.5,False
891f2a75b37ffff,2046.8,False
891f2a75b3bffff,2609.4,False
891f2a75b43ffff,3559.0,False
891f2a75b47ffff,3430.5,False
891f2a75b4bffff,3872.6,False
891f2a75b4fffff,3740.8,False
891f2a75b53ffff,3382.4,False
891f2a75b57ffff,3246.3,False
891f2a75b5bffff,3696.4,False
891f2a75b63ffff,3230.9,False
891f2a75b67ffff,2985.6,False
891f2a75b6bffff,3542.7,False
891f2a75b6fffff,3299.9,False
891f2a75b73ffff,3175.8,False
891f2a75b77ffff,2919.6,False
891f2a75b7bffff,3484.5,False
891f2a75b83ffff,2129.4,False
891f2a75b87ffff,2003.1,False
891f2a75b8bffff,2443.1,False
891f2a75b8fffff,2312.3,False
891f2a75b93ffff,1952.9,False
891f2a75b97ffff,1816.9,False
891f2a75b9bffff,2267.1,False
891f2a75ba3ffff,1948.3,False
891f2a75ba7ffff,1683.3,False
891f2a75babffff,2253.0,False
891f2a75bafffff,1991.7,False
891f2a75bb3ffff,1896.9,False
891f2a75bb7ffff,1644.9,False
891f2a75bbbffff,2200.5,False
891f2a75bc3ffff,2896.4,False
891f2a75bc7ffff,2756.6,False
891f2a75bcbffff,3212.1,False
891f2a75bcfffff,3069.3,False
891f2a75bd3ffff,2734.6,False
891f2a75bd7ffff,2581.4,False
891f2a75bdbffff,3051.9,False
891f2a75c03ffff,899.4,False
891f2a75c07ffff,746.7,False
891f2a75c0bffff,1214.4,False
891f2a75c0fffff,1064.4,False
891f2a75c13ffff,738.9,False
891f2a75c17ffff,585.0,False
891f2a75c1bffff,1056.6,False
891f2a75c23ffff,636.8,False
891f2a75c27ffff,389.5,False
891f2a75c2bffff,947.1,False
891f2a75c2fffff,704.2,False
891f2a75c33ffff,587.3,False
891f2a75c37ffff,327.9,False
891f2a75c3bffff,897.5,False
891f2a75c43ffff,1692.7,False
891f2a75c47ffff,1530.3,False
891f2a75c4bffff,2010.7,False
891f2a75c4fffff,1846.2,False
891f2a75c53ffff,1539.1,False
891f2a75c57ffff,1374.6,False
891f2a75c5bffff,1856.4,False
891f2a75c63ffff,1511.4,False
891f2a75c67ffff,1259.2,False
891f2a75c6bffff,1820.7,False
891f2a75c6fffff,1571.7,False
891f2a75c73ffff,1382.6,False
891f2a75c77ffff,1203.4,False
891f2a75c7bffff,1700.3,False
891f2a75c83ffff,271.6,False
891f2a75c87ffff,104.4,True
891f2a75c8bffff,587.9,False
891f2a75c8fffff,421.5,False
891f2a75c93ffff,118.7,True
891f2a75c97ffff,0.0,True
891f2a75c9bffff,437.2,False
891f2a75ca3ffff,111.4,True
891f2a75ca7ffff,0.0,True
891f2a75cabffff,429.0,False
891f2a75cafffff,272.6,False
891f2a75cb3ffff,0.0,True
891f2a75cb7ffff,0.0,True
891f2a75cbbffff,271.4,False
891f2a75cc3ffff,1074.2,False
891f2a75cc7ffff,904.7,False
891f2a75ccbffff,1392.8,False
891f2a75ccfffff,1221.8,False
891f2a75cd3ffff,940.9,False
891f2a75cd7ffff,755.7,False
891f2a75cdbffff,1259.4,False
891f2a75d03ffff,0.0,True
891f2a75d07ffff,0.0,True
891f2a75d0bffff,0.0,True
891f2a75d0fffff,0.0,True
891f2a75d13ffff,0.0,True
891f2a75d17ffff,0.0,True
891f2a75d1bffff,0.0,True
891f2a75d23ffff,0.0,True
891f2a75d27ffff,0.0,True
891f2a75d2bffff,0.0,True
891f2a75d2fffff,0.0,True
891f2a75d33ffff,0.0,True
891f2a75d37ffff,0.0,True
891f2a75d3bffff,0.0,True
891f2a75d43ffff,266.0,False
891f2a75d47ffff,73.5,True
891f2a75d4bffff,585.0,False
891f2a75d4fffff,392.4,False
891f2a75d53ffff,159.4,True
891f2a75d57ffff,0.0,True
891f2a75d5bffff,477.0,False
891f2a75d63ffff,42.1,True
891f2a75d67ffff,0.0,True
891f2a75d6bffff,358.9,False
891f2a75d6fffff,210.7,False
891f2a75d73ffff,0.0,True
891f2a75d77ffff,0.0,True
891f2a75d7bffff,209.1,False
891f2a75d83ffff,0.0,True
891f2a75d87ffff,0.0,True
891f2a75d8bffff,0.0,True
891f2a75d8fffff,0.0,True
891f2a75d93ffff,0.0,True
891f2a75d97ffff,0.0,True
891f2a75d9bffff,0.0,True
891f2a75da3ffff,0.0,True
891f2a75da7ffff,0.0,True
891f2a75dabffff,0.0,True
891f2a75dafffff,0.0,True
891f2a75db3ffff,0.0,True
891f2a75db7ffff,0.0,True
891f2a75dbbffff,0.0,True
891f2a75dc3ffff,0.0,True
891f2a75dc7ffff,0.0,True
891f2a75dcbffff,75.8,True
891f2a75dcfffff,0.0,True
891f2a75dd3ffff,0.0,True
891f2a75dd7ffff,0.0,True
891f2a75ddbffff,20.9,True
891f2a75e03ffff,3114.0,False
891f2a75e07ffff,2957.6,False
891f2a75e0bffff,3431.5,False
891f2a75e0fffff,3273.3,False
891f2a75e13ffff,2963.2,False
891f2a75e17ffff,2796.6,False
891f2a75e1bffff,3280.1,False
891f2a75e23ffff,2829.9,False
891f2a75e27ffff,2602.5,False
891f2a75e2bffff,3145.8,False
891f2a75e2fffff,2919.8,False
891f2a75e33ffff,2755.0,False
891f2a75e37ffff,2514.7,False
891f2a75e3bffff,3067.9,False
891f2a75e43ffff,3914.5,False
891f2a75e47ffff,3749.0,False
891f2a75e4bffff,4231.9,False
891f2a75e4fffff,4066.9,False
891f2a75e53ffff,3764.4,False
891f2a75e57ffff,3597.2,False
891f2a75e5bffff,4082.8,False
891f2a75e63ffff,3695.8,False
891f2a75e67ffff,3462.0,False
891f2a75e6bffff,4010.5,False
891f2a75e6fffff,3778.3,False
891f2a75e73ffff,3589.2,False
891f2a75e77ffff,3381.7,False
891f2a75e7bffff,3905.3,False
891f2a75e83ffff,2492.0,False
891f2a75e87ffff,2329.1,False
891f2a75e8bffff,2810.0,False
891f2a75e8fffff,2646.5,False
891f2a75e93ffff,2349.3,False
891f2a75e97ffff,2174.1,False
891f2a75e9bffff,2668.3,False
891f2a75ea3ffff,2327.8,False
891f2a75ea7ffff,2131.0,False
891f2a75eabffff,2642.5,False
891f2a75eafffff,2442.7,False
891f2a75eb3ffff,2162.8,False
891f2a75eb7ffff,2013.8,False
891f2a75ebbffff,2479.5,False
891f2a75ec3ffff,3306.1,False
891f2a75ec7ffff,3128.0,False
891f2a75ecbffff,3625.1,False
891f2a75ecfffff,3446.1,False
891f2a75ed3ffff,3152.7,False
891f2a75ed7ffff,2987.2,False
891f2a75edbffff,3468.8,False
891f2a76243ffff,0.0,True
891f2a76247ffff,0.0,True
891f2a7624bffff,0.0,True
891f2a7624fffff,0.0,True
891f2a76253ffff,0.0,True
891f2a76257ffff,0.0,True
891f2a7625bffff,0.0,True
891f2a76263ffff,0.0,True
891f2a76267ffff,0.0,True
891f2a7626bffff,0.0,True
891f2a7626fffff,0.0,True
891f2a76273ffff,0.0,True
891f2a7627bffff,0.0,True
891f2a762cbffff,0.0,True
891f2a762dbffff,0.0,True
891f2a76643ffff,0.0,True
891f2a76647ffff,0.0,True
891f2a7664bffff,0.0,True
891f2a7664fffff,0.0,True
891f2a76653ffff,0.0,True
891f2a76657ffff,0.0,True
891f2a7665bffff,0.0,True
891f2a766c3ffff,0.0,True
891f2a766cbffff,0.0,True
891f2a766cfffff,0.0,True
891f2a766d3ffff,0.0,True
891f2a766dbffff,0.0,True
891f2a77003ffff,123.3,True
891f2a77007ffff,0.0,True
891f2a7700bffff,426.6,False
891f2a7700fffff,162.1,True
891f2a77013ffff,103.0,True
891f2a77017ffff,0.0,True
891f2a7701bffff,242.1,False
891f2a77023ffff,0.0,True
891f2a77027ffff,0.0,True
891f2a7702bffff,0.0,True
891f2a7702fffff,0.0,True
891f2a77033ffff,0.0,True
891f2a77037ffff,0.0,True
891f2a7703bffff,0.0,True
891f2a77043ffff,291.2,False
891f2a77047ffff,542.1,False
891f2a7704bffff,324.1,False
891f2a7704fffff,586.3,False
891f2a77053ffff,0.0,True
891f2a77057ffff,255.3,False
891f2a7705bffff,42.8,True
891f2a77063ffff,538.1,False
891f2a77067ffff,310.8,False
891f2a7706bffff,853.1,False
891f2a7706fffff,628.0,False
891f2a77073ffff,471.3,False
891f2a77077ffff,223.9,False
891f2a7707bffff,781.8,False
891f2a77083ffff,0.0,True
891f2a77087ffff,0.0,True
891f2a7708bffff,0.0,True
891f2a7708fffff,0.0,True
891f2a77093ffff,0.0,True
891f2a77097ffff,0.0,True
891f2a7709bffff,0.0,True
891f2a770a3ffff,0.0,True
891f2a770a7ffff,0.0,True
891f2a770abffff,0.0,True
891f2a770afffff,0.0,True
891f2a770b3ffff,0.0,True
891f2a770b7ffff,0.0,True
891f2a770bbffff,0.0,True
891f2a770c3ffff,0.0,True
891f2a770c7ffff,0.0,True
891f2a770cbffff,0.0,True
891f2a770cfffff,0.0,True
891f2a770d3ffff,0.0,True
891f2a770d7ffff,0.0,True
891f2a770dbffff,0.0,True
891f2a77103ffff,0.0,True
891f2a77107ffff,0.0,True
891f2a7710bffff,0.0,True
891f2a7710fffff,0.0,True
891f2a77113ffff,0.0,True
891f2a77117ffff,0.0,True
891f2a7711bffff,0.0,True
891f2a77123ffff,0.0,True
891f2a77127ffff,0.0,True
891f2a7712bffff,0.0,True
891f2a7712fffff,0.0,True
891f2a77133ffff,0.0,True
891f2a77137ffff,0.0,True
891f2a7713bffff,0.0,True
891f2a77143ffff,0.0,True
891f2a77147ffff,0.0,True
891f2a7714bffff,0.0,True
891f2a7714fffff,0.0,True
891f2a77153ffff,0.0,True
891f2a77157ffff,0.0,True
891f2a7715bffff,0.0,True
891f2a77163ffff,0.0,True
891f2a77167ffff,0.0,True
891f2a7716bffff,0.0,True
891f2a7716fffff,0.0,True
891f2a77173ffff,0.0,True
891f2a77177ffff,0.0,True
891f2a7717bffff,0.0,True
891f2a77183ffff,0.0,True
891f2a77187ffff,0.0,True
891f2a7718bffff,0.0,True
891f2a7718fffff,0.0,True
891f2a77193ffff,0.0,True
891f2a77197ffff,0.0,True
891f2a7719bffff,0.0,True
891f2a771a3ffff,0.0,True
891f2a771a7ffff,0.0,True
891f2a771abffff,0.0,True
891f2a771afffff,0.0,True
891f2a771b3ffff,0.0,True
891f2a771b7ffff,0.0,True
891f2a771bbffff,0.0,True
891f2a771c3ffff,0.0,True
891f2a771c7ffff,0.0,True
891f2a771cbffff,0.0,True
891f2a771cfffff,0.0,True
891f2a771d3ffff,0.0,True
891f2a771d7ffff,0.0,True
891f2a771dbffff,0.0,True
891f2a77203ffff,529.3,False
891f2a77207ffff,824.1,False
891f2a7720bffff,495.9,False
891f2a7720fffff,789.4,False
891f2a77213ffff,264.6,False
891f2a77217ffff,564.7,False
891f2a7721bffff,229.9,False
891f2a77223ffff,1383.6,False
891f2a77227ffff,1679.2,False
891f2a7722bffff,1348.8,False
891f2a7722fffff,1648.1,False
891f2a77233ffff,1124.1,False
891f2a77237ffff,1429.5,False
891f2a7723bffff,1088.7,False
891f2a77243ffff,140.5,True
891f2a77247ffff,460.0,False
891f2a7724bffff,60.7,True
891f2a7724fffff,375.8,False
891f2a77253ffff,0.0,True
891f2a77257ffff,199.3,False
891f2a7725bffff,0.0,True
891f2a77263ffff,1013.6,False
891f2a77267ffff,1318.1,False
891f2a7726bffff,931.6,False
891f2a7726fffff,1247.4,False
891f2a77273ffff,758.6,False
891f2a77277ffff,1054.6,False
891f2a7727bffff,693.0,False
891f2a77283ffff,67.2,True
891f2a77287ffff,334.9,False
891f2a7728bffff,5.4,True
891f2a7728fffff,312.5,False
891f2a77293ffff,0.0,True
891f2a77297ffff,50.4,True
891f2a7729bffff,0.0,True
891f2a772a3ffff,885.0,False
891f2a772a7ffff,1157.6,False
891f2a772abffff,870.9,False
891f2a772afffff,1169.8,False
891f2a772b3ffff,603.0,False
891f2a772b7ffff,876.9,False
891f2a772bbffff,621.8,False
891f2a772c3ffff,0.0,True
891f2a772c7ffff,0.0,True
891f2a772cbffff,0.0,True
891f2a772cfffff,0.0,True
891f2a772d3ffff,0.0,True
891f2a772d7ffff,0.0,True
891f2a772dbffff,0.0,True
891f2a77303ffff,692.3,False
891f2a77307ffff,501.6,False
891f2a7730bffff,1011.0,False
891f2a7730fffff,820.2,False
891f2a77313ffff,584.5,False
891f2a77317ffff,373.6,False
891f2a7731bffff,902.0,False
891f2a77323ffff,501.2,False
891f2a77327ffff,274.5,False
891f2a7732bffff,815.9,False
891f2a7732fffff,592.2,False
891f2a77333ffff,334.4,False
891f2a77337ffff,186.6,False
891f2a7733bffff,650.7,False
891f2a77343ffff,1537.7,False
891f2a77347ffff,1329.7,False
891f2a7734bffff,1855.9,False
891f2a7734fffff,1648.5,False
891f2a77353ffff,1442.2,False
891f2a77357ffff,1219.6,False
891f2a7735bffff,1758.6,False
891f2a77363ffff,1283.8,False
891f2a77367ffff,1132.0,False
891f2a7736bffff,1601.3,False
891f2a7736fffff,1446.1,False
891f2a77373ffff,1138.9,False
891f2a77377ffff,967.1,False
891f2a7737bffff,1457.5,False
891f2a77383ffff,183.9,True
891f2a77387ffff,0.0,True
891f2a7738bffff,497.0,False
891f2a7738fffff,267.0,False
891f2a77393ffff,100.3,True
891f2a77397ffff,0.0,True
891f2a7739bffff,419.1,False
891f2a773a3ffff,0.0,True
891f2a773a7ffff,0.0,True
891f2a773abffff,182.9,False
891f2a773afffff,18.0,True
891f2a773b3ffff,0.0,True
891f2a773b7ffff,0.0,True
891f2a773bbffff,54.9,True
891f2a773c3ffff,1054.6,False
891f2a773c7ffff,811.9,False
891f2a773cbffff,1366.1,False
891f2a773cfffff,1126.9,False
891f2a773d3ffff,945.8,False
891f2a773d7ffff,737.8,False
891f2a773dbffff,1263.9,False
891f2a77403ffff,0.0,True
891f2a77407ffff,0.0,True
891f2a7740bffff,0.0,True
891f2a7740fffff,0.0,True
891f2a77413ffff,0.0,True
891f2a77417ffff,0.0,True
891f2a7741bffff,0.0,True
891f2a77423ffff,0.0,True
891f2a77427ffff,0.0,True
891f2a7742bffff,0.0,True
891f2a7742fffff,0.0,True
891f2a77433ffff,0.0,True
891f2a77437ffff,0.0,True
891f2a7743bffff,0.0,True
891f2a77443ffff,0.0,True
891f2a77447ffff,0.0,True
891f2a7744bffff,0.0,True
891f2a7744fffff,0.0,True
891f2a77453ffff,0.0,True
891f2a77457ffff,0.0,True
891f2a7745bffff,0.0,True
891f2a77463ffff,0.0,True
891f2a77467ffff,0.0,True
891f2a7746bffff,0.0,True
891f2a7746fffff,0.0,True
891f2a77473ffff,0.0,True
891f2a77477ffff,0.0,True
891f2a7747bffff,0.0,True
891f2a77483ffff,0.0,True
891f2a77487ffff,0.0,True
891f2a7748bffff,0.0,True
891f2a7748fffff,0.0,True
891f2a77493ffff,0.0,True
891f2a77497ffff,0.0,True
891f2a7749bffff,0.0,True
891f2a774a3ffff,0.0,True
891f2a774a7ffff,0.0,True
891f2a774abffff,0.0,True
891f2a774afffff,0.0,True
891f2a774b3ffff,0.0,True
891f2a774b7ffff,0.0,True
891f2a774bbffff,0.0,True
891f2a774c3ffff,0.0,True
891f2a774c7ffff,0.0,True
891f2a774cbffff,0.0,True
891f2a774cfffff,0.0,True
891f2a774d3ffff,0.0,True
891f2a774d7ffff,0.0,True
891f2a774dbffff,0.0,True
891f2a77503ffff,0.0,True
891f2a77507ffff,0.0,True
891f2a7750bffff,0.0,True
891f2a7750fffff,0.0,True
891f2a77513ffff,0.0,True
891f2a77517ffff,0.0,True
891f2a7751bffff,0.0,True
891f2a77523ffff,0.0,True
891f2a77527ffff,0.0,True
891f2a7752bffff,0.0,True
891f2a7752fffff,0.0,True
891f2a77533ffff,0.0,True
891f2a77537ffff,0.0,True
891f2a7753bffff,0.0,True
891f2a77543ffff,0.0,True
891f2a77547ffff,0.0,True
891f2a7754bffff,0.0,True
891f2a7754fffff,0.0,True
891f2a77553ffff,0.0,True
891f2a77557ffff,0.0,True
891f2a7755bffff,0.0,True
891f2a77563ffff,0.0,True
891f2a77567ffff,0.0,True
891f2a7756bffff,0.0,True
891f2a7756fffff,0.0,True
891f2a77573ffff,0.0,True
891f2a77577ffff,0.0,True
891f2a7757bffff,0.0,True
891f2a77583ffff,0.0,True
891f2a77587ffff,0.0,True
891f2a7758bffff,0.0,True
891f2a7758fffff,0.0,True
891f2a77593ffff,0.0,True
891f2a77597ffff,0.0,True
891f2a7759bffff,0.0,True
891f2a775a3ffff,0.0,True
891f2a775a7ffff,0.0,True
891f2a775abffff,0.0,True
891f2a775afffff,0.0,True
891f2a775b3ffff,0.0,True
891f2a775b7ffff,0.0,True
891f2a775bbffff,0.0,True
891f2a775c3ffff,0.0,True
891f2a775c7ffff,0.0,True
891f2a775cbffff,0.0,True
891f2a775cfffff,0.0,True
891f2a775d3ffff,0.0,True
891f2a775d7ffff,0.0,True
891f2a775dbffff,0.0,True
891f2a77603ffff,0.0,True
891f2a77607ffff,0.0,True
891f2a7760bffff,0.0,True
891f2a7760fffff,0.0,True
891f2a77613ffff,0.0,True
891f2a77617ffff,0.0,True
891f2a7761bffff,0.0,True
891f2a77623ffff,0.0,True
891f2a77627ffff,0.0,True
891f2a7762bffff,0.0,True
891f2a7762fffff,0.0,True
891f2a77633ffff,0.0,True
891f2a77637ffff,0.0,True
891f2a7763bffff,0.0,True
891f2a77643ffff,0.0,True
891f2a77647ffff,0.0,True
891f2a7764bffff,0.0,True
891f2a7764fffff,0.0,True
891f2a77653ffff,0.0,True
891f2a77657ffff,0.0,True
891f2a7765bffff,0.0,True
891f2a77663ffff,0.0,True
891f2a77667ffff,0.0,True
891f2a7766bffff,0.0,True
891f2a7766fffff,0.0,True
891f2a77673ffff,0.0,True
891f2a77677ffff,0.0,True
891f2a7767bffff,0.0,True
891f2a77683ffff,0.0,True
891f2a77687ffff,0.0,True
891f2a7768bffff,0.0,True
891f2a7768fffff,0.0,True
891f2a77693ffff,0.0,True
891f2a77697ffff,0.0,True
891f2a7769bffff,0.0,True
891f2a776a3ffff,0.0,True
891f2a776a7ffff,0.0,True
891f2a776abffff,0.0,True
891f2a776afffff,0.0,True
891f2a776b3ffff,0.0,True
891f2a776b7ffff,0.0,True
891f2a776bbffff,0.0,True
891f2a776c3ffff,0.0,True
891f2a776c7ffff,0.0,True
891f2a776cbffff,0.0,True
891f2a776cfffff,0.0,True
891f2a776d3ffff,0.0,True
891f2a776d7ffff,0.0,True
891f2a776dbffff,0.0,True
