hex_id,h3_resolution,source_h3_resolution,source_child_hex_count,acceptance_low,acceptance_medium,acceptance_high
891f0c91643ffff,9,10,4,0.302,0.4677,0.669
891f0c9164bffff,9,10,6,0.3373,0.519,0.7265
891f0c91653ffff,9,10,7,0.2689,0.4484,0.6476
891f0c9165bffff,9,10,7,0.2959,0.4759,0.6809
891f0c916c3ffff,9,10,6,0.2702,0.453,0.6553
891f0c916cbffff,9,10,7,0.2626,0.448,0.6433
891f0c916cfffff,9,10,3,0.2927,0.471,0.6567
891f0c916d3ffff,9,10,7,0.304,0.4726,0.6693
891f0c916d7ffff,9,10,4,0.1552,0.3175,0.5208
891f0c916dbffff,9,10,7,0.3516,0.5343,0.7234
891f0c932c3ffff,9,10,6,0.153,0.329,0.5333
891f0c932c7ffff,9,10,2,0.411,0.5695,0.795
891f0c932cbffff,9,10,5,0.108,0.2726,0.48
891f0c932d3ffff,9,10,7,0.2241,0.41,0.6211
891f0c932d7ffff,9,10,5,0.1438,0.326,0.528
891f0c932dbffff,9,10,7,0.1387,0.3034,0.4883
891f0c93603ffff,9,10,5,0.1106,0.2964,0.4992
891f0c9360bffff,9,10,7,0.1743,0.345,0.5429
891f0c9360fffff,9,10,5,0.1488,0.3284,0.5368
891f0c93613ffff,9,10,7,0.0703,0.2056,0.4073
891f0c93617ffff,9,10,2,0.019,0.2215,0.421
891f0c9361bffff,9,10,7,0.1714,0.349,0.5581
891f0c9362bffff,9,10,2,0.0205,0.176,0.362
891f0c9363bffff,9,10,2,0.0255,0.1375,0.3235
891f0c93643ffff,9,10,7,0.2429,0.4144,0.621
891f0c93647ffff,9,10,7,0.0637,0.2463,0.4457
891f0c9364bffff,9,10,7,0.4377,0.6121,0.8001
891f0c9364fffff,9,10,7,0.3046,0.4813,0.6784
891f0c93653ffff,9,10,7,0.2681,0.4393,0.6303
891f0c93657ffff,9,10,7,0.2019,0.3816,0.5791
891f0c9365bffff,9,10,7,0.4373,0.6306,0.8191
891f0c93663ffff,9,10,7,0.0709,0.2516,0.4646
891f0c93667ffff,9,10,4,0.0943,0.2685,0.4788
891f0c9366bffff,9,10,7,0.3011,0.4741,0.6793
891f0c9366fffff,9,10,7,0.1454,0.3306,0.5236
891f0c93673ffff,9,10,7,0.1037,0.2634,0.4727
891f0c93677ffff,9,10,7,0.0601,0.2177,0.4189
891f0c9367bffff,9,10,7,0.1387,0.3196,0.5099
891f0c9368bffff,9,10,5,0.1038,0.2768,0.472
891f0c9368fffff,9,10,4,0.072,0.1973,0.3977
891f0c9369bffff,9,10,7,0.0834,0.2323,0.4314
891f0c936c3ffff,9,10,7,0.1313,0.2829,0.4756
891f0c936c7ffff,9,10,7,0.0961,0.2767,0.4784
891f0c936cbffff,9,10,7,0.2426,0.412,0.6104
891f0c936cfffff,9,10,7,0.1061,0.2841,0.482
891f0c936d3ffff,9,10,7,0.1159,0.3003,0.5016
891f0c936d7ffff,9,10,7,0.1339,0.3079,0.5116
891f0c936dbffff,9,10,7,0.1634,0.3374,0.54
891f0c98453ffff,9,10,5,0.4066,0.585,0.7744
891f0c9845bffff,9,10,7,0.3473,0.521,0.7134
891f0c9849bffff,9,10,1,0.03,0.225,0.412
891f0c984c3ffff,9,10,1,0.015,0.195,0.377
891f0c984cbffff,9,10,6,0.2862,0.459,0.6685
891f0c984d3ffff,9,10,6,0.1852,0.3612,0.557
891f0c984dbffff,9,10,7,0.1863,0.3506,0.545
891f0c98693ffff,9,10,7,0.3523,0.5399,0.7353
891f0c98697ffff,9,10,5,0.331,0.5072,0.701
891f0c9869bffff,9,10,5,0.3616,0.5456,0.7446
891f0c986c3ffff,9,10,3,0.2613,0.4433,0.651
891f0c986cbffff,9,10,2,0.161,0.334,0.5445
891f0c986d3ffff,9,10,7,0.2579,0.4323,0.6311
891f0c986d7ffff,9,10,4,0.2042,0.3835,0.5735
891f0c986dbffff,9,10,7,0.1867,0.3634,0.5779
891f0c99483ffff,9,10,7,0.476,0.6604,0.8564
891f0c99487ffff,9,10,7,0.3991,0.5769,0.7769
891f0c9948fffff,9,10,3,0.507,0.7033,0.897
891f0c99493ffff,9,10,7,0.5161,0.7053,0.8857
891f0c99497ffff,9,10,7,0.476,0.647,0.8429
891f0c9949bffff,9,10,4,0.5065,0.668,0.8712
891f0c994a3ffff,9,10,7,0.4834,0.6651,0.862
891f0c994a7ffff,9,10,7,0.4571,0.6409,0.8456
891f0c994abffff,9,10,1,0.418,0.578,0.771
891f0c994afffff,9,10,2,0.5305,0.7115,0.897
891f0c994b3ffff,9,10,7,0.4136,0.5944,0.7941
891f0c994b7ffff,9,10,7,0.4024,0.578,0.7857
891f0c994bbffff,9,10,7,0.4899,0.6687,0.8603
891f0c99593ffff,9,10,1,0.367,0.562,0.756
891f0c995d3ffff,9,10,5,0.3202,0.514,0.7228
891f0c995dbffff,9,10,1,0.682,0.867,1.0
891f0c9a013ffff,9,10,4,0.0925,0.2453,0.453
891f0c9a017ffff,9,10,3,0.0203,0.209,0.398
891f0c9a01bffff,9,10,2,0.011,0.182,0.3965
891f0c9a043ffff,9,10,7,0.0691,0.2459,0.4379
891f0c9a04bffff,9,10,7,0.0586,0.2193,0.4243
891f0c9a04fffff,9,10,2,0.0475,0.231,0.4395
891f0c9a053ffff,9,10,7,0.1364,0.3233,0.5177
891f0c9a057ffff,9,10,5,0.0204,0.163,0.3676
891f0c9a05bffff,9,10,7,0.1453,0.3234,0.5241
891f0c9a083ffff,9,10,7,0.037,0.2163,0.4171
891f0c9a087ffff,9,10,7,0.1194,0.2883,0.487
891f0c9a08bffff,9,10,7,0.0369,0.1633,0.3723
891f0c9a08fffff,9,10,7,0.112,0.2821,0.4773
891f0c9a093ffff,9,10,7,0.079,0.2321,0.4374
891f0c9a097ffff,9,10,7,0.122,0.3004,0.5021
891f0c9a09bffff,9,10,7,0.0527,0.2086,0.4044
891f0c9a0b3ffff,9,10,4,0.1693,0.336,0.5377
891f0c9a0bbffff,9,10,7,0.0926,0.2627,0.4581
891f0c9a0c3ffff,9,10,7,0.0276,0.1377,0.35
891f0c9a0c7ffff,9,10,7,0.0,0.0654,0.2776
891f0c9a0cbffff,9,10,7,0.2341,0.4181,0.6134
891f0c9a0cfffff,9,10,7,0.0514,0.1849,0.3937
891f0c9a0d3ffff,9,10,7,0.0386,0.2266,0.4189
891f0c9a0d7ffff,9,10,7,0.016,0.1383,0.3356
891f0c9a0dbffff,9,10,7,0.167,0.348,0.5424
891f0c9a20bffff,9,10,5,0.2966,0.4812,0.6726
891f0c9a213ffff,9,10,2,0.14,0.2955,0.5115
891f0c9a21bffff,9,10,7,0.2009,0.3783,0.5814
891f0c9a243ffff,9,10,7,0.1624,0.3349,0.5283
891f0c9a247ffff,9,10,7,0.1769,0.3531,0.5546
891f0c9a24bffff,9,10,7,0.0844,0.2569,0.4523
891f0c9a24fffff,9,10,7,0.1457,0.3044,0.5011
891f0c9a253ffff,9,10,7,0.0523,0.2377,0.437
891f0c9a257ffff,9,10,7,0.1344,0.328,0.5187
891f0c9a25bffff,9,10,7,0.1559,0.3256,0.5203
891f0c9a263ffff,9,10,6,0.1222,0.3023,0.5063
891f0c9a267ffff,9,10,1,0.209,0.414,0.611
891f0c9a26bffff,9,10,7,0.112,0.2826,0.4954
891f0c9a26fffff,9,10,7,0.1163,0.2706,0.4669
891f0c9a273ffff,9,10,5,0.1214,0.3058,0.5188
891f0c9a27bffff,9,10,7,0.2056,0.381,0.5857
891f0c9a283ffff,9,10,7,0.094,0.2677,0.478
891f0c9a287ffff,9,10,6,0.0493,0.2243,0.4228
891f0c9a28bffff,9,10,7,0.1231,0.2891,0.4831
891f0c9a28fffff,9,10,2,0.0955,0.2385,0.454
891f0c9a293ffff,9,10,7,0.1334,0.3141,0.5204
891f0c9a297ffff,9,10,7,0.171,0.3494,0.5449
891f0c9a29bffff,9,10,7,0.0594,0.2119,0.4164
891f0c9a2b3ffff,9,10,2,0.1305,0.264,0.47
891f0c9a2c3ffff,9,10,7,0.0407,0.1814,0.3867
891f0c9a2c7ffff,9,10,7,0.0654,0.2269,0.4277
891f0c9a2cbffff,9,10,7,0.0467,0.196,0.3967
891f0c9a2cfffff,9,10,7,0.0381,0.2027,0.3957
891f0c9a2d3ffff,9,10,7,0.1009,0.2701,0.4691
891f0c9a2d7ffff,9,10,7,0.0416,0.2089,0.4064
891f0c9a2dbffff,9,10,7,0.0136,0.1856,0.3934
891f0c9a403ffff,9,10,7,0.2837,0.4717,0.6813
891f0c9a407ffff,9,10,7,0.1159,0.2981,0.5
891f0c9a40bffff,9,10,7,0.333,0.5159,0.7036
891f0c9a40fffff,9,10,7,0.1624,0.3336,0.5336
891f0c9a413ffff,9,10,7,0.4626,0.6476,0.8511
891f0c9a417ffff,9,10,7,0.2527,0.4489,0.65
891f0c9a41bffff,9,10,7,0.4844,0.6726,0.8694
891f0c9a423ffff,9,10,7,0.0934,0.273,0.49
891f0c9a427ffff,9,10,7,0.1407,0.32,0.522
891f0c9a42bffff,9,10,7,0.1911,0.3601,0.5599
891f0c9a42fffff,9,10,7,0.1067,0.2779,0.4873
891f0c9a433ffff,9,10,7,0.2266,0.4027,0.6056
891f0c9a437ffff,9,10,7,0.145,0.3221,0.5209
891f0c9a43bffff,9,10,7,0.1247,0.281,0.4719
891f0c9a443ffff,9,10,7,0.3739,0.5544,0.7636
891f0c9a447ffff,9,10,7,0.333,0.507,0.7067
891f0c9a44bffff,9,10,7,0.3989,0.5779,0.7871
891f0c9a44fffff,9,10,7,0.4079,0.6049,0.8004
891f0c9a453ffff,9,10,7,0.4099,0.5821,0.7666
891f0c9a457ffff,9,10,7,0.4017,0.5707,0.7687
891f0c9a45bffff,9,10,7,0.3643,0.541,0.7449
891f0c9a463ffff,9,10,7,0.0336,0.163,0.362
891f0c9a467ffff,9,10,7,0.0831,0.2603,0.4643
891f0c9a46bffff,9,10,7,0.1277,0.2924,0.483
891f0c9a46fffff,9,10,7,0.0426,0.1731,0.3693
891f0c9a473ffff,9,10,7,0.2086,0.3916,0.5957
891f0c9a477ffff,9,10,7,0.0497,0.2224,0.4241
891f0c9a47bffff,9,10,7,0.1651,0.3517,0.5524
891f0c9a483ffff,9,10,7,0.414,0.5941,0.7724
891f0c9a487ffff,9,10,7,0.4707,0.6519,0.855
891f0c9a48bffff,9,10,7,0.3946,0.5781,0.7749
891f0c9a48fffff,9,10,7,0.4263,0.6041,0.7936
891f0c9a493ffff,9,10,7,0.2967,0.4799,0.6736
891f0c9a497ffff,9,10,7,0.3526,0.5251,0.725
891f0c9a49bffff,9,10,7,0.4863,0.6706,0.8647
891f0c9a4a3ffff,9,10,7,0.2141,0.3963,0.608
891f0c9a4a7ffff,9,10,7,0.1694,0.3211,0.5326
891f0c9a4abffff,9,10,7,0.188,0.3656,0.5684
891f0c9a4afffff,9,10,7,0.0727,0.2347,0.4307
891f0c9a4b3ffff,9,10,7,0.3583,0.5317,0.7321
891f0c9a4b7ffff,9,10,7,0.2493,0.4259,0.6306
891f0c9a4bbffff,9,10,7,0.2559,0.434,0.6366
891f0c9a4c3ffff,9,10,7,0.398,0.5769,0.7857
891f0c9a4c7ffff,9,10,7,0.4057,0.588,0.7856
891f0c9a4cbffff,9,10,7,0.377,0.5617,0.768
891f0c9a4cfffff,9,10,7,0.3967,0.5817,0.7794
891f0c9a4d3ffff,9,10,7,0.504,0.6719,0.8764
891f0c9a4d7ffff,9,10,7,0.3859,0.5587,0.7544
891f0c9a4dbffff,9,10,7,0.419,0.5917,0.7686
891f0c9a513ffff,9,10,2,0.1835,0.3485,0.55
891f0c9a543ffff,9,10,5,0.1632,0.3378,0.5346
891f0c9a54bffff,9,10,7,0.097,0.2581,0.4604
891f0c9a54fffff,9,10,2,0.123,0.323,0.5305
891f0c9a553ffff,9,10,6,0.1988,0.3882,0.5767
891f0c9a55bffff,9,10,7,0.137,0.317,0.5229
891f0c9a583ffff,9,10,7,0.262,0.4331,0.6396
891f0c9a587ffff,9,10,7,0.247,0.4299,0.6251
891f0c9a58bffff,9,10,7,0.2251,0.4056,0.5926
891f0c9a58fffff,9,10,5,0.2778,0.4588,0.667
891f0c9a593ffff,9,10,7,0.4171,0.6036,0.7899
891f0c9a597ffff,9,10,7,0.2841,0.471,0.6684
891f0c9a59bffff,9,10,7,0.3637,0.5456,0.7387
891f0c9a5c3ffff,9,10,7,0.0656,0.2191,0.4137
891f0c9a5c7ffff,9,10,7,0.1306,0.2984,0.5077
891f0c9a5cbffff,9,10,7,0.1051,0.2857,0.4817
891f0c9a5cfffff,9,10,5,0.106,0.2842,0.4772
891f0c9a5d3ffff,9,10,7,0.142,0.3047,0.5046
891f0c9a5d7ffff,9,10,7,0.1959,0.3739,0.5673
891f0c9a5dbffff,9,10,7,0.1143,0.2697,0.4691
891f0c9a603ffff,9,10,7,0.3047,0.4781,0.674
891f0c9a607ffff,9,10,7,0.3056,0.4994,0.6956
891f0c9a60bffff,9,10,7,0.3169,0.502,0.6991
891f0c9a60fffff,9,10,7,0.2906,0.4773,0.6761
891f0c9a613ffff,9,10,7,0.409,0.5909,0.7881
891f0c9a617ffff,9,10,7,0.4406,0.619,0.8196
891f0c9a61bffff,9,10,7,0.3387,0.5227,0.7369
891f0c9a623ffff,9,10,7,0.2977,0.479,0.6789
891f0c9a627ffff,9,10,7,0.1487,0.3164,0.5239
891f0c9a62bffff,9,10,7,0.2177,0.3986,0.5824
891f0c9a62fffff,9,10,7,0.1676,0.3503,0.5497
891f0c9a633ffff,9,10,7,0.3281,0.5067,0.7097
891f0c9a637ffff,9,10,7,0.2603,0.4474,0.6496
891f0c9a63bffff,9,10,7,0.3353,0.5171,0.7191
891f0c9a643ffff,9,10,7,0.258,0.434,0.6276
891f0c9a647ffff,9,10,7,0.3096,0.4869,0.6931
891f0c9a64bffff,9,10,7,0.2774,0.4636,0.6731
891f0c9a64fffff,9,10,7,0.2801,0.4654,0.6576
891f0c9a653ffff,9,10,7,0.3163,0.4999,0.6886
891f0c9a657ffff,9,10,7,0.3116,0.4947,0.6931
891f0c9a65bffff,9,10,7,0.2019,0.3707,0.5706
891f0c9a663ffff,9,10,7,0.2686,0.4423,0.6529
891f0c9a667ffff,9,10,7,0.1566,0.3294,0.5293
891f0c9a66bffff,9,10,7,0.2251,0.415,0.617
891f0c9a66fffff,9,10,7,0.1207,0.2821,0.48
891f0c9a673ffff,9,10,7,0.3091,0.4927,0.6933
891f0c9a677ffff,9,10,7,0.2446,0.4187,0.6259
891f0c9a67bffff,9,10,7,0.177,0.3404,0.5477
891f0c9a683ffff,9,10,7,0.3797,0.5469,0.7467
891f0c9a687ffff,9,10,7,0.365,0.5419,0.7359
891f0c9a68bffff,9,10,7,0.3014,0.4891,0.6911
891f0c9a68fffff,9,10,7,0.3843,0.5621,0.7634
891f0c9a693ffff,9,10,7,0.4096,0.5834,0.7817
891f0c9a697ffff,9,10,7,0.3954,0.5737,0.77
891f0c9a69bffff,9,10,7,0.3607,0.5394,0.7243
891f0c9a6a3ffff,9,10,7,0.2574,0.442,0.642
891f0c9a6a7ffff,9,10,7,0.1877,0.367,0.5666
891f0c9a6abffff,9,10,7,0.288,0.4751,0.6764
891f0c9a6afffff,9,10,7,0.3443,0.5329,0.7329
891f0c9a6b3ffff,9,10,7,0.2771,0.449,0.6494
891f0c9a6b7ffff,9,10,7,0.2909,0.4729,0.6769
891f0c9a6bbffff,9,10,7,0.3934,0.5617,0.7603
891f0c9a6c3ffff,9,10,7,0.3719,0.567,0.7749
891f0c9a6c7ffff,9,10,7,0.3277,0.5173,0.7223
891f0c9a6cbffff,9,10,7,0.3781,0.5514,0.7594
891f0c9a6cfffff,9,10,7,0.3594,0.5366,0.7364
891f0c9a6d3ffff,9,10,7,0.4257,0.6069,0.798
891f0c9a6d7ffff,9,10,7,0.343,0.52,0.7104
891f0c9a6dbffff,9,10,7,0.409,0.5854,0.7813
891f0c9b003ffff,9,10,7,0.3667,0.5449,0.7477
891f0c9b007ffff,9,10,7,0.46,0.641,0.836
891f0c9b00bffff,9,10,7,0.524,0.7061,0.9107
891f0c9b00fffff,9,10,7,0.4524,0.628,0.8247
891f0c9b013ffff,9,10,7,0.423,0.6024,0.8047
891f0c9b017ffff,9,10,7,0.4163,0.6033,0.7967
891f0c9b01bffff,9,10,7,0.4667,0.6476,0.852
891f0c9b023ffff,9,10,7,0.4601,0.6306,0.8194
891f0c9b027ffff,9,10,7,0.4649,0.6399,0.8447
891f0c9b02bffff,9,10,7,0.5334,0.72,0.9037
891f0c9b02fffff,9,10,7,0.5384,0.718,0.9123
891f0c9b033ffff,9,10,7,0.5169,0.6911,0.8984
891f0c9b037ffff,9,10,7,0.4704,0.642,0.85
891f0c9b03bffff,9,10,7,0.399,0.5749,0.775
891f0c9b043ffff,9,10,7,0.4003,0.5821,0.7903
891f0c9b047ffff,9,10,7,0.5533,0.7214,0.8924
891f0c9b04bffff,9,10,7,0.327,0.5057,0.7057
891f0c9b04fffff,9,10,7,0.3409,0.5203,0.7284
891f0c9b053ffff,9,10,7,0.4767,0.6619,0.8394
891f0c9b057ffff,9,10,7,0.4003,0.5961,0.784
891f0c9b05bffff,9,10,7,0.4367,0.6186,0.8196
891f0c9b063ffff,9,10,7,0.4849,0.6497,0.8521
891f0c9b067ffff,9,10,7,0.5387,0.7174,0.9134
891f0c9b06bffff,9,10,7,0.4484,0.6207,0.8209
891f0c9b06fffff,9,10,7,0.5126,0.6806,0.8593
891f0c9b073ffff,9,10,7,0.5273,0.6986,0.8796
891f0c9b077ffff,9,10,7,0.4401,0.63,0.8304
891f0c9b07bffff,9,10,7,0.4043,0.5886,0.7784
891f0c9b083ffff,9,10,7,0.424,0.6087,0.8133
891f0c9b087ffff,9,10,7,0.3407,0.5149,0.7139
891f0c9b08bffff,9,10,7,0.343,0.5157,0.7101
891f0c9b08fffff,9,10,7,0.3934,0.5799,0.7759
891f0c9b093ffff,9,10,7,0.3489,0.5347,0.7413
891f0c9b097ffff,9,10,7,0.4356,0.6221,0.8201
891f0c9b09bffff,9,10,7,0.3546,0.5357,0.7351
891f0c9b0a3ffff,9,10,7,0.3381,0.5193,0.7173
891f0c9b0a7ffff,9,10,7,0.3681,0.5494,0.7577
891f0c9b0abffff,9,10,7,0.4586,0.6384,0.8296
891f0c9b0afffff,9,10,7,0.4856,0.6734,0.8714
891f0c9b0b3ffff,9,10,7,0.4291,0.6021,0.7883
891f0c9b0b7ffff,9,10,7,0.4141,0.584,0.7946
891f0c9b0bbffff,9,10,7,0.3666,0.5533,0.7629
891f0c9b0c3ffff,9,10,7,0.3911,0.5636,0.7661
891f0c9b0c7ffff,9,10,7,0.3744,0.5569,0.7471
891f0c9b0cbffff,9,10,7,0.3929,0.5614,0.7591
891f0c9b0cfffff,9,10,7,0.3787,0.5597,0.7566
891f0c9b0d3ffff,9,10,7,0.3947,0.5799,0.7666
891f0c9b0d7ffff,9,10,7,0.3983,0.5806,0.7669
891f0c9b0dbffff,9,10,7,0.4207,0.5944,0.7991
891f0c9b103ffff,9,10,7,0.1873,0.3674,0.5539
891f0c9b107ffff,9,10,7,0.2004,0.3766,0.5916
891f0c9b10bffff,9,10,7,0.2911,0.4686,0.6694
891f0c9b10fffff,9,10,7,0.2317,0.42,0.6203
891f0c9b113ffff,9,10,7,0.229,0.4206,0.6267
891f0c9b117ffff,9,10,7,0.1326,0.302,0.512
891f0c9b11bffff,9,10,7,0.2564,0.4423,0.643
891f0c9b123ffff,9,10,7,0.379,0.5644,0.7759
891f0c9b127ffff,9,10,7,0.3853,0.5629,0.7624
891f0c9b12bffff,9,10,7,0.3357,0.513,0.7091
891f0c9b12fffff,9,10,7,0.2806,0.4616,0.6563
891f0c9b133ffff,9,10,7,0.2931,0.4663,0.6651
891f0c9b137ffff,9,10,7,0.2636,0.4411,0.6431
891f0c9b13bffff,9,10,7,0.2991,0.4886,0.6923
891f0c9b143ffff,9,10,7,0.4326,0.6196,0.814
891f0c9b147ffff,9,10,7,0.3526,0.5344,0.7204
891f0c9b14bffff,9,10,7,0.4637,0.638,0.8467
891f0c9b14fffff,9,10,7,0.458,0.6304,0.8216
891f0c9b153ffff,9,10,7,0.4457,0.621,0.8243
891f0c9b157ffff,9,10,7,0.3537,0.5416,0.7394
891f0c9b15bffff,9,10,7,0.5006,0.6701,0.8827
891f0c9b163ffff,9,10,7,0.3047,0.4937,0.6814
891f0c9b167ffff,9,10,7,0.3641,0.554,0.7579
891f0c9b16bffff,9,10,7,0.2109,0.3936,0.5907
891f0c9b16fffff,9,10,7,0.277,0.4571,0.6657
891f0c9b173ffff,9,10,7,0.3536,0.5247,0.7299
891f0c9b177ffff,9,10,7,0.3037,0.4809,0.6757
891f0c9b17bffff,9,10,7,0.2653,0.4433,0.6447
891f0c9b183ffff,9,10,7,0.2049,0.396,0.6004
891f0c9b187ffff,9,10,7,0.0099,0.1317,0.3323
891f0c9b18bffff,9,10,7,0.2867,0.4656,0.6631
891f0c9b18fffff,9,10,7,0.174,0.3591,0.5481
891f0c9b193ffff,9,10,7,0.2609,0.4387,0.6309
891f0c9b197ffff,9,10,7,0.0527,0.2289,0.4194
891f0c9b19bffff,9,10,7,0.2343,0.4246,0.6204
891f0c9b1a3ffff,9,10,7,0.1359,0.3167,0.5153
891f0c9b1a7ffff,9,10,7,0.1561,0.329,0.5246
891f0c9b1abffff,9,10,7,0.1383,0.2796,0.4884
891f0c9b1afffff,9,10,7,0.158,0.3373,0.5273
891f0c9b1b3ffff,9,10,7,0.1157,0.278,0.4806
891f0c9b1b7ffff,9,10,7,0.1863,0.3596,0.5646
891f0c9b1bbffff,9,10,7,0.0261,0.2039,0.4024
891f0c9b1c3ffff,9,10,7,0.3246,0.5173,0.7166
891f0c9b1c7ffff,9,10,7,0.3467,0.5174,0.7194
891f0c9b1cbffff,9,10,7,0.4629,0.6421,0.8384
891f0c9b1cfffff,9,10,7,0.3564,0.5247,0.723
891f0c9b1d3ffff,9,10,7,0.3791,0.5567,0.7617
891f0c9b1d7ffff,9,10,7,0.2247,0.405,0.604
891f0c9b1dbffff,9,10,7,0.4851,0.6646,0.8799
891f0c9b203ffff,9,10,7,0.422,0.5889,0.7917
891f0c9b207ffff,9,10,7,0.3481,0.5369,0.7437
891f0c9b20bffff,9,10,7,0.4969,0.6756,0.8719
891f0c9b20fffff,9,10,7,0.377,0.5623,0.7639
891f0c9b213ffff,9,10,7,0.3817,0.5547,0.7636
891f0c9b217ffff,9,10,7,0.3963,0.5774,0.782
891f0c9b21bffff,9,10,7,0.4493,0.6296,0.8249
891f0c9b223ffff,9,10,7,0.3213,0.5116,0.7033
891f0c9b227ffff,9,10,7,0.4307,0.6213,0.8104
891f0c9b22bffff,9,10,7,0.4229,0.602,0.8121
891f0c9b22fffff,9,10,7,0.4254,0.597,0.8003
891f0c9b233ffff,9,10,7,0.4477,0.6291,0.8229
891f0c9b237ffff,9,10,7,0.3979,0.584,0.786
891f0c9b23bffff,9,10,7,0.2826,0.4623,0.6784
891f0c9b243ffff,9,10,3,0.3757,0.572,0.773
891f0c9b247ffff,9,10,5,0.4582,0.6404,0.8336
891f0c9b253ffff,9,10,7,0.4316,0.6246,0.8179
891f0c9b257ffff,9,10,7,0.4449,0.6289,0.824
891f0c9b25bffff,9,10,3,0.4357,0.6077,0.8137
891f0c9b263ffff,9,10,5,0.4908,0.6706,0.8772
891f0c9b267ffff,9,10,7,0.464,0.646,0.8471
891f0c9b273ffff,9,10,7,0.3806,0.5767,0.7819
891f0c9b277ffff,9,10,7,0.4063,0.5939,0.7914
891f0c9b283ffff,9,10,7,0.3374,0.528,0.7349
891f0c9b287ffff,9,10,7,0.355,0.533,0.7399
891f0c9b28bffff,9,10,7,0.3353,0.5017,0.6916
891f0c9b28fffff,9,10,7,0.35,0.5293,0.7409
891f0c9b293ffff,9,10,7,0.329,0.5039,0.7076
891f0c9b297ffff,9,10,7,0.3141,0.495,0.6986
891f0c9b29bffff,9,10,7,0.3506,0.5326,0.7301
891f0c9b2a3ffff,9,10,7,0.4126,0.5917,0.7784
891f0c9b2a7ffff,9,10,7,0.348,0.5343,0.729
891f0c9b2abffff,9,10,7,0.3649,0.5394,0.7326
891f0c9b2afffff,9,10,7,0.3881,0.5681,0.7627
891f0c9b2b3ffff,9,10,7,0.457,0.6401,0.8436
891f0c9b2b7ffff,9,10,7,0.4374,0.6153,0.8117
891f0c9b2bbffff,9,10,7,0.3786,0.5674,0.7729
891f0c9b2c3ffff,9,10,7,0.4203,0.5977,0.8164
891f0c9b2c7ffff,9,10,7,0.379,0.5626,0.7721
891f0c9b2cbffff,9,10,7,0.4216,0.6089,0.81
891f0c9b2cfffff,9,10,7,0.468,0.6469,0.836
891f0c9b2d3ffff,9,10,7,0.4451,0.609,0.8024
891f0c9b2d7ffff,9,10,7,0.2976,0.477,0.672
891f0c9b2dbffff,9,10,7,0.4663,0.6443,0.8566
891f0c9b303ffff,9,10,7,0.2393,0.426,0.6286
891f0c9b307ffff,9,10,7,0.1801,0.3656,0.5756
891f0c9b30bffff,9,10,7,0.1697,0.3471,0.5543
891f0c9b30fffff,9,10,7,0.2029,0.3934,0.5891
891f0c9b313ffff,9,10,7,0.4994,0.6866,0.8737
891f0c9b317ffff,9,10,7,0.3067,0.4891,0.6919
891f0c9b31bffff,9,10,7,0.4337,0.6117,0.8096
891f0c9b323ffff,9,10,7,0.3343,0.507,0.7036
891f0c9b327ffff,9,10,1,0.207,0.398,0.588
891f0c9b32bffff,9,10,7,0.392,0.5724,0.765
891f0c9b333ffff,9,10,7,0.2206,0.4014,0.6036
891f0c9b337ffff,9,10,7,0.1803,0.3466,0.5389
891f0c9b33bffff,9,10,7,0.3314,0.5057,0.7133
891f0c9b343ffff,9,10,7,0.4034,0.5849,0.789
891f0c9b347ffff,9,10,7,0.3696,0.5431,0.7449
891f0c9b34bffff,9,10,7,0.511,0.6754,0.8776
891f0c9b34fffff,9,10,7,0.3813,0.5693,0.7726
891f0c9b353ffff,9,10,7,0.4129,0.6016,0.7961
891f0c9b357ffff,9,10,7,0.4327,0.6117,0.8201
891f0c9b35bffff,9,10,7,0.3927,0.5853,0.781
891f0c9b363ffff,9,10,7,0.4396,0.6191,0.8151
891f0c9b367ffff,9,10,7,0.4203,0.6114,0.8129
891f0c9b36bffff,9,10,7,0.4736,0.645,0.8514
891f0c9b36fffff,9,10,7,0.4519,0.6373,0.8357
891f0c9b373ffff,9,10,7,0.2617,0.446,0.6566
891f0c9b377ffff,9,10,7,0.3431,0.5211,0.7199
891f0c9b37bffff,9,10,7,0.3033,0.4801,0.6839
891f0c9b383ffff,9,10,7,0.5179,0.7041,0.884
891f0c9b387ffff,9,10,7,0.4906,0.6631,0.8594
891f0c9b38bffff,9,10,7,0.4439,0.6247,0.8259
891f0c9b38fffff,9,10,7,0.522,0.7101,0.894
891f0c9b393ffff,9,10,7,0.5449,0.7271,0.92
891f0c9b397ffff,9,10,7,0.4499,0.6367,0.8413
891f0c9b39bffff,9,10,7,0.518,0.7094,0.8916
891f0c9b3a3ffff,9,10,7,0.3034,0.48,0.6783
891f0c9b3a7ffff,9,10,7,0.1804,0.3674,0.5826
891f0c9b3abffff,9,10,7,0.2566,0.4313,0.6197
891f0c9b3afffff,9,10,7,0.2016,0.3844,0.5866
891f0c9b3b3ffff,9,10,7,0.4861,0.6676,0.8574
891f0c9b3b7ffff,9,10,7,0.3299,0.5116,0.7169
891f0c9b3bbffff,9,10,7,0.3823,0.5594,0.767
891f0c9b3c3ffff,9,10,7,0.3869,0.5576,0.7574
891f0c9b3c7ffff,9,10,7,0.3909,0.5734,0.767
891f0c9b3cbffff,9,10,7,0.393,0.5806,0.7944
891f0c9b3cfffff,9,10,7,0.3724,0.5576,0.7433
891f0c9b3d3ffff,9,10,7,0.4773,0.6567,0.8541
891f0c9b3d7ffff,9,10,7,0.4329,0.61,0.8087
891f0c9b3dbffff,9,10,7,0.3953,0.5667,0.7583
891f0c9b403ffff,9,10,7,0.436,0.6109,0.7969
891f0c9b407ffff,9,10,7,0.4304,0.6069,0.7963
891f0c9b40bffff,9,10,7,0.3226,0.5084,0.7093
891f0c9b40fffff,9,10,7,0.4174,0.5917,0.7829
891f0c9b413ffff,9,10,7,0.4287,0.5994,0.8014
891f0c9b417ffff,9,10,7,0.3577,0.5343,0.7444
891f0c9b41bffff,9,10,7,0.4096,0.594,0.7869
891f0c9b423ffff,9,10,7,0.4179,0.5934,0.7887
891f0c9b427ffff,9,10,7,0.3889,0.56,0.7603
891f0c9b42bffff,9,10,7,0.3863,0.5623,0.7711
891f0c9b42fffff,9,10,7,0.4171,0.5933,0.7909
891f0c9b433ffff,9,10,7,0.4014,0.5834,0.7834
891f0c9b437ffff,9,10,7,0.3857,0.5606,0.7634
891f0c9b43bffff,9,10,7,0.4387,0.6207,0.811
891f0c9b443ffff,9,10,7,0.443,0.6341,0.839
891f0c9b447ffff,9,10,7,0.3616,0.5393,0.7383
891f0c9b44bffff,9,10,7,0.3951,0.5763,0.7671
891f0c9b44fffff,9,10,7,0.3437,0.5163,0.7194
891f0c9b453ffff,9,10,7,0.4366,0.6234,0.8219
891f0c9b457ffff,9,10,7,0.4121,0.5874,0.7749
891f0c9b45bffff,9,10,7,0.4283,0.6191,0.819
891f0c9b463ffff,9,10,7,0.4109,0.59,0.7939
891f0c9b467ffff,9,10,7,0.4071,0.5783,0.7729
891f0c9b46bffff,9,10,7,0.3351,0.5087,0.7131
891f0c9b46fffff,9,10,7,0.4071,0.5864,0.7753
891f0c9b473ffff,9,10,7,0.3486,0.5269,0.7317
891f0c9b477ffff,9,10,7,0.3236,0.4967,0.7046
891f0c9b47bffff,9,10,7,0.3043,0.4894,0.6831
891f0c9b483ffff,9,10,7,0.4067,0.568,0.7739
891f0c9b487ffff,9,10,7,0.4506,0.63,0.8249
891f0c9b48bffff,9,10,7,0.4077,0.5884,0.7893
891f0c9b48fffff,9,10,7,0.4461,0.6279,0.8367
891f0c9b493ffff,9,10,7,0.3887,0.5816,0.7784
891f0c9b497ffff,9,10,7,0.5026,0.6864,0.8824
891f0c9b49bffff,9,10,7,0.3987,0.5704,0.7707
891f0c9b4a3ffff,9,10,7,0.4553,0.6277,0.8239
891f0c9b4a7ffff,9,10,7,0.3963,0.5769,0.7776
891f0c9b4abffff,9,10,7,0.3809,0.5617,0.7643
891f0c9b4afffff,9,10,7,0.4263,0.607,0.8147
891f0c9b4b3ffff,9,10,7,0.4274,0.6096,0.8043
891f0c9b4b7ffff,9,10,7,0.4697,0.6487,0.833
891f0c9b4bbffff,9,10,7,0.4314,0.6136,0.8179
891f0c9b4c3ffff,9,10,7,0.4233,0.6127,0.8013
891f0c9b4c7ffff,9,10,7,0.3816,0.5677,0.7634
891f0c9b4cbffff,9,10,7,0.4359,0.6191,0.8221
891f0c9b4cfffff,9,10,7,0.434,0.6133,0.8144
891f0c9b4d3ffff,9,10,7,0.4867,0.675,0.8579
891f0c9b4d7ffff,9,10,7,0.4286,0.6109,0.8096
891f0c9b4dbffff,9,10,7,0.4699,0.6576,0.8399
891f0c9b503ffff,9,10,7,0.3353,0.5124,0.7236
891f0c9b507ffff,9,10,7,0.2617,0.4437,0.646
891f0c9b50bffff,9,10,7,0.3366,0.5076,0.7161
891f0c9b50fffff,9,10,7,0.2629,0.4446,0.6456
891f0c9b513ffff,9,10,7,0.3241,0.5063,0.707
891f0c9b517ffff,9,10,7,0.3176,0.4999,0.7016
891f0c9b51bffff,9,10,7,0.4776,0.6603,0.859
891f0c9b523ffff,9,10,7,0.1903,0.3637,0.566
891f0c9b527ffff,9,10,7,0.1021,0.289,0.5024
891f0c9b52bffff,9,10,7,0.1961,0.3807,0.5809
891f0c9b52fffff,9,10,7,0.1274,0.3031,0.4997
891f0c9b533ffff,9,10,7,0.2617,0.4477,0.6551
891f0c9b537ffff,9,10,7,0.1347,0.2969,0.5004
891f0c9b53bffff,9,10,7,0.2737,0.4436,0.6317
891f0c9b543ffff,9,10,7,0.3956,0.5827,0.7797
891f0c9b547ffff,9,10,7,0.3974,0.5881,0.7903
891f0c9b54bffff,9,10,7,0.3921,0.5774,0.762
891f0c9b54fffff,9,10,7,0.4259,0.5993,0.7967
891f0c9b553ffff,9,10,7,0.3336,0.5141,0.7176
891f0c9b557ffff,9,10,7,0.4447,0.633,0.8257
891f0c9b55bffff,9,10,7,0.3813,0.575,0.7834
891f0c9b563ffff,9,10,7,0.3526,0.5321,0.736
891f0c9b567ffff,9,10,7,0.2314,0.4147,0.6137
891f0c9b56bffff,9,10,7,0.3716,0.5567,0.7536
891f0c9b56fffff,9,10,7,0.322,0.5109,0.7041
891f0c9b573ffff,9,10,7,0.3716,0.556,0.7611
891f0c9b577ffff,9,10,7,0.1991,0.3846,0.5764
891f0c9b57bffff,9,10,7,0.4707,0.648,0.8384
891f0c9b583ffff,9,10,7,0.2293,0.4086,0.602
891f0c9b587ffff,9,10,7,0.3374,0.5217,0.7154
891f0c9b58bffff,9,10,7,0.4099,0.5819,0.7853
891f0c9b58fffff,9,10,7,0.337,0.5057,0.7101
891f0c9b593ffff,9,10,7,0.3253,0.502,0.6837
891f0c9b597ffff,9,10,7,0.2453,0.4333,0.6346
891f0c9b59bffff,9,10,7,0.331,0.5099,0.706
891f0c9b5a3ffff,9,10,7,0.1766,0.3519,0.5457
891f0c9b5a7ffff,9,10,7,0.142,0.3064,0.516
891f0c9b5abffff,9,10,7,0.2614,0.439,0.635
891f0c9b5afffff,9,10,7,0.1343,0.318,0.5231
891f0c9b5b3ffff,9,10,7,0.243,0.4366,0.6359
891f0c9b5b7ffff,9,10,7,0.1753,0.354,0.5489
891f0c9b5bbffff,9,10,7,0.2876,0.46,0.6576
891f0c9b5c3ffff,9,10,7,0.3949,0.5807,0.786
891f0c9b5c7ffff,9,10,7,0.3757,0.5533,0.7499
891f0c9b5cbffff,9,10,7,0.447,0.622,0.8119
891f0c9b5cfffff,9,10,7,0.4137,0.5884,0.783
891f0c9b5d3ffff,9,10,7,0.4091,0.599,0.8053
891f0c9b5d7ffff,9,10,7,0.415,0.594,0.7951
891f0c9b5dbffff,9,10,7,0.3591,0.5369,0.732
891f0c9b603ffff,9,10,7,0.428,0.6057,0.8036
891f0c9b607ffff,9,10,7,0.4061,0.5879,0.7814
891f0c9b60bffff,9,10,7,0.434,0.6044,0.7946
891f0c9b60fffff,9,10,7,0.2847,0.4623,0.664
891f0c9b613ffff,9,10,7,0.3701,0.5561,0.757
891f0c9b617ffff,9,10,7,0.4206,0.5953,0.8007
891f0c9b61bffff,9,10,7,0.3886,0.5786,0.7867
891f0c9b623ffff,9,10,7,0.3134,0.4961,0.697
891f0c9b627ffff,9,10,7,0.3406,0.529,0.7314
891f0c9b62bffff,9,10,7,0.331,0.5064,0.6924
891f0c9b62fffff,9,10,7,0.3086,0.4987,0.7097
891f0c9b633ffff,9,10,7,0.3257,0.5029,0.6986
891f0c9b637ffff,9,10,7,0.317,0.5026,0.7091
891f0c9b63bffff,9,10,7,0.3546,0.538,0.736
891f0c9b643ffff,9,10,7,0.332,0.5113,0.709
891f0c9b647ffff,9,10,7,0.391,0.5687,0.7731
891f0c9b64bffff,9,10,7,0.4376,0.6051,0.8043
891f0c9b64fffff,9,10,7,0.3743,0.5551,0.759
891f0c9b653ffff,9,10,7,0.373,0.5591,0.7629
891f0c9b657ffff,9,10,7,0.3859,0.568,0.7519
891f0c9b65bffff,9,10,7,0.4506,0.6257,0.8253
891f0c9b663ffff,9,10,7,0.3763,0.5629,0.7664
891f0c9b667ffff,9,10,7,0.4357,0.6184,0.8139
891f0c9b66bffff,9,10,7,0.3083,0.4881,0.689
891f0c9b66fffff,9,10,7,0.3844,0.5563,0.7453
891f0c9b673ffff,9,10,7,0.286,0.4809,0.6666
891f0c9b677ffff,9,10,7,0.3459,0.5319,0.7314
891f0c9b67bffff,9,10,7,0.3546,0.5241,0.721
891f0c9b683ffff,9,10,7,0.4237,0.6054,0.8004
891f0c9b687ffff,9,10,7,0.3987,0.5687,0.7724
891f0c9b68bffff,9,10,7,0.317,0.494,0.6997
891f0c9b68fffff,9,10,7,0.3577,0.522,0.73
891f0c9b693ffff,9,10,7,0.3643,0.5507,0.7527
891f0c9b697ffff,9,10,7,0.446,0.628,0.8117
891f0c9b69bffff,9,10,7,0.3313,0.5011,0.703
891f0c9b6a3ffff,9,10,7,0.3339,0.5047,0.7049
891f0c9b6a7ffff,9,10,7,0.3711,0.5511,0.7587
891f0c9b6abffff,9,10,7,0.35,0.5413,0.747
891f0c9b6afffff,9,10,7,0.3184,0.503,0.6966
891f0c9b6b3ffff,9,10,7,0.4151,0.5887,0.7743
891f0c9b6b7ffff,9,10,7,0.3324,0.5101,0.7146
891f0c9b6bbffff,9,10,7,0.333,0.4993,0.6991
891f0c9b6c3ffff,9,10,7,0.361,0.535,0.7397
891f0c9b6c7ffff,9,10,7,0.41,0.5963,0.8053
891f0c9b6cbffff,9,10,7,0.3769,0.5526,0.7623
891f0c9b6cfffff,9,10,7,0.4134,0.5864,0.7946
891f0c9b6d3ffff,9,10,7,0.4414,0.6211,0.8154
891f0c9b6d7ffff,9,10,7,0.3081,0.4987,0.7089
891f0c9b6dbffff,9,10,7,0.4076,0.592,0.7981
891f2a0d803ffff,9,10,7,0.0777,0.2487,0.4431
891f2a0d807ffff,9,10,7,0.0137,0.1619,0.3631
891f2a0d80bffff,9,10,7,0.0611,0.2191,0.4206
891f2a0d80fffff,9,10,7,0.0856,0.2744,0.47
891f2a0d813ffff,9,10,7,0.2267,0.393,0.5827
891f2a0d817ffff,9,10,7,0.1206,0.294,0.4939
891f2a0d81bffff,9,10,7,0.16,0.3321,0.5283
891f2a0d823ffff,9,10,7,0.2793,0.4523,0.6554
891f2a0d827ffff,9,10,7,0.2741,0.4497,0.6509
891f2a0d82bffff,9,10,7,0.1266,0.2876,0.4827
891f2a0d82fffff,9,10,7,0.2903,0.4584,0.6651
891f2a0d833ffff,9,10,7,0.0991,0.2484,0.4541
891f2a0d837ffff,9,10,7,0.1334,0.3083,0.5074
891f2a0d83bffff,9,10,7,0.2049,0.39,0.5891
891f2a0d843ffff,9,10,5,0.0632,0.2354,0.4312
891f2a0d847ffff,9,10,7,0.0417,0.2003,0.394
891f2a0d84bffff,9,10,1,0.381,0.536,0.735
891f2a0d84fffff,9,10,7,0.2757,0.4471,0.636
891f2a0d853ffff,9,10,4,0.056,0.2127,0.4098
891f2a0d857ffff,9,10,7,0.0734,0.2376,0.4427
891f2a0d863ffff,9,10,7,0.1834,0.3626,0.5629
891f2a0d867ffff,9,10,7,0.2233,0.4079,0.6101
891f2a0d86bffff,9,10,7,0.228,0.4079,0.6149
891f2a0d86fffff,9,10,7,0.15,0.3289,0.527
891f2a0d873ffff,9,10,7,0.1764,0.3557,0.5609
891f2a0d877ffff,9,10,7,0.151,0.311,0.5096
891f2a0d87bffff,9,10,7,0.0937,0.2757,0.481
891f2a0d883ffff,9,10,7,0.3176,0.5089,0.7043
891f2a0d887ffff,9,10,7,0.1449,0.3283,0.5309
891f2a0d88bffff,9,10,7,0.2861,0.4584,0.6596
891f2a0d88fffff,9,10,7,0.1751,0.3616,0.5613
891f2a0d893ffff,9,10,3,0.2723,0.456,0.6633
891f2a0d897ffff,9,10,7,0.2559,0.4517,0.6601
891f2a0d89bffff,9,10,7,0.2573,0.432,0.638
891f2a0d8a3ffff,9,10,7,0.0287,0.173,0.3696
891f2a0d8a7ffff,9,10,7,0.1434,0.3261,0.5314
891f2a0d8abffff,9,10,7,0.0,0.0789,0.2764
891f2a0d8afffff,9,10,7,0.0389,0.1774,0.3654
891f2a0d8b3ffff,9,10,7,0.1063,0.2761,0.473
891f2a0d8b7ffff,9,10,5,0.058,0.1986,0.397
891f2a0d8bbffff,9,10,7,0.0693,0.1944,0.3994
891f2a0d8c3ffff,9,10,6,0.171,0.3545,0.5593
891f2a0d8c7ffff,9,10,7,0.1359,0.3184,0.5133
891f2a0d8cbffff,9,10,2,0.232,0.3965,0.591
891f2a0d8cfffff,9,10,7,0.214,0.386,0.5806
891f2a0d8d3ffff,9,10,1,0.221,0.408,0.581
891f2a0d8d7ffff,9,10,7,0.171,0.341,0.5503
891f2a0d90bffff,9,10,2,0.1125,0.2725,0.492
891f2a0d91bffff,9,10,1,0.135,0.314,0.538
891f2a0d943ffff,9,10,7,0.1156,0.2917,0.4974
891f2a0d947ffff,9,10,7,0.1021,0.2851,0.4706
891f2a0d94bffff,9,10,7,0.1551,0.337,0.5403
891f2a0d94fffff,9,10,7,0.0416,0.1807,0.3796
891f2a0d953ffff,9,10,7,0.1384,0.3204,0.5287
891f2a0d957ffff,9,10,7,0.115,0.2646,0.4651
891f2a0d95bffff,9,10,7,0.4427,0.6271,0.8216
891f2a0d963ffff,9,10,3,0.1243,0.3127,0.5273
891f2a0d96bffff,9,10,7,0.0871,0.2609,0.4626
891f2a0d96fffff,9,10,1,0.0,0.081,0.293
891f2a0d973ffff,9,10,3,0.171,0.357,0.5583
891f2a0d97bffff,9,10,7,0.0973,0.2803,0.4679
891f2a0d9c3ffff,9,10,6,0.01,0.1288,0.3295
891f2a0d9cbffff,9,10,7,0.0651,0.2273,0.43
891f2a0d9cfffff,9,10,7,0.1113,0.294,0.5089
891f2a0d9d3ffff,9,10,3,0.1533,0.3317,0.5537
891f2a0d9dbffff,9,10,7,0.0871,0.2346,0.4311
891f2a0da03ffff,9,10,1,0.323,0.524,0.734
891f2a0da07ffff,9,10,7,0.187,0.3586,0.5683
891f2a0da0bffff,9,10,1,0.369,0.56,0.766
891f2a0da0fffff,9,10,7,0.2974,0.471,0.6629
891f2a0da17ffff,9,10,3,0.2233,0.3917,0.596
891f2a0da23ffff,9,10,7,0.1361,0.3183,0.5066
891f2a0da27ffff,9,10,7,0.2834,0.4531,0.6469
891f2a0da2bffff,9,10,7,0.2329,0.4077,0.609
891f2a0da2fffff,9,10,7,0.1483,0.3334,0.5281
891f2a0da33ffff,9,10,7,0.1201,0.3051,0.5034
891f2a0da37ffff,9,10,7,0.1349,0.3164,0.5081
891f2a0da3bffff,9,10,7,0.183,0.3513,0.5491
891f2a0da47ffff,9,10,1,0.48,0.674,0.853
891f2a0da63ffff,9,10,7,0.2504,0.4287,0.6209
891f2a0da67ffff,9,10,7,0.2226,0.3984,0.5983
891f2a0da6bffff,9,10,7,0.2547,0.4509,0.655
891f2a0da6fffff,9,10,7,0.2786,0.4554,0.6591
891f2a0da73ffff,9,10,7,0.2886,0.4639,0.6637
891f2a0da77ffff,9,10,7,0.187,0.3691,0.5696
891f2a0da7bffff,9,10,7,0.2631,0.441,0.637
891f2a0da87ffff,9,10,1,0.376,0.535,0.723
891f2a0daa3ffff,9,10,7,0.3393,0.5129,0.7163
891f2a0daa7ffff,9,10,7,0.2794,0.4579,0.6501
891f2a0daabffff,9,10,7,0.2611,0.4411,0.636
891f2a0daafffff,9,10,7,0.2596,0.4157,0.6136
891f2a0dab3ffff,9,10,7,0.2263,0.4031,0.5953
891f2a0dab7ffff,9,10,7,0.2283,0.4123,0.6103
891f2a0dabbffff,9,10,6,0.176,0.3537,0.5423
891f2a0db03ffff,9,10,7,0.3644,0.5493,0.7321
891f2a0db07ffff,9,10,7,0.4356,0.6046,0.8019
891f2a0db0bffff,9,10,7,0.2877,0.4686,0.6531
891f2a0db0fffff,9,10,7,0.4336,0.6073,0.7986
891f2a0db13ffff,9,10,7,0.4121,0.5797,0.7749
891f2a0db17ffff,9,10,7,0.3621,0.5419,0.7451
891f2a0db1bffff,9,10,7,0.3246,0.5049,0.6886
891f2a0db23ffff,9,10,7,0.2771,0.4533,0.6521
891f2a0db27ffff,9,10,7,0.2056,0.3831,0.6021
891f2a0db2bffff,9,10,7,0.3997,0.5951,0.7981
891f2a0db2fffff,9,10,7,0.3769,0.5647,0.766
891f2a0db33ffff,9,10,7,0.2463,0.4261,0.639
891f2a0db37ffff,9,10,7,0.19,0.3706,0.582
891f2a0db3bffff,9,10,7,0.3377,0.5116,0.7089
891f2a0db43ffff,9,10,7,0.3809,0.5644,0.7619
891f2a0db47ffff,9,10,7,0.3429,0.5356,0.7414
891f2a0db4bffff,9,10,7,0.3943,0.5723,0.7714
891f2a0db4fffff,9,10,7,0.3333,0.5133,0.7153
891f2a0db53ffff,9,10,7,0.2724,0.4461,0.646
891f2a0db57ffff,9,10,7,0.328,0.5147,0.7127
891f2a0db5bffff,9,10,7,0.2951,0.4773,0.6771
891f2a0db63ffff,9,10,7,0.3979,0.5863,0.8039
891f2a0db67ffff,9,10,7,0.4863,0.6686,0.8607
891f2a0db6bffff,9,10,7,0.4281,0.6147,0.8106
891f2a0db6fffff,9,10,7,0.401,0.5834,0.7804
891f2a0db73ffff,9,10,7,0.3864,0.5669,0.7754
891f2a0db77ffff,9,10,7,0.4474,0.6317,0.8209
891f2a0db7bffff,9,10,7,0.35,0.5341,0.7347
891f2a0db83ffff,9,10,7,0.3311,0.5073,0.7099
891f2a0db87ffff,9,10,7,0.2881,0.4621,0.6617
891f2a0db8bffff,9,10,7,0.2394,0.42,0.6209
891f2a0db8fffff,9,10,7,0.441,0.6193,0.813
891f2a0db93ffff,9,10,7,0.3643,0.5321,0.7231
891f2a0db97ffff,9,10,7,0.3593,0.53,0.7301
891f2a0db9bffff,9,10,7,0.2614,0.4304,0.6303
891f2a0dba3ffff,9,10,7,0.0827,0.262,0.4647
891f2a0dba7ffff,9,10,7,0.1879,0.3753,0.5743
891f2a0dbabffff,9,10,7,0.2443,0.4301,0.6199
891f2a0dbafffff,9,10,7,0.0721,0.2524,0.4531
891f2a0dbb3ffff,9,10,7,0.0753,0.2667,0.4594
891f2a0dbb7ffff,9,10,7,0.0873,0.245,0.4339
891f2a0dbbbffff,9,10,7,0.2429,0.4323,0.6324
891f2a0dbc3ffff,9,10,7,0.1806,0.3559,0.5544
891f2a0dbc7ffff,9,10,7,0.2773,0.4517,0.6481
891f2a0dbcbffff,9,10,7,0.25,0.4381,0.6447
891f2a0dbcfffff,9,10,7,0.2287,0.4027,0.5976
891f2a0dbd3ffff,9,10,7,0.204,0.3864,0.5764
891f2a0dbd7ffff,9,10,7,0.1976,0.3773,0.57
891f2a0dbdbffff,9,10,7,0.1286,0.297,0.4963
891f2a0dc27ffff,9,10,2,0.1075,0.289,0.4845
891f2a0dc2fffff,9,10,3,0.2067,0.4003,0.5917
891f2a0dc6fffff,9,10,2,0.0755,0.25,0.4455
891f2a0dd43ffff,9,10,7,0.1869,0.3756,0.5754
891f2a0dd47ffff,9,10,6,0.2055,0.3872,0.581
891f2a0dd4bffff,9,10,7,0.1653,0.355,0.5624
891f2a0dd4fffff,9,10,7,0.1911,0.3629,0.5707
891f2a0dd53ffff,9,10,5,0.149,0.3324,0.5306
891f2a0dd57ffff,9,10,7,0.1249,0.304,0.5046
891f2a0dd5bffff,9,10,7,0.1996,0.378,0.5851
891f2a0dd7bffff,9,10,2,0.1515,0.3485,0.554
891f2a0ddcfffff,9,10,1,0.108,0.292,0.489
891f2a2924bffff,9,10,2,0.229,0.3915,0.5775
891f2a60003ffff,9,10,7,0.3764,0.547,0.7414
891f2a60007ffff,9,10,7,0.4273,0.6016,0.8011
891f2a6000bffff,9,10,7,0.3584,0.5256,0.731
891f2a6000fffff,9,10,7,0.4186,0.59,0.7964
891f2a60013ffff,9,10,7,0.3394,0.5169,0.7201
891f2a60017ffff,9,10,7,0.4261,0.5966,0.7889
891f2a6001bffff,9,10,7,0.3489,0.5253,0.7259
891f2a60023ffff,9,10,7,0.4077,0.5881,0.7896
891f2a60027ffff,9,10,7,0.4431,0.6221,0.8187
891f2a6002bffff,9,10,7,0.4987,0.682,0.8651
891f2a6002fffff,9,10,7,0.4191,0.6004,0.7943
891f2a60033ffff,9,10,7,0.3914,0.579,0.7791
891f2a60037ffff,9,10,7,0.4126,0.5923,0.7831
891f2a6003bffff,9,10,7,0.46,0.6569,0.8429
891f2a60043ffff,9,10,7,0.2586,0.4337,0.6349
891f2a60047ffff,9,10,7,0.3207,0.5019,0.7073
891f2a6004bffff,9,10,7,0.212,0.3903,0.5886
891f2a6004fffff,9,10,7,0.2276,0.4147,0.6269
891f2a60053ffff,9,10,7,0.263,0.4389,0.6516
891f2a60057ffff,9,10,7,0.1996,0.3774,0.5839
891f2a6005bffff,9,10,7,0.0797,0.2493,0.4533
891f2a60063ffff,9,10,7,0.3531,0.5457,0.746
891f2a60067ffff,9,10,7,0.3561,0.545,0.7563
891f2a6006bffff,9,10,7,0.4911,0.669,0.8557
891f2a6006fffff,9,10,7,0.3356,0.517,0.7117
891f2a60073ffff,9,10,7,0.4536,0.6427,0.8323
891f2a60077ffff,9,10,7,0.4121,0.6013,0.8071
891f2a6007bffff,9,10,7,0.3979,0.5769,0.7746
891f2a60083ffff,9,10,7,0.3513,0.5367,0.734
891f2a60087ffff,9,10,7,0.401,0.5789,0.7807
891f2a6008bffff,9,10,7,0.3541,0.5383,0.7369
891f2a6008fffff,9,10,7,0.4467,0.6139,0.8177
891f2a60093ffff,9,10,7,0.3383,0.5166,0.7164
891f2a60097ffff,9,10,7,0.2803,0.4529,0.6594
891f2a6009bffff,9,10,7,0.3459,0.5247,0.7253
891f2a600a3ffff,9,10,7,0.4367,0.6144,0.818
891f2a600a7ffff,9,10,7,0.4096,0.5953,0.8014
891f2a600abffff,9,10,7,0.4411,0.6221,0.8199
891f2a600afffff,9,10,7,0.4587,0.647,0.832
891f2a600b3ffff,9,10,7,0.4383,0.6091,0.7866
891f2a600b7ffff,9,10,7,0.3196,0.5096,0.7091
891f2a600bbffff,9,10,7,0.467,0.6429,0.8359
891f2a600c3ffff,9,10,7,0.2717,0.4497,0.6553
891f2a600c7ffff,9,10,7,0.322,0.5079,0.7019
891f2a600cbffff,9,10,7,0.3139,0.493,0.6864
891f2a600cfffff,9,10,7,0.3137,0.4803,0.6803
891f2a600d3ffff,9,10,7,0.2347,0.429,0.6289
891f2a600d7ffff,9,10,6,0.3032,0.491,0.6988
891f2a600dbffff,9,10,7,0.1956,0.3887,0.5879
891f2a60103ffff,9,10,7,0.4127,0.598,0.7991
891f2a60107ffff,9,10,7,0.3776,0.5633,0.766
891f2a6010bffff,9,10,7,0.3867,0.5726,0.7813
891f2a6010fffff,9,10,7,0.439,0.61,0.8204
891f2a60113ffff,9,10,7,0.4639,0.6383,0.8416
891f2a60117ffff,9,10,7,0.4646,0.6443,0.8374
891f2a6011bffff,9,10,7,0.428,0.6196,0.8239
891f2a60123ffff,9,10,7,0.4151,0.588,0.786
891f2a60127ffff,9,10,7,0.3559,0.5287,0.7336
891f2a6012bffff,9,10,7,0.4516,0.6256,0.8379
891f2a6012fffff,9,10,7,0.3921,0.573,0.7674
891f2a60133ffff,9,10,7,0.3903,0.5819,0.7829
891f2a60137ffff,9,10,7,0.3864,0.5723,0.7676
891f2a6013bffff,9,10,7,0.409,0.5834,0.783
891f2a60143ffff,9,10,7,0.3826,0.5629,0.7613
891f2a60147ffff,9,10,7,0.3779,0.5624,0.7697
891f2a6014bffff,9,10,7,0.4204,0.5981,0.7973
891f2a6014fffff,9,10,7,0.3734,0.5667,0.754
891f2a60153ffff,9,10,7,0.4146,0.6024,0.8013
891f2a60157ffff,9,10,7,0.3894,0.5621,0.7649
891f2a6015bffff,9,10,7,0.3927,0.5759,0.7764
891f2a60163ffff,9,10,7,0.3201,0.5006,0.7044
891f2a60167ffff,9,10,7,0.3297,0.5054,0.7043
891f2a6016bffff,9,10,7,0.3043,0.475,0.6694
891f2a6016fffff,9,10,7,0.2766,0.4594,0.6667
891f2a60173ffff,9,10,7,0.4044,0.57,0.771
891f2a60177ffff,9,10,7,0.3956,0.582,0.7776
891f2a6017bffff,9,10,7,0.3924,0.5734,0.7716
891f2a60183ffff,9,10,7,0.414,0.5959,0.7929
891f2a60187ffff,9,10,7,0.4549,0.6366,0.8263
891f2a6018bffff,9,10,7,0.4853,0.6693,0.8514
891f2a6018fffff,9,10,7,0.4754,0.652,0.8543
891f2a60193ffff,9,10,7,0.4674,0.6547,0.8463
891f2a60197ffff,9,10,7,0.4006,0.5797,0.7619
891f2a6019bffff,9,10,7,0.4551,0.6347,0.8366
891f2a601a3ffff,9,10,7,0.446,0.629,0.8189
891f2a601a7ffff,9,10,7,0.4316,0.6137,0.8113
891f2a601abffff,9,10,7,0.4794,0.6566,0.8511
891f2a601afffff,9,10,7,0.3921,0.5673,0.7644
891f2a601b3ffff,9,10,7,0.4723,0.6569,0.8574
891f2a601b7ffff,9,10,7,0.3219,0.4993,0.6967
891f2a601bbffff,9,10,7,0.4254,0.6014,0.8099
891f2a601c3ffff,9,10,7,0.479,0.6523,0.8469
891f2a601c7ffff,9,10,7,0.5213,0.6956,0.8814
891f2a601cbffff,9,10,7,0.3473,0.5306,0.7397
891f2a601cfffff,9,10,7,0.3891,0.5723,0.779
891f2a601d3ffff,9,10,7,0.4227,0.5939,0.795
891f2a601d7ffff,9,10,7,0.4681,0.6484,0.8374
891f2a601dbffff,9,10,7,0.4349,0.6241,0.8146
891f2a60203ffff,9,10,7,0.3161,0.4954,0.6923
891f2a60207ffff,9,10,7,0.1471,0.3333,0.5371
891f2a6020bffff,9,10,7,0.254,0.4313,0.6161
891f2a6020fffff,9,10,7,0.2667,0.4496,0.6566
891f2a60213ffff,9,10,7,0.2221,0.4004,0.5923
891f2a60217ffff,9,10,7,0.2141,0.3881,0.5911
891f2a6021bffff,9,10,7,0.1683,0.3487,0.548
891f2a60223ffff,9,10,7,0.1777,0.3413,0.5404
891f2a60227ffff,9,10,7,0.2484,0.4287,0.6314
891f2a6022bffff,9,10,7,0.202,0.371,0.5697
891f2a6022fffff,9,10,7,0.1371,0.3156,0.5129
891f2a60233ffff,9,10,7,0.2699,0.4441,0.6413
891f2a60237ffff,9,10,7,0.2696,0.4583,0.6547
891f2a6023bffff,9,10,7,0.1847,0.3616,0.5616
891f2a60243ffff,9,10,7,0.075,0.2507,0.4506
891f2a60247ffff,9,10,7,0.137,0.3013,0.5059
891f2a6024bffff,9,10,5,0.2212,0.3578,0.5508
891f2a6024fffff,9,10,7,0.1227,0.2817,0.4807
891f2a60253ffff,9,10,7,0.126,0.3034,0.5127
891f2a60257ffff,9,10,7,0.1533,0.3357,0.548
891f2a6025bffff,9,10,4,0.0512,0.2363,0.4323
891f2a60263ffff,9,10,7,0.2714,0.4606,0.6643
891f2a60267ffff,9,10,7,0.287,0.4583,0.6551
891f2a6026bffff,9,10,7,0.129,0.3093,0.5069
891f2a6026fffff,9,10,7,0.2519,0.4269,0.6216
891f2a60273ffff,9,10,7,0.2293,0.3873,0.5784
891f2a60277ffff,9,10,7,0.2549,0.4404,0.6359
891f2a6027bffff,9,10,7,0.1256,0.3117,0.5071
891f2a60283ffff,9,10,7,0.154,0.3204,0.5167
891f2a60287ffff,9,10,7,0.3774,0.5534,0.7623
891f2a6028bffff,9,10,7,0.2264,0.4066,0.597
891f2a6028fffff,9,10,7,0.2927,0.4684,0.6713
891f2a60293ffff,9,10,7,0.0663,0.2454,0.4511
891f2a60297ffff,9,10,7,0.1844,0.362,0.5673
891f2a6029bffff,9,10,7,0.0627,0.236,0.4369
891f2a602a3ffff,9,10,7,0.2069,0.3887,0.5929
891f2a602a7ffff,9,10,7,0.2981,0.4766,0.676
891f2a602abffff,9,10,7,0.2331,0.3937,0.5984
891f2a602afffff,9,10,7,0.2506,0.4384,0.6423
891f2a602b3ffff,9,10,7,0.2797,0.452,0.6483
891f2a602b7ffff,9,10,7,0.3433,0.5324,0.7427
891f2a602bbffff,9,10,7,0.3231,0.5094,0.7114
891f2a602c3ffff,9,10,7,0.1673,0.352,0.5521
891f2a602c7ffff,9,10,7,0.2869,0.4543,0.6534
891f2a602cbffff,9,10,7,0.157,0.3364,0.5196
891f2a602cfffff,9,10,7,0.1631,0.3379,0.5469
891f2a602d3ffff,9,10,7,0.1356,0.3161,0.5207
891f2a602d7ffff,9,10,7,0.2031,0.3711,0.5584
891f2a602dbffff,9,10,7,0.0837,0.2189,0.4189
891f2a60303ffff,9,10,7,0.4249,0.5976,0.796
891f2a60307ffff,9,10,7,0.4087,0.5976,0.7823
891f2a6030bffff,9,10,7,0.3139,0.5003,0.6984
891f2a6030fffff,9,10,7,0.5074,0.6817,0.8749
891f2a60313ffff,9,10,7,0.3353,0.5131,0.7167
891f2a60317ffff,9,10,7,0.3893,0.5717,0.767
891f2a6031bffff,9,10,7,0.2643,0.4403,0.6394
891f2a60323ffff,9,10,7,0.418,0.6151,0.8139
891f2a60327ffff,9,10,7,0.4039,0.5897,0.7921
891f2a6032bffff,9,10,7,0.5083,0.6776,0.8801
891f2a6032fffff,9,10,7,0.429,0.6029,0.7994
891f2a60333ffff,9,10,7,0.4794,0.6601,0.8507
891f2a60337ffff,9,10,7,0.4294,0.609,0.7894
891f2a6033bffff,9,10,7,0.463,0.6381,0.8289
891f2a60343ffff,9,10,7,0.1551,0.3346,0.532
891f2a60347ffff,9,10,7,0.2697,0.4449,0.634
891f2a6034bffff,9,10,7,0.2367,0.4191,0.6101
891f2a6034fffff,9,10,7,0.2249,0.3921,0.5816
891f2a60353ffff,9,10,7,0.1893,0.363,0.5654
891f2a60357ffff,9,10,7,0.2986,0.4831,0.679
891f2a6035bffff,9,10,7,0.1946,0.3787,0.5809
891f2a60363ffff,9,10,7,0.3651,0.5481,0.754
891f2a60367ffff,9,10,7,0.4527,0.6323,0.8419
891f2a6036bffff,9,10,7,0.3377,0.5136,0.7131
891f2a6036fffff,9,10,7,0.3511,0.5296,0.7329
891f2a60373ffff,9,10,7,0.3639,0.5473,0.7287
891f2a60377ffff,9,10,7,0.4173,0.6103,0.8077
891f2a6037bffff,9,10,7,0.1989,0.3801,0.5849
891f2a60383ffff,9,10,7,0.2436,0.4253,0.6196
891f2a60387ffff,9,10,7,0.3117,0.4841,0.6839
891f2a6038bffff,9,10,7,0.2997,0.4853,0.6893
891f2a6038fffff,9,10,7,0.2371,0.4104,0.6166
891f2a60393ffff,9,10,7,0.3136,0.4883,0.6927
891f2a60397ffff,9,10,7,0.307,0.4901,0.6806
891f2a6039bffff,9,10,7,0.3494,0.5299,0.7321
891f2a603a3ffff,9,10,7,0.2316,0.417,0.628
891f2a603a7ffff,9,10,7,0.2416,0.4337,0.6404
891f2a603abffff,9,10,7,0.3416,0.5124,0.7001
891f2a603afffff,9,10,7,0.3001,0.4759,0.6696
891f2a603b3ffff,9,10,7,0.2899,0.4751,0.6849
891f2a603b7ffff,9,10,7,0.3134,0.4909,0.6894
891f2a603bbffff,9,10,7,0.265,0.4443,0.6443
891f2a603c3ffff,9,10,7,0.2269,0.4049,0.6123
891f2a603c7ffff,9,10,7,0.2139,0.4064,0.6117
891f2a603cbffff,9,10,7,0.279,0.4516,0.6491
891f2a603cfffff,9,10,7,0.2633,0.4449,0.6503
891f2a603d3ffff,9,10,7,0.3031,0.4976,0.6947
891f2a603d7ffff,9,10,7,0.2637,0.4393,0.6239
891f2a603dbffff,9,10,7,0.2431,0.4301,0.6239
891f2a60403ffff,9,10,7,0.3701,0.5486,0.7533
891f2a60407ffff,9,10,7,0.449,0.6237,0.8291
891f2a6040bffff,9,10,7,0.3319,0.5193,0.7184
891f2a6040fffff,9,10,7,0.3756,0.5521,0.759
891f2a60413ffff,9,10,7,0.2961,0.478,0.6793
891f2a60417ffff,9,10,7,0.2991,0.4741,0.6654
891f2a6041bffff,9,10,7,0.2824,0.4581,0.6743
891f2a60423ffff,9,10,7,0.3763,0.5626,0.7639
891f2a60427ffff,9,10,7,0.4146,0.591,0.803
891f2a6042bffff,9,10,7,0.4017,0.5766,0.7677
891f2a6042fffff,9,10,7,0.342,0.5221,0.7234
891f2a60433ffff,9,10,7,0.3909,0.5724,0.7746
891f2a60437ffff,9,10,7,0.3453,0.535,0.7343
891f2a6043bffff,9,10,7,0.3976,0.5844,0.7861
891f2a60443ffff,9,10,7,0.2147,0.3887,0.5783
891f2a60447ffff,9,10,7,0.3054,0.4806,0.6737
891f2a6044bffff,9,10,7,0.0581,0.2154,0.4116
891f2a6044fffff,9,10,7,0.3427,0.52,0.7084
891f2a60453ffff,9,10,7,0.0873,0.2583,0.4633
891f2a60457ffff,9,10,7,0.3459,0.5181,0.711
891f2a6045bffff,9,10,7,0.0981,0.2797,0.4891
891f2a60463ffff,9,10,7,0.3394,0.518,0.7243
891f2a60467ffff,9,10,7,0.363,0.5341,0.7299
891f2a6046bffff,9,10,7,0.2429,0.4193,0.6167
891f2a6046fffff,9,10,7,0.1914,0.3789,0.5851
891f2a60473ffff,9,10,7,0.3341,0.5103,0.7046
891f2a60477ffff,9,10,7,0.381,0.5604,0.7664
891f2a6047bffff,9,10,7,0.3073,0.486,0.6884
891f2a60483ffff,9,10,7,0.2761,0.4669,0.6726
891f2a60487ffff,9,10,7,0.3554,0.5294,0.7213
891f2a6048bffff,9,10,7,0.2646,0.4396,0.6466
891f2a6048fffff,9,10,7,0.3593,0.5241,0.7324
891f2a60493ffff,9,10,7,0.3209,0.5087,0.7193
891f2a60497ffff,9,10,7,0.2764,0.4581,0.6563
891f2a6049bffff,9,10,7,0.2064,0.3904,0.5849
891f2a604a3ffff,9,10,7,0.3711,0.5569,0.7616
891f2a604a7ffff,9,10,7,0.4296,0.6123,0.8093
891f2a604abffff,9,10,7,0.4127,0.6036,0.8156
891f2a604afffff,9,10,7,0.4136,0.5751,0.7666
891f2a604b3ffff,9,10,7,0.443,0.6134,0.8097
891f2a604b7ffff,9,10,7,0.312,0.4914,0.6999
891f2a604bbffff,9,10,7,0.4016,0.5867,0.785
891f2a604c3ffff,9,10,7,0.1474,0.332,0.5376
891f2a604c7ffff,9,10,7,0.2704,0.4554,0.6456
891f2a604cbffff,9,10,7,0.1237,0.3143,0.5069
891f2a604cfffff,9,10,7,0.181,0.3726,0.5759
891f2a604d3ffff,9,10,7,0.2011,0.3836,0.5799
891f2a604d7ffff,9,10,7,0.276,0.4626,0.6653
891f2a604dbffff,9,10,7,0.1946,0.3773,0.5884
891f2a60503ffff,9,10,7,0.3937,0.5719,0.7777
891f2a60507ffff,9,10,7,0.3034,0.4793,0.6873
891f2a6050bffff,9,10,7,0.4077,0.5963,0.7804
891f2a6050fffff,9,10,7,0.4279,0.6114,0.8161
891f2a60513ffff,9,10,7,0.2941,0.4677,0.6703
891f2a60517ffff,9,10,7,0.3704,0.537,0.7289
891f2a6051bffff,9,10,7,0.4529,0.6297,0.829
891f2a60523ffff,9,10,7,0.3121,0.5031,0.7091
891f2a60527ffff,9,10,7,0.2834,0.4614,0.6537
891f2a6052bffff,9,10,7,0.462,0.6383,0.8393
891f2a6052fffff,9,10,7,0.4177,0.5976,0.8029
891f2a60533ffff,9,10,7,0.2563,0.4307,0.6311
891f2a60537ffff,9,10,7,0.3759,0.5554,0.7597
891f2a6053bffff,9,10,7,0.3876,0.5571,0.7483
891f2a60543ffff,9,10,7,0.3826,0.5657,0.7719
891f2a60547ffff,9,10,7,0.3247,0.4964,0.7011
891f2a6054bffff,9,10,7,0.4436,0.6187,0.8204
891f2a6054fffff,9,10,7,0.3993,0.5773,0.7824
891f2a60553ffff,9,10,7,0.4151,0.591,0.7834
891f2a60557ffff,9,10,7,0.408,0.5886,0.7911
891f2a6055bffff,9,10,7,0.3934,0.5691,0.7561
891f2a60563ffff,9,10,7,0.4636,0.6466,0.821
891f2a60567ffff,9,10,7,0.4227,0.6036,0.8047
891f2a6056bffff,9,10,7,0.4297,0.6074,0.8106
891f2a6056fffff,9,10,7,0.4917,0.6641,0.8584
891f2a60573ffff,9,10,7,0.4639,0.65,0.8444
891f2a60577ffff,9,10,7,0.5086,0.682,0.87
891f2a6057bffff,9,10,7,0.4643,0.6497,0.8487
891f2a60583ffff,9,10,7,0.3753,0.5629,0.7537
891f2a60587ffff,9,10,7,0.4071,0.576,0.7786
891f2a6058bffff,9,10,7,0.4674,0.6491,0.8443
891f2a6058fffff,9,10,7,0.3259,0.5003,0.6929
891f2a60593ffff,9,10,7,0.4477,0.6354,0.8434
891f2a60597ffff,9,10,7,0.4304,0.6157,0.8089
891f2a6059bffff,9,10,7,0.4039,0.5726,0.7917
891f2a605a3ffff,9,10,7,0.4356,0.6299,0.8206
891f2a605a7ffff,9,10,7,0.3849,0.5624,0.7511
891f2a605abffff,9,10,7,0.3556,0.5386,0.7294
891f2a605afffff,9,10,7,0.3794,0.5617,0.7656
891f2a605b3ffff,9,10,7,0.518,0.6959,0.8934
891f2a605b7ffff,9,10,7,0.4009,0.5937,0.7846
891f2a605bbffff,9,10,7,0.296,0.488,0.6864
891f2a605c3ffff,9,10,7,0.4606,0.6499,0.8539
891f2a605c7ffff,9,10,7,0.4191,0.5991,0.8036
891f2a605cbffff,9,10,7,0.5147,0.6817,0.873
891f2a605cfffff,9,10,7,0.4123,0.5927,0.7894
891f2a605d3ffff,9,10,7,0.4533,0.626,0.817
891f2a605d7ffff,9,10,7,0.4367,0.6186,0.8189
891f2a605dbffff,9,10,7,0.4154,0.5907,0.8013
891f2a60603ffff,9,10,7,0.1573,0.3293,0.5197
891f2a60607ffff,9,10,7,0.139,0.3014,0.5117
891f2a6060bffff,9,10,7,0.1364,0.3141,0.506
891f2a6060fffff,9,10,7,0.213,0.3989,0.5966
891f2a60613ffff,9,10,7,0.0914,0.282,0.4804
891f2a60617ffff,9,10,7,0.0884,0.2687,0.4809
891f2a6061bffff,9,10,7,0.224,0.405,0.6029
891f2a60623ffff,9,10,7,0.1044,0.288,0.4866
891f2a60627ffff,9,10,7,0.1261,0.2751,0.4703
891f2a6062bffff,9,10,7,0.1286,0.3117,0.5101
891f2a6062fffff,9,10,7,0.1061,0.2761,0.4841
891f2a60633ffff,9,10,7,0.0424,0.2073,0.4036
891f2a60637ffff,9,10,7,0.154,0.3463,0.5444
891f2a6063bffff,9,10,7,0.1493,0.3236,0.5379
891f2a60643ffff,9,10,7,0.0939,0.2589,0.4623
891f2a60647ffff,9,10,7,0.1411,0.3229,0.5257
891f2a6064bffff,9,10,7,0.1564,0.3351,0.5447
891f2a6064fffff,9,10,7,0.103,0.2817,0.4821
891f2a60653ffff,9,10,7,0.1606,0.3321,0.5193
891f2a60657ffff,9,10,7,0.1351,0.319,0.5179
891f2a6065bffff,9,10,7,0.1517,0.3306,0.5244
891f2a60663ffff,9,10,7,0.1279,0.3134,0.517
891f2a60667ffff,9,10,7,0.0847,0.2479,0.4503
891f2a6066bffff,9,10,7,0.1569,0.33,0.5349
891f2a6066fffff,9,10,7,0.1124,0.2936,0.4806
891f2a60673ffff,9,10,7,0.1827,0.3581,0.5587
891f2a60677ffff,9,10,7,0.138,0.3087,0.5046
891f2a6067bffff,9,10,7,0.1473,0.3271,0.5277
891f2a60683ffff,9,10,7,0.1193,0.2996,0.4961
891f2a60687ffff,9,10,7,0.1466,0.3377,0.5371
891f2a6068bffff,9,10,7,0.0663,0.2431,0.4527
891f2a6068fffff,9,10,7,0.1657,0.3466,0.5417
891f2a60693ffff,9,10,7,0.1739,0.3554,0.5649
891f2a60697ffff,9,10,7,0.087,0.2149,0.417
891f2a6069bffff,9,10,7,0.1774,0.3581,0.5593
891f2a606a3ffff,9,10,7,0.0939,0.2467,0.4499
891f2a606a7ffff,9,10,7,0.2277,0.41,0.6113
891f2a606abffff,9,10,7,0.0393,0.1739,0.3726
891f2a606afffff,9,10,7,0.0873,0.2573,0.4594
891f2a606b3ffff,9,10,7,0.0764,0.2637,0.455
891f2a606b7ffff,9,10,7,0.194,0.3724,0.5686
891f2a606bbffff,9,10,7,0.1204,0.3,0.5101
891f2a606c3ffff,9,10,7,0.2079,0.3856,0.5874
891f2a606c7ffff,9,10,7,0.1111,0.2856,0.4736
891f2a606cbffff,9,10,7,0.1429,0.3197,0.5263
891f2a606cfffff,9,10,7,0.159,0.3396,0.5363
891f2a606d3ffff,9,10,7,0.1301,0.3127,0.5181
891f2a606d7ffff,9,10,7,0.1094,0.2873,0.4831
891f2a606dbffff,9,10,7,0.1117,0.2953,0.491
891f2a60803ffff,9,10,7,0.3573,0.5244,0.7237
891f2a60807ffff,9,10,7,0.4831,0.661,0.8707
891f2a6080bffff,9,10,7,0.4119,0.5897,0.7856
891f2a6080fffff,9,10,7,0.4616,0.644,0.849
891f2a60813ffff,9,10,7,0.4181,0.5941,0.7921
891f2a60817ffff,9,10,7,0.4311,0.6191,0.821
891f2a6081bffff,9,10,7,0.4197,0.5981,0.8
891f2a60823ffff,9,10,7,0.4951,0.6694,0.878
891f2a60827ffff,9,10,7,0.5354,0.7127,0.9043
891f2a6082bffff,9,10,7,0.3823,0.5541,0.7654
891f2a6082fffff,9,10,7,0.4577,0.6353,0.8361
891f2a60833ffff,9,10,7,0.4529,0.621,0.8143
891f2a60837ffff,9,10,7,0.455,0.6364,0.837
891f2a6083bffff,9,10,7,0.288,0.4806,0.6851
891f2a60843ffff,9,10,7,0.4493,0.6373,0.838
891f2a60847ffff,9,10,7,0.4957,0.6799,0.9011
891f2a6084bffff,9,10,7,0.3584,0.552,0.7579
891f2a6084fffff,9,10,7,0.4356,0.6263,0.8223
891f2a60853ffff,9,10,7,0.4837,0.672,0.861
891f2a60857ffff,9,10,7,0.4236,0.604,0.8096
891f2a6085bffff,9,10,7,0.4149,0.5954,0.7973
891f2a60863ffff,9,10,7,0.4743,0.6414,0.8404
891f2a60867ffff,9,10,7,0.3724,0.5516,0.7587
891f2a6086bffff,9,10,7,0.4784,0.639,0.8367
891f2a6086fffff,9,10,7,0.4556,0.638,0.8279
891f2a60873ffff,9,10,7,0.4576,0.6276,0.827
891f2a60877ffff,9,10,7,0.3653,0.552,0.7529
891f2a6087bffff,9,10,7,0.455,0.6433,0.8537
891f2a60883ffff,9,10,7,0.3767,0.5534,0.7557
891f2a60887ffff,9,10,7,0.3977,0.5656,0.7577
891f2a6088bffff,9,10,7,0.3337,0.5161,0.707
891f2a6088fffff,9,10,7,0.434,0.6203,0.8179
891f2a60893ffff,9,10,7,0.3529,0.5357,0.7384
891f2a60897ffff,9,10,7,0.3967,0.5733,0.7714
891f2a6089bffff,9,10,7,0.3739,0.5494,0.7361
891f2a608a3ffff,9,10,7,0.4239,0.5976,0.8046
891f2a608a7ffff,9,10,7,0.5119,0.6937,0.8936
891f2a608abffff,9,10,7,0.4507,0.6257,0.8311
891f2a608afffff,9,10,7,0.38,0.5669,0.7661
891f2a608b3ffff,9,10,7,0.3879,0.5587,0.7614
891f2a608b7ffff,9,10,7,0.426,0.6046,0.812
891f2a608bbffff,9,10,7,0.3903,0.5754,0.7863
891f2a608c3ffff,9,10,7,0.4367,0.6166,0.8219
891f2a608c7ffff,9,10,7,0.3823,0.5624,0.7633
891f2a608cbffff,9,10,7,0.4863,0.6569,0.8423
891f2a608cfffff,9,10,7,0.4257,0.6014,0.8027
891f2a608d3ffff,9,10,7,0.419,0.5956,0.7941
891f2a608d7ffff,9,10,7,0.3876,0.5699,0.7674
891f2a608dbffff,9,10,7,0.424,0.6067,0.7981
891f2a60903ffff,9,10,7,0.391,0.5776,0.7671
891f2a60907ffff,9,10,7,0.4693,0.648,0.8261
891f2a6090bffff,9,10,7,0.4939,0.671,0.8691
891f2a6090fffff,9,10,7,0.464,0.6379,0.841
891f2a60913ffff,9,10,7,0.3684,0.5444,0.7426
891f2a60917ffff,9,10,7,0.3369,0.5186,0.7237
891f2a6091bffff,9,10,7,0.5016,0.6767,0.8691
891f2a60923ffff,9,10,7,0.4716,0.6499,0.8596
891f2a60927ffff,9,10,7,0.4479,0.6387,0.8263
891f2a6092bffff,9,10,7,0.5154,0.6937,0.8939
891f2a6092fffff,9,10,7,0.4347,0.6103,0.8179
891f2a60933ffff,9,10,7,0.4364,0.6104,0.8131
891f2a60937ffff,9,10,7,0.4624,0.6249,0.8199
891f2a6093bffff,9,10,7,0.5623,0.7457,0.9249
891f2a60943ffff,9,10,7,0.5096,0.6809,0.8663
891f2a60947ffff,9,10,7,0.3924,0.5851,0.783
891f2a6094bffff,9,10,7,0.4353,0.6149,0.8203
891f2a6094fffff,9,10,7,0.4366,0.6184,0.8156
891f2a60953ffff,9,10,7,0.4271,0.6023,0.802
891f2a60957ffff,9,10,7,0.3791,0.552,0.7506
891f2a6095bffff,9,10,7,0.4973,0.6766,0.8751
891f2a60963ffff,9,10,7,0.4824,0.6626,0.8647
891f2a60967ffff,9,10,7,0.4749,0.6729,0.8804
891f2a6096bffff,9,10,7,0.4763,0.6554,0.8454
891f2a6096fffff,9,10,7,0.4186,0.5991,0.799
891f2a60973ffff,9,10,7,0.4501,0.6316,0.8294
891f2a60977ffff,9,10,7,0.4217,0.61,0.7961
891f2a6097bffff,9,10,7,0.4021,0.5901,0.7973
891f2a60983ffff,9,10,7,0.3164,0.499,0.6999
891f2a60987ffff,9,10,7,0.1531,0.3436,0.5411
891f2a6098bffff,9,10,7,0.3081,0.4886,0.6959
891f2a6098fffff,9,10,7,0.2581,0.434,0.6341
891f2a60993ffff,9,10,7,0.2214,0.4043,0.6104
891f2a60997ffff,9,10,7,0.2526,0.4304,0.6311
891f2a6099bffff,9,10,7,0.3411,0.5231,0.7214
891f2a609a3ffff,9,10,7,0.4279,0.6101,0.8109
891f2a609a7ffff,9,10,7,0.4254,0.5974,0.7961
891f2a609abffff,9,10,7,0.3847,0.5699,0.7739
891f2a609afffff,9,10,7,0.48,0.6641,0.8647
891f2a609b3ffff,9,10,7,0.3436,0.527,0.7343
891f2a609b7ffff,9,10,7,0.4471,0.6291,0.8273
891f2a609bbffff,9,10,7,0.3426,0.5269,0.7223
891f2a609c3ffff,9,10,7,0.4209,0.6026,0.798
891f2a609c7ffff,9,10,7,0.301,0.467,0.6633
891f2a609cbffff,9,10,7,0.4441,0.6229,0.8164
891f2a609cfffff,9,10,7,0.3951,0.5761,0.7827
891f2a609d3ffff,9,10,7,0.381,0.5741,0.7666
891f2a609d7ffff,9,10,7,0.3091,0.4909,0.7043
891f2a609dbffff,9,10,7,0.4426,0.6254,0.8216
891f2a60a03ffff,9,10,7,0.1219,0.2976,0.4996
891f2a60a07ffff,9,10,7,0.1686,0.3544,0.5546
891f2a60a0bffff,9,10,7,0.316,0.499,0.7041
891f2a60a0fffff,9,10,7,0.327,0.4984,0.6991
891f2a60a13ffff,9,10,7,0.1826,0.3687,0.572
891f2a60a17ffff,9,10,7,0.1761,0.3571,0.5569
891f2a60a1bffff,9,10,7,0.2141,0.3871,0.5849
891f2a60a23ffff,9,10,7,0.4526,0.6416,0.8406
891f2a60a27ffff,9,10,7,0.4544,0.6399,0.8486
891f2a60a2bffff,9,10,7,0.4114,0.5921,0.7963
891f2a60a2fffff,9,10,7,0.453,0.6226,0.8174
891f2a60a33ffff,9,10,7,0.3691,0.5556,0.74
891f2a60a37ffff,9,10,7,0.3851,0.5633,0.7683
891f2a60a3bffff,9,10,7,0.3271,0.5106,0.708
891f2a60a43ffff,9,10,7,0.4177,0.6013,0.786
891f2a60a47ffff,9,10,7,0.3923,0.566,0.7696
891f2a60a4bffff,9,10,7,0.3637,0.5496,0.7473
891f2a60a4fffff,9,10,7,0.401,0.5843,0.7939
891f2a60a53ffff,9,10,7,0.5267,0.6981,0.8964
891f2a60a57ffff,9,10,7,0.4159,0.6074,0.8153
891f2a60a5bffff,9,10,7,0.4594,0.6423,0.842
891f2a60a63ffff,9,10,7,0.328,0.5081,0.7054
891f2a60a67ffff,9,10,7,0.3456,0.528,0.738
891f2a60a6bffff,9,10,7,0.348,0.525,0.732
891f2a60a6fffff,9,10,7,0.3999,0.5901,0.7851
891f2a60a73ffff,9,10,7,0.425,0.61,0.7989
891f2a60a77ffff,9,10,7,0.4226,0.5964,0.7997
891f2a60a7bffff,9,10,7,0.3937,0.5686,0.768
891f2a60a83ffff,9,10,7,0.2586,0.4431,0.64
891f2a60a87ffff,9,10,7,0.3263,0.5046,0.7061
891f2a60a8bffff,9,10,7,0.2531,0.4324,0.6356
891f2a60a8fffff,9,10,7,0.2119,0.3896,0.5826
891f2a60a93ffff,9,10,7,0.4779,0.6553,0.8461
891f2a60a97ffff,9,10,7,0.4599,0.6313,0.8309
891f2a60a9bffff,9,10,7,0.3529,0.5331,0.719
891f2a60aa3ffff,9,10,7,0.3761,0.5494,0.75
891f2a60aa7ffff,9,10,7,0.35,0.528,0.7263
891f2a60aabffff,9,10,7,0.1783,0.3337,0.5333
891f2a60aafffff,9,10,7,0.2461,0.4209,0.622
891f2a60ab3ffff,9,10,7,0.413,0.5914,0.7923
891f2a60ab7ffff,9,10,7,0.4187,0.5977,0.7946
891f2a60abbffff,9,10,7,0.2026,0.3873,0.5871
891f2a60ac3ffff,9,10,7,0.4026,0.5826,0.7786
891f2a60ac7ffff,9,10,7,0.3676,0.5436,0.7403
891f2a60acbffff,9,10,7,0.3411,0.5303,0.7183
891f2a60acfffff,9,10,7,0.4173,0.5976,0.8027
891f2a60ad3ffff,9,10,7,0.427,0.5951,0.7837
891f2a60ad7ffff,9,10,7,0.3661,0.5503,0.7571
891f2a60adbffff,9,10,7,0.2774,0.4479,0.6479
891f2a60b03ffff,9,10,7,0.4614,0.6399,0.8486
891f2a60b07ffff,9,10,7,0.4851,0.6609,0.8451
891f2a60b0bffff,9,10,7,0.4291,0.6101,0.7957
891f2a60b0fffff,9,10,7,0.5324,0.7169,0.8969
891f2a60b13ffff,9,10,7,0.4954,0.6737,0.8757
891f2a60b17ffff,9,10,7,0.501,0.6731,0.8724
891f2a60b1bffff,9,10,7,0.5573,0.7326,0.9107
891f2a60b23ffff,9,10,7,0.3991,0.5869,0.7899
891f2a60b27ffff,9,10,7,0.4779,0.6547,0.846
891f2a60b2bffff,9,10,7,0.3946,0.5684,0.7636
891f2a60b2fffff,9,10,7,0.4764,0.661,0.8519
891f2a60b33ffff,9,10,7,0.4863,0.6591,0.8624
891f2a60b37ffff,9,10,7,0.4836,0.668,0.8691
891f2a60b3bffff,9,10,7,0.4331,0.6047,0.8049
891f2a60b43ffff,9,10,7,0.4951,0.6824,0.8794
891f2a60b47ffff,9,10,7,0.4347,0.6151,0.8081
891f2a60b4bffff,9,10,7,0.488,0.6629,0.863
891f2a60b4fffff,9,10,7,0.517,0.7056,0.8923
891f2a60b53ffff,9,10,7,0.5096,0.6753,0.8677
891f2a60b57ffff,9,10,7,0.4971,0.6706,0.8704
891f2a60b5bffff,9,10,7,0.3951,0.5904,0.7944
891f2a60b63ffff,9,10,7,0.3626,0.5486,0.7519
891f2a60b67ffff,9,10,7,0.3691,0.5429,0.7391
891f2a60b6bffff,9,10,7,0.3366,0.5069,0.7047
891f2a60b6fffff,9,10,7,0.3301,0.5219,0.7171
891f2a60b73ffff,9,10,7,0.3809,0.5621,0.7629
891f2a60b77ffff,9,10,7,0.3941,0.573,0.76
891f2a60b7bffff,9,10,7,0.4323,0.6053,0.7901
891f2a60b83ffff,9,10,7,0.4381,0.6127,0.8013
891f2a60b87ffff,9,10,7,0.4174,0.5864,0.789
891f2a60b8bffff,9,10,7,0.3599,0.543,0.7337
891f2a60b8fffff,9,10,7,0.3986,0.5736,0.7736
891f2a60b93ffff,9,10,7,0.3963,0.5893,0.789
891f2a60b97ffff,9,10,7,0.4833,0.6716,0.8623
891f2a60b9bffff,9,10,7,0.3009,0.4746,0.6737
891f2a60ba3ffff,9,10,7,0.4024,0.5671,0.7751
891f2a60ba7ffff,9,10,7,0.4369,0.6107,0.807
891f2a60babffff,9,10,7,0.482,0.6663,0.8649
891f2a60bafffff,9,10,7,0.3966,0.5844,0.783
891f2a60bb3ffff,9,10,7,0.4383,0.6186,0.8167
891f2a60bb7ffff,9,10,7,0.3344,0.5214,0.7173
891f2a60bbbffff,9,10,7,0.455,0.6306,0.836
891f2a60bc3ffff,9,10,7,0.3784,0.5529,0.766
891f2a60bc7ffff,9,10,7,0.3603,0.5499,0.7503
891f2a60bcbffff,9,10,7,0.4347,0.608,0.8139
891f2a60bcfffff,9,10,7,0.5013,0.671,0.8609
891f2a60bd3ffff,9,10,7,0.4243,0.6069,0.808
891f2a60bd7ffff,9,10,7,0.3399,0.5167,0.7174
891f2a60bdbffff,9,10,7,0.4356,0.623,0.8243
891f2a60c03ffff,9,10,7,0.2639,0.4431,0.6476
891f2a60c07ffff,9,10,7,0.3017,0.4926,0.6881
891f2a60c0bffff,9,10,7,0.3333,0.5169,0.708
891f2a60c0fffff,9,10,7,0.3306,0.5096,0.7103
891f2a60c13ffff,9,10,7,0.2699,0.437,0.6337
891f2a60c17ffff,9,10,7,0.3119,0.5019,0.7073
891f2a60c1bffff,9,10,7,0.2517,0.4267,0.6287
891f2a60c23ffff,9,10,7,0.3381,0.5187,0.7136
891f2a60c27ffff,9,10,7,0.3869,0.5683,0.7646
891f2a60c2bffff,9,10,7,0.426,0.6047,0.7997
891f2a60c2fffff,9,10,7,0.3633,0.5516,0.7493
891f2a60c33ffff,9,10,7,0.347,0.5227,0.7333
891f2a60c37ffff,9,10,7,0.3934,0.563,0.7661
891f2a60c3bffff,9,10,7,0.39,0.5596,0.7566
891f2a60c43ffff,9,10,7,0.3187,0.5033,0.6954
891f2a60c47ffff,9,10,7,0.4404,0.618,0.8143
891f2a60c4bffff,9,10,7,0.4364,0.6154,0.8257
891f2a60c4fffff,9,10,7,0.4686,0.6526,0.8514
891f2a60c53ffff,9,10,7,0.3611,0.5467,0.7371
891f2a60c57ffff,9,10,7,0.3827,0.5634,0.7707
891f2a60c5bffff,9,10,7,0.3537,0.5366,0.7441
891f2a60c63ffff,9,10,7,0.3541,0.5464,0.7534
891f2a60c67ffff,9,10,7,0.433,0.6209,0.8133
891f2a60c6bffff,9,10,7,0.4331,0.6229,0.8103
891f2a60c6fffff,9,10,7,0.3477,0.5297,0.7327
891f2a60c73ffff,9,10,7,0.3706,0.555,0.7511
891f2a60c77ffff,9,10,7,0.3606,0.536,0.7309
891f2a60c7bffff,9,10,7,0.4,0.5827,0.7847
891f2a60c83ffff,9,10,7,0.3981,0.574,0.7733
891f2a60c87ffff,9,10,7,0.3569,0.5466,0.7364
891f2a60c8bffff,9,10,7,0.2207,0.4059,0.6227
891f2a60c8fffff,9,10,7,0.3963,0.5744,0.7796
891f2a60c93ffff,9,10,7,0.4416,0.62,0.8149
891f2a60c97ffff,9,10,7,0.362,0.5319,0.7399
891f2a60c9bffff,9,10,7,0.3403,0.5239,0.7353
891f2a60ca3ffff,9,10,7,0.3854,0.5676,0.7709
891f2a60ca7ffff,9,10,7,0.3421,0.514,0.7066
891f2a60cabffff,9,10,7,0.4144,0.583,0.7866
891f2a60cafffff,9,10,7,0.3611,0.5264,0.7229
891f2a60cb3ffff,9,10,7,0.4373,0.6129,0.8181
891f2a60cb7ffff,9,10,7,0.3763,0.5413,0.7414
891f2a60cbbffff,9,10,7,0.364,0.5381,0.7333
891f2a60cc3ffff,9,10,7,0.3949,0.5721,0.7777
891f2a60cc7ffff,9,10,7,0.1739,0.3493,0.5406
891f2a60ccbffff,9,10,7,0.4586,0.6443,0.8493
891f2a60ccfffff,9,10,7,0.2743,0.462,0.6671
891f2a60cd3ffff,9,10,7,0.4113,0.5873,0.7861
891f2a60cd7ffff,9,10,7,0.2081,0.3784,0.5746
891f2a60cdbffff,9,10,7,0.4844,0.6591,0.8637
891f2a60d03ffff,9,10,7,0.1194,0.2959,0.4987
891f2a60d07ffff,9,10,7,0.0917,0.2591,0.4651
891f2a60d0bffff,9,10,7,0.301,0.4773,0.675
891f2a60d0fffff,9,10,7,0.2603,0.4387,0.6406
891f2a60d13ffff,9,10,7,0.2004,0.3731,0.5659
891f2a60d17ffff,9,10,7,0.1959,0.3881,0.5907
891f2a60d1bffff,9,10,7,0.2126,0.3946,0.5977
891f2a60d23ffff,9,10,7,0.1333,0.2904,0.4867
891f2a60d27ffff,9,10,7,0.1664,0.3456,0.5541
891f2a60d2bffff,9,10,7,0.0983,0.2903,0.4966
891f2a60d2fffff,9,10,7,0.1639,0.3413,0.5347
891f2a60d33ffff,9,10,7,0.165,0.3384,0.545
891f2a60d37ffff,9,10,7,0.2529,0.4346,0.6284
891f2a60d3bffff,9,10,7,0.1359,0.3196,0.5331
891f2a60d43ffff,9,10,7,0.3601,0.5399,0.7319
891f2a60d47ffff,9,10,7,0.3746,0.5581,0.7584
891f2a60d4bffff,9,10,7,0.5457,0.7383,0.926
891f2a60d4fffff,9,10,7,0.4306,0.6089,0.8056
891f2a60d53ffff,9,10,7,0.2729,0.4577,0.663
891f2a60d57ffff,9,10,7,0.2421,0.4243,0.6263
891f2a60d5bffff,9,10,7,0.4201,0.6097,0.8093
891f2a60d63ffff,9,10,7,0.316,0.5069,0.7161
891f2a60d67ffff,9,10,7,0.2607,0.4397,0.6533
891f2a60d6bffff,9,10,7,0.3577,0.5407,0.7446
891f2a60d6fffff,9,10,7,0.305,0.4837,0.6879
891f2a60d73ffff,9,10,7,0.3486,0.5326,0.7326
891f2a60d77ffff,9,10,7,0.2126,0.387,0.5953
891f2a60d7bffff,9,10,7,0.3314,0.5071,0.7094
891f2a60d83ffff,9,10,7,0.2439,0.4296,0.636
891f2a60d87ffff,9,10,7,0.2496,0.4304,0.6261
891f2a60d8bffff,9,10,7,0.2281,0.4093,0.6064
891f2a60d8fffff,9,10,7,0.1839,0.3613,0.5587
891f2a60d93ffff,9,10,7,0.4131,0.5864,0.7894
891f2a60d97ffff,9,10,7,0.3193,0.5081,0.7
891f2a60d9bffff,9,10,7,0.3253,0.5044,0.7121
891f2a60da3ffff,9,10,7,0.1896,0.3729,0.5654
891f2a60da7ffff,9,10,7,0.2809,0.4667,0.6699
891f2a60dabffff,9,10,7,0.1454,0.3211,0.5203
891f2a60dafffff,9,10,7,0.1893,0.381,0.592
891f2a60db3ffff,9,10,7,0.1829,0.3699,0.5623
891f2a60db7ffff,9,10,7,0.1881,0.3619,0.5561
891f2a60dbbffff,9,10,7,0.1493,0.327,0.528
891f2a60dc3ffff,9,10,7,0.2016,0.3813,0.585
891f2a60dc7ffff,9,10,7,0.1654,0.3447,0.5484
891f2a60dcbffff,9,10,7,0.2811,0.4626,0.6577
891f2a60dcfffff,9,10,7,0.2317,0.4156,0.6136
891f2a60dd3ffff,9,10,7,0.2266,0.4056,0.6067
891f2a60dd7ffff,9,10,7,0.2176,0.3944,0.5977
891f2a60ddbffff,9,10,7,0.349,0.5334,0.7319
891f2a60e03ffff,9,10,7,0.445,0.6273,0.8193
891f2a60e07ffff,9,10,7,0.4136,0.599,0.799
891f2a60e0bffff,9,10,7,0.4929,0.6741,0.8697
891f2a60e0fffff,9,10,7,0.3837,0.5627,0.7661
891f2a60e13ffff,9,10,7,0.4309,0.6161,0.8069
891f2a60e17ffff,9,10,7,0.4113,0.5894,0.7914
891f2a60e1bffff,9,10,7,0.419,0.596,0.8064
891f2a60e23ffff,9,10,7,0.3687,0.55,0.7507
891f2a60e27ffff,9,10,7,0.4719,0.6633,0.8601
891f2a60e2bffff,9,10,7,0.4284,0.6099,0.809
891f2a60e2fffff,9,10,7,0.3661,0.5556,0.7676
891f2a60e33ffff,9,10,7,0.4594,0.651,0.8593
891f2a60e37ffff,9,10,7,0.4331,0.6093,0.8194
891f2a60e3bffff,9,10,7,0.3843,0.5661,0.7699
891f2a60e43ffff,9,10,7,0.4656,0.6387,0.828
891f2a60e47ffff,9,10,7,0.4437,0.6266,0.833
891f2a60e4bffff,9,10,7,0.4169,0.5899,0.777
891f2a60e4fffff,9,10,7,0.4821,0.6491,0.8607
891f2a60e53ffff,9,10,7,0.4907,0.6664,0.8753
891f2a60e57ffff,9,10,7,0.4424,0.6273,0.8271
891f2a60e5bffff,9,10,7,0.4336,0.618,0.8271
891f2a60e63ffff,9,10,7,0.391,0.5664,0.7647
891f2a60e67ffff,9,10,7,0.4044,0.573,0.7751
891f2a60e6bffff,9,10,7,0.3409,0.5227,0.7099
891f2a60e6fffff,9,10,7,0.2829,0.4701,0.664
891f2a60e73ffff,9,10,7,0.4461,0.6136,0.8211
891f2a60e77ffff,9,10,7,0.4386,0.623,0.8249
891f2a60e7bffff,9,10,7,0.4633,0.6426,0.8464
891f2a60e83ffff,9,10,7,0.4734,0.6561,0.8524
891f2a60e87ffff,9,10,7,0.4839,0.6671,0.8717
891f2a60e8bffff,9,10,7,0.3676,0.5383,0.7267
891f2a60e8fffff,9,10,7,0.4469,0.6284,0.8419
891f2a60e93ffff,9,10,7,0.4651,0.6449,0.8394
891f2a60e97ffff,9,10,7,0.4457,0.6284,0.8226
891f2a60e9bffff,9,10,7,0.375,0.5534,0.7559
891f2a60ea3ffff,9,10,7,0.3789,0.561,0.7634
891f2a60ea7ffff,9,10,7,0.4127,0.5966,0.7896
891f2a60eabffff,9,10,7,0.444,0.6246,0.8307
891f2a60eafffff,9,10,7,0.4514,0.6183,0.8231
891f2a60eb3ffff,9,10,7,0.5046,0.6934,0.8849
891f2a60eb7ffff,9,10,7,0.3953,0.5813,0.7753
891f2a60ebbffff,9,10,7,0.4457,0.6144,0.8069
891f2a60ec3ffff,9,10,7,0.3736,0.5496,0.7549
891f2a60ec7ffff,9,10,7,0.3656,0.5504,0.7459
891f2a60ecbffff,9,10,7,0.3737,0.5491,0.7424
891f2a60ecfffff,9,10,7,0.4379,0.6281,0.8233
891f2a60ed3ffff,9,10,7,0.2904,0.4737,0.6696
891f2a60ed7ffff,9,10,7,0.36,0.5434,0.7494
891f2a60edbffff,9,10,7,0.254,0.4329,0.631
891f2a61127ffff,9,10,4,0.2218,0.4002,0.6045
891f2a61137ffff,9,10,5,0.1812,0.3746,0.5778
891f2a611a3ffff,9,10,5,0.0586,0.235,0.434
891f2a611a7ffff,9,10,7,0.1479,0.3337,0.5311
891f2a611afffff,9,10,6,0.1122,0.2923,0.498
891f2a611b3ffff,9,10,5,0.1254,0.2834,0.4802
891f2a611b7ffff,9,10,7,0.1567,0.328,0.5304
891f2a61507ffff,9,10,6,0.1487,0.3317,0.5317
891f2a61517ffff,9,10,7,0.0894,0.2847,0.4774
891f2a61523ffff,9,10,4,0.1137,0.2933,0.5028
891f2a61527ffff,9,10,7,0.0883,0.2616,0.4703
891f2a61533ffff,9,10,7,0.058,0.2189,0.422
891f2a61537ffff,9,10,7,0.1404,0.324,0.5143
891f2a6153bffff,9,10,2,0.0145,0.1745,0.359
891f2a61583ffff,9,10,7,0.1124,0.2809,0.475
891f2a61587ffff,9,10,7,0.1034,0.2639,0.461
891f2a6158bffff,9,10,4,0.0838,0.248,0.462
891f2a6158fffff,9,10,7,0.0803,0.2483,0.4379
891f2a61593ffff,9,10,7,0.1661,0.3341,0.529
891f2a61597ffff,9,10,7,0.127,0.3116,0.5019
891f2a6159bffff,9,10,7,0.1251,0.3094,0.5111
891f2a615a3ffff,9,10,7,0.1807,0.347,0.5387
891f2a615a7ffff,9,10,7,0.1274,0.3099,0.5207
891f2a615abffff,9,10,7,0.092,0.2643,0.4544
891f2a615afffff,9,10,7,0.1879,0.3553,0.5723
891f2a615b3ffff,9,10,7,0.1699,0.3426,0.5456
891f2a615b7ffff,9,10,7,0.1549,0.3394,0.5337
891f2a615bbffff,9,10,7,0.0614,0.2033,0.4013
891f2a615d7ffff,9,10,5,0.1044,0.287,0.4878
891f2a61803ffff,9,10,6,0.0585,0.2253,0.4198
891f2a61807ffff,9,10,5,0.0716,0.2434,0.4482
891f2a61813ffff,9,10,7,0.1274,0.2901,0.4856
891f2a61817ffff,9,10,7,0.0936,0.2579,0.4564
891f2a6181bffff,9,10,3,0.1627,0.3087,0.512
891f2a61833ffff,9,10,4,0.3762,0.5597,0.7702
891f2a61837ffff,9,10,5,0.2442,0.4308,0.637
891f2a61883ffff,9,10,7,0.1637,0.3431,0.548
891f2a61887ffff,9,10,7,0.2511,0.4254,0.61
891f2a6188bffff,9,10,7,0.2954,0.4783,0.688
891f2a6188fffff,9,10,7,0.1614,0.3314,0.5237
891f2a61893ffff,9,10,7,0.1396,0.2934,0.4926
891f2a61897ffff,9,10,7,0.2594,0.4384,0.6323
891f2a6189bffff,9,10,7,0.242,0.4231,0.633
891f2a618a3ffff,9,10,7,0.3531,0.5354,0.7329
891f2a618a7ffff,9,10,7,0.3241,0.5094,0.7064
891f2a618abffff,9,10,7,0.3443,0.5284,0.7317
891f2a618afffff,9,10,7,0.272,0.4573,0.6497
891f2a618b3ffff,9,10,7,0.3106,0.5017,0.7024
891f2a618b7ffff,9,10,7,0.4571,0.635,0.8364
891f2a618bbffff,9,10,7,0.251,0.4264,0.6294
891f2a618c7ffff,9,10,6,0.3193,0.4977,0.6847
891f2a618d3ffff,9,10,2,0.337,0.5265,0.731
891f2a618d7ffff,9,10,7,0.3573,0.5241,0.7264
891f2a61903ffff,9,10,7,0.3181,0.4904,0.6933
891f2a61907ffff,9,10,7,0.3604,0.5417,0.7324
891f2a6190bffff,9,10,7,0.3119,0.4894,0.6866
891f2a6190fffff,9,10,7,0.3549,0.5353,0.7239
891f2a61913ffff,9,10,7,0.4104,0.5843,0.7827
891f2a61917ffff,9,10,7,0.346,0.522,0.7191
891f2a6191bffff,9,10,7,0.2619,0.4484,0.6407
891f2a61923ffff,9,10,7,0.4329,0.6156,0.8229
891f2a61927ffff,9,10,7,0.4519,0.6284,0.8201
891f2a6192bffff,9,10,7,0.4193,0.5964,0.7929
891f2a6192fffff,9,10,7,0.3873,0.5624,0.7667
891f2a61933ffff,9,10,7,0.3823,0.5477,0.7444
891f2a61937ffff,9,10,7,0.3711,0.5416,0.7321
891f2a6193bffff,9,10,7,0.2901,0.4787,0.6781
891f2a61943ffff,9,10,2,0.3615,0.5375,0.744
891f2a61947ffff,9,10,7,0.1933,0.3609,0.557
891f2a61953ffff,9,10,4,0.2205,0.3972,0.5857
891f2a61957ffff,9,10,7,0.1984,0.3861,0.5906
891f2a61963ffff,9,10,7,0.3124,0.4901,0.6957
891f2a61967ffff,9,10,7,0.3717,0.5504,0.7486
891f2a6196bffff,9,10,3,0.3697,0.5307,0.747
891f2a6196fffff,9,10,7,0.357,0.5469,0.742
891f2a61973ffff,9,10,7,0.3517,0.539,0.7383
891f2a61977ffff,9,10,7,0.397,0.577,0.7773
891f2a6197bffff,9,10,6,0.233,0.4197,0.6113
891f2a61983ffff,9,10,7,0.4493,0.62,0.8179
891f2a61987ffff,9,10,7,0.4291,0.6054,0.8097
891f2a6198bffff,9,10,7,0.4359,0.6131,0.8029
891f2a6198fffff,9,10,7,0.3469,0.5267,0.724
891f2a61993ffff,9,10,7,0.386,0.568,0.7784
891f2a61997ffff,9,10,7,0.3811,0.5566,0.7479
891f2a6199bffff,9,10,7,0.4174,0.59,0.7817
891f2a619a3ffff,9,10,7,0.3531,0.5319,0.7317
891f2a619a7ffff,9,10,7,0.3111,0.4929,0.6879
891f2a619abffff,9,10,7,0.3666,0.5543,0.7446
891f2a619afffff,9,10,7,0.3954,0.5733,0.7856
891f2a619b3ffff,9,10,7,0.4113,0.5857,0.7783
891f2a619b7ffff,9,10,7,0.399,0.5801,0.7737
891f2a619bbffff,9,10,7,0.3996,0.5807,0.783
891f2a619c3ffff,9,10,7,0.345,0.5231,0.7269
891f2a619c7ffff,9,10,7,0.3166,0.5051,0.712
891f2a619cbffff,9,10,7,0.2611,0.4516,0.6449
891f2a619cfffff,9,10,7,0.2829,0.4583,0.6419
891f2a619d3ffff,9,10,7,0.3251,0.5004,0.7054
891f2a619d7ffff,9,10,7,0.2931,0.4796,0.6923
891f2a619dbffff,9,10,7,0.3513,0.5303,0.7257
891f2a61c03ffff,9,10,7,0.3103,0.4909,0.6877
891f2a61c07ffff,9,10,7,0.3147,0.4947,0.6907
891f2a61c0bffff,9,10,7,0.2494,0.433,0.637
891f2a61c0fffff,9,10,7,0.2481,0.4297,0.6296
891f2a61c13ffff,9,10,7,0.3169,0.4904,0.701
891f2a61c17ffff,9,10,7,0.3217,0.5053,0.7101
891f2a61c1bffff,9,10,7,0.2407,0.4293,0.623
891f2a61c23ffff,9,10,7,0.2696,0.4567,0.6549
891f2a61c27ffff,9,10,7,0.3149,0.4837,0.6753
891f2a61c2bffff,9,10,7,0.1324,0.3133,0.5116
891f2a61c2fffff,9,10,7,0.3267,0.5036,0.7067
891f2a61c33ffff,9,10,7,0.1927,0.3814,0.59
891f2a61c37ffff,9,10,7,0.2409,0.4184,0.6206
891f2a61c3bffff,9,10,7,0.189,0.3693,0.5561
891f2a61c43ffff,9,10,5,0.1552,0.332,0.527
891f2a61c47ffff,9,10,7,0.218,0.4067,0.6036
891f2a61c4fffff,9,10,2,0.1995,0.371,0.585
891f2a61c53ffff,9,10,7,0.243,0.4221,0.6096
891f2a61c57ffff,9,10,7,0.1889,0.3673,0.5719
891f2a61c5bffff,9,10,2,0.1035,0.277,0.477
891f2a61c63ffff,9,10,7,0.2467,0.4301,0.6344
891f2a61c67ffff,9,10,7,0.1224,0.2991,0.4951
891f2a61c6bffff,9,10,6,0.2748,0.4633,0.6715
891f2a61c6fffff,9,10,7,0.2721,0.4496,0.6473
891f2a61c73ffff,9,10,7,0.1764,0.3606,0.5496
891f2a61c77ffff,9,10,7,0.1044,0.278,0.4749
891f2a61c7bffff,9,10,6,0.1833,0.3585,0.5655
891f2a61c83ffff,9,10,7,0.1583,0.3254,0.5239
891f2a61c87ffff,9,10,7,0.1397,0.3191,0.5219
891f2a61c8bffff,9,10,7,0.301,0.4819,0.6851
891f2a61c8fffff,9,10,7,0.2213,0.4149,0.6037
891f2a61c93ffff,9,10,7,0.1414,0.3124,0.5123
891f2a61c97ffff,9,10,7,0.1509,0.3379,0.5386
891f2a61c9bffff,9,10,7,0.2784,0.4603,0.6579
891f2a61ca3ffff,9,10,7,0.1973,0.3791,0.5789
891f2a61ca7ffff,9,10,7,0.3593,0.537,0.7421
891f2a61cabffff,9,10,7,0.2147,0.3873,0.5954
891f2a61cafffff,9,10,7,0.2496,0.4331,0.6394
891f2a61cb3ffff,9,10,7,0.3206,0.4931,0.6959
891f2a61cb7ffff,9,10,7,0.1784,0.3524,0.5536
891f2a61cbbffff,9,10,7,0.1994,0.3714,0.5744
891f2a61cc3ffff,9,10,7,0.2136,0.391,0.5971
891f2a61cc7ffff,9,10,7,0.2931,0.474,0.6889
891f2a61ccbffff,9,10,7,0.1643,0.3436,0.5466
891f2a61ccfffff,9,10,7,0.1966,0.3737,0.5627
891f2a61cd3ffff,9,10,7,0.1701,0.3509,0.5419
891f2a61cd7ffff,9,10,7,0.2763,0.4474,0.6461
891f2a61cdbffff,9,10,7,0.163,0.3487,0.5579
891f2a61d03ffff,9,10,7,0.4406,0.6086,0.7944
891f2a61d07ffff,9,10,7,0.2977,0.479,0.6819
891f2a61d0bffff,9,10,7,0.4754,0.6701,0.8707
891f2a61d0fffff,9,10,7,0.4684,0.6423,0.8456
891f2a61d13ffff,9,10,7,0.4264,0.6033,0.804
891f2a61d17ffff,9,10,7,0.308,0.4874,0.6813
891f2a61d1bffff,9,10,7,0.4664,0.6467,0.8326
891f2a61d23ffff,9,10,7,0.3146,0.492,0.6937
891f2a61d27ffff,9,10,7,0.3811,0.5541,0.7626
891f2a61d2bffff,9,10,7,0.4466,0.6356,0.8326
891f2a61d2fffff,9,10,7,0.4714,0.6567,0.8457
891f2a61d33ffff,9,10,7,0.1666,0.3506,0.5507
891f2a61d37ffff,9,10,7,0.1846,0.3613,0.5526
891f2a61d3bffff,9,10,7,0.4119,0.5874,0.7854
891f2a61d43ffff,9,10,7,0.4663,0.6404,0.8337
891f2a61d47ffff,9,10,7,0.3624,0.5527,0.7486
891f2a61d4bffff,9,10,7,0.2947,0.4734,0.6707
891f2a61d4fffff,9,10,7,0.3724,0.5606,0.7453
891f2a61d53ffff,9,10,7,0.3436,0.5206,0.7097
891f2a61d57ffff,9,10,7,0.3973,0.5746,0.7834
891f2a61d5bffff,9,10,7,0.2633,0.4379,0.6341
891f2a61d63ffff,9,10,7,0.3816,0.5617,0.7744
891f2a61d67ffff,9,10,7,0.3989,0.5877,0.7819
891f2a61d6bffff,9,10,7,0.3377,0.5313,0.7314
891f2a61d6fffff,9,10,7,0.4003,0.5734,0.764
891f2a61d73ffff,9,10,7,0.4717,0.6546,0.8493
891f2a61d77ffff,9,10,7,0.4109,0.5921,0.7746
891f2a61d7bffff,9,10,7,0.3691,0.5521,0.7623
891f2a61d83ffff,9,10,7,0.4001,0.5679,0.7616
891f2a61d87ffff,9,10,7,0.4577,0.6294,0.8337
891f2a61d8bffff,9,10,7,0.3434,0.5294,0.7239
891f2a61d8fffff,9,10,7,0.3964,0.5784,0.7834
891f2a61d93ffff,9,10,7,0.3934,0.5794,0.7669
891f2a61d97ffff,9,10,7,0.3987,0.5771,0.7757
891f2a61d9bffff,9,10,7,0.3221,0.5087,0.7081
891f2a61da3ffff,9,10,7,0.3009,0.4823,0.6919
891f2a61da7ffff,9,10,7,0.2817,0.4569,0.658
891f2a61dabffff,9,10,7,0.1787,0.3347,0.5319
891f2a61dafffff,9,10,7,0.2179,0.4033,0.6091
891f2a61db3ffff,9,10,7,0.449,0.6359,0.8334
891f2a61db7ffff,9,10,7,0.3471,0.5281,0.736
891f2a61dbbffff,9,10,7,0.395,0.5756,0.7767
891f2a61dc3ffff,9,10,7,0.3793,0.5606,0.7554
891f2a61dc7ffff,9,10,7,0.3186,0.4883,0.7006
891f2a61dcbffff,9,10,7,0.2426,0.4269,0.6243
891f2a61dcfffff,9,10,7,0.2766,0.4537,0.6517
891f2a61dd3ffff,9,10,7,0.3029,0.4821,0.6833
891f2a61dd7ffff,9,10,7,0.261,0.442,0.6361
891f2a61ddbffff,9,10,7,0.3597,0.5363,0.7217
891f2a62003ffff,9,10,7,0.3027,0.4759,0.6757
891f2a62007ffff,9,10,7,0.3207,0.5111,0.6967
891f2a6200bffff,9,10,7,0.329,0.5167,0.7134
891f2a6200fffff,9,10,7,0.39,0.5649,0.7701
891f2a62013ffff,9,10,7,0.2724,0.4491,0.6503
891f2a62017ffff,9,10,7,0.3527,0.5257,0.7213
891f2a6201bffff,9,10,7,0.2239,0.41,0.6137
891f2a62023ffff,9,10,7,0.3414,0.515,0.7
891f2a62027ffff,9,10,7,0.3873,0.5731,0.7671
891f2a6202bffff,9,10,7,0.3199,0.5107,0.718
891f2a6202fffff,9,10,7,0.3079,0.485,0.6907
891f2a62033ffff,9,10,7,0.3471,0.5227,0.7094
891f2a62037ffff,9,10,7,0.3303,0.5204,0.7157
891f2a6203bffff,9,10,7,0.3491,0.5297,0.7344
891f2a62043ffff,9,10,7,0.2764,0.4683,0.6686
891f2a62047ffff,9,10,7,0.3537,0.534,0.7471
891f2a6204bffff,9,10,7,0.316,0.4951,0.7063
891f2a6204fffff,9,10,7,0.3371,0.5179,0.7136
891f2a62053ffff,9,10,7,0.2796,0.4654,0.6547
891f2a62057ffff,9,10,7,0.3664,0.5407,0.7457
891f2a6205bffff,9,10,7,0.1491,0.3266,0.5316
891f2a62063ffff,9,10,7,0.3149,0.489,0.6803
891f2a62067ffff,9,10,7,0.3641,0.5519,0.752
891f2a6206bffff,9,10,7,0.427,0.611,0.8113
891f2a6206fffff,9,10,7,0.3921,0.5584,0.7534
891f2a62073ffff,9,10,7,0.3547,0.5353,0.7319
891f2a62077ffff,9,10,7,0.3663,0.549,0.7419
891f2a6207bffff,9,10,7,0.3857,0.553,0.7484
891f2a62083ffff,9,10,7,0.305,0.4859,0.6754
891f2a62087ffff,9,10,7,0.3904,0.5617,0.7641
891f2a6208bffff,9,10,7,0.2531,0.4373,0.6427
891f2a6208fffff,9,10,7,0.3246,0.5006,0.6979
891f2a62093ffff,9,10,7,0.3593,0.5484,0.7624
891f2a62097ffff,9,10,7,0.3481,0.5333,0.7323
891f2a6209bffff,9,10,7,0.2493,0.4254,0.6114
891f2a620a3ffff,9,10,7,0.4457,0.6229,0.8183
891f2a620a7ffff,9,10,7,0.3604,0.5396,0.7426
891f2a620abffff,9,10,7,0.4014,0.5843,0.7914
891f2a620afffff,9,10,7,0.4689,0.6483,0.8391
891f2a620b3ffff,9,10,7,0.4196,0.5901,0.8046
891f2a620b7ffff,9,10,7,0.4571,0.6391,0.8363
891f2a620bbffff,9,10,7,0.3646,0.5509,0.7424
891f2a620c3ffff,9,10,7,0.2349,0.4111,0.6127
891f2a620c7ffff,9,10,7,0.2993,0.472,0.6843
891f2a620cbffff,9,10,7,0.1637,0.3306,0.5237
891f2a620cfffff,9,10,7,0.2797,0.4611,0.656
891f2a620d3ffff,9,10,7,0.1681,0.3454,0.5503
891f2a620d7ffff,9,10,7,0.165,0.3364,0.5394
891f2a620dbffff,9,10,7,0.1067,0.2704,0.4871
891f2a62103ffff,9,10,7,0.3833,0.5594,0.7589
891f2a62107ffff,9,10,7,0.3734,0.5573,0.763
891f2a6210bffff,9,10,7,0.4173,0.6013,0.7999
891f2a6210fffff,9,10,7,0.4154,0.5916,0.7941
891f2a62113ffff,9,10,7,0.4499,0.6143,0.8197
891f2a62117ffff,9,10,7,0.3979,0.5949,0.7896
891f2a6211bffff,9,10,7,0.4963,0.6704,0.8533
891f2a62123ffff,9,10,7,0.4204,0.595,0.7961
891f2a62127ffff,9,10,7,0.4814,0.6617,0.8589
891f2a6212bffff,9,10,7,0.4591,0.6463,0.8464
891f2a6212fffff,9,10,7,0.4084,0.5963,0.789
891f2a62133ffff,9,10,7,0.4789,0.6633,0.8649
891f2a62137ffff,9,10,7,0.4933,0.6601,0.8616
891f2a6213bffff,9,10,7,0.456,0.6357,0.8311
891f2a62143ffff,9,10,7,0.39,0.5566,0.7604
891f2a62147ffff,9,10,7,0.4489,0.6271,0.8306
891f2a6214bffff,9,10,7,0.3163,0.5024,0.701
891f2a6214fffff,9,10,7,0.3133,0.4927,0.6829
891f2a62153ffff,9,10,7,0.3771,0.5599,0.7619
891f2a62157ffff,9,10,7,0.4531,0.6309,0.8267
891f2a6215bffff,9,10,7,0.286,0.4654,0.6561
891f2a62163ffff,9,10,7,0.3851,0.558,0.7476
891f2a62167ffff,9,10,7,0.453,0.6321,0.8343
891f2a6216bffff,9,10,7,0.4129,0.596,0.7973
891f2a6216fffff,9,10,7,0.4917,0.6659,0.8507
891f2a62173ffff,9,10,7,0.373,0.5399,0.7401
891f2a62177ffff,9,10,7,0.4364,0.6204,0.8196
891f2a6217bffff,9,10,7,0.4261,0.5996,0.7893
891f2a62183ffff,9,10,7,0.5261,0.7081,0.8966
891f2a62187ffff,9,10,7,0.4501,0.6359,0.8344
891f2a6218bffff,9,10,7,0.4921,0.6709,0.8726
891f2a6218fffff,9,10,7,0.4691,0.6517,0.8499
891f2a62193ffff,9,10,7,0.5174,0.6871,0.88
891f2a62197ffff,9,10,7,0.421,0.5926,0.7934
891f2a6219bffff,9,10,7,0.4956,0.6784,0.8614
891f2a621a3ffff,9,10,7,0.4894,0.6709,0.8639
891f2a621a7ffff,9,10,7,0.395,0.5717,0.7611
891f2a621abffff,9,10,7,0.4529,0.6346,0.8359
891f2a621afffff,9,10,7,0.5439,0.7339,0.9191
891f2a621b3ffff,9,10,7,0.525,0.6979,0.8896
891f2a621b7ffff,9,10,7,0.4424,0.6214,0.8171
891f2a621bbffff,9,10,7,0.4274,0.6051,0.8107
891f2a621c3ffff,9,10,7,0.4924,0.6713,0.8419
891f2a621c7ffff,9,10,7,0.4574,0.6371,0.8226
891f2a621cbffff,9,10,7,0.3461,0.5279,0.7193
891f2a621cfffff,9,10,7,0.3667,0.5499,0.7461
891f2a621d3ffff,9,10,7,0.478,0.6466,0.85
891f2a621d7ffff,9,10,7,0.5121,0.6896,0.8856
891f2a621dbffff,9,10,7,0.3414,0.5294,0.7397
891f2a62203ffff,9,10,7,0.2297,0.3911,0.5994
891f2a62207ffff,9,10,7,0.3446,0.5224,0.731
891f2a6220bffff,9,10,7,0.2491,0.4293,0.6223
891f2a6220fffff,9,10,7,0.3964,0.5884,0.787
891f2a62213ffff,9,10,7,0.1834,0.3426,0.5477
891f2a62217ffff,9,10,7,0.3036,0.4763,0.6747
891f2a6221bffff,9,10,7,0.1839,0.3651,0.5629
891f2a62223ffff,9,10,7,0.4021,0.5763,0.7837
891f2a62227ffff,9,10,7,0.3693,0.5473,0.7421
891f2a6222bffff,9,10,7,0.3511,0.5214,0.7157
891f2a6222fffff,9,10,7,0.3024,0.4697,0.6704
891f2a62233ffff,9,10,7,0.3351,0.5179,0.7273
891f2a62237ffff,9,10,7,0.295,0.4824,0.6807
891f2a6223bffff,9,10,7,0.3949,0.5823,0.7776
891f2a62243ffff,9,10,7,0.2434,0.4141,0.6097
891f2a62247ffff,9,10,7,0.1867,0.3677,0.56
891f2a6224bffff,9,10,7,0.2081,0.376,0.5734
891f2a6224fffff,9,10,7,0.0976,0.2689,0.4767
891f2a62253ffff,9,10,4,0.1813,0.3563,0.561
891f2a62257ffff,9,10,7,0.1271,0.3051,0.5113
891f2a6225bffff,9,10,3,0.28,0.466,0.677
891f2a62263ffff,9,10,7,0.4121,0.5836,0.7784
891f2a62267ffff,9,10,7,0.3559,0.5393,0.7287
891f2a6226bffff,9,10,7,0.1676,0.3539,0.5579
891f2a6226fffff,9,10,7,0.2751,0.4514,0.6606
891f2a62273ffff,9,10,7,0.3411,0.5313,0.7344
891f2a62277ffff,9,10,7,0.3586,0.537,0.739
891f2a6227bffff,9,10,7,0.2049,0.3863,0.5829
891f2a62283ffff,9,10,7,0.1534,0.3083,0.5013
891f2a62287ffff,9,10,7,0.2399,0.4139,0.6146
891f2a6228bffff,9,10,7,0.1974,0.363,0.5699
891f2a6228fffff,9,10,7,0.2281,0.4204,0.6241
891f2a62293ffff,9,10,7,0.1136,0.2831,0.4791
891f2a62297ffff,9,10,7,0.1937,0.3717,0.5873
891f2a6229bffff,9,10,7,0.1686,0.3526,0.5506
891f2a622a3ffff,9,10,7,0.2896,0.471,0.6671
891f2a622a7ffff,9,10,7,0.347,0.535,0.733
891f2a622abffff,9,10,7,0.397,0.5846,0.7817
891f2a622afffff,9,10,7,0.2683,0.4537,0.6504
891f2a622b3ffff,9,10,7,0.2853,0.4717,0.6741
891f2a622b7ffff,9,10,7,0.3643,0.5354,0.7306
891f2a622bbffff,9,10,7,0.3396,0.525,0.7261
891f2a622c3ffff,9,10,2,0.219,0.38,0.59
891f2a622c7ffff,9,10,7,0.1456,0.317,0.5099
891f2a622cfffff,9,10,7,0.1031,0.2893,0.4879
891f2a622d7ffff,9,10,6,0.1378,0.3243,0.5293
891f2a62303ffff,9,10,7,0.1576,0.3381,0.5403
891f2a62307ffff,9,10,7,0.1973,0.3797,0.5861
891f2a6230bffff,9,10,7,0.3136,0.4956,0.6939
891f2a6230fffff,9,10,7,0.2607,0.4467,0.6434
891f2a62313ffff,9,10,7,0.157,0.3271,0.5381
891f2a62317ffff,9,10,7,0.1721,0.3699,0.5786
891f2a6231bffff,9,10,7,0.2896,0.4673,0.6586
891f2a62323ffff,9,10,7,0.3471,0.5157,0.7273
891f2a62327ffff,9,10,7,0.4313,0.611,0.8
891f2a6232bffff,9,10,7,0.3351,0.5197,0.7216
891f2a6232fffff,9,10,7,0.4221,0.5956,0.8001
891f2a62333ffff,9,10,7,0.312,0.487,0.6791
891f2a62337ffff,9,10,7,0.375,0.5633,0.7561
891f2a6233bffff,9,10,7,0.3089,0.4904,0.6969
891f2a62343ffff,9,10,7,0.467,0.6537,0.8551
891f2a62347ffff,9,10,7,0.418,0.5897,0.7873
891f2a6234bffff,9,10,7,0.372,0.5514,0.7516
891f2a6234fffff,9,10,7,0.4074,0.5809,0.7649
891f2a62353ffff,9,10,7,0.3781,0.5617,0.7667
891f2a62357ffff,9,10,7,0.475,0.6517,0.8426
891f2a6235bffff,9,10,7,0.3476,0.5343,0.7343
891f2a62363ffff,9,10,7,0.4487,0.6254,0.8206
891f2a62367ffff,9,10,7,0.4457,0.6306,0.8313
891f2a6236bffff,9,10,7,0.4037,0.5777,0.7831
891f2a6236fffff,9,10,7,0.46,0.6379,0.8399
891f2a62373ffff,9,10,7,0.3303,0.5216,0.7191
891f2a62377ffff,9,10,7,0.374,0.5546,0.7593
891f2a6237bffff,9,10,7,0.3886,0.5736,0.778
891f2a62383ffff,9,10,7,0.1394,0.3034,0.504
891f2a62387ffff,9,10,7,0.1514,0.334,0.5257
891f2a6238bffff,9,10,7,0.2091,0.3731,0.5621
891f2a6238fffff,9,10,7,0.1357,0.3203,0.5237
891f2a62393ffff,9,10,7,0.3654,0.551,0.751
891f2a62397ffff,9,10,7,0.3047,0.4777,0.6784
891f2a6239bffff,9,10,7,0.2944,0.4806,0.6789
891f2a623a3ffff,9,10,7,0.1647,0.3433,0.548
891f2a623a7ffff,9,10,7,0.2613,0.4474,0.6519
891f2a623abffff,9,10,7,0.19,0.3747,0.5673
891f2a623afffff,9,10,7,0.2666,0.4567,0.6571
891f2a623b3ffff,9,10,7,0.186,0.357,0.5463
891f2a623b7ffff,9,10,7,0.2904,0.4626,0.6637
891f2a623bbffff,9,10,7,0.1576,0.3351,0.5416
891f2a623c3ffff,9,10,7,0.3981,0.5854,0.7837
891f2a623c7ffff,9,10,7,0.3309,0.5121,0.7057
891f2a623cbffff,9,10,7,0.3599,0.538,0.7424
891f2a623cfffff,9,10,7,0.481,0.6559,0.8519
891f2a623d3ffff,9,10,7,0.4133,0.5934,0.7989
891f2a623d7ffff,9,10,7,0.308,0.4937,0.6993
891f2a623dbffff,9,10,7,0.3021,0.4733,0.6809
891f2a62403ffff,9,10,7,0.2706,0.453,0.6431
891f2a62407ffff,9,10,7,0.3309,0.5194,0.7083
891f2a6240bffff,9,10,7,0.2864,0.467,0.6591
891f2a6240fffff,9,10,7,0.3631,0.5426,0.7447
891f2a62413ffff,9,10,7,0.2374,0.4237,0.6326
891f2a62417ffff,9,10,7,0.1981,0.382,0.5909
891f2a6241bffff,9,10,7,0.1813,0.3683,0.5577
891f2a62423ffff,9,10,7,0.4051,0.5914,0.7991
891f2a62427ffff,9,10,7,0.425,0.6109,0.8157
891f2a6242bffff,9,10,7,0.3761,0.556,0.748
891f2a6242fffff,9,10,7,0.3719,0.5476,0.748
891f2a62433ffff,9,10,7,0.3467,0.5286,0.7264
891f2a62437ffff,9,10,7,0.3881,0.572,0.781
891f2a6243bffff,9,10,7,0.3281,0.51,0.7081
891f2a62443ffff,9,10,7,0.1494,0.3324,0.5296
891f2a62447ffff,9,10,7,0.295,0.4776,0.6864
891f2a6244bffff,9,10,5,0.0898,0.2522,0.4578
891f2a6244fffff,9,10,7,0.0969,0.266,0.4589
891f2a62453ffff,9,10,4,0.152,0.3257,0.5397
891f2a62457ffff,9,10,7,0.255,0.4427,0.644
891f2a6245bffff,9,10,2,0.031,0.138,0.3595
891f2a62463ffff,9,10,7,0.2043,0.3877,0.5779
891f2a62467ffff,9,10,7,0.19,0.3596,0.5629
891f2a6246bffff,9,10,7,0.0856,0.2651,0.4726
891f2a6246fffff,9,10,7,0.0556,0.2029,0.4089
891f2a62473ffff,9,10,7,0.2253,0.4093,0.603
891f2a62477ffff,9,10,7,0.2966,0.4816,0.6931
891f2a6247bffff,9,10,7,0.1209,0.2996,0.499
891f2a62483ffff,9,10,7,0.25,0.42,0.6251
891f2a62487ffff,9,10,7,0.29,0.4757,0.6783
891f2a6248bffff,9,10,7,0.2439,0.4264,0.629
891f2a6248fffff,9,10,7,0.1291,0.3079,0.5147
891f2a62493ffff,9,10,7,0.1416,0.331,0.5206
891f2a62497ffff,9,10,7,0.1221,0.2804,0.4771
891f2a6249bffff,9,10,7,0.3076,0.4804,0.6806
891f2a624a3ffff,9,10,7,0.4109,0.5784,0.7734
891f2a624a7ffff,9,10,7,0.4384,0.6174,0.82
891f2a624abffff,9,10,7,0.3856,0.565,0.779
891f2a624afffff,9,10,7,0.3899,0.5749,0.782
891f2a624b3ffff,9,10,7,0.4329,0.6089,0.8143
891f2a624b7ffff,9,10,7,0.478,0.6551,0.8571
891f2a624bbffff,9,10,7,0.3336,0.5263,0.7216
891f2a624c3ffff,9,10,2,0.278,0.437,0.6295
891f2a624c7ffff,9,10,7,0.242,0.4247,0.6253
891f2a624cfffff,9,10,6,0.246,0.4275,0.6233
891f2a624d7ffff,9,10,7,0.2701,0.4637,0.6707
891f2a62503ffff,9,10,7,0.4246,0.5927,0.7867
891f2a62507ffff,9,10,7,0.4224,0.6,0.7959
891f2a6250bffff,9,10,7,0.3536,0.5314,0.7371
891f2a6250fffff,9,10,7,0.4647,0.6431,0.8377
891f2a62513ffff,9,10,7,0.3226,0.5067,0.7137
891f2a62517ffff,9,10,7,0.3911,0.573,0.7624
891f2a6251bffff,9,10,7,0.357,0.5396,0.7263
891f2a62523ffff,9,10,7,0.4859,0.659,0.8646
891f2a62527ffff,9,10,7,0.544,0.7244,0.9181
891f2a6252bffff,9,10,7,0.45,0.628,0.8331
891f2a6252fffff,9,10,7,0.4606,0.6547,0.8473
891f2a62533ffff,9,10,7,0.449,0.6273,0.8269
891f2a62537ffff,9,10,7,0.482,0.6651,0.8531
891f2a6253bffff,9,10,7,0.46,0.6293,0.8359
891f2a62543ffff,9,10,7,0.349,0.5351,0.7206
891f2a62547ffff,9,10,7,0.3856,0.555,0.7387
891f2a6254bffff,9,10,7,0.3636,0.5411,0.7499
891f2a6254fffff,9,10,7,0.421,0.6067,0.8033
891f2a62553ffff,9,10,7,0.3543,0.5353,0.7241
891f2a62557ffff,9,10,7,0.3537,0.5333,0.7356
891f2a6255bffff,9,10,7,0.4251,0.6007,0.8071
891f2a62563ffff,9,10,7,0.5207,0.6999,0.8929
891f2a62567ffff,9,10,7,0.5173,0.7,0.8934
891f2a6256bffff,9,10,7,0.5131,0.6899,0.869
891f2a6256fffff,9,10,7,0.549,0.7279,0.9067
891f2a62573ffff,9,10,7,0.5234,0.7019,0.8813
891f2a62577ffff,9,10,7,0.4574,0.6366,0.826
891f2a6257bffff,9,10,7,0.4521,0.6397,0.8291
891f2a62583ffff,9,10,7,0.4543,0.6351,0.8363
891f2a62587ffff,9,10,7,0.5133,0.6903,0.8966
891f2a6258bffff,9,10,7,0.456,0.6317,0.8394
891f2a6258fffff,9,10,7,0.4609,0.6386,0.8384
891f2a62593ffff,9,10,7,0.5153,0.6869,0.8939
891f2a62597ffff,9,10,7,0.4579,0.6411,0.8477
891f2a6259bffff,9,10,7,0.4021,0.5916,0.8006
891f2a625a3ffff,9,10,7,0.461,0.6371,0.8399
891f2a625a7ffff,9,10,7,0.4847,0.6671,0.8651
891f2a625abffff,9,10,7,0.3983,0.5799,0.792
891f2a625afffff,9,10,7,0.4244,0.604,0.8037
891f2a625b3ffff,9,10,7,0.4813,0.6677,0.8517
891f2a625b7ffff,9,10,7,0.4564,0.6474,0.8491
891f2a625bbffff,9,10,7,0.4354,0.6204,0.8171
891f2a625c3ffff,9,10,7,0.3526,0.5194,0.7343
891f2a625c7ffff,9,10,7,0.3906,0.5754,0.7746
891f2a625cbffff,9,10,7,0.3547,0.5404,0.7439
891f2a625cfffff,9,10,7,0.3474,0.5307,0.7237
891f2a625d3ffff,9,10,7,0.4426,0.6201,0.8153
891f2a625d7ffff,9,10,7,0.3656,0.5376,0.729
891f2a625dbffff,9,10,7,0.4477,0.626,0.8283
891f2a62607ffff,9,10,7,0.0877,0.2506,0.4473
891f2a62617ffff,9,10,1,0.0,0.146,0.354
891f2a62623ffff,9,10,7,0.0349,0.1621,0.3691
891f2a62627ffff,9,10,7,0.0726,0.2301,0.4333
891f2a6262bffff,9,10,7,0.1001,0.2691,0.4623
891f2a6262fffff,9,10,7,0.063,0.2114,0.4096
891f2a62633ffff,9,10,7,0.0259,0.1519,0.3531
891f2a62637ffff,9,10,7,0.0253,0.139,0.3351
891f2a6263bffff,9,10,7,0.018,0.174,0.3766
891f2a62667ffff,9,10,7,0.1159,0.2996,0.4986
891f2a6266fffff,9,10,2,0.1945,0.3755,0.5645
891f2a62677ffff,9,10,3,0.086,0.2783,0.479
891f2a626a3ffff,9,10,7,0.1166,0.2877,0.4861
891f2a626a7ffff,9,10,7,0.0549,0.2287,0.421
891f2a626abffff,9,10,7,0.0753,0.2337,0.431
891f2a626afffff,9,10,7,0.0741,0.2183,0.4134
891f2a626b3ffff,9,10,7,0.1127,0.2916,0.4963
891f2a626b7ffff,9,10,7,0.0966,0.2686,0.4589
891f2a626bbffff,9,10,4,0.1155,0.2838,0.495
891f2a62803ffff,9,10,7,0.4826,0.6659,0.8674
891f2a62807ffff,9,10,7,0.4333,0.6096,0.8139
891f2a6280bffff,9,10,7,0.4619,0.6456,0.847
891f2a6280fffff,9,10,7,0.538,0.7066,0.8814
891f2a62813ffff,9,10,7,0.5289,0.6993,0.8739
891f2a62817ffff,9,10,7,0.4934,0.6806,0.8747
891f2a6281bffff,9,10,7,0.5141,0.6959,0.8939
891f2a62823ffff,9,10,7,0.4734,0.6656,0.8537
891f2a62827ffff,9,10,7,0.4283,0.6096,0.8091
891f2a6282bffff,9,10,7,0.4146,0.6049,0.7987
891f2a6282fffff,9,10,7,0.4643,0.6429,0.8291
891f2a62833ffff,9,10,7,0.4387,0.6223,0.8337
891f2a62837ffff,9,10,7,0.4337,0.603,0.8086
891f2a6283bffff,9,10,7,0.4646,0.641,0.8353
891f2a62843ffff,9,10,7,0.4273,0.6081,0.7949
891f2a62847ffff,9,10,7,0.4763,0.6653,0.859
891f2a6284bffff,9,10,7,0.444,0.631,0.8316
891f2a6284fffff,9,10,7,0.4551,0.6239,0.8109
891f2a62853ffff,9,10,7,0.4613,0.6494,0.8494
891f2a62857ffff,9,10,7,0.4017,0.5851,0.8033
891f2a6285bffff,9,10,7,0.3961,0.5706,0.7776
891f2a62863ffff,9,10,7,0.4297,0.6004,0.7984
891f2a62867ffff,9,10,7,0.4336,0.6117,0.824
891f2a6286bffff,9,10,7,0.4041,0.5927,0.7871
891f2a6286fffff,9,10,7,0.3831,0.5569,0.7551
891f2a62873ffff,9,10,7,0.523,0.6864,0.8777
891f2a62877ffff,9,10,7,0.4411,0.6224,0.8143
891f2a6287bffff,9,10,7,0.4603,0.6351,0.828
891f2a62883ffff,9,10,7,0.4823,0.6747,0.8773
891f2a62887ffff,9,10,7,0.4773,0.6713,0.8646
891f2a6288bffff,9,10,7,0.5177,0.6916,0.8756
891f2a6288fffff,9,10,7,0.4771,0.6517,0.8469
891f2a62893ffff,9,10,7,0.5144,0.6999,0.8926
891f2a62897ffff,9,10,7,0.4926,0.6801,0.8786
891f2a6289bffff,9,10,7,0.4426,0.6233,0.8271
891f2a628a3ffff,9,10,7,0.5114,0.6901,0.874
891f2a628a7ffff,9,10,7,0.5033,0.6849,0.8947
891f2a628abffff,9,10,7,0.4219,0.5936,0.7987
891f2a628afffff,9,10,7,0.4766,0.6479,0.8511
891f2a628b3ffff,9,10,7,0.4447,0.6331,0.8411
891f2a628b7ffff,9,10,7,0.4334,0.6046,0.8167
891f2a628bbffff,9,10,7,0.4774,0.6539,0.8599
891f2a628c3ffff,9,10,7,0.4631,0.6456,0.8439
891f2a628c7ffff,9,10,7,0.548,0.7226,0.9119
891f2a628cbffff,9,10,7,0.39,0.5727,0.7754
891f2a628cfffff,9,10,7,0.4887,0.6737,0.8579
891f2a628d3ffff,9,10,7,0.4514,0.6249,0.8194
891f2a628d7ffff,9,10,7,0.4583,0.6467,0.8427
891f2a628dbffff,9,10,7,0.4416,0.6224,0.8219
891f2a62903ffff,9,10,7,0.497,0.681,0.8749
891f2a62907ffff,9,10,7,0.5021,0.6687,0.8591
891f2a6290bffff,9,10,7,0.4827,0.6709,0.8441
891f2a6290fffff,9,10,7,0.4509,0.6351,0.8403
891f2a62913ffff,9,10,7,0.4661,0.6459,0.8529
891f2a62917ffff,9,10,7,0.3709,0.5489,0.7599
891f2a6291bffff,9,10,7,0.4429,0.6227,0.8279
891f2a62923ffff,9,10,7,0.2754,0.4571,0.6557
891f2a62927ffff,9,10,7,0.1989,0.3843,0.5974
891f2a6292bffff,9,10,7,0.3914,0.5704,0.7753
891f2a6292fffff,9,10,7,0.2829,0.458,0.6616
891f2a62933ffff,9,10,7,0.3939,0.5726,0.776
891f2a62937ffff,9,10,7,0.291,0.4746,0.6686
891f2a6293bffff,9,10,7,0.3974,0.5719,0.7614
891f2a62943ffff,9,10,7,0.458,0.6414,0.8429
891f2a62947ffff,9,10,7,0.3994,0.5851,0.7784
891f2a6294bffff,9,10,7,0.4086,0.5983,0.791
891f2a6294fffff,9,10,7,0.3993,0.58,0.7717
891f2a62953ffff,9,10,7,0.437,0.6129,0.8056
891f2a62957ffff,9,10,7,0.407,0.5773,0.785
891f2a6295bffff,9,10,7,0.5137,0.686,0.8784
891f2a62963ffff,9,10,7,0.4623,0.622,0.824
891f2a62967ffff,9,10,7,0.4756,0.6554,0.8483
891f2a6296bffff,9,10,7,0.5244,0.6959,0.8919
891f2a6296fffff,9,10,7,0.4536,0.6331,0.8366
891f2a62973ffff,9,10,7,0.4606,0.6344,0.8313
891f2a62977ffff,9,10,7,0.5457,0.7196,0.912
891f2a6297bffff,9,10,7,0.4676,0.6381,0.847
891f2a62983ffff,9,10,7,0.413,0.591,0.7897
891f2a62987ffff,9,10,7,0.4001,0.574,0.7647
891f2a6298bffff,9,10,7,0.4507,0.6254,0.8303
891f2a6298fffff,9,10,7,0.3286,0.5164,0.7237
891f2a62993ffff,9,10,7,0.4466,0.6281,0.8367
891f2a62997ffff,9,10,7,0.4806,0.6681,0.8663
891f2a6299bffff,9,10,7,0.494,0.679,0.8843
891f2a629a3ffff,9,10,7,0.2554,0.4286,0.6427
891f2a629a7ffff,9,10,7,0.1744,0.3344,0.5333
891f2a629abffff,9,10,7,0.3107,0.5007,0.6934
891f2a629afffff,9,10,7,0.2404,0.4196,0.6193
891f2a629b3ffff,9,10,7,0.2009,0.3824,0.5811
891f2a629b7ffff,9,10,7,0.1563,0.3391,0.5429
891f2a629bbffff,9,10,7,0.2544,0.4314,0.6289
891f2a629c3ffff,9,10,7,0.4666,0.651,0.8544
891f2a629c7ffff,9,10,7,0.3901,0.5731,0.7686
891f2a629cbffff,9,10,7,0.465,0.6504,0.8466
891f2a629cfffff,9,10,7,0.4596,0.6423,0.8419
891f2a629d3ffff,9,10,7,0.428,0.6033,0.8053
891f2a629d7ffff,9,10,7,0.4904,0.6623,0.8559
891f2a629dbffff,9,10,7,0.4563,0.6317,0.8397
891f2a62a03ffff,9,10,7,0.4216,0.6103,0.8033
891f2a62a07ffff,9,10,7,0.3493,0.5307,0.7344
891f2a62a0bffff,9,10,7,0.3756,0.5581,0.7557
891f2a62a0fffff,9,10,7,0.3281,0.5133,0.7274
891f2a62a13ffff,9,10,7,0.3811,0.557,0.7599
891f2a62a17ffff,9,10,7,0.4393,0.6257,0.8184
891f2a62a1bffff,9,10,7,0.3324,0.5234,0.7196
891f2a62a23ffff,9,10,7,0.3531,0.5329,0.7443
891f2a62a27ffff,9,10,7,0.3429,0.5313,0.7379
891f2a62a2bffff,9,10,7,0.3919,0.5704,0.7599
891f2a62a2fffff,9,10,7,0.337,0.5114,0.706
891f2a62a33ffff,9,10,7,0.3354,0.5199,0.7224
891f2a62a37ffff,9,10,7,0.3774,0.5553,0.7563
891f2a62a3bffff,9,10,7,0.3131,0.499,0.7054
891f2a62a43ffff,9,10,7,0.4114,0.5896,0.7951
891f2a62a47ffff,9,10,7,0.3086,0.4914,0.6857
891f2a62a4bffff,9,10,7,0.4447,0.6249,0.8193
891f2a62a4fffff,9,10,7,0.3529,0.5356,0.7271
891f2a62a53ffff,9,10,7,0.348,0.5341,0.743
891f2a62a57ffff,9,10,7,0.3677,0.5361,0.7389
891f2a62a5bffff,9,10,7,0.4031,0.5786,0.78
891f2a62a63ffff,9,10,7,0.3781,0.562,0.7527
891f2a62a67ffff,9,10,7,0.4174,0.5823,0.7863
891f2a62a6bffff,9,10,7,0.3847,0.5711,0.772
891f2a62a6fffff,9,10,7,0.3841,0.5696,0.77
891f2a62a73ffff,9,10,7,0.3199,0.5029,0.7071
891f2a62a77ffff,9,10,7,0.3243,0.5083,0.7189
891f2a62a7bffff,9,10,7,0.3086,0.498,0.7109
891f2a62a83ffff,9,10,7,0.3896,0.5621,0.7649
891f2a62a87ffff,9,10,7,0.4454,0.6361,0.8337
891f2a62a8bffff,9,10,7,0.3664,0.5421,0.7354
891f2a62a8fffff,9,10,7,0.3779,0.5564,0.7551
891f2a62a93ffff,9,10,7,0.4154,0.6004,0.7949
891f2a62a97ffff,9,10,7,0.3151,0.4963,0.6883
891f2a62a9bffff,9,10,7,0.3383,0.5156,0.7127
891f2a62aa3ffff,9,10,7,0.4356,0.6207,0.8217
891f2a62aa7ffff,9,10,7,0.3596,0.542,0.7387
891f2a62aabffff,9,10,7,0.388,0.5637,0.7616
891f2a62aafffff,9,10,7,0.3999,0.578,0.7747
891f2a62ab3ffff,9,10,7,0.4907,0.6734,0.881
891f2a62ab7ffff,9,10,7,0.5116,0.6887,0.8803
891f2a62abbffff,9,10,7,0.4977,0.6776,0.8759
891f2a62ac3ffff,9,10,7,0.411,0.5977,0.787
891f2a62ac7ffff,9,10,7,0.3531,0.527,0.7189
891f2a62acbffff,9,10,7,0.3733,0.5474,0.7474
891f2a62acfffff,9,10,7,0.3526,0.5351,0.7409
891f2a62ad3ffff,9,10,7,0.3846,0.5617,0.7667
891f2a62ad7ffff,9,10,7,0.396,0.5751,0.7736
891f2a62adbffff,9,10,7,0.3843,0.5659,0.7556
891f2a62b03ffff,9,10,7,0.3987,0.5789,0.7694
891f2a62b07ffff,9,10,7,0.3467,0.5209,0.7173
891f2a62b0bffff,9,10,7,0.3169,0.5024,0.6956
891f2a62b0fffff,9,10,7,0.21,0.3979,0.5929
891f2a62b13ffff,9,10,7,0.4004,0.582,0.7769
891f2a62b17ffff,9,10,7,0.4466,0.6251,0.833
891f2a62b1bffff,9,10,7,0.4323,0.6009,0.7976
891f2a62b23ffff,9,10,7,0.3434,0.5273,0.7249
891f2a62b27ffff,9,10,7,0.3614,0.5424,0.7374
891f2a62b2bffff,9,10,7,0.3649,0.5459,0.7396
891f2a62b2fffff,9,10,7,0.409,0.5941,0.8051
891f2a62b33ffff,9,10,7,0.3344,0.5254,0.7184
891f2a62b37ffff,9,10,7,0.4307,0.614,0.8094
891f2a62b3bffff,9,10,7,0.2781,0.4643,0.6629
891f2a62b43ffff,9,10,7,0.1963,0.3726,0.579
891f2a62b47ffff,9,10,7,0.212,0.3831,0.5817
891f2a62b4bffff,9,10,7,0.3469,0.5214,0.7284
891f2a62b4fffff,9,10,7,0.325,0.5076,0.6983
891f2a62b53ffff,9,10,7,0.2954,0.4716,0.6686
891f2a62b57ffff,9,10,7,0.3731,0.552,0.7457
891f2a62b5bffff,9,10,7,0.3629,0.5346,0.7367
891f2a62b63ffff,9,10,7,0.2729,0.4429,0.6426
891f2a62b67ffff,9,10,7,0.3857,0.5629,0.7676
891f2a62b6bffff,9,10,7,0.2231,0.3997,0.6079
891f2a62b6fffff,9,10,7,0.2987,0.4753,0.6783
891f2a62b73ffff,9,10,7,0.2043,0.3753,0.5749
891f2a62b77ffff,9,10,7,0.2564,0.4399,0.6426
891f2a62b7bffff,9,10,7,0.2167,0.4006,0.6063
891f2a62b83ffff,9,10,7,0.4134,0.5969,0.8069
891f2a62b87ffff,9,10,7,0.4073,0.6011,0.8067
891f2a62b8bffff,9,10,7,0.4739,0.6596,0.8656
891f2a62b8fffff,9,10,7,0.423,0.6084,0.812
891f2a62b93ffff,9,10,7,0.3989,0.5791,0.7717
891f2a62b97ffff,9,10,7,0.4016,0.591,0.7783
891f2a62b9bffff,9,10,7,0.4701,0.6466,0.8391
891f2a62ba3ffff,9,10,7,0.4836,0.6657,0.8579
891f2a62ba7ffff,9,10,7,0.4323,0.6151,0.7919
891f2a62babffff,9,10,7,0.471,0.642,0.828
891f2a62bafffff,9,10,7,0.389,0.571,0.7681
891f2a62bb3ffff,9,10,7,0.4404,0.6167,0.8096
891f2a62bb7ffff,9,10,7,0.4821,0.6623,0.8431
891f2a62bbbffff,9,10,7,0.4469,0.6347,0.8316
891f2a62bc3ffff,9,10,7,0.4477,0.6233,0.8229
891f2a62bc7ffff,9,10,7,0.4811,0.6554,0.863
891f2a62bcbffff,9,10,7,0.2783,0.4689,0.6621
891f2a62bcfffff,9,10,7,0.3519,0.5369,0.733
891f2a62bd3ffff,9,10,7,0.387,0.5691,0.7714
891f2a62bd7ffff,9,10,7,0.4389,0.6129,0.8194
891f2a62bdbffff,9,10,7,0.3626,0.543,0.7491
891f2a62c03ffff,9,10,7,0.4534,0.648,0.8573
891f2a62c07ffff,9,10,7,0.429,0.6196,0.8144
891f2a62c0bffff,9,10,7,0.4876,0.664,0.8441
891f2a62c0fffff,9,10,7,0.4497,0.6259,0.838
891f2a62c13ffff,9,10,7,0.4843,0.6617,0.8657
891f2a62c17ffff,9,10,7,0.4539,0.6187,0.831
891f2a62c1bffff,9,10,7,0.5257,0.7136,0.8739
891f2a62c23ffff,9,10,7,0.5484,0.7241,0.9204
891f2a62c27ffff,9,10,7,0.5077,0.6884,0.8836
891f2a62c2bffff,9,10,7,0.4519,0.6314,0.8281
891f2a62c2fffff,9,10,7,0.5433,0.7319,0.9296
891f2a62c33ffff,9,10,7,0.449,0.6247,0.8217
891f2a62c37ffff,9,10,7,0.4891,0.6713,0.8561
891f2a62c3bffff,9,10,7,0.4916,0.6714,0.8533
891f2a62c43ffff,9,10,7,0.4629,0.6329,0.8223
891f2a62c47ffff,9,10,7,0.5114,0.697,0.8919
891f2a62c4bffff,9,10,7,0.4416,0.6079,0.8011
891f2a62c4fffff,9,10,7,0.4616,0.6447,0.8394
891f2a62c53ffff,9,10,7,0.5423,0.7247,0.914
891f2a62c57ffff,9,10,7,0.4529,0.6243,0.8247
891f2a62c5bffff,9,10,7,0.5097,0.6773,0.8694
891f2a62c63ffff,9,10,7,0.5051,0.6764,0.8774
891f2a62c67ffff,9,10,7,0.4597,0.6547,0.8451
891f2a62c6bffff,9,10,7,0.449,0.6281,0.83
891f2a62c6fffff,9,10,7,0.447,0.632,0.8376
891f2a62c73ffff,9,10,7,0.4236,0.6174,0.8281
891f2a62c77ffff,9,10,7,0.536,0.7214,0.8999
891f2a62c7bffff,9,10,7,0.4681,0.6504,0.848
891f2a62c83ffff,9,10,7,0.4487,0.6354,0.835
891f2a62c87ffff,9,10,7,0.4671,0.6466,0.841
891f2a62c8bffff,9,10,7,0.4434,0.6199,0.8199
891f2a62c8fffff,9,10,7,0.4993,0.6716,0.8804
891f2a62c93ffff,9,10,7,0.4663,0.6439,0.8369
891f2a62c97ffff,9,10,7,0.3734,0.5493,0.7526
891f2a62c9bffff,9,10,7,0.4299,0.6103,0.818
891f2a62ca3ffff,9,10,7,0.4814,0.6579,0.8589
891f2a62ca7ffff,9,10,7,0.4001,0.5887,0.7924
891f2a62cabffff,9,10,7,0.4996,0.6804,0.8691
891f2a62cafffff,9,10,7,0.474,0.6527,0.859
891f2a62cb3ffff,9,10,7,0.5521,0.7271,0.9094
891f2a62cb7ffff,9,10,7,0.4217,0.6187,0.8106
891f2a62cbbffff,9,10,7,0.4849,0.669,0.8646
891f2a62cc3ffff,9,10,7,0.4183,0.5914,0.7947
891f2a62cc7ffff,9,10,7,0.4444,0.6141,0.8137
891f2a62ccbffff,9,10,7,0.4813,0.6647,0.8647
891f2a62ccfffff,9,10,7,0.5574,0.7371,0.9196
891f2a62cd3ffff,9,10,7,0.4083,0.5833,0.7817
891f2a62cd7ffff,9,10,7,0.452,0.6319,0.8154
891f2a62cdbffff,9,10,7,0.4214,0.602,0.7964
891f2a62d03ffff,9,10,7,0.4459,0.6267,0.8164
891f2a62d07ffff,9,10,7,0.4926,0.6704,0.8784
891f2a62d0bffff,9,10,7,0.405,0.5844,0.7756
891f2a62d0fffff,9,10,7,0.4343,0.6266,0.8243
891f2a62d13ffff,9,10,7,0.4489,0.6201,0.8266
891f2a62d17ffff,9,10,7,0.5039,0.6816,0.8774
891f2a62d1bffff,9,10,7,0.4237,0.6046,0.8016
891f2a62d23ffff,9,10,7,0.5059,0.6846,0.8739
891f2a62d27ffff,9,10,7,0.3491,0.5234,0.7133
891f2a62d2bffff,9,10,7,0.4414,0.6154,0.815
891f2a62d2fffff,9,10,7,0.5007,0.6831,0.8683
891f2a62d33ffff,9,10,7,0.4766,0.6531,0.8417
891f2a62d37ffff,9,10,7,0.3903,0.568,0.7701
891f2a62d3bffff,9,10,7,0.4644,0.6509,0.8457
891f2a62d43ffff,9,10,7,0.5311,0.7167,0.9144
891f2a62d47ffff,9,10,7,0.5114,0.6803,0.8491
891f2a62d4bffff,9,10,7,0.512,0.6969,0.8873
891f2a62d4fffff,9,10,7,0.4606,0.6476,0.8411
891f2a62d53ffff,9,10,7,0.5254,0.7027,0.8977
891f2a62d57ffff,9,10,7,0.5089,0.6851,0.8534
891f2a62d5bffff,9,10,7,0.5376,0.7183,0.925
891f2a62d63ffff,9,10,7,0.4817,0.6604,0.8487
891f2a62d67ffff,9,10,7,0.5319,0.7194,0.9291
891f2a62d6bffff,9,10,7,0.5063,0.6841,0.8653
891f2a62d6fffff,9,10,7,0.5209,0.6894,0.8943
891f2a62d73ffff,9,10,7,0.3784,0.5593,0.772
891f2a62d77ffff,9,10,7,0.4367,0.6319,0.8233
891f2a62d7bffff,9,10,7,0.4431,0.6227,0.8174
891f2a62d83ffff,9,10,7,0.4371,0.6334,0.8259
891f2a62d87ffff,9,10,7,0.4231,0.6057,0.8049
891f2a62d8bffff,9,10,7,0.4317,0.6146,0.8057
891f2a62d8fffff,9,10,7,0.4126,0.582,0.7879
891f2a62d93ffff,9,10,7,0.492,0.6731,0.8701
891f2a62d97ffff,9,10,7,0.4186,0.596,0.7976
891f2a62d9bffff,9,10,7,0.5166,0.6949,0.8897
891f2a62da3ffff,9,10,7,0.4706,0.637,0.8347
891f2a62da7ffff,9,10,7,0.4697,0.6409,0.8419
891f2a62dabffff,9,10,7,0.4437,0.619,0.8183
891f2a62dafffff,9,10,7,0.4203,0.6079,0.798
891f2a62db3ffff,9,10,7,0.4304,0.5996,0.7961
891f2a62db7ffff,9,10,7,0.4399,0.6256,0.8289
891f2a62dbbffff,9,10,7,0.465,0.641,0.8383
891f2a62dc3ffff,9,10,7,0.4847,0.6631,0.8566
891f2a62dc7ffff,9,10,7,0.4543,0.6321,0.8284
891f2a62dcbffff,9,10,7,0.3601,0.5457,0.7519
891f2a62dcfffff,9,10,7,0.3913,0.5776,0.7776
891f2a62dd3ffff,9,10,7,0.5129,0.6853,0.8863
891f2a62dd7ffff,9,10,7,0.4507,0.6347,0.8327
891f2a62ddbffff,9,10,7,0.4137,0.5963,0.7943
891f2a62e03ffff,9,10,7,0.444,0.6134,0.8271
891f2a62e07ffff,9,10,7,0.417,0.5983,0.7969
891f2a62e0bffff,9,10,7,0.4953,0.6727,0.8699
891f2a62e0fffff,9,10,7,0.4119,0.595,0.8017
891f2a62e13ffff,9,10,7,0.4227,0.6081,0.8019
891f2a62e17ffff,9,10,7,0.5124,0.6947,0.863
891f2a62e1bffff,9,10,7,0.504,0.689,0.8786
891f2a62e23ffff,9,10,7,0.3804,0.5561,0.7619
891f2a62e27ffff,9,10,7,0.4329,0.6101,0.7887
891f2a62e2bffff,9,10,7,0.4016,0.5771,0.768
891f2a62e2fffff,9,10,7,0.4401,0.6269,0.822
891f2a62e33ffff,9,10,7,0.3947,0.5709,0.7669
891f2a62e37ffff,9,10,7,0.3956,0.59,0.7963
891f2a62e3bffff,9,10,7,0.4023,0.5843,0.787
891f2a62e43ffff,9,10,7,0.3846,0.5684,0.7747
891f2a62e47ffff,9,10,7,0.4263,0.6027,0.7939
891f2a62e4bffff,9,10,7,0.4566,0.6256,0.8177
891f2a62e4fffff,9,10,7,0.3899,0.5797,0.7726
891f2a62e53ffff,9,10,7,0.4909,0.6656,0.8491
891f2a62e57ffff,9,10,7,0.4357,0.622,0.8163
891f2a62e5bffff,9,10,7,0.3959,0.5674,0.7647
891f2a62e63ffff,9,10,7,0.43,0.604,0.8173
891f2a62e67ffff,9,10,7,0.3753,0.5544,0.7561
891f2a62e6bffff,9,10,7,0.4244,0.6084,0.8123
891f2a62e6fffff,9,10,7,0.3547,0.5277,0.7233
891f2a62e73ffff,9,10,7,0.4771,0.6591,0.861
891f2a62e77ffff,9,10,7,0.3927,0.563,0.7619
891f2a62e7bffff,9,10,7,0.5044,0.6791,0.8784
891f2a62e83ffff,9,10,7,0.4901,0.6619,0.8544
891f2a62e87ffff,9,10,7,0.4704,0.6519,0.8454
891f2a62e8bffff,9,10,7,0.4091,0.5921,0.7953
891f2a62e8fffff,9,10,7,0.4763,0.6559,0.8606
891f2a62e93ffff,9,10,7,0.4814,0.6571,0.853
891f2a62e97ffff,9,10,7,0.3587,0.5439,0.7536
891f2a62e9bffff,9,10,7,0.5361,0.7207,0.9143
891f2a62ea3ffff,9,10,7,0.4823,0.6739,0.872
891f2a62ea7ffff,9,10,7,0.5117,0.7036,0.9043
891f2a62eabffff,9,10,7,0.4446,0.6211,0.8326
891f2a62eafffff,9,10,7,0.4813,0.669,0.8506
891f2a62eb3ffff,9,10,7,0.4929,0.6777,0.8594
891f2a62eb7ffff,9,10,7,0.4527,0.6246,0.819
891f2a62ebbffff,9,10,7,0.4736,0.6481,0.8486
891f2a62ec3ffff,9,10,7,0.4023,0.591,0.7809
891f2a62ec7ffff,9,10,7,0.5161,0.6891,0.9
891f2a62ecbffff,9,10,7,0.42,0.604,0.806
891f2a62ecfffff,9,10,7,0.444,0.6194,0.8209
891f2a62ed3ffff,9,10,7,0.4546,0.636,0.826
891f2a62ed7ffff,9,10,7,0.3831,0.5664,0.769
891f2a62edbffff,9,10,7,0.4084,0.5883,0.7901
891f2a63103ffff,9,10,5,0.1222,0.3066,0.524
891f2a63107ffff,9,10,7,0.1516,0.3373,0.5346
891f2a6310bffff,9,10,3,0.1713,0.3513,0.5507
891f2a6310fffff,9,10,7,0.1749,0.3544,0.5471
891f2a63113ffff,9,10,2,0.155,0.338,0.556
891f2a63117ffff,9,10,7,0.0676,0.252,0.4536
891f2a63123ffff,9,10,7,0.1919,0.3619,0.5527
891f2a63127ffff,9,10,7,0.1729,0.3451,0.5424
891f2a6312bffff,9,10,7,0.0701,0.2359,0.4243
891f2a6312fffff,9,10,7,0.192,0.369,0.5661
891f2a63133ffff,9,10,7,0.2107,0.3903,0.5846
891f2a63137ffff,9,10,7,0.2236,0.4001,0.6114
891f2a6313bffff,9,10,7,0.1137,0.2887,0.4939
891f2a6314fffff,9,10,1,0.0,0.133,0.325
891f2a63163ffff,9,10,7,0.2253,0.411,0.6076
891f2a63167ffff,9,10,7,0.1551,0.3266,0.5254
891f2a6316bffff,9,10,7,0.2461,0.4254,0.6249
891f2a6316fffff,9,10,7,0.2173,0.3899,0.5976
891f2a63173ffff,9,10,7,0.1847,0.354,0.5551
891f2a63177ffff,9,10,7,0.142,0.3164,0.5081
891f2a6317bffff,9,10,4,0.1098,0.2623,0.4492
891f2a63183ffff,9,10,4,0.1645,0.3442,0.5378
891f2a63187ffff,9,10,7,0.1921,0.3689,0.5683
891f2a6318fffff,9,10,7,0.0591,0.2351,0.4403
891f2a63197ffff,9,10,3,0.1877,0.369,0.566
891f2a631a3ffff,9,10,7,0.1464,0.3291,0.5297
891f2a631a7ffff,9,10,7,0.1446,0.322,0.5263
891f2a631abffff,9,10,7,0.187,0.3694,0.5637
891f2a631afffff,9,10,7,0.1739,0.3486,0.5519
891f2a631b3ffff,9,10,7,0.1306,0.3141,0.5153
891f2a631b7ffff,9,10,7,0.092,0.2549,0.4517
891f2a631bbffff,9,10,7,0.0903,0.2829,0.4873
891f2a63303ffff,9,10,7,0.2106,0.395,0.5839
891f2a63307ffff,9,10,7,0.2197,0.4053,0.6046
891f2a6330bffff,9,10,5,0.1738,0.3708,0.566
891f2a6330fffff,9,10,7,0.135,0.3046,0.493
891f2a63313ffff,9,10,1,0.127,0.335,0.54
891f2a63317ffff,9,10,7,0.1421,0.3204,0.5264
891f2a63323ffff,9,10,7,0.1854,0.3644,0.5723
891f2a63327ffff,9,10,7,0.2027,0.3824,0.5796
891f2a6332bffff,9,10,7,0.1751,0.3574,0.5536
891f2a6332fffff,9,10,7,0.1369,0.3073,0.5136
891f2a63333ffff,9,10,7,0.2106,0.386,0.5956
891f2a63337ffff,9,10,7,0.208,0.3861,0.5936
891f2a6333bffff,9,10,7,0.2183,0.398,0.604
891f2a63347ffff,9,10,1,0.172,0.379,0.552
891f2a63367ffff,9,10,7,0.1627,0.3497,0.5509
891f2a6336fffff,9,10,1,0.086,0.257,0.454
891f2a63373ffff,9,10,3,0.0837,0.2813,0.4707
891f2a63377ffff,9,10,7,0.1729,0.3471,0.5459
891f2a6338fffff,9,10,2,0.12,0.2995,0.5155
891f2a633a3ffff,9,10,7,0.1364,0.3244,0.531
891f2a633a7ffff,9,10,7,0.2316,0.4133,0.606
891f2a633abffff,9,10,7,0.1129,0.2874,0.4904
891f2a633afffff,9,10,7,0.1676,0.339,0.5293
891f2a633b3ffff,9,10,5,0.139,0.3096,0.5172
891f2a633b7ffff,9,10,5,0.1478,0.333,0.5218
891f2a633bbffff,9,10,7,0.1964,0.3696,0.5693
891f2a64003ffff,9,10,7,0.4616,0.6393,0.8123
891f2a64007ffff,9,10,7,0.4787,0.658,0.8483
891f2a6400bffff,9,10,7,0.5313,0.7151,0.9137
891f2a6400fffff,9,10,7,0.5063,0.6857,0.8826
891f2a64013ffff,9,10,7,0.3827,0.5687,0.7726
891f2a64017ffff,9,10,7,0.5116,0.6767,0.8766
891f2a6401bffff,9,10,7,0.5167,0.6974,0.8993
891f2a64023ffff,9,10,7,0.4957,0.6619,0.8527
891f2a64027ffff,9,10,7,0.4754,0.6481,0.8476
891f2a6402bffff,9,10,7,0.41,0.5853,0.7883
891f2a6402fffff,9,10,7,0.3724,0.5544,0.7504
891f2a64033ffff,9,10,7,0.5019,0.682,0.879
891f2a64037ffff,9,10,7,0.4726,0.6517,0.8453
891f2a6403bffff,9,10,7,0.4116,0.5956,0.7993
891f2a64043ffff,9,10,7,0.4201,0.6069,0.8061
891f2a64047ffff,9,10,7,0.4269,0.5889,0.796
891f2a6404bffff,9,10,7,0.32,0.5003,0.7053
891f2a6404fffff,9,10,7,0.2816,0.4554,0.6501
891f2a64053ffff,9,10,7,0.347,0.5383,0.7396
891f2a64057ffff,9,10,7,0.4724,0.646,0.8401
891f2a6405bffff,9,10,7,0.3834,0.5673,0.7643
891f2a64063ffff,9,10,7,0.447,0.6171,0.8226
891f2a64067ffff,9,10,7,0.4471,0.6361,0.857
891f2a6406bffff,9,10,7,0.2504,0.4201,0.6123
891f2a6406fffff,9,10,7,0.4523,0.6267,0.817
891f2a64073ffff,9,10,7,0.4643,0.641,0.831
891f2a64077ffff,9,10,7,0.4989,0.687,0.89
891f2a6407bffff,9,10,7,0.2734,0.464,0.668
891f2a64083ffff,9,10,7,0.4686,0.6474,0.8291
891f2a64087ffff,9,10,7,0.426,0.6009,0.7971
891f2a6408bffff,9,10,7,0.4037,0.585,0.795
891f2a6408fffff,9,10,7,0.4361,0.6179,0.8063
891f2a64093ffff,9,10,7,0.4531,0.6207,0.8204
891f2a64097ffff,9,10,7,0.5053,0.6827,0.8807
891f2a6409bffff,9,10,7,0.483,0.6679,0.8599
891f2a640a3ffff,9,10,7,0.4989,0.6827,0.8636
891f2a640a7ffff,9,10,7,0.4343,0.6171,0.803
891f2a640abffff,9,10,7,0.4826,0.6724,0.875
891f2a640afffff,9,10,7,0.4686,0.6497,0.8431
891f2a640b3ffff,9,10,7,0.487,0.6644,0.8706
891f2a640b7ffff,9,10,7,0.4604,0.6336,0.8156
891f2a640bbffff,9,10,7,0.4979,0.6757,0.8709
891f2a640c3ffff,9,10,7,0.4587,0.639,0.841
891f2a640c7ffff,9,10,7,0.4443,0.6247,0.8249
891f2a640cbffff,9,10,7,0.5186,0.703,0.9047
891f2a640cfffff,9,10,7,0.4674,0.6503,0.8367
891f2a640d3ffff,9,10,7,0.3173,0.5023,0.6976
891f2a640d7ffff,9,10,7,0.3627,0.545,0.7341
891f2a640dbffff,9,10,7,0.4571,0.6463,0.8326
891f2a64103ffff,9,10,7,0.4947,0.665,0.8793
891f2a64107ffff,9,10,7,0.4409,0.6119,0.8196
891f2a6410bffff,9,10,7,0.4527,0.6471,0.8457
891f2a6410fffff,9,10,7,0.5376,0.7226,0.9114
891f2a64113ffff,9,10,7,0.5021,0.6829,0.8746
891f2a64117ffff,9,10,7,0.4393,0.6279,0.8093
891f2a6411bffff,9,10,7,0.475,0.6446,0.8489
891f2a64123ffff,9,10,7,0.3917,0.5603,0.7536
891f2a64127ffff,9,10,7,0.4674,0.6409,0.845
891f2a6412bffff,9,10,7,0.3891,0.5764,0.7804
891f2a6412fffff,9,10,7,0.41,0.5941,0.7986
891f2a64133ffff,9,10,7,0.485,0.663,0.8456
891f2a64137ffff,9,10,7,0.4079,0.5859,0.7879
891f2a6413bffff,9,10,7,0.5003,0.6724,0.8629
891f2a64143ffff,9,10,7,0.4584,0.647,0.8444
891f2a64147ffff,9,10,7,0.4177,0.5966,0.7903
891f2a6414bffff,9,10,7,0.4559,0.6393,0.8399
891f2a6414fffff,9,10,7,0.454,0.6323,0.8389
891f2a64153ffff,9,10,7,0.4413,0.615,0.8224
891f2a64157ffff,9,10,7,0.4441,0.6273,0.8271
891f2a6415bffff,9,10,7,0.3491,0.533,0.739
891f2a64163ffff,9,10,7,0.4306,0.6101,0.8073
891f2a64167ffff,9,10,7,0.385,0.5566,0.7574
891f2a6416bffff,9,10,7,0.3156,0.498,0.7011
891f2a6416fffff,9,10,7,0.3477,0.5366,0.7314
891f2a64173ffff,9,10,7,0.5287,0.7159,0.917
891f2a64177ffff,9,10,7,0.5123,0.6937,0.8834
891f2a6417bffff,9,10,7,0.3844,0.5784,0.7699
891f2a64183ffff,9,10,7,0.4724,0.6433,0.8363
891f2a64187ffff,9,10,7,0.4267,0.6107,0.8183
891f2a6418bffff,9,10,7,0.482,0.6549,0.859
891f2a6418fffff,9,10,7,0.4703,0.6441,0.8521
891f2a64193ffff,9,10,7,0.4601,0.6481,0.8544
891f2a64197ffff,9,10,7,0.3836,0.562,0.7641
891f2a6419bffff,9,10,7,0.4819,0.6683,0.86
891f2a641a3ffff,9,10,7,0.4761,0.6547,0.8539
891f2a641a7ffff,9,10,7,0.4761,0.6527,0.8599
891f2a641abffff,9,10,7,0.4354,0.624,0.8323
891f2a641afffff,9,10,7,0.3566,0.5316,0.7343
891f2a641b3ffff,9,10,7,0.4784,0.6494,0.8613
891f2a641b7ffff,9,10,7,0.3729,0.5501,0.7563
891f2a641bbffff,9,10,7,0.4681,0.651,0.8469
891f2a641c3ffff,9,10,7,0.3659,0.5664,0.7643
891f2a641c7ffff,9,10,7,0.3704,0.5579,0.761
891f2a641cbffff,9,10,7,0.4594,0.6493,0.845
891f2a641cfffff,9,10,7,0.4179,0.5987,0.7916
891f2a641d3ffff,9,10,7,0.418,0.6034,0.7973
891f2a641d7ffff,9,10,7,0.4257,0.5993,0.8109
891f2a641dbffff,9,10,7,0.3999,0.5869,0.7876
891f2a64203ffff,9,10,7,0.2484,0.4311,0.6313
891f2a64207ffff,9,10,7,0.2871,0.4653,0.6621
891f2a6420bffff,9,10,7,0.2887,0.4606,0.6621
891f2a6420fffff,9,10,7,0.3346,0.5026,0.6903
891f2a64213ffff,9,10,7,0.3261,0.511,0.7151
891f2a64217ffff,9,10,7,0.3244,0.5143,0.7166
891f2a6421bffff,9,10,7,0.2854,0.4631,0.6643
891f2a64223ffff,9,10,7,0.2579,0.435,0.64
891f2a64227ffff,9,10,7,0.1939,0.373,0.5541
891f2a6422bffff,9,10,7,0.2476,0.4214,0.6171
891f2a6422fffff,9,10,7,0.2727,0.4473,0.653
891f2a64233ffff,9,10,7,0.268,0.4447,0.6499
891f2a64237ffff,9,10,7,0.2413,0.4241,0.6167
891f2a6423bffff,9,10,7,0.2526,0.4503,0.6467
891f2a64243ffff,9,10,7,0.2479,0.4366,0.6361
891f2a64247ffff,9,10,7,0.331,0.5033,0.7014
891f2a6424bffff,9,10,7,0.166,0.3536,0.5634
891f2a6424fffff,9,10,7,0.1729,0.3533,0.5469
891f2a64253ffff,9,10,7,0.3026,0.473,0.6721
891f2a64257ffff,9,10,7,0.2866,0.4726,0.6706
891f2a6425bffff,9,10,7,0.2084,0.3943,0.577
891f2a64263ffff,9,10,7,0.2424,0.427,0.6183
891f2a64267ffff,9,10,7,0.2749,0.4444,0.6479
891f2a6426bffff,9,10,7,0.2056,0.383,0.5801
891f2a6426fffff,9,10,7,0.2376,0.42,0.6216
891f2a64273ffff,9,10,7,0.2061,0.3796,0.5834
891f2a64277ffff,9,10,7,0.2321,0.4096,0.619
891f2a6427bffff,9,10,7,0.1819,0.3581,0.5421
891f2a64283ffff,9,10,7,0.3329,0.5184,0.7134
891f2a64287ffff,9,10,7,0.3536,0.5289,0.7247
891f2a6428bffff,9,10,7,0.4167,0.5881,0.7854
891f2a6428fffff,9,10,7,0.3433,0.525,0.7243
891f2a64293ffff,9,10,7,0.4159,0.6056,0.8033
891f2a64297ffff,9,10,7,0.3123,0.4931,0.6907
891f2a6429bffff,9,10,7,0.449,0.631,0.827
891f2a642a3ffff,9,10,7,0.3304,0.5077,0.7109
891f2a642a7ffff,9,10,7,0.2214,0.4056,0.605
891f2a642abffff,9,10,7,0.3144,0.5039,0.7007
891f2a642afffff,9,10,7,0.2161,0.3994,0.591
891f2a642b3ffff,9,10,7,0.3053,0.4776,0.6817
891f2a642b7ffff,9,10,7,0.2233,0.4014,0.602
891f2a642bbffff,9,10,7,0.3259,0.5054,0.7121
891f2a642c3ffff,9,10,7,0.277,0.4547,0.653
891f2a642c7ffff,9,10,7,0.3036,0.4879,0.705
891f2a642cbffff,9,10,7,0.2903,0.4641,0.6684
891f2a642cfffff,9,10,7,0.3126,0.4901,0.701
891f2a642d3ffff,9,10,7,0.2501,0.4261,0.6239
891f2a642d7ffff,9,10,7,0.2884,0.4659,0.674
891f2a642dbffff,9,10,7,0.3013,0.4859,0.6776
891f2a64303ffff,9,10,7,0.2539,0.4311,0.635
891f2a64307ffff,9,10,7,0.2773,0.4587,0.6623
891f2a6430bffff,9,10,7,0.2186,0.3877,0.5924
891f2a6430fffff,9,10,7,0.2456,0.417,0.6156
891f2a64313ffff,9,10,7,0.3126,0.495,0.698
891f2a64317ffff,9,10,7,0.3781,0.5627,0.7656
891f2a6431bffff,9,10,7,0.3397,0.5211,0.7254
891f2a64323ffff,9,10,7,0.2339,0.4113,0.597
891f2a64327ffff,9,10,7,0.3203,0.5093,0.7043
891f2a6432bffff,9,10,7,0.1727,0.3436,0.5397
891f2a6432fffff,9,10,7,0.2659,0.443,0.6459
891f2a64333ffff,9,10,7,0.302,0.4857,0.6863
891f2a64337ffff,9,10,7,0.3514,0.5313,0.7373
891f2a6433bffff,9,10,7,0.2423,0.4286,0.6186
891f2a64343ffff,9,10,7,0.265,0.4469,0.6479
891f2a64347ffff,9,10,7,0.2744,0.4541,0.6503
891f2a6434bffff,9,10,7,0.2039,0.3937,0.5901
891f2a6434fffff,9,10,7,0.2469,0.4266,0.628
891f2a64353ffff,9,10,7,0.3503,0.5304,0.7379
891f2a64357ffff,9,10,7,0.3403,0.518,0.7224
891f2a6435bffff,9,10,7,0.2091,0.3934,0.5816
891f2a64363ffff,9,10,7,0.3619,0.5394,0.751
891f2a64367ffff,9,10,7,0.2876,0.4786,0.6741
891f2a6436bffff,9,10,7,0.3264,0.5096,0.7106
891f2a6436fffff,9,10,7,0.2654,0.4433,0.6556
891f2a64373ffff,9,10,7,0.2679,0.4456,0.6454
891f2a64377ffff,9,10,7,0.1986,0.3807,0.5746
891f2a6437bffff,9,10,7,0.2617,0.4474,0.6427
891f2a64383ffff,9,10,7,0.4577,0.6421,0.8379
891f2a64387ffff,9,10,7,0.4179,0.601,0.7946
891f2a6438bffff,9,10,7,0.399,0.5789,0.7753
891f2a6438fffff,9,10,7,0.4554,0.6361,0.8253
891f2a64393ffff,9,10,7,0.4969,0.6777,0.8716
891f2a64397ffff,9,10,7,0.4326,0.6117,0.8131
891f2a6439bffff,9,10,7,0.4536,0.6267,0.8293
891f2a643a3ffff,9,10,7,0.4647,0.6477,0.8441
891f2a643a7ffff,9,10,7,0.3784,0.5609,0.7556
891f2a643abffff,9,10,7,0.3851,0.5497,0.7544
891f2a643afffff,9,10,7,0.3303,0.5111,0.711
891f2a643b3ffff,9,10,7,0.4967,0.6746,0.8727
891f2a643b7ffff,9,10,7,0.4741,0.6541,0.8513
891f2a643bbffff,9,10,7,0.4083,0.5993,0.7887
891f2a643c3ffff,9,10,7,0.2019,0.3769,0.5847
891f2a643c7ffff,9,10,7,0.2884,0.4656,0.6694
891f2a643cbffff,9,10,7,0.2546,0.4356,0.6343
891f2a643cfffff,9,10,7,0.2519,0.4351,0.6377
891f2a643d3ffff,9,10,7,0.1999,0.3697,0.5641
891f2a643d7ffff,9,10,7,0.2707,0.4604,0.6643
891f2a643dbffff,9,10,7,0.2613,0.4424,0.645
891f2a64403ffff,9,10,7,0.4201,0.6034,0.7951
891f2a64407ffff,9,10,7,0.4566,0.6347,0.8369
891f2a6440bffff,9,10,7,0.4781,0.6456,0.8426
891f2a6440fffff,9,10,7,0.4997,0.6923,0.8876
891f2a64413ffff,9,10,7,0.4561,0.6374,0.8287
891f2a64417ffff,9,10,7,0.4461,0.6296,0.8359
891f2a6441bffff,9,10,7,0.4516,0.627,0.8219
891f2a64423ffff,9,10,7,0.4926,0.6679,0.8524
891f2a64427ffff,9,10,7,0.4979,0.6791,0.881
891f2a6442bffff,9,10,7,0.5096,0.697,0.8787
891f2a6442fffff,9,10,7,0.4519,0.6224,0.8199
891f2a64433ffff,9,10,7,0.4619,0.6431,0.8431
891f2a64437ffff,9,10,7,0.4631,0.6444,0.8536
891f2a6443bffff,9,10,7,0.4924,0.6789,0.8783
891f2a64443ffff,9,10,7,0.465,0.6384,0.8303
891f2a64447ffff,9,10,7,0.4174,0.6131,0.8113
891f2a6444bffff,9,10,7,0.3687,0.5469,0.7527
891f2a6444fffff,9,10,7,0.4496,0.6281,0.8349
891f2a64453ffff,9,10,7,0.395,0.5763,0.765
891f2a64457ffff,9,10,7,0.4316,0.6073,0.8166
891f2a6445bffff,9,10,7,0.364,0.5519,0.7521
891f2a64463ffff,9,10,7,0.4111,0.5903,0.783
891f2a64467ffff,9,10,7,0.4399,0.6247,0.8253
891f2a6446bffff,9,10,7,0.4786,0.6601,0.852
891f2a6446fffff,9,10,7,0.3987,0.5679,0.7853
891f2a64473ffff,9,10,7,0.45,0.6231,0.824
891f2a64477ffff,9,10,7,0.4481,0.6377,0.8429
891f2a6447bffff,9,10,7,0.4187,0.6029,0.8001
891f2a64483ffff,9,10,7,0.4284,0.6133,0.8099
891f2a64487ffff,9,10,7,0.3549,0.537,0.7339
891f2a6448bffff,9,10,7,0.4163,0.5999,0.7886
891f2a6448fffff,9,10,7,0.4421,0.6157,0.816
891f2a64493ffff,9,10,7,0.4464,0.6257,0.814
891f2a64497ffff,9,10,7,0.3519,0.5303,0.7269
891f2a6449bffff,9,10,7,0.4,0.5803,0.7784
891f2a644a3ffff,9,10,7,0.4264,0.6037,0.8033
891f2a644a7ffff,9,10,7,0.4261,0.6134,0.812
891f2a644abffff,9,10,7,0.5434,0.7246,0.8837
891f2a644afffff,9,10,7,0.427,0.6096,0.8067
891f2a644b3ffff,9,10,7,0.3166,0.5013,0.7031
891f2a644b7ffff,9,10,7,0.2356,0.4226,0.6199
891f2a644bbffff,9,10,7,0.4851,0.6597,0.8614
891f2a644c3ffff,9,10,7,0.3756,0.5533,0.7453
891f2a644c7ffff,9,10,7,0.4007,0.579,0.7611
891f2a644cbffff,9,10,7,0.3511,0.5339,0.7336
891f2a644cfffff,9,10,7,0.4111,0.5987,0.799
891f2a644d3ffff,9,10,7,0.4426,0.6341,0.828
891f2a644d7ffff,9,10,7,0.416,0.5913,0.7913
891f2a644dbffff,9,10,7,0.4016,0.59,0.7777
891f2a64503ffff,9,10,7,0.4523,0.6293,0.8209
891f2a64507ffff,9,10,7,0.5924,0.7591,0.9339
891f2a6450bffff,9,10,7,0.5543,0.7401,0.9289
891f2a6450fffff,9,10,7,0.4363,0.6179,0.818
891f2a64513ffff,9,10,7,0.5014,0.6819,0.8877
891f2a64517ffff,9,10,7,0.4347,0.6147,0.8079
891f2a6451bffff,9,10,7,0.4081,0.5886,0.7926
891f2a64523ffff,9,10,7,0.3631,0.5361,0.7364
891f2a64527ffff,9,10,7,0.4417,0.6231,0.8229
891f2a6452bffff,9,10,7,0.4859,0.6599,0.8567
891f2a6452fffff,9,10,7,0.4623,0.6424,0.8277
891f2a64533ffff,9,10,7,0.4224,0.6024,0.8137
891f2a64537ffff,9,10,7,0.402,0.5787,0.7754
891f2a6453bffff,9,10,7,0.482,0.6609,0.862
891f2a64543ffff,9,10,7,0.5323,0.717,0.8961
891f2a64547ffff,9,10,7,0.4383,0.6121,0.808
891f2a6454bffff,9,10,7,0.4596,0.6453,0.8479
891f2a6454fffff,9,10,7,0.4699,0.6464,0.8443
891f2a64553ffff,9,10,7,0.4774,0.6481,0.8407
891f2a64557ffff,9,10,7,0.5231,0.6917,0.8819
891f2a6455bffff,9,10,7,0.5031,0.6861,0.8803
891f2a64563ffff,9,10,7,0.545,0.7237,0.9136
891f2a64567ffff,9,10,7,0.469,0.6459,0.8444
891f2a6456bffff,9,10,7,0.4724,0.6553,0.8643
891f2a6456fffff,9,10,7,0.4216,0.5977,0.7931
891f2a64573ffff,9,10,7,0.4277,0.613,0.8139
891f2a64577ffff,9,10,7,0.4126,0.5984,0.7859
891f2a6457bffff,9,10,7,0.413,0.6027,0.801
891f2a64583ffff,9,10,7,0.4399,0.6156,0.8223
891f2a64587ffff,9,10,7,0.5,0.6709,0.8719
891f2a6458bffff,9,10,7,0.4501,0.643,0.8403
891f2a6458fffff,9,10,7,0.4561,0.6374,0.8416
891f2a64593ffff,9,10,7,0.4596,0.6419,0.8491
891f2a64597ffff,9,10,7,0.505,0.69,0.8894
891f2a6459bffff,9,10,7,0.3791,0.5547,0.7591
891f2a645a3ffff,9,10,7,0.5321,0.7064,0.8919
891f2a645a7ffff,9,10,7,0.4926,0.6813,0.8531
891f2a645abffff,9,10,7,0.4553,0.6347,0.831
891f2a645afffff,9,10,7,0.4341,0.616,0.8127
891f2a645b3ffff,9,10,7,0.5476,0.7333,0.9236
891f2a645b7ffff,9,10,7,0.4623,0.6473,0.8364
891f2a645bbffff,9,10,7,0.4644,0.6404,0.8283
891f2a645c3ffff,9,10,7,0.3794,0.5604,0.7587
891f2a645c7ffff,9,10,7,0.3813,0.5689,0.778
891f2a645cbffff,9,10,7,0.48,0.662,0.8564
891f2a645cfffff,9,10,7,0.4041,0.5784,0.7761
891f2a645d3ffff,9,10,7,0.3073,0.492,0.7
891f2a645d7ffff,9,10,7,0.4271,0.6117,0.8233
891f2a645dbffff,9,10,7,0.489,0.6641,0.8586
891f2a64603ffff,9,10,7,0.3351,0.513,0.7079
891f2a64607ffff,9,10,7,0.3613,0.5451,0.7454
891f2a6460bffff,9,10,7,0.2824,0.4611,0.6609
891f2a6460fffff,9,10,7,0.27,0.4476,0.6477
891f2a64613ffff,9,10,7,0.29,0.4804,0.6743
891f2a64617ffff,9,10,7,0.3703,0.5501,0.735
891f2a6461bffff,9,10,7,0.2326,0.416,0.6107
891f2a64623ffff,9,10,7,0.3523,0.5296,0.7324
891f2a64627ffff,9,10,7,0.4547,0.634,0.827
891f2a6462bffff,9,10,7,0.3766,0.5514,0.753
891f2a6462fffff,9,10,7,0.4376,0.6117,0.8226
891f2a64633ffff,9,10,7,0.3964,0.5829,0.7873
891f2a64637ffff,9,10,7,0.4609,0.6386,0.8267
891f2a6463bffff,9,10,7,0.3579,0.5576,0.7601
891f2a64643ffff,9,10,7,0.242,0.429,0.6197
891f2a64647ffff,9,10,7,0.29,0.4669,0.6776
891f2a6464bffff,9,10,7,0.2389,0.4213,0.6186
891f2a6464fffff,9,10,7,0.2464,0.4297,0.6343
891f2a64653ffff,9,10,7,0.3034,0.479,0.6781
891f2a64657ffff,9,10,7,0.3344,0.5114,0.7107
891f2a6465bffff,9,10,7,0.2876,0.4533,0.6509
891f2a64663ffff,9,10,7,0.2574,0.432,0.6306
891f2a64667ffff,9,10,7,0.3203,0.5064,0.7067
891f2a6466bffff,9,10,7,0.2531,0.4396,0.6244
891f2a6466fffff,9,10,7,0.3727,0.5451,0.7344
891f2a64673ffff,9,10,7,0.3274,0.5104,0.6999
891f2a64677ffff,9,10,7,0.2127,0.3817,0.5881
891f2a6467bffff,9,10,7,0.3697,0.5449,0.753
891f2a64683ffff,9,10,7,0.2984,0.4871,0.6866
891f2a64687ffff,9,10,7,0.3126,0.5001,0.6987
891f2a6468bffff,9,10,7,0.3544,0.5304,0.7203
891f2a6468fffff,9,10,7,0.2651,0.4426,0.6467
891f2a64693ffff,9,10,7,0.3091,0.4916,0.6873
891f2a64697ffff,9,10,7,0.3701,0.5416,0.7307
891f2a6469bffff,9,10,7,0.2811,0.4557,0.659
891f2a646a3ffff,9,10,7,0.289,0.4604,0.6576
891f2a646a7ffff,9,10,7,0.419,0.6036,0.8053
891f2a646abffff,9,10,7,0.2963,0.4784,0.6839
891f2a646afffff,9,10,7,0.3069,0.4954,0.6934
891f2a646b3ffff,9,10,7,0.355,0.5349,0.7341
891f2a646b7ffff,9,10,7,0.3157,0.4863,0.6909
891f2a646bbffff,9,10,7,0.3906,0.5751,0.7676
891f2a646c3ffff,9,10,7,0.2616,0.4404,0.6386
891f2a646c7ffff,9,10,7,0.3219,0.4977,0.7049
891f2a646cbffff,9,10,7,0.2881,0.4704,0.6824
891f2a646cfffff,9,10,7,0.2356,0.4114,0.6111
891f2a646d3ffff,9,10,7,0.3643,0.5551,0.7514
891f2a646d7ffff,9,10,7,0.2491,0.4316,0.6294
891f2a646dbffff,9,10,7,0.2539,0.4417,0.6249
891f2a64803ffff,9,10,7,0.4869,0.6676,0.8713
891f2a64807ffff,9,10,7,0.457,0.6369,0.8264
891f2a6480bffff,9,10,7,0.3304,0.5051,0.7067
891f2a6480fffff,9,10,7,0.3761,0.5559,0.746
891f2a64813ffff,9,10,7,0.4976,0.6803,0.8709
891f2a64817ffff,9,10,7,0.455,0.6393,0.839
891f2a6481bffff,9,10,7,0.3894,0.5584,0.747
891f2a64823ffff,9,10,7,0.4699,0.6514,0.845
891f2a64827ffff,9,10,7,0.3993,0.5841,0.7757
891f2a6482bffff,9,10,7,0.3627,0.5523,0.7536
891f2a6482fffff,9,10,7,0.4444,0.6257,0.825
891f2a64833ffff,9,10,7,0.4603,0.6436,0.8364
891f2a64837ffff,9,10,7,0.4154,0.6011,0.81
891f2a6483bffff,9,10,7,0.4984,0.6843,0.8973
891f2a64843ffff,9,10,7,0.2566,0.4244,0.6147
891f2a64847ffff,9,10,7,0.3376,0.5073,0.7113
891f2a6484bffff,9,10,7,0.2211,0.3986,0.5984
891f2a6484fffff,9,10,7,0.288,0.4673,0.6677
891f2a64853ffff,9,10,7,0.1747,0.3534,0.5479
891f2a64857ffff,9,10,7,0.3164,0.4956,0.6971
891f2a6485bffff,9,10,7,0.1914,0.3749,0.5746
891f2a64863ffff,9,10,7,0.3407,0.5281,0.7386
891f2a64867ffff,9,10,7,0.4617,0.6433,0.8517
891f2a6486bffff,9,10,7,0.2489,0.426,0.6293
891f2a6486fffff,9,10,7,0.4329,0.6139,0.8211
891f2a64873ffff,9,10,7,0.3851,0.5633,0.7636
891f2a64877ffff,9,10,7,0.4724,0.6534,0.863
891f2a6487bffff,9,10,7,0.2574,0.4409,0.6387
891f2a64883ffff,9,10,7,0.4547,0.6309,0.826
891f2a64887ffff,9,10,7,0.4736,0.6387,0.8321
891f2a6488bffff,9,10,7,0.52,0.6946,0.8783
891f2a6488fffff,9,10,7,0.45,0.6177,0.8094
891f2a64893ffff,9,10,7,0.4509,0.6426,0.8384
891f2a64897ffff,9,10,7,0.4876,0.6643,0.8556
891f2a6489bffff,9,10,7,0.4393,0.6226,0.8264
891f2a648a3ffff,9,10,7,0.4866,0.662,0.8577
891f2a648a7ffff,9,10,7,0.3471,0.542,0.7437
891f2a648abffff,9,10,7,0.4541,0.635,0.845
891f2a648afffff,9,10,7,0.4769,0.6626,0.8581
891f2a648b3ffff,9,10,7,0.4516,0.6349,0.8239
891f2a648b7ffff,9,10,7,0.3816,0.5651,0.7794
891f2a648bbffff,9,10,7,0.4529,0.6293,0.8283
891f2a648c3ffff,9,10,7,0.4236,0.609,0.813
891f2a648c7ffff,9,10,7,0.4133,0.5776,0.7701
891f2a648cbffff,9,10,7,0.2169,0.3956,0.6046
891f2a648cfffff,9,10,7,0.2864,0.4694,0.655
891f2a648d3ffff,9,10,7,0.4457,0.6287,0.823
891f2a648d7ffff,9,10,7,0.4449,0.63,0.8331
891f2a648dbffff,9,10,7,0.2874,0.46,0.6631
891f2a64903ffff,9,10,2,0.0495,0.2295,0.409
891f2a6490bffff,9,10,7,0.1376,0.3183,0.5196
891f2a64913ffff,9,10,7,0.0477,0.2156,0.4173
891f2a64917ffff,9,10,3,0.141,0.33,0.5297
891f2a6491bffff,9,10,7,0.1,0.2551,0.467
891f2a64943ffff,9,10,7,0.3329,0.511,0.7189
891f2a64947ffff,9,10,7,0.3166,0.4889,0.6854
891f2a6494bffff,9,10,7,0.4097,0.5816,0.7887
891f2a6494fffff,9,10,7,0.4617,0.632,0.8231
891f2a64953ffff,9,10,7,0.428,0.6187,0.8233
891f2a64957ffff,9,10,7,0.2494,0.433,0.6203
891f2a6495bffff,9,10,7,0.4686,0.6479,0.85
891f2a64963ffff,9,10,4,0.2858,0.469,0.672
891f2a6496bffff,9,10,7,0.2443,0.4247,0.6269
891f2a6496fffff,9,10,5,0.283,0.4612,0.6702
891f2a64973ffff,9,10,5,0.1038,0.2754,0.4696
891f2a6497bffff,9,10,7,0.3306,0.513,0.7223
891f2a64983ffff,9,10,6,0.1357,0.3162,0.5127
891f2a6498bffff,9,10,7,0.0659,0.2144,0.4246
891f2a6498fffff,9,10,5,0.0254,0.1584,0.3712
891f2a64993ffff,9,10,7,0.045,0.1997,0.403
891f2a64997ffff,9,10,1,0.117,0.312,0.506
891f2a6499bffff,9,10,7,0.1051,0.2861,0.4817
891f2a649c3ffff,9,10,7,0.2904,0.4773,0.6723
891f2a649c7ffff,9,10,7,0.091,0.247,0.4471
891f2a649cbffff,9,10,7,0.4431,0.627,0.8284
891f2a649cfffff,9,10,7,0.2404,0.4197,0.6264
891f2a649d3ffff,9,10,7,0.3777,0.5589,0.755
891f2a649d7ffff,9,10,7,0.129,0.2877,0.4827
891f2a649dbffff,9,10,7,0.4741,0.6479,0.8481
891f2a64a03ffff,9,10,7,0.2217,0.3923,0.5991
891f2a64a07ffff,9,10,7,0.165,0.3277,0.528
891f2a64a0bffff,9,10,7,0.179,0.3731,0.5683
891f2a64a0fffff,9,10,7,0.2036,0.3941,0.5951
891f2a64a13ffff,9,10,7,0.2347,0.4047,0.6047
891f2a64a17ffff,9,10,7,0.1269,0.2957,0.4927
891f2a64a1bffff,9,10,7,0.218,0.4074,0.5999
891f2a64a23ffff,9,10,7,0.202,0.3813,0.5744
891f2a64a27ffff,9,10,7,0.2783,0.4621,0.6566
891f2a64a2bffff,9,10,7,0.162,0.3193,0.5397
891f2a64a2fffff,9,10,7,0.266,0.4407,0.6436
891f2a64a33ffff,9,10,7,0.2009,0.3824,0.582
891f2a64a37ffff,9,10,7,0.1701,0.3581,0.562
891f2a64a3bffff,9,10,7,0.1943,0.3639,0.5754
891f2a64a43ffff,9,10,7,0.3871,0.5666,0.7599
891f2a64a47ffff,9,10,7,0.3029,0.4906,0.6827
891f2a64a4bffff,9,10,7,0.2919,0.4769,0.6733
891f2a64a4fffff,9,10,7,0.3157,0.503,0.6991
891f2a64a53ffff,9,10,7,0.274,0.4633,0.6676
891f2a64a57ffff,9,10,7,0.3189,0.4934,0.6869
891f2a64a5bffff,9,10,7,0.284,0.453,0.6551
891f2a64a63ffff,9,10,7,0.3329,0.5067,0.709
891f2a64a67ffff,9,10,7,0.4281,0.6051,0.8059
891f2a64a6bffff,9,10,7,0.448,0.6323,0.8397
891f2a64a6fffff,9,10,7,0.4474,0.6347,0.8323
891f2a64a73ffff,9,10,7,0.1733,0.3486,0.5579
891f2a64a77ffff,9,10,7,0.2723,0.4516,0.6449
891f2a64a7bffff,9,10,7,0.3699,0.5506,0.7563
891f2a64a83ffff,9,10,7,0.191,0.3646,0.5544
891f2a64a87ffff,9,10,7,0.1866,0.3609,0.5644
891f2a64a8bffff,9,10,7,0.1914,0.3689,0.5663
891f2a64a8fffff,9,10,7,0.1831,0.364,0.5643
891f2a64a93ffff,9,10,7,0.2766,0.4599,0.6656
891f2a64a97ffff,9,10,7,0.3251,0.5119,0.7061
891f2a64a9bffff,9,10,7,0.2433,0.4241,0.6264
891f2a64aa3ffff,9,10,7,0.264,0.4453,0.6381
891f2a64aa7ffff,9,10,7,0.2081,0.3821,0.5763
891f2a64aabffff,9,10,7,0.2394,0.4136,0.6086
891f2a64aafffff,9,10,7,0.1976,0.3873,0.5774
891f2a64ab3ffff,9,10,7,0.2391,0.418,0.62
891f2a64ab7ffff,9,10,7,0.2116,0.3847,0.5816
891f2a64abbffff,9,10,7,0.1931,0.3693,0.568
891f2a64ac3ffff,9,10,7,0.2449,0.4239,0.6226
891f2a64ac7ffff,9,10,7,0.178,0.3641,0.5757
891f2a64acbffff,9,10,7,0.203,0.3911,0.5971
891f2a64acfffff,9,10,7,0.2434,0.415,0.6286
891f2a64ad3ffff,9,10,7,0.2517,0.4317,0.6271
891f2a64ad7ffff,9,10,7,0.1989,0.3627,0.5659
891f2a64adbffff,9,10,7,0.2006,0.374,0.5697
891f2a64b03ffff,9,10,7,0.3856,0.5717,0.769
891f2a64b07ffff,9,10,7,0.4576,0.6419,0.845
891f2a64b0bffff,9,10,7,0.464,0.639,0.8211
891f2a64b0fffff,9,10,7,0.4059,0.5849,0.7811
891f2a64b13ffff,9,10,7,0.4133,0.5877,0.7724
891f2a64b17ffff,9,10,7,0.5026,0.6901,0.8836
891f2a64b1bffff,9,10,7,0.4934,0.6733,0.8687
891f2a64b23ffff,9,10,7,0.3649,0.544,0.7407
891f2a64b27ffff,9,10,7,0.3217,0.5017,0.6927
891f2a64b2bffff,9,10,7,0.417,0.6,0.7993
891f2a64b2fffff,9,10,7,0.3034,0.484,0.6761
891f2a64b33ffff,9,10,7,0.4217,0.592,0.7846
891f2a64b37ffff,9,10,7,0.3587,0.5277,0.7156
891f2a64b3bffff,9,10,7,0.5533,0.726,0.9269
891f2a64b43ffff,9,10,7,0.3686,0.5567,0.7557
891f2a64b47ffff,9,10,7,0.3486,0.5244,0.7191
891f2a64b4bffff,9,10,7,0.3573,0.5501,0.749
891f2a64b4fffff,9,10,7,0.3756,0.5563,0.7696
891f2a64b53ffff,9,10,7,0.3217,0.5113,0.7126
891f2a64b57ffff,9,10,7,0.3791,0.5676,0.7549
891f2a64b5bffff,9,10,7,0.3643,0.5446,0.7454
891f2a64b63ffff,9,10,7,0.3507,0.5309,0.7351
891f2a64b67ffff,9,10,7,0.356,0.5497,0.7541
891f2a64b6bffff,9,10,7,0.3023,0.4767,0.6719
891f2a64b6fffff,9,10,7,0.3581,0.547,0.7486
891f2a64b73ffff,9,10,7,0.4313,0.5997,0.8089
891f2a64b77ffff,9,10,7,0.4029,0.5857,0.7897
891f2a64b7bffff,9,10,7,0.4597,0.6371,0.8309
891f2a64b83ffff,9,10,7,0.453,0.6337,0.8379
891f2a64b87ffff,9,10,7,0.4137,0.5964,0.7874
891f2a64b8bffff,9,10,7,0.4524,0.6314,0.8414
891f2a64b8fffff,9,10,7,0.3997,0.5827,0.7931
891f2a64b93ffff,9,10,7,0.4654,0.6364,0.8399
891f2a64b97ffff,9,10,7,0.4053,0.5924,0.7869
891f2a64b9bffff,9,10,7,0.4867,0.6659,0.8664
891f2a64ba3ffff,9,10,7,0.4341,0.6149,0.8129
891f2a64ba7ffff,9,10,7,0.3423,0.5224,0.7286
891f2a64babffff,9,10,7,0.494,0.6817,0.8736
891f2a64bafffff,9,10,7,0.3863,0.5619,0.7539
891f2a64bb3ffff,9,10,7,0.4259,0.6034,0.7924
891f2a64bb7ffff,9,10,7,0.4484,0.6347,0.8203
891f2a64bbbffff,9,10,7,0.4313,0.6031,0.8173
891f2a64bc3ffff,9,10,7,0.3519,0.543,0.7464
891f2a64bc7ffff,9,10,7,0.417,0.5997,0.808
891f2a64bcbffff,9,10,7,0.3534,0.5386,0.7397
891f2a64bcfffff,9,10,7,0.376,0.5553,0.7526
891f2a64bd3ffff,9,10,7,0.3427,0.5129,0.704
891f2a64bd7ffff,9,10,7,0.3753,0.551,0.7506
891f2a64bdbffff,9,10,7,0.313,0.4959,0.6881
891f2a64c03ffff,9,10,7,0.4321,0.6089,0.8039
891f2a64c07ffff,9,10,7,0.4764,0.659,0.8566
891f2a64c0bffff,9,10,7,0.4476,0.6356,0.8454
891f2a64c0fffff,9,10,7,0.5084,0.6854,0.8704
891f2a64c13ffff,9,10,7,0.4699,0.6539,0.8441
891f2a64c17ffff,9,10,7,0.5109,0.6793,0.8879
891f2a64c1bffff,9,10,7,0.4909,0.6803,0.8824
891f2a64c23ffff,9,10,7,0.4866,0.6749,0.8727
891f2a64c27ffff,9,10,7,0.4176,0.6,0.8031
891f2a64c2bffff,9,10,7,0.4301,0.612,0.807
891f2a64c2fffff,9,10,7,0.5687,0.7399,0.9046
891f2a64c33ffff,9,10,7,0.424,0.6054,0.8049
891f2a64c37ffff,9,10,7,0.4356,0.6214,0.8099
891f2a64c3bffff,9,10,7,0.4179,0.6054,0.8036
891f2a64c43ffff,9,10,7,0.4573,0.635,0.8333
891f2a64c47ffff,9,10,7,0.4704,0.6404,0.8266
891f2a64c4bffff,9,10,7,0.4044,0.5731,0.783
891f2a64c4fffff,9,10,7,0.4151,0.6017,0.7989
891f2a64c53ffff,9,10,7,0.4561,0.636,0.8369
891f2a64c57ffff,9,10,7,0.4284,0.6087,0.8101
891f2a64c5bffff,9,10,7,0.4656,0.6463,0.8423
891f2a64c63ffff,9,10,7,0.405,0.5801,0.7796
891f2a64c67ffff,9,10,7,0.4933,0.6644,0.8594
891f2a64c6bffff,9,10,7,0.4589,0.6449,0.835
891f2a64c6fffff,9,10,7,0.4503,0.6313,0.831
891f2a64c73ffff,9,10,7,0.465,0.6537,0.835
891f2a64c77ffff,9,10,7,0.5793,0.7439,0.9334
891f2a64c7bffff,9,10,7,0.4694,0.6413,0.8353
891f2a64c83ffff,9,10,7,0.4249,0.6093,0.8153
891f2a64c87ffff,9,10,7,0.3971,0.5783,0.781
891f2a64c8bffff,9,10,7,0.4301,0.6001,0.793
891f2a64c8fffff,9,10,7,0.4207,0.5883,0.7907
891f2a64c93ffff,9,10,7,0.4886,0.6601,0.8674
891f2a64c97ffff,9,10,7,0.456,0.6291,0.8283
891f2a64c9bffff,9,10,7,0.4543,0.6271,0.834
891f2a64ca3ffff,9,10,7,0.4589,0.6473,0.8373
891f2a64ca7ffff,9,10,7,0.4704,0.6493,0.843
891f2a64cabffff,9,10,7,0.4554,0.6381,0.8513
891f2a64cafffff,9,10,7,0.4577,0.6286,0.81
891f2a64cb3ffff,9,10,7,0.4799,0.6641,0.8683
891f2a64cb7ffff,9,10,7,0.5213,0.7063,0.9173
891f2a64cbbffff,9,10,7,0.4316,0.6144,0.7991
891f2a64cc3ffff,9,10,7,0.3976,0.5803,0.7704
891f2a64cc7ffff,9,10,7,0.3943,0.5807,0.7787
891f2a64ccbffff,9,10,7,0.4534,0.6331,0.836
891f2a64ccfffff,9,10,7,0.3976,0.5846,0.7849
891f2a64cd3ffff,9,10,7,0.414,0.5927,0.786
891f2a64cd7ffff,9,10,7,0.4144,0.5897,0.7967
891f2a64cdbffff,9,10,7,0.3777,0.5627,0.7664
891f2a64d03ffff,9,10,7,0.4741,0.6451,0.8434
891f2a64d07ffff,9,10,7,0.3027,0.474,0.6711
891f2a64d0bffff,9,10,7,0.5211,0.6977,0.888
891f2a64d0fffff,9,10,7,0.3391,0.5267,0.7199
891f2a64d13ffff,9,10,7,0.4594,0.6486,0.8401
891f2a64d17ffff,9,10,7,0.4271,0.6167,0.813
891f2a64d1bffff,9,10,7,0.5021,0.6857,0.8641
891f2a64d23ffff,9,10,7,0.1034,0.259,0.4511
891f2a64d27ffff,9,10,7,0.0591,0.23,0.431
891f2a64d2bffff,9,10,7,0.2647,0.4493,0.6523
891f2a64d2fffff,9,10,6,0.1057,0.2865,0.4997
891f2a64d33ffff,9,10,7,0.2419,0.4234,0.6266
891f2a64d37ffff,9,10,7,0.0763,0.245,0.4554
891f2a64d3bffff,9,10,7,0.2873,0.472,0.6676
891f2a64d43ffff,9,10,7,0.4407,0.6246,0.822
891f2a64d47ffff,9,10,7,0.5194,0.69,0.8769
891f2a64d4bffff,9,10,7,0.4,0.5826,0.7886
891f2a64d4fffff,9,10,7,0.4607,0.6333,0.8284
891f2a64d53ffff,9,10,7,0.3589,0.5444,0.7513
891f2a64d57ffff,9,10,7,0.441,0.61,0.8201
891f2a64d5bffff,9,10,7,0.4734,0.6476,0.8466
891f2a64d63ffff,9,10,7,0.3756,0.5524,0.7363
891f2a64d67ffff,9,10,7,0.1763,0.3551,0.5664
891f2a64d6bffff,9,10,7,0.4281,0.6111,0.8203
891f2a64d6fffff,9,10,7,0.2497,0.426,0.6211
891f2a64d73ffff,9,10,7,0.4317,0.6026,0.7931
891f2a64d77ffff,9,10,7,0.3324,0.5103,0.7083
891f2a64d7bffff,9,10,7,0.4229,0.6021,0.8119
891f2a64d83ffff,9,10,7,0.4154,0.5949,0.7954
891f2a64d87ffff,9,10,7,0.3776,0.5643,0.769
891f2a64d8bffff,9,10,7,0.3937,0.5737,0.7724
891f2a64d8fffff,9,10,7,0.408,0.5744,0.7743
891f2a64d93ffff,9,10,7,0.4216,0.5983,0.8051
891f2a64d97ffff,9,10,7,0.4337,0.6144,0.81
891f2a64d9bffff,9,10,7,0.4264,0.611,0.8061
891f2a64da3ffff,9,10,7,0.3,0.4827,0.6897
891f2a64da7ffff,9,10,7,0.2113,0.3821,0.5839
891f2a64dabffff,9,10,7,0.3204,0.5016,0.7046
891f2a64dafffff,9,10,7,0.1661,0.331,0.5286
891f2a64db3ffff,9,10,7,0.4436,0.6264,0.8297
891f2a64db7ffff,9,10,7,0.2929,0.4731,0.6717
891f2a64dbbffff,9,10,7,0.4777,0.6589,0.838
891f2a64dc3ffff,9,10,7,0.448,0.6247,0.8204
891f2a64dc7ffff,9,10,7,0.3843,0.5633,0.7583
891f2a64dcbffff,9,10,7,0.3664,0.5517,0.7481
891f2a64dcfffff,9,10,7,0.3333,0.518,0.7233
891f2a64dd3ffff,9,10,7,0.485,0.6709,0.8671
891f2a64dd7ffff,9,10,7,0.3194,0.488,0.6904
891f2a64ddbffff,9,10,7,0.4896,0.6661,0.8581
891f2a64e03ffff,9,10,7,0.3707,0.5563,0.7543
891f2a64e07ffff,9,10,7,0.3589,0.5313,0.7313
891f2a64e0bffff,9,10,7,0.2674,0.4519,0.6551
891f2a64e0fffff,9,10,7,0.3064,0.4887,0.6879
891f2a64e13ffff,9,10,7,0.2474,0.4349,0.6304
891f2a64e17ffff,9,10,7,0.3149,0.4923,0.697
891f2a64e1bffff,9,10,7,0.2166,0.3979,0.6026
891f2a64e23ffff,9,10,7,0.3267,0.5059,0.7119
891f2a64e27ffff,9,10,7,0.308,0.4811,0.6831
891f2a64e2bffff,9,10,7,0.3627,0.5424,0.7381
891f2a64e2fffff,9,10,7,0.2846,0.4616,0.6646
891f2a64e33ffff,9,10,7,0.362,0.5276,0.7149
891f2a64e37ffff,9,10,7,0.2541,0.4333,0.6233
891f2a64e3bffff,9,10,7,0.3559,0.5226,0.7344
891f2a64e43ffff,9,10,7,0.2914,0.4681,0.6653
891f2a64e47ffff,9,10,7,0.2201,0.3897,0.5856
891f2a64e4bffff,9,10,7,0.2903,0.4646,0.6626
891f2a64e4fffff,9,10,7,0.1926,0.3771,0.577
891f2a64e53ffff,9,10,7,0.2263,0.4033,0.6004
891f2a64e57ffff,9,10,7,0.2336,0.4026,0.606
891f2a64e5bffff,9,10,7,0.1779,0.3543,0.5634
891f2a64e63ffff,9,10,7,0.3367,0.5199,0.7111
891f2a64e67ffff,9,10,7,0.2613,0.4499,0.6451
891f2a64e6bffff,9,10,7,0.2881,0.4564,0.6543
891f2a64e6fffff,9,10,7,0.2364,0.4211,0.6244
891f2a64e73ffff,9,10,7,0.3067,0.4923,0.6887
891f2a64e77ffff,9,10,7,0.3249,0.4967,0.6944
891f2a64e7bffff,9,10,7,0.1903,0.3641,0.5684
891f2a64e83ffff,9,10,7,0.292,0.4726,0.6743
891f2a64e87ffff,9,10,7,0.27,0.448,0.64
891f2a64e8bffff,9,10,7,0.341,0.5233,0.722
891f2a64e8fffff,9,10,7,0.2947,0.4676,0.6639
891f2a64e93ffff,9,10,7,0.3474,0.5256,0.73
891f2a64e97ffff,9,10,7,0.3369,0.5223,0.7231
891f2a64e9bffff,9,10,7,0.2551,0.4333,0.6267
891f2a64ea3ffff,9,10,7,0.2167,0.4111,0.6059
891f2a64ea7ffff,9,10,7,0.3733,0.5427,0.7443
891f2a64eabffff,9,10,7,0.337,0.5113,0.7067
891f2a64eafffff,9,10,7,0.3456,0.5253,0.7216
891f2a64eb3ffff,9,10,7,0.3934,0.5687,0.7787
891f2a64eb7ffff,9,10,7,0.353,0.5306,0.7287
891f2a64ebbffff,9,10,7,0.2419,0.4291,0.6333
891f2a64ec3ffff,9,10,7,0.197,0.3739,0.5733
891f2a64ec7ffff,9,10,7,0.2634,0.4371,0.6529
891f2a64ecbffff,9,10,7,0.3271,0.5126,0.6926
891f2a64ecfffff,9,10,7,0.2056,0.387,0.5823
891f2a64ed3ffff,9,10,7,0.2817,0.4713,0.6801
891f2a64ed7ffff,9,10,7,0.2277,0.4024,0.5854
891f2a64edbffff,9,10,7,0.2931,0.4643,0.6551
891f2a65003ffff,9,10,7,0.5441,0.7213,0.8914
891f2a65007ffff,9,10,7,0.4916,0.6799,0.8723
891f2a6500bffff,9,10,7,0.4626,0.6406,0.8297
891f2a6500fffff,9,10,7,0.4837,0.6671,0.8586
891f2a65013ffff,9,10,7,0.5221,0.6976,0.8927
891f2a65017ffff,9,10,7,0.4649,0.6397,0.8406
891f2a6501bffff,9,10,7,0.4211,0.61,0.8111
891f2a65023ffff,9,10,7,0.4419,0.6257,0.8283
891f2a65027ffff,9,10,7,0.3657,0.5369,0.7301
891f2a6502bffff,9,10,7,0.453,0.6313,0.8406
891f2a6502fffff,9,10,7,0.38,0.5574,0.753
891f2a65033ffff,9,10,7,0.3926,0.5726,0.777
891f2a65037ffff,9,10,7,0.3756,0.5604,0.7534
891f2a6503bffff,9,10,7,0.3477,0.5287,0.7286
891f2a65043ffff,9,10,7,0.4074,0.5963,0.8004
891f2a65047ffff,9,10,7,0.434,0.6167,0.8243
891f2a6504bffff,9,10,7,0.3686,0.5484,0.7486
891f2a6504fffff,9,10,7,0.317,0.495,0.6934
891f2a65053ffff,9,10,7,0.3376,0.5341,0.7391
891f2a65057ffff,9,10,7,0.4271,0.6011,0.8046
891f2a6505bffff,9,10,7,0.2549,0.4327,0.6373
891f2a65063ffff,9,10,7,0.3497,0.5211,0.7146
891f2a65067ffff,9,10,7,0.3741,0.5476,0.7403
891f2a6506bffff,9,10,7,0.3899,0.5627,0.7653
891f2a6506fffff,9,10,7,0.4213,0.6027,0.7999
891f2a65073ffff,9,10,7,0.4377,0.6086,0.8071
891f2a65077ffff,9,10,7,0.418,0.6006,0.8
891f2a6507bffff,9,10,7,0.3563,0.5431,0.7443
891f2a65083ffff,9,10,7,0.3931,0.5826,0.7787
891f2a65087ffff,9,10,7,0.4543,0.6363,0.8394
891f2a6508bffff,9,10,7,0.4649,0.6471,0.843
891f2a6508fffff,9,10,7,0.481,0.6729,0.874
891f2a65093ffff,9,10,7,0.397,0.5741,0.7799
891f2a65097ffff,9,10,7,0.3741,0.5471,0.7537
891f2a6509bffff,9,10,7,0.3866,0.5611,0.7601
891f2a650a3ffff,9,10,7,0.4334,0.6026,0.7994
891f2a650a7ffff,9,10,7,0.3473,0.5334,0.7223
891f2a650abffff,9,10,7,0.3833,0.5769,0.7779
891f2a650afffff,9,10,7,0.3749,0.549,0.7544
891f2a650b3ffff,9,10,7,0.4004,0.58,0.7731
891f2a650b7ffff,9,10,7,0.4357,0.6123,0.8071
891f2a650bbffff,9,10,7,0.4081,0.5824,0.7947
891f2a650c3ffff,9,10,7,0.502,0.6773,0.8763
891f2a650c7ffff,9,10,7,0.4179,0.5959,0.7837
891f2a650cbffff,9,10,7,0.456,0.6381,0.8283
891f2a650cfffff,9,10,7,0.4337,0.6004,0.8
891f2a650d3ffff,9,10,7,0.4987,0.6844,0.8687
891f2a650d7ffff,9,10,7,0.4173,0.6044,0.8054
891f2a650dbffff,9,10,7,0.5483,0.7301,0.9024
891f2a65103ffff,9,10,7,0.349,0.5291,0.7313
891f2a65107ffff,9,10,7,0.3886,0.5691,0.7667
891f2a6510bffff,9,10,7,0.3561,0.5341,0.7319
891f2a6510fffff,9,10,7,0.3593,0.5526,0.7564
891f2a65113ffff,9,10,7,0.2776,0.4547,0.6624
891f2a65117ffff,9,10,7,0.3044,0.4823,0.6903
891f2a6511bffff,9,10,7,0.3706,0.548,0.7513
891f2a65123ffff,9,10,7,0.3607,0.5456,0.7407
891f2a65127ffff,9,10,7,0.294,0.4739,0.6696
891f2a6512bffff,9,10,7,0.3644,0.541,0.7336
891f2a6512fffff,9,10,7,0.2977,0.4771,0.6741
891f2a65133ffff,9,10,7,0.359,0.5293,0.7356
891f2a65137ffff,9,10,7,0.2814,0.4614,0.6699
891f2a6513bffff,9,10,7,0.4059,0.5846,0.7873
891f2a65143ffff,9,10,7,0.3443,0.5344,0.7359
891f2a65147ffff,9,10,7,0.4827,0.6641,0.8516
891f2a6514bffff,9,10,7,0.391,0.5886,0.7839
891f2a6514fffff,9,10,7,0.4576,0.6393,0.8314
891f2a65153ffff,9,10,7,0.3863,0.5669,0.766
891f2a65157ffff,9,10,7,0.3104,0.4883,0.6926
891f2a6515bffff,9,10,7,0.4047,0.5713,0.771
891f2a65163ffff,9,10,7,0.4651,0.6513,0.8417
891f2a65167ffff,9,10,7,0.3791,0.5486,0.7407
891f2a6516bffff,9,10,7,0.4257,0.611,0.7993
891f2a6516fffff,9,10,7,0.3766,0.5651,0.7703
891f2a65173ffff,9,10,7,0.3977,0.57,0.7813
891f2a65177ffff,9,10,7,0.3716,0.5563,0.7579
891f2a6517bffff,9,10,7,0.3451,0.5321,0.726
891f2a65183ffff,9,10,7,0.2841,0.469,0.6631
891f2a65187ffff,9,10,7,0.2424,0.4174,0.6236
891f2a6518bffff,9,10,7,0.3354,0.5109,0.7007
891f2a6518fffff,9,10,7,0.2779,0.4601,0.66
891f2a65193ffff,9,10,7,0.2014,0.3874,0.5897
891f2a65197ffff,9,10,7,0.3209,0.5037,0.7089
891f2a6519bffff,9,10,7,0.2889,0.4784,0.693
891f2a651a3ffff,9,10,7,0.2311,0.4104,0.5971
891f2a651a7ffff,9,10,7,0.1387,0.313,0.5217
891f2a651abffff,9,10,7,0.3436,0.5167,0.7123
891f2a651afffff,9,10,7,0.2169,0.3986,0.5959
891f2a651b3ffff,9,10,7,0.169,0.3377,0.5273
891f2a651b7ffff,9,10,7,0.213,0.3821,0.5919
891f2a651bbffff,9,10,7,0.2993,0.4711,0.6553
891f2a651c3ffff,9,10,7,0.3489,0.5233,0.7251
891f2a651c7ffff,9,10,7,0.3856,0.5684,0.7661
891f2a651cbffff,9,10,7,0.4216,0.6119,0.8079
891f2a651cfffff,9,10,7,0.3583,0.5391,0.74
891f2a651d3ffff,9,10,7,0.425,0.608,0.8117
891f2a651d7ffff,9,10,7,0.3264,0.5221,0.7191
891f2a651dbffff,9,10,7,0.3159,0.4977,0.7096
891f2a65203ffff,9,10,7,0.451,0.6276,0.8274
891f2a65207ffff,9,10,7,0.3563,0.534,0.731
891f2a6520bffff,9,10,7,0.4899,0.662,0.8603
891f2a6520fffff,9,10,7,0.3676,0.5393,0.7234
891f2a65213ffff,9,10,7,0.2831,0.4714,0.6769
891f2a65217ffff,9,10,7,0.2939,0.4643,0.663
891f2a6521bffff,9,10,7,0.4099,0.5869,0.789
891f2a65223ffff,9,10,7,0.3976,0.5744,0.788
891f2a65227ffff,9,10,7,0.4089,0.588,0.7894
891f2a6522bffff,9,10,7,0.4664,0.6456,0.846
891f2a6522fffff,9,10,7,0.4019,0.5841,0.7963
891f2a65233ffff,9,10,7,0.3989,0.5714,0.7627
891f2a65237ffff,9,10,7,0.4651,0.638,0.817
891f2a6523bffff,9,10,7,0.4521,0.6334,0.8166
891f2a65243ffff,9,10,7,0.4374,0.6317,0.8354
891f2a65247ffff,9,10,7,0.4913,0.6649,0.8619
891f2a6524bffff,9,10,7,0.4069,0.5839,0.781
891f2a6524fffff,9,10,7,0.3383,0.5226,0.7194
891f2a65253ffff,9,10,7,0.389,0.5767,0.7727
891f2a65257ffff,9,10,7,0.5187,0.7067,0.9087
891f2a6525bffff,9,10,7,0.3524,0.5301,0.7361
891f2a65263ffff,9,10,7,0.3837,0.574,0.7754
891f2a65267ffff,9,10,7,0.4426,0.617,0.8146
891f2a6526bffff,9,10,7,0.3276,0.5084,0.7103
891f2a6526fffff,9,10,7,0.3159,0.5001,0.6949
891f2a65273ffff,9,10,7,0.4957,0.6669,0.8674
891f2a65277ffff,9,10,7,0.3993,0.5856,0.7797
891f2a6527bffff,9,10,7,0.4069,0.5836,0.7821
891f2a65283ffff,9,10,7,0.1991,0.3786,0.582
891f2a65287ffff,9,10,7,0.2897,0.4591,0.6547
891f2a6528bffff,9,10,7,0.2716,0.4461,0.6354
891f2a6528fffff,9,10,7,0.1636,0.3509,0.5506
891f2a65293ffff,9,10,7,0.1451,0.3146,0.527
891f2a65297ffff,9,10,7,0.1769,0.3499,0.5359
891f2a6529bffff,9,10,7,0.1654,0.3526,0.5386
891f2a652a3ffff,9,10,7,0.4203,0.5971,0.813
891f2a652a7ffff,9,10,7,0.412,0.5909,0.7811
891f2a652abffff,9,10,7,0.4076,0.5873,0.7949
891f2a652afffff,9,10,7,0.4187,0.5904,0.7983
891f2a652b3ffff,9,10,7,0.4457,0.6114,0.8099
891f2a652b7ffff,9,10,7,0.419,0.5934,0.7971
891f2a652bbffff,9,10,7,0.4303,0.6024,0.794
891f2a652c3ffff,9,10,7,0.391,0.568,0.767
891f2a652c7ffff,9,10,7,0.3219,0.4989,0.6973
891f2a652cbffff,9,10,7,0.4116,0.5984,0.8013
891f2a652cfffff,9,10,7,0.4064,0.5853,0.7879
891f2a652d3ffff,9,10,7,0.3673,0.5501,0.7524
891f2a652d7ffff,9,10,7,0.3124,0.5013,0.6991
891f2a652dbffff,9,10,7,0.3433,0.5193,0.7113
891f2a65303ffff,9,10,7,0.3979,0.5809,0.7847
891f2a65307ffff,9,10,7,0.3901,0.5679,0.7603
891f2a6530bffff,9,10,7,0.367,0.5609,0.7526
891f2a6530fffff,9,10,7,0.4441,0.6224,0.8249
891f2a65313ffff,9,10,7,0.3554,0.5229,0.73
891f2a65317ffff,9,10,7,0.3836,0.5647,0.7833
891f2a6531bffff,9,10,7,0.3289,0.5111,0.7139
891f2a65323ffff,9,10,7,0.4701,0.6393,0.8293
891f2a65327ffff,9,10,7,0.4374,0.6193,0.8153
891f2a6532bffff,9,10,7,0.479,0.6636,0.8563
891f2a6532fffff,9,10,7,0.4484,0.6314,0.8334
891f2a65333ffff,9,10,7,0.4531,0.6257,0.8209
891f2a65337ffff,9,10,7,0.4577,0.6466,0.8336
891f2a6533bffff,9,10,7,0.4703,0.6524,0.8544
891f2a65343ffff,9,10,7,0.3376,0.5097,0.7057
891f2a65347ffff,9,10,7,0.3556,0.5376,0.7434
891f2a6534bffff,9,10,7,0.3807,0.553,0.745
891f2a6534fffff,9,10,7,0.3733,0.5581,0.753
891f2a65353ffff,9,10,7,0.3999,0.5816,0.7879
891f2a65357ffff,9,10,7,0.4706,0.6439,0.8386
891f2a6535bffff,9,10,7,0.4074,0.5791,0.7696
891f2a65363ffff,9,10,7,0.4939,0.6824,0.8557
891f2a65367ffff,9,10,7,0.383,0.5627,0.7733
891f2a6536bffff,9,10,7,0.4787,0.6577,0.8474
891f2a6536fffff,9,10,7,0.4606,0.6366,0.8313
891f2a65373ffff,9,10,7,0.5093,0.6893,0.8947
891f2a65377ffff,9,10,7,0.4817,0.6586,0.8604
891f2a6537bffff,9,10,7,0.4804,0.661,0.8583
891f2a65383ffff,9,10,7,0.4786,0.6634,0.8671
891f2a65387ffff,9,10,7,0.4237,0.6019,0.8119
891f2a6538bffff,9,10,7,0.4636,0.6533,0.844
891f2a6538fffff,9,10,7,0.4433,0.6203,0.8251
891f2a65393ffff,9,10,7,0.3894,0.5636,0.7633
891f2a65397ffff,9,10,7,0.3997,0.5749,0.7774
891f2a6539bffff,9,10,7,0.4003,0.5769,0.7759
891f2a653a3ffff,9,10,7,0.3731,0.5567,0.7611
891f2a653a7ffff,9,10,7,0.4774,0.6657,0.8564
891f2a653abffff,9,10,7,0.3519,0.5321,0.7319
891f2a653afffff,9,10,7,0.4524,0.6333,0.827
891f2a653b3ffff,9,10,7,0.3847,0.5693,0.7619
891f2a653b7ffff,9,10,7,0.3477,0.5166,0.7103
891f2a653bbffff,9,10,7,0.4387,0.6173,0.812
891f2a653c3ffff,9,10,7,0.4111,0.5807,0.7926
891f2a653c7ffff,9,10,7,0.4066,0.5937,0.7869
891f2a653cbffff,9,10,7,0.2727,0.4474,0.6493
891f2a653cfffff,9,10,7,0.3279,0.5254,0.7124
891f2a653d3ffff,9,10,7,0.439,0.6104,0.8139
891f2a653d7ffff,9,10,7,0.4401,0.6057,0.7957
891f2a653dbffff,9,10,7,0.4273,0.6024,0.7964
891f2a65403ffff,9,10,7,0.3377,0.5184,0.7061
891f2a65407ffff,9,10,7,0.4551,0.6354,0.8449
891f2a6540bffff,9,10,7,0.406,0.5876,0.7839
891f2a6540fffff,9,10,7,0.4006,0.5799,0.7817
891f2a65413ffff,9,10,7,0.3863,0.5756,0.7873
891f2a65417ffff,9,10,7,0.4309,0.6046,0.8071
891f2a6541bffff,9,10,7,0.4217,0.6034,0.8067
891f2a65423ffff,9,10,7,0.334,0.5093,0.7077
891f2a65427ffff,9,10,7,0.3226,0.4949,0.6956
891f2a6542bffff,9,10,7,0.3374,0.5176,0.7286
891f2a6542fffff,9,10,7,0.2936,0.4733,0.6831
891f2a65433ffff,9,10,7,0.3764,0.5587,0.7546
891f2a65437ffff,9,10,7,0.2956,0.4761,0.682
891f2a6543bffff,9,10,7,0.4794,0.6593,0.8483
891f2a65443ffff,9,10,7,0.4196,0.6016,0.8031
891f2a65447ffff,9,10,7,0.4224,0.5927,0.7899
891f2a6544bffff,9,10,7,0.4213,0.591,0.775
891f2a6544fffff,9,10,7,0.4159,0.5873,0.7917
891f2a65453ffff,9,10,7,0.4366,0.6091,0.801
891f2a65457ffff,9,10,7,0.4299,0.6219,0.8003
891f2a6545bffff,9,10,7,0.4287,0.6177,0.8111
891f2a65463ffff,9,10,7,0.3934,0.5829,0.783
891f2a65467ffff,9,10,7,0.3986,0.5899,0.7904
891f2a6546bffff,9,10,7,0.5639,0.7313,0.9144
891f2a6546fffff,9,10,7,0.431,0.6234,0.8129
891f2a65473ffff,9,10,7,0.4116,0.6034,0.8053
891f2a65477ffff,9,10,7,0.4091,0.587,0.7899
891f2a6547bffff,9,10,7,0.4083,0.5867,0.7877
891f2a65483ffff,9,10,7,0.4369,0.6159,0.8163
891f2a65487ffff,9,10,7,0.44,0.622,0.8203
891f2a6548bffff,9,10,7,0.4751,0.655,0.8521
891f2a6548fffff,9,10,7,0.4064,0.5857,0.7977
891f2a65493ffff,9,10,7,0.2937,0.4829,0.6757
891f2a65497ffff,9,10,7,0.4217,0.6017,0.805
891f2a6549bffff,9,10,7,0.4117,0.5843,0.7901
891f2a654a3ffff,9,10,7,0.406,0.5803,0.7823
891f2a654a7ffff,9,10,7,0.4343,0.6129,0.7959
891f2a654abffff,9,10,7,0.4383,0.618,0.8167
891f2a654afffff,9,10,7,0.4473,0.6229,0.8209
891f2a654b3ffff,9,10,7,0.3691,0.5546,0.7654
891f2a654b7ffff,9,10,7,0.3727,0.5423,0.7327
891f2a654bbffff,9,10,7,0.3359,0.5181,0.7141
891f2a654c3ffff,9,10,7,0.3457,0.5254,0.7204
891f2a654c7ffff,9,10,7,0.3789,0.5594,0.7651
891f2a654cbffff,9,10,7,0.3539,0.5473,0.7427
891f2a654cfffff,9,10,7,0.3784,0.5523,0.7507
891f2a654d3ffff,9,10,7,0.4149,0.6041,0.8084
891f2a654d7ffff,9,10,7,0.3979,0.5716,0.7817
891f2a654dbffff,9,10,7,0.4156,0.5956,0.7894
891f2a65503ffff,9,10,7,0.3039,0.4823,0.6747
891f2a65507ffff,9,10,7,0.3111,0.5013,0.6913
891f2a6550bffff,9,10,7,0.2569,0.4461,0.6496
891f2a6550fffff,9,10,7,0.2311,0.4134,0.6133
891f2a65513ffff,9,10,7,0.3166,0.4926,0.6893
891f2a65517ffff,9,10,7,0.2631,0.4366,0.6381
891f2a6551bffff,9,10,7,0.3159,0.498,0.7037
891f2a65523ffff,9,10,7,0.2333,0.4104,0.6096
891f2a65527ffff,9,10,7,0.1891,0.3487,0.55
891f2a6552bffff,9,10,7,0.2721,0.4517,0.6584
891f2a6552fffff,9,10,7,0.2287,0.4043,0.6111
891f2a65533ffff,9,10,7,0.2289,0.412,0.6201
891f2a65537ffff,9,10,7,0.1994,0.3874,0.6006
891f2a6553bffff,9,10,7,0.2671,0.4441,0.649
891f2a65543ffff,9,10,7,0.3899,0.5636,0.7761
891f2a65547ffff,9,10,7,0.3244,0.4981,0.6886
891f2a6554bffff,9,10,7,0.4421,0.6253,0.8229
891f2a6554fffff,9,10,7,0.392,0.572,0.7639
891f2a65553ffff,9,10,7,0.3486,0.5211,0.7303
891f2a65557ffff,9,10,7,0.2661,0.4589,0.6531
891f2a6555bffff,9,10,7,0.3406,0.5157,0.7013
891f2a65563ffff,9,10,7,0.2719,0.4513,0.6483
891f2a65567ffff,9,10,7,0.3027,0.4813,0.6781
891f2a6556bffff,9,10,7,0.386,0.5644,0.7601
891f2a6556fffff,9,10,7,0.3127,0.5009,0.6931
891f2a65573ffff,9,10,7,0.2174,0.3997,0.6113
891f2a65577ffff,9,10,7,0.2473,0.4401,0.6313
891f2a6557bffff,9,10,7,0.4019,0.5791,0.7856
891f2a65583ffff,9,10,7,0.318,0.4897,0.6799
891f2a65587ffff,9,10,7,0.289,0.4787,0.6886
891f2a6558bffff,9,10,7,0.3093,0.485,0.6806
891f2a6558fffff,9,10,7,0.2774,0.4516,0.6551
891f2a65593ffff,9,10,7,0.2741,0.4594,0.654
891f2a65597ffff,9,10,7,0.3286,0.5097,0.7133
891f2a6559bffff,9,10,7,0.3351,0.5171,0.7197
891f2a655a3ffff,9,10,7,0.247,0.423,0.627
891f2a655a7ffff,9,10,7,0.1859,0.3743,0.565
891f2a655abffff,9,10,7,0.3143,0.4997,0.6999
891f2a655afffff,9,10,7,0.2306,0.4149,0.6246
891f2a655b3ffff,9,10,7,0.2559,0.4351,0.6334
891f2a655b7ffff,9,10,7,0.2866,0.4633,0.6633
891f2a655bbffff,9,10,7,0.2836,0.4501,0.6564
891f2a655c3ffff,9,10,7,0.3251,0.5023,0.6999
891f2a655c7ffff,9,10,7,0.335,0.51,0.7124
891f2a655cbffff,9,10,7,0.2297,0.4204,0.6179
891f2a655cfffff,9,10,7,0.2504,0.4347,0.625
891f2a655d3ffff,9,10,7,0.2919,0.4731,0.6709
891f2a655d7ffff,9,10,7,0.2897,0.4804,0.6851
891f2a655dbffff,9,10,7,0.3446,0.525,0.7041
891f2a65603ffff,9,10,7,0.2167,0.396,0.5873
891f2a65607ffff,9,10,7,0.1441,0.3243,0.53
891f2a6560bffff,9,10,7,0.2833,0.471,0.6666
891f2a6560fffff,9,10,7,0.1497,0.3437,0.5467
891f2a65613ffff,9,10,7,0.4421,0.6136,0.8111
891f2a65617ffff,9,10,7,0.3653,0.5423,0.7481
891f2a6561bffff,9,10,7,0.2603,0.4401,0.6426
891f2a65623ffff,9,10,7,0.1654,0.3373,0.5246
891f2a65627ffff,9,10,7,0.266,0.4537,0.66
891f2a6562bffff,9,10,7,0.1001,0.2719,0.483
891f2a6562fffff,9,10,7,0.2403,0.42,0.6299
891f2a65633ffff,9,10,7,0.2174,0.3871,0.582
891f2a65637ffff,9,10,7,0.352,0.5324,0.7407
891f2a6563bffff,9,10,7,0.1013,0.2861,0.482
891f2a65643ffff,9,10,7,0.4243,0.5934,0.7987
891f2a65647ffff,9,10,7,0.3337,0.5117,0.7251
891f2a6564bffff,9,10,7,0.4193,0.5936,0.7951
891f2a6564fffff,9,10,7,0.3413,0.5104,0.7014
891f2a65653ffff,9,10,7,0.5121,0.6973,0.9007
891f2a65657ffff,9,10,7,0.3457,0.5294,0.7289
891f2a6565bffff,9,10,7,0.4189,0.6117,0.8167
891f2a65663ffff,9,10,7,0.143,0.3356,0.5343
891f2a65667ffff,9,10,7,0.147,0.316,0.5067
891f2a6566bffff,9,10,7,0.2647,0.4434,0.6424
891f2a6566fffff,9,10,7,0.13,0.2843,0.4817
891f2a65673ffff,9,10,7,0.1363,0.3261,0.5286
891f2a65677ffff,9,10,7,0.1059,0.2881,0.4804
891f2a6567bffff,9,10,7,0.1931,0.365,0.5616
891f2a65683ffff,9,10,7,0.437,0.6167,0.81
891f2a65687ffff,9,10,7,0.3783,0.5619,0.7667
891f2a6568bffff,9,10,7,0.4463,0.6261,0.8274
891f2a6568fffff,9,10,7,0.4853,0.669,0.8691
891f2a65693ffff,9,10,7,0.5336,0.7101,0.9126
891f2a65697ffff,9,10,7,0.4487,0.6336,0.836
891f2a6569bffff,9,10,7,0.533,0.7146,0.8797
891f2a656a3ffff,9,10,7,0.4169,0.5921,0.7924
891f2a656a7ffff,9,10,7,0.4209,0.6096,0.8184
891f2a656abffff,9,10,7,0.3374,0.5177,0.715
891f2a656afffff,9,10,7,0.4126,0.5863,0.7813
891f2a656b3ffff,9,10,7,0.3481,0.5337,0.7297
891f2a656b7ffff,9,10,7,0.4363,0.6186,0.8306
891f2a656bbffff,9,10,7,0.2966,0.4707,0.663
891f2a656c3ffff,9,10,7,0.435,0.6221,0.8296
891f2a656c7ffff,9,10,7,0.3581,0.5531,0.7556
891f2a656cbffff,9,10,7,0.3726,0.5517,0.7581
891f2a656cfffff,9,10,7,0.4196,0.6043,0.8009
891f2a656d3ffff,9,10,7,0.3937,0.5729,0.7566
891f2a656d7ffff,9,10,7,0.4884,0.6679,0.8693
891f2a656dbffff,9,10,7,0.3687,0.5549,0.7501
891f2a65803ffff,9,10,7,0.2923,0.4724,0.6779
891f2a65807ffff,9,10,7,0.3156,0.5059,0.7114
891f2a6580bffff,9,10,7,0.2979,0.49,0.6897
891f2a6580fffff,9,10,7,0.347,0.5331,0.7374
891f2a65813ffff,9,10,7,0.3439,0.5219,0.7253
891f2a65817ffff,9,10,7,0.3726,0.5564,0.7489
891f2a6581bffff,9,10,7,0.3641,0.549,0.7504
891f2a65823ffff,9,10,7,0.3771,0.5619,0.7743
891f2a65827ffff,9,10,7,0.4083,0.5907,0.7824
891f2a6582bffff,9,10,7,0.4141,0.5951,0.7981
891f2a6582fffff,9,10,7,0.361,0.5346,0.7233
891f2a65833ffff,9,10,7,0.398,0.5753,0.7799
891f2a65837ffff,9,10,7,0.4189,0.5917,0.7886
891f2a6583bffff,9,10,7,0.3469,0.5299,0.743
891f2a65843ffff,9,10,7,0.3107,0.4889,0.6841
891f2a65847ffff,9,10,7,0.4266,0.6013,0.8026
891f2a6584bffff,9,10,7,0.3193,0.494,0.7057
891f2a6584fffff,9,10,7,0.3121,0.4901,0.6916
891f2a65853ffff,9,10,7,0.3477,0.5251,0.722
891f2a65857ffff,9,10,7,0.3267,0.5233,0.7104
891f2a6585bffff,9,10,7,0.2781,0.4604,0.6536
891f2a65863ffff,9,10,7,0.4317,0.6084,0.812
891f2a65867ffff,9,10,7,0.4761,0.6569,0.8594
891f2a6586bffff,9,10,7,0.4286,0.6087,0.8084
891f2a6586fffff,9,10,7,0.4616,0.6427,0.8326
891f2a65873ffff,9,10,7,0.3771,0.5539,0.7534
891f2a65877ffff,9,10,7,0.3326,0.514,0.7117
891f2a6587bffff,9,10,7,0.3849,0.5747,0.779
891f2a65883ffff,9,10,7,0.3206,0.5074,0.7097
891f2a65887ffff,9,10,7,0.3887,0.576,0.7617
891f2a6588bffff,9,10,7,0.4263,0.6069,0.814
891f2a6588fffff,9,10,7,0.3514,0.5317,0.7324
891f2a65893ffff,9,10,7,0.3363,0.5293,0.7323
891f2a65897ffff,9,10,7,0.3589,0.546,0.7513
891f2a6589bffff,9,10,7,0.2671,0.444,0.6453
891f2a658a3ffff,9,10,7,0.2913,0.4624,0.67
891f2a658a7ffff,9,10,7,0.3503,0.5257,0.7333
891f2a658abffff,9,10,7,0.3557,0.5383,0.7336
891f2a658afffff,9,10,7,0.3711,0.5493,0.7507
891f2a658b3ffff,9,10,7,0.4184,0.5971,0.7981
891f2a658b7ffff,9,10,7,0.2897,0.4717,0.6686
891f2a658bbffff,9,10,7,0.3246,0.5147,0.7029
891f2a658c3ffff,9,10,7,0.3179,0.4863,0.6894
891f2a658c7ffff,9,10,7,0.2864,0.4611,0.6731
891f2a658cbffff,9,10,7,0.2559,0.4331,0.6374
891f2a658cfffff,9,10,7,0.3347,0.524,0.7253
891f2a658d3ffff,9,10,7,0.2856,0.4643,0.6574
891f2a658d7ffff,9,10,7,0.3691,0.5396,0.7384
891f2a658dbffff,9,10,7,0.3393,0.5056,0.7016
891f2a65903ffff,9,10,7,0.3584,0.5379,0.7277
891f2a65907ffff,9,10,7,0.2546,0.4407,0.6363
891f2a6590bffff,9,10,7,0.3399,0.5223,0.7191
891f2a6590fffff,9,10,7,0.2821,0.4623,0.6751
891f2a65913ffff,9,10,7,0.3444,0.5277,0.7277
891f2a65917ffff,9,10,7,0.3887,0.5696,0.7703
891f2a6591bffff,9,10,7,0.3721,0.5503,0.7531
891f2a65923ffff,9,10,7,0.3356,0.5107,0.7156
891f2a65927ffff,9,10,7,0.3663,0.5509,0.7513
891f2a6592bffff,9,10,7,0.305,0.4851,0.6773
891f2a6592fffff,9,10,7,0.342,0.5123,0.7067
891f2a65933ffff,9,10,7,0.3161,0.4957,0.6934
891f2a65937ffff,9,10,7,0.4101,0.5881,0.7936
891f2a6593bffff,9,10,7,0.2641,0.4454,0.6556
891f2a65943ffff,9,10,7,0.367,0.5501,0.7499
891f2a65947ffff,9,10,7,0.3197,0.4911,0.6983
891f2a6594bffff,9,10,7,0.5131,0.6854,0.8834
891f2a6594fffff,9,10,7,0.4471,0.6344,0.8321
891f2a65953ffff,9,10,7,0.3086,0.4947,0.6993
891f2a65957ffff,9,10,7,0.396,0.5829,0.7823
891f2a6595bffff,9,10,7,0.2759,0.4639,0.6531
891f2a65963ffff,9,10,7,0.3683,0.5451,0.7459
891f2a65967ffff,9,10,7,0.4114,0.5857,0.789
891f2a6596bffff,9,10,7,0.3664,0.5529,0.7544
891f2a6596fffff,9,10,7,0.2884,0.4703,0.6623
891f2a65973ffff,9,10,7,0.3109,0.4889,0.683
891f2a65977ffff,9,10,7,0.2699,0.4523,0.6591
891f2a6597bffff,9,10,7,0.3027,0.4863,0.6874
891f2a65983ffff,9,10,7,0.2486,0.4223,0.6306
891f2a65987ffff,9,10,7,0.2853,0.4761,0.6779
891f2a6598bffff,9,10,7,0.3163,0.4844,0.6851
891f2a6598fffff,9,10,7,0.2274,0.4124,0.6136
891f2a65993ffff,9,10,7,0.357,0.5466,0.7434
891f2a65997ffff,9,10,7,0.366,0.5494,0.7551
891f2a6599bffff,9,10,7,0.364,0.5444,0.745
891f2a659a3ffff,9,10,7,0.3171,0.4954,0.7009
891f2a659a7ffff,9,10,7,0.3934,0.5723,0.7606
891f2a659abffff,9,10,7,0.3289,0.5073,0.704
891f2a659afffff,9,10,7,0.4146,0.5869,0.7794
891f2a659b3ffff,9,10,7,0.3183,0.4923,0.684
891f2a659b7ffff,9,10,7,0.363,0.5579,0.7599
891f2a659bbffff,9,10,7,0.24,0.4179,0.606
891f2a659c3ffff,9,10,7,0.4709,0.6421,0.8241
891f2a659c7ffff,9,10,7,0.3384,0.5144,0.7114
891f2a659cbffff,9,10,7,0.3119,0.4947,0.693
891f2a659cfffff,9,10,7,0.3666,0.5516,0.7433
891f2a659d3ffff,9,10,7,0.3826,0.5709,0.7603
891f2a659d7ffff,9,10,7,0.35,0.5354,0.738
891f2a659dbffff,9,10,7,0.461,0.6429,0.8431
891f2a65a03ffff,9,10,7,0.4064,0.5856,0.7769
891f2a65a07ffff,9,10,7,0.4283,0.6114,0.8111
891f2a65a0bffff,9,10,7,0.429,0.608,0.8063
891f2a65a0fffff,9,10,7,0.4543,0.6347,0.8279
891f2a65a13ffff,9,10,7,0.3864,0.5701,0.7617
891f2a65a17ffff,9,10,7,0.4477,0.6194,0.8244
891f2a65a1bffff,9,10,7,0.4084,0.5857,0.7677
891f2a65a23ffff,9,10,7,0.4683,0.6384,0.8389
891f2a65a27ffff,9,10,7,0.4406,0.6274,0.8294
891f2a65a2bffff,9,10,7,0.4606,0.6434,0.837
891f2a65a2fffff,9,10,7,0.5066,0.6824,0.8749
891f2a65a33ffff,9,10,7,0.4326,0.6213,0.8229
891f2a65a37ffff,9,10,7,0.4783,0.6587,0.8599
891f2a65a3bffff,9,10,7,0.449,0.6311,0.8384
891f2a65a43ffff,9,10,7,0.432,0.6186,0.8189
891f2a65a47ffff,9,10,7,0.351,0.5377,0.7423
891f2a65a4bffff,9,10,7,0.424,0.6046,0.8083
891f2a65a4fffff,9,10,7,0.4309,0.624,0.819
891f2a65a53ffff,9,10,7,0.4594,0.6504,0.8497
891f2a65a57ffff,9,10,7,0.4364,0.6226,0.8299
891f2a65a5bffff,9,10,7,0.3676,0.5639,0.7641
891f2a65a63ffff,9,10,7,0.4369,0.6139,0.8121
891f2a65a67ffff,9,10,7,0.4046,0.5799,0.7887
891f2a65a6bffff,9,10,7,0.4579,0.6351,0.8353
891f2a65a6fffff,9,10,7,0.441,0.6059,0.8104
891f2a65a73ffff,9,10,7,0.471,0.6384,0.8351
891f2a65a77ffff,9,10,7,0.4221,0.6151,0.8141
891f2a65a7bffff,9,10,7,0.5657,0.7476,0.928
891f2a65a83ffff,9,10,7,0.3366,0.516,0.7186
891f2a65a87ffff,9,10,7,0.3501,0.5313,0.7234
891f2a65a8bffff,9,10,7,0.4176,0.5919,0.7956
891f2a65a8fffff,9,10,7,0.3949,0.5711,0.7786
891f2a65a93ffff,9,10,7,0.3893,0.574,0.7739
891f2a65a97ffff,9,10,7,0.311,0.4931,0.679
891f2a65a9bffff,9,10,7,0.4183,0.5939,0.7926
891f2a65aa3ffff,9,10,7,0.365,0.5469,0.7433
891f2a65aa7ffff,9,10,7,0.4591,0.6366,0.8317
891f2a65aabffff,9,10,7,0.4079,0.5789,0.775
891f2a65aafffff,9,10,7,0.4527,0.6324,0.8261
891f2a65ab3ffff,9,10,7,0.2827,0.4577,0.6531
891f2a65ab7ffff,9,10,7,0.408,0.5814,0.7989
891f2a65abbffff,9,10,7,0.4189,0.5974,0.8017
891f2a65ac3ffff,9,10,7,0.36,0.5491,0.7514
891f2a65ac7ffff,9,10,7,0.3297,0.513,0.712
891f2a65acbffff,9,10,7,0.4559,0.64,0.8374
891f2a65acfffff,9,10,7,0.3944,0.5829,0.7791
891f2a65ad3ffff,9,10,7,0.3623,0.538,0.7443
891f2a65ad7ffff,9,10,7,0.4007,0.5744,0.7661
891f2a65adbffff,9,10,7,0.3477,0.54,0.7313
891f2a65b03ffff,9,10,7,0.4247,0.6041,0.8003
891f2a65b07ffff,9,10,7,0.2924,0.4874,0.6923
891f2a65b0bffff,9,10,7,0.3734,0.5626,0.7616
891f2a65b0fffff,9,10,7,0.3849,0.5597,0.757
891f2a65b13ffff,9,10,7,0.4109,0.5921,0.7786
891f2a65b17ffff,9,10,7,0.3144,0.5051,0.7116
891f2a65b1bffff,9,10,7,0.3987,0.5729,0.7624
891f2a65b23ffff,9,10,7,0.3079,0.485,0.6906
891f2a65b27ffff,9,10,7,0.409,0.5833,0.7779
891f2a65b2bffff,9,10,7,0.382,0.5599,0.759
891f2a65b2fffff,9,10,7,0.2313,0.4134,0.6143
891f2a65b33ffff,9,10,7,0.3646,0.536,0.7333
891f2a65b37ffff,9,10,7,0.2994,0.478,0.6799
891f2a65b3bffff,9,10,7,0.4673,0.641,0.8467
891f2a65b43ffff,9,10,7,0.4149,0.5973,0.7829
891f2a65b47ffff,9,10,7,0.3716,0.5456,0.754
891f2a65b4bffff,9,10,7,0.4,0.5891,0.7867
891f2a65b4fffff,9,10,7,0.4014,0.5854,0.7904
891f2a65b53ffff,9,10,7,0.425,0.6073,0.8076
891f2a65b57ffff,9,10,7,0.3561,0.542,0.7479
891f2a65b5bffff,9,10,7,0.4657,0.6476,0.8387
891f2a65b63ffff,9,10,7,0.3281,0.5126,0.699
891f2a65b67ffff,9,10,7,0.3717,0.554,0.7497
891f2a65b6bffff,9,10,7,0.4181,0.6067,0.812
891f2a65b6fffff,9,10,7,0.3586,0.531,0.7396
891f2a65b73ffff,9,10,7,0.2691,0.4581,0.654
891f2a65b77ffff,9,10,7,0.2656,0.4496,0.643
891f2a65b7bffff,9,10,7,0.3127,0.5027,0.7094
891f2a65b83ffff,9,10,7,0.4393,0.624,0.8214
891f2a65b87ffff,9,10,7,0.462,0.651,0.8263
891f2a65b8bffff,9,10,7,0.4737,0.641,0.851
891f2a65b8fffff,9,10,7,0.4404,0.6134,0.819
891f2a65b93ffff,9,10,7,0.4613,0.6386,0.8256
891f2a65b97ffff,9,10,7,0.4493,0.634,0.8331
891f2a65b9bffff,9,10,7,0.506,0.6749,0.8596
891f2a65ba3ffff,9,10,7,0.4619,0.6429,0.8406
891f2a65ba7ffff,9,10,7,0.3956,0.5707,0.7777
891f2a65babffff,9,10,7,0.3357,0.5054,0.7019
891f2a65bafffff,9,10,7,0.3699,0.555,0.7416
891f2a65bb3ffff,9,10,7,0.4089,0.5899,0.7869
891f2a65bb7ffff,9,10,7,0.3687,0.55,0.7563
891f2a65bbbffff,9,10,7,0.3524,0.527,0.7219
891f2a65bc3ffff,9,10,7,0.422,0.5961,0.7886
891f2a65bc7ffff,9,10,7,0.4073,0.5901,0.8
891f2a65bcbffff,9,10,7,0.4399,0.6117,0.8099
891f2a65bcfffff,9,10,7,0.405,0.5823,0.7789
891f2a65bd3ffff,9,10,7,0.3934,0.565,0.7616
891f2a65bd7ffff,9,10,7,0.4899,0.6663,0.8494
891f2a65bdbffff,9,10,7,0.3756,0.5669,0.7634
891f2a65c03ffff,9,10,7,0.3621,0.5317,0.7411
891f2a65c07ffff,9,10,7,0.1423,0.3231,0.5176
891f2a65c0bffff,9,10,7,0.3217,0.4949,0.7063
891f2a65c0fffff,9,10,7,0.3079,0.4924,0.6971
891f2a65c13ffff,9,10,7,0.2633,0.4381,0.6293
891f2a65c17ffff,9,10,7,0.281,0.4697,0.6683
891f2a65c1bffff,9,10,7,0.3059,0.4884,0.6931
891f2a65c23ffff,9,10,7,0.2771,0.4589,0.6527
891f2a65c27ffff,9,10,7,0.2819,0.4554,0.6669
891f2a65c2bffff,9,10,7,0.2467,0.4377,0.6361
891f2a65c2fffff,9,10,7,0.2339,0.4247,0.6297
891f2a65c33ffff,9,10,7,0.2164,0.3973,0.5951
891f2a65c37ffff,9,10,7,0.21,0.4024,0.5943
891f2a65c3bffff,9,10,7,0.2276,0.4124,0.6131
891f2a65c43ffff,9,10,7,0.3773,0.5623,0.7541
891f2a65c47ffff,9,10,7,0.3771,0.547,0.7457
891f2a65c4bffff,9,10,7,0.4439,0.615,0.8144
891f2a65c4fffff,9,10,7,0.3549,0.5341,0.7226
891f2a65c53ffff,9,10,7,0.3189,0.5014,0.6921
891f2a65c57ffff,9,10,7,0.374,0.5476,0.742
891f2a65c5bffff,9,10,7,0.3123,0.4831,0.6854
891f2a65c63ffff,9,10,7,0.3451,0.5244,0.7161
891f2a65c67ffff,9,10,7,0.334,0.5236,0.7134
891f2a65c6bffff,9,10,7,0.2599,0.4467,0.6591
891f2a65c6fffff,9,10,7,0.2131,0.3954,0.6113
891f2a65c73ffff,9,10,7,0.379,0.5581,0.7463
891f2a65c77ffff,9,10,7,0.3134,0.4936,0.6891
891f2a65c7bffff,9,10,7,0.3247,0.5036,0.7106
891f2a65c83ffff,9,10,7,0.2276,0.4047,0.6134
891f2a65c87ffff,9,10,7,0.2591,0.4474,0.6504
891f2a65c8bffff,9,10,7,0.2104,0.4034,0.5961
891f2a65c8fffff,9,10,7,0.1579,0.3313,0.528
891f2a65c93ffff,9,10,7,0.253,0.425,0.6194
891f2a65c97ffff,9,10,7,0.2003,0.3846,0.5901
891f2a65c9bffff,9,10,7,0.2193,0.3994,0.6026
891f2a65ca3ffff,9,10,7,0.1816,0.347,0.5343
891f2a65ca7ffff,9,10,7,0.2357,0.4139,0.6144
891f2a65cabffff,9,10,7,0.1996,0.3803,0.5679
891f2a65cafffff,9,10,7,0.2591,0.4301,0.6241
891f2a65cb3ffff,9,10,7,0.2336,0.417,0.611
891f2a65cb7ffff,9,10,7,0.228,0.4027,0.6103
891f2a65cbbffff,9,10,7,0.246,0.4261,0.629
891f2a65cc3ffff,9,10,7,0.2363,0.4216,0.6207
891f2a65cc7ffff,9,10,7,0.1983,0.3871,0.5891
891f2a65ccbffff,9,10,7,0.286,0.462,0.6737
891f2a65ccfffff,9,10,7,0.2439,0.4229,0.6261
891f2a65cd3ffff,9,10,7,0.2684,0.4473,0.6691
891f2a65cd7ffff,9,10,7,0.2486,0.4411,0.6206
891f2a65cdbffff,9,10,7,0.2617,0.4366,0.6343
891f2a65d03ffff,9,10,7,0.2513,0.4354,0.6306
891f2a65d07ffff,9,10,7,0.2136,0.3904,0.5793
891f2a65d0bffff,9,10,7,0.2421,0.4179,0.6297
891f2a65d0fffff,9,10,7,0.3061,0.4861,0.6779
891f2a65d13ffff,9,10,7,0.3039,0.4807,0.6887
891f2a65d17ffff,9,10,7,0.3026,0.479,0.6794
891f2a65d1bffff,9,10,7,0.285,0.4697,0.6701
891f2a65d23ffff,9,10,7,0.4291,0.6017,0.8087
891f2a65d27ffff,9,10,7,0.2521,0.4294,0.6347
891f2a65d2bffff,9,10,7,0.3161,0.4907,0.698
891f2a65d2fffff,9,10,7,0.3114,0.4871,0.6883
891f2a65d33ffff,9,10,7,0.2919,0.4739,0.6744
891f2a65d37ffff,9,10,7,0.2314,0.413,0.6143
891f2a65d3bffff,9,10,7,0.3177,0.492,0.7
891f2a65d43ffff,9,10,7,0.2651,0.4454,0.6457
891f2a65d47ffff,9,10,7,0.2854,0.4674,0.6716
891f2a65d4bffff,9,10,7,0.3204,0.5047,0.7101
891f2a65d4fffff,9,10,7,0.2586,0.4436,0.6459
891f2a65d53ffff,9,10,7,0.2964,0.4776,0.6891
891f2a65d57ffff,9,10,7,0.2676,0.4426,0.6421
891f2a65d5bffff,9,10,7,0.2713,0.4509,0.6423
891f2a65d63ffff,9,10,7,0.3597,0.5426,0.7351
891f2a65d67ffff,9,10,7,0.295,0.4726,0.6661
891f2a65d6bffff,9,10,7,0.2887,0.4593,0.6563
891f2a65d6fffff,9,10,7,0.3837,0.5654,0.7629
891f2a65d73ffff,9,10,7,0.2424,0.4289,0.6244
891f2a65d77ffff,9,10,7,0.3683,0.5353,0.7369
891f2a65d7bffff,9,10,7,0.2857,0.459,0.6516
891f2a65d83ffff,9,10,7,0.2687,0.4524,0.6491
891f2a65d87ffff,9,10,7,0.298,0.4816,0.6894
891f2a65d8bffff,9,10,7,0.1987,0.3759,0.5859
891f2a65d8fffff,9,10,7,0.2023,0.3719,0.5743
891f2a65d93ffff,9,10,7,0.2653,0.4466,0.6483
891f2a65d97ffff,9,10,7,0.2243,0.3951,0.5891
891f2a65d9bffff,9,10,7,0.2504,0.4369,0.638
891f2a65da3ffff,9,10,7,0.2234,0.4044,0.6101
891f2a65da7ffff,9,10,7,0.2639,0.4343,0.6361
891f2a65dabffff,9,10,7,0.2416,0.417,0.627
891f2a65dafffff,9,10,7,0.2394,0.41,0.6017
891f2a65db3ffff,9,10,7,0.1601,0.3401,0.5474
891f2a65db7ffff,9,10,7,0.2324,0.4066,0.5967
891f2a65dbbffff,9,10,7,0.1894,0.3653,0.5654
891f2a65dc3ffff,9,10,7,0.2527,0.426,0.609
891f2a65dc7ffff,9,10,7,0.2649,0.4367,0.638
891f2a65dcbffff,9,10,7,0.27,0.4574,0.6639
891f2a65dcfffff,9,10,7,0.2501,0.4223,0.624
891f2a65dd3ffff,9,10,7,0.2234,0.4021,0.599
891f2a65dd7ffff,9,10,7,0.2189,0.3963,0.598
891f2a65ddbffff,9,10,7,0.2051,0.3891,0.5781
891f2a65e03ffff,9,10,7,0.34,0.515,0.71
891f2a65e07ffff,9,10,7,0.3017,0.4754,0.6666
891f2a65e0bffff,9,10,7,0.3504,0.5191,0.7126
891f2a65e0fffff,9,10,7,0.374,0.5634,0.7541
891f2a65e13ffff,9,10,7,0.2933,0.4614,0.6507
891f2a65e17ffff,9,10,7,0.3051,0.491,0.7037
891f2a65e1bffff,9,10,7,0.416,0.6007,0.8009
891f2a65e23ffff,9,10,7,0.3427,0.5151,0.7161
891f2a65e27ffff,9,10,7,0.3323,0.5129,0.7103
891f2a65e2bffff,9,10,7,0.3364,0.5107,0.7176
891f2a65e2fffff,9,10,7,0.3939,0.5659,0.7717
891f2a65e33ffff,9,10,7,0.3807,0.5629,0.7611
891f2a65e37ffff,9,10,7,0.25,0.427,0.6193
891f2a65e3bffff,9,10,7,0.3484,0.5224,0.7094
891f2a65e43ffff,9,10,7,0.3371,0.5184,0.7121
891f2a65e47ffff,9,10,7,0.2971,0.467,0.672
891f2a65e4bffff,9,10,7,0.3543,0.531,0.7283
891f2a65e4fffff,9,10,7,0.3267,0.5039,0.7064
891f2a65e53ffff,9,10,7,0.4743,0.6524,0.8514
891f2a65e57ffff,9,10,7,0.4246,0.5926,0.7976
891f2a65e5bffff,9,10,7,0.366,0.5531,0.7479
891f2a65e63ffff,9,10,7,0.4297,0.6131,0.8093
891f2a65e67ffff,9,10,7,0.4019,0.5761,0.7814
891f2a65e6bffff,9,10,7,0.3597,0.541,0.7384
891f2a65e6fffff,9,10,7,0.3983,0.5814,0.7787
891f2a65e73ffff,9,10,7,0.311,0.4894,0.6993
891f2a65e77ffff,9,10,7,0.3491,0.5274,0.728
891f2a65e7bffff,9,10,7,0.3947,0.5709,0.7701
891f2a65e83ffff,9,10,7,0.4256,0.6119,0.7967
891f2a65e87ffff,9,10,7,0.4317,0.6151,0.8133
891f2a65e8bffff,9,10,7,0.3471,0.5343,0.7276
891f2a65e8fffff,9,10,7,0.3001,0.486,0.6931
891f2a65e93ffff,9,10,7,0.3904,0.5723,0.7656
891f2a65e97ffff,9,10,7,0.3576,0.5301,0.7407
891f2a65e9bffff,9,10,7,0.3227,0.5047,0.701
891f2a65ea3ffff,9,10,7,0.4351,0.609,0.8071
891f2a65ea7ffff,9,10,7,0.2656,0.446,0.644
891f2a65eabffff,9,10,7,0.3383,0.5227,0.7177
891f2a65eafffff,9,10,7,0.3187,0.5086,0.6997
891f2a65eb3ffff,9,10,7,0.4393,0.6209,0.819
891f2a65eb7ffff,9,10,7,0.3371,0.5123,0.7079
891f2a65ebbffff,9,10,7,0.4156,0.596,0.8091
891f2a65ec3ffff,9,10,7,0.4373,0.6189,0.8293
891f2a65ec7ffff,9,10,7,0.4121,0.6011,0.7934
891f2a65ecbffff,9,10,7,0.4746,0.6499,0.8456
891f2a65ecfffff,9,10,7,0.4093,0.5896,0.7863
891f2a65ed3ffff,9,10,7,0.3759,0.541,0.7456
891f2a65ed7ffff,9,10,7,0.3184,0.5049,0.7039
891f2a65edbffff,9,10,7,0.4321,0.608,0.8026
891f2a66003ffff,9,10,7,0.5083,0.678,0.8654
891f2a66007ffff,9,10,7,0.4151,0.5864,0.7889
891f2a6600bffff,9,10,7,0.4381,0.616,0.8211
891f2a6600fffff,9,10,7,0.4867,0.6724,0.8644
891f2a66013ffff,9,10,7,0.5279,0.7086,0.9069
891f2a66017ffff,9,10,7,0.4709,0.6516,0.8604
891f2a6601bffff,9,10,7,0.4297,0.6061,0.8077
891f2a66023ffff,9,10,7,0.5037,0.6794,0.8556
891f2a66027ffff,9,10,7,0.449,0.6251,0.814
891f2a6602bffff,9,10,7,0.4249,0.6134,0.8097
891f2a6602fffff,9,10,7,0.4651,0.6354,0.8384
891f2a66033ffff,9,10,7,0.4271,0.6074,0.8129
891f2a66037ffff,9,10,7,0.5297,0.7214,0.9119
891f2a6603bffff,9,10,7,0.4596,0.638,0.8311
891f2a66043ffff,9,10,7,0.4026,0.5823,0.779
891f2a66047ffff,9,10,7,0.4614,0.6453,0.8449
891f2a6604bffff,9,10,7,0.3671,0.5426,0.739
891f2a6604fffff,9,10,7,0.4833,0.6604,0.8473
891f2a66053ffff,9,10,7,0.3857,0.566,0.7646
891f2a66057ffff,9,10,7,0.4601,0.644,0.8329
891f2a6605bffff,9,10,7,0.4596,0.6373,0.83
891f2a66063ffff,9,10,7,0.5029,0.685,0.8677
891f2a66067ffff,9,10,7,0.4661,0.6416,0.835
891f2a6606bffff,9,10,7,0.4914,0.6677,0.868
891f2a6606fffff,9,10,7,0.4183,0.5881,0.7916
891f2a66073ffff,9,10,7,0.4804,0.6459,0.8489
891f2a66077ffff,9,10,7,0.4126,0.5903,0.7899
891f2a6607bffff,9,10,7,0.4677,0.6359,0.8243
891f2a66083ffff,9,10,7,0.4549,0.638,0.842
891f2a66087ffff,9,10,7,0.4369,0.6234,0.8053
891f2a6608bffff,9,10,7,0.4717,0.658,0.8496
891f2a6608fffff,9,10,7,0.47,0.66,0.8607
891f2a66093ffff,9,10,7,0.4004,0.5854,0.7834
891f2a66097ffff,9,10,7,0.5159,0.6946,0.8971
891f2a6609bffff,9,10,7,0.4969,0.6711,0.8713
891f2a660a3ffff,9,10,7,0.4993,0.6804,0.8797
891f2a660a7ffff,9,10,7,0.4954,0.675,0.8639
891f2a660abffff,9,10,7,0.4933,0.6669,0.8547
891f2a660afffff,9,10,7,0.4631,0.6423,0.8484
891f2a660b3ffff,9,10,7,0.4257,0.6201,0.8147
891f2a660b7ffff,9,10,7,0.4744,0.6643,0.8606
891f2a660bbffff,9,10,7,0.4996,0.6836,0.8896
891f2a660c3ffff,9,10,7,0.4011,0.5844,0.7796
891f2a660c7ffff,9,10,7,0.4984,0.6691,0.8601
891f2a660cbffff,9,10,7,0.5111,0.6899,0.888
891f2a660cfffff,9,10,7,0.4276,0.6071,0.8063
891f2a660d3ffff,9,10,7,0.37,0.5443,0.7434
891f2a660d7ffff,9,10,7,0.4879,0.6626,0.8601
891f2a660dbffff,9,10,7,0.3643,0.5477,0.7454
891f2a66103ffff,9,10,7,0.4973,0.6724,0.863
891f2a66107ffff,9,10,7,0.4439,0.6289,0.8223
891f2a6610bffff,9,10,7,0.4046,0.5803,0.7727
891f2a6610fffff,9,10,7,0.4421,0.6197,0.8091
891f2a66113ffff,9,10,7,0.4576,0.6507,0.8343
891f2a66117ffff,9,10,7,0.3746,0.5553,0.7591
891f2a6611bffff,9,10,7,0.4684,0.6536,0.8361
891f2a66123ffff,9,10,7,0.461,0.6563,0.8636
891f2a66127ffff,9,10,7,0.5191,0.7019,0.9019
891f2a6612bffff,9,10,7,0.4866,0.6823,0.8776
891f2a6612fffff,9,10,7,0.4583,0.6344,0.8269
891f2a66133ffff,9,10,7,0.4676,0.6484,0.8459
891f2a66137ffff,9,10,7,0.4327,0.6161,0.8093
891f2a6613bffff,9,10,7,0.4844,0.6556,0.8493
891f2a66143ffff,9,10,7,0.424,0.6036,0.8034
891f2a66147ffff,9,10,7,0.4193,0.6046,0.8051
891f2a6614bffff,9,10,7,0.364,0.543,0.7531
891f2a6614fffff,9,10,7,0.426,0.6034,0.8024
891f2a66153ffff,9,10,7,0.5047,0.6849,0.8654
891f2a66157ffff,9,10,7,0.3864,0.5623,0.7533
891f2a6615bffff,9,10,7,0.4813,0.6564,0.8536
891f2a66163ffff,9,10,7,0.4494,0.6201,0.8181
891f2a66167ffff,9,10,7,0.4534,0.6461,0.8414
891f2a6616bffff,9,10,7,0.3199,0.4987,0.7097
891f2a6616fffff,9,10,7,0.3501,0.5356,0.739
891f2a66173ffff,9,10,7,0.5474,0.7156,0.903
891f2a66177ffff,9,10,7,0.4773,0.6631,0.8424
891f2a6617bffff,9,10,7,0.3453,0.535,0.7371
891f2a66183ffff,9,10,7,0.4084,0.581,0.7787
891f2a66187ffff,9,10,7,0.3774,0.564,0.7727
891f2a6618bffff,9,10,7,0.4767,0.6673,0.8594
891f2a6618fffff,9,10,7,0.4733,0.649,0.8524
891f2a66193ffff,9,10,7,0.3289,0.5169,0.7179
891f2a66197ffff,9,10,6,0.2755,0.4612,0.661
891f2a6619bffff,9,10,7,0.4121,0.5926,0.7933
891f2a661a3ffff,9,10,7,0.4003,0.5803,0.7736
891f2a661a7ffff,9,10,2,0.3785,0.5375,0.7455
891f2a661abffff,9,10,7,0.4696,0.656,0.8451
891f2a661afffff,9,10,7,0.4181,0.6019,0.8006
891f2a661b3ffff,9,10,7,0.4161,0.5964,0.7951
891f2a661bbffff,9,10,7,0.4251,0.6014,0.8031
891f2a661c3ffff,9,10,7,0.4801,0.6601,0.8691
891f2a661c7ffff,9,10,7,0.5323,0.7166,0.9084
891f2a661cbffff,9,10,7,0.4403,0.614,0.8121
891f2a661cfffff,9,10,7,0.4896,0.6581,0.8327
891f2a661d3ffff,9,10,7,0.5163,0.7007,0.8876
891f2a661d7ffff,9,10,7,0.4217,0.6039,0.8117
891f2a661dbffff,9,10,7,0.5239,0.697,0.9023
891f2a66203ffff,9,10,7,0.5493,0.7326,0.915
891f2a66207ffff,9,10,7,0.4109,0.5957,0.7977
891f2a6620bffff,9,10,7,0.4641,0.6369,0.8406
891f2a6620fffff,9,10,7,0.4529,0.6337,0.8353
891f2a66213ffff,9,10,7,0.5047,0.6829,0.8766
891f2a66217ffff,9,10,7,0.4497,0.6359,0.8371
891f2a6621bffff,9,10,7,0.5564,0.7293,0.9219
891f2a66223ffff,9,10,7,0.4574,0.6389,0.833
891f2a66227ffff,9,10,7,0.4904,0.6754,0.8564
891f2a6622bffff,9,10,7,0.3801,0.5611,0.768
891f2a6622fffff,9,10,7,0.4411,0.6186,0.8003
891f2a66233ffff,9,10,7,0.4304,0.6114,0.8281
891f2a66237ffff,9,10,7,0.5093,0.6986,0.879
891f2a6623bffff,9,10,7,0.3856,0.5684,0.7684
891f2a66243ffff,9,10,7,0.517,0.6934,0.8801
891f2a66247ffff,9,10,7,0.3706,0.5499,0.7549
891f2a6624bffff,9,10,7,0.3699,0.5469,0.7531
891f2a6624fffff,9,10,7,0.4413,0.6251,0.821
891f2a66253ffff,9,10,7,0.4764,0.6564,0.8424
891f2a66257ffff,9,10,7,0.4833,0.6594,0.8557
891f2a6625bffff,9,10,7,0.4093,0.5914,0.7959
891f2a66263ffff,9,10,7,0.4153,0.5963,0.7986
891f2a66267ffff,9,10,7,0.4594,0.6187,0.8227
891f2a6626bffff,9,10,7,0.368,0.539,0.74
891f2a6626fffff,9,10,7,0.3733,0.5587,0.7669
891f2a66273ffff,9,10,7,0.402,0.5829,0.7854
891f2a66277ffff,9,10,7,0.4314,0.619,0.8161
891f2a6627bffff,9,10,7,0.4356,0.6303,0.8297
891f2a66283ffff,9,10,7,0.3649,0.5514,0.7516
891f2a66287ffff,9,10,7,0.4726,0.6443,0.834
891f2a6628bffff,9,10,7,0.4431,0.6289,0.8293
891f2a6628fffff,9,10,7,0.4634,0.6421,0.8394
891f2a66293ffff,9,10,7,0.5127,0.6906,0.8737
891f2a66297ffff,9,10,7,0.5367,0.7109,0.9036
891f2a6629bffff,9,10,7,0.4673,0.6484,0.8431
891f2a662a3ffff,9,10,7,0.4223,0.6086,0.8156
891f2a662a7ffff,9,10,7,0.5004,0.6861,0.8761
891f2a662abffff,9,10,7,0.4394,0.617,0.8281
891f2a662afffff,9,10,7,0.5109,0.6789,0.8811
891f2a662b3ffff,9,10,7,0.3883,0.5711,0.7694
891f2a662b7ffff,9,10,7,0.4443,0.6214,0.8117
891f2a662bbffff,9,10,7,0.5031,0.684,0.8751
891f2a662c3ffff,9,10,7,0.4374,0.6199,0.8261
891f2a662c7ffff,9,10,7,0.4109,0.5937,0.7804
891f2a662cbffff,9,10,7,0.434,0.621,0.824
891f2a662cfffff,9,10,7,0.4916,0.6693,0.8776
891f2a662d3ffff,9,10,7,0.4921,0.6803,0.863
891f2a662d7ffff,9,10,7,0.4123,0.5889,0.7941
891f2a662dbffff,9,10,7,0.4183,0.5953,0.7877
891f2a66303ffff,9,10,7,0.4449,0.6219,0.8229
891f2a66307ffff,9,10,7,0.452,0.6329,0.8303
891f2a6630bffff,9,10,7,0.2223,0.4103,0.6029
891f2a6630fffff,9,10,7,0.3971,0.5824,0.7826
891f2a66313ffff,9,10,7,0.4746,0.655,0.8524
891f2a66317ffff,9,10,7,0.4764,0.6509,0.8297
891f2a6631bffff,9,10,7,0.4071,0.5907,0.7896
891f2a66323ffff,9,10,7,0.4987,0.6743,0.8723
891f2a66327ffff,9,10,7,0.4966,0.6647,0.8441
891f2a6632bffff,9,10,7,0.5506,0.7257,0.9211
891f2a6632fffff,9,10,7,0.4967,0.676,0.8746
891f2a66333ffff,9,10,7,0.4984,0.6887,0.8791
891f2a66337ffff,9,10,7,0.4766,0.6569,0.8571
891f2a6633bffff,9,10,7,0.4804,0.6459,0.858
891f2a66343ffff,9,10,7,0.4084,0.5731,0.7796
891f2a66347ffff,9,10,7,0.1491,0.3301,0.5239
891f2a6634bffff,9,10,7,0.2989,0.4723,0.6711
891f2a6634fffff,9,10,7,0.1667,0.3533,0.5574
891f2a66353ffff,9,10,7,0.4849,0.6559,0.8536
891f2a66357ffff,9,10,7,0.3043,0.4817,0.6809
891f2a6635bffff,9,10,7,0.3961,0.5604,0.7507
891f2a66363ffff,9,10,7,0.2586,0.4397,0.6383
891f2a66367ffff,9,10,7,0.4006,0.5639,0.7753
891f2a6636bffff,9,10,7,0.3094,0.4781,0.6786
891f2a6636fffff,9,10,7,0.2919,0.4641,0.6667
891f2a66373ffff,9,10,7,0.2561,0.4441,0.6433
891f2a66377ffff,9,10,7,0.4654,0.6504,0.8527
891f2a6637bffff,9,10,7,0.1644,0.3463,0.5486
891f2a66383ffff,9,10,7,0.4114,0.6,0.8003
891f2a66387ffff,9,10,7,0.5234,0.7026,0.9044
891f2a6638bffff,9,10,7,0.4384,0.6189,0.8164
891f2a6638fffff,9,10,7,0.5263,0.7091,0.8901
891f2a66393ffff,9,10,7,0.4497,0.6289,0.8183
891f2a66397ffff,9,10,7,0.416,0.6014,0.7916
891f2a6639bffff,9,10,7,0.3737,0.5503,0.7567
891f2a663a3ffff,9,10,7,0.4896,0.6736,0.8669
891f2a663a7ffff,9,10,7,0.3361,0.513,0.7147
891f2a663abffff,9,10,7,0.4226,0.6144,0.816
891f2a663afffff,9,10,7,0.4564,0.6291,0.8313
891f2a663b3ffff,9,10,7,0.3506,0.5391,0.7384
891f2a663b7ffff,9,10,7,0.3904,0.5663,0.7786
891f2a663bbffff,9,10,7,0.4294,0.6103,0.809
891f2a663c3ffff,9,10,7,0.463,0.6413,0.836
891f2a663c7ffff,9,10,7,0.398,0.5834,0.7846
891f2a663cbffff,9,10,7,0.4467,0.6254,0.825
891f2a663cfffff,9,10,7,0.3864,0.5739,0.7779
891f2a663d3ffff,9,10,7,0.5074,0.6819,0.892
891f2a663d7ffff,9,10,7,0.4921,0.6616,0.8513
891f2a663dbffff,9,10,7,0.4694,0.6559,0.8524
891f2a66403ffff,9,10,7,0.4119,0.5849,0.8004
891f2a66407ffff,9,10,7,0.4657,0.6349,0.841
891f2a6640bffff,9,10,7,0.4264,0.6089,0.8053
891f2a6640fffff,9,10,7,0.4437,0.6217,0.8211
891f2a66413ffff,9,10,7,0.3009,0.4787,0.6874
891f2a66417ffff,9,10,7,0.3591,0.5374,0.7304
891f2a6641bffff,9,10,7,0.4184,0.6051,0.8096
891f2a66423ffff,9,10,7,0.4907,0.6654,0.8511
891f2a66427ffff,9,10,7,0.4596,0.6451,0.8314
891f2a6642bffff,9,10,7,0.4471,0.6319,0.8329
891f2a6642fffff,9,10,7,0.5827,0.7506,0.9563
891f2a66433ffff,9,10,7,0.3936,0.5621,0.7627
891f2a66437ffff,9,10,7,0.41,0.5919,0.7937
891f2a6643bffff,9,10,7,0.475,0.648,0.847
891f2a66443ffff,9,10,7,0.4233,0.6046,0.8036
891f2a66447ffff,9,10,7,0.4477,0.6267,0.829
891f2a6644bffff,9,10,7,0.3979,0.5923,0.7866
891f2a6644fffff,9,10,7,0.489,0.6599,0.8479
891f2a66453ffff,9,10,7,0.4774,0.6583,0.8494
891f2a66457ffff,9,10,7,0.5283,0.7073,0.8946
891f2a6645bffff,9,10,7,0.4204,0.6054,0.8083
891f2a66463ffff,9,10,7,0.4424,0.6254,0.8287
891f2a66467ffff,9,10,7,0.4103,0.5961,0.7891
891f2a6646bffff,9,10,7,0.4151,0.5993,0.8051
891f2a6646fffff,9,10,7,0.4517,0.6266,0.8283
891f2a66473ffff,9,10,7,0.4963,0.6699,0.8767
891f2a66477ffff,9,10,7,0.5047,0.6936,0.9034
891f2a6647bffff,9,10,7,0.562,0.746,0.9309
891f2a66483ffff,9,10,7,0.489,0.665,0.8707
891f2a66487ffff,9,10,7,0.3466,0.5269,0.7366
891f2a6648bffff,9,10,7,0.4804,0.6591,0.858
891f2a6648fffff,9,10,7,0.2903,0.4749,0.6801
891f2a66493ffff,9,10,7,0.4834,0.6573,0.8407
891f2a66497ffff,9,10,7,0.3839,0.5624,0.758
891f2a6649bffff,9,10,7,0.4746,0.6423,0.8531
891f2a664a3ffff,9,10,7,0.5479,0.7157,0.8946
891f2a664a7ffff,9,10,7,0.4164,0.6023,0.7907
891f2a664abffff,9,10,7,0.4637,0.6534,0.842
891f2a664afffff,9,10,7,0.4714,0.6486,0.8434
891f2a664b3ffff,9,10,7,0.4736,0.6567,0.8527
891f2a664b7ffff,9,10,7,0.4424,0.6179,0.823
891f2a664bbffff,9,10,7,0.4136,0.5944,0.8054
891f2a664c3ffff,9,10,7,0.4377,0.6159,0.8169
891f2a664c7ffff,9,10,7,0.5467,0.7316,0.9169
891f2a664cbffff,9,10,7,0.5491,0.7266,0.9073
891f2a664cfffff,9,10,7,0.4304,0.6081,0.8046
891f2a664d3ffff,9,10,7,0.4904,0.6654,0.863
891f2a664d7ffff,9,10,7,0.5303,0.7121,0.9149
891f2a664dbffff,9,10,7,0.4653,0.6347,0.8344
891f2a66503ffff,9,10,7,0.19,0.3746,0.566
891f2a66507ffff,9,10,3,0.1493,0.346,0.548
891f2a6650bffff,9,10,7,0.3951,0.5844,0.7817
891f2a6650fffff,9,10,7,0.2187,0.3856,0.5801
891f2a66513ffff,9,10,7,0.3219,0.5041,0.7113
891f2a66517ffff,9,10,1,0.382,0.535,0.747
891f2a6651bffff,9,10,7,0.4374,0.6247,0.8147
891f2a6652bffff,9,10,6,0.247,0.429,0.63
891f2a6652fffff,9,10,2,0.3525,0.5245,0.724
891f2a6653bffff,9,10,3,0.2287,0.4157,0.6127
891f2a66543ffff,9,10,7,0.4409,0.6259,0.8333
891f2a66547ffff,9,10,7,0.4474,0.6229,0.8274
891f2a6654bffff,9,10,7,0.5056,0.6989,0.8876
891f2a6654fffff,9,10,7,0.4837,0.6613,0.8751
891f2a66553ffff,9,10,7,0.4586,0.6456,0.8586
891f2a66557ffff,9,10,7,0.4411,0.6203,0.8149
891f2a6655bffff,9,10,7,0.5089,0.6923,0.8971
891f2a66563ffff,9,10,7,0.3661,0.5517,0.7509
891f2a66567ffff,9,10,7,0.288,0.475,0.6786
891f2a6656bffff,9,10,7,0.4511,0.6231,0.8231
891f2a6656fffff,9,10,7,0.4689,0.6471,0.835
891f2a66573ffff,9,10,7,0.442,0.6241,0.8286
891f2a66577ffff,9,10,7,0.2541,0.4373,0.6434
891f2a6657bffff,9,10,7,0.3951,0.581,0.7927
891f2a6658bffff,9,10,7,0.2766,0.4594,0.6596
891f2a6658fffff,9,10,1,0.149,0.325,0.509
891f2a6659bffff,9,10,6,0.1888,0.3795,0.5675
891f2a665c3ffff,9,10,7,0.4453,0.6234,0.821
891f2a665c7ffff,9,10,7,0.3951,0.5694,0.766
891f2a665cbffff,9,10,7,0.5283,0.6987,0.8836
891f2a665cfffff,9,10,7,0.4733,0.6454,0.8423
891f2a665d3ffff,9,10,7,0.4229,0.6014,0.7981
891f2a665d7ffff,9,10,7,0.2587,0.443,0.644
891f2a665dbffff,9,10,7,0.4371,0.6174,0.8219
891f2a66603ffff,9,10,7,0.3787,0.5633,0.7587
891f2a66607ffff,9,10,7,0.446,0.6313,0.8233
891f2a6660bffff,9,10,7,0.4141,0.5886,0.7953
891f2a6660fffff,9,10,7,0.3806,0.5551,0.7563
891f2a66613ffff,9,10,7,0.3521,0.521,0.7414
891f2a66617ffff,9,10,7,0.338,0.5009,0.696
891f2a6661bffff,9,10,7,0.4367,0.6236,0.8099
891f2a66623ffff,9,10,7,0.4276,0.609,0.8076
891f2a66627ffff,9,10,7,0.4689,0.6513,0.8223
891f2a6662bffff,9,10,7,0.4196,0.5979,0.7861
891f2a6662fffff,9,10,7,0.419,0.6003,0.8079
891f2a66633ffff,9,10,7,0.3791,0.5743,0.7826
891f2a66637ffff,9,10,7,0.4839,0.6656,0.8744
891f2a6663bffff,9,10,7,0.3976,0.5686,0.7709
891f2a66643ffff,9,10,7,0.4251,0.6016,0.7933
891f2a66647ffff,9,10,7,0.345,0.5331,0.7406
891f2a6664bffff,9,10,7,0.4443,0.6311,0.813
891f2a6664fffff,9,10,7,0.4749,0.6479,0.8476
891f2a66653ffff,9,10,7,0.3834,0.5627,0.7659
891f2a66657ffff,9,10,7,0.4679,0.6514,0.8357
891f2a6665bffff,9,10,7,0.5114,0.6954,0.9014
891f2a66663ffff,9,10,7,0.4523,0.6401,0.8289
891f2a66667ffff,9,10,7,0.4017,0.5829,0.7907
891f2a6666bffff,9,10,7,0.4406,0.6244,0.8146
891f2a6666fffff,9,10,7,0.3179,0.5001,0.6956
891f2a66673ffff,9,10,7,0.4704,0.643,0.848
891f2a66677ffff,9,10,7,0.449,0.6229,0.8294
891f2a6667bffff,9,10,7,0.4746,0.6491,0.8609
891f2a66683ffff,9,10,7,0.4651,0.6451,0.853
891f2a66687ffff,9,10,7,0.439,0.6291,0.8273
891f2a6668bffff,9,10,7,0.483,0.669,0.8814
891f2a6668fffff,9,10,7,0.3463,0.5301,0.7279
891f2a66693ffff,9,10,7,0.3793,0.5599,0.772
891f2a66697ffff,9,10,7,0.4574,0.632,0.8297
891f2a6669bffff,9,10,7,0.4834,0.6633,0.8686
891f2a666a3ffff,9,10,7,0.2924,0.4677,0.6611
891f2a666a7ffff,9,10,7,0.451,0.6171,0.8037
891f2a666abffff,9,10,7,0.2089,0.3966,0.5987
891f2a666afffff,9,10,7,0.3816,0.5626,0.7601
891f2a666b3ffff,9,10,7,0.4199,0.5991,0.7934
891f2a666b7ffff,9,10,7,0.4371,0.6156,0.8221
891f2a666bbffff,9,10,7,0.2694,0.4534,0.6481
891f2a666c3ffff,9,10,7,0.4464,0.611,0.8223
891f2a666c7ffff,9,10,7,0.4476,0.6249,0.8226
891f2a666cbffff,9,10,7,0.3486,0.5204,0.7157
891f2a666cfffff,9,10,7,0.349,0.5337,0.7267
891f2a666d3ffff,9,10,7,0.4644,0.6347,0.8339
891f2a666d7ffff,9,10,7,0.4064,0.5864,0.7956
891f2a666dbffff,9,10,7,0.3741,0.5423,0.7449
891f2a66803ffff,9,10,7,0.1404,0.3233,0.5226
891f2a66807ffff,9,10,5,0.1646,0.342,0.538
891f2a6680bffff,9,10,7,0.3231,0.5039,0.6957
891f2a6680fffff,9,10,7,0.2807,0.4656,0.6576
891f2a66813ffff,9,10,6,0.1057,0.2765,0.483
891f2a6681bffff,9,10,7,0.165,0.3413,0.5431
891f2a66823ffff,9,10,6,0.0918,0.2612,0.4585
891f2a66827ffff,9,10,2,0.0015,0.176,0.3545
891f2a6682bffff,9,10,7,0.1403,0.3024,0.514
891f2a6682fffff,9,10,7,0.0841,0.2663,0.4631
891f2a66833ffff,9,10,2,0.107,0.2815,0.4765
891f2a6683bffff,9,10,7,0.11,0.301,0.5024
891f2a66843ffff,9,10,7,0.4493,0.6263,0.8283
891f2a66847ffff,9,10,7,0.3949,0.5771,0.773
891f2a6684bffff,9,10,7,0.3037,0.4891,0.6889
891f2a6684fffff,9,10,7,0.4383,0.6227,0.82
891f2a66853ffff,9,10,7,0.4347,0.6141,0.8091
891f2a66857ffff,9,10,7,0.365,0.5399,0.7399
891f2a6685bffff,9,10,7,0.479,0.652,0.8364
891f2a66863ffff,9,10,7,0.42,0.598,0.7979
891f2a66867ffff,9,10,7,0.3514,0.5456,0.7444
891f2a6686bffff,9,10,7,0.4997,0.6887,0.8864
891f2a6686fffff,9,10,7,0.4619,0.6394,0.8317
891f2a66873ffff,9,10,7,0.3494,0.5276,0.7257
891f2a66877ffff,9,10,7,0.2359,0.4134,0.6136
891f2a6687bffff,9,10,7,0.4597,0.651,0.837
891f2a6688bffff,9,10,2,0.089,0.2445,0.4405
891f2a668c3ffff,9,10,7,0.1844,0.3616,0.563
891f2a668c7ffff,9,10,7,0.0889,0.261,0.4599
891f2a668cbffff,9,10,7,0.3156,0.4981,0.6946
891f2a668cfffff,9,10,7,0.2959,0.471,0.6759
891f2a668d3ffff,9,10,7,0.2254,0.4074,0.5987
891f2a668d7ffff,9,10,7,0.0666,0.2233,0.424
891f2a668dbffff,9,10,7,0.3959,0.5697,0.7673
891f2a66943ffff,9,10,3,0.0953,0.2223,0.4163
891f2a6694bffff,9,10,7,0.1294,0.3079,0.5026
891f2a6694fffff,9,10,3,0.025,0.1973,0.407
891f2a6695bffff,9,10,6,0.078,0.2683,0.4567
891f2a66963ffff,9,10,3,0.0417,0.2057,0.4187
891f2a66967ffff,9,10,2,0.082,0.273,0.4665
891f2a6696bffff,9,10,7,0.0563,0.2039,0.4117
891f2a6696fffff,9,10,7,0.0486,0.192,0.3896
891f2a6697bffff,9,10,2,0.079,0.259,0.4585
891f2a66a03ffff,9,10,7,0.4547,0.6354,0.8489
891f2a66a07ffff,9,10,7,0.3989,0.5854,0.7784
891f2a66a0bffff,9,10,7,0.4471,0.6299,0.8216
891f2a66a0fffff,9,10,7,0.4597,0.6396,0.8391
891f2a66a13ffff,9,10,7,0.4001,0.579,0.788
891f2a66a17ffff,9,10,7,0.3673,0.5384,0.7434
891f2a66a1bffff,9,10,7,0.4289,0.6074,0.8024
891f2a66a23ffff,9,10,7,0.4471,0.6429,0.8351
891f2a66a27ffff,9,10,7,0.5239,0.7066,0.9081
891f2a66a2bffff,9,10,7,0.435,0.6161,0.813
891f2a66a2fffff,9,10,7,0.4774,0.6591,0.8456
891f2a66a33ffff,9,10,7,0.4664,0.6464,0.8409
891f2a66a37ffff,9,10,7,0.463,0.6383,0.8451
891f2a66a3bffff,9,10,7,0.4623,0.635,0.8307
891f2a66a43ffff,9,10,7,0.408,0.5909,0.7994
891f2a66a47ffff,9,10,7,0.4369,0.6221,0.8236
891f2a66a4bffff,9,10,7,0.4424,0.6096,0.8004
891f2a66a4fffff,9,10,7,0.3964,0.5883,0.7831
891f2a66a53ffff,9,10,7,0.3857,0.5721,0.784
891f2a66a57ffff,9,10,7,0.4289,0.601,0.8021
891f2a66a5bffff,9,10,7,0.4637,0.6541,0.8371
891f2a66a63ffff,9,10,7,0.461,0.6577,0.8574
891f2a66a67ffff,9,10,7,0.5129,0.6916,0.885
891f2a66a6bffff,9,10,7,0.4259,0.605,0.7967
891f2a66a6fffff,9,10,7,0.4094,0.5977,0.8116
891f2a66a73ffff,9,10,7,0.538,0.7246,0.9124
891f2a66a77ffff,9,10,7,0.519,0.6961,0.8984
891f2a66a7bffff,9,10,7,0.4767,0.6556,0.8436
891f2a66a83ffff,9,10,7,0.406,0.5779,0.7739
891f2a66a87ffff,9,10,7,0.3991,0.5744,0.7701
891f2a66a8bffff,9,10,7,0.4563,0.635,0.8313
891f2a66a8fffff,9,10,7,0.3989,0.5776,0.7771
891f2a66a93ffff,9,10,7,0.3717,0.558,0.7387
891f2a66a97ffff,9,10,7,0.371,0.5546,0.7514
891f2a66a9bffff,9,10,7,0.3921,0.5697,0.7661
891f2a66aa3ffff,9,10,7,0.3826,0.5751,0.7661
891f2a66aa7ffff,9,10,7,0.4703,0.6541,0.8367
891f2a66aabffff,9,10,7,0.486,0.6581,0.8516
891f2a66aafffff,9,10,7,0.5017,0.6696,0.869
891f2a66ab3ffff,9,10,7,0.3819,0.5624,0.7556
891f2a66ab7ffff,9,10,7,0.4204,0.605,0.8049
891f2a66abbffff,9,10,7,0.3259,0.508,0.7076
891f2a66ac3ffff,9,10,7,0.4356,0.6123,0.7949
891f2a66ac7ffff,9,10,7,0.3791,0.5613,0.7579
891f2a66acbffff,9,10,7,0.431,0.6109,0.8219
891f2a66acfffff,9,10,7,0.3567,0.5334,0.7317
891f2a66ad3ffff,9,10,7,0.4683,0.6357,0.8234
891f2a66ad7ffff,9,10,7,0.4581,0.6391,0.8494
891f2a66adbffff,9,10,7,0.4407,0.6134,0.8089
891f2a66b03ffff,9,10,7,0.4617,0.6363,0.845
891f2a66b07ffff,9,10,7,0.4166,0.6034,0.7929
891f2a66b0bffff,9,10,7,0.4066,0.594,0.7937
891f2a66b0fffff,9,10,7,0.3559,0.5427,0.7299
891f2a66b13ffff,9,10,7,0.523,0.7004,0.8854
891f2a66b17ffff,9,10,7,0.3353,0.514,0.7136
891f2a66b1bffff,9,10,7,0.462,0.6353,0.8303
891f2a66b23ffff,9,10,7,0.4874,0.6736,0.8771
891f2a66b27ffff,9,10,7,0.4211,0.597,0.7901
891f2a66b2bffff,9,10,7,0.4871,0.6653,0.8473
891f2a66b2fffff,9,10,7,0.5284,0.6986,0.8973
891f2a66b33ffff,9,10,7,0.4119,0.5893,0.7791
891f2a66b37ffff,9,10,7,0.4097,0.5897,0.7861
891f2a66b3bffff,9,10,7,0.433,0.6131,0.8117
891f2a66b43ffff,9,10,7,0.3414,0.5239,0.7197
891f2a66b47ffff,9,10,7,0.3784,0.5559,0.7577
891f2a66b4bffff,9,10,7,0.4724,0.6649,0.862
891f2a66b4fffff,9,10,7,0.3943,0.5719,0.761
891f2a66b53ffff,9,10,7,0.4397,0.6151,0.8149
891f2a66b57ffff,9,10,7,0.4171,0.5953,0.7946
891f2a66b5bffff,9,10,7,0.4576,0.6263,0.8294
891f2a66b63ffff,9,10,7,0.4413,0.6177,0.8237
891f2a66b67ffff,9,10,7,0.4556,0.643,0.8336
891f2a66b6bffff,9,10,7,0.4353,0.6191,0.8229
891f2a66b6fffff,9,10,7,0.5146,0.7067,0.9067
891f2a66b73ffff,9,10,7,0.4659,0.6423,0.8306
891f2a66b77ffff,9,10,7,0.3939,0.5767,0.7687
891f2a66b7bffff,9,10,7,0.4363,0.6239,0.8233
891f2a66b83ffff,9,10,7,0.2704,0.4456,0.6486
891f2a66b87ffff,9,10,7,0.1404,0.3164,0.5227
891f2a66b8bffff,9,10,7,0.4167,0.6,0.7924
891f2a66b8fffff,9,10,7,0.286,0.4734,0.672
891f2a66b93ffff,9,10,7,0.192,0.3704,0.557
891f2a66b97ffff,9,10,7,0.1101,0.2941,0.4956
891f2a66b9bffff,9,10,7,0.413,0.6157,0.8101
891f2a66ba3ffff,9,10,7,0.1937,0.342,0.5497
891f2a66ba7ffff,9,10,7,0.225,0.411,0.6219
891f2a66babffff,9,10,7,0.2794,0.454,0.6559
891f2a66bafffff,9,10,7,0.3364,0.5171,0.7253
891f2a66bb3ffff,9,10,7,0.0733,0.2476,0.4536
891f2a66bb7ffff,9,10,7,0.0827,0.252,0.4504
891f2a66bbbffff,9,10,7,0.1269,0.2956,0.494
891f2a66bc3ffff,9,10,7,0.393,0.5701,0.7726
891f2a66bc7ffff,9,10,7,0.449,0.6241,0.822
891f2a66bcbffff,9,10,7,0.4526,0.6291,0.8404
891f2a66bcfffff,9,10,7,0.4451,0.6266,0.8096
891f2a66bd3ffff,9,10,7,0.4206,0.5991,0.808
891f2a66bd7ffff,9,10,7,0.3859,0.5729,0.7816
891f2a66bdbffff,9,10,7,0.5103,0.6839,0.894
891f2a66c43ffff,9,10,6,0.4057,0.5783,0.775
891f2a66c47ffff,9,10,4,0.3632,0.5383,0.7403
891f2a66c4bffff,9,10,7,0.4806,0.6591,0.8463
891f2a66c4fffff,9,10,7,0.3794,0.5587,0.7517
891f2a66c53ffff,9,10,6,0.4337,0.6208,0.8167
891f2a66c5bffff,9,10,7,0.4236,0.6037,0.7977
891f2a66c63ffff,9,10,1,0.256,0.413,0.638
891f2a66c6bffff,9,10,7,0.2474,0.436,0.6416
891f2a66c6fffff,9,10,2,0.2705,0.465,0.683
891f2a66c7bffff,9,10,7,0.2866,0.4749,0.6741
891f2a66ccbffff,9,10,6,0.4462,0.6205,0.8207
891f2a66cdbffff,9,10,3,0.2687,0.4553,0.6343
891f2a66e03ffff,9,10,7,0.3594,0.5441,0.7521
891f2a66e07ffff,9,10,7,0.2653,0.445,0.6469
891f2a66e0bffff,9,10,7,0.4644,0.6514,0.8443
891f2a66e0fffff,9,10,7,0.4076,0.5783,0.7757
891f2a66e13ffff,9,10,7,0.3926,0.5781,0.7769
891f2a66e17ffff,9,10,7,0.2539,0.4381,0.6339
891f2a66e1bffff,9,10,7,0.4929,0.6729,0.876
891f2a66e23ffff,9,10,7,0.3853,0.5687,0.7731
891f2a66e27ffff,9,10,7,0.476,0.6491,0.852
891f2a66e2bffff,9,10,7,0.3747,0.5521,0.7529
891f2a66e2fffff,9,10,7,0.3247,0.5077,0.7109
891f2a66e33ffff,9,10,7,0.4637,0.6386,0.8236
891f2a66e37ffff,9,10,7,0.3976,0.5807,0.7756
891f2a66e3bffff,9,10,7,0.2719,0.455,0.6514
891f2a66e43ffff,9,10,7,0.4031,0.5787,0.7763
891f2a66e47ffff,9,10,7,0.5196,0.6971,0.8874
891f2a66e4bffff,9,10,7,0.4689,0.6454,0.8456
891f2a66e4fffff,9,10,7,0.4343,0.6069,0.8083
891f2a66e53ffff,9,10,7,0.5526,0.7253,0.9126
891f2a66e57ffff,9,10,7,0.488,0.6697,0.8693
891f2a66e5bffff,9,10,7,0.4717,0.6399,0.8349
891f2a66e63ffff,9,10,7,0.4284,0.6119,0.82
891f2a66e67ffff,9,10,7,0.4239,0.6013,0.8006
891f2a66e6bffff,9,10,7,0.428,0.601,0.8134
891f2a66e6fffff,9,10,7,0.418,0.6109,0.8044
891f2a66e73ffff,9,10,7,0.3451,0.5287,0.7377
891f2a66e77ffff,9,10,7,0.3627,0.5287,0.7237
891f2a66e7bffff,9,10,7,0.5334,0.7261,0.9236
891f2a66e83ffff,9,10,7,0.4516,0.6321,0.8299
891f2a66e87ffff,9,10,7,0.3834,0.571,0.765
891f2a66e8bffff,9,10,7,0.4149,0.6063,0.814
891f2a66e8fffff,9,10,7,0.4027,0.5696,0.7733
891f2a66e93ffff,9,10,7,0.521,0.6904,0.8879
891f2a66e97ffff,9,10,7,0.4534,0.6233,0.8173
891f2a66e9bffff,9,10,7,0.4224,0.6074,0.804
891f2a66ea3ffff,9,10,7,0.4364,0.6184,0.8091
891f2a66ea7ffff,9,10,7,0.328,0.5159,0.7196
891f2a66eabffff,9,10,7,0.3296,0.5011,0.6974
891f2a66eafffff,9,10,7,0.3657,0.5391,0.7354
891f2a66eb3ffff,9,10,7,0.3879,0.5684,0.7637
891f2a66eb7ffff,9,10,7,0.4227,0.6037,0.7991
891f2a66ebbffff,9,10,7,0.4201,0.599,0.7901
891f2a66ec3ffff,9,10,7,0.3736,0.5581,0.7603
891f2a66ec7ffff,9,10,7,0.4941,0.68,0.8396
891f2a66ecbffff,9,10,7,0.493,0.6671,0.8591
891f2a66ecfffff,9,10,7,0.4797,0.6517,0.8501
891f2a66ed3ffff,9,10,7,0.3834,0.5673,0.7729
891f2a66ed7ffff,9,10,7,0.4287,0.5997,0.8047
891f2a66edbffff,9,10,7,0.3869,0.566,0.773
891f2a67003ffff,9,10,7,0.2093,0.3931,0.5951
891f2a67007ffff,9,10,7,0.1946,0.3659,0.561
891f2a6700bffff,9,10,7,0.1923,0.3873,0.5916
891f2a6700fffff,9,10,7,0.205,0.3904,0.5914
891f2a67013ffff,9,10,7,0.1916,0.3757,0.5743
891f2a67017ffff,9,10,7,0.1947,0.3636,0.5501
891f2a6701bffff,9,10,7,0.1429,0.3129,0.5049
891f2a67023ffff,9,10,7,0.3169,0.4911,0.688
891f2a67027ffff,9,10,7,0.232,0.4149,0.6146
891f2a6702bffff,9,10,7,0.2483,0.424,0.6191
891f2a6702fffff,9,10,7,0.2914,0.4703,0.6624
891f2a67033ffff,9,10,7,0.2467,0.4141,0.6211
891f2a67037ffff,9,10,7,0.2739,0.4461,0.6487
891f2a6703bffff,9,10,7,0.2024,0.3819,0.5779
891f2a67043ffff,9,10,7,0.1883,0.3657,0.5609
891f2a67047ffff,9,10,7,0.105,0.2597,0.4617
891f2a6704bffff,9,10,7,0.1656,0.3459,0.5313
891f2a6704fffff,9,10,7,0.2233,0.3976,0.591
891f2a67053ffff,9,10,7,0.1209,0.2831,0.4696
891f2a67057ffff,9,10,7,0.1291,0.3049,0.5017
891f2a6705bffff,9,10,7,0.14,0.3231,0.5256
891f2a67063ffff,9,10,7,0.2089,0.394,0.5983
891f2a67067ffff,9,10,7,0.221,0.4036,0.6044
891f2a6706bffff,9,10,7,0.3456,0.5186,0.716
891f2a6706fffff,9,10,7,0.3036,0.4841,0.6904
891f2a67073ffff,9,10,7,0.2226,0.4027,0.6026
891f2a67077ffff,9,10,7,0.2069,0.3871,0.5813
891f2a6707bffff,9,10,7,0.2999,0.4743,0.6801
891f2a67083ffff,9,10,7,0.1667,0.3403,0.5283
891f2a67087ffff,9,10,7,0.2663,0.4499,0.6579
891f2a6708bffff,9,10,7,0.1876,0.3696,0.5823
891f2a6708fffff,9,10,7,0.1759,0.3589,0.565
891f2a67093ffff,9,10,7,0.2157,0.3937,0.5956
891f2a67097ffff,9,10,7,0.1769,0.3503,0.5657
891f2a6709bffff,9,10,7,0.2011,0.3811,0.5753
891f2a670a3ffff,9,10,7,0.2736,0.4624,0.6616
891f2a670a7ffff,9,10,7,0.2981,0.4757,0.6737
891f2a670abffff,9,10,7,0.3341,0.5123,0.7179
891f2a670afffff,9,10,7,0.3159,0.4949,0.6937
891f2a670b3ffff,9,10,7,0.2657,0.4411,0.6404
891f2a670b7ffff,9,10,7,0.2614,0.4331,0.6301
891f2a670bbffff,9,10,7,0.2213,0.4061,0.6106
891f2a670c3ffff,9,10,7,0.2161,0.3979,0.6063
891f2a670c7ffff,9,10,7,0.2234,0.3966,0.5971
891f2a670cbffff,9,10,7,0.1977,0.3687,0.5639
891f2a670cfffff,9,10,7,0.2084,0.3856,0.5936
891f2a670d3ffff,9,10,7,0.2239,0.407,0.6154
891f2a670d7ffff,9,10,7,0.1837,0.3666,0.5801
891f2a670dbffff,9,10,7,0.157,0.3303,0.5379
891f2a67103ffff,9,10,7,0.2474,0.4296,0.6279
891f2a67107ffff,9,10,7,0.3009,0.4733,0.6701
891f2a6710bffff,9,10,7,0.2169,0.3784,0.5954
891f2a6710fffff,9,10,7,0.2846,0.4536,0.6457
891f2a67113ffff,9,10,7,0.267,0.4359,0.634
891f2a67117ffff,9,10,7,0.3297,0.5031,0.6999
891f2a6711bffff,9,10,7,0.2031,0.3841,0.5931
891f2a67123ffff,9,10,7,0.2357,0.4111,0.6146
891f2a67127ffff,9,10,7,0.2154,0.3914,0.5963
891f2a6712bffff,9,10,7,0.2456,0.4303,0.6243
891f2a6712fffff,9,10,7,0.3193,0.5039,0.707
891f2a67133ffff,9,10,7,0.2267,0.409,0.6173
891f2a67137ffff,9,10,7,0.3349,0.5109,0.7174
891f2a6713bffff,9,10,7,0.2967,0.4744,0.6809
891f2a67143ffff,9,10,7,0.1906,0.3669,0.5696
891f2a67147ffff,9,10,7,0.22,0.4057,0.6074
891f2a6714bffff,9,10,7,0.2029,0.3837,0.5823
891f2a6714fffff,9,10,7,0.237,0.4226,0.6109
891f2a67153ffff,9,10,7,0.257,0.4243,0.6269
891f2a67157ffff,9,10,7,0.1967,0.365,0.581
891f2a6715bffff,9,10,7,0.2877,0.4676,0.672
891f2a67163ffff,9,10,7,0.2869,0.4636,0.6636
891f2a67167ffff,9,10,7,0.3496,0.529,0.728
891f2a6716bffff,9,10,7,0.2334,0.408,0.6044
891f2a6716fffff,9,10,7,0.1893,0.3666,0.559
891f2a67173ffff,9,10,7,0.2653,0.4344,0.6366
891f2a67177ffff,9,10,7,0.2934,0.4631,0.665
891f2a6717bffff,9,10,7,0.2361,0.4157,0.6086
891f2a67183ffff,9,10,7,0.2911,0.4667,0.6663
891f2a67187ffff,9,10,7,0.442,0.6244,0.8154
891f2a6718bffff,9,10,7,0.2713,0.4357,0.6363
891f2a6718fffff,9,10,7,0.328,0.5146,0.7063
891f2a67193ffff,9,10,7,0.4344,0.6137,0.8076
891f2a67197ffff,9,10,7,0.441,0.6136,0.8207
891f2a6719bffff,9,10,7,0.3247,0.4986,0.7031
891f2a671a3ffff,9,10,7,0.3434,0.5171,0.718
891f2a671a7ffff,9,10,7,0.3723,0.5483,0.7511
891f2a671abffff,9,10,7,0.2681,0.4589,0.6527
891f2a671afffff,9,10,7,0.2996,0.4836,0.6731
891f2a671b3ffff,9,10,7,0.4569,0.6369,0.827
891f2a671b7ffff,9,10,7,0.4551,0.6266,0.8204
891f2a671bbffff,9,10,7,0.3667,0.5399,0.7349
891f2a671c3ffff,9,10,7,0.2517,0.4314,0.6269
891f2a671c7ffff,9,10,7,0.2296,0.4247,0.6321
891f2a671cbffff,9,10,7,0.238,0.4201,0.6269
891f2a671cfffff,9,10,7,0.2793,0.4501,0.6461
891f2a671d3ffff,9,10,7,0.174,0.3436,0.5391
891f2a671d7ffff,9,10,7,0.2371,0.414,0.6114
891f2a671dbffff,9,10,7,0.25,0.4456,0.6503
891f2a67203ffff,9,10,7,0.1806,0.3701,0.5659
891f2a67207ffff,9,10,7,0.3304,0.5121,0.7067
891f2a6720bffff,9,10,7,0.3083,0.4791,0.6697
891f2a6720fffff,9,10,7,0.3471,0.5364,0.7477
891f2a67213ffff,9,10,7,0.1997,0.3759,0.5856
891f2a67217ffff,9,10,7,0.2026,0.3877,0.5923
891f2a6721bffff,9,10,7,0.2284,0.4073,0.6093
891f2a67223ffff,9,10,7,0.4051,0.5913,0.7836
891f2a67227ffff,9,10,7,0.3933,0.5831,0.7807
891f2a6722bffff,9,10,7,0.3777,0.5524,0.7596
891f2a6722fffff,9,10,7,0.3666,0.5529,0.7594
891f2a67233ffff,9,10,7,0.3909,0.5744,0.7831
891f2a67237ffff,9,10,7,0.4956,0.6761,0.8844
891f2a6723bffff,9,10,7,0.3901,0.571,0.7686
891f2a67243ffff,9,10,7,0.2531,0.4329,0.6311
891f2a67247ffff,9,10,7,0.3627,0.5521,0.7521
891f2a6724bffff,9,10,7,0.2563,0.4401,0.6467
891f2a6724fffff,9,10,7,0.3469,0.5223,0.7156
891f2a67253ffff,9,10,7,0.2026,0.376,0.5866
891f2a67257ffff,9,10,7,0.2737,0.4477,0.6483
891f2a6725bffff,9,10,7,0.2727,0.4481,0.6469
891f2a67263ffff,9,10,7,0.3529,0.532,0.7394
891f2a67267ffff,9,10,7,0.3209,0.5006,0.6966
891f2a6726bffff,9,10,7,0.4221,0.597,0.8027
891f2a6726fffff,9,10,7,0.3083,0.4926,0.6963
891f2a67273ffff,9,10,7,0.3923,0.5613,0.7621
891f2a67277ffff,9,10,7,0.258,0.446,0.647
891f2a6727bffff,9,10,7,0.4187,0.6077,0.8037
891f2a67283ffff,9,10,7,0.165,0.3396,0.5306
891f2a67287ffff,9,10,7,0.167,0.3431,0.5466
891f2a6728bffff,9,10,7,0.1336,0.3111,0.5051
891f2a6728fffff,9,10,7,0.132,0.307,0.5103
891f2a67293ffff,9,10,7,0.0953,0.2817,0.483
891f2a67297ffff,9,10,7,0.0786,0.2483,0.4586
891f2a6729bffff,9,10,7,0.1181,0.296,0.4974
891f2a672a3ffff,9,10,7,0.3906,0.558,0.7644
891f2a672a7ffff,9,10,7,0.4499,0.6329,0.83
891f2a672abffff,9,10,7,0.229,0.4101,0.6139
891f2a672afffff,9,10,7,0.4319,0.6174,0.8119
891f2a672b3ffff,9,10,7,0.251,0.4339,0.635
891f2a672b7ffff,9,10,7,0.2914,0.4747,0.6727
891f2a672bbffff,9,10,7,0.1874,0.3547,0.5499
891f2a672c3ffff,9,10,7,0.3301,0.5136,0.7096
891f2a672c7ffff,9,10,7,0.1686,0.3414,0.5527
891f2a672cbffff,9,10,7,0.1937,0.3806,0.577
891f2a672cfffff,9,10,7,0.2267,0.4136,0.615
891f2a672d3ffff,9,10,7,0.1504,0.3167,0.5271
891f2a672d7ffff,9,10,7,0.1746,0.3553,0.5566
891f2a672dbffff,9,10,7,0.2599,0.4399,0.6361
891f2a67303ffff,9,10,7,0.22,0.3944,0.5869
891f2a67307ffff,9,10,7,0.2806,0.4677,0.6773
891f2a6730bffff,9,10,7,0.3071,0.4824,0.6787
891f2a6730fffff,9,10,7,0.2546,0.4313,0.6289
891f2a67313ffff,9,10,7,0.2489,0.4297,0.6319
891f2a67317ffff,9,10,7,0.2444,0.424,0.6226
891f2a6731bffff,9,10,7,0.1549,0.3331,0.5407
891f2a67323ffff,9,10,7,0.4044,0.5929,0.7891
891f2a67327ffff,9,10,7,0.255,0.4321,0.6447
891f2a6732bffff,9,10,7,0.2456,0.4279,0.6313
891f2a6732fffff,9,10,7,0.3297,0.5103,0.7024
891f2a67333ffff,9,10,7,0.3254,0.5057,0.6949
891f2a67337ffff,9,10,7,0.2844,0.457,0.6481
891f2a6733bffff,9,10,7,0.2453,0.4293,0.635
891f2a67343ffff,9,10,7,0.2603,0.4493,0.656
891f2a67347ffff,9,10,7,0.2611,0.4323,0.6487
891f2a6734bffff,9,10,7,0.2627,0.447,0.6331
891f2a6734fffff,9,10,7,0.265,0.445,0.648
891f2a67353ffff,9,10,7,0.3291,0.509,0.7066
891f2a67357ffff,9,10,7,0.2334,0.4106,0.6226
891f2a6735bffff,9,10,7,0.332,0.5189,0.7139
891f2a67363ffff,9,10,7,0.2774,0.4571,0.6497
891f2a67367ffff,9,10,7,0.2829,0.4666,0.6673
891f2a6736bffff,9,10,7,0.3143,0.4816,0.6809
891f2a6736fffff,9,10,7,0.2844,0.4566,0.6611
891f2a67373ffff,9,10,7,0.282,0.456,0.6591
891f2a67377ffff,9,10,7,0.2814,0.47,0.6666
891f2a6737bffff,9,10,7,0.3224,0.5104,0.7134
891f2a67383ffff,9,10,7,0.1889,0.3716,0.5727
891f2a67387ffff,9,10,7,0.1644,0.3473,0.5631
891f2a6738bffff,9,10,7,0.2809,0.4556,0.6526
891f2a6738fffff,9,10,7,0.2193,0.4109,0.6089
891f2a67393ffff,9,10,7,0.2286,0.4109,0.601
891f2a67397ffff,9,10,7,0.2343,0.416,0.6137
891f2a6739bffff,9,10,7,0.3309,0.5043,0.6963
891f2a673a3ffff,9,10,7,0.2757,0.457,0.6544
891f2a673a7ffff,9,10,7,0.2443,0.4314,0.6294
891f2a673abffff,9,10,7,0.259,0.429,0.6181
891f2a673afffff,9,10,7,0.3121,0.4844,0.6919
891f2a673b3ffff,9,10,7,0.2654,0.4416,0.6386
891f2a673b7ffff,9,10,7,0.3129,0.4927,0.6913
891f2a673bbffff,9,10,7,0.2999,0.4756,0.6694
891f2a673c3ffff,9,10,7,0.3884,0.5699,0.7683
891f2a673c7ffff,9,10,7,0.2684,0.4459,0.6379
891f2a673cbffff,9,10,7,0.4801,0.6614,0.8407
891f2a673cfffff,9,10,7,0.2887,0.4647,0.6663
891f2a673d3ffff,9,10,7,0.3599,0.5534,0.7591
891f2a673d7ffff,9,10,7,0.3144,0.4871,0.696
891f2a673dbffff,9,10,7,0.4453,0.6197,0.8223
891f2a67403ffff,9,10,7,0.2696,0.447,0.6519
891f2a67407ffff,9,10,7,0.2404,0.4219,0.6196
891f2a6740bffff,9,10,7,0.2287,0.4103,0.6109
891f2a6740fffff,9,10,7,0.2043,0.3831,0.5857
891f2a67413ffff,9,10,7,0.2793,0.4633,0.6509
891f2a67417ffff,9,10,7,0.2797,0.4504,0.6387
891f2a6741bffff,9,10,7,0.214,0.3834,0.5893
891f2a67423ffff,9,10,7,0.3554,0.546,0.7534
891f2a67427ffff,9,10,7,0.2676,0.4359,0.6349
891f2a6742bffff,9,10,7,0.203,0.3967,0.5969
891f2a6742fffff,9,10,7,0.2654,0.4237,0.6283
891f2a67433ffff,9,10,7,0.321,0.4929,0.6937
891f2a67437ffff,9,10,7,0.4377,0.6189,0.8073
891f2a6743bffff,9,10,7,0.2344,0.4194,0.6274
891f2a67443ffff,9,10,7,0.195,0.3734,0.568
891f2a67447ffff,9,10,7,0.2363,0.3963,0.5889
891f2a6744bffff,9,10,7,0.2387,0.4256,0.6181
891f2a6744fffff,9,10,7,0.1964,0.3706,0.5687
891f2a67453ffff,9,10,7,0.2431,0.4269,0.626
891f2a67457ffff,9,10,7,0.1413,0.3161,0.5137
891f2a6745bffff,9,10,7,0.183,0.3659,0.5537
891f2a67463ffff,9,10,7,0.2189,0.3861,0.584
891f2a67467ffff,9,10,7,0.2434,0.4349,0.6297
891f2a6746bffff,9,10,7,0.2249,0.3893,0.5869
891f2a6746fffff,9,10,7,0.2004,0.368,0.5674
891f2a67473ffff,9,10,7,0.2937,0.4696,0.6569
891f2a67477ffff,9,10,7,0.2793,0.4591,0.6623
891f2a6747bffff,9,10,7,0.1647,0.347,0.5434
891f2a67483ffff,9,10,7,0.3463,0.5243,0.7253
891f2a67487ffff,9,10,7,0.3429,0.522,0.714
891f2a6748bffff,9,10,7,0.248,0.4319,0.6253
891f2a6748fffff,9,10,7,0.3,0.4744,0.6797
891f2a67493ffff,9,10,7,0.3147,0.4954,0.6866
891f2a67497ffff,9,10,7,0.404,0.5753,0.7791
891f2a6749bffff,9,10,7,0.2987,0.4781,0.6834
891f2a674a3ffff,9,10,7,0.468,0.6501,0.8381
891f2a674a7ffff,9,10,7,0.4334,0.6153,0.8164
891f2a674abffff,9,10,7,0.3491,0.5223,0.7176
891f2a674afffff,9,10,7,0.36,0.5447,0.7527
891f2a674b3ffff,9,10,7,0.4041,0.5713,0.7757
891f2a674b7ffff,9,10,7,0.4041,0.5936,0.787
891f2a674bbffff,9,10,7,0.437,0.6101,0.8176
891f2a674c3ffff,9,10,7,0.258,0.4373,0.6431
891f2a674c7ffff,9,10,7,0.2437,0.4196,0.6321
891f2a674cbffff,9,10,7,0.1821,0.3401,0.536
891f2a674cfffff,9,10,7,0.1719,0.348,0.5461
891f2a674d3ffff,9,10,7,0.246,0.4109,0.6117
891f2a674d7ffff,9,10,7,0.3049,0.4827,0.6814
891f2a674dbffff,9,10,7,0.2766,0.4547,0.6346
891f2a67503ffff,9,10,7,0.3099,0.4853,0.6931
891f2a67507ffff,9,10,7,0.4171,0.5859,0.7701
891f2a6750bffff,9,10,7,0.4126,0.5819,0.7757
891f2a6750fffff,9,10,7,0.417,0.6033,0.8097
891f2a67513ffff,9,10,7,0.5049,0.6824,0.8803
891f2a67517ffff,9,10,7,0.4209,0.5914,0.7849
891f2a6751bffff,9,10,7,0.4431,0.6231,0.8249
891f2a67523ffff,9,10,7,0.4699,0.6476,0.8303
891f2a67527ffff,9,10,7,0.4544,0.632,0.8329
891f2a6752bffff,9,10,7,0.5286,0.7003,0.89
891f2a6752fffff,9,10,7,0.4547,0.6317,0.8276
891f2a67533ffff,9,10,7,0.452,0.6287,0.8384
891f2a67537ffff,9,10,7,0.4593,0.6264,0.835
891f2a6753bffff,9,10,7,0.4816,0.6501,0.8461
891f2a67543ffff,9,10,7,0.3493,0.5357,0.7254
891f2a67547ffff,9,10,7,0.3649,0.5441,0.7404
891f2a6754bffff,9,10,7,0.2591,0.4304,0.6349
891f2a6754fffff,9,10,7,0.2747,0.4506,0.648
891f2a67553ffff,9,10,7,0.3939,0.5774,0.7734
891f2a67557ffff,9,10,7,0.3941,0.5754,0.7876
891f2a6755bffff,9,10,7,0.2771,0.4504,0.6587
891f2a67563ffff,9,10,7,0.3501,0.5384,0.7367
891f2a67567ffff,9,10,7,0.4149,0.6064,0.8136
891f2a6756bffff,9,10,7,0.233,0.4186,0.6166
891f2a6756fffff,9,10,7,0.309,0.4873,0.68
891f2a67573ffff,9,10,7,0.3576,0.5317,0.7264
891f2a67577ffff,9,10,7,0.3987,0.5679,0.7534
891f2a6757bffff,9,10,7,0.3619,0.542,0.74
891f2a67583ffff,9,10,7,0.4623,0.6371,0.8397
891f2a67587ffff,9,10,7,0.4197,0.5987,0.7967
891f2a6758bffff,9,10,7,0.4734,0.6496,0.8477
891f2a6758fffff,9,10,7,0.4319,0.6047,0.8069
891f2a67593ffff,9,10,7,0.43,0.612,0.8094
891f2a67597ffff,9,10,7,0.4371,0.6179,0.8189
891f2a6759bffff,9,10,7,0.4917,0.6721,0.8719
891f2a675a3ffff,9,10,7,0.4024,0.5667,0.7729
891f2a675a7ffff,9,10,7,0.4423,0.6287,0.835
891f2a675abffff,9,10,7,0.4269,0.6097,0.8273
891f2a675afffff,9,10,7,0.4521,0.6399,0.8433
891f2a675b3ffff,9,10,7,0.4466,0.6357,0.8191
891f2a675b7ffff,9,10,7,0.49,0.6719,0.8599
891f2a675bbffff,9,10,7,0.4179,0.5806,0.7776
891f2a675c3ffff,9,10,7,0.3927,0.5773,0.7727
891f2a675c7ffff,9,10,7,0.4519,0.6267,0.825
891f2a675cbffff,9,10,7,0.4067,0.5789,0.7744
891f2a675cfffff,9,10,7,0.439,0.6226,0.8159
891f2a675d3ffff,9,10,7,0.5186,0.7037,0.9016
891f2a675d7ffff,9,10,7,0.5101,0.6754,0.88
891f2a675dbffff,9,10,7,0.4273,0.611,0.8149
891f2a67603ffff,9,10,7,0.2201,0.4007,0.6084
891f2a67607ffff,9,10,7,0.2201,0.4027,0.6041
891f2a6760bffff,9,10,7,0.1357,0.3104,0.5159
891f2a6760fffff,9,10,7,0.1841,0.3746,0.5757
891f2a67613ffff,9,10,7,0.2073,0.3939,0.5839
891f2a67617ffff,9,10,7,0.1553,0.3244,0.5433
891f2a6761bffff,9,10,7,0.2437,0.422,0.6234
891f2a67623ffff,9,10,7,0.2101,0.4011,0.5943
891f2a67627ffff,9,10,7,0.0873,0.2637,0.4579
891f2a6762bffff,9,10,7,0.1979,0.3556,0.5537
891f2a6762fffff,9,10,7,0.1266,0.2951,0.4946
891f2a67633ffff,9,10,7,0.175,0.3589,0.5569
891f2a67637ffff,9,10,7,0.1321,0.313,0.5139
891f2a6763bffff,9,10,7,0.1347,0.31,0.5129
891f2a67643ffff,9,10,7,0.1754,0.3431,0.533
891f2a67647ffff,9,10,7,0.1014,0.2709,0.4643
891f2a6764bffff,9,10,7,0.2787,0.4549,0.6621
891f2a6764fffff,9,10,7,0.2401,0.4219,0.6257
891f2a67653ffff,9,10,7,0.3069,0.489,0.6903
891f2a67657ffff,9,10,7,0.2181,0.4033,0.6024
891f2a6765bffff,9,10,7,0.3159,0.4834,0.6727
891f2a67663ffff,9,10,7,0.1369,0.3239,0.5323
891f2a67667ffff,9,10,7,0.1229,0.2896,0.4744
891f2a6766bffff,9,10,7,0.2374,0.4071,0.6066
891f2a6766fffff,9,10,7,0.1347,0.3171,0.5094
891f2a67673ffff,9,10,7,0.1127,0.2927,0.4914
891f2a67677ffff,9,10,7,0.071,0.2464,0.4411
891f2a6767bffff,9,10,7,0.2276,0.406,0.5857
891f2a67683ffff,9,10,7,0.2424,0.426,0.6224
891f2a67687ffff,9,10,7,0.2401,0.415,0.6183
891f2a6768bffff,9,10,7,0.2453,0.4211,0.6209
891f2a6768fffff,9,10,7,0.3183,0.5021,0.7089
891f2a67693ffff,9,10,7,0.3906,0.5754,0.7673
891f2a67697ffff,9,10,7,0.2093,0.3891,0.5921
891f2a6769bffff,9,10,7,0.318,0.5004,0.7044
891f2a676a3ffff,9,10,7,0.2223,0.3996,0.5881
891f2a676a7ffff,9,10,7,0.175,0.3623,0.5521
891f2a676abffff,9,10,7,0.1719,0.3503,0.5434
891f2a676afffff,9,10,7,0.1447,0.3311,0.5341
891f2a676b3ffff,9,10,7,0.2384,0.4384,0.6271
891f2a676b7ffff,9,10,7,0.1826,0.354,0.556
891f2a676bbffff,9,10,7,0.1969,0.3877,0.5843
891f2a676c3ffff,9,10,7,0.3937,0.5656,0.7513
891f2a676c7ffff,9,10,7,0.2903,0.4639,0.6699
891f2a676cbffff,9,10,7,0.4279,0.6116,0.8151
891f2a676cfffff,9,10,7,0.3343,0.5124,0.7094
891f2a676d3ffff,9,10,7,0.4751,0.6551,0.86
891f2a676d7ffff,9,10,7,0.3689,0.5583,0.7613
891f2a676dbffff,9,10,7,0.4833,0.672,0.8707
891f2a6c5a3ffff,9,10,3,0.4537,0.6433,0.8317
891f2a6c5a7ffff,9,10,5,0.3838,0.5714,0.7754
891f2a6c5b3ffff,9,10,4,0.4438,0.6365,0.8413
891f2a6c5b7ffff,9,10,7,0.4487,0.623,0.8186
891f2a6cc83ffff,9,10,2,0.3195,0.502,0.6825
891f2a6cc87ffff,9,10,2,0.441,0.625,0.838
891f2a6cc93ffff,9,10,7,0.3326,0.4994,0.7109
891f2a6cc97ffff,9,10,7,0.411,0.5983,0.7986
891f2a6cca3ffff,9,10,2,0.3595,0.5255,0.725
891f2a6cca7ffff,9,10,7,0.4441,0.6153,0.8204
891f2a6ccb3ffff,9,10,5,0.377,0.5518,0.7504
891f2a6ccb7ffff,9,10,7,0.4473,0.6277,0.8277
891f2a6cd03ffff,9,10,5,0.3262,0.501,0.6988
891f2a6cd07ffff,9,10,7,0.3747,0.5467,0.7437
891f2a6cd13ffff,9,10,7,0.3673,0.5594,0.7633
891f2a6cd17ffff,9,10,7,0.2591,0.451,0.6441
891f2a6cd1bffff,9,10,2,0.5405,0.7175,0.888
891f2a6cd23ffff,9,10,5,0.4452,0.626,0.8224
891f2a6cd27ffff,9,10,7,0.4981,0.679,0.8757
891f2a6cd2fffff,9,10,2,0.4625,0.6445,0.862
891f2a6cd33ffff,9,10,7,0.423,0.5997,0.8004
891f2a6cd37ffff,9,10,7,0.3906,0.5794,0.7894
891f2a6cd3bffff,9,10,2,0.4205,0.5995,0.7945
891f2a6cd83ffff,9,10,7,0.4213,0.6029,0.8119
891f2a6cd87ffff,9,10,7,0.4466,0.6324,0.8271
891f2a6cd8bffff,9,10,7,0.3676,0.5449,0.7354
891f2a6cd8fffff,9,10,7,0.4163,0.6043,0.7989
891f2a6cd93ffff,9,10,7,0.47,0.6456,0.8304
891f2a6cd97ffff,9,10,7,0.4559,0.6269,0.8177
891f2a6cd9bffff,9,10,7,0.344,0.5256,0.7263
891f2a6cda3ffff,9,10,7,0.3313,0.5204,0.7193
891f2a6cda7ffff,9,10,7,0.3487,0.5277,0.729
891f2a6cdabffff,9,10,7,0.3631,0.5477,0.7497
891f2a6cdafffff,9,10,7,0.4026,0.58,0.7857
891f2a6cdb3ffff,9,10,7,0.401,0.585,0.79
891f2a6cdb7ffff,9,10,7,0.3483,0.528,0.7257
891f2a6cdbbffff,9,10,7,0.3514,0.5377,0.7383
891f2a6cdc3ffff,9,10,5,0.3724,0.561,0.7744
891f2a6cdc7ffff,9,10,7,0.3197,0.4936,0.6901
891f2a6cdd3ffff,9,10,7,0.2884,0.4516,0.6547
891f2a6cdd7ffff,9,10,7,0.2371,0.4246,0.6301
891f2a6cddbffff,9,10,2,0.356,0.537,0.744
891f2a6e003ffff,9,10,7,0.3923,0.5713,0.7557
891f2a6e007ffff,9,10,7,0.3714,0.543,0.7479
891f2a6e00bffff,9,10,7,0.4767,0.6526,0.8424
891f2a6e00fffff,9,10,7,0.3956,0.5813,0.7723
891f2a6e013ffff,9,10,7,0.4246,0.6024,0.7954
891f2a6e017ffff,9,10,7,0.3717,0.5533,0.744
891f2a6e01bffff,9,10,7,0.3171,0.504,0.7064
891f2a6e023ffff,9,10,7,0.4404,0.6224,0.8137
891f2a6e027ffff,9,10,7,0.4719,0.6639,0.8434
891f2a6e02bffff,9,10,7,0.4069,0.5827,0.7893
891f2a6e02fffff,9,10,7,0.4657,0.642,0.8433
891f2a6e033ffff,9,10,7,0.3803,0.551,0.7487
891f2a6e037ffff,9,10,7,0.4286,0.6039,0.8089
891f2a6e03bffff,9,10,7,0.4524,0.6391,0.8319
891f2a6e047ffff,9,10,4,0.3488,0.541,0.7455
891f2a6e053ffff,9,10,3,0.3417,0.528,0.7267
891f2a6e057ffff,9,10,7,0.4376,0.62,0.8141
891f2a6e063ffff,9,10,6,0.356,0.5357,0.7388
891f2a6e067ffff,9,10,7,0.3904,0.5737,0.7803
891f2a6e06fffff,9,10,2,0.3715,0.552,0.7325
891f2a6e073ffff,9,10,7,0.456,0.6337,0.8486
891f2a6e077ffff,9,10,7,0.4117,0.5936,0.7933
891f2a6e083ffff,9,10,7,0.3724,0.558,0.7547
891f2a6e087ffff,9,10,7,0.439,0.6236,0.824
891f2a6e08bffff,9,10,7,0.3931,0.5786,0.7844
891f2a6e08fffff,9,10,7,0.3713,0.5531,0.7641
891f2a6e093ffff,9,10,7,0.408,0.5924,0.7956
891f2a6e097ffff,9,10,7,0.3514,0.5364,0.7359
891f2a6e09bffff,9,10,7,0.3463,0.5271,0.726
891f2a6e0a3ffff,9,10,7,0.4079,0.5874,0.7859
891f2a6e0a7ffff,9,10,7,0.475,0.6516,0.8606
891f2a6e0abffff,9,10,7,0.4719,0.6443,0.8479
891f2a6e0afffff,9,10,7,0.4934,0.6736,0.8796
891f2a6e0b3ffff,9,10,7,0.4953,0.6797,0.8704
891f2a6e0b7ffff,9,10,7,0.4269,0.613,0.8051
891f2a6e0bbffff,9,10,7,0.3411,0.5234,0.721
891f2a6e0c3ffff,9,10,7,0.332,0.514,0.7146
891f2a6e0c7ffff,9,10,7,0.3177,0.4997,0.7037
891f2a6e0cbffff,9,10,7,0.3916,0.568,0.773
891f2a6e0cfffff,9,10,7,0.3671,0.545,0.7366
891f2a6e0d3ffff,9,10,7,0.2621,0.4319,0.6267
891f2a6e0d7ffff,9,10,7,0.2987,0.4836,0.6791
891f2a6e0dbffff,9,10,7,0.3719,0.5436,0.7307
891f2a6e103ffff,9,10,7,0.3907,0.5696,0.773
891f2a6e107ffff,9,10,7,0.4364,0.6156,0.8083
891f2a6e10bffff,9,10,7,0.3401,0.5124,0.7121
891f2a6e10fffff,9,10,7,0.444,0.6163,0.8057
891f2a6e113ffff,9,10,7,0.3347,0.5199,0.7244
891f2a6e117ffff,9,10,7,0.3897,0.5726,0.7634
891f2a6e11bffff,9,10,7,0.3311,0.5154,0.723
891f2a6e123ffff,9,10,7,0.3977,0.5813,0.7741
891f2a6e127ffff,9,10,7,0.395,0.5827,0.7817
891f2a6e12bffff,9,10,7,0.3834,0.5604,0.7539
891f2a6e12fffff,9,10,7,0.4079,0.594,0.7947
891f2a6e133ffff,9,10,7,0.4104,0.5796,0.7864
891f2a6e137ffff,9,10,7,0.3864,0.5721,0.7787
891f2a6e13bffff,9,10,7,0.3851,0.5786,0.7779
891f2a6e143ffff,9,10,7,0.4883,0.6613,0.8529
891f2a6e147ffff,9,10,7,0.4346,0.6089,0.8119
891f2a6e14bffff,9,10,7,0.4691,0.6396,0.8399
891f2a6e14fffff,9,10,7,0.4757,0.6516,0.8423
891f2a6e153ffff,9,10,7,0.4166,0.587,0.7876
891f2a6e157ffff,9,10,7,0.4443,0.6269,0.8311
891f2a6e15bffff,9,10,7,0.4799,0.6599,0.8607
891f2a6e163ffff,9,10,7,0.4197,0.597,0.8031
891f2a6e167ffff,9,10,7,0.3319,0.5097,0.7124
891f2a6e16bffff,9,10,7,0.4236,0.6004,0.7986
891f2a6e16fffff,9,10,7,0.3397,0.518,0.7194
891f2a6e173ffff,9,10,7,0.3484,0.526,0.7236
891f2a6e177ffff,9,10,7,0.2921,0.4759,0.6734
891f2a6e17bffff,9,10,7,0.2891,0.4714,0.6733
891f2a6e183ffff,9,10,7,0.2709,0.4489,0.6429
891f2a6e187ffff,9,10,7,0.2877,0.4854,0.6897
891f2a6e18bffff,9,10,7,0.4549,0.6194,0.8197
891f2a6e18fffff,9,10,7,0.3197,0.5014,0.7006
891f2a6e193ffff,9,10,7,0.388,0.5686,0.7727
891f2a6e197ffff,9,10,7,0.3744,0.5731,0.7831
891f2a6e19bffff,9,10,7,0.4129,0.5949,0.7941
891f2a6e1a3ffff,9,10,7,0.3594,0.5253,0.7269
891f2a6e1a7ffff,9,10,7,0.4363,0.63,0.8273
891f2a6e1abffff,9,10,7,0.4834,0.6544,0.844
891f2a6e1afffff,9,10,7,0.389,0.5724,0.7687
891f2a6e1b3ffff,9,10,7,0.366,0.5421,0.7341
891f2a6e1b7ffff,9,10,7,0.3379,0.5341,0.7361
891f2a6e1bbffff,9,10,7,0.3764,0.561,0.7776
891f2a6e1c3ffff,9,10,7,0.408,0.591,0.7949
891f2a6e1c7ffff,9,10,7,0.3591,0.5303,0.7227
891f2a6e1cbffff,9,10,7,0.3619,0.5451,0.7434
891f2a6e1cfffff,9,10,7,0.3844,0.5676,0.7739
891f2a6e1d3ffff,9,10,7,0.4047,0.5813,0.7773
891f2a6e1d7ffff,9,10,7,0.379,0.5691,0.7799
891f2a6e1dbffff,9,10,7,0.4987,0.6777,0.8666
891f2a6e307ffff,9,10,4,0.3205,0.5028,0.7063
891f2a6e317ffff,9,10,7,0.2794,0.4594,0.6594
891f2a6e323ffff,9,10,7,0.1621,0.3443,0.5311
891f2a6e327ffff,9,10,7,0.1431,0.332,0.5283
891f2a6e32bffff,9,10,1,0.105,0.303,0.474
891f2a6e32fffff,9,10,2,0.2525,0.435,0.616
891f2a6e333ffff,9,10,7,0.3321,0.5059,0.7059
891f2a6e337ffff,9,10,7,0.222,0.4089,0.6079
891f2a6e33bffff,9,10,4,0.274,0.4542,0.6458
891f2a6e383ffff,9,10,7,0.4214,0.5899,0.7754
891f2a6e387ffff,9,10,7,0.3933,0.5603,0.7657
891f2a6e38bffff,9,10,2,0.35,0.506,0.715
891f2a6e38fffff,9,10,7,0.3056,0.48,0.6836
891f2a6e393ffff,9,10,7,0.4643,0.6329,0.8229
891f2a6e397ffff,9,10,7,0.461,0.6356,0.8259
891f2a6e39bffff,9,10,5,0.3802,0.559,0.7736
891f2a6e3a3ffff,9,10,7,0.3636,0.5436,0.7491
891f2a6e3a7ffff,9,10,7,0.3986,0.5823,0.7856
891f2a6e3abffff,9,10,7,0.2984,0.4706,0.6744
891f2a6e3afffff,9,10,7,0.476,0.6544,0.8447
891f2a6e3b3ffff,9,10,7,0.4251,0.606,0.808
891f2a6e3b7ffff,9,10,7,0.3316,0.5237,0.7174
891f2a6e3bbffff,9,10,7,0.377,0.5619,0.7599
891f2a6e403ffff,9,10,7,0.3979,0.5857,0.793
891f2a6e407ffff,9,10,7,0.3783,0.557,0.7514
891f2a6e40bffff,9,10,7,0.469,0.6457,0.8544
891f2a6e40fffff,9,10,7,0.4224,0.593,0.7916
891f2a6e413ffff,9,10,7,0.3393,0.5139,0.7111
891f2a6e417ffff,9,10,7,0.3457,0.5326,0.7321
891f2a6e41bffff,9,10,7,0.4171,0.5949,0.8004
891f2a6e423ffff,9,10,7,0.3277,0.5023,0.7031
891f2a6e427ffff,9,10,7,0.4217,0.6103,0.808
891f2a6e42bffff,9,10,7,0.4111,0.593,0.7839
891f2a6e42fffff,9,10,7,0.3684,0.54,0.7481
891f2a6e433ffff,9,10,7,0.3933,0.5603,0.7551
891f2a6e437ffff,9,10,7,0.458,0.639,0.8394
891f2a6e43bffff,9,10,7,0.2861,0.4633,0.6669
891f2a6e443ffff,9,10,7,0.423,0.6099,0.7981
891f2a6e447ffff,9,10,7,0.4199,0.5887,0.7893
891f2a6e44bffff,9,10,7,0.331,0.5063,0.6951
891f2a6e44fffff,9,10,7,0.3136,0.4999,0.703
891f2a6e453ffff,9,10,7,0.3809,0.555,0.7636
891f2a6e457ffff,9,10,7,0.4241,0.5974,0.8013
891f2a6e45bffff,9,10,7,0.3974,0.5831,0.7844
891f2a6e463ffff,9,10,7,0.3503,0.521,0.7174
891f2a6e467ffff,9,10,7,0.3437,0.5299,0.722
891f2a6e46bffff,9,10,7,0.2844,0.4683,0.6651
891f2a6e46fffff,9,10,7,0.2719,0.4456,0.6487
891f2a6e473ffff,9,10,7,0.4547,0.6276,0.8314
891f2a6e477ffff,9,10,7,0.3151,0.4877,0.6964
891f2a6e47bffff,9,10,7,0.3817,0.5703,0.7816
891f2a6e483ffff,9,10,7,0.4067,0.5956,0.7991
891f2a6e487ffff,9,10,7,0.4676,0.6434,0.8469
891f2a6e48bffff,9,10,7,0.3413,0.5161,0.7229
891f2a6e48fffff,9,10,7,0.4164,0.5977,0.792
891f2a6e493ffff,9,10,7,0.4107,0.5893,0.7853
891f2a6e497ffff,9,10,7,0.495,0.6757,0.8681
891f2a6e49bffff,9,10,7,0.4239,0.5943,0.8001
891f2a6e4a3ffff,9,10,7,0.4316,0.6127,0.8154
891f2a6e4a7ffff,9,10,7,0.3927,0.5704,0.7626
891f2a6e4abffff,9,10,7,0.3194,0.5064,0.7167
891f2a6e4afffff,9,10,7,0.4463,0.6264,0.8264
891f2a6e4b3ffff,9,10,7,0.42,0.6063,0.8133
891f2a6e4b7ffff,9,10,7,0.4551,0.6349,0.8449
891f2a6e4bbffff,9,10,7,0.44,0.6163,0.809
891f2a6e4c3ffff,9,10,7,0.3461,0.5219,0.7113
891f2a6e4c7ffff,9,10,7,0.2966,0.4749,0.6697
891f2a6e4cbffff,9,10,7,0.4049,0.5794,0.7887
891f2a6e4cfffff,9,10,7,0.3186,0.4917,0.6819
891f2a6e4d3ffff,9,10,7,0.3964,0.5829,0.774
891f2a6e4d7ffff,9,10,7,0.3686,0.543,0.7416
891f2a6e4dbffff,9,10,7,0.3486,0.5337,0.7426
891f2a6e503ffff,9,10,7,0.4667,0.6399,0.8344
891f2a6e507ffff,9,10,7,0.4054,0.5921,0.7873
891f2a6e50bffff,9,10,7,0.3487,0.5286,0.7213
891f2a6e50fffff,9,10,7,0.4754,0.6606,0.8483
891f2a6e513ffff,9,10,7,0.4114,0.5929,0.7893
891f2a6e517ffff,9,10,7,0.5356,0.7139,0.909
891f2a6e51bffff,9,10,7,0.3693,0.5616,0.7711
891f2a6e523ffff,9,10,7,0.3177,0.4851,0.684
891f2a6e527ffff,9,10,7,0.3187,0.514,0.7177
891f2a6e52bffff,9,10,7,0.436,0.62,0.8181
891f2a6e52fffff,9,10,7,0.4049,0.5851,0.7846
891f2a6e533ffff,9,10,7,0.3706,0.5504,0.7474
891f2a6e537ffff,9,10,7,0.328,0.505,0.6974
891f2a6e53bffff,9,10,7,0.4589,0.6396,0.8464
891f2a6e543ffff,9,10,7,0.4871,0.6674,0.861
891f2a6e547ffff,9,10,7,0.4059,0.5889,0.7879
891f2a6e54bffff,9,10,7,0.4806,0.6543,0.8484
891f2a6e54fffff,9,10,7,0.4697,0.6523,0.8427
891f2a6e553ffff,9,10,7,0.4129,0.5976,0.8031
891f2a6e557ffff,9,10,7,0.4661,0.6427,0.8457
891f2a6e55bffff,9,10,7,0.4544,0.6361,0.8307
891f2a6e563ffff,9,10,7,0.3699,0.5361,0.741
891f2a6e567ffff,9,10,7,0.4526,0.6257,0.8233
891f2a6e56bffff,9,10,7,0.4651,0.6366,0.8337
891f2a6e56fffff,9,10,7,0.3283,0.5076,0.7007
891f2a6e573ffff,9,10,7,0.4829,0.6511,0.85
891f2a6e577ffff,9,10,7,0.487,0.6649,0.8763
891f2a6e57bffff,9,10,7,0.5193,0.6937,0.89
891f2a6e583ffff,9,10,7,0.4803,0.66,0.8594
891f2a6e587ffff,9,10,7,0.398,0.576,0.7886
891f2a6e58bffff,9,10,7,0.482,0.6689,0.8519
891f2a6e58fffff,9,10,7,0.4569,0.6274,0.8334
891f2a6e593ffff,9,10,7,0.4836,0.6743,0.853
891f2a6e597ffff,9,10,7,0.4036,0.5913,0.7956
891f2a6e59bffff,9,10,7,0.3921,0.5689,0.774
891f2a6e5a3ffff,9,10,7,0.4384,0.6277,0.8343
891f2a6e5a7ffff,9,10,7,0.3857,0.5626,0.7593
891f2a6e5abffff,9,10,7,0.392,0.5783,0.7929
891f2a6e5afffff,9,10,7,0.3137,0.5083,0.7099
891f2a6e5b3ffff,9,10,7,0.2926,0.4877,0.6843
891f2a6e5b7ffff,9,10,7,0.3796,0.5579,0.7623
891f2a6e5bbffff,9,10,7,0.4006,0.5781,0.7701
891f2a6e5c3ffff,9,10,7,0.3926,0.5821,0.7843
891f2a6e5c7ffff,9,10,7,0.3994,0.5884,0.792
891f2a6e5cbffff,9,10,7,0.4764,0.656,0.8534
891f2a6e5cfffff,9,10,7,0.4427,0.6299,0.8223
891f2a6e5d3ffff,9,10,7,0.4037,0.59,0.797
891f2a6e5d7ffff,9,10,7,0.4321,0.61,0.811
891f2a6e5dbffff,9,10,7,0.437,0.6184,0.8249
891f2a6e613ffff,9,10,5,0.371,0.5492,0.7496
891f2a6e617ffff,9,10,2,0.5285,0.694,0.8875
891f2a6e633ffff,9,10,1,0.415,0.58,0.79
891f2a6e637ffff,9,10,5,0.3918,0.572,0.7728
891f2a6e683ffff,9,10,7,0.296,0.4796,0.6766
891f2a6e687ffff,9,10,7,0.3483,0.5356,0.7413
891f2a6e68bffff,9,10,7,0.3687,0.5447,0.7411
891f2a6e68fffff,9,10,7,0.4627,0.6361,0.838
891f2a6e693ffff,9,10,7,0.369,0.557,0.7599
891f2a6e697ffff,9,10,7,0.3643,0.547,0.7656
891f2a6e69bffff,9,10,7,0.4547,0.6373,0.8179
891f2a6e6a3ffff,9,10,7,0.3277,0.5117,0.712
891f2a6e6a7ffff,9,10,7,0.342,0.5243,0.726
891f2a6e6abffff,9,10,5,0.3626,0.5396,0.7436
891f2a6e6afffff,9,10,7,0.271,0.4587,0.6679
891f2a6e6b3ffff,9,10,7,0.4164,0.5883,0.7914
891f2a6e6b7ffff,9,10,7,0.2349,0.4064,0.5984
891f2a6e6bbffff,9,10,7,0.2953,0.4657,0.6684
891f2a6e6c7ffff,9,10,2,0.3585,0.5365,0.7215
891f2a6e6d7ffff,9,10,5,0.3964,0.574,0.7774
891f2a6e803ffff,9,10,7,0.4271,0.607,0.8054
891f2a6e807ffff,9,10,7,0.3659,0.5461,0.7451
891f2a6e80bffff,9,10,7,0.3733,0.5707,0.7744
891f2a6e80fffff,9,10,7,0.3249,0.5036,0.7054
891f2a6e813ffff,9,10,7,0.4209,0.5959,0.7869
891f2a6e817ffff,9,10,7,0.3813,0.5527,0.7493
891f2a6e81bffff,9,10,7,0.5334,0.7206,0.9161
891f2a6e823ffff,9,10,7,0.4401,0.6246,0.821
891f2a6e827ffff,9,10,7,0.3989,0.5743,0.768
891f2a6e82bffff,9,10,7,0.3591,0.5416,0.7206
891f2a6e82fffff,9,10,7,0.4913,0.6689,0.8621
891f2a6e833ffff,9,10,7,0.3547,0.5397,0.7319
891f2a6e837ffff,9,10,7,0.4583,0.6279,0.8336
891f2a6e83bffff,9,10,7,0.3517,0.5407,0.7461
891f2a6e843ffff,9,10,7,0.4003,0.5786,0.7713
891f2a6e847ffff,9,10,7,0.4173,0.5994,0.8006
891f2a6e84bffff,9,10,7,0.4204,0.598,0.798
891f2a6e84fffff,9,10,7,0.4007,0.573,0.7754
891f2a6e853ffff,9,10,7,0.423,0.6043,0.7937
891f2a6e857ffff,9,10,7,0.4051,0.5801,0.785
891f2a6e85bffff,9,10,7,0.4417,0.6233,0.8334
891f2a6e863ffff,9,10,7,0.3786,0.5557,0.745
891f2a6e867ffff,9,10,7,0.3641,0.5387,0.7457
891f2a6e86bffff,9,10,7,0.3891,0.5691,0.7763
891f2a6e86fffff,9,10,7,0.3511,0.5381,0.7387
891f2a6e873ffff,9,10,7,0.413,0.5883,0.7823
891f2a6e877ffff,9,10,7,0.3017,0.4846,0.6963
891f2a6e87bffff,9,10,7,0.3554,0.5314,0.7376
891f2a6e883ffff,9,10,7,0.4511,0.6284,0.8177
891f2a6e887ffff,9,10,7,0.4874,0.672,0.8636
891f2a6e88bffff,9,10,7,0.4821,0.6696,0.8631
891f2a6e88fffff,9,10,7,0.445,0.6247,0.831
891f2a6e893ffff,9,10,7,0.4197,0.6036,0.8103
891f2a6e897ffff,9,10,7,0.405,0.5909,0.7997
891f2a6e89bffff,9,10,7,0.3753,0.5687,0.769
891f2a6e8a3ffff,9,10,7,0.3827,0.5679,0.7713
891f2a6e8a7ffff,9,10,7,0.4519,0.6294,0.8401
891f2a6e8abffff,9,10,7,0.3936,0.5643,0.7569
891f2a6e8afffff,9,10,7,0.4501,0.6297,0.8373
891f2a6e8b3ffff,9,10,7,0.4494,0.628,0.8467
891f2a6e8b7ffff,9,10,7,0.4494,0.6163,0.8247
891f2a6e8bbffff,9,10,7,0.5299,0.7123,0.9019
891f2a6e8c3ffff,9,10,7,0.4511,0.6321,0.8206
891f2a6e8c7ffff,9,10,7,0.4321,0.616,0.8217
891f2a6e8cbffff,9,10,7,0.3994,0.5777,0.7866
891f2a6e8cfffff,9,10,7,0.5447,0.7151,0.8921
891f2a6e8d3ffff,9,10,7,0.4351,0.6139,0.8133
891f2a6e8d7ffff,9,10,7,0.465,0.635,0.8371
891f2a6e8dbffff,9,10,7,0.4373,0.6287,0.8307
891f2a6e903ffff,9,10,7,0.4154,0.6047,0.8106
891f2a6e907ffff,9,10,7,0.4166,0.5906,0.7943
891f2a6e90bffff,9,10,7,0.4656,0.6474,0.85
891f2a6e90fffff,9,10,7,0.44,0.619,0.8111
891f2a6e913ffff,9,10,7,0.3114,0.4954,0.6896
891f2a6e917ffff,9,10,7,0.3331,0.514,0.7116
891f2a6e91bffff,9,10,7,0.1654,0.3459,0.554
891f2a6e923ffff,9,10,7,0.3774,0.5526,0.7426
891f2a6e927ffff,9,10,7,0.4183,0.5944,0.7919
891f2a6e92bffff,9,10,7,0.4196,0.6011,0.7946
891f2a6e92fffff,9,10,7,0.3733,0.5533,0.75
891f2a6e933ffff,9,10,7,0.4046,0.5731,0.7614
891f2a6e937ffff,9,10,7,0.424,0.6157,0.8193
891f2a6e93bffff,9,10,7,0.4037,0.5917,0.7957
891f2a6e943ffff,9,10,7,0.2986,0.4776,0.6874
891f2a6e947ffff,9,10,7,0.3991,0.5733,0.786
891f2a6e94bffff,9,10,7,0.3281,0.5137,0.7089
891f2a6e94fffff,9,10,7,0.352,0.5313,0.7351
891f2a6e953ffff,9,10,7,0.29,0.466,0.6614
891f2a6e957ffff,9,10,7,0.2924,0.4714,0.6657
891f2a6e95bffff,9,10,7,0.2907,0.4776,0.6764
891f2a6e963ffff,9,10,7,0.361,0.5384,0.7387
891f2a6e967ffff,9,10,7,0.4181,0.6099,0.803
891f2a6e96bffff,9,10,7,0.3294,0.51,0.7046
891f2a6e96fffff,9,10,7,0.3421,0.5197,0.717
891f2a6e973ffff,9,10,7,0.4747,0.6577,0.8513
891f2a6e977ffff,9,10,7,0.4739,0.653,0.8611
891f2a6e97bffff,9,10,7,0.4203,0.6064,0.8023
891f2a6e983ffff,9,10,7,0.2857,0.4586,0.6626
891f2a6e987ffff,9,10,7,0.3734,0.5413,0.755
891f2a6e98bffff,9,10,7,0.3099,0.4766,0.6729
891f2a6e98fffff,9,10,7,0.3493,0.5304,0.7249
891f2a6e993ffff,9,10,7,0.2963,0.4786,0.6816
891f2a6e997ffff,9,10,7,0.3794,0.5534,0.7461
891f2a6e99bffff,9,10,7,0.3167,0.491,0.6926
891f2a6e9a3ffff,9,10,7,0.432,0.6171,0.8197
891f2a6e9a7ffff,9,10,7,0.4809,0.662,0.8647
891f2a6e9abffff,9,10,7,0.3324,0.5127,0.7171
891f2a6e9afffff,9,10,7,0.4529,0.6286,0.8333
891f2a6e9b3ffff,9,10,7,0.4444,0.6197,0.813
891f2a6e9b7ffff,9,10,7,0.4573,0.6349,0.838
891f2a6e9bbffff,9,10,7,0.3496,0.5229,0.7081
891f2a6e9c3ffff,9,10,7,0.2086,0.3819,0.5863
891f2a6e9c7ffff,9,10,7,0.167,0.3307,0.5237
891f2a6e9cbffff,9,10,7,0.3677,0.5439,0.7363
891f2a6e9cfffff,9,10,7,0.1213,0.2881,0.4986
891f2a6e9d3ffff,9,10,7,0.3614,0.5333,0.7251
891f2a6e9d7ffff,9,10,7,0.3029,0.4764,0.6616
891f2a6e9dbffff,9,10,7,0.4146,0.603,0.7954
891f2a6ea03ffff,9,10,7,0.4003,0.578,0.7687
891f2a6ea07ffff,9,10,7,0.4097,0.5964,0.784
891f2a6ea0bffff,9,10,1,0.528,0.736,0.93
891f2a6ea0fffff,9,10,7,0.4679,0.6633,0.8556
891f2a6ea13ffff,9,10,7,0.4259,0.6067,0.8144
891f2a6ea17ffff,9,10,7,0.4194,0.5954,0.7994
891f2a6ea1bffff,9,10,3,0.4907,0.686,0.904
891f2a6ea23ffff,9,10,7,0.3866,0.5744,0.7673
891f2a6ea27ffff,9,10,7,0.4201,0.6056,0.8083
891f2a6ea2bffff,9,10,7,0.4317,0.6066,0.8016
891f2a6ea2fffff,9,10,7,0.4214,0.6099,0.8066
891f2a6ea33ffff,9,10,7,0.3723,0.5577,0.7713
891f2a6ea37ffff,9,10,7,0.4397,0.6306,0.8196
891f2a6ea3bffff,9,10,7,0.3986,0.5836,0.78
891f2a6ea67ffff,9,10,3,0.5003,0.6793,0.903
891f2a6ea77ffff,9,10,6,0.3625,0.5458,0.7455
891f2a6ea83ffff,9,10,7,0.368,0.5499,0.7459
891f2a6ea87ffff,9,10,7,0.3496,0.5286,0.7269
891f2a6ea8bffff,9,10,7,0.4496,0.6244,0.8249
891f2a6ea8fffff,9,10,7,0.4191,0.5994,0.7954
891f2a6ea93ffff,9,10,7,0.3884,0.5601,0.751
891f2a6ea97ffff,9,10,7,0.3809,0.5543,0.7523
891f2a6ea9bffff,9,10,7,0.4269,0.5973,0.7884
891f2a6eaa3ffff,9,10,7,0.41,0.5854,0.7879
891f2a6eaa7ffff,9,10,7,0.4787,0.6613,0.8519
891f2a6eaabffff,9,10,7,0.3771,0.5537,0.763
891f2a6eaafffff,9,10,7,0.3919,0.5653,0.773
891f2a6eab3ffff,9,10,7,0.5251,0.7094,0.8749
891f2a6eab7ffff,9,10,7,0.3787,0.5614,0.7594
891f2a6eabbffff,9,10,7,0.4714,0.6513,0.8401
891f2a6eac3ffff,9,10,1,0.56,0.71,0.881
891f2a6eac7ffff,9,10,6,0.3592,0.539,0.7372
891f2a6ead3ffff,9,10,5,0.415,0.5966,0.7964
891f2a6ead7ffff,9,10,7,0.4541,0.6501,0.8337
891f2a6eb03ffff,9,10,7,0.3733,0.5421,0.7334
891f2a6eb07ffff,9,10,7,0.4411,0.6264,0.826
891f2a6eb0bffff,9,10,7,0.4013,0.5894,0.7901
891f2a6eb0fffff,9,10,7,0.4551,0.628,0.833
891f2a6eb13ffff,9,10,7,0.4271,0.6043,0.8004
891f2a6eb17ffff,9,10,7,0.4293,0.6049,0.8076
891f2a6eb1bffff,9,10,7,0.4291,0.5916,0.7911
891f2a6eb23ffff,9,10,7,0.4269,0.6053,0.8117
891f2a6eb27ffff,9,10,7,0.4379,0.6133,0.8156
891f2a6eb2bffff,9,10,7,0.4263,0.6003,0.7956
891f2a6eb2fffff,9,10,7,0.4047,0.5801,0.788
891f2a6eb33ffff,9,10,7,0.3987,0.5794,0.7711
891f2a6eb37ffff,9,10,7,0.4127,0.5924,0.7916
891f2a6eb3bffff,9,10,7,0.4421,0.6247,0.8339
891f2a6eb43ffff,9,10,7,0.3559,0.5313,0.7421
891f2a6eb47ffff,9,10,7,0.3501,0.5354,0.735
891f2a6eb4bffff,9,10,7,0.4434,0.6271,0.8306
891f2a6eb4fffff,9,10,7,0.4051,0.5991,0.7981
891f2a6eb53ffff,9,10,7,0.4834,0.654,0.8516
891f2a6eb57ffff,9,10,7,0.377,0.5657,0.7647
891f2a6eb5bffff,9,10,7,0.3924,0.576,0.78
891f2a6eb63ffff,9,10,7,0.309,0.4967,0.6951
891f2a6eb67ffff,9,10,7,0.316,0.4993,0.7033
891f2a6eb6bffff,9,10,7,0.3574,0.5366,0.7343
891f2a6eb6fffff,9,10,7,0.2967,0.4857,0.6929
891f2a6eb73ffff,9,10,7,0.3796,0.5606,0.7404
891f2a6eb77ffff,9,10,7,0.3659,0.5426,0.7419
891f2a6eb7bffff,9,10,7,0.287,0.4736,0.6834
891f2a6eb83ffff,9,10,7,0.4296,0.5983,0.784
891f2a6eb87ffff,9,10,7,0.4111,0.5863,0.7921
891f2a6eb8bffff,9,10,7,0.4394,0.626,0.8316
891f2a6eb8fffff,9,10,7,0.3493,0.5307,0.7229
891f2a6eb93ffff,9,10,7,0.4241,0.5999,0.8066
891f2a6eb97ffff,9,10,7,0.3423,0.5344,0.7316
891f2a6eb9bffff,9,10,7,0.2949,0.4779,0.6817
891f2a6eba3ffff,9,10,7,0.3954,0.5737,0.7613
891f2a6eba7ffff,9,10,7,0.4017,0.5783,0.7771
891f2a6ebabffff,9,10,7,0.4531,0.6267,0.8411
891f2a6ebafffff,9,10,7,0.4024,0.5756,0.7844
891f2a6ebb3ffff,9,10,7,0.448,0.6281,0.8329
891f2a6ebb7ffff,9,10,7,0.458,0.631,0.8316
891f2a6ebbbffff,9,10,7,0.3651,0.5446,0.759
891f2a6ebc3ffff,9,10,7,0.4427,0.61,0.8166
891f2a6ebc7ffff,9,10,7,0.3864,0.5754,0.7761
891f2a6ebcbffff,9,10,7,0.4597,0.641,0.8414
891f2a6ebcfffff,9,10,7,0.4494,0.6143,0.8107
891f2a6ebd3ffff,9,10,7,0.4893,0.6684,0.8533
891f2a6ebd7ffff,9,10,7,0.449,0.6213,0.8256
891f2a6ebdbffff,9,10,7,0.4333,0.6161,0.8166
891f2a6ec03ffff,9,10,7,0.3746,0.5471,0.7516
891f2a6ec07ffff,9,10,7,0.4127,0.6,0.785
891f2a6ec0bffff,9,10,7,0.4044,0.5856,0.7741
891f2a6ec0fffff,9,10,7,0.3399,0.5091,0.7083
891f2a6ec13ffff,9,10,7,0.4006,0.5856,0.7977
891f2a6ec17ffff,9,10,7,0.3834,0.5723,0.7651
891f2a6ec1bffff,9,10,7,0.3439,0.518,0.7211
891f2a6ec23ffff,9,10,7,0.4224,0.5839,0.7844
891f2a6ec27ffff,9,10,7,0.4384,0.6146,0.8109
891f2a6ec2bffff,9,10,7,0.375,0.5557,0.7471
891f2a6ec2fffff,9,10,7,0.3736,0.5434,0.7284
891f2a6ec33ffff,9,10,7,0.3999,0.58,0.7819
891f2a6ec37ffff,9,10,7,0.3589,0.5397,0.7504
891f2a6ec3bffff,9,10,7,0.2971,0.4799,0.6823
891f2a6ec43ffff,9,10,7,0.3159,0.4893,0.6851
891f2a6ec47ffff,9,10,7,0.3909,0.5794,0.7774
891f2a6ec4bffff,9,10,7,0.3654,0.5534,0.7649
891f2a6ec4fffff,9,10,7,0.3711,0.5471,0.7543
891f2a6ec53ffff,9,10,7,0.3977,0.5689,0.7724
891f2a6ec57ffff,9,10,7,0.4163,0.5909,0.7773
891f2a6ec5bffff,9,10,7,0.3819,0.557,0.744
891f2a6ec63ffff,9,10,7,0.3664,0.54,0.7373
891f2a6ec67ffff,9,10,7,0.3247,0.5103,0.7246
891f2a6ec6bffff,9,10,7,0.485,0.6637,0.8444
891f2a6ec6fffff,9,10,7,0.3811,0.5607,0.7761
891f2a6ec73ffff,9,10,7,0.2859,0.467,0.6814
891f2a6ec77ffff,9,10,7,0.3377,0.5127,0.7204
891f2a6ec7bffff,9,10,7,0.3941,0.5671,0.7663
891f2a6ec83ffff,9,10,7,0.3779,0.5607,0.769
891f2a6ec87ffff,9,10,7,0.3441,0.5216,0.7153
891f2a6ec8bffff,9,10,7,0.4431,0.6211,0.8221
891f2a6ec8fffff,9,10,7,0.3527,0.5291,0.7214
891f2a6ec93ffff,9,10,7,0.4347,0.6123,0.8087
891f2a6ec97ffff,9,10,7,0.3193,0.5024,0.6986
891f2a6ec9bffff,9,10,7,0.3496,0.5226,0.7323
891f2a6eca3ffff,9,10,7,0.3381,0.5127,0.7093
891f2a6eca7ffff,9,10,7,0.407,0.5851,0.7697
891f2a6ecabffff,9,10,7,0.4253,0.6149,0.8084
891f2a6ecafffff,9,10,7,0.3727,0.544,0.7297
891f2a6ecb3ffff,9,10,7,0.4554,0.6344,0.8133
891f2a6ecb7ffff,9,10,7,0.3761,0.5603,0.7591
891f2a6ecbbffff,9,10,7,0.4653,0.6301,0.8287
891f2a6ecc3ffff,9,10,7,0.4123,0.5957,0.8031
891f2a6ecc7ffff,9,10,7,0.3113,0.4937,0.6984
891f2a6eccbffff,9,10,7,0.4336,0.6143,0.8141
891f2a6eccfffff,9,10,7,0.4119,0.6006,0.7961
891f2a6ecd3ffff,9,10,7,0.4083,0.5944,0.7951
891f2a6ecd7ffff,9,10,7,0.3796,0.5613,0.7589
891f2a6ecdbffff,9,10,7,0.4783,0.6576,0.8417
891f2a6ed03ffff,9,10,7,0.4467,0.6294,0.835
891f2a6ed07ffff,9,10,7,0.3653,0.5389,0.7381
891f2a6ed0bffff,9,10,7,0.3783,0.5646,0.7776
891f2a6ed0fffff,9,10,7,0.4009,0.5837,0.7936
891f2a6ed13ffff,9,10,7,0.388,0.5623,0.7589
891f2a6ed17ffff,9,10,7,0.2766,0.4556,0.645
891f2a6ed1bffff,9,10,7,0.43,0.6103,0.8016
891f2a6ed23ffff,9,10,7,0.4477,0.6301,0.83
891f2a6ed27ffff,9,10,7,0.505,0.6901,0.8826
891f2a6ed2bffff,9,10,7,0.3699,0.5399,0.7424
891f2a6ed2fffff,9,10,7,0.3593,0.537,0.7343
891f2a6ed33ffff,9,10,7,0.3593,0.5393,0.7317
891f2a6ed37ffff,9,10,7,0.359,0.5417,0.7441
891f2a6ed3bffff,9,10,7,0.3236,0.5007,0.6974
891f2a6ed43ffff,9,10,7,0.3643,0.5451,0.7367
891f2a6ed47ffff,9,10,7,0.4294,0.6217,0.8244
891f2a6ed4bffff,9,10,7,0.4316,0.6013,0.8029
891f2a6ed4fffff,9,10,7,0.4837,0.658,0.868
891f2a6ed53ffff,9,10,7,0.4641,0.6496,0.8343
891f2a6ed57ffff,9,10,7,0.2924,0.4754,0.6757
891f2a6ed5bffff,9,10,7,0.4074,0.5784,0.7743
891f2a6ed63ffff,9,10,7,0.4099,0.5857,0.7811
891f2a6ed67ffff,9,10,7,0.3296,0.5076,0.7136
891f2a6ed6bffff,9,10,7,0.4066,0.5896,0.7886
891f2a6ed6fffff,9,10,7,0.3549,0.5259,0.7329
891f2a6ed73ffff,9,10,7,0.3824,0.5667,0.764
891f2a6ed77ffff,9,10,7,0.4671,0.6451,0.8536
891f2a6ed7bffff,9,10,7,0.3786,0.5553,0.7554
891f2a6ed83ffff,9,10,7,0.3934,0.5666,0.7626
891f2a6ed87ffff,9,10,7,0.3123,0.4854,0.6866
891f2a6ed8bffff,9,10,7,0.3884,0.5683,0.7643
891f2a6ed8fffff,9,10,7,0.3596,0.535,0.7363
891f2a6ed93ffff,9,10,7,0.4949,0.673,0.8743
891f2a6ed97ffff,9,10,7,0.4507,0.6357,0.8286
891f2a6ed9bffff,9,10,7,0.4129,0.5941,0.8033
891f2a6eda3ffff,9,10,7,0.3379,0.5303,0.7247
891f2a6eda7ffff,9,10,7,0.3634,0.5471,0.7534
891f2a6edabffff,9,10,7,0.3753,0.5534,0.752
891f2a6edafffff,9,10,7,0.3849,0.5611,0.7571
891f2a6edb3ffff,9,10,7,0.36,0.5339,0.7409
891f2a6edb7ffff,9,10,7,0.3507,0.5299,0.7397
891f2a6edbbffff,9,10,7,0.3219,0.5033,0.695
891f2a6edc3ffff,9,10,7,0.3923,0.5756,0.7753
891f2a6edc7ffff,9,10,7,0.4696,0.6476,0.844
891f2a6edcbffff,9,10,7,0.4261,0.5997,0.8
891f2a6edcfffff,9,10,7,0.3977,0.5777,0.7809
891f2a6edd3ffff,9,10,7,0.381,0.5596,0.7516
891f2a6edd7ffff,9,10,7,0.4023,0.5817,0.7817
891f2a6eddbffff,9,10,7,0.3726,0.5536,0.7641
891f2a6ee03ffff,9,10,7,0.4869,0.6617,0.8589
891f2a6ee07ffff,9,10,7,0.4964,0.6804,0.8831
891f2a6ee0bffff,9,10,7,0.515,0.6893,0.8943
891f2a6ee0fffff,9,10,7,0.4413,0.6251,0.8169
891f2a6ee13ffff,9,10,7,0.4629,0.6437,0.8396
891f2a6ee17ffff,9,10,7,0.3713,0.5477,0.7369
891f2a6ee1bffff,9,10,7,0.49,0.6709,0.8736
891f2a6ee23ffff,9,10,7,0.4303,0.6121,0.8087
891f2a6ee27ffff,9,10,7,0.4657,0.6361,0.8259
891f2a6ee2bffff,9,10,7,0.3734,0.5566,0.7496
891f2a6ee2fffff,9,10,7,0.4703,0.6593,0.8521
891f2a6ee33ffff,9,10,7,0.5087,0.6883,0.8879
891f2a6ee37ffff,9,10,7,0.4254,0.6051,0.8136
891f2a6ee3bffff,9,10,7,0.4173,0.5996,0.7927
891f2a6ee43ffff,9,10,7,0.3074,0.4844,0.6756
891f2a6ee47ffff,9,10,7,0.4794,0.6549,0.8533
891f2a6ee4bffff,9,10,5,0.3352,0.523,0.7296
891f2a6ee4fffff,9,10,7,0.3709,0.542,0.7456
891f2a6ee53ffff,9,10,7,0.3097,0.4936,0.6926
891f2a6ee57ffff,9,10,7,0.4343,0.6241,0.8096
891f2a6ee5bffff,9,10,7,0.1866,0.3676,0.5611
891f2a6ee63ffff,9,10,7,0.407,0.5779,0.7727
891f2a6ee67ffff,9,10,7,0.3984,0.5697,0.7673
891f2a6ee6bffff,9,10,7,0.4437,0.6147,0.8186
891f2a6ee6fffff,9,10,7,0.3921,0.5784,0.775
891f2a6ee73ffff,9,10,7,0.4527,0.6309,0.822
891f2a6ee77ffff,9,10,7,0.3694,0.5597,0.7566
891f2a6ee7bffff,9,10,7,0.4729,0.6593,0.8513
891f2a6ee83ffff,9,10,7,0.3327,0.5041,0.6954
891f2a6ee87ffff,9,10,7,0.3459,0.5294,0.7273
891f2a6ee8bffff,9,10,7,0.3289,0.5063,0.7131
891f2a6ee8fffff,9,10,7,0.2901,0.4696,0.6594
891f2a6ee93ffff,9,10,7,0.4021,0.5759,0.7676
891f2a6ee97ffff,9,10,7,0.4057,0.5769,0.7733
891f2a6ee9bffff,9,10,7,0.3977,0.5669,0.7594
891f2a6eea3ffff,9,10,7,0.4641,0.6406,0.8396
891f2a6eea7ffff,9,10,7,0.4486,0.6347,0.811
891f2a6eeabffff,9,10,7,0.381,0.5727,0.7849
891f2a6eeafffff,9,10,7,0.4279,0.6123,0.8017
891f2a6eeb3ffff,9,10,7,0.4584,0.6373,0.8304
891f2a6eeb7ffff,9,10,7,0.4603,0.637,0.828
891f2a6eebbffff,9,10,7,0.4077,0.5851,0.7806
891f2a6eec3ffff,9,10,7,0.399,0.5773,0.7844
891f2a6eec7ffff,9,10,7,0.4079,0.5963,0.7914
891f2a6eecbffff,9,10,7,0.2633,0.4449,0.6501
891f2a6eecfffff,9,10,7,0.4216,0.6149,0.824
891f2a6eed3ffff,9,10,7,0.3903,0.5721,0.7739
891f2a6eed7ffff,9,10,7,0.3583,0.5326,0.7457
891f2a6eedbffff,9,10,7,0.3037,0.4893,0.6904
891f2a70803ffff,9,10,7,0.4177,0.605,0.8003
891f2a70807ffff,9,10,7,0.4633,0.6447,0.8351
891f2a7080bffff,9,10,7,0.3761,0.5657,0.767
891f2a7080fffff,9,10,7,0.4663,0.6489,0.8421
891f2a70813ffff,9,10,7,0.4256,0.6053,0.803
891f2a70817ffff,9,10,7,0.4109,0.5829,0.7889
891f2a7081bffff,9,10,7,0.3293,0.5177,0.7133
891f2a70823ffff,9,10,7,0.463,0.6374,0.833
891f2a70827ffff,9,10,7,0.4764,0.6557,0.8491
891f2a7082bffff,9,10,7,0.4236,0.6034,0.8037
891f2a7082fffff,9,10,7,0.4191,0.5989,0.7941
891f2a70833ffff,9,10,7,0.508,0.6871,0.8829
891f2a70837ffff,9,10,7,0.4686,0.6496,0.8531
891f2a7083bffff,9,10,7,0.449,0.627,0.8283
891f2a70843ffff,9,10,7,0.1877,0.3799,0.5761
891f2a70847ffff,9,10,7,0.4309,0.6096,0.8151
891f2a7084bffff,9,10,3,0.1063,0.2943,0.4877
891f2a7084fffff,9,10,7,0.2579,0.4354,0.6481
891f2a70853ffff,9,10,5,0.2498,0.4486,0.6528
891f2a70857ffff,9,10,7,0.3844,0.5551,0.7614
891f2a7085bffff,9,10,1,0.084,0.289,0.496
891f2a70863ffff,9,10,7,0.4391,0.6113,0.8224
891f2a70867ffff,9,10,7,0.3894,0.5649,0.766
891f2a7086bffff,9,10,7,0.3654,0.538,0.7414
891f2a7086fffff,9,10,7,0.4257,0.5996,0.7994
891f2a70873ffff,9,10,7,0.4057,0.5897,0.7877
891f2a70877ffff,9,10,7,0.427,0.6089,0.8047
891f2a7087bffff,9,10,7,0.3417,0.5101,0.7014
891f2a70883ffff,9,10,7,0.3689,0.5457,0.7504
891f2a70887ffff,9,10,7,0.4621,0.6361,0.8383
891f2a7088bffff,9,10,7,0.2976,0.479,0.669
891f2a7088fffff,9,10,7,0.3387,0.5127,0.7191
891f2a70893ffff,9,10,7,0.2197,0.4041,0.6044
891f2a70897ffff,9,10,7,0.3133,0.4853,0.6907
891f2a7089bffff,9,10,6,0.1838,0.3675,0.572
891f2a708a3ffff,9,10,7,0.4474,0.6189,0.8163
891f2a708a7ffff,9,10,7,0.4783,0.6569,0.8626
891f2a708abffff,9,10,7,0.5364,0.7063,0.9004
891f2a708afffff,9,10,7,0.486,0.6759,0.8684
891f2a708b3ffff,9,10,7,0.4087,0.5983,0.7993
891f2a708b7ffff,9,10,7,0.4774,0.667,0.848
891f2a708bbffff,9,10,7,0.524,0.7089,0.8996
891f2a708c3ffff,9,10,3,0.2717,0.437,0.663
891f2a708c7ffff,9,10,7,0.3019,0.472,0.6731
891f2a708cbffff,9,10,1,0.071,0.241,0.427
891f2a708cfffff,9,10,7,0.2063,0.3941,0.6064
891f2a708d7ffff,9,10,4,0.226,0.4123,0.611
891f2a70903ffff,9,10,7,0.4731,0.6573,0.8547
891f2a70907ffff,9,10,7,0.5647,0.7441,0.9221
891f2a7090bffff,9,10,7,0.4651,0.6501,0.8456
891f2a7090fffff,9,10,7,0.4411,0.6157,0.8201
891f2a70913ffff,9,10,7,0.4504,0.6287,0.8266
891f2a70917ffff,9,10,7,0.5006,0.6751,0.8671
891f2a7091bffff,9,10,7,0.4969,0.6681,0.8656
891f2a70923ffff,9,10,7,0.4124,0.589,0.7914
891f2a70927ffff,9,10,7,0.3831,0.561,0.7679
891f2a7092bffff,9,10,7,0.4181,0.6076,0.8163
891f2a7092fffff,9,10,7,0.4651,0.6539,0.8376
891f2a70933ffff,9,10,7,0.4843,0.6614,0.8439
891f2a70937ffff,9,10,7,0.34,0.5286,0.7406
891f2a7093bffff,9,10,7,0.3971,0.5834,0.7891
891f2a70943ffff,9,10,7,0.4789,0.6664,0.8687
891f2a70947ffff,9,10,7,0.4843,0.6596,0.8629
891f2a7094bffff,9,10,7,0.4316,0.5974,0.8066
891f2a7094fffff,9,10,7,0.554,0.7279,0.9211
891f2a70953ffff,9,10,7,0.5014,0.6771,0.8724
891f2a70957ffff,9,10,7,0.4081,0.5926,0.7836
891f2a7095bffff,9,10,7,0.4543,0.6291,0.8239
891f2a70963ffff,9,10,7,0.4344,0.6086,0.8053
891f2a70967ffff,9,10,7,0.4673,0.6434,0.836
891f2a7096bffff,9,10,7,0.4829,0.6554,0.8596
891f2a7096fffff,9,10,7,0.4283,0.6097,0.8081
891f2a70973ffff,9,10,7,0.4621,0.6384,0.833
891f2a70977ffff,9,10,7,0.4359,0.6156,0.8239
891f2a7097bffff,9,10,7,0.4494,0.6279,0.8266
891f2a70983ffff,9,10,7,0.4264,0.5921,0.795
891f2a70987ffff,9,10,7,0.4914,0.6674,0.8639
891f2a7098bffff,9,10,7,0.473,0.6451,0.8296
891f2a7098fffff,9,10,7,0.4296,0.6181,0.8267
891f2a70993ffff,9,10,7,0.3126,0.4944,0.6961
891f2a70997ffff,9,10,7,0.3819,0.5444,0.744
891f2a7099bffff,9,10,7,0.4486,0.6331,0.8279
891f2a709a3ffff,9,10,7,0.4366,0.6224,0.8186
891f2a709a7ffff,9,10,7,0.4229,0.6036,0.7967
891f2a709abffff,9,10,7,0.5393,0.7241,0.9173
891f2a709afffff,9,10,7,0.4219,0.6047,0.799
891f2a709b3ffff,9,10,7,0.4396,0.6203,0.8269
891f2a709b7ffff,9,10,7,0.4236,0.6113,0.8081
891f2a709bbffff,9,10,7,0.5026,0.6784,0.874
891f2a709c3ffff,9,10,7,0.4621,0.6427,0.8437
891f2a709c7ffff,9,10,7,0.429,0.6086,0.81
891f2a709cbffff,9,10,7,0.4539,0.6343,0.8333
891f2a709cfffff,9,10,7,0.4936,0.6727,0.8746
891f2a709d3ffff,9,10,7,0.4387,0.6184,0.8159
891f2a709d7ffff,9,10,7,0.4466,0.6211,0.8141
891f2a709dbffff,9,10,7,0.404,0.591,0.7833
891f2a70a07ffff,9,10,7,0.078,0.2301,0.4359
891f2a70a0fffff,9,10,2,0.1615,0.3245,0.5475
891f2a70a17ffff,9,10,4,0.2188,0.411,0.6015
891f2a70a23ffff,9,10,7,0.0974,0.259,0.4584
891f2a70a27ffff,9,10,7,0.0837,0.2679,0.4604
891f2a70a2bffff,9,10,7,0.073,0.2543,0.4551
891f2a70a2fffff,9,10,7,0.0916,0.2687,0.4673
891f2a70a33ffff,9,10,7,0.0389,0.2014,0.4057
891f2a70a37ffff,9,10,7,0.0536,0.2156,0.4247
891f2a70a3bffff,9,10,7,0.0513,0.2254,0.4434
891f2a70a67ffff,9,10,7,0.0583,0.2254,0.4261
891f2a70a6fffff,9,10,2,0.2835,0.472,0.661
891f2a70a77ffff,9,10,5,0.073,0.256,0.4572
891f2a70a87ffff,9,10,6,0.0962,0.2712,0.4748
891f2a70aa3ffff,9,10,7,0.1006,0.2659,0.4614
891f2a70aa7ffff,9,10,7,0.1657,0.3436,0.5424
891f2a70aabffff,9,10,7,0.0831,0.263,0.4571
891f2a70aafffff,9,10,7,0.0957,0.2783,0.4794
891f2a70ab3ffff,9,10,7,0.064,0.2386,0.441
891f2a70ab7ffff,9,10,7,0.1466,0.3059,0.5057
891f2a70abbffff,9,10,7,0.0383,0.1933,0.386
891f2a70b03ffff,9,10,7,0.4591,0.6277,0.8297
891f2a70b07ffff,9,10,7,0.4197,0.6041,0.7997
891f2a70b0bffff,9,10,7,0.4219,0.606,0.8056
891f2a70b0fffff,9,10,7,0.2986,0.4784,0.675
891f2a70b13ffff,9,10,7,0.4859,0.6604,0.8497
891f2a70b17ffff,9,10,7,0.4944,0.6783,0.859
891f2a70b1bffff,9,10,7,0.4386,0.6146,0.8137
891f2a70b23ffff,9,10,7,0.5213,0.695,0.8941
891f2a70b27ffff,9,10,7,0.4807,0.6523,0.8434
891f2a70b2bffff,9,10,7,0.487,0.6567,0.8657
891f2a70b2fffff,9,10,7,0.5114,0.6911,0.8907
891f2a70b33ffff,9,10,7,0.5006,0.7021,0.8813
891f2a70b37ffff,9,10,7,0.5021,0.6823,0.8634
891f2a70b3bffff,9,10,7,0.4744,0.6584,0.8579
891f2a70b43ffff,9,10,7,0.3127,0.4719,0.6721
891f2a70b47ffff,9,10,7,0.3329,0.5179,0.7206
891f2a70b4bffff,9,10,7,0.2584,0.438,0.6507
891f2a70b4fffff,9,10,7,0.3779,0.5646,0.7606
891f2a70b53ffff,9,10,7,0.2,0.3813,0.5773
891f2a70b57ffff,9,10,7,0.428,0.615,0.82
891f2a70b5bffff,9,10,7,0.1389,0.3156,0.5141
891f2a70b63ffff,9,10,7,0.4353,0.6193,0.814
891f2a70b67ffff,9,10,7,0.4544,0.6296,0.8399
891f2a70b6bffff,9,10,7,0.3961,0.5826,0.7887
891f2a70b6fffff,9,10,7,0.4551,0.6427,0.8379
891f2a70b73ffff,9,10,7,0.354,0.535,0.7236
891f2a70b77ffff,9,10,7,0.3021,0.4887,0.6954
891f2a70b7bffff,9,10,7,0.4073,0.5907,0.7999
891f2a70b83ffff,9,10,7,0.5411,0.7099,0.896
891f2a70b87ffff,9,10,7,0.5099,0.691,0.885
891f2a70b8bffff,9,10,7,0.4816,0.6639,0.862
891f2a70b8fffff,9,10,7,0.4556,0.6344,0.834
891f2a70b93ffff,9,10,7,0.4347,0.6094,0.8004
891f2a70b97ffff,9,10,7,0.4596,0.6444,0.8507
891f2a70b9bffff,9,10,7,0.4864,0.657,0.8667
891f2a70ba3ffff,9,10,7,0.4833,0.6603,0.8564
891f2a70ba7ffff,9,10,7,0.5106,0.6913,0.8694
891f2a70babffff,9,10,7,0.5164,0.6906,0.875
891f2a70bafffff,9,10,7,0.4241,0.6103,0.8076
891f2a70bb3ffff,9,10,7,0.5556,0.7339,0.9339
891f2a70bb7ffff,9,10,7,0.3914,0.5757,0.766
891f2a70bbbffff,9,10,7,0.4926,0.6731,0.8736
891f2a70bc3ffff,9,10,7,0.3009,0.493,0.6824
891f2a70bc7ffff,9,10,7,0.4233,0.599,0.799
891f2a70bcbffff,9,10,7,0.1363,0.3103,0.5171
891f2a70bcfffff,9,10,7,0.3846,0.576,0.7743
891f2a70bd3ffff,9,10,7,0.2881,0.4621,0.6566
891f2a70bd7ffff,9,10,7,0.439,0.6193,0.8199
891f2a70bdbffff,9,10,7,0.127,0.3063,0.5213
891f2a70c23ffff,9,10,7,0.1114,0.2957,0.4931
891f2a70c27ffff,9,10,7,0.258,0.4347,0.6257
891f2a70c2bffff,9,10,6,0.1638,0.3448,0.5443
891f2a70c2fffff,9,10,7,0.1987,0.3877,0.5923
891f2a70c33ffff,9,10,1,0.232,0.441,0.645
891f2a70c37ffff,9,10,7,0.2439,0.42,0.6224
891f2a70c3bffff,9,10,1,0.178,0.357,0.557
891f2a70c67ffff,9,10,2,0.2525,0.4175,0.623
891f2a70ca7ffff,9,10,6,0.19,0.3752,0.5767
891f2a70cafffff,9,10,3,0.267,0.4537,0.6447
891f2a70cb7ffff,9,10,1,0.0,0.199,0.41
891f2a70d03ffff,9,10,7,0.4381,0.6201,0.8101
891f2a70d07ffff,9,10,7,0.4336,0.5959,0.7976
891f2a70d0bffff,9,10,7,0.4676,0.6533,0.8537
891f2a70d0fffff,9,10,7,0.4293,0.6117,0.8171
891f2a70d13ffff,9,10,7,0.339,0.5266,0.7274
891f2a70d17ffff,9,10,7,0.3593,0.5426,0.7389
891f2a70d1bffff,9,10,7,0.309,0.4926,0.6977
891f2a70d23ffff,9,10,7,0.4461,0.6367,0.8334
891f2a70d27ffff,9,10,7,0.4169,0.593,0.7999
891f2a70d2bffff,9,10,7,0.3954,0.5799,0.772
891f2a70d2fffff,9,10,7,0.299,0.478,0.6779
891f2a70d33ffff,9,10,7,0.3917,0.5813,0.7804
891f2a70d37ffff,9,10,7,0.4736,0.6594,0.8684
891f2a70d3bffff,9,10,7,0.4037,0.574,0.7821
891f2a70d43ffff,9,10,7,0.4733,0.655,0.8393
891f2a70d47ffff,9,10,7,0.468,0.6431,0.8393
891f2a70d4bffff,9,10,7,0.5274,0.7014,0.8944
891f2a70d4fffff,9,10,7,0.4677,0.6526,0.8457
891f2a70d53ffff,9,10,7,0.5044,0.6877,0.8904
891f2a70d57ffff,9,10,7,0.4526,0.6403,0.8384
891f2a70d5bffff,9,10,7,0.3364,0.5231,0.7289
891f2a70d63ffff,9,10,7,0.4716,0.6529,0.8499
891f2a70d67ffff,9,10,7,0.3534,0.5281,0.7276
891f2a70d6bffff,9,10,7,0.4169,0.6031,0.8094
891f2a70d6fffff,9,10,7,0.3836,0.5716,0.7621
891f2a70d73ffff,9,10,7,0.4873,0.6724,0.87
891f2a70d77ffff,9,10,7,0.4141,0.6009,0.805
891f2a70d7bffff,9,10,7,0.4629,0.637,0.8317
891f2a70d83ffff,9,10,7,0.3067,0.4774,0.68
891f2a70d87ffff,9,10,7,0.438,0.6201,0.8223
891f2a70d8bffff,9,10,7,0.4523,0.6347,0.8389
891f2a70d8fffff,9,10,7,0.4184,0.6051,0.8127
891f2a70d93ffff,9,10,7,0.3823,0.568,0.763
891f2a70d97ffff,9,10,7,0.4199,0.6113,0.8147
891f2a70d9bffff,9,10,7,0.4036,0.5826,0.7797
891f2a70da3ffff,9,10,7,0.5219,0.7009,0.897
891f2a70da7ffff,9,10,7,0.433,0.6133,0.8117
891f2a70dabffff,9,10,7,0.4127,0.5944,0.7803
891f2a70dafffff,9,10,7,0.4644,0.6413,0.8493
891f2a70db3ffff,9,10,7,0.4363,0.6123,0.8204
891f2a70db7ffff,9,10,7,0.4623,0.6484,0.8454
891f2a70dbbffff,9,10,7,0.422,0.5981,0.801
891f2a70dc3ffff,9,10,7,0.5113,0.6944,0.8856
891f2a70dc7ffff,9,10,7,0.432,0.6119,0.8174
891f2a70dcbffff,9,10,7,0.3811,0.559,0.7553
891f2a70dcfffff,9,10,7,0.4721,0.6403,0.8431
891f2a70dd3ffff,9,10,7,0.2413,0.4197,0.6239
891f2a70dd7ffff,9,10,7,0.3953,0.572,0.7711
891f2a70ddbffff,9,10,7,0.2474,0.4327,0.6421
891f2a72907ffff,9,10,5,0.1064,0.281,0.4896
891f2a7290fffff,9,10,5,0.108,0.2712,0.4742
891f2a72923ffff,9,10,7,0.217,0.392,0.5934
891f2a72927ffff,9,10,7,0.4347,0.622,0.8234
891f2a7292bffff,9,10,7,0.1397,0.3099,0.4981
891f2a7292fffff,9,10,7,0.3311,0.5213,0.729
891f2a72933ffff,9,10,7,0.1361,0.3016,0.4981
891f2a72937ffff,9,10,7,0.4381,0.6123,0.8196
891f2a7293bffff,9,10,7,0.0829,0.2661,0.4666
891f2a72963ffff,9,10,7,0.1764,0.363,0.5633
891f2a72967ffff,9,10,7,0.1134,0.2959,0.4974
891f2a7296bffff,9,10,7,0.3281,0.5084,0.7039
891f2a7296fffff,9,10,7,0.3219,0.4993,0.6884
891f2a72973ffff,9,10,6,0.2858,0.4757,0.6698
891f2a72977ffff,9,10,7,0.1481,0.3213,0.5197
891f2a7297bffff,9,10,6,0.2253,0.405,0.6027
891f2a729a3ffff,9,10,4,0.4158,0.5938,0.8033
891f2a729a7ffff,9,10,7,0.2951,0.4634,0.6526
891f2a729abffff,9,10,4,0.1003,0.2508,0.4425
891f2a729afffff,9,10,7,0.3081,0.4911,0.7019
891f2a729b7ffff,9,10,6,0.3167,0.5075,0.7005
891f2a72b07ffff,9,10,4,0.3643,0.542,0.745
891f2a72b0fffff,9,10,3,0.257,0.4173,0.618
891f2a72b23ffff,9,10,7,0.284,0.46,0.6664
891f2a72b27ffff,9,10,7,0.4173,0.5966,0.8033
891f2a72b2bffff,9,10,7,0.2579,0.4209,0.6111
891f2a72b2fffff,9,10,7,0.4034,0.59,0.7899
891f2a72b33ffff,9,10,7,0.2901,0.4679,0.6691
891f2a72b37ffff,9,10,7,0.3817,0.5603,0.7609
891f2a72b3bffff,9,10,7,0.218,0.385,0.5839
891f2a72b63ffff,9,10,7,0.1094,0.261,0.4551
891f2a72b67ffff,9,10,7,0.2524,0.4339,0.6291
891f2a72b6bffff,9,10,7,0.1329,0.2924,0.4959
891f2a72b6fffff,9,10,7,0.1796,0.3433,0.5466
891f2a72b73ffff,9,10,3,0.1563,0.3203,0.5183
891f2a72b77ffff,9,10,7,0.161,0.3287,0.5311
891f2a72b7bffff,9,10,2,0.0945,0.271,0.4695
891f2a72ba3ffff,9,10,7,0.2896,0.4679,0.6613
891f2a72ba7ffff,9,10,7,0.2351,0.4049,0.5994
891f2a72babffff,9,10,6,0.3018,0.4758,0.6817
891f2a72bafffff,9,10,7,0.2974,0.4647,0.6691
891f2a72bb3ffff,9,10,1,0.097,0.306,0.5
891f2a72bb7ffff,9,10,7,0.2904,0.4676,0.6746
891f2a74003ffff,9,10,7,0.3523,0.5414,0.7317
891f2a74007ffff,9,10,7,0.3224,0.5023,0.6987
891f2a7400bffff,9,10,7,0.4373,0.624,0.8244
891f2a7400fffff,9,10,7,0.3151,0.5023,0.7103
891f2a74013ffff,9,10,7,0.4304,0.619,0.82
891f2a74017ffff,9,10,7,0.3476,0.5361,0.7279
891f2a7401bffff,9,10,7,0.4003,0.5803,0.7891
891f2a74023ffff,9,10,7,0.3704,0.5529,0.7626
891f2a74027ffff,9,10,7,0.3337,0.5003,0.6996
891f2a7402bffff,9,10,7,0.3703,0.5411,0.7543
891f2a7402fffff,9,10,7,0.4266,0.6123,0.8077
891f2a74033ffff,9,10,7,0.2944,0.4837,0.6761
891f2a74037ffff,9,10,7,0.2956,0.4706,0.6697
891f2a7403bffff,9,10,7,0.3126,0.4911,0.7029
891f2a74043ffff,9,10,7,0.4006,0.5694,0.7751
891f2a74047ffff,9,10,7,0.3781,0.5524,0.7491
891f2a7404bffff,9,10,7,0.3147,0.509,0.7087
891f2a7404fffff,9,10,7,0.3347,0.5197,0.7273
891f2a74053ffff,9,10,7,0.4156,0.5987,0.7921
891f2a74057ffff,9,10,7,0.4264,0.5966,0.8046
891f2a7405bffff,9,10,7,0.3971,0.5701,0.7663
891f2a74063ffff,9,10,7,0.3951,0.5816,0.7789
891f2a74067ffff,9,10,7,0.3686,0.5484,0.7601
891f2a7406bffff,9,10,7,0.314,0.4957,0.7103
891f2a7406fffff,9,10,7,0.2944,0.4739,0.6771
891f2a74073ffff,9,10,7,0.4091,0.595,0.791
891f2a74077ffff,9,10,7,0.3777,0.5541,0.7586
891f2a7407bffff,9,10,7,0.3523,0.5399,0.7387
891f2a74083ffff,9,10,7,0.4173,0.5914,0.7829
891f2a74087ffff,9,10,5,0.2728,0.4558,0.6534
891f2a7408bffff,9,10,7,0.4349,0.6161,0.8173
891f2a7408fffff,9,10,7,0.4144,0.5844,0.7781
891f2a74093ffff,9,10,7,0.3227,0.5046,0.7069
891f2a74097ffff,9,10,5,0.191,0.3792,0.579
891f2a7409bffff,9,10,7,0.3971,0.578,0.7759
891f2a740a3ffff,9,10,2,0.1895,0.359,0.553
891f2a740abffff,9,10,7,0.28,0.4513,0.6569
891f2a740afffff,9,10,5,0.2746,0.4416,0.6534
891f2a740bbffff,9,10,5,0.2542,0.421,0.6136
891f2a740c3ffff,9,10,7,0.3534,0.5256,0.73
891f2a740c7ffff,9,10,7,0.4154,0.5919,0.7866
891f2a740cbffff,9,10,7,0.341,0.5183,0.7089
891f2a740cfffff,9,10,7,0.3871,0.5771,0.7779
891f2a740d3ffff,9,10,7,0.4019,0.5814,0.7907
891f2a740d7ffff,9,10,7,0.4407,0.6144,0.8214
891f2a740dbffff,9,10,7,0.4019,0.5839,0.7733
891f2a7410bffff,9,10,1,0.322,0.514,0.712
891f2a74143ffff,9,10,7,0.3313,0.5193,0.7269
891f2a74147ffff,9,10,7,0.3273,0.5067,0.6963
891f2a7414bffff,9,10,7,0.3546,0.5319,0.727
891f2a7414fffff,9,10,7,0.368,0.5481,0.7369
891f2a74153ffff,9,10,7,0.362,0.5363,0.7393
891f2a74157ffff,9,10,4,0.3148,0.501,0.7152
891f2a7415bffff,9,10,7,0.4574,0.6326,0.8357
891f2a74163ffff,9,10,7,0.3239,0.504,0.6917
891f2a74167ffff,9,10,4,0.2928,0.4793,0.693
891f2a7416bffff,9,10,7,0.3751,0.552,0.7576
891f2a7416fffff,9,10,7,0.3224,0.499,0.6894
891f2a74173ffff,9,10,7,0.253,0.4394,0.6334
891f2a74177ffff,9,10,2,0.2795,0.467,0.6685
891f2a7417bffff,9,10,7,0.2763,0.4596,0.6711
891f2a741cbffff,9,10,4,0.2492,0.4297,0.6395
891f2a741dbffff,9,10,1,0.085,0.255,0.435
891f2a74203ffff,9,10,7,0.2513,0.4243,0.6226
891f2a74207ffff,9,10,7,0.3316,0.5109,0.7109
891f2a7420bffff,9,10,7,0.2353,0.4267,0.6216
891f2a7420fffff,9,10,7,0.309,0.5019,0.6939
891f2a74213ffff,9,10,7,0.3327,0.512,0.7154
891f2a74217ffff,9,10,7,0.2694,0.4466,0.65
891f2a7421bffff,9,10,7,0.2637,0.4373,0.6486
891f2a74223ffff,9,10,7,0.3554,0.5314,0.7243
891f2a74227ffff,9,10,7,0.402,0.5771,0.781
891f2a7422bffff,9,10,7,0.3404,0.516,0.717
891f2a7422fffff,9,10,7,0.4633,0.6353,0.8281
891f2a74233ffff,9,10,7,0.2604,0.434,0.6361
891f2a74237ffff,9,10,7,0.2359,0.3977,0.5917
891f2a7423bffff,9,10,7,0.2763,0.4614,0.6613
891f2a74243ffff,9,10,7,0.3289,0.5014,0.6973
891f2a74247ffff,9,10,7,0.3741,0.5506,0.7524
891f2a7424bffff,9,10,7,0.299,0.4839,0.6863
891f2a7424fffff,9,10,7,0.3346,0.5081,0.7051
891f2a74253ffff,9,10,7,0.3554,0.5464,0.7516
891f2a74257ffff,9,10,7,0.36,0.5461,0.7433
891f2a7425bffff,9,10,7,0.4429,0.6224,0.8186
891f2a74263ffff,9,10,7,0.3434,0.5243,0.7183
891f2a74267ffff,9,10,7,0.354,0.5337,0.7419
891f2a7426bffff,9,10,7,0.3791,0.5564,0.7601
891f2a7426fffff,9,10,7,0.3684,0.5413,0.7337
891f2a74273ffff,9,10,7,0.2884,0.4526,0.6603
891f2a74277ffff,9,10,7,0.2856,0.4607,0.6627
891f2a7427bffff,9,10,7,0.278,0.4633,0.6527
891f2a74283ffff,9,10,7,0.286,0.4723,0.6836
891f2a74287ffff,9,10,7,0.3554,0.5363,0.7377
891f2a7428bffff,9,10,7,0.3571,0.5427,0.7466
891f2a7428fffff,9,10,7,0.2707,0.4583,0.6593
891f2a74293ffff,9,10,7,0.3804,0.5603,0.7624
891f2a74297ffff,9,10,7,0.3617,0.5349,0.7323
891f2a7429bffff,9,10,7,0.3374,0.5254,0.7283
891f2a742a3ffff,9,10,7,0.2593,0.4339,0.6343
891f2a742a7ffff,9,10,7,0.2323,0.4141,0.6254
891f2a742abffff,9,10,7,0.2307,0.4159,0.629
891f2a742afffff,9,10,7,0.1574,0.3399,0.54
891f2a742b3ffff,9,10,7,0.2894,0.4617,0.6647
891f2a742b7ffff,9,10,7,0.2716,0.4503,0.6563
891f2a742bbffff,9,10,7,0.3087,0.5103,0.7141
891f2a742c3ffff,9,10,7,0.434,0.604,0.803
891f2a742c7ffff,9,10,7,0.3416,0.5141,0.7154
891f2a742cbffff,9,10,7,0.3769,0.5414,0.7546
891f2a742cfffff,9,10,7,0.4253,0.6076,0.8247
891f2a742d3ffff,9,10,7,0.377,0.5443,0.7541
891f2a742d7ffff,9,10,7,0.3261,0.5059,0.6977
891f2a742dbffff,9,10,7,0.4431,0.6129,0.8133
891f2a74303ffff,9,10,7,0.4309,0.6103,0.8113
891f2a74307ffff,9,10,7,0.418,0.5934,0.7976
891f2a7430bffff,9,10,7,0.44,0.6179,0.8094
891f2a7430fffff,9,10,7,0.4709,0.658,0.853
891f2a74313ffff,9,10,7,0.2759,0.457,0.665
891f2a74317ffff,9,10,7,0.422,0.5957,0.8037
891f2a7431bffff,9,10,7,0.3081,0.49,0.6904
891f2a74323ffff,9,10,7,0.35,0.5149,0.7171
891f2a74327ffff,9,10,7,0.4409,0.6276,0.8207
891f2a7432bffff,9,10,7,0.3687,0.5411,0.7483
891f2a7432fffff,9,10,7,0.3096,0.4893,0.6881
891f2a74333ffff,9,10,7,0.4689,0.6544,0.8573
891f2a74337ffff,9,10,7,0.4567,0.6334,0.8254
891f2a7433bffff,9,10,7,0.3964,0.5774,0.7673
891f2a74343ffff,9,10,7,0.4314,0.6007,0.8104
891f2a74347ffff,9,10,7,0.4164,0.5891,0.7867
891f2a7434bffff,9,10,7,0.3993,0.5806,0.7886
891f2a7434fffff,9,10,7,0.4284,0.6047,0.8069
891f2a74353ffff,9,10,7,0.4173,0.6047,0.8054
891f2a74357ffff,9,10,7,0.3964,0.5706,0.7691
891f2a7435bffff,9,10,7,0.4131,0.5907,0.798
891f2a74363ffff,9,10,7,0.3559,0.5396,0.7421
891f2a74367ffff,9,10,7,0.3094,0.4867,0.6796
891f2a7436bffff,9,10,7,0.4023,0.588,0.7926
891f2a7436fffff,9,10,7,0.3381,0.5194,0.7086
891f2a74373ffff,9,10,7,0.3874,0.5729,0.7716
891f2a74377ffff,9,10,7,0.3631,0.5421,0.7537
891f2a7437bffff,9,10,7,0.3387,0.52,0.7166
891f2a74383ffff,9,10,7,0.374,0.5471,0.7441
891f2a74387ffff,9,10,7,0.4354,0.6181,0.822
891f2a7438bffff,9,10,7,0.1517,0.3407,0.5439
891f2a7438fffff,9,10,7,0.3891,0.5547,0.758
891f2a74393ffff,9,10,7,0.4451,0.6333,0.8366
891f2a74397ffff,9,10,7,0.451,0.6284,0.824
891f2a7439bffff,9,10,7,0.2207,0.3826,0.5911
891f2a743a3ffff,9,10,7,0.5491,0.7187,0.9076
891f2a743a7ffff,9,10,7,0.4796,0.6631,0.8606
891f2a743abffff,9,10,7,0.4489,0.6263,0.8191
891f2a743afffff,9,10,7,0.4034,0.5774,0.7794
891f2a743b3ffff,9,10,7,0.5634,0.7343,0.9213
891f2a743b7ffff,9,10,7,0.4524,0.6367,0.8437
891f2a743bbffff,9,10,7,0.5333,0.7163,0.9191
891f2a743c3ffff,9,10,7,0.3301,0.509,0.7156
891f2a743c7ffff,9,10,7,0.3654,0.5374,0.743
891f2a743cbffff,9,10,7,0.3779,0.5497,0.7366
891f2a743cfffff,9,10,7,0.4306,0.6099,0.8021
891f2a743d3ffff,9,10,7,0.3314,0.5094,0.7044
891f2a743d7ffff,9,10,7,0.1554,0.3124,0.5241
891f2a743dbffff,9,10,7,0.28,0.4616,0.667
891f2a74403ffff,9,10,7,0.2794,0.4527,0.6459
891f2a74407ffff,9,10,7,0.1417,0.2991,0.493
891f2a7440bffff,9,10,7,0.4387,0.6124,0.8176
891f2a7440fffff,9,10,7,0.3667,0.5499,0.7529
891f2a74413ffff,9,10,7,0.1411,0.3146,0.5163
891f2a74417ffff,9,10,6,0.1427,0.3173,0.5342
891f2a7441bffff,9,10,7,0.4059,0.5851,0.7897
891f2a74423ffff,9,10,7,0.2929,0.4791,0.6836
891f2a7442bffff,9,10,7,0.3283,0.5007,0.7089
891f2a7442fffff,9,10,7,0.235,0.4017,0.5916
891f2a74433ffff,9,10,5,0.1612,0.3312,0.5224
891f2a7443bffff,9,10,7,0.3529,0.5307,0.7347
891f2a74443ffff,9,10,7,0.4594,0.6363,0.8341
891f2a74447ffff,9,10,7,0.3473,0.5353,0.7424
891f2a7444bffff,9,10,7,0.386,0.5657,0.774
891f2a7444fffff,9,10,7,0.4743,0.644,0.8471
891f2a74453ffff,9,10,7,0.4133,0.5961,0.7949
891f2a74457ffff,9,10,7,0.3573,0.5264,0.7403
891f2a7445bffff,9,10,7,0.4004,0.5803,0.7821
891f2a74463ffff,9,10,7,0.4223,0.5963,0.7953
891f2a74467ffff,9,10,7,0.4113,0.5956,0.7903
891f2a7446bffff,9,10,7,0.4497,0.622,0.827
891f2a7446fffff,9,10,7,0.4144,0.5923,0.7897
891f2a74473ffff,9,10,7,0.4027,0.5886,0.7736
891f2a74477ffff,9,10,7,0.4509,0.6184,0.8247
891f2a7447bffff,9,10,7,0.4883,0.6596,0.8559
891f2a7448bffff,9,10,3,0.232,0.3893,0.579
891f2a7449bffff,9,10,3,0.0413,0.2303,0.4347
891f2a744abffff,9,10,2,0.1555,0.345,0.5635
891f2a744c3ffff,9,10,7,0.3303,0.5183,0.7149
891f2a744c7ffff,9,10,7,0.3067,0.4946,0.6904
891f2a744cbffff,9,10,7,0.4946,0.6917,0.8941
891f2a744cfffff,9,10,7,0.2914,0.4789,0.6783
891f2a744d3ffff,9,10,7,0.1997,0.3876,0.582
891f2a744d7ffff,9,10,7,0.1889,0.3679,0.5764
891f2a744dbffff,9,10,7,0.356,0.5224,0.7261
891f2a7455bffff,9,10,1,0.117,0.306,0.496
891f2a74603ffff,9,10,7,0.3366,0.5206,0.72
891f2a74607ffff,9,10,7,0.2451,0.4247,0.6284
891f2a7460bffff,9,10,7,0.3273,0.5069,0.7136
891f2a7460fffff,9,10,7,0.32,0.4896,0.6881
891f2a74613ffff,9,10,7,0.2427,0.4217,0.6194
891f2a74617ffff,9,10,7,0.3651,0.5429,0.744
891f2a7461bffff,9,10,7,0.3374,0.5266,0.722
891f2a74623ffff,9,10,7,0.4737,0.651,0.8493
891f2a74627ffff,9,10,7,0.358,0.5254,0.7271
891f2a7462bffff,9,10,7,0.4131,0.5994,0.792
891f2a7462fffff,9,10,7,0.2971,0.4624,0.6626
891f2a74633ffff,9,10,7,0.4343,0.6129,0.8214
891f2a74637ffff,9,10,7,0.4119,0.5996,0.7987
891f2a7463bffff,9,10,7,0.3347,0.5223,0.7283
891f2a74643ffff,9,10,7,0.4249,0.6041,0.8119
891f2a74647ffff,9,10,7,0.3224,0.5123,0.7049
891f2a7464bffff,9,10,7,0.4649,0.6481,0.8481
891f2a7464fffff,9,10,7,0.3356,0.5164,0.723
891f2a74653ffff,9,10,7,0.3303,0.5166,0.7076
891f2a74657ffff,9,10,7,0.4376,0.6193,0.8187
891f2a7465bffff,9,10,7,0.3526,0.5327,0.7364
891f2a74663ffff,9,10,7,0.3783,0.5571,0.7459
891f2a74667ffff,9,10,7,0.3004,0.4849,0.6846
891f2a7466bffff,9,10,7,0.4031,0.5773,0.7759
891f2a7466fffff,9,10,7,0.2534,0.4414,0.6314
891f2a74673ffff,9,10,7,0.3226,0.5019,0.6916
891f2a74677ffff,9,10,7,0.377,0.5591,0.7597
891f2a7467bffff,9,10,7,0.3674,0.5527,0.7549
891f2a74683ffff,9,10,7,0.3187,0.4991,0.705
891f2a74687ffff,9,10,7,0.3986,0.5849,0.7871
891f2a7468bffff,9,10,7,0.3644,0.5409,0.742
891f2a7468fffff,9,10,7,0.3433,0.5159,0.7147
891f2a74693ffff,9,10,7,0.4326,0.6071,0.7899
891f2a74697ffff,9,10,7,0.4153,0.5957,0.7933
891f2a7469bffff,9,10,7,0.3799,0.5503,0.7499
891f2a746a3ffff,9,10,7,0.3973,0.572,0.771
891f2a746a7ffff,9,10,7,0.4836,0.6514,0.8409
891f2a746abffff,9,10,7,0.4153,0.5961,0.7836
891f2a746afffff,9,10,7,0.4827,0.6587,0.8467
891f2a746b3ffff,9,10,7,0.3933,0.5643,0.7527
891f2a746b7ffff,9,10,7,0.4759,0.6421,0.8451
891f2a746bbffff,9,10,7,0.3696,0.5463,0.7426
891f2a746c3ffff,9,10,7,0.3857,0.5583,0.7611
891f2a746c7ffff,9,10,7,0.3937,0.5669,0.7711
891f2a746cbffff,9,10,7,0.4507,0.6336,0.8401
891f2a746cfffff,9,10,7,0.312,0.4974,0.6913
891f2a746d3ffff,9,10,7,0.4019,0.5724,0.7573
891f2a746d7ffff,9,10,7,0.3019,0.4906,0.7013
891f2a746dbffff,9,10,7,0.406,0.5849,0.7861
891f2a74803ffff,9,10,7,0.1417,0.3201,0.5276
891f2a74807ffff,9,10,2,0.086,0.2755,0.4865
891f2a7480bffff,9,10,7,0.0957,0.2709,0.4677
891f2a7480fffff,9,10,7,0.112,0.2937,0.4827
891f2a74813ffff,9,10,7,0.1083,0.2857,0.4944
891f2a7481bffff,9,10,7,0.0756,0.2423,0.4496
891f2a7483bffff,9,10,1,0.258,0.427,0.651
891f2a74843ffff,9,10,7,0.1907,0.3707,0.5724
891f2a74847ffff,9,10,7,0.1626,0.3051,0.5127
891f2a7484bffff,9,10,7,0.4351,0.6053,0.8029
891f2a7484fffff,9,10,7,0.2963,0.47,0.6703
891f2a74853ffff,9,10,7,0.3166,0.4824,0.6831
891f2a74857ffff,9,10,7,0.0957,0.2791,0.4849
891f2a7485bffff,9,10,7,0.2989,0.4803,0.676
891f2a74863ffff,9,10,7,0.1053,0.2811,0.4886
891f2a74867ffff,9,10,5,0.1456,0.3084,0.5194
891f2a7486bffff,9,10,7,0.3816,0.5576,0.7669
891f2a7486fffff,9,10,7,0.1691,0.3589,0.5629
891f2a74873ffff,9,10,7,0.1079,0.2876,0.4839
891f2a74877ffff,9,10,6,0.118,0.2867,0.4823
891f2a7487bffff,9,10,7,0.1941,0.3633,0.5727
891f2a7488bffff,9,10,4,0.0885,0.2535,0.463
891f2a748c3ffff,9,10,7,0.2019,0.3903,0.5794
891f2a748c7ffff,9,10,7,0.1251,0.3043,0.503
891f2a748cbffff,9,10,7,0.3037,0.4856,0.6904
891f2a748cfffff,9,10,7,0.213,0.376,0.5727
891f2a748d3ffff,9,10,1,0.343,0.501,0.701
891f2a748d7ffff,9,10,3,0.0953,0.266,0.471
891f2a748dbffff,9,10,5,0.2576,0.4552,0.642
891f2a74a03ffff,9,10,7,0.3931,0.575,0.766
891f2a74a07ffff,9,10,7,0.5016,0.677,0.8667
891f2a74a0bffff,9,10,7,0.3961,0.5803,0.7889
891f2a74a0fffff,9,10,7,0.4599,0.6333,0.8337
891f2a74a13ffff,9,10,7,0.3954,0.5754,0.7701
891f2a74a17ffff,9,10,7,0.4097,0.5733,0.7661
891f2a74a1bffff,9,10,7,0.47,0.6487,0.8551
891f2a74a23ffff,9,10,7,0.46,0.6446,0.8294
891f2a74a27ffff,9,10,7,0.3917,0.5707,0.7681
891f2a74a2bffff,9,10,7,0.518,0.694,0.8966
891f2a74a2fffff,9,10,7,0.4423,0.6177,0.8066
891f2a74a33ffff,9,10,7,0.4986,0.6761,0.8737
891f2a74a37ffff,9,10,7,0.5141,0.6999,0.891
891f2a74a3bffff,9,10,7,0.483,0.671,0.8684
891f2a74a43ffff,9,10,7,0.4724,0.6583,0.8714
891f2a74a47ffff,9,10,7,0.4464,0.6211,0.8213
891f2a74a4bffff,9,10,7,0.4456,0.6276,0.8354
891f2a74a4fffff,9,10,7,0.4514,0.6311,0.8296
891f2a74a53ffff,9,10,7,0.4977,0.6716,0.8714
891f2a74a57ffff,9,10,7,0.506,0.683,0.8689
891f2a74a5bffff,9,10,7,0.365,0.5381,0.7439
891f2a74a63ffff,9,10,7,0.4784,0.6659,0.8614
891f2a74a67ffff,9,10,7,0.4243,0.6079,0.8089
891f2a74a6bffff,9,10,7,0.4273,0.6037,0.8111
891f2a74a6fffff,9,10,7,0.519,0.6966,0.898
891f2a74a73ffff,9,10,7,0.3793,0.553,0.7429
891f2a74a77ffff,9,10,7,0.4354,0.6299,0.814
891f2a74a7bffff,9,10,7,0.3543,0.5393,0.7401
891f2a74a83ffff,9,10,7,0.4894,0.6687,0.8583
891f2a74a87ffff,9,10,7,0.4586,0.6459,0.84
891f2a74a8bffff,9,10,7,0.41,0.5777,0.7869
891f2a74a8fffff,9,10,7,0.4191,0.6011,0.7966
891f2a74a93ffff,9,10,7,0.4883,0.6747,0.878
891f2a74a97ffff,9,10,7,0.504,0.6719,0.871
891f2a74a9bffff,9,10,7,0.3417,0.5276,0.7433
891f2a74aa3ffff,9,10,7,0.4337,0.611,0.8121
891f2a74aa7ffff,9,10,7,0.392,0.5774,0.771
891f2a74aabffff,9,10,7,0.4439,0.6273,0.8226
891f2a74aafffff,9,10,7,0.4409,0.6257,0.8191
891f2a74ab3ffff,9,10,7,0.4479,0.64,0.8516
891f2a74ab7ffff,9,10,7,0.3871,0.5607,0.7603
891f2a74abbffff,9,10,7,0.4634,0.6324,0.836
891f2a74ac3ffff,9,10,7,0.4733,0.6513,0.8459
891f2a74ac7ffff,9,10,7,0.415,0.5983,0.7924
891f2a74acbffff,9,10,7,0.3489,0.524,0.7359
891f2a74acfffff,9,10,7,0.4829,0.6597,0.8533
891f2a74ad3ffff,9,10,7,0.4693,0.6541,0.8357
891f2a74ad7ffff,9,10,7,0.3584,0.5336,0.7306
891f2a74adbffff,9,10,7,0.362,0.5511,0.7524
891f2a74b0bffff,9,10,6,0.1777,0.3512,0.5523
891f2a74b13ffff,9,10,2,0.238,0.421,0.6205
891f2a74b1bffff,9,10,5,0.2308,0.3986,0.5952
891f2a74b43ffff,9,10,7,0.333,0.5119,0.6999
891f2a74b47ffff,9,10,7,0.3431,0.5196,0.7247
891f2a74b4bffff,9,10,7,0.379,0.5661,0.7693
891f2a74b4fffff,9,10,7,0.3736,0.5527,0.7417
891f2a74b53ffff,9,10,7,0.4076,0.5759,0.7764
891f2a74b57ffff,9,10,7,0.4016,0.581,0.783
891f2a74b5bffff,9,10,7,0.397,0.5779,0.7913
891f2a74b63ffff,9,10,7,0.2943,0.472,0.666
891f2a74b67ffff,9,10,3,0.23,0.4093,0.6097
891f2a74b6bffff,9,10,7,0.3556,0.5306,0.725
891f2a74b6fffff,9,10,7,0.223,0.393,0.5916
891f2a74b73ffff,9,10,7,0.304,0.4894,0.693
891f2a74b77ffff,9,10,3,0.259,0.4463,0.6537
891f2a74b7bffff,9,10,7,0.2856,0.473,0.6803
891f2a74b8bffff,9,10,2,0.3375,0.518,0.715
891f2a74b9bffff,9,10,2,0.205,0.392,0.585
891f2a74bc3ffff,9,10,7,0.4011,0.5821,0.7897
891f2a74bc7ffff,9,10,7,0.3824,0.5603,0.7493
891f2a74bcbffff,9,10,7,0.4504,0.637,0.8344
891f2a74bcfffff,9,10,7,0.3953,0.5773,0.7667
891f2a74bd3ffff,9,10,7,0.4716,0.6439,0.8416
891f2a74bd7ffff,9,10,7,0.3729,0.5414,0.7364
891f2a74bdbffff,9,10,7,0.3819,0.5747,0.7686
891f2a74e03ffff,9,10,7,0.3181,0.4911,0.6824
891f2a74e07ffff,9,10,6,0.1575,0.3143,0.517
891f2a74e0bffff,9,10,7,0.4296,0.6077,0.807
891f2a74e0fffff,9,10,7,0.321,0.5087,0.7194
891f2a74e13ffff,9,10,7,0.4454,0.6184,0.8131
891f2a74e17ffff,9,10,2,0.215,0.39,0.591
891f2a74e1bffff,9,10,7,0.4294,0.6033,0.8043
891f2a74e23ffff,9,10,7,0.2969,0.4689,0.6597
891f2a74e27ffff,9,10,7,0.2714,0.4551,0.6646
891f2a74e2bffff,9,10,7,0.319,0.5107,0.7023
891f2a74e2fffff,9,10,7,0.478,0.654,0.8666
891f2a74e33ffff,9,10,7,0.1117,0.3046,0.4947
891f2a74e37ffff,9,10,7,0.2776,0.4707,0.6727
891f2a74e3bffff,9,10,7,0.1677,0.3386,0.5509
891f2a74e43ffff,9,10,7,0.486,0.6744,0.8817
891f2a74e47ffff,9,10,7,0.4093,0.5863,0.7856
891f2a74e4bffff,9,10,7,0.4566,0.6296,0.8287
891f2a74e4fffff,9,10,7,0.4934,0.6813,0.8757
891f2a74e53ffff,9,10,7,0.5333,0.7181,0.905
891f2a74e57ffff,9,10,7,0.4187,0.5967,0.7973
891f2a74e5bffff,9,10,7,0.4634,0.6443,0.836
891f2a74e63ffff,9,10,7,0.4337,0.6016,0.7941
891f2a74e67ffff,9,10,7,0.5167,0.6817,0.8729
891f2a74e6bffff,9,10,7,0.4814,0.6604,0.8587
891f2a74e6fffff,9,10,7,0.4429,0.6133,0.8009
891f2a74e73ffff,9,10,7,0.3647,0.5389,0.7416
891f2a74e77ffff,9,10,7,0.3861,0.5569,0.7577
891f2a74e7bffff,9,10,7,0.4023,0.5786,0.7767
891f2a74e8bffff,9,10,6,0.4323,0.6197,0.808
891f2a74e9bffff,9,10,5,0.4204,0.605,0.7936
891f2a74eafffff,9,10,1,0.105,0.305,0.503
891f2a74ec3ffff,9,10,7,0.4531,0.6384,0.8296
891f2a74ec7ffff,9,10,7,0.4441,0.632,0.8313
891f2a74ecbffff,9,10,7,0.4843,0.661,0.8571
891f2a74ecfffff,9,10,7,0.4417,0.6237,0.8113
891f2a74ed3ffff,9,10,7,0.3363,0.5244,0.716
891f2a74ed7ffff,9,10,7,0.3527,0.5341,0.7386
891f2a74edbffff,9,10,7,0.4047,0.5891,0.7863
891f2a75003ffff,9,10,7,0.4314,0.6121,0.8121
891f2a75007ffff,9,10,7,0.471,0.6504,0.8407
891f2a7500bffff,9,10,7,0.3686,0.5539,0.7481
891f2a7500fffff,9,10,7,0.4507,0.6436,0.848
891f2a75013ffff,9,10,7,0.4346,0.6123,0.8103
891f2a75017ffff,9,10,7,0.4739,0.6584,0.8519
891f2a7501bffff,9,10,7,0.5026,0.6787,0.8774
891f2a75023ffff,9,10,7,0.4826,0.6556,0.8527
891f2a75027ffff,9,10,7,0.4534,0.6264,0.8241
891f2a7502bffff,9,10,7,0.3619,0.5554,0.7573
891f2a7502fffff,9,10,7,0.447,0.6283,0.8147
891f2a75033ffff,9,10,7,0.5219,0.7106,0.9051
891f2a75037ffff,9,10,7,0.5333,0.7117,0.9169
891f2a7503bffff,9,10,7,0.4894,0.6734,0.8666
891f2a75043ffff,9,10,7,0.4906,0.685,0.8787
891f2a75047ffff,9,10,7,0.4389,0.6256,0.8096
891f2a7504bffff,9,10,7,0.5474,0.7144,0.8829
891f2a7504fffff,9,10,7,0.3557,0.5394,0.7399
891f2a75053ffff,9,10,7,0.4139,0.5931,0.796
891f2a75057ffff,9,10,7,0.446,0.6334,0.8399
891f2a7505bffff,9,10,7,0.5111,0.6891,0.8699
891f2a75063ffff,9,10,7,0.4119,0.6041,0.8099
891f2a75067ffff,9,10,7,0.3691,0.556,0.765
891f2a7506bffff,9,10,7,0.1884,0.3723,0.5707
891f2a7506fffff,9,10,7,0.3156,0.5043,0.6971
891f2a75073ffff,9,10,7,0.3827,0.5549,0.7567
891f2a75077ffff,9,10,7,0.4361,0.6139,0.8186
891f2a7507bffff,9,10,7,0.4173,0.6084,0.802
891f2a75083ffff,9,10,7,0.5604,0.7296,0.9077
891f2a75087ffff,9,10,7,0.4837,0.6571,0.8506
891f2a7508bffff,9,10,7,0.4906,0.6717,0.8609
891f2a7508fffff,9,10,7,0.4314,0.6129,0.7976
891f2a75093ffff,9,10,7,0.4219,0.6069,0.8279
891f2a75097ffff,9,10,7,0.4906,0.6651,0.85
891f2a7509bffff,9,10,7,0.4853,0.6586,0.8691
891f2a750a3ffff,9,10,7,0.4251,0.6113,0.8061
891f2a750a7ffff,9,10,7,0.4767,0.6586,0.8737
891f2a750abffff,9,10,7,0.4837,0.6729,0.8531
891f2a750afffff,9,10,7,0.493,0.667,0.8644
891f2a750b3ffff,9,10,7,0.4744,0.6634,0.8633
891f2a750b7ffff,9,10,7,0.4814,0.6769,0.8739
891f2a750bbffff,9,10,7,0.4553,0.63,0.8156
891f2a750c3ffff,9,10,7,0.4567,0.634,0.8319
891f2a750c7ffff,9,10,7,0.4336,0.614,0.8171
891f2a750cbffff,9,10,7,0.4589,0.6366,0.833
891f2a750cfffff,9,10,7,0.5151,0.6967,0.903
891f2a750d3ffff,9,10,7,0.5301,0.7113,0.9089
891f2a750d7ffff,9,10,7,0.5136,0.6917,0.8763
891f2a750dbffff,9,10,7,0.432,0.6069,0.8001
891f2a75103ffff,9,10,7,0.4786,0.6511,0.8546
891f2a75107ffff,9,10,7,0.4974,0.6757,0.8807
891f2a7510bffff,9,10,7,0.4526,0.6277,0.8267
891f2a7510fffff,9,10,7,0.4926,0.6766,0.8637
891f2a75113ffff,9,10,7,0.447,0.6256,0.8206
891f2a75117ffff,9,10,7,0.4661,0.6499,0.8381
891f2a7511bffff,9,10,7,0.3569,0.5423,0.7387
891f2a75123ffff,9,10,7,0.4604,0.631,0.8373
891f2a75127ffff,9,10,7,0.4196,0.5884,0.7866
891f2a7512bffff,9,10,7,0.3807,0.5489,0.7287
891f2a7512fffff,9,10,7,0.4636,0.653,0.8474
891f2a75133ffff,9,10,7,0.5153,0.6967,0.897
891f2a75137ffff,9,10,7,0.4244,0.6044,0.798
891f2a7513bffff,9,10,7,0.4791,0.6544,0.845
891f2a75143ffff,9,10,7,0.4976,0.6759,0.8611
891f2a75147ffff,9,10,7,0.464,0.6454,0.8371
891f2a7514bffff,9,10,7,0.4254,0.6091,0.8126
891f2a7514fffff,9,10,7,0.3946,0.5824,0.7869
891f2a75153ffff,9,10,7,0.4014,0.5873,0.7921
891f2a75157ffff,9,10,7,0.3909,0.5723,0.7754
891f2a7515bffff,9,10,7,0.464,0.6507,0.8564
891f2a75163ffff,9,10,7,0.5104,0.6851,0.876
891f2a75167ffff,9,10,7,0.4409,0.6206,0.8227
891f2a7516bffff,9,10,7,0.3717,0.5596,0.7563
891f2a7516fffff,9,10,7,0.3996,0.5789,0.7671
891f2a75173ffff,9,10,7,0.4534,0.635,0.8293
891f2a75177ffff,9,10,7,0.4141,0.5971,0.801
891f2a7517bffff,9,10,7,0.4451,0.6283,0.8289
891f2a75183ffff,9,10,7,0.5079,0.6826,0.869
891f2a75187ffff,9,10,7,0.3414,0.5237,0.7187
891f2a7518bffff,9,10,7,0.4237,0.6046,0.796
891f2a7518fffff,9,10,7,0.3939,0.584,0.787
891f2a75193ffff,9,10,7,0.461,0.6403,0.8371
891f2a75197ffff,9,10,7,0.4144,0.5986,0.8013
891f2a7519bffff,9,10,7,0.4401,0.6234,0.8273
891f2a751a3ffff,9,10,7,0.3919,0.5636,0.7611
891f2a751a7ffff,9,10,7,0.4727,0.6423,0.8439
891f2a751abffff,9,10,7,0.3551,0.537,0.7284
891f2a751afffff,9,10,7,0.3219,0.5023,0.6984
891f2a751b3ffff,9,10,7,0.3509,0.5373,0.7477
891f2a751b7ffff,9,10,7,0.3274,0.4996,0.6919
891f2a751bbffff,9,10,7,0.4157,0.6036,0.801
891f2a751c3ffff,9,10,7,0.3306,0.519,0.7136
891f2a751c7ffff,9,10,7,0.3993,0.5894,0.7851
891f2a751cbffff,9,10,7,0.3613,0.5317,0.7394
891f2a751cfffff,9,10,7,0.3461,0.5234,0.7343
891f2a751d3ffff,9,10,7,0.4619,0.6401,0.8469
891f2a751d7ffff,9,10,7,0.476,0.6477,0.8573
891f2a751dbffff,9,10,7,0.4539,0.6286,0.8333
891f2a75203ffff,9,10,7,0.4447,0.6313,0.8304
891f2a75207ffff,9,10,7,0.3477,0.5296,0.7239
891f2a7520bffff,9,10,7,0.4617,0.6376,0.8397
891f2a7520fffff,9,10,7,0.4693,0.6534,0.8414
891f2a75213ffff,9,10,7,0.5373,0.7201,0.8999
891f2a75217ffff,9,10,7,0.3751,0.5624,0.7613
891f2a7521bffff,9,10,7,0.413,0.5904,0.7923
891f2a75223ffff,9,10,7,0.3556,0.535,0.7323
891f2a75227ffff,9,10,7,0.4199,0.6047,0.7959
891f2a7522bffff,9,10,7,0.3406,0.5127,0.7254
891f2a7522fffff,9,10,7,0.4201,0.596,0.8034
891f2a75233ffff,9,10,7,0.1873,0.357,0.544
891f2a75237ffff,9,10,7,0.3019,0.485,0.679
891f2a7523bffff,9,10,7,0.3473,0.53,0.7223
891f2a75243ffff,9,10,7,0.4627,0.6443,0.8593
891f2a75247ffff,9,10,7,0.5253,0.7021,0.8849
891f2a7524bffff,9,10,7,0.4423,0.6117,0.818
891f2a7524fffff,9,10,7,0.4416,0.6299,0.819
891f2a75253ffff,9,10,7,0.4606,0.638,0.8401
891f2a75257ffff,9,10,7,0.4556,0.6297,0.8307
891f2a7525bffff,9,10,7,0.5417,0.7183,0.9226
891f2a75263ffff,9,10,7,0.4433,0.633,0.8281
891f2a75267ffff,9,10,7,0.4071,0.5876,0.7913
891f2a7526bffff,9,10,7,0.4254,0.6096,0.8107
891f2a7526fffff,9,10,7,0.4676,0.6474,0.8546
891f2a75273ffff,9,10,7,0.4476,0.6389,0.8464
891f2a75277ffff,9,10,7,0.3983,0.5766,0.7906
891f2a7527bffff,9,10,7,0.4683,0.6369,0.8314
891f2a75283ffff,9,10,7,0.4301,0.6136,0.8047
891f2a75287ffff,9,10,7,0.4681,0.652,0.8609
891f2a7528bffff,9,10,7,0.4887,0.6733,0.8749
891f2a7528fffff,9,10,7,0.493,0.6739,0.8589
891f2a75293ffff,9,10,7,0.4377,0.6179,0.8146
891f2a75297ffff,9,10,7,0.5107,0.6779,0.8667
891f2a7529bffff,9,10,7,0.3973,0.5829,0.7703
891f2a752a3ffff,9,10,7,0.1574,0.3403,0.5439
891f2a752a7ffff,9,10,7,0.1407,0.3306,0.526
891f2a752abffff,9,10,7,0.169,0.3183,0.5247
891f2a752afffff,9,10,7,0.1463,0.3101,0.5069
891f2a752b3ffff,9,10,7,0.2497,0.4291,0.6299
891f2a752b7ffff,9,10,7,0.2461,0.4251,0.6239
891f2a752bbffff,9,10,7,0.4699,0.6476,0.8356
891f2a752c3ffff,9,10,7,0.4307,0.618,0.8226
891f2a752c7ffff,9,10,7,0.504,0.6716,0.8563
891f2a752cbffff,9,10,7,0.5341,0.711,0.8801
891f2a752cfffff,9,10,7,0.4533,0.6411,0.839
891f2a752d3ffff,9,10,7,0.4999,0.6844,0.8837
891f2a752d7ffff,9,10,7,0.4884,0.661,0.8696
891f2a752dbffff,9,10,7,0.4639,0.6364,0.8349
891f2a75303ffff,9,10,7,0.4129,0.5907,0.7797
891f2a75307ffff,9,10,7,0.4536,0.6229,0.8317
891f2a7530bffff,9,10,7,0.3674,0.5614,0.7576
891f2a7530fffff,9,10,7,0.4987,0.692,0.8776
891f2a75313ffff,9,10,7,0.4967,0.6689,0.8711
891f2a75317ffff,9,10,7,0.449,0.6291,0.8233
891f2a7531bffff,9,10,7,0.4639,0.6437,0.833
891f2a75323ffff,9,10,7,0.4479,0.6233,0.8196
891f2a75327ffff,9,10,7,0.3899,0.561,0.7511
891f2a7532bffff,9,10,7,0.4837,0.6664,0.8643
891f2a7532fffff,9,10,7,0.4074,0.5929,0.7994
891f2a75333ffff,9,10,7,0.4596,0.6327,0.8249
891f2a75337ffff,9,10,7,0.4186,0.6007,0.7983
891f2a7533bffff,9,10,7,0.4486,0.6203,0.819
891f2a75343ffff,9,10,7,0.4297,0.6123,0.807
891f2a75347ffff,9,10,7,0.4724,0.637,0.832
891f2a7534bffff,9,10,7,0.4321,0.6197,0.8137
891f2a7534fffff,9,10,7,0.503,0.6899,0.8786
891f2a75353ffff,9,10,7,0.5101,0.6761,0.8779
891f2a75357ffff,9,10,7,0.452,0.6344,0.8341
891f2a7535bffff,9,10,7,0.4464,0.6387,0.8297
891f2a75363ffff,9,10,7,0.5173,0.7083,0.9137
891f2a75367ffff,9,10,7,0.4591,0.6533,0.8603
891f2a7536bffff,9,10,7,0.3891,0.5687,0.7834
891f2a7536fffff,9,10,7,0.4559,0.63,0.827
891f2a75373ffff,9,10,7,0.4774,0.6706,0.8609
891f2a75377ffff,9,10,7,0.4033,0.5949,0.7964
891f2a7537bffff,9,10,7,0.378,0.5579,0.7543
891f2a75383ffff,9,10,7,0.3736,0.5394,0.7233
891f2a75387ffff,9,10,7,0.4593,0.64,0.8356
891f2a7538bffff,9,10,7,0.4389,0.621,0.8247
891f2a7538fffff,9,10,7,0.4666,0.6546,0.8447
891f2a75393ffff,9,10,7,0.4013,0.5883,0.7757
891f2a75397ffff,9,10,7,0.3717,0.5399,0.7277
891f2a7539bffff,9,10,7,0.3624,0.5389,0.7364
891f2a753a3ffff,9,10,7,0.417,0.5954,0.8016
891f2a753a7ffff,9,10,7,0.4064,0.5761,0.7779
891f2a753abffff,9,10,7,0.4676,0.6497,0.8537
891f2a753afffff,9,10,7,0.3766,0.5611,0.7639
891f2a753b3ffff,9,10,7,0.4203,0.5921,0.7961
891f2a753b7ffff,9,10,7,0.4336,0.6114,0.8171
891f2a753bbffff,9,10,7,0.4344,0.602,0.8027
891f2a753c3ffff,9,10,7,0.4526,0.6426,0.8316
891f2a753c7ffff,9,10,7,0.4121,0.5747,0.7687
891f2a753cbffff,9,10,7,0.384,0.565,0.7643
891f2a753cfffff,9,10,7,0.4887,0.6643,0.8567
891f2a753d3ffff,9,10,7,0.2267,0.401,0.5923
891f2a753d7ffff,9,10,7,0.403,0.5737,0.77
891f2a753dbffff,9,10,7,0.1833,0.3651,0.5763
891f2a75403ffff,9,10,7,0.3839,0.5613,0.7696
891f2a75407ffff,9,10,7,0.4577,0.6344,0.836
891f2a7540bffff,9,10,7,0.4239,0.5974,0.8039
891f2a7540fffff,9,10,7,0.3917,0.5714,0.7756
891f2a75413ffff,9,10,7,0.489,0.6663,0.8574
891f2a75417ffff,9,10,7,0.5133,0.6871,0.8657
891f2a7541bffff,9,10,7,0.4066,0.5813,0.7777
891f2a75423ffff,9,10,7,0.3239,0.5173,0.713
891f2a75427ffff,9,10,7,0.443,0.6147,0.8239
891f2a7542bffff,9,10,7,0.463,0.65,0.8411
891f2a7542fffff,9,10,7,0.4137,0.5963,0.7963
891f2a75433ffff,9,10,7,0.4966,0.6731,0.862
891f2a75437ffff,9,10,7,0.4657,0.6506,0.8499
891f2a7543bffff,9,10,7,0.3744,0.5637,0.768
891f2a75443ffff,9,10,7,0.381,0.5633,0.7563
891f2a75447ffff,9,10,7,0.4341,0.607,0.8156
891f2a7544bffff,9,10,7,0.3916,0.5651,0.7651
891f2a7544fffff,9,10,7,0.363,0.5311,0.7291
891f2a75453ffff,9,10,7,0.399,0.5773,0.7719
891f2a75457ffff,9,10,7,0.3794,0.5684,0.7731
891f2a7545bffff,9,10,7,0.3504,0.5311,0.7324
891f2a75463ffff,9,10,7,0.4964,0.677,0.8751
891f2a75467ffff,9,10,7,0.5076,0.6801,0.8677
891f2a7546bffff,9,10,7,0.4834,0.6743,0.8716
891f2a7546fffff,9,10,7,0.4354,0.6117,0.815
891f2a75473ffff,9,10,7,0.552,0.7333,0.9279
891f2a75477ffff,9,10,7,0.4849,0.6724,0.8743
891f2a7547bffff,9,10,7,0.4541,0.6377,0.8354
891f2a75483ffff,9,10,7,0.4579,0.6294,0.8407
891f2a75487ffff,9,10,7,0.4836,0.6753,0.8593
891f2a7548bffff,9,10,7,0.4537,0.6341,0.8223
891f2a7548fffff,9,10,7,0.5271,0.7011,0.8817
891f2a75493ffff,9,10,7,0.4417,0.6196,0.8219
891f2a75497ffff,9,10,7,0.4593,0.63,0.8314
891f2a7549bffff,9,10,7,0.5031,0.6834,0.8861
891f2a754a3ffff,9,10,7,0.4179,0.6039,0.8053
891f2a754a7ffff,9,10,7,0.42,0.6017,0.7909
891f2a754abffff,9,10,7,0.4853,0.6684,0.8643
891f2a754afffff,9,10,7,0.4091,0.5833,0.7754
891f2a754b3ffff,9,10,7,0.4893,0.6706,0.8667
891f2a754b7ffff,9,10,7,0.502,0.685,0.8903
891f2a754bbffff,9,10,7,0.4904,0.6726,0.882
891f2a754c3ffff,9,10,7,0.4117,0.5927,0.7813
891f2a754c7ffff,9,10,7,0.4384,0.6274,0.8361
891f2a754cbffff,9,10,7,0.3777,0.5534,0.7474
891f2a754cfffff,9,10,7,0.3527,0.5339,0.731
891f2a754d3ffff,9,10,7,0.4747,0.6573,0.8593
891f2a754d7ffff,9,10,7,0.439,0.6206,0.8299
891f2a754dbffff,9,10,7,0.4221,0.5914,0.7744
891f2a75503ffff,9,10,7,0.4583,0.6304,0.8397
891f2a75507ffff,9,10,7,0.4947,0.6841,0.8756
891f2a7550bffff,9,10,7,0.4919,0.6656,0.8481
891f2a7550fffff,9,10,7,0.4669,0.6511,0.86
891f2a75513ffff,9,10,7,0.3946,0.5777,0.7651
891f2a75517ffff,9,10,7,0.5189,0.6981,0.8943
891f2a7551bffff,9,10,7,0.4219,0.601,0.8054
891f2a75523ffff,9,10,7,0.3479,0.5264,0.737
891f2a75527ffff,9,10,7,0.3673,0.542,0.7407
891f2a7552bffff,9,10,7,0.4946,0.6746,0.8594
891f2a7552fffff,9,10,7,0.3859,0.5656,0.7711
891f2a75533ffff,9,10,7,0.497,0.673,0.8724
891f2a75537ffff,9,10,7,0.316,0.4986,0.6967
891f2a7553bffff,9,10,7,0.3987,0.5759,0.7667
891f2a75543ffff,9,10,7,0.4759,0.6533,0.8666
891f2a75547ffff,9,10,7,0.4881,0.6763,0.8859
891f2a7554bffff,9,10,7,0.5073,0.6894,0.872
891f2a7554fffff,9,10,7,0.4547,0.6257,0.8264
891f2a75553ffff,9,10,7,0.5087,0.6987,0.8873
891f2a75557ffff,9,10,7,0.4091,0.5929,0.7914
891f2a7555bffff,9,10,7,0.4519,0.632,0.8323
891f2a75563ffff,9,10,7,0.4624,0.6507,0.8474
891f2a75567ffff,9,10,7,0.4619,0.642,0.8307
891f2a7556bffff,9,10,7,0.4461,0.6277,0.8207
891f2a7556fffff,9,10,7,0.4403,0.628,0.8317
891f2a75573ffff,9,10,7,0.486,0.68,0.8649
891f2a75577ffff,9,10,7,0.3994,0.5864,0.7884
891f2a7557bffff,9,10,7,0.5209,0.6989,0.8964
891f2a75583ffff,9,10,7,0.4434,0.6136,0.8139
891f2a75587ffff,9,10,7,0.3973,0.5769,0.7791
891f2a7558bffff,9,10,7,0.3617,0.5536,0.7559
891f2a7558fffff,9,10,7,0.3829,0.5563,0.7509
891f2a75593ffff,9,10,7,0.3976,0.5801,0.779
891f2a75597ffff,9,10,7,0.3799,0.5641,0.7663
891f2a7559bffff,9,10,7,0.419,0.6053,0.8164
891f2a755a3ffff,9,10,7,0.4486,0.6299,0.8263
891f2a755a7ffff,9,10,7,0.4209,0.6037,0.8114
891f2a755abffff,9,10,7,0.4691,0.6469,0.8457
891f2a755afffff,9,10,7,0.3896,0.5719,0.7721
891f2a755b3ffff,9,10,7,0.4803,0.6606,0.8523
891f2a755b7ffff,9,10,7,0.4389,0.6087,0.806
891f2a755bbffff,9,10,7,0.48,0.6633,0.8649
891f2a755c3ffff,9,10,7,0.4376,0.612,0.8096
891f2a755c7ffff,9,10,7,0.4363,0.6091,0.8087
891f2a755cbffff,9,10,7,0.4774,0.648,0.8207
891f2a755cfffff,9,10,7,0.489,0.6794,0.854
891f2a755d3ffff,9,10,7,0.4289,0.6143,0.8201
891f2a755d7ffff,9,10,7,0.5069,0.6956,0.8801
891f2a755dbffff,9,10,7,0.4156,0.598,0.8043
891f2a75603ffff,9,10,7,0.4311,0.5983,0.7906
891f2a75607ffff,9,10,7,0.4267,0.6064,0.7881
891f2a7560bffff,9,10,7,0.4159,0.5959,0.7974
891f2a7560fffff,9,10,7,0.46,0.633,0.8383
891f2a75613ffff,9,10,7,0.426,0.6041,0.8206
891f2a75617ffff,9,10,7,0.4991,0.6876,0.8826
891f2a7561bffff,9,10,7,0.3911,0.5749,0.7819
891f2a75623ffff,9,10,7,0.4374,0.625,0.8219
891f2a75627ffff,9,10,7,0.4944,0.6883,0.8751
891f2a7562bffff,9,10,7,0.3109,0.4984,0.6959
891f2a7562fffff,9,10,7,0.3884,0.5679,0.7703
891f2a75633ffff,9,10,7,0.3999,0.5817,0.7743
891f2a75637ffff,9,10,7,0.482,0.6613,0.8584
891f2a7563bffff,9,10,7,0.3407,0.51,0.719
891f2a75643ffff,9,10,7,0.5423,0.7164,0.9003
891f2a75647ffff,9,10,7,0.4,0.5803,0.7793
891f2a7564bffff,9,10,7,0.4486,0.6283,0.8356
891f2a7564fffff,9,10,7,0.406,0.5921,0.7931
891f2a75653ffff,9,10,7,0.5189,0.696,0.8819
891f2a75657ffff,9,10,7,0.3546,0.537,0.7324
891f2a7565bffff,9,10,7,0.4659,0.6446,0.8376
891f2a75663ffff,9,10,7,0.4489,0.6223,0.809
891f2a75667ffff,9,10,7,0.3556,0.5276,0.7353
891f2a7566bffff,9,10,7,0.4809,0.6654,0.8541
891f2a7566fffff,9,10,7,0.4586,0.635,0.8267
891f2a75673ffff,9,10,7,0.4583,0.6506,0.8509
891f2a75677ffff,9,10,7,0.3089,0.4993,0.6993
891f2a7567bffff,9,10,7,0.4357,0.617,0.8263
891f2a75683ffff,9,10,7,0.4637,0.6394,0.836
891f2a75687ffff,9,10,7,0.384,0.5706,0.7746
891f2a7568bffff,9,10,7,0.4267,0.6057,0.8061
891f2a7568fffff,9,10,7,0.483,0.6613,0.8413
891f2a75693ffff,9,10,7,0.4241,0.614,0.81
891f2a75697ffff,9,10,7,0.4009,0.5719,0.7619
891f2a7569bffff,9,10,7,0.4094,0.5926,0.7876
891f2a756a3ffff,9,10,7,0.4097,0.579,0.7836
891f2a756a7ffff,9,10,7,0.502,0.6844,0.8796
891f2a756abffff,9,10,7,0.4166,0.6047,0.805
891f2a756afffff,9,10,7,0.3907,0.5817,0.7839
891f2a756b3ffff,9,10,7,0.4161,0.5981,0.8133
891f2a756b7ffff,9,10,7,0.45,0.6254,0.823
891f2a756bbffff,9,10,7,0.501,0.6841,0.8764
891f2a756c3ffff,9,10,7,0.4466,0.6249,0.8241
891f2a756c7ffff,9,10,7,0.4214,0.597,0.7886
891f2a756cbffff,9,10,7,0.4299,0.6051,0.8071
891f2a756cfffff,9,10,7,0.3723,0.547,0.7454
891f2a756d3ffff,9,10,7,0.3917,0.5819,0.7866
891f2a756d7ffff,9,10,7,0.4386,0.6224,0.8123
891f2a756dbffff,9,10,7,0.4586,0.6384,0.8409
891f2a75803ffff,9,10,7,0.3561,0.5234,0.7199
891f2a75807ffff,9,10,7,0.32,0.4974,0.7001
891f2a7580bffff,9,10,7,0.3604,0.5473,0.757
891f2a7580fffff,9,10,7,0.3626,0.5527,0.7591
891f2a75813ffff,9,10,7,0.2637,0.444,0.6444
891f2a75817ffff,9,10,7,0.3469,0.5293,0.7286
891f2a7581bffff,9,10,7,0.2979,0.4686,0.6733
891f2a75823ffff,9,10,7,0.4963,0.6763,0.8779
891f2a75827ffff,9,10,7,0.5064,0.6826,0.8773
891f2a7582bffff,9,10,7,0.4549,0.6379,0.8366
891f2a7582fffff,9,10,7,0.4967,0.6704,0.8629
891f2a75833ffff,9,10,7,0.4769,0.6594,0.8619
891f2a75837ffff,9,10,7,0.4819,0.6547,0.8466
891f2a7583bffff,9,10,7,0.4897,0.6726,0.8676
891f2a75843ffff,9,10,7,0.4074,0.5834,0.7963
891f2a75847ffff,9,10,7,0.4211,0.6003,0.8033
891f2a7584bffff,9,10,7,0.4424,0.6259,0.8211
891f2a7584fffff,9,10,7,0.4466,0.6221,0.8166
891f2a75853ffff,9,10,7,0.2776,0.4541,0.6531
891f2a75857ffff,9,10,7,0.2927,0.4701,0.6834
891f2a7585bffff,9,10,7,0.3537,0.5411,0.7536
891f2a75863ffff,9,10,7,0.3869,0.5821,0.785
891f2a75867ffff,9,10,7,0.4233,0.6001,0.8019
891f2a7586bffff,9,10,7,0.4916,0.6666,0.8507
891f2a7586fffff,9,10,7,0.5056,0.6837,0.878
891f2a75873ffff,9,10,7,0.272,0.46,0.6624
891f2a75877ffff,9,10,7,0.5086,0.6936,0.8884
891f2a7587bffff,9,10,7,0.412,0.5937,0.7764
891f2a75883ffff,9,10,7,0.322,0.5093,0.6976
891f2a75887ffff,9,10,7,0.2151,0.3773,0.5663
891f2a7588bffff,9,10,7,0.3157,0.5034,0.7014
891f2a7588fffff,9,10,7,0.2583,0.4426,0.6464
891f2a75893ffff,9,10,7,0.3217,0.492,0.6914
891f2a75897ffff,9,10,7,0.2974,0.4774,0.6741
891f2a7589bffff,9,10,7,0.3851,0.5601,0.7633
891f2a758a3ffff,9,10,7,0.4013,0.5783,0.7757
891f2a758a7ffff,9,10,7,0.3997,0.5789,0.7849
891f2a758abffff,9,10,7,0.3427,0.5209,0.7241
891f2a758afffff,9,10,7,0.4717,0.6471,0.8489
891f2a758b3ffff,9,10,7,0.3584,0.532,0.7274
891f2a758b7ffff,9,10,7,0.4409,0.6161,0.8074
891f2a758bbffff,9,10,7,0.2529,0.4249,0.6184
891f2a758c3ffff,9,10,7,0.2731,0.4611,0.6601
891f2a758c7ffff,9,10,7,0.313,0.4996,0.6993
891f2a758cbffff,9,10,7,0.3147,0.4879,0.6993
891f2a758cfffff,9,10,7,0.3277,0.5071,0.7087
891f2a758d3ffff,9,10,7,0.307,0.4799,0.6849
891f2a758d7ffff,9,10,7,0.3993,0.5866,0.7863
891f2a758dbffff,9,10,7,0.2864,0.4793,0.6814
891f2a75903ffff,9,10,7,0.4979,0.6857,0.878
891f2a75907ffff,9,10,7,0.4451,0.6309,0.826
891f2a7590bffff,9,10,7,0.4319,0.6069,0.8073
891f2a7590fffff,9,10,7,0.4673,0.6479,0.8367
891f2a75913ffff,9,10,7,0.4957,0.6754,0.8643
891f2a75917ffff,9,10,7,0.4961,0.6671,0.8634
891f2a7591bffff,9,10,7,0.4273,0.6181,0.8227
891f2a75923ffff,9,10,7,0.4571,0.6459,0.833
891f2a75927ffff,9,10,7,0.4541,0.6307,0.8429
891f2a7592bffff,9,10,7,0.5143,0.7024,0.8851
891f2a7592fffff,9,10,7,0.3666,0.5576,0.7553
891f2a75933ffff,9,10,7,0.4567,0.6339,0.8161
891f2a75937ffff,9,10,7,0.3773,0.5561,0.755
891f2a7593bffff,9,10,7,0.5649,0.742,0.8989
891f2a75943ffff,9,10,7,0.436,0.6289,0.8389
891f2a75947ffff,9,10,7,0.4911,0.661,0.8631
891f2a7594bffff,9,10,7,0.4131,0.5764,0.7763
891f2a7594fffff,9,10,7,0.4766,0.6567,0.8519
891f2a75953ffff,9,10,7,0.4377,0.6304,0.8379
891f2a75957ffff,9,10,7,0.5306,0.711,0.8799
891f2a7595bffff,9,10,7,0.5116,0.6861,0.8714
891f2a75963ffff,9,10,7,0.5204,0.6823,0.8699
891f2a75967ffff,9,10,7,0.496,0.6791,0.8511
891f2a7596bffff,9,10,7,0.4924,0.6666,0.8644
891f2a7596fffff,9,10,7,0.4026,0.5897,0.7823
891f2a75973ffff,9,10,7,0.4259,0.6106,0.8083
891f2a75977ffff,9,10,7,0.5236,0.689,0.8871
891f2a7597bffff,9,10,7,0.4403,0.6139,0.8081
891f2a75983ffff,9,10,7,0.4373,0.6209,0.8213
891f2a75987ffff,9,10,7,0.411,0.5929,0.7977
891f2a7598bffff,9,10,7,0.4214,0.6024,0.7971
891f2a7598fffff,9,10,7,0.4337,0.6209,0.8161
891f2a75993ffff,9,10,7,0.3886,0.5549,0.7527
891f2a75997ffff,9,10,7,0.4667,0.6454,0.8499
891f2a7599bffff,9,10,7,0.4731,0.6421,0.845
891f2a759a3ffff,9,10,7,0.4023,0.589,0.7849
891f2a759a7ffff,9,10,7,0.4479,0.635,0.8346
891f2a759abffff,9,10,7,0.3573,0.5314,0.7287
891f2a759afffff,9,10,7,0.4659,0.6556,0.8434
891f2a759b3ffff,9,10,7,0.5194,0.6937,0.8833
891f2a759b7ffff,9,10,7,0.4123,0.5879,0.7814
891f2a759bbffff,9,10,7,0.4437,0.6217,0.824
891f2a759c3ffff,9,10,7,0.4203,0.5994,0.8064
891f2a759c7ffff,9,10,7,0.3756,0.5579,0.7544
891f2a759cbffff,9,10,7,0.5189,0.6921,0.891
891f2a759cfffff,9,10,7,0.4506,0.6169,0.8087
891f2a759d3ffff,9,10,7,0.3996,0.5814,0.7767
891f2a759d7ffff,9,10,7,0.3617,0.5449,0.7514
891f2a759dbffff,9,10,7,0.4656,0.6514,0.8541
891f2a75a03ffff,9,10,7,0.5106,0.6873,0.8877
891f2a75a07ffff,9,10,7,0.3447,0.5171,0.7073
891f2a75a0bffff,9,10,7,0.3103,0.4979,0.7013
891f2a75a0fffff,9,10,7,0.3876,0.5611,0.7653
891f2a75a13ffff,9,10,7,0.4029,0.5769,0.767
891f2a75a17ffff,9,10,7,0.3183,0.4991,0.6977
891f2a75a1bffff,9,10,7,0.342,0.5144,0.7159
891f2a75a23ffff,9,10,7,0.3869,0.5774,0.77
891f2a75a27ffff,9,10,7,0.3129,0.4921,0.6821
891f2a75a2bffff,9,10,7,0.4023,0.58,0.7897
891f2a75a2fffff,9,10,7,0.45,0.6357,0.8426
891f2a75a33ffff,9,10,7,0.357,0.5353,0.7339
891f2a75a37ffff,9,10,7,0.4074,0.587,0.787
891f2a75a3bffff,9,10,7,0.434,0.6197,0.8186
891f2a75a43ffff,9,10,7,0.2716,0.4516,0.6503
891f2a75a47ffff,9,10,7,0.2703,0.4494,0.6571
891f2a75a4bffff,9,10,7,0.3473,0.522,0.7284
891f2a75a4fffff,9,10,7,0.2439,0.4349,0.6419
891f2a75a53ffff,9,10,7,0.2833,0.4657,0.6613
891f2a75a57ffff,9,10,7,0.2773,0.4511,0.6437
891f2a75a5bffff,9,10,7,0.4063,0.5914,0.7884
891f2a75a63ffff,9,10,7,0.1219,0.3043,0.5021
891f2a75a67ffff,9,10,7,0.2734,0.4581,0.6571
891f2a75a6bffff,9,10,7,0.1184,0.2876,0.493
891f2a75a6fffff,9,10,7,0.1906,0.3779,0.5737
891f2a75a73ffff,9,10,7,0.284,0.4566,0.647
891f2a75a77ffff,9,10,7,0.3217,0.5034,0.7039
891f2a75a7bffff,9,10,7,0.33,0.5151,0.7194
891f2a75a83ffff,9,10,7,0.3981,0.5814,0.7909
891f2a75a87ffff,9,10,7,0.3916,0.5663,0.768
891f2a75a8bffff,9,10,7,0.4127,0.5904,0.7926
891f2a75a8fffff,9,10,7,0.386,0.57,0.7679
891f2a75a93ffff,9,10,7,0.3974,0.5787,0.7819
891f2a75a97ffff,9,10,7,0.4571,0.6363,0.8434
891f2a75a9bffff,9,10,7,0.3931,0.5766,0.7699
891f2a75aa3ffff,9,10,7,0.4091,0.596,0.7946
891f2a75aa7ffff,9,10,7,0.42,0.6003,0.8049
891f2a75aabffff,9,10,7,0.3576,0.5354,0.7276
891f2a75aafffff,9,10,7,0.4071,0.5881,0.7897
891f2a75ab3ffff,9,10,7,0.4876,0.6714,0.855
891f2a75ab7ffff,9,10,7,0.4451,0.6179,0.8001
891f2a75abbffff,9,10,7,0.428,0.613,0.8084
891f2a75ac3ffff,9,10,7,0.446,0.626,0.8264
891f2a75ac7ffff,9,10,7,0.4157,0.593,0.795
891f2a75acbffff,9,10,7,0.3863,0.562,0.7684
891f2a75acfffff,9,10,7,0.3187,0.5054,0.6996
891f2a75ad3ffff,9,10,7,0.4269,0.5956,0.8001
891f2a75ad7ffff,9,10,7,0.4481,0.6353,0.84
891f2a75adbffff,9,10,7,0.2937,0.4847,0.6819
891f2a75b03ffff,9,10,7,0.4841,0.6467,0.8494
891f2a75b07ffff,9,10,7,0.4451,0.6273,0.8284
891f2a75b0bffff,9,10,7,0.4997,0.672,0.8709
891f2a75b0fffff,9,10,7,0.477,0.6559,0.8644
891f2a75b13ffff,9,10,7,0.4453,0.6293,0.8323
891f2a75b17ffff,9,10,7,0.4577,0.6381,0.861
891f2a75b1bffff,9,10,7,0.4726,0.6671,0.873
891f2a75b23ffff,9,10,7,0.4903,0.6763,0.8817
891f2a75b27ffff,9,10,7,0.4201,0.5971,0.7927
891f2a75b2bffff,9,10,7,0.4609,0.6503,0.8546
891f2a75b2fffff,9,10,7,0.4677,0.6431,0.8353
891f2a75b33ffff,9,10,7,0.4939,0.6759,0.8593
891f2a75b37ffff,9,10,7,0.4901,0.6647,0.8516
891f2a75b3bffff,9,10,7,0.4159,0.595,0.7991
891f2a75b43ffff,9,10,7,0.3746,0.552,0.7574
891f2a75b47ffff,9,10,7,0.3934,0.5759,0.7759
891f2a75b4bffff,9,10,7,0.3849,0.5689,0.7679
891f2a75b4fffff,9,10,7,0.445,0.6261,0.8267
891f2a75b53ffff,9,10,7,0.4281,0.6013,0.8076
891f2a75b57ffff,9,10,7,0.4307,0.6187,0.816
891f2a75b5bffff,9,10,7,0.3251,0.5033,0.699
891f2a75b63ffff,9,10,7,0.4403,0.6227,0.8181
891f2a75b67ffff,9,10,7,0.4449,0.635,0.8263
891f2a75b6bffff,9,10,7,0.5136,0.6981,0.8897
891f2a75b6fffff,9,10,7,0.4616,0.6401,0.8271
891f2a75b73ffff,9,10,7,0.4163,0.6033,0.7954
891f2a75b77ffff,9,10,7,0.4771,0.6539,0.8541
891f2a75b7bffff,9,10,7,0.4199,0.603,0.8001
891f2a75b83ffff,9,10,7,0.4743,0.6534,0.8576
891f2a75b87ffff,9,10,7,0.427,0.6109,0.8063
891f2a75b8bffff,9,10,7,0.371,0.5553,0.7537
891f2a75b8fffff,9,10,7,0.4846,0.6666,0.8643
891f2a75b93ffff,9,10,7,0.455,0.6359,0.8303
891f2a75b97ffff,9,10,7,0.4233,0.6221,0.8141
891f2a75b9bffff,9,10,7,0.3823,0.5706,0.7701
891f2a75ba3ffff,9,10,7,0.4699,0.655,0.8556
891f2a75ba7ffff,9,10,7,0.4964,0.6743,0.8669
891f2a75babffff,9,10,7,0.4616,0.652,0.8486
891f2a75bafffff,9,10,7,0.4901,0.6736,0.8561
891f2a75bb3ffff,9,10,7,0.4566,0.6303,0.8309
891f2a75bb7ffff,9,10,7,0.5016,0.6839,0.8811
891f2a75bbbffff,9,10,7,0.4146,0.5874,0.7869
891f2a75bc3ffff,9,10,7,0.468,0.6544,0.8441
891f2a75bc7ffff,9,10,7,0.4087,0.5966,0.7961
891f2a75bcbffff,9,10,7,0.3957,0.5564,0.7686
891f2a75bcfffff,9,10,7,0.4364,0.6149,0.8113
891f2a75bd3ffff,9,10,7,0.4719,0.6517,0.8429
891f2a75bd7ffff,9,10,7,0.3956,0.5749,0.7756
891f2a75bdbffff,9,10,7,0.4753,0.6567,0.8463
891f2a75c03ffff,9,10,7,0.352,0.5253,0.7286
891f2a75c07ffff,9,10,7,0.3986,0.5817,0.7794
891f2a75c0bffff,9,10,7,0.3841,0.556,0.7501
891f2a75c0fffff,9,10,7,0.3814,0.5567,0.7641
891f2a75c13ffff,9,10,7,0.4533,0.6366,0.8386
891f2a75c17ffff,9,10,7,0.4151,0.5953,0.797
891f2a75c1bffff,9,10,7,0.2956,0.4763,0.6757
891f2a75c23ffff,9,10,7,0.2479,0.4359,0.649
891f2a75c27ffff,9,10,7,0.3107,0.4924,0.6864
891f2a75c2bffff,9,10,7,0.2256,0.4101,0.6123
891f2a75c2fffff,9,10,7,0.3036,0.4864,0.6904
891f2a75c33ffff,9,10,7,0.3461,0.5126,0.7116
891f2a75c37ffff,9,10,7,0.3514,0.5331,0.7277
891f2a75c3bffff,9,10,7,0.2399,0.4204,0.6217
891f2a75c43ffff,9,10,7,0.3826,0.562,0.763
891f2a75c47ffff,9,10,7,0.2439,0.4244,0.614
891f2a75c4bffff,9,10,7,0.4317,0.5967,0.7906
891f2a75c4fffff,9,10,7,0.4091,0.5833,0.7793
891f2a75c53ffff,9,10,7,0.3149,0.4983,0.7053
891f2a75c57ffff,9,10,7,0.3404,0.5151,0.7084
891f2a75c5bffff,9,10,7,0.4217,0.6036,0.8041
891f2a75c63ffff,9,10,7,0.3213,0.482,0.6814
891f2a75c67ffff,9,10,7,0.2801,0.4549,0.6491
891f2a75c6bffff,9,10,7,0.3324,0.495,0.6947
891f2a75c6fffff,9,10,7,0.3734,0.5369,0.7197
891f2a75c73ffff,9,10,7,0.407,0.5791,0.7751
891f2a75c77ffff,9,10,7,0.2916,0.4651,0.6691
891f2a75c7bffff,9,10,7,0.3456,0.543,0.7481
891f2a75c83ffff,9,10,7,0.4443,0.6259,0.8226
891f2a75c87ffff,9,10,7,0.47,0.6606,0.8634
891f2a75c8bffff,9,10,7,0.4181,0.6,0.7877
891f2a75c8fffff,9,10,7,0.4091,0.5774,0.7804
891f2a75c93ffff,9,10,7,0.3694,0.5469,0.749
891f2a75c97ffff,9,10,7,0.4557,0.6373,0.8229
891f2a75c9bffff,9,10,7,0.4033,0.5909,0.7869
891f2a75ca3ffff,9,10,7,0.3354,0.5204,0.7213
891f2a75ca7ffff,9,10,7,0.4423,0.6187,0.8307
891f2a75cabffff,9,10,7,0.391,0.5759,0.7699
891f2a75cafffff,9,10,7,0.3857,0.5597,0.7567
891f2a75cb3ffff,9,10,7,0.3393,0.5261,0.7177
891f2a75cb7ffff,9,10,7,0.4211,0.6004,0.8041
891f2a75cbbffff,9,10,7,0.4584,0.6311,0.8199
891f2a75cc3ffff,9,10,7,0.3609,0.5443,0.7414
891f2a75cc7ffff,9,10,7,0.3156,0.4891,0.6987
891f2a75ccbffff,9,10,7,0.3373,0.515,0.7157
891f2a75ccfffff,9,10,7,0.2911,0.479,0.6827
891f2a75cd3ffff,9,10,7,0.415,0.6041,0.7953
891f2a75cd7ffff,9,10,7,0.3483,0.5347,0.7473
891f2a75cdbffff,9,10,7,0.3641,0.5364,0.7379
891f2a75d03ffff,9,10,7,0.3697,0.5524,0.7549
891f2a75d07ffff,9,10,7,0.4323,0.6153,0.8097
891f2a75d0bffff,9,10,7,0.4141,0.5906,0.7973
891f2a75d0fffff,9,10,7,0.4036,0.5823,0.7791
891f2a75d13ffff,9,10,7,0.3537,0.5271,0.726
891f2a75d17ffff,9,10,7,0.3453,0.512,0.7139
891f2a75d1bffff,9,10,7,0.3609,0.5354,0.7394
891f2a75d23ffff,9,10,7,0.4193,0.6091,0.81
891f2a75d27ffff,9,10,7,0.3939,0.5661,0.7777
891f2a75d2bffff,9,10,7,0.3169,0.5009,0.6994
891f2a75d2fffff,9,10,7,0.3651,0.5476,0.7553
891f2a75d33ffff,9,10,7,0.4424,0.6256,0.8253
891f2a75d37ffff,9,10,7,0.4529,0.6271,0.8264
891f2a75d3bffff,9,10,7,0.4536,0.6397,0.828
891f2a75d43ffff,9,10,7,0.3014,0.4941,0.6934
891f2a75d47ffff,9,10,7,0.4007,0.5814,0.7777
891f2a75d4bffff,9,10,7,0.3193,0.5077,0.7079
891f2a75d4fffff,9,10,7,0.2311,0.4139,0.6111
891f2a75d53ffff,9,10,7,0.2974,0.4857,0.6857
891f2a75d57ffff,9,10,7,0.4629,0.6481,0.8464
891f2a75d5bffff,9,10,7,0.2763,0.451,0.6503
891f2a75d63ffff,9,10,7,0.2953,0.4703,0.6824
891f2a75d67ffff,9,10,7,0.4179,0.6043,0.8009
891f2a75d6bffff,9,10,7,0.3771,0.5519,0.7434
891f2a75d6fffff,9,10,7,0.4199,0.606,0.7977
891f2a75d73ffff,9,10,7,0.433,0.6071,0.7926
891f2a75d77ffff,9,10,7,0.3411,0.5337,0.7301
891f2a75d7bffff,9,10,7,0.4044,0.5806,0.7759
891f2a75d83ffff,9,10,7,0.206,0.3824,0.5784
891f2a75d87ffff,9,10,7,0.3256,0.5201,0.7251
891f2a75d8bffff,9,10,7,0.303,0.4786,0.6781
891f2a75d8fffff,9,10,7,0.3071,0.488,0.6879
891f2a75d93ffff,9,10,7,0.305,0.4826,0.6821
891f2a75d97ffff,9,10,7,0.3261,0.507,0.6997
891f2a75d9bffff,9,10,7,0.1766,0.3651,0.5706
891f2a75da3ffff,9,10,7,0.3716,0.549,0.7396
891f2a75da7ffff,9,10,7,0.3887,0.5687,0.7687
891f2a75dabffff,9,10,7,0.4043,0.5891,0.7946
891f2a75dafffff,9,10,7,0.4021,0.5823,0.7864
891f2a75db3ffff,9,10,7,0.408,0.5981,0.7886
891f2a75db7ffff,9,10,7,0.4024,0.5814,0.7744
891f2a75dbbffff,9,10,7,0.3927,0.564,0.7769
891f2a75dc3ffff,9,10,7,0.346,0.5321,0.7484
891f2a75dc7ffff,9,10,7,0.2089,0.3834,0.5819
891f2a75dcbffff,9,10,7,0.2184,0.405,0.6146
891f2a75dcfffff,9,10,7,0.3024,0.4817,0.6816
891f2a75dd3ffff,9,10,7,0.3691,0.5439,0.7471
891f2a75dd7ffff,9,10,7,0.2416,0.4081,0.6109
891f2a75ddbffff,9,10,7,0.3906,0.568,0.7664
891f2a75e03ffff,9,10,7,0.4354,0.6069,0.8046
891f2a75e07ffff,9,10,7,0.3951,0.5694,0.7739
891f2a75e0bffff,9,10,7,0.5003,0.6787,0.8827
891f2a75e0fffff,9,10,7,0.4223,0.5873,0.7847
891f2a75e13ffff,9,10,7,0.4197,0.6044,0.8104
891f2a75e17ffff,9,10,7,0.4427,0.6253,0.818
891f2a75e1bffff,9,10,7,0.5016,0.6787,0.8869
891f2a75e23ffff,9,10,7,0.3639,0.5363,0.7377
891f2a75e27ffff,9,10,7,0.3307,0.5117,0.7167
891f2a75e2bffff,9,10,7,0.403,0.5843,0.7796
891f2a75e2fffff,9,10,7,0.3587,0.5334,0.737
891f2a75e33ffff,9,10,7,0.408,0.596,0.791
891f2a75e37ffff,9,10,7,0.2843,0.4651,0.6689
891f2a75e3bffff,9,10,7,0.469,0.6404,0.8327
891f2a75e43ffff,9,10,7,0.4473,0.6369,0.831
891f2a75e47ffff,9,10,7,0.5254,0.7026,0.8883
891f2a75e4bffff,9,10,7,0.3577,0.5403,0.7473
891f2a75e4fffff,9,10,7,0.5116,0.6796,0.8611
891f2a75e53ffff,9,10,7,0.3687,0.55,0.7509
891f2a75e57ffff,9,10,7,0.4537,0.6377,0.8361
891f2a75e5bffff,9,10,7,0.404,0.5824,0.7977
891f2a75e63ffff,9,10,7,0.4254,0.6039,0.8009
891f2a75e67ffff,9,10,7,0.3636,0.5439,0.7416
891f2a75e6bffff,9,10,7,0.4371,0.6274,0.826
891f2a75e6fffff,9,10,7,0.5181,0.6901,0.8894
891f2a75e73ffff,9,10,7,0.4599,0.6439,0.8373
891f2a75e77ffff,9,10,7,0.4316,0.6091,0.8063
891f2a75e7bffff,9,10,7,0.4907,0.6754,0.8653
891f2a75e83ffff,9,10,7,0.4019,0.5733,0.7663
891f2a75e87ffff,9,10,7,0.3816,0.567,0.7606
891f2a75e8bffff,9,10,7,0.4071,0.5846,0.7921
891f2a75e8fffff,9,10,7,0.4653,0.6473,0.8407
891f2a75e93ffff,9,10,7,0.4806,0.6426,0.8306
891f2a75e97ffff,9,10,7,0.4883,0.6749,0.8721
891f2a75e9bffff,9,10,7,0.4577,0.6344,0.8329
891f2a75ea3ffff,9,10,7,0.3173,0.4957,0.6733
891f2a75ea7ffff,9,10,7,0.2913,0.4699,0.6773
891f2a75eabffff,9,10,7,0.3897,0.5724,0.7707
891f2a75eafffff,9,10,7,0.3387,0.51,0.698
891f2a75eb3ffff,9,10,7,0.3551,0.5241,0.7179
891f2a75eb7ffff,9,10,7,0.3187,0.4907,0.6916
891f2a75ebbffff,9,10,7,0.4587,0.6333,0.8276
891f2a75ec3ffff,9,10,7,0.4417,0.6136,0.8141
891f2a75ec7ffff,9,10,7,0.419,0.6057,0.815
891f2a75ecbffff,9,10,7,0.4619,0.6403,0.8497
891f2a75ecfffff,9,10,7,0.46,0.6359,0.8414
891f2a75ed3ffff,9,10,7,0.4154,0.606,0.7973
891f2a75ed7ffff,9,10,7,0.4254,0.614,0.8151
891f2a75edbffff,9,10,7,0.3773,0.5619,0.7714
891f2a76243ffff,9,10,7,0.0723,0.243,0.4476
891f2a76247ffff,9,10,5,0.0786,0.2418,0.4474
891f2a7624bffff,9,10,7,0.1074,0.2851,0.479
891f2a7624fffff,9,10,7,0.0637,0.2116,0.407
891f2a76253ffff,9,10,7,0.1033,0.2799,0.4704
891f2a76257ffff,9,10,2,0.095,0.2875,0.5055
891f2a7625bffff,9,10,7,0.0571,0.2293,0.4214
891f2a76263ffff,9,10,7,0.091,0.2313,0.4359
891f2a76267ffff,9,10,3,0.159,0.3303,0.5193
891f2a7626bffff,9,10,7,0.0654,0.2291,0.4453
891f2a7626fffff,9,10,7,0.0626,0.2156,0.4181
891f2a76273ffff,9,10,2,0.077,0.254,0.4545
891f2a7627bffff,9,10,7,0.0311,0.2031,0.3984
891f2a762cbffff,9,10,4,0.0603,0.234,0.4333
891f2a762dbffff,9,10,5,0.042,0.2192,0.4066
891f2a76643ffff,9,10,7,0.2123,0.3947,0.5843
891f2a76647ffff,9,10,4,0.194,0.371,0.5562
891f2a7664bffff,9,10,7,0.3207,0.4937,0.6919
891f2a7664fffff,9,10,7,0.2939,0.4546,0.6466
891f2a76653ffff,9,10,7,0.1624,0.3406,0.5419
891f2a76657ffff,9,10,5,0.2132,0.39,0.5862
891f2a7665bffff,9,10,7,0.2789,0.4557,0.6531
891f2a766c3ffff,9,10,7,0.0816,0.2514,0.4584
891f2a766cbffff,9,10,7,0.1127,0.2863,0.4811
891f2a766cfffff,9,10,6,0.0912,0.2445,0.4372
891f2a766d3ffff,9,10,7,0.1134,0.274,0.4896
891f2a766dbffff,9,10,7,0.1544,0.3201,0.5211
891f2a77003ffff,9,10,7,0.3259,0.5184,0.7163
891f2a77007ffff,9,10,7,0.381,0.5511,0.7409
891f2a7700bffff,9,10,7,0.32,0.4909,0.6896
891f2a7700fffff,9,10,7,0.381,0.5554,0.7544
891f2a77013ffff,9,10,7,0.3921,0.5597,0.7641
891f2a77017ffff,9,10,7,0.3867,0.5704,0.7679
891f2a7701bffff,9,10,7,0.3321,0.5076,0.7174
891f2a77023ffff,9,10,7,0.3106,0.5011,0.7051
891f2a77027ffff,9,10,7,0.3171,0.4934,0.7031
891f2a7702bffff,9,10,7,0.2783,0.4657,0.6726
891f2a7702fffff,9,10,7,0.3374,0.5269,0.735
891f2a77033ffff,9,10,7,0.259,0.4543,0.6523
891f2a77037ffff,9,10,7,0.3174,0.5074,0.721
891f2a7703bffff,9,10,7,0.4154,0.5884,0.7916
891f2a77043ffff,9,10,7,0.3466,0.5167,0.7139
891f2a77047ffff,9,10,7,0.3423,0.5251,0.7333
891f2a7704bffff,9,10,7,0.4161,0.5996,0.798
891f2a7704fffff,9,10,7,0.4157,0.5847,0.7737
891f2a77053ffff,9,10,7,0.2507,0.4239,0.6197
891f2a77057ffff,9,10,7,0.2779,0.4516,0.638
891f2a7705bffff,9,10,7,0.297,0.469,0.6636
891f2a77063ffff,9,10,7,0.3699,0.5507,0.7589
891f2a77067ffff,9,10,7,0.3704,0.5483,0.7404
891f2a7706bffff,9,10,7,0.5167,0.6943,0.8781
891f2a7706fffff,9,10,7,0.42,0.6044,0.7964
891f2a77073ffff,9,10,7,0.3794,0.5654,0.763
891f2a77077ffff,9,10,7,0.417,0.5889,0.7956
891f2a7707bffff,9,10,7,0.3716,0.5501,0.7613
891f2a77083ffff,9,10,7,0.4267,0.5963,0.7939
891f2a77087ffff,9,10,7,0.355,0.5383,0.7394
891f2a7708bffff,9,10,7,0.3157,0.4997,0.692
891f2a7708fffff,9,10,7,0.3174,0.5007,0.7003
891f2a77093ffff,9,10,7,0.3436,0.5193,0.7284
891f2a77097ffff,9,10,7,0.2703,0.4487,0.6481
891f2a7709bffff,9,10,7,0.4251,0.6046,0.8003
891f2a770a3ffff,9,10,7,0.2679,0.4431,0.6473
891f2a770a7ffff,9,10,7,0.4486,0.6294,0.821
891f2a770abffff,9,10,7,0.2534,0.4331,0.6347
891f2a770afffff,9,10,7,0.3267,0.5056,0.708
891f2a770b3ffff,9,10,7,0.2774,0.4496,0.6483
891f2a770b7ffff,9,10,7,0.312,0.4751,0.6806
891f2a770bbffff,9,10,7,0.2516,0.4251,0.6283
891f2a770c3ffff,9,10,7,0.3611,0.5476,0.7494
891f2a770c7ffff,9,10,7,0.3646,0.55,0.7447
891f2a770cbffff,9,10,7,0.3746,0.547,0.7299
891f2a770cfffff,9,10,7,0.3024,0.4819,0.6741
891f2a770d3ffff,9,10,7,0.3697,0.549,0.7533
891f2a770d7ffff,9,10,7,0.3256,0.5053,0.6926
891f2a770dbffff,9,10,7,0.3249,0.5,0.7043
891f2a77103ffff,9,10,7,0.4944,0.6621,0.8539
891f2a77107ffff,9,10,7,0.5,0.6867,0.8946
891f2a7710bffff,9,10,7,0.469,0.6507,0.8409
891f2a7710fffff,9,10,7,0.5111,0.6829,0.8656
891f2a77113ffff,9,10,7,0.4554,0.6324,0.8331
891f2a77117ffff,9,10,7,0.438,0.6181,0.8164
891f2a7711bffff,9,10,7,0.4277,0.6087,0.8133
891f2a77123ffff,9,10,7,0.4556,0.6441,0.8451
891f2a77127ffff,9,10,7,0.5234,0.6967,0.8974
891f2a7712bffff,9,10,7,0.4409,0.6191,0.816
891f2a7712fffff,9,10,7,0.4489,0.6279,0.8289
891f2a77133ffff,9,10,7,0.3817,0.5683,0.7574
891f2a77137ffff,9,10,7,0.4631,0.6363,0.841
891f2a7713bffff,9,10,7,0.4374,0.6087,0.8079
891f2a77143ffff,9,10,7,0.4274,0.5974,0.7973
891f2a77147ffff,9,10,7,0.4873,0.6694,0.8734
891f2a7714bffff,9,10,7,0.5434,0.7206,0.9067
891f2a7714fffff,9,10,7,0.489,0.6641,0.8533
891f2a77153ffff,9,10,7,0.3759,0.5561,0.7487
891f2a77157ffff,9,10,7,0.4264,0.607,0.8096
891f2a7715bffff,9,10,7,0.3527,0.5314,0.7266
891f2a77163ffff,9,10,7,0.3986,0.5811,0.7757
891f2a77167ffff,9,10,7,0.413,0.5983,0.788
891f2a7716bffff,9,10,7,0.3611,0.5376,0.7417
891f2a7716fffff,9,10,7,0.3506,0.5171,0.707
891f2a77173ffff,9,10,7,0.4746,0.6423,0.8531
891f2a77177ffff,9,10,7,0.4096,0.5869,0.7894
891f2a7717bffff,9,10,7,0.534,0.7041,0.9036
891f2a77183ffff,9,10,7,0.462,0.6417,0.8327
891f2a77187ffff,9,10,7,0.2644,0.434,0.6281
891f2a7718bffff,9,10,7,0.4086,0.5896,0.8053
891f2a7718fffff,9,10,7,0.3696,0.551,0.7546
891f2a77193ffff,9,10,7,0.4661,0.6484,0.8426
891f2a77197ffff,9,10,7,0.3246,0.5177,0.718
891f2a7719bffff,9,10,7,0.5151,0.6867,0.8704
891f2a771a3ffff,9,10,7,0.2049,0.3896,0.5937
891f2a771a7ffff,9,10,7,0.2137,0.399,0.5986
891f2a771abffff,9,10,7,0.4077,0.5876,0.7817
891f2a771afffff,9,10,7,0.4314,0.6187,0.822
891f2a771b3ffff,9,10,7,0.1313,0.2854,0.4991
891f2a771b7ffff,9,10,7,0.076,0.2473,0.4579
891f2a771bbffff,9,10,7,0.2881,0.4631,0.6506
891f2a771c3ffff,9,10,7,0.377,0.5584,0.7666
891f2a771c7ffff,9,10,7,0.4389,0.6214,0.8033
891f2a771cbffff,9,10,7,0.3783,0.5507,0.7501
891f2a771cfffff,9,10,7,0.4183,0.5904,0.7777
891f2a771d3ffff,9,10,7,0.3983,0.586,0.7884
891f2a771d7ffff,9,10,7,0.4916,0.6651,0.8683
891f2a771dbffff,9,10,7,0.3924,0.567,0.7669
891f2a77203ffff,9,10,7,0.413,0.5966,0.7933
891f2a77207ffff,9,10,7,0.4203,0.6129,0.802
891f2a7720bffff,9,10,7,0.4067,0.5911,0.7957
891f2a7720fffff,9,10,7,0.4499,0.6209,0.8266
891f2a77213ffff,9,10,7,0.3636,0.5404,0.7374
891f2a77217ffff,9,10,7,0.5041,0.6879,0.8799
891f2a7721bffff,9,10,7,0.3606,0.5437,0.7374
891f2a77223ffff,9,10,7,0.5119,0.6881,0.8746
891f2a77227ffff,9,10,7,0.449,0.6286,0.8076
891f2a7722bffff,9,10,7,0.4617,0.6433,0.8473
891f2a7722fffff,9,10,7,0.4123,0.5957,0.7867
891f2a77233ffff,9,10,7,0.4337,0.6153,0.8099
891f2a77237ffff,9,10,7,0.4624,0.6389,0.8237
891f2a7723bffff,9,10,7,0.4604,0.6377,0.8419
891f2a77243ffff,9,10,7,0.4903,0.6586,0.8407
891f2a77247ffff,9,10,7,0.4497,0.6377,0.8414
891f2a7724bffff,9,10,7,0.4826,0.6587,0.865
891f2a7724fffff,9,10,7,0.394,0.5671,0.7743
891f2a77253ffff,9,10,7,0.4083,0.593,0.7874
891f2a77257ffff,9,10,7,0.4443,0.6309,0.8217
891f2a7725bffff,9,10,7,0.4651,0.6447,0.84
891f2a77263ffff,9,10,7,0.4063,0.5867,0.7911
891f2a77267ffff,9,10,7,0.407,0.5949,0.798
891f2a7726bffff,9,10,7,0.5167,0.6911,0.8683
891f2a7726fffff,9,10,7,0.4793,0.6621,0.8671
891f2a77273ffff,9,10,7,0.4596,0.6433,0.8297
891f2a77277ffff,9,10,7,0.42,0.605,0.8154
891f2a7727bffff,9,10,7,0.4996,0.679,0.8951
891f2a77283ffff,9,10,7,0.4233,0.5956,0.7863
891f2a77287ffff,9,10,7,0.5041,0.6823,0.865
891f2a7728bffff,9,10,7,0.3917,0.5659,0.764
891f2a7728fffff,9,10,7,0.4671,0.6477,0.8399
891f2a77293ffff,9,10,7,0.2964,0.4869,0.6916
891f2a77297ffff,9,10,7,0.302,0.486,0.6836
891f2a7729bffff,9,10,7,0.3837,0.562,0.7583
891f2a772a3ffff,9,10,7,0.5294,0.7073,0.8884
891f2a772a7ffff,9,10,7,0.5106,0.7021,0.8767
891f2a772abffff,9,10,7,0.432,0.614,0.8127
891f2a772afffff,9,10,7,0.439,0.6117,0.8169
891f2a772b3ffff,9,10,7,0.5473,0.7171,0.9276
891f2a772b7ffff,9,10,7,0.4837,0.6589,0.8596
891f2a772bbffff,9,10,7,0.5263,0.7036,0.9159
891f2a772c3ffff,9,10,7,0.3996,0.5786,0.7721
891f2a772c7ffff,9,10,7,0.424,0.6,0.8001
891f2a772cbffff,9,10,7,0.4274,0.6059,0.8033
891f2a772cfffff,9,10,7,0.455,0.6367,0.841
891f2a772d3ffff,9,10,7,0.3757,0.552,0.7331
891f2a772d7ffff,9,10,7,0.491,0.6686,0.8674
891f2a772dbffff,9,10,7,0.3626,0.535,0.7364
891f2a77303ffff,9,10,7,0.418,0.5864,0.7851
891f2a77307ffff,9,10,7,0.4011,0.5821,0.7703
891f2a7730bffff,9,10,7,0.4409,0.6127,0.8041
891f2a7730fffff,9,10,7,0.3706,0.5423,0.7303
891f2a77313ffff,9,10,7,0.4396,0.615,0.8257
891f2a77317ffff,9,10,7,0.4489,0.6334,0.8236
891f2a7731bffff,9,10,7,0.5303,0.6997,0.8931
891f2a77323ffff,9,10,7,0.4119,0.5924,0.8014
891f2a77327ffff,9,10,7,0.3491,0.5344,0.743
891f2a7732bffff,9,10,7,0.4101,0.6027,0.7899
891f2a7732fffff,9,10,7,0.347,0.5277,0.7203
891f2a77333ffff,9,10,7,0.4199,0.6054,0.8091
891f2a77337ffff,9,10,7,0.5043,0.6759,0.8759
891f2a7733bffff,9,10,7,0.4087,0.5821,0.7746
891f2a77343ffff,9,10,7,0.4853,0.6713,0.8727
891f2a77347ffff,9,10,7,0.4539,0.6311,0.8327
891f2a7734bffff,9,10,7,0.4147,0.5917,0.7867
891f2a7734fffff,9,10,7,0.4607,0.6401,0.845
891f2a77353ffff,9,10,7,0.4846,0.6616,0.854
891f2a77357ffff,9,10,7,0.4883,0.6634,0.8657
891f2a7735bffff,9,10,7,0.4626,0.6386,0.8387
891f2a77363ffff,9,10,7,0.3383,0.513,0.7214
891f2a77367ffff,9,10,7,0.4144,0.5863,0.7784
891f2a7736bffff,9,10,7,0.3893,0.5673,0.7639
891f2a7736fffff,9,10,7,0.3391,0.5114,0.7114
891f2a77373ffff,9,10,7,0.4264,0.6107,0.817
891f2a77377ffff,9,10,7,0.4017,0.5767,0.7721
891f2a7737bffff,9,10,7,0.41,0.5941,0.7941
891f2a77383ffff,9,10,7,0.3507,0.5391,0.733
891f2a77387ffff,9,10,7,0.4179,0.6003,0.8103
891f2a7738bffff,9,10,7,0.5313,0.7167,0.9119
891f2a7738fffff,9,10,7,0.3416,0.5281,0.7367
891f2a77393ffff,9,10,7,0.315,0.499,0.6976
891f2a77397ffff,9,10,7,0.4093,0.5794,0.7804
891f2a7739bffff,9,10,7,0.3254,0.5099,0.7074
891f2a773a3ffff,9,10,7,0.5191,0.6919,0.8943
891f2a773a7ffff,9,10,7,0.3346,0.507,0.708
891f2a773abffff,9,10,7,0.4827,0.6594,0.8571
891f2a773afffff,9,10,7,0.4243,0.61,0.808
891f2a773b3ffff,9,10,7,0.5146,0.696,0.898
891f2a773b7ffff,9,10,7,0.4824,0.6543,0.8474
891f2a773bbffff,9,10,7,0.4227,0.5893,0.7831
891f2a773c3ffff,9,10,7,0.5484,0.7373,0.9296
891f2a773c7ffff,9,10,7,0.4704,0.6449,0.846
891f2a773cbffff,9,10,7,0.4286,0.6187,0.8173
891f2a773cfffff,9,10,7,0.4629,0.6476,0.8404
891f2a773d3ffff,9,10,7,0.4373,0.6153,0.8004
891f2a773d7ffff,9,10,7,0.5236,0.695,0.873
891f2a773dbffff,9,10,7,0.4979,0.6764,0.882
891f2a77403ffff,9,10,7,0.3477,0.5264,0.7397
891f2a77407ffff,9,10,7,0.2824,0.4724,0.6811
891f2a7740bffff,9,10,7,0.4471,0.6316,0.825
891f2a7740fffff,9,10,7,0.3264,0.502,0.69
891f2a77413ffff,9,10,7,0.304,0.4863,0.6916
891f2a77417ffff,9,10,7,0.2501,0.4283,0.6243
891f2a7741bffff,9,10,7,0.4324,0.6164,0.8027
891f2a77423ffff,9,10,7,0.4439,0.6063,0.8057
891f2a77427ffff,9,10,7,0.4194,0.5996,0.808
891f2a7742bffff,9,10,7,0.4379,0.6234,0.825
891f2a7742fffff,9,10,7,0.3666,0.5403,0.7387
891f2a77433ffff,9,10,7,0.496,0.6749,0.8663
891f2a77437ffff,9,10,7,0.3794,0.5713,0.7763
891f2a7743bffff,9,10,7,0.3206,0.5041,0.7041
891f2a77443ffff,9,10,7,0.4,0.5864,0.79
891f2a77447ffff,9,10,7,0.3797,0.5546,0.7544
891f2a7744bffff,9,10,7,0.3924,0.5864,0.7909
891f2a7744fffff,9,10,7,0.3406,0.512,0.7091
891f2a77453ffff,9,10,7,0.4633,0.6411,0.8501
891f2a77457ffff,9,10,7,0.5096,0.6963,0.8876
891f2a7745bffff,9,10,7,0.3834,0.561,0.7643
891f2a77463ffff,9,10,7,0.3594,0.5319,0.7299
891f2a77467ffff,9,10,7,0.3536,0.5417,0.7333
891f2a7746bffff,9,10,7,0.3537,0.5281,0.7257
891f2a7746fffff,9,10,7,0.3723,0.5623,0.7621
891f2a77473ffff,9,10,7,0.3996,0.5854,0.7936
891f2a77477ffff,9,10,7,0.3923,0.5619,0.7721
891f2a7747bffff,9,10,7,0.3593,0.5351,0.736
891f2a77483ffff,9,10,7,0.2364,0.4177,0.6286
891f2a77487ffff,9,10,7,0.2696,0.4493,0.6559
891f2a7748bffff,9,10,7,0.2834,0.4623,0.6617
891f2a7748fffff,9,10,7,0.2003,0.377,0.5716
891f2a77493ffff,9,10,7,0.1971,0.3757,0.5664
891f2a77497ffff,9,10,7,0.245,0.4284,0.6369
891f2a7749bffff,9,10,7,0.2533,0.4344,0.6359
891f2a774a3ffff,9,10,7,0.3593,0.5436,0.7466
891f2a774a7ffff,9,10,7,0.3871,0.5833,0.7844
891f2a774abffff,9,10,7,0.3899,0.5806,0.7771
891f2a774afffff,9,10,7,0.4667,0.6406,0.8346
891f2a774b3ffff,9,10,7,0.4616,0.6457,0.8391
891f2a774b7ffff,9,10,7,0.4004,0.5851,0.7896
891f2a774bbffff,9,10,7,0.3151,0.488,0.6926
891f2a774c3ffff,9,10,7,0.3837,0.5636,0.7684
891f2a774c7ffff,9,10,7,0.2659,0.4357,0.6323
891f2a774cbffff,9,10,7,0.4076,0.5984,0.8043
891f2a774cfffff,9,10,7,0.5036,0.6739,0.8677
891f2a774d3ffff,9,10,7,0.2927,0.4803,0.6779
891f2a774d7ffff,9,10,7,0.2686,0.4521,0.6419
891f2a774dbffff,9,10,7,0.4064,0.5891,0.797
891f2a77503ffff,9,10,7,0.3504,0.5341,0.7426
891f2a77507ffff,9,10,7,0.34,0.524,0.7306
891f2a7750bffff,9,10,7,0.3681,0.5376,0.7391
891f2a7750fffff,9,10,7,0.4936,0.675,0.8766
891f2a77513ffff,9,10,7,0.404,0.5804,0.7794
891f2a77517ffff,9,10,7,0.3081,0.488,0.6877
891f2a7751bffff,9,10,7,0.3729,0.554,0.753
891f2a77523ffff,9,10,7,0.3797,0.5443,0.7487
891f2a77527ffff,9,10,7,0.106,0.2837,0.4877
891f2a7752bffff,9,10,7,0.529,0.7036,0.8933
891f2a7752fffff,9,10,7,0.2933,0.4676,0.6719
891f2a77533ffff,9,10,7,0.3276,0.5117,0.709
891f2a77537ffff,9,10,7,0.1764,0.3524,0.5523
891f2a7753bffff,9,10,7,0.4603,0.6463,0.8391
891f2a77543ffff,9,10,7,0.4004,0.576,0.7753
891f2a77547ffff,9,10,7,0.4329,0.6164,0.8099
891f2a7754bffff,9,10,7,0.3439,0.5257,0.7294
891f2a7754fffff,9,10,7,0.2901,0.4781,0.6841
891f2a77553ffff,9,10,7,0.3326,0.5107,0.7119
891f2a77557ffff,9,10,7,0.3364,0.5237,0.7217
891f2a7755bffff,9,10,7,0.3513,0.5361,0.7406
891f2a77563ffff,9,10,7,0.4547,0.6237,0.817
891f2a77567ffff,9,10,7,0.508,0.6896,0.8856
891f2a7756bffff,9,10,7,0.4969,0.6771,0.8777
891f2a7756fffff,9,10,7,0.445,0.6294,0.8331
891f2a77573ffff,9,10,7,0.4514,0.6249,0.8323
891f2a77577ffff,9,10,7,0.4836,0.6586,0.8677
891f2a7757bffff,9,10,7,0.4536,0.6396,0.855
891f2a77583ffff,9,10,7,0.4276,0.605,0.8117
891f2a77587ffff,9,10,7,0.362,0.5351,0.7366
891f2a7758bffff,9,10,7,0.3464,0.5276,0.719
891f2a7758fffff,9,10,7,0.3039,0.4741,0.6687
891f2a77593ffff,9,10,7,0.4109,0.5936,0.7941
891f2a77597ffff,9,10,7,0.4351,0.6277,0.8289
891f2a7759bffff,9,10,7,0.3347,0.508,0.7044
891f2a775a3ffff,9,10,7,0.0851,0.2444,0.4476
891f2a775a7ffff,9,10,5,0.093,0.2602,0.4482
891f2a775abffff,9,10,7,0.2251,0.41,0.6054
891f2a775afffff,9,10,7,0.148,0.324,0.5274
891f2a775b3ffff,9,10,7,0.2071,0.3937,0.5941
891f2a775b7ffff,9,10,6,0.0732,0.2505,0.4595
891f2a775bbffff,9,10,7,0.3171,0.4853,0.685
891f2a775c3ffff,9,10,7,0.3507,0.5267,0.718
891f2a775c7ffff,9,10,7,0.2689,0.4397,0.6419
891f2a775cbffff,9,10,7,0.3676,0.5531,0.7544
891f2a775cfffff,9,10,7,0.3413,0.5197,0.7314
891f2a775d3ffff,9,10,7,0.4437,0.6199,0.8154
891f2a775d7ffff,9,10,7,0.3274,0.5063,0.7147
891f2a775dbffff,9,10,7,0.4326,0.6069,0.8037
891f2a77603ffff,9,10,7,0.52,0.7024,0.8986
891f2a77607ffff,9,10,7,0.3647,0.5427,0.749
891f2a7760bffff,9,10,7,0.4189,0.5957,0.7984
891f2a7760fffff,9,10,7,0.3814,0.567,0.7679
891f2a77613ffff,9,10,7,0.5184,0.6974,0.8941
891f2a77617ffff,9,10,7,0.467,0.6404,0.846
891f2a7761bffff,9,10,7,0.4467,0.631,0.826
891f2a77623ffff,9,10,7,0.401,0.568,0.7751
891f2a77627ffff,9,10,7,0.3229,0.5033,0.7043
891f2a7762bffff,9,10,7,0.411,0.5857,0.777
891f2a7762fffff,9,10,7,0.3281,0.4976,0.6961
891f2a77633ffff,9,10,7,0.3657,0.5521,0.7621
891f2a77637ffff,9,10,7,0.4034,0.5879,0.791
891f2a7763bffff,9,10,7,0.3753,0.5586,0.7631
891f2a77643ffff,9,10,7,0.4037,0.5756,0.7811
891f2a77647ffff,9,10,7,0.3336,0.5179,0.7204
891f2a7764bffff,9,10,7,0.4043,0.5899,0.778
891f2a7764fffff,9,10,7,0.5304,0.7051,0.8887
891f2a77653ffff,9,10,7,0.3454,0.5247,0.7237
891f2a77657ffff,9,10,7,0.4263,0.6077,0.8141
891f2a7765bffff,9,10,7,0.3531,0.5336,0.727
891f2a77663ffff,9,10,7,0.334,0.5164,0.7237
891f2a77667ffff,9,10,7,0.2879,0.4687,0.6593
891f2a7766bffff,9,10,7,0.3497,0.5307,0.7223
891f2a7766fffff,9,10,7,0.2781,0.4681,0.6623
891f2a77673ffff,9,10,7,0.3546,0.5394,0.741
891f2a77677ffff,9,10,7,0.4379,0.6209,0.8233
891f2a7767bffff,9,10,7,0.3296,0.5167,0.7194
891f2a77683ffff,9,10,7,0.457,0.6229,0.8354
891f2a77687ffff,9,10,7,0.5396,0.7191,0.909
891f2a7768bffff,9,10,7,0.5863,0.7571,0.9504
891f2a7768fffff,9,10,7,0.445,0.6257,0.8271
891f2a77693ffff,9,10,7,0.3994,0.59,0.7934
891f2a77697ffff,9,10,7,0.4606,0.6464,0.8346
891f2a7769bffff,9,10,7,0.3987,0.576,0.7641
891f2a776a3ffff,9,10,7,0.515,0.686,0.8854
891f2a776a7ffff,9,10,7,0.4079,0.5996,0.8026
891f2a776abffff,9,10,7,0.3813,0.562,0.7586
891f2a776afffff,9,10,7,0.3957,0.5776,0.7809
891f2a776b3ffff,9,10,7,0.4124,0.592,0.8023
891f2a776b7ffff,9,10,7,0.354,0.5349,0.7436
891f2a776bbffff,9,10,7,0.421,0.5919,0.8004
891f2a776c3ffff,9,10,7,0.4151,0.5797,0.7929
891f2a776c7ffff,9,10,7,0.4946,0.6714,0.8689
891f2a776cbffff,9,10,7,0.4951,0.6903,0.8851
891f2a776cfffff,9,10,7,0.406,0.5861,0.7944
891f2a776d3ffff,9,10,7,0.255,0.446,0.6503
891f2a776d7ffff,9,10,7,0.3803,0.5593,0.7603
891f2a776dbffff,9,10,7,0.3351,0.5221,0.7191
