class_km,n_hex,share
1,6330,0.45700671431665585
2,3702,0.2672731210742907
3,73,0.00527037759006569
4,564,0.04071908165475417
5,3182,0.2297307053642336
