"class_km","n_hex","share"
1,301,0.0413121054076311
2,3552,0.487510293713972
3,1591,0.21836398572605
4,990,0.135877024430414
5,852,0.116936590721932
