hex_id,distance_m,intersects
870800092ffffff,3271.5,FALSE
870800093ffffff,2386.2,FALSE
870800098ffffff,3760.2,FALSE
87080009affffff,2293.3,FALSE
87080009effffff,2624.7,FALSE
8708000c0ffffff,17073,FALSE
8708000d8ffffff,14848.3,FALSE
8708000d9ffffff,13187.5,FALSE
870800143ffffff,20798.9,FALSE
870800148ffffff,16992.7,FALSE
870800149ffffff,15088.9,FALSE
87080014bffffff,15764.1,FALSE
87080015affffff,21187.2,FALSE
87080016bffffff,17989.5,FALSE
870800400ffffff,0,TRUE
870800401ffffff,89.3,TRUE
870800402ffffff,959,TRUE
870800403ffffff,35.7,TRUE
870800404ffffff,86.5,TRUE
870800405ffffff,0,TRUE
870800406ffffff,533.9,TRUE
870800408ffffff,0,TRUE
870800409ffffff,0,TRUE
87080040affffff,0,TRUE
87080040bffffff,147.5,TRUE
87080040cffffff,23.8,TRUE
87080040dffffff,0,TRUE
87080040effffff,88.8,TRUE
870800410ffffff,638.1,TRUE
870800411ffffff,0,TRUE
870800412ffffff,0,TRUE
870800413ffffff,0,TRUE
870800414ffffff,280.1,TRUE
870800415ffffff,0,TRUE
870800416ffffff,0,TRUE
870800418ffffff,263.8,TRUE
870800419ffffff,613.2,TRUE
87080041affffff,117.5,TRUE
87080041bffffff,553.4,TRUE
87080041cffffff,0,TRUE
87080041dffffff,0,TRUE
87080041effffff,127.1,TRUE
870800420ffffff,1640.4,FALSE
870800421ffffff,218.7,TRUE
870800422ffffff,1834.6,FALSE
870800423ffffff,289.5,TRUE
870800424ffffff,2265,FALSE
870800425ffffff,2349.6,FALSE
870800426ffffff,1548.1,FALSE
870800428ffffff,2047.7,FALSE
870800429ffffff,1534.1,FALSE
87080042affffff,597.9,TRUE
87080042bffffff,254.1,TRUE
87080042cffffff,1068.4,FALSE
87080042dffffff,2799.3,FALSE
87080042effffff,188.8,TRUE
870800430ffffff,0,TRUE
870800431ffffff,1509.8,FALSE
870800432ffffff,625.7,TRUE
870800433ffffff,1335.2,FALSE
870800434ffffff,480.5,TRUE
870800435ffffff,1238.8,FALSE
870800436ffffff,0,TRUE
870800440ffffff,2579.1,FALSE
870800441ffffff,2435.3,FALSE
870800442ffffff,869.9,TRUE
870800443ffffff,1949,FALSE
870800444ffffff,947.3,TRUE
870800445ffffff,2083.5,FALSE
870800446ffffff,738.6,TRUE
870800448ffffff,0,TRUE
870800449ffffff,571.3,TRUE
87080044affffff,0,TRUE
87080044bffffff,0,TRUE
87080044cffffff,576.9,TRUE
87080044dffffff,593.5,TRUE
87080044effffff,495.6,TRUE
870800450ffffff,380.3,TRUE
870800451ffffff,0,TRUE
870800452ffffff,0,TRUE
870800453ffffff,0,TRUE
870800454ffffff,0,TRUE
870800455ffffff,1209.2,FALSE
870800456ffffff,0,TRUE
870800458ffffff,69,TRUE
870800459ffffff,236.9,TRUE
87080045affffff,0,TRUE
87080045bffffff,0,TRUE
87080045cffffff,732.9,TRUE
87080045dffffff,138.2,TRUE
87080045effffff,0,TRUE
870800461ffffff,2428.9,FALSE
870800462ffffff,765.1,TRUE
870800463ffffff,987.1,FALSE
870800464ffffff,3863.3,FALSE
870800466ffffff,2838.3,FALSE
870800468ffffff,112.5,TRUE
870800469ffffff,1643.9,FALSE
87080046affffff,1405.3,FALSE
87080046bffffff,813.1,TRUE
87080046cffffff,1167.1,FALSE
87080046dffffff,877.1,FALSE
87080046effffff,975.6,TRUE
870800470ffffff,177.6,TRUE
870800471ffffff,327.2,TRUE
870800472ffffff,782.6,TRUE
870800473ffffff,999,FALSE
870800474ffffff,1109.5,FALSE
870800475ffffff,1142.9,FALSE
870800476ffffff,477.4,TRUE
870800480ffffff,0,TRUE
870800481ffffff,519.6,TRUE
870800482ffffff,0,TRUE
870800483ffffff,468.6,TRUE
870800484ffffff,0,TRUE
870800485ffffff,308.6,TRUE
870800486ffffff,0,TRUE
870800488ffffff,788.5,TRUE
870800489ffffff,0,TRUE
87080048affffff,1903.9,FALSE
87080048bffffff,510.4,TRUE
87080048cffffff,107.4,TRUE
87080048dffffff,0,TRUE
87080048effffff,1484.9,FALSE
870800490ffffff,123.1,TRUE
870800491ffffff,0,TRUE
870800492ffffff,0,TRUE
870800493ffffff,80.6,TRUE
870800494ffffff,141.9,TRUE
870800495ffffff,0,TRUE
870800496ffffff,682.9,TRUE
870800498ffffff,0,TRUE
870800499ffffff,1339.4,FALSE
87080049affffff,985.4,FALSE
87080049bffffff,0,TRUE
87080049cffffff,1176.7,TRUE
87080049dffffff,14,TRUE
87080049effffff,1201,FALSE
8708004a0ffffff,0,TRUE
8708004a1ffffff,87.3,TRUE
8708004a2ffffff,344.1,TRUE
8708004a3ffffff,0,TRUE
8708004a4ffffff,0,TRUE
8708004a5ffffff,70.5,TRUE
8708004a6ffffff,0,TRUE
8708004a8ffffff,0,TRUE
8708004a9ffffff,0,TRUE
8708004aaffffff,0,TRUE
8708004abffffff,274.3,TRUE
8708004acffffff,0,TRUE
8708004adffffff,450.3,TRUE
8708004aeffffff,0,TRUE
8708004b0ffffff,0,TRUE
8708004b1ffffff,0,TRUE
8708004b2ffffff,79.2,TRUE
8708004b3ffffff,0,TRUE
8708004b4ffffff,1354.2,FALSE
8708004b5ffffff,0,TRUE
8708004b6ffffff,1321.6,FALSE
8708004c0ffffff,0,TRUE
8708004c1ffffff,226.2,TRUE
8708004c2ffffff,0,TRUE
8708004c3ffffff,111.4,TRUE
8708004c4ffffff,0,TRUE
8708004c5ffffff,0,TRUE
8708004c6ffffff,0,TRUE
8708004c8ffffff,0,TRUE
8708004c9ffffff,466.8,TRUE
8708004caffffff,0,TRUE
8708004cbffffff,0,TRUE
8708004ccffffff,0,TRUE
8708004cdffffff,0,TRUE
8708004ceffffff,0,TRUE
8708004d0ffffff,0,TRUE
8708004d1ffffff,0,TRUE
8708004d2ffffff,0,TRUE
8708004d3ffffff,0,TRUE
8708004d4ffffff,0,TRUE
8708004d5ffffff,0,TRUE
8708004d6ffffff,571,TRUE
8708004d8ffffff,0,TRUE
8708004d9ffffff,0,TRUE
8708004daffffff,0,TRUE
8708004dbffffff,229.5,TRUE
8708004dcffffff,0,TRUE
8708004ddffffff,248.7,TRUE
8708004deffffff,0,TRUE
8708004e0ffffff,0,TRUE
8708004e1ffffff,512.3,TRUE
8708004e2ffffff,0,TRUE
8708004e3ffffff,0,TRUE
8708004e4ffffff,0,TRUE
8708004e5ffffff,0,TRUE
8708004e6ffffff,277.2,TRUE
8708004e8ffffff,533.8,TRUE
8708004e9ffffff,0,TRUE
8708004eaffffff,0,TRUE
8708004ebffffff,207.3,TRUE
8708004ecffffff,0,TRUE
8708004edffffff,0,TRUE
8708004eeffffff,203.7,TRUE
8708004f0ffffff,0,TRUE
8708004f1ffffff,102.1,TRUE
8708004f2ffffff,148.7,TRUE
8708004f3ffffff,0,TRUE
8708004f4ffffff,0,TRUE
8708004f5ffffff,0,TRUE
8708004f6ffffff,246.9,TRUE
870800502ffffff,4695.1,FALSE
870800503ffffff,3479.7,FALSE
870800508ffffff,3159.9,FALSE
87080050affffff,1476.1,FALSE
87080050bffffff,3118.8,FALSE
87080050effffff,2738.6,FALSE
870800510ffffff,4898.3,FALSE
870800511ffffff,3979.4,FALSE
870800512ffffff,3778.5,FALSE
870800513ffffff,2886.3,FALSE
870800514ffffff,5120.9,FALSE
870800515ffffff,6032.3,FALSE
870800516ffffff,3489.3,FALSE
870800518ffffff,461.1,TRUE
870800519ffffff,461.7,TRUE
87080051affffff,314.8,TRUE
87080051bffffff,0,TRUE
87080051cffffff,2565.9,FALSE
87080051dffffff,1363.2,FALSE
87080051effffff,2091.3,FALSE
870800532ffffff,6005.4,FALSE
870800548ffffff,7230.4,FALSE
87080054affffff,5767.4,FALSE
87080054bffffff,5268.2,FALSE
87080054effffff,7389.8,FALSE
870800552ffffff,1828.7,FALSE
870800553ffffff,2565.6,FALSE
870800556ffffff,3593.7,FALSE
870800558ffffff,4376.6,FALSE
870800559ffffff,4054.6,FALSE
87080055affffff,3212.7,FALSE
87080055bffffff,2407.9,FALSE
87080055dffffff,5813.2,FALSE
87080055effffff,4055.7,FALSE
870800580ffffff,0,TRUE
870800581ffffff,278.4,TRUE
870800582ffffff,670.6,TRUE
870800583ffffff,118.8,TRUE
870800584ffffff,0,TRUE
870800585ffffff,0,TRUE
870800586ffffff,323.1,TRUE
870800588ffffff,0,TRUE
870800589ffffff,0,TRUE
87080058affffff,134.8,TRUE
87080058bffffff,527,TRUE
87080058cffffff,142.8,TRUE
87080058dffffff,0,TRUE
87080058effffff,59.7,TRUE
870800590ffffff,209.2,TRUE
870800591ffffff,319.1,TRUE
870800592ffffff,0.6,TRUE
870800593ffffff,152.7,TRUE
870800594ffffff,391.9,TRUE
870800595ffffff,71.4,TRUE
870800596ffffff,0,TRUE
870800598ffffff,2256.2,FALSE
870800599ffffff,562.7,TRUE
87080059affffff,1079.4,FALSE
87080059bffffff,867.8,TRUE
87080059cffffff,1767.8,FALSE
87080059dffffff,634.6,TRUE
87080059effffff,1331,FALSE
8708005a0ffffff,1236.2,FALSE
8708005a1ffffff,2724.8,FALSE
8708005a2ffffff,0,TRUE
8708005a3ffffff,1196.1,FALSE
8708005a4ffffff,738.5,TRUE
8708005a5ffffff,2082.4,FALSE
8708005a6ffffff,0,TRUE
8708005a8ffffff,0,TRUE
8708005a9ffffff,959.5,TRUE
8708005aaffffff,120.6,TRUE
8708005abffffff,71.5,TRUE
8708005acffffff,1649.9,FALSE
8708005adffffff,1165.9,FALSE
8708005aeffffff,1421.9,FALSE
8708005b0ffffff,301,TRUE
8708005b1ffffff,0,TRUE
8708005b2ffffff,0,TRUE
8708005b3ffffff,0,TRUE
8708005b4ffffff,1157.8,FALSE
8708005b5ffffff,101.5,TRUE
8708005b6ffffff,149.7,TRUE
870800602ffffff,890.2,TRUE
870800606ffffff,1324,FALSE
870800608ffffff,2170.1,FALSE
870800609ffffff,2776.5,FALSE
87080060affffff,1054.5,FALSE
87080060bffffff,1233.2,FALSE
87080060cffffff,3694.3,FALSE
87080060dffffff,3930.7,FALSE
87080060effffff,2784.2,FALSE
870800610ffffff,0,TRUE
870800611ffffff,0,TRUE
870800612ffffff,343.9,TRUE
870800613ffffff,0,TRUE
870800614ffffff,1178.9,FALSE
870800615ffffff,0,TRUE
870800616ffffff,1241.5,FALSE
87080061affffff,0,TRUE
87080061cffffff,1719.7,FALSE
87080061effffff,340.9,TRUE
870800628ffffff,6641.4,FALSE
87080062affffff,5359.6,FALSE
87080062bffffff,5164.4,FALSE
87080062cffffff,8212.9,FALSE
87080062dffffff,6390.6,FALSE
87080062effffff,6319.2,FALSE
870800630ffffff,1915.2,FALSE
870800631ffffff,2561.2,FALSE
870800632ffffff,2088.2,FALSE
870800633ffffff,1190.8,FALSE
870800634ffffff,491.5,TRUE
870800636ffffff,387.1,TRUE
870800640ffffff,267.6,TRUE
870800641ffffff,1686.5,FALSE
870800642ffffff,2103.4,FALSE
870800643ffffff,1110.9,FALSE
870800644ffffff,0,TRUE
870800645ffffff,1258.1,FALSE
870800646ffffff,1557.2,FALSE
870800648ffffff,1384.9,FALSE
870800649ffffff,2657.1,FALSE
87080064affffff,171.9,TRUE
87080064bffffff,842.4,TRUE
87080064cffffff,2063.5,FALSE
87080064dffffff,2432.6,FALSE
87080064effffff,452.8,TRUE
870800650ffffff,3494.3,FALSE
870800651ffffff,2211.7,FALSE
870800653ffffff,2647.5,FALSE
870800654ffffff,3805.5,FALSE
870800655ffffff,3455,FALSE
870800658ffffff,0,TRUE
870800659ffffff,0,TRUE
87080065affffff,0,TRUE
87080065bffffff,0,TRUE
87080065cffffff,368.2,TRUE
87080065dffffff,254.8,TRUE
87080065effffff,783,TRUE
870800660ffffff,1657.5,FALSE
870800661ffffff,1451,FALSE
870800662ffffff,70.8,TRUE
870800663ffffff,987.6,TRUE
870800664ffffff,2526.2,FALSE
870800665ffffff,2182.3,FALSE
870800666ffffff,882.2,TRUE
870800668ffffff,0,TRUE
870800669ffffff,596.6,TRUE
87080066affffff,1765.8,FALSE
87080066bffffff,808.6,TRUE
87080066cffffff,604,TRUE
87080066dffffff,189.4,TRUE
87080066effffff,559.4,TRUE
870800672ffffff,4508.5,FALSE
870800673ffffff,2977.6,FALSE
870800680ffffff,0,TRUE
870800681ffffff,151.8,TRUE
870800682ffffff,0,TRUE
870800683ffffff,60.6,TRUE
870800684ffffff,325.6,TRUE
870800685ffffff,87.5,TRUE
870800686ffffff,0,TRUE
870800688ffffff,0,TRUE
870800689ffffff,0,TRUE
87080068affffff,148.2,TRUE
87080068bffffff,0,TRUE
87080068cffffff,0,TRUE
87080068dffffff,512.6,TRUE
87080068effffff,0,TRUE
870800690ffffff,242.2,TRUE
870800691ffffff,43.9,TRUE
870800692ffffff,0,TRUE
870800693ffffff,0,TRUE
870800694ffffff,0,TRUE
870800695ffffff,0,TRUE
870800696ffffff,0,TRUE
870800698ffffff,0,TRUE
870800699ffffff,0,TRUE
87080069affffff,0,TRUE
87080069bffffff,0,TRUE
87080069cffffff,0,TRUE
87080069dffffff,0,TRUE
87080069effffff,0,TRUE
8708006a0ffffff,0,TRUE
8708006a1ffffff,824.8,TRUE
8708006a2ffffff,0,TRUE
8708006a3ffffff,1011.1,TRUE
8708006a4ffffff,208.2,TRUE
8708006a5ffffff,1040.7,FALSE
8708006a6ffffff,544.1,TRUE
8708006a8ffffff,0,TRUE
8708006a9ffffff,137.4,TRUE
8708006aaffffff,204.6,TRUE
8708006abffffff,309.5,TRUE
8708006acffffff,0,TRUE
8708006adffffff,0,TRUE
8708006aeffffff,0,TRUE
8708006b0ffffff,252,TRUE
8708006b1ffffff,403.2,TRUE
8708006b2ffffff,42.1,TRUE
8708006b3ffffff,593.9,TRUE
8708006b6ffffff,286.1,TRUE
8708006c5ffffff,464,TRUE
8708006c9ffffff,312.4,TRUE
8708006cbffffff,1941.7,FALSE
8708006ccffffff,183.5,TRUE
8708006cdffffff,0,TRUE
8708006d0ffffff,735.1,TRUE
8708006d1ffffff,0,TRUE
8708006d2ffffff,0,TRUE
8708006d3ffffff,688.9,TRUE
8708006d4ffffff,0,TRUE
8708006d5ffffff,0,TRUE
8708006d6ffffff,0,TRUE
8708006d8ffffff,214.5,TRUE
8708006d9ffffff,929.9,TRUE
8708006daffffff,96.4,TRUE
8708006dbffffff,1.7,TRUE
8708006deffffff,425.5,TRUE
8708006e0ffffff,411.4,TRUE
8708006e1ffffff,0,TRUE
8708006e3ffffff,0,TRUE
8708006e4ffffff,261.8,TRUE
8708006e5ffffff,211.8,TRUE
8708006e8ffffff,159.9,TRUE
8708006e9ffffff,959.4,FALSE
8708006eaffffff,0,TRUE
8708006ebffffff,0,TRUE
8708006ecffffff,1080.2,FALSE
8708006edffffff,1502.6,FALSE
8708006eeffffff,0,TRUE
8708006f2ffffff,642.4,TRUE
8708006f3ffffff,663.7,TRUE
8708006f6ffffff,260.1,TRUE
870800712ffffff,1602.9,FALSE
870800713ffffff,90,TRUE
870800714ffffff,90,TRUE
870800716ffffff,6.7,TRUE
87080071affffff,0,TRUE
87080071effffff,1141.8,TRUE
870800730ffffff,2544.1,FALSE
870800732ffffff,887,TRUE
870800734ffffff,3521.4,FALSE
870800736ffffff,1778,FALSE
870800745ffffff,7733,FALSE
870800748ffffff,2834,FALSE
870800749ffffff,1042.1,FALSE
87080074affffff,3849.6,FALSE
87080074bffffff,1855.5,FALSE
87080074cffffff,4337.4,FALSE
87080074dffffff,2781.2,FALSE
87080074effffff,4903.1,FALSE
870800766ffffff,12124.5,FALSE
87080076affffff,5982.8,FALSE
87080076bffffff,4563.8,FALSE
87080076cffffff,5917,FALSE
87080076dffffff,4237.5,FALSE
87080076effffff,7016.9,FALSE
870800780ffffff,0,TRUE
870800781ffffff,272.3,TRUE
870800782ffffff,61.3,TRUE
870800783ffffff,205,TRUE
870800785ffffff,610.5,TRUE
870800786ffffff,0,TRUE
870800788ffffff,0,TRUE
870800789ffffff,1175.4,FALSE
87080078affffff,0,TRUE
87080078bffffff,0,TRUE
87080078cffffff,0,TRUE
87080078dffffff,697.6,TRUE
87080078effffff,0,TRUE
870800790ffffff,0,TRUE
870800791ffffff,232.8,TRUE
870800792ffffff,711.8,TRUE
870800793ffffff,0,TRUE
870800794ffffff,232.1,TRUE
870800795ffffff,276.2,TRUE
870800796ffffff,174.9,TRUE
870800798ffffff,23.4,TRUE
870800799ffffff,0,TRUE
87080079affffff,0,TRUE
87080079bffffff,393.9,TRUE
87080079cffffff,0,TRUE
87080079dffffff,561,TRUE
87080079effffff,103.1,TRUE
8708007a0ffffff,152.4,TRUE
8708007a1ffffff,1192.1,FALSE
8708007a2ffffff,394.8,TRUE
8708007a3ffffff,1310.2,FALSE
8708007a4ffffff,36.9,TRUE
8708007a5ffffff,0,TRUE
8708007a6ffffff,254.3,TRUE
8708007a8ffffff,311.1,TRUE
8708007a9ffffff,0,TRUE
8708007aaffffff,0,TRUE
8708007abffffff,0,TRUE
8708007acffffff,133.2,TRUE
8708007adffffff,0,TRUE
8708007aeffffff,43.4,TRUE
8708007b0ffffff,0,TRUE
8708007b2ffffff,0,TRUE
8708007b4ffffff,0,TRUE
8708007b5ffffff,0,TRUE
8708007b6ffffff,0,TRUE
870800a00ffffff,10009.7,FALSE
870800a01ffffff,9002.9,FALSE
870800a02ffffff,9134.2,FALSE
870800a03ffffff,7879.5,FALSE
870800a08ffffff,6424.7,FALSE
870800a09ffffff,6467.4,FALSE
870800a0affffff,4909.9,FALSE
870800a0bffffff,4737.4,FALSE
870800a0cffffff,8319.1,FALSE
870800a0dffffff,8041.5,FALSE
870800a0effffff,6930.5,FALSE
870800a11ffffff,8497.6,FALSE
870800a13ffffff,8161.4,FALSE
870800a18ffffff,4926.7,FALSE
870800a1affffff,4527.5,FALSE
870800a1bffffff,2841.3,FALSE
870800a1dffffff,5750.9,FALSE
870800a2affffff,10307.1,FALSE
870800a2bffffff,9828.8,FALSE
870800a30ffffff,14754.8,FALSE
870800a41ffffff,8669.8,FALSE
870800a43ffffff,7087.2,FALSE
870800a46ffffff,7653.8,FALSE
870800a48ffffff,7102.2,FALSE
870800a4affffff,5345.7,FALSE
870800a4bffffff,6066.1,FALSE
870800a4effffff,6879.1,FALSE
870800a50ffffff,4284.3,FALSE
870800a51ffffff,4541.8,FALSE
870800a53ffffff,2779,FALSE
870800a54ffffff,6124.4,FALSE
870800a55ffffff,5945.9,FALSE
870800a56ffffff,4577.5,FALSE
870800a58ffffff,3702.4,FALSE
870800a59ffffff,3597.9,FALSE
870800a5affffff,2100.5,FALSE
870800a5bffffff,1881.4,FALSE
870800a5cffffff,5471.9,FALSE
870800a5dffffff,5261.9,FALSE
870800a5effffff,3848.8,FALSE
870800a72ffffff,7990.9,FALSE
870800a73ffffff,7676.6,FALSE
870800a76ffffff,9709.8,FALSE
870800a80ffffff,8885.6,FALSE
870800a81ffffff,7003.7,FALSE
870800a82ffffff,9375.2,FALSE
870800a83ffffff,7470.4,FALSE
870800a84ffffff,10543.6,FALSE
870800a85ffffff,8728.5,FALSE
870800a86ffffff,10775.9,FALSE
870800a88ffffff,3665.4,FALSE
870800a89ffffff,1778.5,FALSE
870800a8affffff,4497.5,FALSE
870800a8bffffff,2756.8,FALSE
870800a8cffffff,5139.8,FALSE
870800a8dffffff,3325.6,FALSE
870800a8effffff,5566.5,FALSE
870800a90ffffff,11975.3,FALSE
870800a92ffffff,12840.2,FALSE
870800a94ffffff,13184.6,FALSE
870800a95ffffff,11280,FALSE
870800a96ffffff,13868.6,FALSE
870800a99ffffff,5742.1,FALSE
870800a9dffffff,6334.7,FALSE
870800aa0ffffff,11958.3,FALSE
870800aa1ffffff,10073.2,FALSE
870800aa2ffffff,12347.1,FALSE
870800aa3ffffff,10509,FALSE
870800aa5ffffff,11748.6,FALSE
870800aa8ffffff,6693.4,FALSE
870800aa9ffffff,4784.7,FALSE
870800aaaffffff,6962.1,FALSE
870800aabffffff,5294.2,FALSE
870800aacffffff,8197.8,FALSE
870800aadffffff,6341.2,FALSE
870800aaeffffff,8601.5,FALSE
870800ab0ffffff,14244.4,FALSE
870800ab1ffffff,12385.8,FALSE
870800ab3ffffff,12670.4,FALSE
870800ab5ffffff,14133.8,FALSE
870800ab6ffffff,16113.4,FALSE
870800ac0ffffff,24.4,TRUE
870800ac1ffffff,316.7,TRUE
870800ac2ffffff,130.6,TRUE
870800ac3ffffff,0,TRUE
870800ac4ffffff,190.5,TRUE
870800ac5ffffff,103.6,TRUE
870800ac6ffffff,61.4,TRUE
870800ac8ffffff,1121.3,FALSE
870800ac9ffffff,808.6,TRUE
870800acaffffff,925.2,TRUE
870800acbffffff,0,TRUE
870800accffffff,0,TRUE
870800acdffffff,46,TRUE
870800aceffffff,1291.7,FALSE
870800ad0ffffff,1485.5,FALSE
870800ad1ffffff,1198.3,FALSE
870800ad2ffffff,2965.6,FALSE
870800ad3ffffff,2092.3,FALSE
870800ad4ffffff,0,TRUE
870800ad5ffffff,0,TRUE
870800ad6ffffff,1416.5,FALSE
870800ad8ffffff,1334.5,FALSE
870800ad9ffffff,940.7,FALSE
870800adaffffff,348.1,TRUE
870800adbffffff,1812.7,FALSE
870800adcffffff,1348.4,FALSE
870800addffffff,1948.5,FALSE
870800adeffffff,825,TRUE
870800ae0ffffff,1708.8,FALSE
870800ae1ffffff,1170.1,FALSE
870800ae2ffffff,0,TRUE
870800ae3ffffff,0,TRUE
870800ae5ffffff,3246.8,FALSE
870800ae6ffffff,1520.9,FALSE
870800ae8ffffff,1277.5,FALSE
870800ae9ffffff,935.6,TRUE
870800aeaffffff,184.3,TRUE
870800aebffffff,0,TRUE
870800aecffffff,1016.9,FALSE
870800aedffffff,2430.1,FALSE
870800aeeffffff,83.7,TRUE
870800af0ffffff,2051.9,FALSE
870800af1ffffff,197.6,TRUE
870800af2ffffff,1727.3,FALSE
870800af3ffffff,731.6,TRUE
870800af4ffffff,2875.4,FALSE
870800af5ffffff,965.5,FALSE
870800af6ffffff,3828,FALSE
870800b9bffffff,15742.9,FALSE
870802000ffffff,302.5,TRUE
870802001ffffff,32.3,TRUE
870802002ffffff,0,TRUE
870802003ffffff,18.8,TRUE
870802004ffffff,0,TRUE
870802005ffffff,1076.6,FALSE
870802006ffffff,0,TRUE
870802008ffffff,289.2,TRUE
870802009ffffff,0,TRUE
87080200affffff,140.5,TRUE
87080200bffffff,1418.5,FALSE
87080200cffffff,403.2,TRUE
87080200dffffff,0,TRUE
87080200effffff,301.4,TRUE
870802010ffffff,0,TRUE
870802011ffffff,0,TRUE
870802012ffffff,0,TRUE
870802013ffffff,0,TRUE
870802014ffffff,0,TRUE
870802015ffffff,0,TRUE
870802016ffffff,0,TRUE
870802018ffffff,0,TRUE
870802019ffffff,0,TRUE
87080201affffff,0,TRUE
87080201bffffff,0,TRUE
87080201cffffff,133.9,TRUE
87080201dffffff,0,TRUE
87080201effffff,0,TRUE
870802020ffffff,282.2,TRUE
870802021ffffff,0,TRUE
870802022ffffff,466.3,TRUE
870802023ffffff,411,TRUE
870802024ffffff,21.4,TRUE
870802025ffffff,245,TRUE
870802026ffffff,919.4,TRUE
870802028ffffff,0,TRUE
870802029ffffff,0,TRUE
87080202affffff,7.3,TRUE
87080202bffffff,0,TRUE
87080202cffffff,0,TRUE
87080202dffffff,0,TRUE
87080202effffff,0,TRUE
870802030ffffff,0,TRUE
870802031ffffff,0,TRUE
870802032ffffff,166.2,TRUE
870802033ffffff,0,TRUE
870802034ffffff,0,TRUE
870802035ffffff,339.1,TRUE
870802036ffffff,138.8,TRUE
870802040ffffff,0,TRUE
870802041ffffff,0,TRUE
870802042ffffff,0,TRUE
870802043ffffff,0,TRUE
870802044ffffff,29.5,TRUE
870802045ffffff,0,TRUE
870802046ffffff,0,TRUE
870802048ffffff,0,TRUE
870802049ffffff,568.2,TRUE
87080204affffff,548.4,TRUE
87080204bffffff,57.3,TRUE
87080204cffffff,467.1,TRUE
87080204dffffff,126.7,TRUE
87080204effffff,218.7,TRUE
870802050ffffff,51.5,TRUE
870802051ffffff,0,TRUE
870802052ffffff,1479,FALSE
870802053ffffff,0,TRUE
870802054ffffff,0,TRUE
870802055ffffff,0,TRUE
870802056ffffff,648.3,TRUE
870802058ffffff,94.7,TRUE
870802059ffffff,0,TRUE
87080205affffff,0,TRUE
87080205bffffff,0,TRUE
87080205cffffff,0,TRUE
87080205dffffff,0,TRUE
87080205effffff,0,TRUE
870802060ffffff,148,TRUE
870802061ffffff,0,TRUE
870802062ffffff,0,TRUE
870802063ffffff,0,TRUE
870802064ffffff,373.6,TRUE
870802065ffffff,0,TRUE
870802066ffffff,7.7,TRUE
870802068ffffff,528.5,TRUE
870802069ffffff,0,TRUE
87080206affffff,0,TRUE
87080206bffffff,0,TRUE
87080206cffffff,0,TRUE
87080206dffffff,174,TRUE
87080206effffff,1018.9,TRUE
870802070ffffff,0,TRUE
870802071ffffff,0,TRUE
870802072ffffff,0,TRUE
870802073ffffff,0,TRUE
870802074ffffff,0,TRUE
870802075ffffff,0,TRUE
870802076ffffff,0,TRUE
870802080ffffff,0,TRUE
870802081ffffff,0,TRUE
870802082ffffff,0,TRUE
870802083ffffff,0,TRUE
870802084ffffff,0,TRUE
870802085ffffff,0,TRUE
870802086ffffff,0,TRUE
870802088ffffff,970.4,TRUE
870802089ffffff,681.4,TRUE
87080208affffff,2039.8,FALSE
87080208bffffff,2318.7,FALSE
87080208cffffff,0,TRUE
87080208dffffff,0,TRUE
87080208effffff,0,TRUE
870802090ffffff,0,TRUE
870802091ffffff,0,TRUE
870802092ffffff,0,TRUE
870802093ffffff,0,TRUE
870802094ffffff,0,TRUE
870802095ffffff,0,TRUE
870802096ffffff,0,TRUE
870802098ffffff,0,TRUE
870802099ffffff,551,TRUE
87080209affffff,0,TRUE
87080209bffffff,0,TRUE
87080209cffffff,393.4,TRUE
87080209dffffff,642.7,TRUE
87080209effffff,0,TRUE
8708020a0ffffff,177.3,TRUE
8708020a1ffffff,0,TRUE
8708020a2ffffff,0,TRUE
8708020a3ffffff,0,TRUE
8708020a4ffffff,0,TRUE
8708020a5ffffff,0,TRUE
8708020a6ffffff,0,TRUE
8708020a8ffffff,0,TRUE
8708020a9ffffff,0,TRUE
8708020aaffffff,0,TRUE
8708020abffffff,139.7,TRUE
8708020acffffff,0,TRUE
8708020adffffff,0,TRUE
8708020aeffffff,223,TRUE
8708020b0ffffff,0.2,TRUE
8708020b1ffffff,0,TRUE
8708020b2ffffff,118.1,TRUE
8708020b3ffffff,304.8,TRUE
8708020b4ffffff,0,TRUE
8708020b5ffffff,461.1,TRUE
8708020b6ffffff,74.7,TRUE
8708020c0ffffff,0,TRUE
8708020c1ffffff,343.3,TRUE
8708020c2ffffff,39.2,TRUE
8708020c3ffffff,753.8,TRUE
8708020c4ffffff,324.8,TRUE
8708020c5ffffff,0,TRUE
8708020c6ffffff,148.5,TRUE
8708020c8ffffff,0,TRUE
8708020c9ffffff,392.7,TRUE
8708020caffffff,165,TRUE
8708020cbffffff,0,TRUE
8708020ccffffff,0,TRUE
8708020cdffffff,521.2,TRUE
8708020ceffffff,0,TRUE
8708020d0ffffff,1090.3,FALSE
8708020d1ffffff,1190.5,FALSE
8708020d2ffffff,1214.5,FALSE
8708020d3ffffff,2395.1,FALSE
8708020d4ffffff,155.6,TRUE
8708020d5ffffff,0,TRUE
8708020d6ffffff,1182.8,FALSE
8708020d8ffffff,1345,FALSE
8708020d9ffffff,71.8,TRUE
8708020daffffff,1226.9,FALSE
8708020dbffffff,0,TRUE
8708020dcffffff,526.1,TRUE
8708020ddffffff,0,TRUE
8708020deffffff,1759.9,FALSE
8708020e0ffffff,67.2,TRUE
8708020e1ffffff,163.7,TRUE
8708020e2ffffff,0,TRUE
8708020e3ffffff,0,TRUE
8708020e4ffffff,230,TRUE
8708020e5ffffff,863.9,TRUE
8708020e6ffffff,0,TRUE
8708020e8ffffff,715.4,TRUE
8708020e9ffffff,977.9,FALSE
8708020eaffffff,0,TRUE
8708020ebffffff,533.8,TRUE
8708020ecffffff,1242.4,FALSE
8708020edffffff,1261.5,FALSE
8708020eeffffff,0,TRUE
8708020f0ffffff,370.9,TRUE
8708020f1ffffff,0,TRUE
8708020f2ffffff,0,TRUE
8708020f3ffffff,0,TRUE
8708020f4ffffff,0,TRUE
8708020f5ffffff,0,TRUE
8708020f6ffffff,0,TRUE
870802100ffffff,0,TRUE
870802101ffffff,588.6,TRUE
870802102ffffff,0,TRUE
870802103ffffff,1149.4,FALSE
870802104ffffff,20.8,TRUE
870802105ffffff,367.7,TRUE
870802106ffffff,0,TRUE
870802108ffffff,0,TRUE
870802109ffffff,278.7,TRUE
87080210affffff,0,TRUE
87080210bffffff,26.1,TRUE
87080210cffffff,0,TRUE
87080210dffffff,0,TRUE
87080210effffff,0,TRUE
870802110ffffff,0,TRUE
870802111ffffff,0,TRUE
870802112ffffff,0,TRUE
870802113ffffff,0,TRUE
870802114ffffff,0,TRUE
870802115ffffff,0,TRUE
870802116ffffff,0,TRUE
870802118ffffff,0,TRUE
870802119ffffff,804,TRUE
87080211affffff,0,TRUE
87080211bffffff,0,TRUE
87080211cffffff,0,TRUE
87080211dffffff,13.3,TRUE
87080211effffff,163.7,TRUE
870802120ffffff,50.7,TRUE
870802121ffffff,0,TRUE
870802122ffffff,185.7,TRUE
870802123ffffff,647.3,TRUE
870802124ffffff,0,TRUE
870802125ffffff,0,TRUE
870802126ffffff,0,TRUE
870802128ffffff,139.9,TRUE
870802129ffffff,0,TRUE
87080212affffff,494.5,TRUE
87080212bffffff,0,TRUE
87080212cffffff,0,TRUE
87080212dffffff,0,TRUE
87080212effffff,0,TRUE
870802130ffffff,0,TRUE
870802131ffffff,0,TRUE
870802132ffffff,0,TRUE
870802133ffffff,0,TRUE
870802134ffffff,0,TRUE
870802135ffffff,137,TRUE
870802136ffffff,0,TRUE
870802140ffffff,96.3,TRUE
870802141ffffff,0,TRUE
870802142ffffff,0,TRUE
870802143ffffff,0,TRUE
870802144ffffff,0,TRUE
870802145ffffff,0,TRUE
870802146ffffff,0,TRUE
870802148ffffff,0,TRUE
870802149ffffff,117,TRUE
87080214affffff,491.3,TRUE
87080214bffffff,0,TRUE
87080214cffffff,0,TRUE
87080214dffffff,0,TRUE
87080214effffff,0,TRUE
870802150ffffff,0,TRUE
870802151ffffff,0,TRUE
870802152ffffff,273.7,TRUE
870802153ffffff,0,TRUE
870802154ffffff,253.8,TRUE
870802155ffffff,0,TRUE
870802156ffffff,0,TRUE
870802158ffffff,0,TRUE
870802159ffffff,0,TRUE
87080215affffff,224.2,TRUE
87080215bffffff,0,TRUE
87080215cffffff,0,TRUE
87080215dffffff,0,TRUE
87080215effffff,0,TRUE
870802160ffffff,0,TRUE
870802161ffffff,0,TRUE
870802162ffffff,0,TRUE
870802163ffffff,0,TRUE
870802164ffffff,0,TRUE
870802165ffffff,0,TRUE
870802166ffffff,0,TRUE
870802168ffffff,0,TRUE
870802169ffffff,0,TRUE
87080216affffff,0,TRUE
87080216bffffff,219.4,TRUE
87080216cffffff,0,TRUE
87080216dffffff,0,TRUE
87080216effffff,0,TRUE
870802170ffffff,0,TRUE
870802171ffffff,0,TRUE
870802172ffffff,0,TRUE
870802173ffffff,0,TRUE
870802174ffffff,326.8,TRUE
870802175ffffff,226,TRUE
870802176ffffff,0,TRUE
870802180ffffff,0,TRUE
870802181ffffff,0,TRUE
870802182ffffff,0,TRUE
870802183ffffff,109.6,TRUE
870802184ffffff,0,TRUE
870802185ffffff,0,TRUE
870802186ffffff,0,TRUE
870802188ffffff,0,TRUE
870802189ffffff,0,TRUE
87080218affffff,0,TRUE
87080218bffffff,0,TRUE
87080218cffffff,194.9,TRUE
87080218dffffff,0,TRUE
87080218effffff,0,TRUE
870802190ffffff,0,TRUE
870802191ffffff,0,TRUE
870802192ffffff,0,TRUE
870802193ffffff,61.6,TRUE
870802194ffffff,0,TRUE
870802195ffffff,0,TRUE
870802196ffffff,0,TRUE
870802198ffffff,79.8,TRUE
870802199ffffff,0,TRUE
87080219affffff,0,TRUE
87080219bffffff,0,TRUE
87080219cffffff,97.9,TRUE
87080219dffffff,0,TRUE
87080219effffff,241.8,TRUE
8708021a0ffffff,590.9,TRUE
8708021a1ffffff,0,TRUE
8708021a2ffffff,784.8,TRUE
8708021a3ffffff,2.9,TRUE
8708021a4ffffff,113.3,TRUE
8708021a5ffffff,192.2,TRUE
8708021a6ffffff,1320.4,FALSE
8708021a8ffffff,0,TRUE
8708021a9ffffff,0,TRUE
8708021aaffffff,358.3,TRUE
8708021abffffff,31,TRUE
8708021acffffff,0,TRUE
8708021adffffff,0,TRUE
8708021aeffffff,113.5,TRUE
8708021b0ffffff,188.6,TRUE
8708021b1ffffff,0,TRUE
8708021b2ffffff,0,TRUE
8708021b3ffffff,0,TRUE
8708021b4ffffff,0,TRUE
8708021b5ffffff,119.2,TRUE
8708021b6ffffff,0,TRUE
870802200ffffff,3736.7,FALSE
870802201ffffff,2773.5,FALSE
870802202ffffff,2377.4,FALSE
870802203ffffff,2791.3,FALSE
870802204ffffff,2355.2,FALSE
870802205ffffff,2242.7,FALSE
870802206ffffff,2095.7,FALSE
870802208ffffff,766.9,TRUE
870802209ffffff,0,TRUE
87080220affffff,1479.3,FALSE
87080220bffffff,427.4,TRUE
87080220cffffff,1700.6,FALSE
87080220dffffff,0,TRUE
87080220effffff,2681,FALSE
870802210ffffff,0,TRUE
870802211ffffff,1159.7,TRUE
870802212ffffff,0,TRUE
870802213ffffff,236.2,TRUE
870802214ffffff,292.1,TRUE
870802215ffffff,984.2,TRUE
870802216ffffff,301.8,TRUE
870802218ffffff,603.2,TRUE
870802219ffffff,0,TRUE
87080221affffff,0,TRUE
87080221bffffff,0,TRUE
87080221cffffff,934.5,TRUE
87080221dffffff,1592.8,FALSE
87080221effffff,53.9,TRUE
870802220ffffff,0,TRUE
870802221ffffff,0,TRUE
870802222ffffff,1240.4,FALSE
870802223ffffff,1201.6,FALSE
870802224ffffff,1357.4,FALSE
870802225ffffff,0,TRUE
870802226ffffff,1729.5,FALSE
870802228ffffff,0,TRUE
870802229ffffff,0,TRUE
87080222affffff,918.4,TRUE
87080222bffffff,365.1,TRUE
87080222cffffff,0,TRUE
87080222dffffff,0,TRUE
87080222effffff,951.4,TRUE
870802230ffffff,0,TRUE
870802231ffffff,343.8,TRUE
870802232ffffff,0,TRUE
870802233ffffff,13.3,TRUE
870802234ffffff,0,TRUE
870802235ffffff,33.1,TRUE
870802236ffffff,0,TRUE
870802240ffffff,0,TRUE
870802241ffffff,74.8,TRUE
870802242ffffff,0,TRUE
870802243ffffff,0,TRUE
870802244ffffff,285,TRUE
870802245ffffff,155.6,TRUE
870802246ffffff,0,TRUE
870802248ffffff,0,TRUE
870802249ffffff,0,TRUE
87080224affffff,302,TRUE
87080224bffffff,0,TRUE
87080224cffffff,0,TRUE
87080224dffffff,0,TRUE
87080224effffff,209.2,TRUE
870802250ffffff,0,TRUE
870802251ffffff,223.2,TRUE
870802252ffffff,0,TRUE
870802253ffffff,0,TRUE
870802254ffffff,126.2,TRUE
870802255ffffff,0,TRUE
870802256ffffff,0,TRUE
870802258ffffff,0,TRUE
870802259ffffff,0,TRUE
87080225affffff,0,TRUE
87080225bffffff,0,TRUE
87080225cffffff,0,TRUE
87080225dffffff,0,TRUE
87080225effffff,0,TRUE
870802260ffffff,0,TRUE
870802261ffffff,0,TRUE
870802262ffffff,259.6,TRUE
870802263ffffff,0,TRUE
870802264ffffff,77,TRUE
870802265ffffff,304.2,TRUE
870802266ffffff,0,TRUE
870802268ffffff,0,TRUE
870802269ffffff,0,TRUE
87080226affffff,37.3,TRUE
87080226bffffff,0,TRUE
87080226cffffff,461.2,TRUE
87080226dffffff,0,TRUE
87080226effffff,0,TRUE
870802270ffffff,0,TRUE
870802271ffffff,0,TRUE
870802272ffffff,0,TRUE
870802273ffffff,0,TRUE
870802274ffffff,361.9,TRUE
870802275ffffff,113.8,TRUE
870802276ffffff,0,TRUE
870802280ffffff,0,TRUE
870802281ffffff,0,TRUE
870802282ffffff,0,TRUE
870802283ffffff,0,TRUE
870802284ffffff,0,TRUE
870802285ffffff,0,TRUE
870802286ffffff,0,TRUE
870802288ffffff,0,TRUE
870802289ffffff,0,TRUE
87080228affffff,0,TRUE
87080228bffffff,356.8,TRUE
87080228cffffff,0,TRUE
87080228dffffff,505.3,TRUE
87080228effffff,0,TRUE
870802290ffffff,0,TRUE
870802291ffffff,0,TRUE
870802292ffffff,0,TRUE
870802293ffffff,0,TRUE
870802294ffffff,81.7,TRUE
870802295ffffff,39.6,TRUE
870802296ffffff,579.2,TRUE
870802298ffffff,0,TRUE
870802299ffffff,0,TRUE
87080229affffff,0,TRUE
87080229bffffff,0,TRUE
87080229cffffff,100.3,TRUE
87080229dffffff,0,TRUE
87080229effffff,0,TRUE
8708022a0ffffff,0,TRUE
8708022a1ffffff,0,TRUE
8708022a2ffffff,0,TRUE
8708022a3ffffff,0,TRUE
8708022a4ffffff,0,TRUE
8708022a5ffffff,385.5,TRUE
8708022a6ffffff,0,TRUE
8708022a8ffffff,0,TRUE
8708022a9ffffff,0,TRUE
8708022aaffffff,0,TRUE
8708022abffffff,99.4,TRUE
8708022acffffff,174.3,TRUE
8708022adffffff,0,TRUE
8708022aeffffff,0,TRUE
8708022b0ffffff,496.5,TRUE
8708022b1ffffff,0,TRUE
8708022b2ffffff,96.6,TRUE
8708022b3ffffff,484.4,TRUE
8708022b4ffffff,414.6,TRUE
8708022b5ffffff,131.1,TRUE
8708022b6ffffff,431,TRUE
8708022c0ffffff,0,TRUE
8708022c1ffffff,29.4,TRUE
8708022c2ffffff,29.1,TRUE
8708022c3ffffff,0,TRUE
8708022c4ffffff,0,TRUE
8708022c5ffffff,0,TRUE
8708022c6ffffff,0,TRUE
8708022c8ffffff,0,TRUE
8708022c9ffffff,0,TRUE
8708022caffffff,0,TRUE
8708022cbffffff,0,TRUE
8708022ccffffff,307.9,TRUE
8708022cdffffff,0,TRUE
8708022ceffffff,0,TRUE
8708022d0ffffff,0,TRUE
8708022d1ffffff,0,TRUE
8708022d2ffffff,0,TRUE
8708022d3ffffff,0,TRUE
8708022d4ffffff,0,TRUE
8708022d5ffffff,0,TRUE
8708022d6ffffff,0,TRUE
8708022d8ffffff,25.9,TRUE
8708022d9ffffff,0,TRUE
8708022daffffff,0,TRUE
8708022dbffffff,203.5,TRUE
8708022dcffffff,0,TRUE
8708022ddffffff,0,TRUE
8708022deffffff,0,TRUE
8708022e0ffffff,386.2,TRUE
8708022e1ffffff,72.3,TRUE
8708022e2ffffff,0,TRUE
8708022e3ffffff,0,TRUE
8708022e4ffffff,246.5,TRUE
8708022e5ffffff,0,TRUE
8708022e6ffffff,0,TRUE
8708022e8ffffff,430.2,TRUE
8708022e9ffffff,210.9,TRUE
8708022eaffffff,469.7,TRUE
8708022ebffffff,198.7,TRUE
8708022ecffffff,0,TRUE
8708022edffffff,0,TRUE
8708022eeffffff,0,TRUE
8708022f0ffffff,0,TRUE
8708022f1ffffff,0,TRUE
8708022f2ffffff,0,TRUE
8708022f3ffffff,0,TRUE
8708022f4ffffff,0,TRUE
8708022f5ffffff,0,TRUE
8708022f6ffffff,0,TRUE
870802300ffffff,0,TRUE
870802301ffffff,0,TRUE
870802302ffffff,601.1,TRUE
870802303ffffff,0,TRUE
870802304ffffff,0,TRUE
870802305ffffff,0,TRUE
870802306ffffff,396.9,TRUE
870802308ffffff,827.4,TRUE
870802309ffffff,0,TRUE
87080230affffff,1752.4,FALSE
87080230bffffff,1246.5,FALSE
87080230cffffff,72.4,TRUE
87080230dffffff,242.9,TRUE
87080230effffff,529.7,TRUE
870802310ffffff,0,TRUE
870802311ffffff,540.9,TRUE
870802312ffffff,1447.5,FALSE
870802313ffffff,0,TRUE
870802314ffffff,0,TRUE
870802315ffffff,0,TRUE
870802316ffffff,464.6,TRUE
870802318ffffff,0,TRUE
870802319ffffff,1317.1,FALSE
87080231affffff,80.1,TRUE
87080231bffffff,959.4,TRUE
87080231cffffff,85,TRUE
87080231dffffff,0,TRUE
87080231effffff,357.6,TRUE
870802320ffffff,0,TRUE
870802321ffffff,0,TRUE
870802322ffffff,0,TRUE
870802323ffffff,0,TRUE
870802324ffffff,0,TRUE
870802325ffffff,0,TRUE
870802326ffffff,0,TRUE
870802328ffffff,0,TRUE
870802329ffffff,0,TRUE
87080232affffff,0,TRUE
87080232bffffff,0,TRUE
87080232cffffff,0,TRUE
87080232dffffff,0,TRUE
87080232effffff,0,TRUE
870802330ffffff,0,TRUE
870802331ffffff,0,TRUE
870802332ffffff,966.1,FALSE
870802333ffffff,0,TRUE
870802334ffffff,0,TRUE
870802335ffffff,525.1,TRUE
870802336ffffff,0,TRUE
870802340ffffff,0,TRUE
870802341ffffff,456.6,TRUE
870802342ffffff,58,TRUE
870802343ffffff,0,TRUE
870802344ffffff,90.2,TRUE
870802345ffffff,0,TRUE
870802346ffffff,0,TRUE
870802348ffffff,149.2,TRUE
870802349ffffff,0,TRUE
87080234affffff,0,TRUE
87080234bffffff,608.6,TRUE
87080234cffffff,801,TRUE
87080234dffffff,0,TRUE
87080234effffff,0,TRUE
870802350ffffff,421.6,TRUE
870802351ffffff,0,TRUE
870802352ffffff,0,TRUE
870802353ffffff,0,TRUE
870802354ffffff,0,TRUE
870802355ffffff,0,TRUE
870802356ffffff,0,TRUE
870802358ffffff,52.8,TRUE
870802359ffffff,419,TRUE
87080235affffff,0,TRUE
87080235bffffff,0,TRUE
87080235cffffff,29.9,TRUE
87080235dffffff,748.9,TRUE
87080235effffff,0,TRUE
870802360ffffff,0,TRUE
870802361ffffff,0,TRUE
870802362ffffff,0,TRUE
870802363ffffff,0,TRUE
870802364ffffff,297,TRUE
870802365ffffff,0,TRUE
870802366ffffff,0,TRUE
870802368ffffff,64.9,TRUE
870802369ffffff,0,TRUE
87080236affffff,303.4,TRUE
87080236bffffff,0,TRUE
87080236cffffff,74.9,TRUE
87080236dffffff,0,TRUE
87080236effffff,0,TRUE
870802370ffffff,0,TRUE
870802371ffffff,0,TRUE
870802372ffffff,0,TRUE
870802373ffffff,0,TRUE
870802374ffffff,0,TRUE
870802375ffffff,0,TRUE
870802376ffffff,0,TRUE
870802380ffffff,0,TRUE
870802381ffffff,742.2,TRUE
870802382ffffff,0,TRUE
870802383ffffff,0,TRUE
870802384ffffff,0,TRUE
870802385ffffff,1021.6,TRUE
870802386ffffff,0,TRUE
870802388ffffff,1498.2,FALSE
870802389ffffff,355.5,TRUE
87080238affffff,0,TRUE
87080238bffffff,1069.2,FALSE
87080238cffffff,2152.5,FALSE
87080238dffffff,886.3,TRUE
87080238effffff,360.2,TRUE
870802390ffffff,0,TRUE
870802391ffffff,1469.8,FALSE
870802392ffffff,0,TRUE
870802393ffffff,0,TRUE
870802394ffffff,245.7,TRUE
870802395ffffff,894.8,TRUE
870802396ffffff,0,TRUE
870802398ffffff,631,TRUE
870802399ffffff,0,TRUE
87080239affffff,1015.7,TRUE
87080239bffffff,618.3,TRUE
87080239cffffff,364.1,TRUE
87080239dffffff,0,TRUE
87080239effffff,1292.9,FALSE
8708023a0ffffff,898.9,TRUE
8708023a1ffffff,1758.3,FALSE
8708023a2ffffff,0,TRUE
8708023a3ffffff,737.9,TRUE
8708023a4ffffff,923.9,TRUE
8708023a5ffffff,79.2,TRUE
8708023a6ffffff,0,TRUE
8708023a8ffffff,1769.5,FALSE
8708023a9ffffff,245.9,TRUE
8708023aaffffff,2662.2,FALSE
8708023abffffff,1526.1,FALSE
8708023acffffff,1527.4,FALSE
8708023adffffff,0,TRUE
8708023aeffffff,2686.2,FALSE
8708023b0ffffff,733.4,TRUE
8708023b1ffffff,107.3,TRUE
8708023b2ffffff,924.9,TRUE
8708023b3ffffff,1013.7,TRUE
8708023b4ffffff,173.6,TRUE
8708023b5ffffff,0,TRUE
8708023b6ffffff,1630.8,FALSE
870802400ffffff,0,TRUE
870802401ffffff,0,TRUE
870802402ffffff,0,TRUE
870802403ffffff,0,TRUE
870802404ffffff,0,TRUE
870802405ffffff,0,TRUE
870802406ffffff,0,TRUE
870802408ffffff,0,TRUE
870802409ffffff,0,TRUE
87080240affffff,50.4,TRUE
87080240bffffff,41.6,TRUE
87080240cffffff,0,TRUE
87080240dffffff,529.8,TRUE
87080240effffff,0,TRUE
870802410ffffff,0,TRUE
870802411ffffff,0,TRUE
870802412ffffff,0,TRUE
870802413ffffff,0,TRUE
870802414ffffff,0,TRUE
870802415ffffff,61.3,TRUE
870802416ffffff,0,TRUE
870802418ffffff,0,TRUE
870802419ffffff,0,TRUE
87080241affffff,0,TRUE
87080241bffffff,0,TRUE
87080241cffffff,0,TRUE
87080241dffffff,0,TRUE
87080241effffff,0,TRUE
870802420ffffff,278.1,TRUE
870802421ffffff,735.6,TRUE
870802422ffffff,367.7,TRUE
870802423ffffff,168.4,TRUE
870802424ffffff,493.2,TRUE
870802425ffffff,0,TRUE
870802426ffffff,0,TRUE
870802428ffffff,411.8,TRUE
870802429ffffff,868.5,TRUE
87080242affffff,0,TRUE
87080242bffffff,0,TRUE
87080242cffffff,0,TRUE
87080242dffffff,674.9,TRUE
87080242effffff,0,TRUE
870802430ffffff,2.1,TRUE
870802431ffffff,0,TRUE
870802432ffffff,0,TRUE
870802433ffffff,386.3,TRUE
870802434ffffff,0,TRUE
870802435ffffff,0,TRUE
870802436ffffff,431.3,TRUE
870802440ffffff,1029.3,TRUE
870802441ffffff,0,TRUE
870802442ffffff,258.2,TRUE
870802443ffffff,71.2,TRUE
870802444ffffff,0,TRUE
870802445ffffff,0,TRUE
870802446ffffff,0,TRUE
870802448ffffff,147.8,TRUE
870802449ffffff,0,TRUE
87080244affffff,488.8,TRUE
87080244bffffff,0,TRUE
87080244cffffff,0,TRUE
87080244dffffff,0,TRUE
87080244effffff,0,TRUE
870802450ffffff,0,TRUE
870802451ffffff,0,TRUE
870802452ffffff,165.8,TRUE
870802453ffffff,478.6,TRUE
870802454ffffff,0,TRUE
870802455ffffff,312.4,TRUE
870802456ffffff,0,TRUE
870802458ffffff,648.8,TRUE
870802459ffffff,2130.2,FALSE
87080245affffff,577.2,TRUE
87080245bffffff,1590.2,FALSE
87080245cffffff,0,TRUE
87080245dffffff,647.1,TRUE
87080245effffff,907.3,TRUE
870802460ffffff,0,TRUE
870802461ffffff,0,TRUE
870802462ffffff,0,TRUE
870802463ffffff,0,TRUE
870802464ffffff,0,TRUE
870802465ffffff,0,TRUE
870802466ffffff,0,TRUE
870802468ffffff,0,TRUE
870802469ffffff,424.8,TRUE
87080246affffff,0,TRUE
87080246bffffff,56.5,TRUE
87080246cffffff,336.5,TRUE
87080246dffffff,0,TRUE
87080246effffff,0,TRUE
870802470ffffff,247.6,TRUE
870802471ffffff,325.8,TRUE
870802472ffffff,701.8,TRUE
870802473ffffff,0,TRUE
870802474ffffff,611.5,TRUE
870802475ffffff,329.4,TRUE
870802476ffffff,187.4,TRUE
870802480ffffff,1154.4,FALSE
870802481ffffff,879.3,TRUE
870802482ffffff,2343.8,FALSE
870802483ffffff,568.5,TRUE
870802484ffffff,887.5,TRUE
870802485ffffff,272.8,TRUE
870802486ffffff,926.5,TRUE
870802488ffffff,0,TRUE
870802489ffffff,0,TRUE
87080248affffff,468.4,TRUE
87080248bffffff,79.7,TRUE
87080248cffffff,0,TRUE
87080248dffffff,0,TRUE
87080248effffff,0,TRUE
870802490ffffff,3454.2,FALSE
870802491ffffff,2148.4,FALSE
870802492ffffff,2651,FALSE
870802493ffffff,1823,FALSE
870802494ffffff,2015.6,FALSE
870802495ffffff,1854.1,FALSE
870802496ffffff,1533.5,FALSE
870802498ffffff,0,TRUE
870802499ffffff,0,TRUE
87080249affffff,612.3,TRUE
87080249bffffff,417.6,TRUE
87080249cffffff,597.8,TRUE
87080249dffffff,0,TRUE
87080249effffff,0,TRUE
8708024a0ffffff,1086,FALSE
8708024a1ffffff,1116.6,FALSE
8708024a2ffffff,290.8,TRUE
8708024a3ffffff,1793.4,FALSE
8708024a4ffffff,553.7,TRUE
8708024a5ffffff,315.5,TRUE
8708024a6ffffff,0,TRUE
8708024a8ffffff,143,TRUE
8708024a9ffffff,123.5,TRUE
8708024aaffffff,0,TRUE
8708024abffffff,583.4,TRUE
8708024acffffff,665.8,TRUE
8708024adffffff,0,TRUE
8708024aeffffff,676.7,TRUE
8708024b0ffffff,1441.2,FALSE
8708024b1ffffff,552.1,TRUE
8708024b2ffffff,846.5,TRUE
8708024b3ffffff,623.9,TRUE
8708024b4ffffff,1799.6,FALSE
8708024b5ffffff,954.5,TRUE
8708024b6ffffff,78.5,TRUE
8708024c0ffffff,1737.2,FALSE
8708024c1ffffff,1721.7,FALSE
8708024c2ffffff,0,TRUE
8708024c3ffffff,175.4,TRUE
8708024c4ffffff,1549.3,FALSE
8708024c5ffffff,1068.8,TRUE
8708024c6ffffff,550.2,TRUE
8708024c8ffffff,2598.9,FALSE
8708024c9ffffff,3471.7,FALSE
8708024caffffff,801.3,TRUE
8708024cbffffff,1858.6,FALSE
8708024ccffffff,2519.2,FALSE
8708024cdffffff,2540.1,FALSE
8708024ceffffff,1758.6,FALSE
8708024d0ffffff,0,TRUE
8708024d1ffffff,0,TRUE
8708024d2ffffff,0,TRUE
8708024d3ffffff,0,TRUE
8708024d4ffffff,0,TRUE
8708024d5ffffff,0,TRUE
8708024d6ffffff,0,TRUE
8708024d8ffffff,101.3,TRUE
8708024d9ffffff,0,TRUE
8708024daffffff,324.4,TRUE
8708024dbffffff,0,TRUE
8708024dcffffff,0,TRUE
8708024ddffffff,0,TRUE
8708024deffffff,0,TRUE
8708024e0ffffff,0,TRUE
8708024e1ffffff,412.7,TRUE
8708024e2ffffff,163.8,TRUE
8708024e3ffffff,0,TRUE
8708024e4ffffff,0,TRUE
8708024e5ffffff,0,TRUE
8708024e6ffffff,0,TRUE
8708024e8ffffff,425.1,TRUE
8708024e9ffffff,0,TRUE
8708024eaffffff,691.5,TRUE
8708024ebffffff,1020.2,TRUE
8708024ecffffff,0,TRUE
8708024edffffff,145.2,TRUE
8708024eeffffff,89.1,TRUE
8708024f0ffffff,147.1,TRUE
8708024f1ffffff,1279.5,FALSE
8708024f2ffffff,0,TRUE
8708024f3ffffff,209.1,TRUE
8708024f4ffffff,0,TRUE
8708024f5ffffff,552,TRUE
8708024f6ffffff,0,TRUE
870802500ffffff,859.5,TRUE
870802501ffffff,774.8,TRUE
870802502ffffff,0,TRUE
870802503ffffff,0,TRUE
870802504ffffff,575.3,TRUE
870802505ffffff,550.9,TRUE
870802506ffffff,0,TRUE
870802508ffffff,0,TRUE
870802509ffffff,0,TRUE
87080250affffff,0,TRUE
87080250bffffff,0,TRUE
87080250cffffff,0,TRUE
87080250dffffff,0,TRUE
87080250effffff,0,TRUE
870802510ffffff,0,TRUE
870802511ffffff,399.5,TRUE
870802512ffffff,218.1,TRUE
870802513ffffff,0,TRUE
870802514ffffff,0,TRUE
870802515ffffff,0,TRUE
870802516ffffff,0,TRUE
870802518ffffff,296.7,TRUE
870802519ffffff,0,TRUE
87080251affffff,0,TRUE
87080251bffffff,252.7,TRUE
87080251cffffff,0,TRUE
87080251dffffff,0,TRUE
87080251effffff,0,TRUE
870802520ffffff,66.5,TRUE
870802521ffffff,0,TRUE
870802522ffffff,239.3,TRUE
870802523ffffff,0,TRUE
870802524ffffff,195.3,TRUE
870802525ffffff,0,TRUE
870802526ffffff,666,TRUE
870802528ffffff,0,TRUE
870802529ffffff,0,TRUE
87080252affffff,838,TRUE
87080252bffffff,169.6,TRUE
87080252cffffff,0,TRUE
87080252dffffff,0,TRUE
87080252effffff,0,TRUE
870802530ffffff,0,TRUE
870802531ffffff,21.8,TRUE
870802532ffffff,270.7,TRUE
870802533ffffff,0,TRUE
870802534ffffff,162.9,TRUE
870802535ffffff,246.1,TRUE
870802536ffffff,380.2,TRUE
870802540ffffff,683,TRUE
870802541ffffff,0,TRUE
870802542ffffff,0,TRUE
870802543ffffff,41.5,TRUE
870802544ffffff,163.1,TRUE
870802545ffffff,621.5,TRUE
870802546ffffff,645.3,TRUE
870802548ffffff,140.2,TRUE
870802549ffffff,0,TRUE
87080254affffff,0,TRUE
87080254bffffff,0,TRUE
87080254cffffff,336.4,TRUE
87080254dffffff,336,TRUE
87080254effffff,0,TRUE
870802550ffffff,802.8,TRUE
870802551ffffff,969.7,TRUE
870802552ffffff,0,TRUE
870802553ffffff,230.4,TRUE
870802554ffffff,0,TRUE
870802555ffffff,0,TRUE
870802556ffffff,0,TRUE
870802558ffffff,0,TRUE
870802559ffffff,188.8,TRUE
87080255affffff,870.8,TRUE
87080255bffffff,556.1,TRUE
87080255cffffff,0,TRUE
87080255dffffff,0,TRUE
87080255effffff,0,TRUE
870802560ffffff,0,TRUE
870802561ffffff,0,TRUE
870802562ffffff,444.5,TRUE
870802563ffffff,225.2,TRUE
870802564ffffff,79.9,TRUE
870802565ffffff,0,TRUE
870802566ffffff,0,TRUE
870802568ffffff,0,TRUE
870802569ffffff,0,TRUE
87080256affffff,397.8,TRUE
87080256bffffff,382.9,TRUE
87080256cffffff,0,TRUE
87080256dffffff,0,TRUE
87080256effffff,0,TRUE
870802570ffffff,0,TRUE
870802571ffffff,396.5,TRUE
870802572ffffff,9.7,TRUE
870802573ffffff,456.9,TRUE
870802574ffffff,0,TRUE
870802575ffffff,355.1,TRUE
870802576ffffff,0,TRUE
870802580ffffff,0,TRUE
870802581ffffff,0,TRUE
870802582ffffff,0,TRUE
870802583ffffff,0,TRUE
870802584ffffff,0,TRUE
870802585ffffff,0,TRUE
870802586ffffff,0,TRUE
870802588ffffff,0,TRUE
870802589ffffff,261.5,TRUE
87080258affffff,0,TRUE
87080258bffffff,276.5,TRUE
87080258cffffff,0,TRUE
87080258dffffff,0,TRUE
87080258effffff,0,TRUE
870802590ffffff,0,TRUE
870802591ffffff,0,TRUE
870802592ffffff,435.1,TRUE
870802593ffffff,612.8,TRUE
870802594ffffff,275.2,TRUE
870802595ffffff,0,TRUE
870802596ffffff,40.4,TRUE
870802598ffffff,1103.9,TRUE
870802599ffffff,0,TRUE
87080259affffff,98.6,TRUE
87080259bffffff,408.4,TRUE
87080259cffffff,0,TRUE
87080259dffffff,0,TRUE
87080259effffff,0,TRUE
8708025a0ffffff,0,TRUE
8708025a1ffffff,0,TRUE
8708025a2ffffff,0,TRUE
8708025a3ffffff,0,TRUE
8708025a4ffffff,0,TRUE
8708025a5ffffff,0,TRUE
8708025a6ffffff,0,TRUE
8708025a8ffffff,58.6,TRUE
8708025a9ffffff,0,TRUE
8708025aaffffff,0,TRUE
8708025abffffff,12.6,TRUE
8708025acffffff,443,TRUE
8708025adffffff,0,TRUE
8708025aeffffff,0,TRUE
8708025b0ffffff,177.9,TRUE
8708025b1ffffff,0,TRUE
8708025b2ffffff,359.9,TRUE
8708025b3ffffff,0,TRUE
8708025b4ffffff,0,TRUE
8708025b5ffffff,0,TRUE
8708025b6ffffff,224.6,TRUE
870802600ffffff,4243,FALSE
870802601ffffff,2520.1,FALSE
870802602ffffff,3393.5,FALSE
870802603ffffff,2638.2,FALSE
870802604ffffff,2772.5,FALSE
870802605ffffff,2848.6,FALSE
870802606ffffff,2460.6,FALSE
870802608ffffff,1946.4,FALSE
870802609ffffff,623.2,TRUE
87080260affffff,166.4,TRUE
87080260bffffff,2194.5,FALSE
87080260cffffff,1171.8,FALSE
87080260dffffff,604.4,TRUE
87080260effffff,1003.3,FALSE
870802610ffffff,1921.7,FALSE
870802611ffffff,1626.2,FALSE
870802612ffffff,1664.9,FALSE
870802613ffffff,0,TRUE
870802614ffffff,317.5,TRUE
870802615ffffff,1506.3,FALSE
870802616ffffff,2070.6,FALSE
870802618ffffff,1007.9,FALSE
870802619ffffff,662.1,TRUE
87080261affffff,0,TRUE
87080261bffffff,1186.6,FALSE
87080261cffffff,2415,FALSE
87080261dffffff,858.3,TRUE
87080261effffff,1244.3,FALSE
870802620ffffff,1846.1,FALSE
870802621ffffff,1341.2,FALSE
870802622ffffff,782.2,TRUE
870802623ffffff,2698.3,FALSE
870802624ffffff,100.1,TRUE
870802625ffffff,678,TRUE
870802626ffffff,867.2,TRUE
870802628ffffff,45.3,TRUE
870802629ffffff,0,TRUE
87080262affffff,712.4,TRUE
87080262bffffff,71.6,TRUE
87080262cffffff,0,TRUE
87080262dffffff,0,TRUE
87080262effffff,1301.8,FALSE
870802630ffffff,0,TRUE
870802631ffffff,923,TRUE
870802632ffffff,653.5,TRUE
870802633ffffff,1144.2,FALSE
870802634ffffff,0,TRUE
870802635ffffff,100.8,TRUE
870802636ffffff,0,TRUE
870802640ffffff,0,TRUE
870802641ffffff,0,TRUE
870802642ffffff,645.5,TRUE
870802643ffffff,0,TRUE
870802644ffffff,175.9,TRUE
870802645ffffff,224.6,TRUE
870802646ffffff,353.9,TRUE
870802648ffffff,0,TRUE
870802649ffffff,0,TRUE
87080264affffff,0,TRUE
87080264bffffff,0,TRUE
87080264cffffff,0,TRUE
87080264dffffff,0,TRUE
87080264effffff,0,TRUE
870802650ffffff,0,TRUE
870802651ffffff,0,TRUE
870802652ffffff,609.8,TRUE
870802653ffffff,0,TRUE
870802654ffffff,0,TRUE
870802655ffffff,0,TRUE
870802656ffffff,936.1,TRUE
870802658ffffff,0,TRUE
870802659ffffff,0,TRUE
87080265affffff,0,TRUE
87080265bffffff,0,TRUE
87080265cffffff,177.6,TRUE
87080265dffffff,29.9,TRUE
87080265effffff,0,TRUE
870802660ffffff,0,TRUE
870802661ffffff,0,TRUE
870802662ffffff,241.5,TRUE
870802663ffffff,0,TRUE
870802664ffffff,711.5,TRUE
870802665ffffff,0,TRUE
870802666ffffff,28.7,TRUE
870802668ffffff,0,TRUE
870802669ffffff,0,TRUE
87080266affffff,0,TRUE
87080266bffffff,0,TRUE
87080266cffffff,233.2,TRUE
87080266dffffff,0,TRUE
87080266effffff,0,TRUE
870802670ffffff,289.9,TRUE
870802671ffffff,0,TRUE
870802672ffffff,0,TRUE
870802673ffffff,0,TRUE
870802674ffffff,294.5,TRUE
870802675ffffff,28.4,TRUE
870802676ffffff,0,TRUE
870802680ffffff,0,TRUE
870802681ffffff,467.1,TRUE
870802683ffffff,0,TRUE
870802684ffffff,0,TRUE
870802685ffffff,0,TRUE
870802686ffffff,1190.5,FALSE
870802688ffffff,618.4,TRUE
870802689ffffff,1513,FALSE
87080268affffff,496.6,TRUE
87080268bffffff,1942.2,FALSE
87080268cffffff,79.4,TRUE
87080268dffffff,0,TRUE
87080268effffff,0,TRUE
8708026a0ffffff,1366,FALSE
8708026a1ffffff,861.6,TRUE
8708026a2ffffff,72.6,TRUE
8708026a3ffffff,0,TRUE
8708026a4ffffff,3338.3,FALSE
8708026a5ffffff,2541,FALSE
8708026a6ffffff,1874.6,FALSE
8708026a8ffffff,827.2,TRUE
8708026a9ffffff,25.1,TRUE
8708026aaffffff,743.5,TRUE
8708026abffffff,183.8,TRUE
8708026acffffff,89.9,TRUE
8708026adffffff,433.1,TRUE
8708026aeffffff,165.7,TRUE
8708026b0ffffff,703,TRUE
8708026b1ffffff,257.3,TRUE
8708026b2ffffff,2379.5,FALSE
8708026b3ffffff,1928.8,FALSE
8708026b4ffffff,533.9,TRUE
8708026b5ffffff,347.6,TRUE
8708026b6ffffff,231.1,TRUE
8708026c0ffffff,135.4,TRUE
8708026c1ffffff,417.5,TRUE
8708026c2ffffff,0,TRUE
8708026c3ffffff,480,TRUE
8708026c4ffffff,873,TRUE
8708026c5ffffff,1904.7,FALSE
8708026c6ffffff,619.3,TRUE
8708026c8ffffff,186,TRUE
8708026c9ffffff,0,TRUE
8708026caffffff,0,TRUE
8708026cbffffff,52.9,TRUE
8708026ccffffff,780.5,TRUE
8708026cdffffff,0,TRUE
8708026ceffffff,0,TRUE
8708026d0ffffff,990.1,TRUE
8708026d1ffffff,0,TRUE
8708026d2ffffff,995.1,TRUE
8708026d3ffffff,33.4,TRUE
8708026d4ffffff,1458.3,FALSE
8708026d5ffffff,0,TRUE
8708026d6ffffff,2724.8,FALSE
8708026d8ffffff,0,TRUE
8708026d9ffffff,0,TRUE
8708026daffffff,0,TRUE
8708026dbffffff,0,TRUE
8708026dcffffff,0,TRUE
8708026ddffffff,0,TRUE
8708026deffffff,4,TRUE
8708026e0ffffff,3375.3,FALSE
8708026e1ffffff,2279.9,FALSE
8708026e2ffffff,2463.1,FALSE
8708026e3ffffff,2595.7,FALSE
8708026e4ffffff,1603.3,FALSE
8708026e5ffffff,2613.2,FALSE
8708026e6ffffff,2332.1,FALSE
8708026e8ffffff,655.2,TRUE
8708026e9ffffff,0,TRUE
8708026eaffffff,941.9,TRUE
8708026ebffffff,266.1,TRUE
8708026ecffffff,276.2,TRUE
8708026edffffff,0,TRUE
8708026eeffffff,2076.9,FALSE
8708026f0ffffff,334.5,TRUE
8708026f1ffffff,573.1,TRUE
8708026f2ffffff,1162.4,FALSE
8708026f3ffffff,0,TRUE
8708026f4ffffff,1202.9,FALSE
8708026f5ffffff,999.4,FALSE
8708026f6ffffff,0,TRUE
870802700ffffff,0,TRUE
870802701ffffff,0,TRUE
870802702ffffff,0,TRUE
870802703ffffff,490.3,TRUE
870802704ffffff,0,TRUE
870802705ffffff,139.1,TRUE
870802706ffffff,0,TRUE
870802708ffffff,0,TRUE
870802709ffffff,0,TRUE
87080270affffff,606.9,TRUE
87080270bffffff,0,TRUE
87080270cffffff,421,TRUE
87080270dffffff,189.3,TRUE
87080270effffff,0,TRUE
870802710ffffff,0,TRUE
870802711ffffff,0,TRUE
870802712ffffff,44.4,TRUE
870802713ffffff,0,TRUE
870802714ffffff,0,TRUE
870802715ffffff,0,TRUE
870802716ffffff,0,TRUE
870802718ffffff,0,TRUE
870802719ffffff,153.3,TRUE
87080271affffff,1380.3,FALSE
87080271bffffff,974.3,FALSE
87080271cffffff,0,TRUE
87080271dffffff,0,TRUE
87080271effffff,914.8,TRUE
870802720ffffff,0,TRUE
870802721ffffff,0,TRUE
870802722ffffff,49.7,TRUE
870802723ffffff,224.6,TRUE
870802724ffffff,810,TRUE
870802725ffffff,908.2,TRUE
870802726ffffff,0,TRUE
870802728ffffff,1057.7,TRUE
870802729ffffff,616.9,TRUE
87080272affffff,0,TRUE
87080272bffffff,0,TRUE
87080272cffffff,1087.6,FALSE
87080272dffffff,2297.9,FALSE
87080272effffff,0,TRUE
870802730ffffff,0,TRUE
870802731ffffff,0,TRUE
870802732ffffff,0,TRUE
870802733ffffff,0,TRUE
870802734ffffff,0,TRUE
870802735ffffff,0,TRUE
870802736ffffff,0,TRUE
870802740ffffff,328.1,TRUE
870802741ffffff,0,TRUE
870802742ffffff,448.3,TRUE
870802743ffffff,0,TRUE
870802744ffffff,30,TRUE
870802745ffffff,0,TRUE
870802746ffffff,854.6,TRUE
870802748ffffff,0,TRUE
870802749ffffff,0,TRUE
87080274affffff,96.5,TRUE
87080274bffffff,0,TRUE
87080274cffffff,0,TRUE
87080274dffffff,0,TRUE
87080274effffff,0,TRUE
870802750ffffff,182.8,TRUE
870802751ffffff,0,TRUE
870802752ffffff,0,TRUE
870802753ffffff,0,TRUE
870802754ffffff,0,TRUE
870802755ffffff,0,TRUE
870802756ffffff,0,TRUE
870802758ffffff,0,TRUE
870802759ffffff,0,TRUE
87080275affffff,89.3,TRUE
87080275bffffff,0,TRUE
87080275cffffff,0,TRUE
87080275dffffff,0,TRUE
87080275effffff,0,TRUE
870802760ffffff,199.1,TRUE
870802761ffffff,0,TRUE
870802762ffffff,821.8,TRUE
870802763ffffff,0,TRUE
870802764ffffff,189.8,TRUE
870802765ffffff,0,TRUE
870802766ffffff,368.5,TRUE
870802768ffffff,0,TRUE
870802769ffffff,0,TRUE
87080276affffff,160.1,TRUE
87080276bffffff,168.6,TRUE
87080276cffffff,234.1,TRUE
87080276dffffff,0,TRUE
87080276effffff,0,TRUE
870802770ffffff,1711.7,FALSE
870802771ffffff,2051.8,FALSE
870802772ffffff,1172.5,FALSE
870802773ffffff,982.3,TRUE
870802774ffffff,892.7,TRUE
870802775ffffff,408.6,TRUE
870802776ffffff,210,TRUE
870802780ffffff,144.2,TRUE
870802781ffffff,0,TRUE
870802782ffffff,1141.8,FALSE
870802783ffffff,793.2,TRUE
870802784ffffff,50.7,TRUE
870802785ffffff,264.9,TRUE
870802786ffffff,465.9,TRUE
870802788ffffff,414.7,TRUE
870802789ffffff,213.7,TRUE
87080278affffff,2124.8,FALSE
87080278bffffff,1977.2,FALSE
87080278cffffff,0,TRUE
87080278dffffff,0,TRUE
87080278effffff,506.1,TRUE
870802790ffffff,3829.8,FALSE
870802791ffffff,2938.1,FALSE
870802792ffffff,4728.4,FALSE
870802793ffffff,4324.7,FALSE
870802794ffffff,2852,FALSE
870802795ffffff,2198,FALSE
870802796ffffff,3597.6,FALSE
870802798ffffff,3953.1,FALSE
870802799ffffff,3773.6,FALSE
87080279affffff,2309.8,FALSE
87080279bffffff,2187.5,FALSE
87080279cffffff,2503.9,FALSE
87080279dffffff,2268.4,FALSE
87080279effffff,4103.6,FALSE
8708027a0ffffff,2402.7,FALSE
8708027a1ffffff,1039.5,TRUE
8708027a2ffffff,636.7,TRUE
8708027a3ffffff,1064.7,FALSE
8708027a4ffffff,1237.2,FALSE
8708027a5ffffff,1175.4,FALSE
8708027a6ffffff,1809.1,FALSE
8708027a8ffffff,612.1,TRUE
8708027a9ffffff,648,TRUE
8708027aaffffff,933.4,TRUE
8708027abffffff,351.2,TRUE
8708027acffffff,231.7,TRUE
8708027adffffff,798.4,TRUE
8708027aeffffff,0,TRUE
8708027b0ffffff,356.1,TRUE
8708027b1ffffff,97.9,TRUE
8708027b2ffffff,2140.4,FALSE
8708027b3ffffff,1176.3,FALSE
8708027b4ffffff,141.7,TRUE
8708027b5ffffff,27.7,TRUE
8708027b6ffffff,744.5,TRUE
870802800ffffff,0,TRUE
870802801ffffff,0,TRUE
870802802ffffff,0,TRUE
870802803ffffff,0,TRUE
870802804ffffff,457.5,TRUE
870802805ffffff,0,TRUE
870802806ffffff,782.1,TRUE
870802808ffffff,38.7,TRUE
870802809ffffff,0,TRUE
87080280affffff,0,TRUE
87080280bffffff,14.2,TRUE
87080280cffffff,103,TRUE
87080280dffffff,0,TRUE
87080280effffff,338,TRUE
870802810ffffff,0,TRUE
870802811ffffff,20.2,TRUE
870802812ffffff,0,TRUE
870802813ffffff,677.9,TRUE
870802814ffffff,1147.4,FALSE
870802815ffffff,0,TRUE
870802816ffffff,300.8,TRUE
870802818ffffff,204.5,TRUE
870802819ffffff,405.7,TRUE
87080281affffff,907.7,FALSE
87080281bffffff,1460.2,FALSE
87080281cffffff,8.7,TRUE
87080281dffffff,121.1,TRUE
87080281effffff,671.4,TRUE
870802820ffffff,435.7,TRUE
870802821ffffff,260.4,TRUE
870802822ffffff,459.5,TRUE
870802823ffffff,0,TRUE
870802824ffffff,0,TRUE
870802825ffffff,553.3,TRUE
870802826ffffff,764.8,TRUE
870802828ffffff,930.2,TRUE
870802829ffffff,648.2,TRUE
87080282affffff,20.6,TRUE
87080282bffffff,0,TRUE
87080282cffffff,771,TRUE
87080282dffffff,664,TRUE
87080282effffff,96.2,TRUE
870802830ffffff,2157,FALSE
870802831ffffff,532.4,TRUE
870802832ffffff,1251.5,FALSE
870802833ffffff,1617.4,FALSE
870802834ffffff,1607.6,FALSE
870802835ffffff,548.7,TRUE
870802836ffffff,600.5,TRUE
870802840ffffff,0,TRUE
870802841ffffff,826.8,TRUE
870802842ffffff,0,TRUE
870802843ffffff,0,TRUE
870802844ffffff,0,TRUE
870802845ffffff,337.8,TRUE
870802846ffffff,0,TRUE
870802848ffffff,328.5,TRUE
870802849ffffff,0,TRUE
87080284affffff,192.6,TRUE
87080284bffffff,390.7,TRUE
87080284cffffff,1585.6,FALSE
87080284dffffff,1812.3,FALSE
87080284effffff,639.6,TRUE
870802850ffffff,171.7,TRUE
870802851ffffff,0,TRUE
870802852ffffff,0,TRUE
870802853ffffff,0,TRUE
870802854ffffff,145.8,TRUE
870802855ffffff,0,TRUE
870802856ffffff,0,TRUE
870802858ffffff,0,TRUE
870802859ffffff,0,TRUE
87080285affffff,238,TRUE
87080285bffffff,0,TRUE
87080285cffffff,0,TRUE
87080285dffffff,0,TRUE
87080285effffff,0,TRUE
870802860ffffff,355,TRUE
870802861ffffff,269.5,TRUE
870802862ffffff,0,TRUE
870802863ffffff,83.3,TRUE
870802864ffffff,207.6,TRUE
870802865ffffff,403.1,TRUE
870802866ffffff,0,TRUE
870802868ffffff,326,TRUE
870802869ffffff,1150.3,FALSE
87080286affffff,0,TRUE
87080286bffffff,975,TRUE
87080286cffffff,0,TRUE
87080286dffffff,300,TRUE
87080286effffff,578.9,TRUE
870802870ffffff,48.6,TRUE
870802871ffffff,0,TRUE
870802872ffffff,0,TRUE
870802873ffffff,5.5,TRUE
870802874ffffff,0,TRUE
870802875ffffff,157.2,TRUE
870802876ffffff,0,TRUE
870802880ffffff,0,TRUE
870802881ffffff,122.1,TRUE
870802882ffffff,0,TRUE
870802883ffffff,71.3,TRUE
870802884ffffff,100.6,TRUE
870802885ffffff,626.1,TRUE
870802886ffffff,46.5,TRUE
870802888ffffff,478.6,TRUE
870802889ffffff,0,TRUE
87080288affffff,26.3,TRUE
87080288bffffff,0,TRUE
87080288cffffff,735.6,TRUE
87080288dffffff,0,TRUE
87080288effffff,103.6,TRUE
870802890ffffff,0,TRUE
870802891ffffff,0,TRUE
870802892ffffff,0,TRUE
870802893ffffff,0,TRUE
870802894ffffff,0,TRUE
870802895ffffff,0,TRUE
870802896ffffff,0,TRUE
870802898ffffff,751.7,TRUE
870802899ffffff,0,TRUE
87080289affffff,334,TRUE
87080289bffffff,263.7,TRUE
87080289cffffff,0,TRUE
87080289dffffff,0,TRUE
87080289effffff,20.8,TRUE
8708028a0ffffff,333.3,TRUE
8708028a1ffffff,551,TRUE
8708028a2ffffff,152.4,TRUE
8708028a3ffffff,434,TRUE
8708028a4ffffff,485.2,TRUE
8708028a5ffffff,0,TRUE
8708028a6ffffff,165,TRUE
8708028a8ffffff,82.4,TRUE
8708028a9ffffff,0,TRUE
8708028aaffffff,488.1,TRUE
8708028abffffff,0,TRUE
8708028acffffff,10,TRUE
8708028adffffff,425.4,TRUE
8708028aeffffff,399.4,TRUE
8708028b0ffffff,433.5,TRUE
8708028b1ffffff,14.8,TRUE
8708028b2ffffff,0,TRUE
8708028b3ffffff,0,TRUE
8708028b4ffffff,366.2,TRUE
8708028b5ffffff,0,TRUE
8708028b6ffffff,0,TRUE
8708028c0ffffff,0,TRUE
8708028c1ffffff,0,TRUE
8708028c2ffffff,400.6,TRUE
8708028c3ffffff,0,TRUE
8708028c4ffffff,0,TRUE
8708028c5ffffff,492.4,TRUE
8708028c6ffffff,0,TRUE
8708028c8ffffff,0,TRUE
8708028c9ffffff,64.5,TRUE
8708028caffffff,221.4,TRUE
8708028cbffffff,0,TRUE
8708028ccffffff,0,TRUE
8708028cdffffff,0,TRUE
8708028ceffffff,0,TRUE
8708028d0ffffff,0,TRUE
8708028d1ffffff,0,TRUE
8708028d2ffffff,102.5,TRUE
8708028d3ffffff,0,TRUE
8708028d4ffffff,0,TRUE
8708028d5ffffff,307.3,TRUE
8708028d6ffffff,0,TRUE
8708028d8ffffff,0,TRUE
8708028d9ffffff,0,TRUE
8708028daffffff,0,TRUE
8708028dbffffff,0,TRUE
8708028dcffffff,0,TRUE
8708028ddffffff,0,TRUE
8708028deffffff,0,TRUE
8708028e0ffffff,0,TRUE
8708028e1ffffff,0,TRUE
8708028e2ffffff,0,TRUE
8708028e3ffffff,0,TRUE
8708028e4ffffff,679.2,TRUE
8708028e5ffffff,72.6,TRUE
8708028e6ffffff,319.2,TRUE
8708028e8ffffff,175.6,TRUE
8708028e9ffffff,0,TRUE
8708028eaffffff,0,TRUE
8708028ebffffff,0,TRUE
8708028ecffffff,0,TRUE
8708028edffffff,110.3,TRUE
8708028eeffffff,167.7,TRUE
8708028f0ffffff,0,TRUE
8708028f1ffffff,0,TRUE
8708028f2ffffff,0,TRUE
8708028f3ffffff,0,TRUE
8708028f4ffffff,1106.5,FALSE
8708028f5ffffff,84.8,TRUE
8708028f6ffffff,0,TRUE
870802900ffffff,631.4,TRUE
870802901ffffff,1580.1,FALSE
870802902ffffff,1269.6,FALSE
870802903ffffff,2438.1,FALSE
870802904ffffff,0,TRUE
870802905ffffff,1594.5,FALSE
870802906ffffff,518.3,TRUE
870802908ffffff,1645.3,FALSE
870802909ffffff,85.3,TRUE
87080290affffff,1571.2,FALSE
87080290bffffff,1482.3,FALSE
87080290cffffff,0,TRUE
87080290dffffff,798.7,TRUE
87080290effffff,1666.6,FALSE
870802910ffffff,1951.8,FALSE
870802911ffffff,2922.9,FALSE
870802912ffffff,1250.7,FALSE
870802913ffffff,3063.4,FALSE
870802914ffffff,2052.9,FALSE
870802915ffffff,1954,FALSE
870802916ffffff,285.3,TRUE
870802918ffffff,3260.4,FALSE
870802919ffffff,1342.1,FALSE
87080291affffff,2894.3,FALSE
87080291bffffff,1583.4,FALSE
87080291cffffff,3326.5,FALSE
87080291dffffff,3049.8,FALSE
87080291effffff,4368.7,FALSE
870802920ffffff,425.4,TRUE
870802921ffffff,0,TRUE
870802922ffffff,0,TRUE
870802923ffffff,243.7,TRUE
870802924ffffff,221.4,TRUE
870802925ffffff,0,TRUE
870802926ffffff,0,TRUE
870802928ffffff,26.3,TRUE
870802929ffffff,0,TRUE
87080292affffff,444,TRUE
87080292bffffff,112.8,TRUE
87080292cffffff,0,TRUE
87080292dffffff,647,TRUE
87080292effffff,225.4,TRUE
870802930ffffff,162.4,TRUE
870802931ffffff,100,TRUE
870802932ffffff,1014.6,TRUE
870802933ffffff,1094.1,FALSE
870802934ffffff,0,TRUE
870802935ffffff,254.9,TRUE
870802936ffffff,0,TRUE
870802940ffffff,0,TRUE
870802941ffffff,209.6,TRUE
870802942ffffff,0,TRUE
870802943ffffff,163.3,TRUE
870802944ffffff,0,TRUE
870802945ffffff,345.2,TRUE
870802946ffffff,7,TRUE
870802948ffffff,880,TRUE
870802949ffffff,472,TRUE
87080294affffff,392,TRUE
87080294bffffff,0,TRUE
87080294cffffff,932.8,FALSE
87080294dffffff,1360.8,FALSE
87080294effffff,0,TRUE
870802950ffffff,1085.4,FALSE
870802951ffffff,291.9,TRUE
870802952ffffff,1620,FALSE
870802953ffffff,829,TRUE
870802954ffffff,1116,FALSE
870802955ffffff,0,TRUE
870802956ffffff,1738.7,FALSE
870802958ffffff,0,TRUE
870802959ffffff,0,TRUE
87080295affffff,0,TRUE
87080295bffffff,0,TRUE
87080295cffffff,0,TRUE
87080295dffffff,325.2,TRUE
87080295effffff,8.1,TRUE
870802960ffffff,0,TRUE
870802961ffffff,0,TRUE
870802962ffffff,0,TRUE
870802963ffffff,8.6,TRUE
870802964ffffff,0,TRUE
870802965ffffff,0,TRUE
870802966ffffff,0,TRUE
870802968ffffff,177.9,TRUE
870802969ffffff,118.6,TRUE
87080296affffff,16,TRUE
87080296bffffff,0,TRUE
87080296cffffff,0,TRUE
87080296dffffff,0,TRUE
87080296effffff,52.3,TRUE
870802970ffffff,0,TRUE
870802971ffffff,0,TRUE
870802972ffffff,347,TRUE
870802973ffffff,235.4,TRUE
870802974ffffff,527.3,TRUE
870802975ffffff,17.1,TRUE
870802976ffffff,110.1,TRUE
870802980ffffff,74.7,TRUE
870802981ffffff,0,TRUE
870802982ffffff,963.4,TRUE
870802983ffffff,0,TRUE
870802984ffffff,1284.1,FALSE
870802985ffffff,891.3,TRUE
870802986ffffff,0,TRUE
870802988ffffff,1109.6,FALSE
870802989ffffff,0,TRUE
87080298affffff,228.5,TRUE
87080298bffffff,193,TRUE
87080298cffffff,309.2,TRUE
87080298dffffff,1441.9,FALSE
87080298effffff,149.3,TRUE
870802990ffffff,0,TRUE
870802991ffffff,0,TRUE
870802992ffffff,0,TRUE
870802993ffffff,513.7,TRUE
870802994ffffff,539.9,TRUE
870802995ffffff,337.9,TRUE
870802996ffffff,0,TRUE
870802998ffffff,483.7,TRUE
870802999ffffff,259.9,TRUE
87080299affffff,0,TRUE
87080299bffffff,0,TRUE
87080299cffffff,15.9,TRUE
87080299dffffff,454.2,TRUE
87080299effffff,0,TRUE
8708029a0ffffff,305.3,TRUE
8708029a1ffffff,243.7,TRUE
8708029a2ffffff,1462.2,FALSE
8708029a3ffffff,973,FALSE
8708029a4ffffff,0,TRUE
8708029a5ffffff,169.6,TRUE
8708029a6ffffff,748.9,TRUE
8708029a8ffffff,994,FALSE
8708029a9ffffff,1239.8,FALSE
8708029aaffffff,222.6,TRUE
8708029abffffff,0,TRUE
8708029acffffff,1901.6,FALSE
8708029adffffff,2673.1,FALSE
8708029aeffffff,541.9,TRUE
8708029b0ffffff,793.4,TRUE
8708029b1ffffff,0,TRUE
8708029b2ffffff,542.3,TRUE
8708029b3ffffff,0,TRUE
8708029b4ffffff,1169.6,TRUE
8708029b5ffffff,2038.3,FALSE
8708029b6ffffff,1413.9,FALSE
870802a00ffffff,0,TRUE
870802a01ffffff,0,TRUE
870802a02ffffff,0,TRUE
870802a03ffffff,0,TRUE
870802a04ffffff,0,TRUE
870802a05ffffff,0,TRUE
870802a06ffffff,0,TRUE
870802a08ffffff,0,TRUE
870802a09ffffff,0,TRUE
870802a0affffff,638.9,TRUE
870802a0bffffff,879.5,TRUE
870802a0cffffff,0,TRUE
870802a0dffffff,0,TRUE
870802a0effffff,123.6,TRUE
870802a10ffffff,0,TRUE
870802a11ffffff,0,TRUE
870802a12ffffff,0,TRUE
870802a13ffffff,0,TRUE
870802a14ffffff,0,TRUE
870802a15ffffff,30.6,TRUE
870802a16ffffff,0,TRUE
870802a18ffffff,0,TRUE
870802a19ffffff,0,TRUE
870802a1affffff,31.9,TRUE
870802a1bffffff,0,TRUE
870802a1cffffff,0,TRUE
870802a1dffffff,67.9,TRUE
870802a1effffff,0,TRUE
870802a20ffffff,0,TRUE
870802a21ffffff,0,TRUE
870802a22ffffff,0,TRUE
870802a23ffffff,0,TRUE
870802a24ffffff,0,TRUE
870802a25ffffff,0,TRUE
870802a26ffffff,198.8,TRUE
870802a28ffffff,0,TRUE
870802a29ffffff,890.3,TRUE
870802a2affffff,343.7,TRUE
870802a2bffffff,266.7,TRUE
870802a2cffffff,0,TRUE
870802a2dffffff,667.5,TRUE
870802a2effffff,0,TRUE
870802a30ffffff,0,TRUE
870802a31ffffff,0,TRUE
870802a32ffffff,0,TRUE
870802a33ffffff,0,TRUE
870802a34ffffff,0,TRUE
870802a35ffffff,0,TRUE
870802a36ffffff,0,TRUE
870802a40ffffff,0,TRUE
870802a41ffffff,0,TRUE
870802a42ffffff,0,TRUE
870802a43ffffff,0,TRUE
870802a44ffffff,0,TRUE
870802a45ffffff,0,TRUE
870802a46ffffff,0,TRUE
870802a48ffffff,0,TRUE
870802a49ffffff,0,TRUE
870802a4affffff,384.2,TRUE
870802a4bffffff,97.9,TRUE
870802a4cffffff,676,TRUE
870802a4dffffff,391.9,TRUE
870802a4effffff,0,TRUE
870802a50ffffff,230.4,TRUE
870802a51ffffff,0,TRUE
870802a52ffffff,0,TRUE
870802a53ffffff,0,TRUE
870802a54ffffff,319.5,TRUE
870802a55ffffff,306.4,TRUE
870802a56ffffff,0,TRUE
870802a58ffffff,0,TRUE
870802a59ffffff,351.8,TRUE
870802a5affffff,17.5,TRUE
870802a5bffffff,1007.7,TRUE
870802a5cffffff,0,TRUE
870802a5dffffff,0,TRUE
870802a5effffff,0,TRUE
870802a60ffffff,540.3,TRUE
870802a61ffffff,91.7,TRUE
870802a62ffffff,0,TRUE
870802a63ffffff,405.4,TRUE
870802a64ffffff,0,TRUE
870802a65ffffff,730.5,TRUE
870802a66ffffff,0,TRUE
870802a68ffffff,82.9,TRUE
870802a69ffffff,0,TRUE
870802a6affffff,0,TRUE
870802a6bffffff,70.2,TRUE
870802a6cffffff,0,TRUE
870802a6dffffff,301,TRUE
870802a6effffff,14.4,TRUE
870802a70ffffff,0,TRUE
870802a71ffffff,0,TRUE
870802a72ffffff,527,TRUE
870802a73ffffff,0,TRUE
870802a74ffffff,316.9,TRUE
870802a75ffffff,0,TRUE
870802a76ffffff,1303.8,FALSE
870802a80ffffff,376.2,TRUE
870802a81ffffff,261.8,TRUE
870802a82ffffff,0,TRUE
870802a83ffffff,0,TRUE
870802a84ffffff,0,TRUE
870802a85ffffff,739.3,TRUE
870802a86ffffff,0,TRUE
870802a88ffffff,120.5,TRUE
870802a89ffffff,0,TRUE
870802a8affffff,354.9,TRUE
870802a8bffffff,0,TRUE
870802a8cffffff,0,TRUE
870802a8dffffff,0,TRUE
870802a8effffff,339.9,TRUE
870802a90ffffff,144.1,TRUE
870802a91ffffff,186.3,TRUE
870802a92ffffff,0,TRUE
870802a93ffffff,319.5,TRUE
870802a94ffffff,0,TRUE
870802a95ffffff,99.8,TRUE
870802a96ffffff,0,TRUE
870802a98ffffff,0,TRUE
870802a99ffffff,0,TRUE
870802a9affffff,0,TRUE
870802a9bffffff,0,TRUE
870802a9cffffff,0,TRUE
870802a9dffffff,0,TRUE
870802a9effffff,155.9,TRUE
870802aa0ffffff,0,TRUE
870802aa1ffffff,0,TRUE
870802aa2ffffff,269.5,TRUE
870802aa3ffffff,0,TRUE
870802aa4ffffff,0,TRUE
870802aa5ffffff,0,TRUE
870802aa6ffffff,0,TRUE
870802aa8ffffff,0,TRUE
870802aa9ffffff,0,TRUE
870802aaaffffff,0,TRUE
870802aabffffff,331,TRUE
870802aacffffff,0,TRUE
870802aadffffff,0,TRUE
870802aaeffffff,0,TRUE
870802ab0ffffff,0,TRUE
870802ab1ffffff,0,TRUE
870802ab2ffffff,0,TRUE
870802ab3ffffff,0,TRUE
870802ab4ffffff,0,TRUE
870802ab5ffffff,0,TRUE
870802ab6ffffff,0,TRUE
870802ac0ffffff,0,TRUE
870802ac1ffffff,436,TRUE
870802ac2ffffff,0,TRUE
870802ac3ffffff,0,TRUE
870802ac4ffffff,437.2,TRUE
870802ac5ffffff,0,TRUE
870802ac6ffffff,0,TRUE
870802ac8ffffff,42.9,TRUE
870802ac9ffffff,0,TRUE
870802acaffffff,0,TRUE
870802acbffffff,0,TRUE
870802accffffff,0,TRUE
870802acdffffff,0,TRUE
870802aceffffff,307.9,TRUE
870802ad0ffffff,0,TRUE
870802ad1ffffff,0,TRUE
870802ad2ffffff,0,TRUE
870802ad3ffffff,0,TRUE
870802ad4ffffff,0,TRUE
870802ad5ffffff,0,TRUE
870802ad6ffffff,115.5,TRUE
870802ad8ffffff,0,TRUE
870802ad9ffffff,187.8,TRUE
870802adaffffff,0,TRUE
870802adbffffff,0,TRUE
870802adcffffff,0,TRUE
870802addffffff,595,TRUE
870802adeffffff,0,TRUE
870802ae0ffffff,502.3,TRUE
870802ae1ffffff,0,TRUE
870802ae2ffffff,291.1,TRUE
870802ae3ffffff,0,TRUE
870802ae4ffffff,1894.4,FALSE
870802ae5ffffff,618.2,TRUE
870802ae6ffffff,873.9,TRUE
870802ae8ffffff,0,TRUE
870802ae9ffffff,0,TRUE
870802aeaffffff,162.3,TRUE
870802aebffffff,0,TRUE
870802aecffffff,0,TRUE
870802aedffffff,0,TRUE
870802aeeffffff,0,TRUE
870802af0ffffff,89.9,TRUE
870802af1ffffff,0,TRUE
870802af2ffffff,0,TRUE
870802af3ffffff,0,TRUE
870802af4ffffff,738.6,TRUE
870802af5ffffff,0,TRUE
870802af6ffffff,0,TRUE
870802b00ffffff,0,TRUE
870802b01ffffff,1118.2,FALSE
870802b02ffffff,0,TRUE
870802b03ffffff,0,TRUE
870802b04ffffff,0,TRUE
870802b05ffffff,0,TRUE
870802b06ffffff,444.5,TRUE
870802b08ffffff,0,TRUE
870802b09ffffff,97.6,TRUE
870802b0affffff,340.4,TRUE
870802b0bffffff,146,TRUE
870802b0cffffff,749.9,TRUE
870802b0dffffff,933.3,TRUE
870802b0effffff,0,TRUE
870802b10ffffff,143.9,TRUE
870802b11ffffff,0,TRUE
870802b12ffffff,0,TRUE
870802b13ffffff,0,TRUE
870802b14ffffff,0,TRUE
870802b15ffffff,0,TRUE
870802b16ffffff,345.3,TRUE
870802b18ffffff,0,TRUE
870802b19ffffff,0,TRUE
870802b1affffff,0,TRUE
870802b1bffffff,115.6,TRUE
870802b1cffffff,120.1,TRUE
870802b1dffffff,726.2,TRUE
870802b1effffff,0,TRUE
870802b20ffffff,679.5,TRUE
870802b21ffffff,274.3,TRUE
870802b22ffffff,0,TRUE
870802b23ffffff,0,TRUE
870802b24ffffff,440,TRUE
870802b25ffffff,245.8,TRUE
870802b26ffffff,0,TRUE
870802b28ffffff,0,TRUE
870802b29ffffff,0,TRUE
870802b2affffff,93,TRUE
870802b2bffffff,347.2,TRUE
870802b2cffffff,585.6,TRUE
870802b2dffffff,0,TRUE
870802b2effffff,0,TRUE
870802b30ffffff,450,TRUE
870802b31ffffff,936.6,TRUE
870802b32ffffff,388.1,TRUE
870802b33ffffff,764,TRUE
870802b34ffffff,0,TRUE
870802b35ffffff,0,TRUE
870802b36ffffff,941.3,FALSE
870802b40ffffff,215.4,TRUE
870802b41ffffff,300.9,TRUE
870802b42ffffff,1245,FALSE
870802b43ffffff,0,TRUE
870802b45ffffff,0,TRUE
870802b46ffffff,0,TRUE
870802b48ffffff,0,TRUE
870802b49ffffff,45.1,TRUE
870802b4affffff,445,TRUE
870802b4bffffff,0,TRUE
870802b4cffffff,0,TRUE
870802b4dffffff,0,TRUE
870802b4effffff,379.5,TRUE
870802b50ffffff,12.9,TRUE
870802b51ffffff,948.9,TRUE
870802b52ffffff,0,TRUE
870802b53ffffff,288.4,TRUE
870802b54ffffff,132.2,TRUE
870802b55ffffff,516.2,TRUE
870802b56ffffff,0,TRUE
870802b58ffffff,0,TRUE
870802b59ffffff,0,TRUE
870802b5affffff,0,TRUE
870802b5bffffff,0,TRUE
870802b5cffffff,34.8,TRUE
870802b5dffffff,0,TRUE
870802b5effffff,652.1,TRUE
870802b60ffffff,0,TRUE
870802b61ffffff,835.2,TRUE
870802b62ffffff,0,TRUE
870802b63ffffff,127.4,TRUE
870802b64ffffff,324,TRUE
870802b65ffffff,212.4,TRUE
870802b66ffffff,0,TRUE
870802b68ffffff,270.2,TRUE
870802b69ffffff,592.9,TRUE
870802b6affffff,0,TRUE
870802b6bffffff,0,TRUE
870802b6cffffff,382.1,TRUE
870802b6dffffff,144.2,TRUE
870802b6effffff,0,TRUE
870802b70ffffff,0,TRUE
870802b71ffffff,31,TRUE
870802b72ffffff,602.7,TRUE
870802b73ffffff,138.2,TRUE
870802b74ffffff,0,TRUE
870802b75ffffff,244.3,TRUE
870802b76ffffff,0,TRUE
870802b80ffffff,536,TRUE
870802b81ffffff,164.1,TRUE
870802b82ffffff,0,TRUE
870802b83ffffff,0,TRUE
870802b84ffffff,0,TRUE
870802b85ffffff,4.9,TRUE
870802b86ffffff,61.6,TRUE
870802b88ffffff,0,TRUE
870802b89ffffff,113.8,TRUE
870802b8affffff,0,TRUE
870802b8bffffff,0,TRUE
870802b8cffffff,0,TRUE
870802b8dffffff,0,TRUE
870802b8effffff,33.1,TRUE
870802b90ffffff,0,TRUE
870802b91ffffff,66.5,TRUE
870802b92ffffff,0,TRUE
870802b93ffffff,0,TRUE
870802b94ffffff,0,TRUE
870802b95ffffff,153.9,TRUE
870802b96ffffff,0,TRUE
870802b98ffffff,0,TRUE
870802b99ffffff,0,TRUE
870802b9affffff,0,TRUE
870802b9bffffff,0,TRUE
870802b9cffffff,0,TRUE
870802b9dffffff,0,TRUE
870802b9effffff,0,TRUE
870802ba0ffffff,0,TRUE
870802ba1ffffff,0,TRUE
870802ba2ffffff,0,TRUE
870802ba3ffffff,714.7,TRUE
870802ba4ffffff,0,TRUE
870802ba5ffffff,0,TRUE
870802ba6ffffff,364.5,TRUE
870802ba8ffffff,0,TRUE
870802ba9ffffff,0,TRUE
870802baaffffff,294.3,TRUE
870802babffffff,0,TRUE
870802bacffffff,0,TRUE
870802badffffff,0,TRUE
870802baeffffff,523.3,TRUE
870802bb0ffffff,0,TRUE
870802bb1ffffff,0,TRUE
870802bb2ffffff,121.5,TRUE
870802bb3ffffff,0,TRUE
870802bb4ffffff,0,TRUE
870802bb5ffffff,53.4,TRUE
870802bb6ffffff,0,TRUE
870802c00ffffff,0,TRUE
870802c01ffffff,0,TRUE
870802c02ffffff,0,TRUE
870802c03ffffff,393.5,TRUE
870802c04ffffff,0,TRUE
870802c05ffffff,0,TRUE
870802c06ffffff,0,TRUE
870802c08ffffff,0,TRUE
870802c09ffffff,0,TRUE
870802c0affffff,0,TRUE
870802c0bffffff,205.5,TRUE
870802c0cffffff,571.3,TRUE
870802c0dffffff,318.9,TRUE
870802c0effffff,0,TRUE
870802c10ffffff,0,TRUE
870802c11ffffff,33.7,TRUE
870802c14ffffff,11.5,TRUE
870802c15ffffff,284.9,TRUE
870802c18ffffff,189.2,TRUE
870802c19ffffff,0,TRUE
870802c1affffff,1125.6,FALSE
870802c1bffffff,0,TRUE
870802c1cffffff,0,TRUE
870802c1dffffff,0,TRUE
870802c1effffff,559.8,TRUE
870802c22ffffff,557.9,TRUE
870802c23ffffff,686.4,TRUE
870802c24ffffff,32.9,TRUE
870802c26ffffff,66.1,TRUE
870802c2affffff,432.2,TRUE
870802c30ffffff,422.4,TRUE
870802c31ffffff,0,TRUE
870802c32ffffff,46,TRUE
870802c33ffffff,0,TRUE
870802c34ffffff,0,TRUE
870802c35ffffff,0,TRUE
870802c36ffffff,0,TRUE
870802c42ffffff,732.2,TRUE
870802c46ffffff,889.9,TRUE
870802c48ffffff,445,TRUE
870802c49ffffff,116.5,TRUE
870802c4affffff,715.4,TRUE
870802c4bffffff,16,TRUE
870802c4dffffff,59.6,TRUE
870802c4effffff,736.7,TRUE
870802c50ffffff,0,TRUE
870802c51ffffff,0,TRUE
870802c52ffffff,235,TRUE
870802c53ffffff,0,TRUE
870802c54ffffff,0,TRUE
870802c55ffffff,0,TRUE
870802c56ffffff,133.3,TRUE
870802c58ffffff,428,TRUE
870802c5affffff,329.1,TRUE
870802c5bffffff,200.8,TRUE
870802c5effffff,466.1,TRUE
870802c60ffffff,0,TRUE
870802c61ffffff,0,TRUE
870802c64ffffff,0,TRUE
870802c65ffffff,80.5,TRUE
870802c68ffffff,0,TRUE
870802c69ffffff,0,TRUE
870802c6bffffff,202.6,TRUE
870802c6cffffff,0,TRUE
870802c6dffffff,517.2,TRUE
870802c6effffff,1283.5,FALSE
870802c72ffffff,384.9,TRUE
870802c73ffffff,850.2,TRUE
870802c88ffffff,762.3,TRUE
870802c89ffffff,0,TRUE
870802c8affffff,373.9,TRUE
870802c8bffffff,0,TRUE
870802c8cffffff,527,TRUE
870802c8dffffff,222.6,TRUE
870802c90ffffff,502.7,TRUE
870802c91ffffff,558.4,TRUE
870802c92ffffff,51.3,TRUE
870802c93ffffff,0,TRUE
870802c94ffffff,2452,FALSE
870802c96ffffff,1476.1,FALSE
870802c98ffffff,1909.3,FALSE
870802c99ffffff,908,TRUE
870802c9affffff,1617.3,FALSE
870802c9bffffff,1956.6,FALSE
870802c9effffff,784.7,TRUE
870802ca0ffffff,0,TRUE
870802ca1ffffff,1099.3,FALSE
870802ca2ffffff,727.4,TRUE
870802ca3ffffff,871.1,TRUE
870802ca4ffffff,0,TRUE
870802ca5ffffff,769.2,TRUE
870802ca6ffffff,296,TRUE
870802ca9ffffff,722.8,TRUE
870802cabffffff,0,TRUE
870802cb2ffffff,3855.1,FALSE
870802cb3ffffff,3470.7,FALSE
870802cb6ffffff,4222.5,FALSE
870802cc0ffffff,358.7,TRUE
870802cc1ffffff,0,TRUE
870802cc2ffffff,0,TRUE
870802cc3ffffff,0,TRUE
870802cc4ffffff,0,TRUE
870802cc5ffffff,415.1,TRUE
870802cc6ffffff,244.2,TRUE
870802cc8ffffff,0,TRUE
870802cc9ffffff,195.6,TRUE
870802ccaffffff,80.3,TRUE
870802ccbffffff,0,TRUE
870802cccffffff,61.9,TRUE
870802ccdffffff,0,TRUE
870802cceffffff,99.8,TRUE
870802cd0ffffff,0,TRUE
870802cd1ffffff,0,TRUE
870802cd2ffffff,0,TRUE
870802cd3ffffff,0,TRUE
870802cd4ffffff,0,TRUE
870802cd5ffffff,0,TRUE
870802cd6ffffff,0,TRUE
870802cd8ffffff,315,TRUE
870802cd9ffffff,406.8,TRUE
870802cdaffffff,375.4,TRUE
870802cdbffffff,826.8,TRUE
870802cdcffffff,37.7,TRUE
870802cddffffff,0,TRUE
870802cdeffffff,0,TRUE
870802ce0ffffff,841.4,TRUE
870802ce1ffffff,750.7,TRUE
870802ce2ffffff,0,TRUE
870802ce3ffffff,301,TRUE
870802ce4ffffff,0,TRUE
870802ce5ffffff,7,TRUE
870802ce6ffffff,0,TRUE
870802ce8ffffff,0,TRUE
870802ce9ffffff,0,TRUE
870802ceaffffff,299.9,TRUE
870802cebffffff,0,TRUE
870802cecffffff,577.8,TRUE
870802cedffffff,0,TRUE
870802ceeffffff,146,TRUE
870802cf0ffffff,9.7,TRUE
870802cf1ffffff,85.6,TRUE
870802cf2ffffff,467.7,TRUE
870802cf3ffffff,289.9,TRUE
870802cf6ffffff,0,TRUE
870802d00ffffff,170.6,TRUE
870802d01ffffff,497.5,TRUE
870802d02ffffff,0,TRUE
870802d03ffffff,0,TRUE
870802d05ffffff,0,TRUE
870802d06ffffff,0,TRUE
870802d08ffffff,306.8,TRUE
870802d09ffffff,350,TRUE
870802d0affffff,0,TRUE
870802d0bffffff,5.9,TRUE
870802d0cffffff,0,TRUE
870802d0dffffff,18.6,TRUE
870802d0effffff,0,TRUE
870802d10ffffff,0,TRUE
870802d11ffffff,0,TRUE
870802d12ffffff,0,TRUE
870802d13ffffff,0,TRUE
870802d14ffffff,0,TRUE
870802d15ffffff,72.3,TRUE
870802d16ffffff,0,TRUE
870802d18ffffff,0,TRUE
870802d19ffffff,0,TRUE
870802d1affffff,0,TRUE
870802d1bffffff,0,TRUE
870802d1cffffff,0,TRUE
870802d1dffffff,152.7,TRUE
870802d1effffff,0,TRUE
870802d20ffffff,156.2,TRUE
870802d21ffffff,37.2,TRUE
870802d22ffffff,353.5,TRUE
870802d23ffffff,0,TRUE
870802d24ffffff,0,TRUE
870802d25ffffff,0,TRUE
870802d26ffffff,0,TRUE
870802d28ffffff,300.8,TRUE
870802d29ffffff,0,TRUE
870802d2affffff,85.6,TRUE
870802d2bffffff,0,TRUE
870802d2cffffff,298,TRUE
870802d2dffffff,267,TRUE
870802d2effffff,0,TRUE
870802d30ffffff,0,TRUE
870802d31ffffff,0,TRUE
870802d32ffffff,0,TRUE
870802d33ffffff,0,TRUE
870802d34ffffff,0,TRUE
870802d35ffffff,0,TRUE
870802d36ffffff,0,TRUE
870802d40ffffff,171.3,TRUE
870802d41ffffff,501.3,TRUE
870802d42ffffff,0,TRUE
870802d43ffffff,206.2,TRUE
870802d44ffffff,953.9,FALSE
870802d45ffffff,521.2,TRUE
870802d46ffffff,0,TRUE
870802d48ffffff,218.3,TRUE
870802d49ffffff,0,TRUE
870802d4affffff,0,TRUE
870802d4bffffff,0,TRUE
870802d4cffffff,207.6,TRUE
870802d4dffffff,0,TRUE
870802d4effffff,0,TRUE
870802d51ffffff,687.8,TRUE
870802d54ffffff,0,TRUE
870802d55ffffff,0,TRUE
870802d59ffffff,453,TRUE
870802d5cffffff,268.2,TRUE
870802d5dffffff,0,TRUE
870802d60ffffff,0,TRUE
870802d61ffffff,0,TRUE
870802d62ffffff,371.5,TRUE
870802d63ffffff,419,TRUE
870802d64ffffff,0,TRUE
870802d65ffffff,176.3,TRUE
870802d66ffffff,551.9,TRUE
870802d68ffffff,0,TRUE
870802d69ffffff,51,TRUE
870802d6affffff,0,TRUE
870802d6bffffff,0,TRUE
870802d6cffffff,102.4,TRUE
870802d6dffffff,0,TRUE
870802d6effffff,0,TRUE
870802d70ffffff,0,TRUE
870802d71ffffff,435.5,TRUE
870802d72ffffff,533.8,TRUE
870802d73ffffff,0,TRUE
870802d74ffffff,244.4,TRUE
870802d75ffffff,1178.6,FALSE
870802d76ffffff,138.8,TRUE
870802d80ffffff,849.4,TRUE
870802d81ffffff,547.5,TRUE
870802d82ffffff,0,TRUE
870802d83ffffff,0,TRUE
870802d84ffffff,0,TRUE
870802d85ffffff,0,TRUE
870802d86ffffff,792.9,TRUE
870802d8affffff,231.3,TRUE
870802d8effffff,155.9,TRUE
870802d90ffffff,754.7,TRUE
870802d91ffffff,426.1,TRUE
870802d94ffffff,633.7,TRUE
870802d95ffffff,40.1,TRUE
870802d98ffffff,749.6,TRUE
870802d99ffffff,94.6,TRUE
870802d9cffffff,0,TRUE
870802d9dffffff,75,TRUE
870802da0ffffff,0,TRUE
870802da1ffffff,0,TRUE
870802da2ffffff,0,TRUE
870802da3ffffff,0,TRUE
870802da4ffffff,0,TRUE
870802da5ffffff,0,TRUE
870802da6ffffff,87.3,TRUE
870802da8ffffff,330.6,TRUE
870802da9ffffff,0,TRUE
870802daaffffff,0,TRUE
870802dabffffff,96.8,TRUE
870802dacffffff,0,TRUE
870802dadffffff,0,TRUE
870802daeffffff,0,TRUE
870802db0ffffff,0,TRUE
870802db1ffffff,0,TRUE
870802db3ffffff,663.3,TRUE
870802db4ffffff,0,TRUE
870802db5ffffff,0,TRUE
870802db6ffffff,150.7,TRUE
870803004ffffff,0,TRUE
870803010ffffff,370,TRUE
870803012ffffff,0,TRUE
870803014ffffff,0,TRUE
870803016ffffff,602.1,TRUE
870803022ffffff,35.1,TRUE
870803023ffffff,536.2,TRUE
870803024ffffff,0,TRUE
870803026ffffff,170.4,TRUE
870803030ffffff,33.7,TRUE
870803031ffffff,0,TRUE
870803032ffffff,212.2,TRUE
870803033ffffff,0,TRUE
870803034ffffff,21.5,TRUE
870803035ffffff,0,TRUE
870803036ffffff,0,TRUE
870803080ffffff,55.6,TRUE
870803081ffffff,63.2,TRUE
870803082ffffff,0,TRUE
870803083ffffff,556.3,TRUE
870803084ffffff,0,TRUE
870803085ffffff,0,TRUE
870803086ffffff,0,TRUE
870803088ffffff,227.2,TRUE
870803089ffffff,0,TRUE
87080308affffff,1675.8,FALSE
87080308bffffff,0,TRUE
87080308cffffff,698.6,TRUE
87080308dffffff,715.6,TRUE
87080308effffff,411.5,TRUE
870803090ffffff,0,TRUE
870803091ffffff,298.1,TRUE
870803092ffffff,1021.7,FALSE
870803093ffffff,837.6,TRUE
870803094ffffff,0,TRUE
870803095ffffff,0,TRUE
870803096ffffff,0,TRUE
870803098ffffff,0,TRUE
870803099ffffff,877.1,TRUE
87080309affffff,0,TRUE
87080309bffffff,508.1,TRUE
87080309cffffff,857,TRUE
87080309dffffff,1810,FALSE
87080309effffff,31,TRUE
8708030a0ffffff,0,TRUE
8708030a1ffffff,357.5,TRUE
8708030a2ffffff,0,TRUE
8708030a3ffffff,0,TRUE
8708030a4ffffff,65.5,TRUE
8708030a5ffffff,0,TRUE
8708030a6ffffff,1430.4,FALSE
8708030a8ffffff,0,TRUE
8708030a9ffffff,1730.5,FALSE
8708030aaffffff,527.7,TRUE
8708030abffffff,646.9,TRUE
8708030acffffff,0,TRUE
8708030adffffff,1424.5,FALSE
8708030aeffffff,0,TRUE
8708030b0ffffff,474.4,TRUE
8708030b1ffffff,0,TRUE
8708030b2ffffff,0,TRUE
8708030b3ffffff,0,TRUE
8708030b4ffffff,2082.1,FALSE
8708030b5ffffff,882.9,TRUE
8708030b6ffffff,1010.7,FALSE
8708030f6ffffff,2427.9,FALSE
870803100ffffff,0,TRUE
870803101ffffff,31.2,TRUE
870803102ffffff,0,TRUE
870803103ffffff,0,TRUE
870803104ffffff,0,TRUE
870803105ffffff,0,TRUE
870803106ffffff,505.2,TRUE
870803108ffffff,0,TRUE
870803109ffffff,0,TRUE
87080310affffff,638.1,TRUE
87080310bffffff,645.2,TRUE
87080310cffffff,0,TRUE
87080310dffffff,268.8,TRUE
87080310effffff,609,TRUE
870803110ffffff,671.4,TRUE
870803111ffffff,375.3,TRUE
870803112ffffff,1255.3,FALSE
870803113ffffff,0,TRUE
870803114ffffff,1703.2,FALSE
870803115ffffff,0,TRUE
870803116ffffff,1017.7,TRUE
870803118ffffff,420.9,TRUE
870803119ffffff,0,TRUE
87080311affffff,372.6,TRUE
87080311bffffff,98.7,TRUE
87080311cffffff,279.2,TRUE
87080311dffffff,26.6,TRUE
87080311effffff,0,TRUE
870803120ffffff,207.3,TRUE
870803121ffffff,0,TRUE
870803122ffffff,0,TRUE
870803123ffffff,345,TRUE
870803124ffffff,400.2,TRUE
870803125ffffff,0,TRUE
870803126ffffff,0,TRUE
870803128ffffff,0,TRUE
870803129ffffff,139.4,TRUE
87080312affffff,0,TRUE
87080312bffffff,0,TRUE
87080312cffffff,0,TRUE
87080312dffffff,710.8,TRUE
87080312effffff,0,TRUE
870803130ffffff,53.6,TRUE
870803131ffffff,0,TRUE
870803132ffffff,1130.7,TRUE
870803133ffffff,477.5,TRUE
870803134ffffff,0,TRUE
870803135ffffff,0,TRUE
870803136ffffff,1110.9,FALSE
870803161ffffff,0,TRUE
870803164ffffff,0,TRUE
870803165ffffff,0,TRUE
87080316dffffff,0,TRUE
870803170ffffff,146.9,TRUE
870803171ffffff,109,TRUE
870803172ffffff,0,TRUE
870803173ffffff,231,TRUE
870803174ffffff,0,TRUE
870803175ffffff,0,TRUE
870803176ffffff,24.3,TRUE
870803180ffffff,0,TRUE
870803181ffffff,0,TRUE
870803182ffffff,77.1,TRUE
870803183ffffff,65,TRUE
870803184ffffff,0,TRUE
870803185ffffff,85.5,TRUE
870803186ffffff,0,TRUE
870803188ffffff,0,TRUE
870803189ffffff,0,TRUE
87080318affffff,0,TRUE
87080318bffffff,0,TRUE
87080318cffffff,958.9,FALSE
87080318dffffff,0,TRUE
87080318effffff,0,TRUE
870803190ffffff,0,TRUE
870803191ffffff,0,TRUE
870803192ffffff,938.5,TRUE
870803193ffffff,1153.6,FALSE
870803194ffffff,0,TRUE
870803195ffffff,0,TRUE
870803196ffffff,426.5,TRUE
870803198ffffff,835.1,TRUE
870803199ffffff,1135.5,FALSE
87080319affffff,2141.2,FALSE
87080319bffffff,2617.4,FALSE
87080319cffffff,0,TRUE
87080319dffffff,0,TRUE
87080319effffff,1087.4,FALSE
8708031a0ffffff,0,TRUE
8708031a1ffffff,0,TRUE
8708031a2ffffff,0,TRUE
8708031a3ffffff,0,TRUE
8708031a4ffffff,0,TRUE
8708031a5ffffff,251.6,TRUE
8708031a6ffffff,29.9,TRUE
8708031a8ffffff,0,TRUE
8708031a9ffffff,0,TRUE
8708031aaffffff,519.1,TRUE
8708031abffffff,0,TRUE
8708031acffffff,861.2,TRUE
8708031adffffff,51.1,TRUE
8708031aeffffff,588.9,TRUE
8708031b0ffffff,755.2,TRUE
8708031b1ffffff,276.3,TRUE
8708031b2ffffff,304.6,TRUE
8708031b3ffffff,453.6,TRUE
8708031b4ffffff,685.9,TRUE
8708031b5ffffff,153.6,TRUE
8708031b6ffffff,262.8,TRUE
870803400ffffff,0,TRUE
870803401ffffff,562.4,TRUE
870803402ffffff,0,TRUE
870803403ffffff,0,TRUE
870803404ffffff,563.9,TRUE
870803405ffffff,565.1,TRUE
870803406ffffff,248.1,TRUE
870803408ffffff,868.2,TRUE
870803409ffffff,697.9,TRUE
87080340affffff,0,TRUE
87080340bffffff,422.7,TRUE
87080340cffffff,1824.9,FALSE
87080340dffffff,1755.7,FALSE
87080340effffff,421.6,TRUE
870803410ffffff,0,TRUE
870803411ffffff,259.3,TRUE
870803412ffffff,0,TRUE
870803413ffffff,0,TRUE
870803414ffffff,0,TRUE
870803415ffffff,435.2,TRUE
870803416ffffff,0,TRUE
870803418ffffff,0,TRUE
870803419ffffff,0,TRUE
87080341affffff,0,TRUE
87080341bffffff,477,TRUE
87080341cffffff,0,TRUE
87080341dffffff,0,TRUE
87080341effffff,0,TRUE
870803420ffffff,0,TRUE
870803421ffffff,1621.4,FALSE
870803422ffffff,998.3,TRUE
870803423ffffff,715.1,TRUE
870803424ffffff,0,TRUE
870803425ffffff,666.7,TRUE
870803426ffffff,1261,FALSE
870803428ffffff,3056.2,FALSE
870803429ffffff,3304.5,FALSE
87080342affffff,2009,FALSE
87080342bffffff,3399.5,FALSE
87080342cffffff,2091.3,FALSE
87080342dffffff,1539.8,FALSE
87080342effffff,2484.7,FALSE
870803430ffffff,0,TRUE
870803431ffffff,166.3,TRUE
870803432ffffff,0,TRUE
870803433ffffff,0,TRUE
870803434ffffff,1211.1,FALSE
870803435ffffff,85.7,TRUE
870803436ffffff,0,TRUE
870803440ffffff,1675,FALSE
870803441ffffff,2564.7,FALSE
870803442ffffff,261.2,TRUE
870803443ffffff,771.1,TRUE
870803444ffffff,2065.5,FALSE
870803445ffffff,2359,FALSE
870803446ffffff,1965.6,FALSE
870803448ffffff,4212.4,FALSE
870803449ffffff,2326.9,FALSE
87080344affffff,3012.6,FALSE
87080344bffffff,3906.3,FALSE
87080344cffffff,3950,FALSE
87080344dffffff,2725.1,FALSE
87080344effffff,2148.9,FALSE
870803450ffffff,0,TRUE
870803451ffffff,0,TRUE
870803452ffffff,0,TRUE
870803453ffffff,238.1,TRUE
870803454ffffff,417.4,TRUE
870803455ffffff,574.1,TRUE
870803456ffffff,44.4,TRUE
870803458ffffff,1642.7,FALSE
870803459ffffff,2652.7,FALSE
87080345affffff,917.5,TRUE
87080345bffffff,2556,FALSE
87080345cffffff,515.1,TRUE
87080345dffffff,1026.2,TRUE
87080345effffff,286.4,TRUE
870803460ffffff,0,TRUE
870803461ffffff,1083.2,TRUE
870803462ffffff,1474.4,FALSE
870803463ffffff,577.9,TRUE
870803464ffffff,678.2,TRUE
870803465ffffff,1265,FALSE
870803466ffffff,943.8,TRUE
870803468ffffff,2998.6,FALSE
870803469ffffff,1155.6,TRUE
87080346affffff,3877.2,FALSE
87080346bffffff,2935.1,FALSE
87080346cffffff,2178.5,FALSE
87080346dffffff,1160.9,TRUE
87080346effffff,2275.3,FALSE
870803470ffffff,2619.7,FALSE
870803471ffffff,3383.6,FALSE
870803472ffffff,739.8,TRUE
870803473ffffff,1872.9,FALSE
870803474ffffff,3423.9,FALSE
870803475ffffff,2515.2,FALSE
870803476ffffff,2229,FALSE
870803480ffffff,1720.3,FALSE
870803481ffffff,309.8,TRUE
870803482ffffff,432.7,TRUE
870803483ffffff,1758.7,FALSE
870803484ffffff,1205.4,FALSE
870803485ffffff,591.5,TRUE
870803486ffffff,0,TRUE
870803488ffffff,299.8,TRUE
870803489ffffff,0,TRUE
87080348affffff,0,TRUE
87080348bffffff,0,TRUE
87080348cffffff,46.5,TRUE
87080348dffffff,0,TRUE
87080348effffff,0,TRUE
870803490ffffff,547.9,TRUE
870803491ffffff,543.8,TRUE
870803492ffffff,0,TRUE
870803493ffffff,210.2,TRUE
870803494ffffff,394.4,TRUE
870803495ffffff,0,TRUE
870803496ffffff,0,TRUE
870803498ffffff,418.5,TRUE
870803499ffffff,237.5,TRUE
87080349affffff,541.7,TRUE
87080349bffffff,1232.4,FALSE
87080349cffffff,1325.1,FALSE
87080349dffffff,383.5,TRUE
87080349effffff,747.6,TRUE
8708034a0ffffff,0,TRUE
8708034a1ffffff,0,TRUE
8708034a2ffffff,2,TRUE
8708034a3ffffff,61.6,TRUE
8708034a4ffffff,0,TRUE
8708034a5ffffff,0,TRUE
8708034a6ffffff,0,TRUE
8708034a8ffffff,0,TRUE
8708034a9ffffff,0,TRUE
8708034aaffffff,0,TRUE
8708034abffffff,0,TRUE
8708034acffffff,0,TRUE
8708034adffffff,0,TRUE
8708034aeffffff,0,TRUE
8708034b0ffffff,0,TRUE
8708034b1ffffff,0,TRUE
8708034b2ffffff,0,TRUE
8708034b3ffffff,80.1,TRUE
8708034b4ffffff,0,TRUE
8708034b5ffffff,0,TRUE
8708034b6ffffff,0,TRUE
8708034c0ffffff,0,TRUE
8708034c1ffffff,61.4,TRUE
8708034c2ffffff,0,TRUE
8708034c3ffffff,0,TRUE
8708034c4ffffff,0,TRUE
8708034c5ffffff,0,TRUE
8708034c6ffffff,0,TRUE
8708034c8ffffff,97,TRUE
8708034c9ffffff,938.4,TRUE
8708034caffffff,52.6,TRUE
8708034cbffffff,0,TRUE
8708034ccffffff,10.3,TRUE
8708034cdffffff,254.2,TRUE
8708034ceffffff,72.6,TRUE
8708034d0ffffff,0,TRUE
8708034d1ffffff,0,TRUE
8708034d2ffffff,0,TRUE
8708034d3ffffff,289.2,TRUE
8708034d4ffffff,0,TRUE
8708034d5ffffff,0,TRUE
8708034d6ffffff,0,TRUE
8708034d8ffffff,0,TRUE
8708034d9ffffff,0,TRUE
8708034daffffff,0,TRUE
8708034dbffffff,0,TRUE
8708034dcffffff,0,TRUE
8708034ddffffff,0,TRUE
8708034deffffff,0,TRUE
8708034e0ffffff,0,TRUE
8708034e1ffffff,0,TRUE
8708034e2ffffff,0,TRUE
8708034e3ffffff,0,TRUE
8708034e4ffffff,94.8,TRUE
8708034e5ffffff,374.2,TRUE
8708034e6ffffff,0,TRUE
8708034e8ffffff,503.7,TRUE
8708034e9ffffff,64.5,TRUE
8708034eaffffff,0,TRUE
8708034ebffffff,435.4,TRUE
8708034ecffffff,0,TRUE
8708034edffffff,0,TRUE
8708034eeffffff,0,TRUE
8708034f0ffffff,0,TRUE
8708034f1ffffff,0,TRUE
8708034f2ffffff,0,TRUE
8708034f3ffffff,0,TRUE
8708034f4ffffff,0,TRUE
8708034f5ffffff,0,TRUE
8708034f6ffffff,0,TRUE
870803500ffffff,366.7,TRUE
870803501ffffff,0,TRUE
870803502ffffff,501.3,TRUE
870803503ffffff,0,TRUE
870803504ffffff,0,TRUE
870803505ffffff,0,TRUE
870803506ffffff,291.4,TRUE
870803508ffffff,340.4,TRUE
870803509ffffff,242.1,TRUE
87080350affffff,0,TRUE
87080350bffffff,0,TRUE
87080350cffffff,0,TRUE
87080350dffffff,0,TRUE
87080350effffff,0,TRUE
870803510ffffff,0,TRUE
870803511ffffff,0,TRUE
870803512ffffff,0,TRUE
870803513ffffff,0,TRUE
870803514ffffff,0,TRUE
870803515ffffff,0,TRUE
870803516ffffff,0,TRUE
870803518ffffff,0,TRUE
870803519ffffff,539.8,TRUE
87080351affffff,671.6,TRUE
87080351bffffff,0,TRUE
87080351cffffff,0,TRUE
87080351dffffff,0,TRUE
87080351effffff,0,TRUE
870803520ffffff,0,TRUE
870803521ffffff,0,TRUE
870803522ffffff,0,TRUE
870803523ffffff,0,TRUE
870803524ffffff,0,TRUE
870803525ffffff,764.9,TRUE
870803526ffffff,726.9,TRUE
870803528ffffff,971,FALSE
870803529ffffff,0,TRUE
87080352affffff,0,TRUE
87080352bffffff,0,TRUE
87080352cffffff,807.1,TRUE
87080352dffffff,41.4,TRUE
87080352effffff,0,TRUE
870803530ffffff,276.4,TRUE
870803531ffffff,0,TRUE
870803532ffffff,0,TRUE
870803533ffffff,623.7,TRUE
870803534ffffff,0,TRUE
870803535ffffff,341.4,TRUE
870803536ffffff,139.1,TRUE
870803540ffffff,0,TRUE
870803541ffffff,0,TRUE
870803542ffffff,201,TRUE
870803543ffffff,0,TRUE
870803544ffffff,0,TRUE
870803545ffffff,0,TRUE
870803546ffffff,0,TRUE
870803548ffffff,0,TRUE
870803549ffffff,0,TRUE
87080354affffff,353.8,TRUE
87080354bffffff,268.1,TRUE
87080354cffffff,0,TRUE
87080354dffffff,0,TRUE
87080354effffff,90.2,TRUE
870803550ffffff,0,TRUE
870803551ffffff,0,TRUE
870803552ffffff,490.9,TRUE
870803553ffffff,204.6,TRUE
870803554ffffff,0,TRUE
870803555ffffff,0,TRUE
870803556ffffff,0,TRUE
870803558ffffff,1098.5,FALSE
870803559ffffff,0,TRUE
87080355affffff,2357.9,FALSE
87080355bffffff,1496.9,FALSE
87080355cffffff,741,TRUE
87080355dffffff,0,TRUE
87080355effffff,642.7,TRUE
870803560ffffff,0,TRUE
870803561ffffff,0,TRUE
870803562ffffff,0,TRUE
870803563ffffff,0,TRUE
870803564ffffff,1374.8,FALSE
870803565ffffff,720.2,TRUE
870803566ffffff,1527.2,FALSE
870803568ffffff,1308.7,FALSE
870803569ffffff,1679.3,FALSE
87080356affffff,328.7,TRUE
87080356bffffff,0,TRUE
87080356cffffff,1124.1,FALSE
87080356dffffff,2399.4,FALSE
87080356effffff,978.5,TRUE
870803570ffffff,0,TRUE
870803571ffffff,0,TRUE
870803572ffffff,38,TRUE
870803573ffffff,850.1,TRUE
870803574ffffff,0,TRUE
870803575ffffff,151.4,TRUE
870803576ffffff,125.4,TRUE
870803580ffffff,260.8,TRUE
870803581ffffff,0,TRUE
870803582ffffff,0,TRUE
870803583ffffff,0,TRUE
870803584ffffff,0,TRUE
870803585ffffff,0,TRUE
870803586ffffff,0,TRUE
870803588ffffff,0,TRUE
870803589ffffff,0,TRUE
87080358affffff,0,TRUE
87080358bffffff,9.8,TRUE
87080358cffffff,20.4,TRUE
87080358dffffff,0,TRUE
87080358effffff,108.1,TRUE
870803590ffffff,0,TRUE
870803591ffffff,0,TRUE
870803592ffffff,0,TRUE
870803593ffffff,0,TRUE
870803594ffffff,0,TRUE
870803595ffffff,50,TRUE
870803596ffffff,0,TRUE
870803598ffffff,0,TRUE
870803599ffffff,0,TRUE
87080359affffff,0,TRUE
87080359bffffff,0,TRUE
87080359cffffff,0,TRUE
87080359dffffff,0,TRUE
87080359effffff,0,TRUE
8708035a0ffffff,0,TRUE
8708035a1ffffff,0,TRUE
8708035a2ffffff,0,TRUE
8708035a3ffffff,0,TRUE
8708035a4ffffff,0,TRUE
8708035a5ffffff,0,TRUE
8708035a6ffffff,0,TRUE
8708035a8ffffff,210.4,TRUE
8708035a9ffffff,947.3,FALSE
8708035aaffffff,0,TRUE
8708035abffffff,0,TRUE
8708035acffffff,0,TRUE
8708035adffffff,0,TRUE
8708035aeffffff,0,TRUE
8708035b0ffffff,0,TRUE
8708035b1ffffff,0,TRUE
8708035b2ffffff,0,TRUE
8708035b3ffffff,0,TRUE
8708035b4ffffff,0,TRUE
8708035b5ffffff,459.2,TRUE
8708035b6ffffff,0,TRUE
87080360affffff,1612.7,FALSE
87080360bffffff,3759.5,FALSE
87080360effffff,1358,FALSE
870803610ffffff,9.2,TRUE
870803611ffffff,624.3,TRUE
870803612ffffff,0,TRUE
870803613ffffff,608.5,TRUE
870803614ffffff,608.5,TRUE
870803615ffffff,939.8,TRUE
870803616ffffff,830.8,TRUE
870803618ffffff,118.1,TRUE
870803619ffffff,1387.5,FALSE
87080361affffff,0,TRUE
87080361bffffff,1571.2,FALSE
87080361cffffff,979.5,TRUE
87080361dffffff,0,TRUE
87080361effffff,107,TRUE
870803630ffffff,3002.3,FALSE
870803631ffffff,3154.4,FALSE
870803632ffffff,2271.4,FALSE
870803633ffffff,1389.9,FALSE
870803634ffffff,3554.6,FALSE
870803635ffffff,4436.2,FALSE
870803636ffffff,2044,FALSE
870803652ffffff,5850.6,FALSE
870803656ffffff,5911.5,FALSE
870803680ffffff,0,TRUE
870803681ffffff,78,TRUE
870803682ffffff,349.6,TRUE
870803683ffffff,55.8,TRUE
870803684ffffff,0,TRUE
870803685ffffff,555.2,TRUE
870803686ffffff,0,TRUE
870803688ffffff,102.6,TRUE
870803689ffffff,493.8,TRUE
87080368affffff,0,TRUE
87080368bffffff,0,TRUE
87080368cffffff,0,TRUE
87080368dffffff,0,TRUE
87080368effffff,0,TRUE
870803690ffffff,0,TRUE
870803691ffffff,111,TRUE
870803692ffffff,642.9,TRUE
870803693ffffff,305.6,TRUE
870803694ffffff,0,TRUE
870803695ffffff,0,TRUE
870803696ffffff,0,TRUE
870803698ffffff,0,TRUE
870803699ffffff,0,TRUE
87080369affffff,0,TRUE
87080369bffffff,0,TRUE
87080369cffffff,0,TRUE
87080369dffffff,0,TRUE
87080369effffff,0,TRUE
8708036a0ffffff,0,TRUE
8708036a1ffffff,0,TRUE
8708036a2ffffff,439.9,TRUE
8708036a3ffffff,0,TRUE
8708036a4ffffff,887.7,TRUE
8708036a5ffffff,974.3,TRUE
8708036a6ffffff,1016.3,TRUE
8708036a8ffffff,33.8,TRUE
8708036a9ffffff,0,TRUE
8708036aaffffff,0,TRUE
8708036abffffff,464.5,TRUE
8708036acffffff,106.2,TRUE
8708036adffffff,0,TRUE
8708036aeffffff,0,TRUE
8708036b0ffffff,0,TRUE
8708036b1ffffff,66.5,TRUE
8708036b2ffffff,0,TRUE
8708036b3ffffff,0,TRUE
8708036b4ffffff,0,TRUE
8708036b5ffffff,1098.2,FALSE
8708036b6ffffff,0,TRUE
8708036c0ffffff,0,TRUE
8708036c1ffffff,1191.6,FALSE
8708036c2ffffff,0,TRUE
8708036c3ffffff,1363.6,FALSE
8708036c4ffffff,1353.6,FALSE
8708036c5ffffff,1066.6,FALSE
8708036c6ffffff,669.9,TRUE
8708036c8ffffff,2143.7,FALSE
8708036c9ffffff,336.6,TRUE
8708036caffffff,1251.6,FALSE
8708036cbffffff,644.4,TRUE
8708036ccffffff,3323.3,FALSE
8708036cdffffff,1941.8,FALSE
8708036ceffffff,2736.5,FALSE
8708036d0ffffff,546.1,TRUE
8708036d1ffffff,131.6,TRUE
8708036d2ffffff,0,TRUE
8708036d3ffffff,0,TRUE
8708036d4ffffff,107,TRUE
8708036d5ffffff,633,TRUE
8708036d6ffffff,0,TRUE
8708036d8ffffff,123.9,TRUE
8708036d9ffffff,756.8,TRUE
8708036daffffff,0,TRUE
8708036dbffffff,0,TRUE
8708036dcffffff,1082.6,FALSE
8708036ddffffff,1698.5,FALSE
8708036deffffff,0,TRUE
8708036e0ffffff,4322,FALSE
8708036e1ffffff,4100.6,FALSE
8708036e2ffffff,3079.9,FALSE
8708036e3ffffff,2622.1,FALSE
8708036e4ffffff,3059.6,FALSE
8708036e5ffffff,5018.6,FALSE
8708036e6ffffff,3170.2,FALSE
8708036e8ffffff,4459.8,FALSE
8708036e9ffffff,4573.3,FALSE
8708036eaffffff,2648.1,FALSE
8708036ebffffff,3723.3,FALSE
8708036ecffffff,4880.3,FALSE
8708036edffffff,6311.6,FALSE
8708036eeffffff,2956,FALSE
8708036f0ffffff,2309.3,FALSE
8708036f1ffffff,2363,FALSE
8708036f2ffffff,1190.2,FALSE
8708036f3ffffff,2040.1,FALSE
8708036f4ffffff,662.7,TRUE
8708036f5ffffff,2780,FALSE
8708036f6ffffff,1399.3,FALSE
870803702ffffff,3335.7,FALSE
870803706ffffff,2447.5,FALSE
870803710ffffff,1497,FALSE
870803711ffffff,2625.2,FALSE
870803712ffffff,3016,FALSE
870803713ffffff,2637.2,FALSE
870803714ffffff,235.3,TRUE
870803715ffffff,1186.3,FALSE
870803716ffffff,2140.7,FALSE
87080371affffff,3051.9,FALSE
87080371cffffff,4552.8,FALSE
87080371effffff,3279.5,FALSE
870803720ffffff,2270.2,FALSE
870803721ffffff,2531.1,FALSE
870803722ffffff,3013.6,FALSE
870803724ffffff,1478.4,FALSE
870803725ffffff,740.9,TRUE
870803726ffffff,1362.2,FALSE
870803730ffffff,168.7,TRUE
870803731ffffff,2254.1,FALSE
870803732ffffff,877.4,TRUE
870803733ffffff,437.2,TRUE
870803734ffffff,0,TRUE
870803735ffffff,1542,FALSE
870803736ffffff,1045.8,TRUE
870803780ffffff,649.1,TRUE
870803781ffffff,0,TRUE
870803782ffffff,0,TRUE
870803783ffffff,0,TRUE
870803784ffffff,1560,FALSE
870803785ffffff,1141.4,FALSE
870803786ffffff,968.4,TRUE
870803788ffffff,1224.2,FALSE
870803789ffffff,2155.9,FALSE
87080378affffff,1716.4,FALSE
87080378bffffff,2602.2,FALSE
87080378cffffff,0,TRUE
87080378dffffff,551,TRUE
87080378effffff,0,TRUE
870803790ffffff,0,TRUE
870803791ffffff,0,TRUE
870803792ffffff,0,TRUE
870803793ffffff,0,TRUE
870803794ffffff,1573.4,FALSE
870803795ffffff,283.6,TRUE
870803796ffffff,0,TRUE
870803798ffffff,1276.2,FALSE
870803799ffffff,2323.4,FALSE
87080379affffff,0,TRUE
87080379bffffff,1083.7,TRUE
87080379cffffff,0,TRUE
87080379dffffff,657.1,TRUE
87080379effffff,316.8,TRUE
8708037a0ffffff,4602.8,FALSE
8708037a1ffffff,3467.7,FALSE
8708037a2ffffff,3224.2,FALSE
8708037a3ffffff,2891.6,FALSE
8708037a4ffffff,4467.7,FALSE
8708037a5ffffff,4061,FALSE
8708037a6ffffff,4383.3,FALSE
8708037a8ffffff,28.6,TRUE
8708037a9ffffff,1411.2,FALSE
8708037aaffffff,324.6,TRUE
8708037abffffff,220.8,TRUE
8708037acffffff,1599.4,FALSE
8708037adffffff,1350.3,FALSE
8708037aeffffff,2032,FALSE
8708037b0ffffff,1989.3,FALSE
8708037b1ffffff,2561.4,FALSE
8708037b2ffffff,2236.9,FALSE
8708037b3ffffff,2046.6,FALSE
8708037b4ffffff,988.3,TRUE
8708037b5ffffff,3090.3,FALSE
8708037b6ffffff,562.9,TRUE
870803802ffffff,2806.4,FALSE
870803808ffffff,4257.3,FALSE
870803809ffffff,3768.7,FALSE
87080380affffff,2231.8,FALSE
87080380bffffff,2372.4,FALSE
87080380cffffff,5726.4,FALSE
87080380dffffff,5647.4,FALSE
870803810ffffff,1195.6,FALSE
870803811ffffff,1433.6,FALSE
870803812ffffff,54.7,TRUE
870803813ffffff,294,TRUE
870803814ffffff,950.8,FALSE
870803815ffffff,2686.5,FALSE
870803816ffffff,0,TRUE
870803818ffffff,334.8,TRUE
870803819ffffff,757.5,TRUE
87080381affffff,0,TRUE
87080381bffffff,0,TRUE
87080381cffffff,1409.7,FALSE
87080381dffffff,1716.9,FALSE
87080381effffff,0,TRUE
87080382bffffff,7542.6,FALSE
870803830ffffff,2036.4,FALSE
870803831ffffff,3936.7,FALSE
870803832ffffff,410.4,TRUE
870803833ffffff,2511.8,FALSE
870803834ffffff,2315.9,FALSE
870803835ffffff,3911.9,FALSE
870803836ffffff,418.1,TRUE
870803842ffffff,6012.7,FALSE
870803850ffffff,2662.6,FALSE
870803851ffffff,4039.2,FALSE
870803852ffffff,627.6,TRUE
870803853ffffff,2226.9,FALSE
870803854ffffff,3961.5,FALSE
870803855ffffff,4787.4,FALSE
870803856ffffff,1935.1,FALSE
870803858ffffff,4710.8,FALSE
87080385affffff,2866.2,FALSE
87080385bffffff,4572.1,FALSE
87080385effffff,3329.9,FALSE
870803872ffffff,5593,FALSE
870803873ffffff,6064.5,FALSE
870803876ffffff,7365.2,FALSE
870803880ffffff,0,TRUE
870803881ffffff,0,TRUE
870803882ffffff,0,TRUE
870803883ffffff,0,TRUE
870803884ffffff,0,TRUE
870803885ffffff,210.2,TRUE
870803886ffffff,104.7,TRUE
870803888ffffff,0,TRUE
870803889ffffff,0,TRUE
87080388affffff,0,TRUE
87080388bffffff,0,TRUE
87080388cffffff,0,TRUE
87080388dffffff,366,TRUE
87080388effffff,0,TRUE
870803890ffffff,352.2,TRUE
870803891ffffff,0,TRUE
870803892ffffff,0,TRUE
870803893ffffff,228.9,TRUE
870803894ffffff,0,TRUE
870803895ffffff,243.2,TRUE
870803896ffffff,0,TRUE
870803898ffffff,0,TRUE
870803899ffffff,0,TRUE
87080389affffff,0,TRUE
87080389bffffff,0,TRUE
87080389cffffff,0,TRUE
87080389dffffff,0,TRUE
87080389effffff,0,TRUE
8708038a0ffffff,2.3,TRUE
8708038a1ffffff,201.1,TRUE
8708038a2ffffff,0,TRUE
8708038a3ffffff,0,TRUE
8708038a4ffffff,178.1,TRUE
8708038a5ffffff,0,TRUE
8708038a6ffffff,0,TRUE
8708038a8ffffff,816.6,TRUE
8708038a9ffffff,200.2,TRUE
8708038aaffffff,0,TRUE
8708038abffffff,471.6,TRUE
8708038acffffff,0,TRUE
8708038adffffff,646.9,TRUE
8708038aeffffff,0,TRUE
8708038b0ffffff,85.9,TRUE
8708038b1ffffff,0,TRUE
8708038b2ffffff,0,TRUE
8708038b3ffffff,0.8,TRUE
8708038b4ffffff,30.6,TRUE
8708038b5ffffff,0,TRUE
8708038b6ffffff,0,TRUE
8708038c0ffffff,101.3,TRUE
8708038c1ffffff,619.9,TRUE
8708038c2ffffff,0,TRUE
8708038c3ffffff,124,TRUE
8708038c4ffffff,287.8,TRUE
8708038c6ffffff,0,TRUE
8708038c8ffffff,1038.1,FALSE
8708038c9ffffff,1668.6,FALSE
8708038caffffff,0,TRUE
8708038cbffffff,251.1,TRUE
8708038cdffffff,3135.7,FALSE
8708038ceffffff,0,TRUE
8708038d0ffffff,216.7,TRUE
8708038d1ffffff,373.9,TRUE
8708038d2ffffff,0,TRUE
8708038d3ffffff,565.9,TRUE
8708038d4ffffff,156.4,TRUE
8708038d5ffffff,207.2,TRUE
8708038d6ffffff,170.1,TRUE
8708038d8ffffff,0,TRUE
8708038daffffff,0,TRUE
8708038dbffffff,239.1,TRUE
8708038dcffffff,0,TRUE
8708038ddffffff,814.2,TRUE
8708038deffffff,0,TRUE
8708038e0ffffff,1985.3,FALSE
8708038e1ffffff,522.5,TRUE
8708038e3ffffff,2090.1,FALSE
8708038e4ffffff,2471.5,FALSE
8708038e5ffffff,714,TRUE
8708038e6ffffff,1009.5,TRUE
8708038e8ffffff,556.6,TRUE
8708038e9ffffff,1736.8,FALSE
8708038ebffffff,2450.5,FALSE
8708038ecffffff,213.2,TRUE
8708038edffffff,1289.4,FALSE
8708038eeffffff,1393.3,FALSE
8708038f0ffffff,132,TRUE
8708038f1ffffff,862.7,TRUE
8708038f2ffffff,0,TRUE
8708038f3ffffff,0,TRUE
8708038f4ffffff,0,TRUE
8708038f5ffffff,345.2,TRUE
8708038f6ffffff,0,TRUE
870803906ffffff,3843.4,FALSE
870803910ffffff,3157.4,FALSE
870803911ffffff,3501.6,FALSE
870803912ffffff,1405.2,FALSE
870803913ffffff,1795.7,FALSE
870803914ffffff,3482.8,FALSE
870803915ffffff,4791,FALSE
870803916ffffff,1589.3,FALSE
87080391affffff,2793.4,FALSE
87080391effffff,2796.4,FALSE
870803920ffffff,920.8,TRUE
870803921ffffff,1099.3,FALSE
870803922ffffff,1735,FALSE
870803924ffffff,16.6,TRUE
870803925ffffff,337.3,TRUE
870803926ffffff,842.5,TRUE
87080392cffffff,2631.4,FALSE
87080392dffffff,4334.3,FALSE
870803930ffffff,1771.6,FALSE
870803931ffffff,1943.1,FALSE
870803932ffffff,3606.4,FALSE
870803933ffffff,3354.6,FALSE
870803934ffffff,1285.9,FALSE
870803935ffffff,97.3,TRUE
870803936ffffff,2107.6,FALSE
870803980ffffff,0,TRUE
870803981ffffff,0,TRUE
870803982ffffff,0,TRUE
870803983ffffff,0,TRUE
870803984ffffff,347.4,TRUE
870803985ffffff,80.3,TRUE
870803986ffffff,0,TRUE
870803988ffffff,0,TRUE
870803989ffffff,0,TRUE
87080398affffff,203.9,TRUE
87080398bffffff,0,TRUE
87080398cffffff,238.2,TRUE
87080398dffffff,0,TRUE
87080398effffff,155.3,TRUE
870803990ffffff,0,TRUE
870803991ffffff,0,TRUE
870803992ffffff,1.7,TRUE
870803993ffffff,0,TRUE
870803994ffffff,34.5,TRUE
870803995ffffff,283,TRUE
870803996ffffff,485.2,TRUE
870803998ffffff,275.9,TRUE
870803999ffffff,0,TRUE
87080399affffff,338.4,TRUE
87080399bffffff,0,TRUE
87080399cffffff,0,TRUE
87080399dffffff,0,TRUE
87080399effffff,19.2,TRUE
8708039a0ffffff,0,TRUE
8708039a1ffffff,545.4,TRUE
8708039a2ffffff,447.7,TRUE
8708039a3ffffff,0,TRUE
8708039a4ffffff,0,TRUE
8708039a5ffffff,87.7,TRUE
8708039a6ffffff,0,TRUE
8708039a8ffffff,0,TRUE
8708039a9ffffff,1078.6,TRUE
8708039aaffffff,0,TRUE
8708039abffffff,0,TRUE
8708039acffffff,415.1,TRUE
8708039adffffff,949.2,TRUE
8708039aeffffff,532.7,TRUE
8708039b0ffffff,0,TRUE
8708039b1ffffff,0,TRUE
8708039b2ffffff,0,TRUE
8708039b3ffffff,0,TRUE
8708039b4ffffff,0,TRUE
8708039b5ffffff,0,TRUE
8708039b6ffffff,1114.1,FALSE
870803b31ffffff,16932.8,FALSE
870803b92ffffff,149.2,TRUE
870803b93ffffff,464.4,TRUE
870803b96ffffff,460.2,TRUE
870803bb2ffffff,3700.3,FALSE
870803bb4ffffff,3442.6,FALSE
870803bb5ffffff,5177.8,FALSE
870803bb6ffffff,3305.9,FALSE
870803c00ffffff,422.7,TRUE
870803c01ffffff,0,TRUE
870803c02ffffff,602,TRUE
870803c03ffffff,0,TRUE
870803c04ffffff,294.1,TRUE
870803c05ffffff,377,TRUE
870803c06ffffff,0,TRUE
870803c08ffffff,0,TRUE
870803c09ffffff,0,TRUE
870803c0affffff,0,TRUE
870803c0bffffff,0,TRUE
870803c0cffffff,300.3,TRUE
870803c0dffffff,0,TRUE
870803c0effffff,0,TRUE
870803c10ffffff,329.3,TRUE
870803c11ffffff,56.3,TRUE
870803c12ffffff,2004.5,FALSE
870803c13ffffff,70.4,TRUE
870803c14ffffff,321.6,TRUE
870803c15ffffff,0,TRUE
870803c16ffffff,2039.7,FALSE
870803c18ffffff,1526.7,FALSE
870803c19ffffff,698.9,TRUE
870803c1affffff,1980.1,FALSE
870803c1bffffff,2526.4,FALSE
870803c1cffffff,328.9,TRUE
870803c1dffffff,640.8,TRUE
870803c1effffff,625,TRUE
870803c20ffffff,13,TRUE
870803c21ffffff,151.3,TRUE
870803c22ffffff,0,TRUE
870803c23ffffff,0,TRUE
870803c24ffffff,193.9,TRUE
870803c25ffffff,380.9,TRUE
870803c26ffffff,0,TRUE
870803c28ffffff,0,TRUE
870803c29ffffff,192.6,TRUE
870803c2affffff,278,TRUE
870803c2bffffff,0,TRUE
870803c2cffffff,244.8,TRUE
870803c2dffffff,0,TRUE
870803c2effffff,1187.1,FALSE
870803c30ffffff,0,TRUE
870803c31ffffff,0,TRUE
870803c32ffffff,0,TRUE
870803c33ffffff,243.9,TRUE
870803c34ffffff,0,TRUE
870803c35ffffff,0,TRUE
870803c36ffffff,0,TRUE
870803c40ffffff,0,TRUE
870803c41ffffff,0,TRUE
870803c42ffffff,0,TRUE
870803c43ffffff,0,TRUE
870803c44ffffff,0,TRUE
870803c45ffffff,1,TRUE
870803c46ffffff,44.8,TRUE
870803c48ffffff,912.3,TRUE
870803c49ffffff,0,TRUE
870803c4affffff,0,TRUE
870803c4bffffff,777.1,TRUE
870803c4cffffff,512.3,TRUE
870803c4dffffff,0,TRUE
870803c4effffff,0,TRUE
870803c50ffffff,854.2,TRUE
870803c51ffffff,0,TRUE
870803c52ffffff,0,TRUE
870803c53ffffff,75,TRUE
870803c54ffffff,0,TRUE
870803c55ffffff,515.2,TRUE
870803c56ffffff,0,TRUE
870803c58ffffff,0,TRUE
870803c59ffffff,0,TRUE
870803c5affffff,148.6,TRUE
870803c5bffffff,521.6,TRUE
870803c5cffffff,418.4,TRUE
870803c5dffffff,0,TRUE
870803c5effffff,108.5,TRUE
870803c60ffffff,0,TRUE
870803c61ffffff,0,TRUE
870803c62ffffff,0,TRUE
870803c63ffffff,63.9,TRUE
870803c64ffffff,0,TRUE
870803c65ffffff,0,TRUE
870803c66ffffff,0,TRUE
870803c68ffffff,0,TRUE
870803c69ffffff,741.8,TRUE
870803c6affffff,432.1,TRUE
870803c6bffffff,347.5,TRUE
870803c6cffffff,0,TRUE
870803c6dffffff,0,TRUE
870803c6effffff,0,TRUE
870803c70ffffff,385.9,TRUE
870803c71ffffff,0,TRUE
870803c72ffffff,0,TRUE
870803c73ffffff,0,TRUE
870803c74ffffff,0,TRUE
870803c75ffffff,450.2,TRUE
870803c76ffffff,474.9,TRUE
870803c80ffffff,0,TRUE
870803c81ffffff,0,TRUE
870803c82ffffff,167.9,TRUE
870803c83ffffff,0,TRUE
870803c84ffffff,511,TRUE
870803c85ffffff,0,TRUE
870803c86ffffff,37.6,TRUE
870803c88ffffff,0,TRUE
870803c89ffffff,0,TRUE
870803c8affffff,182.7,TRUE
870803c8bffffff,178.7,TRUE
870803c8cffffff,0,TRUE
870803c8dffffff,131.3,TRUE
870803c8effffff,0,TRUE
870803c90ffffff,0,TRUE
870803c91ffffff,0,TRUE
870803c92ffffff,597.1,TRUE
870803c93ffffff,0,TRUE
870803c94ffffff,25.4,TRUE
870803c95ffffff,0,TRUE
870803c96ffffff,0,TRUE
870803c98ffffff,117.8,TRUE
870803c99ffffff,77.6,TRUE
870803c9affffff,414.6,TRUE
870803c9bffffff,0,TRUE
870803c9cffffff,204.2,TRUE
870803c9dffffff,312.3,TRUE
870803c9effffff,0,TRUE
870803ca0ffffff,1574.2,FALSE
870803ca1ffffff,2203.6,FALSE
870803ca2ffffff,1195.1,FALSE
870803ca3ffffff,388.9,TRUE
870803ca4ffffff,0,TRUE
870803ca5ffffff,1616,FALSE
870803ca6ffffff,1502.8,FALSE
870803ca8ffffff,2194.5,FALSE
870803ca9ffffff,2078.6,FALSE
870803caaffffff,697.5,TRUE
870803cabffffff,453.6,TRUE
870803cacffffff,1959.2,FALSE
870803cadffffff,986.5,TRUE
870803caeffffff,1484,FALSE
870803cb0ffffff,395.8,TRUE
870803cb1ffffff,64.3,TRUE
870803cb2ffffff,461.3,TRUE
870803cb3ffffff,0,TRUE
870803cb4ffffff,0,TRUE
870803cb5ffffff,0,TRUE
870803cb6ffffff,815.4,TRUE
870803cc0ffffff,0,TRUE
870803cc1ffffff,965.3,FALSE
870803cc2ffffff,0,TRUE
870803cc3ffffff,1264.2,FALSE
870803cc4ffffff,702.4,TRUE
870803cc5ffffff,222.5,TRUE
870803cc6ffffff,1551.8,FALSE
870803cc8ffffff,494.6,TRUE
870803cc9ffffff,292.3,TRUE
870803ccaffffff,1957.3,FALSE
870803ccbffffff,2212.1,FALSE
870803cccffffff,105.2,TRUE
870803ccdffffff,335.5,TRUE
870803cceffffff,1471.4,FALSE
870803cd0ffffff,390.4,TRUE
870803cd1ffffff,106.4,TRUE
870803cd2ffffff,532.2,TRUE
870803cd3ffffff,0,TRUE
870803cd4ffffff,1297.5,FALSE
870803cd5ffffff,1168.1,FALSE
870803cd6ffffff,0,TRUE
870803cd8ffffff,1249.3,FALSE
870803cd9ffffff,2401.4,FALSE
870803cdaffffff,181.9,TRUE
870803cdbffffff,650.5,TRUE
870803cdcffffff,832.4,TRUE
870803cddffffff,2743,FALSE
870803cdeffffff,0,TRUE
870803ce0ffffff,975.6,TRUE
870803ce1ffffff,201.6,TRUE
870803ce2ffffff,2308.9,FALSE
870803ce3ffffff,630.3,TRUE
870803ce4ffffff,1106,TRUE
870803ce5ffffff,127.6,TRUE
870803ce6ffffff,1723.6,FALSE
870803ce8ffffff,456.1,TRUE
870803ce9ffffff,255.4,TRUE
870803ceaffffff,0,TRUE
870803cebffffff,0,TRUE
870803cecffffff,638.2,TRUE
870803cedffffff,0,TRUE
870803ceeffffff,0,TRUE
870803cf0ffffff,3190.3,FALSE
870803cf1ffffff,2781.7,FALSE
870803cf2ffffff,1593.1,FALSE
870803cf3ffffff,2881.4,FALSE
870803cf4ffffff,3223.7,FALSE
870803cf5ffffff,3337.7,FALSE
870803cf6ffffff,1338,FALSE
870803d00ffffff,306.7,TRUE
870803d01ffffff,158.3,TRUE
870803d02ffffff,0,TRUE
870803d03ffffff,328.7,TRUE
870803d04ffffff,127.4,TRUE
870803d05ffffff,0,TRUE
870803d06ffffff,689.6,TRUE
870803d08ffffff,354.9,TRUE
870803d09ffffff,744.1,TRUE
870803d0affffff,0,TRUE
870803d0bffffff,723,TRUE
870803d0cffffff,0,TRUE
870803d0dffffff,647.2,TRUE
870803d0effffff,483,TRUE
870803d10ffffff,0,TRUE
870803d11ffffff,0,TRUE
870803d12ffffff,0,TRUE
870803d13ffffff,0,TRUE
870803d14ffffff,0,TRUE
870803d15ffffff,0,TRUE
870803d16ffffff,0,TRUE
870803d18ffffff,0,TRUE
870803d19ffffff,0,TRUE
870803d1affffff,0,TRUE
870803d1bffffff,381.2,TRUE
870803d1cffffff,199.5,TRUE
870803d1dffffff,0,TRUE
870803d1effffff,329.4,TRUE
870803d20ffffff,959,TRUE
870803d21ffffff,1056.4,FALSE
870803d22ffffff,0,TRUE
870803d23ffffff,0,TRUE
870803d24ffffff,1049,TRUE
870803d25ffffff,171.1,TRUE
870803d26ffffff,282.8,TRUE
870803d28ffffff,241.5,TRUE
870803d29ffffff,0,TRUE
870803d2affffff,714.7,TRUE
870803d2bffffff,1559,FALSE
870803d2cffffff,544.9,TRUE
870803d2dffffff,477.9,TRUE
870803d2effffff,1039.9,FALSE
870803d30ffffff,0,TRUE
870803d31ffffff,476.4,TRUE
870803d32ffffff,53.8,TRUE
870803d33ffffff,0,TRUE
870803d34ffffff,0,TRUE
870803d35ffffff,400.6,TRUE
870803d36ffffff,0,TRUE
870803d41ffffff,106.8,TRUE
870803d42ffffff,70.5,TRUE
870803d43ffffff,843,TRUE
870803d44ffffff,588.5,TRUE
870803d45ffffff,133.4,TRUE
870803d46ffffff,0,TRUE
870803d48ffffff,0,TRUE
870803d49ffffff,0,TRUE
870803d4affffff,0,TRUE
870803d4bffffff,0,TRUE
870803d4cffffff,0,TRUE
870803d4dffffff,0,TRUE
870803d4effffff,0,TRUE
870803d50ffffff,247.6,TRUE
870803d51ffffff,0,TRUE
870803d52ffffff,596.3,TRUE
870803d53ffffff,336.7,TRUE
870803d54ffffff,0,TRUE
870803d55ffffff,32.1,TRUE
870803d56ffffff,461.1,TRUE
870803d58ffffff,213.3,TRUE
870803d59ffffff,0,TRUE
870803d5affffff,0,TRUE
870803d5bffffff,787.7,TRUE
870803d5cffffff,234.8,TRUE
870803d5dffffff,0,TRUE
870803d5effffff,0,TRUE
870803d61ffffff,1636.9,FALSE
870803d62ffffff,327.1,TRUE
870803d66ffffff,7.2,TRUE
870803d68ffffff,622.2,TRUE
870803d69ffffff,0,TRUE
870803d6affffff,0,TRUE
870803d6bffffff,30.5,TRUE
870803d6cffffff,169.4,TRUE
870803d6dffffff,0,TRUE
870803d6effffff,320,TRUE
870803d70ffffff,0,TRUE
870803d71ffffff,3.8,TRUE
870803d72ffffff,0,TRUE
870803d73ffffff,0,TRUE
870803d74ffffff,0,TRUE
870803d75ffffff,329.5,TRUE
870803d76ffffff,107.9,TRUE
870803d80ffffff,1092.7,FALSE
870803d81ffffff,0,TRUE
870803d82ffffff,703.7,TRUE
870803d83ffffff,505.9,TRUE
870803d84ffffff,1290.7,FALSE
870803d85ffffff,0,TRUE
870803d86ffffff,990.8,FALSE
870803d88ffffff,603.6,TRUE
870803d89ffffff,663.6,TRUE
870803d8affffff,167.3,TRUE
870803d8bffffff,1095.7,TRUE
870803d8cffffff,288.8,TRUE
870803d8dffffff,717.2,TRUE
870803d8effffff,595.9,TRUE
870803d90ffffff,0,TRUE
870803d91ffffff,500.5,TRUE
870803d92ffffff,0,TRUE
870803d93ffffff,0,TRUE
870803d94ffffff,0,TRUE
870803d95ffffff,465.6,TRUE
870803d96ffffff,0,TRUE
870803d98ffffff,413.6,TRUE
870803d99ffffff,1743.3,FALSE
870803d9affffff,509.8,TRUE
870803d9bffffff,280.2,TRUE
870803d9cffffff,724.1,TRUE
870803d9dffffff,846.9,TRUE
870803d9effffff,0,TRUE
870803da0ffffff,417.1,TRUE
870803da1ffffff,0,TRUE
870803da2ffffff,1643.6,FALSE
870803da3ffffff,0,TRUE
870803da4ffffff,91.3,TRUE
870803da5ffffff,192.8,TRUE
870803da6ffffff,979.6,TRUE
870803da8ffffff,0,TRUE
870803da9ffffff,853.4,TRUE
870803daaffffff,0,TRUE
870803dabffffff,0,TRUE
870803dacffffff,0,TRUE
870803dadffffff,639.2,TRUE
870803daeffffff,143.3,TRUE
870803db0ffffff,0,TRUE
870803db1ffffff,1263.3,FALSE
870803db2ffffff,0,TRUE
870803db3ffffff,0,TRUE
870803db4ffffff,0,TRUE
870803db5ffffff,1398.7,FALSE
870803db6ffffff,52.6,TRUE
87080561effffff,27362.1,FALSE
870806058ffffff,5981.6,FALSE
870806059ffffff,6082.8,FALSE
87080605bffffff,4148.4,FALSE
87080605effffff,6393.6,FALSE
870806082ffffff,3682,FALSE
870806083ffffff,4018.2,FALSE
870806084ffffff,5571.9,FALSE
870806085ffffff,7193.7,FALSE
870806086ffffff,3849.8,FALSE
87080608bffffff,3650.3,FALSE
870806090ffffff,2608.3,FALSE
870806091ffffff,1884.8,FALSE
870806092ffffff,520.9,TRUE
870806093ffffff,867.2,TRUE
870806094ffffff,1205.8,FALSE
870806095ffffff,2786.1,FALSE
870806096ffffff,1407.8,FALSE
870806098ffffff,459.7,TRUE
870806099ffffff,599.7,TRUE
87080609affffff,32,TRUE
87080609bffffff,31.2,TRUE
87080609cffffff,2068.8,FALSE
87080609dffffff,2263.3,FALSE
87080609effffff,24.2,TRUE
8708060aeffffff,9012.2,FALSE
8708060b2ffffff,628.4,TRUE
8708060b3ffffff,2140.2,FALSE
8708060b4ffffff,4154.1,FALSE
8708060b6ffffff,2189.3,FALSE
8708060c0ffffff,5338.4,FALSE
8708060c1ffffff,5303.8,FALSE
8708060c3ffffff,3579.4,FALSE
8708060c4ffffff,7047.6,FALSE
8708060c5ffffff,6987.7,FALSE
8708060c6ffffff,5264,FALSE
8708060c8ffffff,3144.3,FALSE
8708060c9ffffff,2981.3,FALSE
8708060caffffff,1751.6,FALSE
8708060cbffffff,1260.6,FALSE
8708060cdffffff,2727.2,FALSE
8708060d0ffffff,2428.4,FALSE
8708060d1ffffff,1736.4,FALSE
8708060d2ffffff,2463.7,FALSE
8708060d3ffffff,740.2,TRUE
8708060d6ffffff,3741.1,FALSE
8708060d8ffffff,639.6,TRUE
8708060d9ffffff,693.6,TRUE
8708060daffffff,0,TRUE
8708060dbffffff,0,TRUE
8708060ddffffff,1691.8,FALSE
8708060deffffff,242.1,TRUE
8708060e1ffffff,7888,FALSE
8708060e2ffffff,8843.4,FALSE
8708060e3ffffff,8052.1,FALSE
8708060e8ffffff,4871.4,FALSE
8708060eaffffff,5231.7,FALSE
8708060ebffffff,3500.1,FALSE
8708060eeffffff,6411.9,FALSE
8708060f1ffffff,7151.6,FALSE
870806125ffffff,34673.8,FALSE
870806161ffffff,29716,FALSE
87080618cffffff,14017.2,FALSE
87080618dffffff,14740.1,FALSE
870806200ffffff,2268.4,FALSE
870806202ffffff,669.6,TRUE
870806203ffffff,715,TRUE
870806209ffffff,2652.2,FALSE
87080620affffff,1186.8,FALSE
87080620bffffff,912.1,FALSE
87080620dffffff,3948.6,FALSE
87080620effffff,1832.8,FALSE
870806210ffffff,740.5,TRUE
870806211ffffff,881.4,TRUE
870806212ffffff,122.3,TRUE
870806213ffffff,0,TRUE
870806214ffffff,1933.8,FALSE
870806215ffffff,2218.3,FALSE
870806216ffffff,868.3,TRUE
870806218ffffff,0,TRUE
870806219ffffff,674.2,TRUE
87080621affffff,0,TRUE
87080621bffffff,282.5,TRUE
87080621cffffff,0,TRUE
87080621dffffff,299.1,TRUE
87080621effffff,0,TRUE
870806222ffffff,5986.4,FALSE
870806226ffffff,7877,FALSE
870806231ffffff,4607.3,FALSE
870806234ffffff,7255.5,FALSE
870806235ffffff,6507.8,FALSE
870806240ffffff,5605.9,FALSE
870806242ffffff,3861.3,FALSE
870806244ffffff,7166.9,FALSE
870806245ffffff,7358.9,FALSE
870806246ffffff,5399.6,FALSE
870806248ffffff,4089.5,FALSE
870806249ffffff,4245,FALSE
87080624affffff,2648.5,FALSE
87080624bffffff,2486.1,FALSE
87080624cffffff,6023.8,FALSE
87080624effffff,4752,FALSE
870806250ffffff,1888.9,FALSE
870806251ffffff,2147.2,FALSE
870806252ffffff,286.8,TRUE
870806253ffffff,535.2,TRUE
870806254ffffff,3217.8,FALSE
870806256ffffff,1472.4,FALSE
870806258ffffff,3281.7,FALSE
87080625affffff,1726.7,FALSE
87080625bffffff,1401.4,FALSE
87080625effffff,1442.9,FALSE
87080626affffff,8035.9,FALSE
870806270ffffff,6296.2,FALSE
870806272ffffff,4411.8,FALSE
870806280ffffff,763.4,TRUE
870806281ffffff,483.9,TRUE
870806282ffffff,2155.9,FALSE
870806283ffffff,872.6,TRUE
870806284ffffff,104.6,TRUE
870806285ffffff,483.9,TRUE
870806286ffffff,700.5,TRUE
870806288ffffff,1224.8,FALSE
870806289ffffff,84.2,TRUE
87080628affffff,211.5,TRUE
87080628bffffff,0,TRUE
87080628cffffff,392,TRUE
87080628dffffff,728.7,TRUE
87080628effffff,0,TRUE
870806290ffffff,1989.7,FALSE
870806291ffffff,1278.6,FALSE
870806292ffffff,252.7,TRUE
870806293ffffff,679.6,TRUE
870806294ffffff,2332.4,FALSE
870806295ffffff,1985.4,FALSE
870806296ffffff,1428.9,FALSE
870806298ffffff,345.1,TRUE
870806299ffffff,199.5,TRUE
87080629affffff,1178.9,FALSE
87080629bffffff,678.6,TRUE
87080629cffffff,443.3,TRUE
87080629dffffff,355.3,TRUE
87080629effffff,0,TRUE
8708062a0ffffff,202.1,TRUE
8708062a1ffffff,738.4,TRUE
8708062a2ffffff,155.9,TRUE
8708062a3ffffff,0,TRUE
8708062a4ffffff,0,TRUE
8708062a5ffffff,0,TRUE
8708062a6ffffff,184.5,TRUE
8708062a8ffffff,0,TRUE
8708062a9ffffff,0,TRUE
8708062aaffffff,0,TRUE
8708062abffffff,0,TRUE
8708062acffffff,555.4,TRUE
8708062adffffff,0,TRUE
8708062aeffffff,356.4,TRUE
8708062b0ffffff,676.2,TRUE
8708062b1ffffff,0,TRUE
8708062b2ffffff,1999.8,FALSE
8708062b3ffffff,691.9,TRUE
8708062b4ffffff,421.4,TRUE
8708062b5ffffff,140,TRUE
8708062b6ffffff,1602.3,FALSE
8708062c0ffffff,1004.4,FALSE
8708062c1ffffff,2723.3,FALSE
8708062c2ffffff,870.7,TRUE
8708062c3ffffff,2297.4,FALSE
8708062c4ffffff,916.5,TRUE
8708062c5ffffff,1495.6,FALSE
8708062c6ffffff,0,TRUE
8708062c8ffffff,336.5,TRUE
8708062c9ffffff,0,TRUE
8708062caffffff,614.4,TRUE
8708062cbffffff,0,TRUE
8708062ccffffff,1562.8,FALSE
8708062cdffffff,1034.9,FALSE
8708062ceffffff,2173.9,FALSE
8708062d0ffffff,0,TRUE
8708062d1ffffff,160.7,TRUE
8708062d2ffffff,0,TRUE
8708062d3ffffff,0,TRUE
8708062d4ffffff,0,TRUE
8708062d5ffffff,628.4,TRUE
8708062d6ffffff,0,TRUE
8708062d8ffffff,114.6,TRUE
8708062d9ffffff,0,TRUE
8708062daffffff,0,TRUE
8708062dbffffff,333.8,TRUE
8708062dcffffff,1635.3,FALSE
8708062ddffffff,820.2,TRUE
8708062deffffff,906.2,TRUE
8708062e0ffffff,508.2,TRUE
8708062e1ffffff,199.7,TRUE
8708062e2ffffff,226.9,TRUE
8708062e3ffffff,137.7,TRUE
8708062e4ffffff,0,TRUE
8708062e5ffffff,0,TRUE
8708062e6ffffff,610.8,TRUE
8708062e8ffffff,0,TRUE
8708062e9ffffff,255.3,TRUE
8708062eaffffff,1092,FALSE
8708062ebffffff,0,TRUE
8708062ecffffff,0,TRUE
8708062edffffff,690.7,TRUE
8708062eeffffff,344.5,TRUE
8708062f0ffffff,0,TRUE
8708062f1ffffff,127.8,TRUE
8708062f2ffffff,89.7,TRUE
8708062f3ffffff,99.6,TRUE
8708062f4ffffff,0,TRUE
8708062f5ffffff,29.9,TRUE
8708062f6ffffff,310.9,TRUE
87080631affffff,9057.2,FALSE
87080631bffffff,8414.4,FALSE
870806380ffffff,1417.6,FALSE
870806382ffffff,1482.4,FALSE
870806383ffffff,0,TRUE
870806386ffffff,1898.8,FALSE
870806388ffffff,2429.4,FALSE
870806389ffffff,2805.5,FALSE
87080638affffff,587.9,TRUE
87080638bffffff,1069.5,FALSE
870806390ffffff,738.1,TRUE
870806391ffffff,757,TRUE
870806392ffffff,61.9,TRUE
870806393ffffff,0,TRUE
870806394ffffff,2116.8,FALSE
870806395ffffff,2006.9,FALSE
870806396ffffff,1416.2,FALSE
870806398ffffff,1064.8,TRUE
870806399ffffff,405.6,TRUE
87080639affffff,476.8,TRUE
87080639bffffff,626.4,TRUE
87080639cffffff,387.5,TRUE
87080639effffff,0,TRUE
8708063a2ffffff,3414.9,FALSE
8708063aaffffff,3696.5,FALSE
8708063abffffff,4904.3,FALSE
8708063adffffff,7971.8,FALSE
8708063b0ffffff,655.2,TRUE
8708063b2ffffff,987.6,TRUE
8708063b3ffffff,561.7,TRUE
8708063b6ffffff,1860.4,FALSE
870806400ffffff,3045.6,FALSE
870806402ffffff,1624.6,FALSE
870806403ffffff,1087.9,FALSE
870806405ffffff,1550.6,FALSE
870806408ffffff,1622.5,FALSE
870806409ffffff,360.9,TRUE
87080640cffffff,435.2,TRUE
87080640dffffff,327,TRUE
870806410ffffff,731.4,TRUE
870806411ffffff,217.2,TRUE
870806412ffffff,0,TRUE
870806413ffffff,0,TRUE
870806415ffffff,1061.1,TRUE
870806416ffffff,1102.8,TRUE
870806418ffffff,623.5,TRUE
870806419ffffff,267.1,TRUE
87080641affffff,0,TRUE
87080641bffffff,0,TRUE
87080641cffffff,696.2,TRUE
87080641dffffff,0,TRUE
87080641effffff,0,TRUE
870806420ffffff,289.5,TRUE
870806421ffffff,0,TRUE
870806422ffffff,579.3,TRUE
870806423ffffff,984.4,TRUE
870806424ffffff,1922.9,FALSE
870806425ffffff,1493.1,FALSE
870806426ffffff,989.2,FALSE
870806428ffffff,1063.3,TRUE
870806429ffffff,1583.7,FALSE
87080642affffff,656.1,TRUE
87080642bffffff,0,TRUE
87080642cffffff,706.9,TRUE
87080642dffffff,2271.8,FALSE
87080642effffff,0,TRUE
870806432ffffff,4103.7,FALSE
870806436ffffff,4016.9,FALSE
870806440ffffff,127.9,TRUE
870806441ffffff,0,TRUE
870806442ffffff,0,TRUE
870806443ffffff,0,TRUE
870806444ffffff,0,TRUE
870806445ffffff,0,TRUE
870806446ffffff,185.8,TRUE
870806448ffffff,0,TRUE
870806449ffffff,329.9,TRUE
87080644affffff,0,TRUE
87080644bffffff,0,TRUE
87080644cffffff,0,TRUE
87080644dffffff,0,TRUE
87080644effffff,0,TRUE
870806450ffffff,232.1,TRUE
870806451ffffff,0,TRUE
870806453ffffff,10.1,TRUE
870806454ffffff,0,TRUE
870806455ffffff,0,TRUE
870806456ffffff,1307.5,FALSE
870806458ffffff,0,TRUE
870806459ffffff,0,TRUE
87080645affffff,0,TRUE
87080645bffffff,0,TRUE
87080645cffffff,0,TRUE
87080645dffffff,0,TRUE
87080645effffff,0,TRUE
870806460ffffff,8.9,TRUE
870806461ffffff,0,TRUE
870806462ffffff,5.7,TRUE
870806463ffffff,0,TRUE
870806464ffffff,111.3,TRUE
870806465ffffff,0,TRUE
870806466ffffff,0,TRUE
870806468ffffff,13.2,TRUE
870806469ffffff,0,TRUE
87080646affffff,0,TRUE
87080646bffffff,201.5,TRUE
87080646cffffff,0,TRUE
87080646dffffff,87.6,TRUE
87080646effffff,0,TRUE
870806470ffffff,266.4,TRUE
870806471ffffff,160.5,TRUE
870806472ffffff,0,TRUE
870806473ffffff,0,TRUE
870806474ffffff,452.5,TRUE
870806475ffffff,0,TRUE
870806476ffffff,368.5,TRUE
870806480ffffff,0,TRUE
870806481ffffff,138.5,TRUE
870806482ffffff,409.6,TRUE
870806483ffffff,0,TRUE
870806484ffffff,0,TRUE
870806485ffffff,517,TRUE
870806486ffffff,157.1,TRUE
870806488ffffff,0,TRUE
870806489ffffff,0,TRUE
87080648affffff,0,TRUE
87080648bffffff,38.8,TRUE
87080648cffffff,0,TRUE
87080648dffffff,0,TRUE
87080648effffff,0,TRUE
870806490ffffff,0,TRUE
870806491ffffff,0,TRUE
870806492ffffff,0,TRUE
870806493ffffff,0,TRUE
870806494ffffff,214.5,TRUE
870806495ffffff,765.4,TRUE
870806496ffffff,0,TRUE
870806498ffffff,0,TRUE
870806499ffffff,0,TRUE
87080649affffff,0,TRUE
87080649bffffff,0,TRUE
87080649cffffff,242,TRUE
87080649dffffff,0,TRUE
87080649effffff,276.9,TRUE
8708064a0ffffff,0,TRUE
8708064a1ffffff,0,TRUE
8708064a2ffffff,487.6,TRUE
8708064a3ffffff,152.2,TRUE
8708064a4ffffff,0,TRUE
8708064a5ffffff,105.3,TRUE
8708064a6ffffff,169.6,TRUE
8708064a8ffffff,0,TRUE
8708064a9ffffff,0,TRUE
8708064aaffffff,0,TRUE
8708064abffffff,0,TRUE
8708064acffffff,0,TRUE
8708064adffffff,0,TRUE
8708064aeffffff,0,TRUE
8708064b0ffffff,1819.2,FALSE
8708064b1ffffff,389.6,TRUE
8708064b2ffffff,1468.1,FALSE
8708064b3ffffff,1942.2,FALSE
8708064b5ffffff,245.9,TRUE
8708064c0ffffff,0,TRUE
8708064c1ffffff,134.4,TRUE
8708064c2ffffff,0,TRUE
8708064c3ffffff,0,TRUE
8708064c4ffffff,0,TRUE
8708064c5ffffff,0,TRUE
8708064c6ffffff,171.3,TRUE
8708064c8ffffff,280.2,TRUE
8708064c9ffffff,0,TRUE
8708064caffffff,0,TRUE
8708064cbffffff,0,TRUE
8708064ccffffff,0,TRUE
8708064cdffffff,0,TRUE
8708064ceffffff,0,TRUE
8708064d0ffffff,255.6,TRUE
8708064d1ffffff,37.7,TRUE
8708064d2ffffff,0,TRUE
8708064d3ffffff,227.5,TRUE
8708064d4ffffff,22.4,TRUE
8708064d5ffffff,152,TRUE
8708064d6ffffff,68.4,TRUE
8708064d8ffffff,269.5,TRUE
8708064d9ffffff,0,TRUE
8708064daffffff,0,TRUE
8708064dbffffff,584.6,TRUE
8708064dcffffff,380.8,TRUE
8708064ddffffff,506.4,TRUE
8708064deffffff,909.1,TRUE
8708064e0ffffff,815.9,TRUE
8708064e1ffffff,1259.3,FALSE
8708064e2ffffff,0,TRUE
8708064e3ffffff,228,TRUE
8708064e4ffffff,210.2,TRUE
8708064e5ffffff,1263.4,FALSE
8708064e6ffffff,574.5,TRUE
8708064e8ffffff,0,TRUE
8708064e9ffffff,0,TRUE
8708064eaffffff,0,TRUE
8708064ebffffff,0,TRUE
8708064ecffffff,18.3,TRUE
8708064edffffff,402.5,TRUE
8708064eeffffff,474.6,TRUE
8708064f0ffffff,905.9,TRUE
8708064f1ffffff,938.6,TRUE
8708064f2ffffff,112.9,TRUE
8708064f3ffffff,177.3,TRUE
8708064f4ffffff,0,TRUE
8708064f5ffffff,0,TRUE
8708064f6ffffff,0,TRUE
870806500ffffff,8292.5,FALSE
870806501ffffff,7653.4,FALSE
870806502ffffff,7400.5,FALSE
870806503ffffff,6382.4,FALSE
870806508ffffff,5183.5,FALSE
870806509ffffff,3635.2,FALSE
87080650affffff,3816.5,FALSE
87080650bffffff,3334.2,FALSE
87080650dffffff,4696.9,FALSE
87080650effffff,5732,FALSE
870806510ffffff,6495.1,FALSE
870806511ffffff,7024.6,FALSE
870806514ffffff,6913.1,FALSE
870806516ffffff,4926.5,FALSE
870806518ffffff,3990.4,FALSE
870806519ffffff,2639.3,FALSE
87080651affffff,4529.4,FALSE
87080651bffffff,2747.5,FALSE
87080651cffffff,5632.2,FALSE
87080651dffffff,4487.5,FALSE
87080651effffff,5588.9,FALSE
870806534ffffff,11103.5,FALSE
870806536ffffff,8958,FALSE
870806540ffffff,1129.5,FALSE
870806541ffffff,1605.1,FALSE
870806542ffffff,0,TRUE
870806543ffffff,32.7,TRUE
870806544ffffff,2912,FALSE
870806545ffffff,3025.1,FALSE
870806546ffffff,1405.1,FALSE
870806548ffffff,1130.1,TRUE
870806549ffffff,603.4,TRUE
87080654affffff,0,TRUE
87080654bffffff,435.1,TRUE
87080654cffffff,2193.5,FALSE
87080654dffffff,1129.3,FALSE
87080654effffff,248.6,TRUE
870806550ffffff,1632.5,FALSE
870806551ffffff,493,TRUE
870806552ffffff,687.9,TRUE
870806553ffffff,947.9,TRUE
870806554ffffff,1846.1,FALSE
870806555ffffff,116.5,TRUE
870806556ffffff,2549.5,FALSE
870806558ffffff,0,TRUE
870806559ffffff,0,TRUE
87080655affffff,1468.3,FALSE
87080655bffffff,175.6,TRUE
87080655cffffff,13.1,TRUE
87080655dffffff,39,TRUE
87080655effffff,233.4,TRUE
87080656affffff,3750,FALSE
87080656bffffff,2849,FALSE
870806570ffffff,3907.8,FALSE
870806571ffffff,3289,FALSE
870806572ffffff,3149.8,FALSE
870806573ffffff,1984.2,FALSE
870806576ffffff,4853.6,FALSE
870806580ffffff,554.2,TRUE
870806581ffffff,0,TRUE
870806582ffffff,0,TRUE
870806583ffffff,0,TRUE
870806584ffffff,0,TRUE
870806585ffffff,556.6,TRUE
870806586ffffff,162.3,TRUE
87080658bffffff,1012.9,TRUE
87080658cffffff,612.2,TRUE
87080658dffffff,2366.3,FALSE
87080658effffff,10.5,TRUE
870806590ffffff,0,TRUE
870806591ffffff,0,TRUE
870806592ffffff,1132.3,FALSE
870806593ffffff,39,TRUE
870806594ffffff,561.1,TRUE
870806595ffffff,68,TRUE
870806596ffffff,281.2,TRUE
870806598ffffff,494.6,TRUE
87080659cffffff,159.6,TRUE
87080659dffffff,242.7,TRUE
87080659effffff,170.9,TRUE
8708065a0ffffff,1426.9,FALSE
8708065a1ffffff,3041.2,FALSE
8708065a2ffffff,0,TRUE
8708065a3ffffff,1273.5,FALSE
8708065a6ffffff,0,TRUE
8708065a8ffffff,3765.2,FALSE
8708065aaffffff,1616.3,FALSE
8708065abffffff,2540.5,FALSE
8708065aeffffff,2558.2,FALSE
8708065b0ffffff,622.4,TRUE
8708065b1ffffff,0,TRUE
8708065b2ffffff,1191.4,FALSE
8708065b3ffffff,0,TRUE
8708065b4ffffff,0,TRUE
8708065b5ffffff,0,TRUE
8708065b6ffffff,118.7,TRUE
870806600ffffff,0,TRUE
870806601ffffff,0,TRUE
870806602ffffff,0,TRUE
870806603ffffff,0,TRUE
870806604ffffff,298.3,TRUE
870806605ffffff,34.4,TRUE
870806606ffffff,314.5,TRUE
870806608ffffff,0,TRUE
870806609ffffff,11.8,TRUE
87080660affffff,0,TRUE
87080660bffffff,0,TRUE
87080660cffffff,79.1,TRUE
87080660dffffff,0,TRUE
87080660effffff,39.7,TRUE
870806610ffffff,0,TRUE
870806611ffffff,173.7,TRUE
870806612ffffff,1291.5,FALSE
870806613ffffff,929.8,TRUE
870806614ffffff,396.7,TRUE
870806615ffffff,33.8,TRUE
870806616ffffff,0,TRUE
870806618ffffff,457.1,TRUE
870806619ffffff,299.6,TRUE
87080661affffff,1864.9,FALSE
87080661bffffff,0,TRUE
87080661cffffff,249.1,TRUE
87080661dffffff,0,TRUE
87080661effffff,437.1,TRUE
870806620ffffff,318.5,TRUE
870806621ffffff,0,TRUE
870806622ffffff,0,TRUE
870806623ffffff,0,TRUE
870806624ffffff,97.1,TRUE
870806625ffffff,0,TRUE
870806626ffffff,0,TRUE
870806628ffffff,0,TRUE
870806629ffffff,52.5,TRUE
87080662affffff,274.4,TRUE
87080662bffffff,0,TRUE
87080662cffffff,0,TRUE
87080662dffffff,0,TRUE
87080662effffff,344.4,TRUE
870806630ffffff,576.3,TRUE
870806631ffffff,688.4,TRUE
870806632ffffff,1128.5,FALSE
870806633ffffff,853.2,TRUE
870806634ffffff,658.7,TRUE
870806635ffffff,9.3,TRUE
870806636ffffff,190,TRUE
870806640ffffff,0,TRUE
870806641ffffff,0,TRUE
870806642ffffff,0,TRUE
870806643ffffff,0,TRUE
870806644ffffff,0,TRUE
870806645ffffff,15.3,TRUE
870806646ffffff,0,TRUE
870806648ffffff,818,TRUE
870806649ffffff,2181.3,FALSE
87080664affffff,158.5,TRUE
87080664bffffff,512.9,TRUE
87080664cffffff,0,TRUE
87080664dffffff,975.3,TRUE
87080664effffff,457.2,TRUE
870806650ffffff,856.9,TRUE
870806651ffffff,0,TRUE
870806652ffffff,2065.9,FALSE
870806653ffffff,529.6,TRUE
870806654ffffff,269.1,TRUE
870806655ffffff,0,TRUE
870806656ffffff,678.3,TRUE
870806658ffffff,240.5,TRUE
870806659ffffff,292.2,TRUE
87080665affffff,83.7,TRUE
87080665bffffff,1364.8,FALSE
87080665cffffff,399.9,TRUE
87080665dffffff,0,TRUE
87080665effffff,485.6,TRUE
870806660ffffff,0,TRUE
870806661ffffff,0,TRUE
870806662ffffff,0,TRUE
870806663ffffff,0,TRUE
870806664ffffff,408.3,TRUE
870806665ffffff,0,TRUE
870806666ffffff,0,TRUE
870806668ffffff,0,TRUE
870806669ffffff,0,TRUE
87080666affffff,0,TRUE
87080666bffffff,0,TRUE
87080666cffffff,53.7,TRUE
87080666dffffff,106.8,TRUE
87080666effffff,0,TRUE
870806670ffffff,0,TRUE
870806671ffffff,0,TRUE
870806672ffffff,480.9,TRUE
870806673ffffff,0,TRUE
870806674ffffff,0,TRUE
870806675ffffff,52.4,TRUE
870806676ffffff,136.8,TRUE
870806680ffffff,0,TRUE
870806681ffffff,927.2,TRUE
870806682ffffff,531,TRUE
870806683ffffff,1221.4,FALSE
870806684ffffff,1333.1,FALSE
870806685ffffff,694.6,TRUE
870806686ffffff,0,TRUE
870806688ffffff,1815.8,FALSE
870806689ffffff,459.4,TRUE
87080668affffff,1085.9,FALSE
87080668bffffff,1036.3,FALSE
87080668cffffff,2798.5,FALSE
87080668dffffff,2517.5,FALSE
87080668effffff,2069,FALSE
870806690ffffff,0,TRUE
870806691ffffff,659.5,TRUE
870806692ffffff,0,TRUE
870806693ffffff,230.3,TRUE
870806694ffffff,0,TRUE
870806695ffffff,106.5,TRUE
870806696ffffff,0,TRUE
870806698ffffff,25.2,TRUE
870806699ffffff,268,TRUE
87080669affffff,0,TRUE
87080669bffffff,40.3,TRUE
87080669cffffff,55.4,TRUE
87080669dffffff,286,TRUE
87080669effffff,0,TRUE
8708066a0ffffff,0,TRUE
8708066a1ffffff,1030.6,FALSE
8708066a2ffffff,0,TRUE
8708066a3ffffff,690.8,TRUE
8708066a4ffffff,0,TRUE
8708066a5ffffff,0,TRUE
8708066a6ffffff,0,TRUE
8708066a8ffffff,3226.1,FALSE
8708066a9ffffff,2223.2,FALSE
8708066aaffffff,1665.5,FALSE
8708066abffffff,3326.9,FALSE
8708066acffffff,2421.2,FALSE
8708066adffffff,2119,FALSE
8708066aeffffff,2461.7,FALSE
8708066b0ffffff,0,TRUE
8708066b1ffffff,492.7,TRUE
8708066b2ffffff,265.4,TRUE
8708066b3ffffff,0,TRUE
8708066b4ffffff,722.7,TRUE
8708066b5ffffff,0,TRUE
8708066b6ffffff,946.7,TRUE
8708066c0ffffff,0,TRUE
8708066c1ffffff,804.8,TRUE
8708066c2ffffff,286.9,TRUE
8708066c3ffffff,663.9,TRUE
8708066c4ffffff,0,TRUE
8708066c5ffffff,0,TRUE
8708066c6ffffff,353.9,TRUE
8708066c8ffffff,206.8,TRUE
8708066c9ffffff,0,TRUE
8708066caffffff,313.9,TRUE
8708066cbffffff,124.3,TRUE
8708066ccffffff,0,TRUE
8708066cdffffff,129.1,TRUE
8708066ceffffff,420.3,TRUE
8708066d0ffffff,1011.4,TRUE
8708066d1ffffff,1533.8,FALSE
8708066d2ffffff,0,TRUE
8708066d3ffffff,698.2,TRUE
8708066d4ffffff,444.3,TRUE
8708066d5ffffff,1850.9,FALSE
8708066d6ffffff,0,TRUE
8708066d8ffffff,947.1,FALSE
8708066d9ffffff,0,TRUE
8708066daffffff,0,TRUE
8708066dbffffff,485.4,TRUE
8708066dcffffff,643.4,TRUE
8708066ddffffff,523.7,TRUE
8708066deffffff,20.4,TRUE
8708066e0ffffff,322,TRUE
8708066e1ffffff,1455.9,FALSE
8708066e2ffffff,257.3,TRUE
8708066e3ffffff,845.5,TRUE
8708066e4ffffff,30,TRUE
8708066e5ffffff,669.3,TRUE
8708066e6ffffff,166.8,TRUE
8708066e8ffffff,287.1,TRUE
8708066e9ffffff,70,TRUE
8708066eaffffff,0,TRUE
8708066ebffffff,687.1,TRUE
8708066ecffffff,331.5,TRUE
8708066edffffff,1287.6,FALSE
8708066eeffffff,617.5,TRUE
8708066f0ffffff,835.8,TRUE
8708066f1ffffff,185.8,TRUE
8708066f2ffffff,1901,FALSE
8708066f3ffffff,1547.5,FALSE
8708066f4ffffff,343.8,TRUE
8708066f5ffffff,0,TRUE
8708066f6ffffff,1787.1,FALSE
870806700ffffff,0,TRUE
870806701ffffff,0,TRUE
870806702ffffff,270.6,TRUE
870806703ffffff,0,TRUE
870806704ffffff,162.6,TRUE
870806705ffffff,372,TRUE
870806706ffffff,76.1,TRUE
870806708ffffff,146.4,TRUE
870806709ffffff,592.9,TRUE
87080670affffff,0,TRUE
87080670bffffff,175.7,TRUE
87080670cffffff,696.7,TRUE
87080670dffffff,0,TRUE
87080670effffff,0,TRUE
870806710ffffff,885.9,TRUE
870806711ffffff,336,TRUE
870806712ffffff,127.2,TRUE
870806713ffffff,1061.1,FALSE
870806714ffffff,0,TRUE
870806715ffffff,141.2,TRUE
870806716ffffff,171.4,TRUE
870806718ffffff,0,TRUE
870806719ffffff,21.4,TRUE
87080671affffff,115.1,TRUE
87080671bffffff,0,TRUE
87080671cffffff,21.3,TRUE
87080671dffffff,0,TRUE
87080671effffff,484.6,TRUE
870806720ffffff,1625,FALSE
870806721ffffff,908.6,TRUE
870806722ffffff,688.3,TRUE
870806723ffffff,717.7,TRUE
870806724ffffff,1663.9,FALSE
870806725ffffff,2873.5,FALSE
870806726ffffff,33.1,TRUE
870806728ffffff,432.9,TRUE
870806729ffffff,763.6,TRUE
87080672affffff,283.8,TRUE
87080672bffffff,207.5,TRUE
87080672dffffff,621.9,TRUE
87080672effffff,0,TRUE
870806730ffffff,0,TRUE
870806731ffffff,0,TRUE
870806732ffffff,45.8,TRUE
870806733ffffff,0,TRUE
870806734ffffff,0,TRUE
870806735ffffff,0,TRUE
870806736ffffff,0,TRUE
870806740ffffff,0,TRUE
870806741ffffff,0,TRUE
870806742ffffff,0,TRUE
870806743ffffff,0,TRUE
870806744ffffff,0,TRUE
870806745ffffff,325.7,TRUE
870806746ffffff,0,TRUE
870806748ffffff,169.6,TRUE
870806749ffffff,1206.8,FALSE
87080674affffff,163.9,TRUE
87080674bffffff,336.4,TRUE
87080674cffffff,151.5,TRUE
87080674dffffff,1569.8,FALSE
87080674effffff,0,TRUE
870806750ffffff,0,TRUE
870806751ffffff,0,TRUE
870806752ffffff,0,TRUE
870806753ffffff,0,TRUE
870806754ffffff,0,TRUE
870806755ffffff,0,TRUE
870806756ffffff,90.4,TRUE
870806758ffffff,0,TRUE
870806759ffffff,0,TRUE
87080675affffff,0,TRUE
87080675bffffff,0,TRUE
87080675cffffff,44.7,TRUE
87080675dffffff,0,TRUE
87080675effffff,0,TRUE
870806760ffffff,0,TRUE
870806761ffffff,0,TRUE
870806762ffffff,10.4,TRUE
870806763ffffff,141.3,TRUE
870806764ffffff,0,TRUE
870806765ffffff,0,TRUE
870806766ffffff,0,TRUE
870806768ffffff,743.1,TRUE
870806769ffffff,796.8,TRUE
87080676affffff,741.7,TRUE
87080676bffffff,537.4,TRUE
87080676cffffff,0,TRUE
87080676dffffff,0,TRUE
87080676effffff,172.6,TRUE
870806770ffffff,0,TRUE
870806771ffffff,0,TRUE
870806772ffffff,0,TRUE
870806773ffffff,0,TRUE
870806774ffffff,207.2,TRUE
870806775ffffff,0,TRUE
870806776ffffff,60.5,TRUE
870806780ffffff,0,TRUE
870806781ffffff,47.6,TRUE
870806782ffffff,615.8,TRUE
870806783ffffff,713.6,TRUE
870806784ffffff,0,TRUE
870806785ffffff,230.3,TRUE
870806786ffffff,0,TRUE
870806788ffffff,2194.5,FALSE
870806789ffffff,1624.9,FALSE
87080678affffff,1291.2,FALSE
87080678bffffff,190.7,TRUE
87080678cffffff,1170.4,FALSE
87080678dffffff,836.3,TRUE
87080678effffff,1360.2,FALSE
870806790ffffff,350.8,TRUE
870806791ffffff,366.3,TRUE
870806792ffffff,107.4,TRUE
870806793ffffff,634.6,TRUE
870806794ffffff,0,TRUE
870806795ffffff,0,TRUE
870806796ffffff,294,TRUE
870806798ffffff,0,TRUE
870806799ffffff,0,TRUE
87080679affffff,510.4,TRUE
87080679bffffff,0,TRUE
87080679cffffff,1090.8,FALSE
87080679dffffff,537.2,TRUE
87080679effffff,120.8,TRUE
8708067a0ffffff,0,TRUE
8708067a1ffffff,44.6,TRUE
8708067a2ffffff,0,TRUE
8708067a3ffffff,0,TRUE
8708067a4ffffff,0,TRUE
8708067a5ffffff,303.7,TRUE
8708067a6ffffff,0,TRUE
8708067a8ffffff,275.2,TRUE
8708067a9ffffff,0,TRUE
8708067aaffffff,0,TRUE
8708067abffffff,300.5,TRUE
8708067acffffff,0,TRUE
8708067adffffff,1112,FALSE
8708067aeffffff,132.6,TRUE
8708067b0ffffff,0,TRUE
8708067b1ffffff,0,TRUE
8708067b2ffffff,129.7,TRUE
8708067b3ffffff,0,TRUE
8708067b4ffffff,24.9,TRUE
8708067b5ffffff,220.9,TRUE
8708067b6ffffff,0,TRUE
870806880ffffff,38834.8,FALSE
87080688effffff,37432.2,FALSE
870806891ffffff,34983.9,FALSE
870806892ffffff,33066.6,FALSE
870806893ffffff,33099.4,FALSE
870806896ffffff,34897.1,FALSE
870806898ffffff,33452.9,FALSE
87080689affffff,31494.1,FALSE
87080689cffffff,35164,FALSE
87080689effffff,33228.5,FALSE
870806c61ffffff,31279.2,FALSE
870806c64ffffff,33291,FALSE
870806c65ffffff,33130.6,FALSE
870806c6cffffff,31248.7,FALSE
870806c89ffffff,15151.4,FALSE
870806c92ffffff,12726.6,FALSE
870806c9affffff,12483,FALSE
870806cc0ffffff,14277.3,FALSE
870806cc2ffffff,12900.6,FALSE
870806cc3ffffff,12357.8,FALSE
870806cc6ffffff,14828.2,FALSE
870806ccaffffff,10187.6,FALSE
870806cd1ffffff,11614.2,FALSE
870806cd4ffffff,14256.9,FALSE
870806cd5ffffff,13542.5,FALSE
870806cd8ffffff,9048.6,FALSE
870806cd9ffffff,8531.9,FALSE
870806cdcffffff,10974,FALSE
870806cddffffff,10441.9,FALSE
870806cf2ffffff,16172.6,FALSE
870806cf3ffffff,15471.4,FALSE
870806d2bffffff,30544.4,FALSE
870806d43ffffff,37104.6,FALSE
870806d49ffffff,36738.4,FALSE
870806d4affffff,35176.5,FALSE
870806d4bffffff,34991.2,FALSE
870806d4effffff,37067.2,FALSE
870806d5cffffff,35527.7,FALSE
870806d5dffffff,35451.5,FALSE
870806d70ffffff,33777.2,FALSE
870806d76ffffff,32151.6,FALSE
870806d92ffffff,10199.2,FALSE
870806da0ffffff,15041.1,FALSE
870806da4ffffff,15135.5,FALSE
870806da5ffffff,16770.4,FALSE
870806da6ffffff,13348.9,FALSE
870806db0ffffff,10212.4,FALSE
870806db4ffffff,9957.7,FALSE
870806db5ffffff,11687.5,FALSE
870810000ffffff,440.7,TRUE
870810001ffffff,1814.9,FALSE
870810002ffffff,733.1,TRUE
870810003ffffff,2156.1,FALSE
870810004ffffff,104.7,TRUE
870810005ffffff,0,TRUE
870810006ffffff,655.5,TRUE
870810008ffffff,4122.3,FALSE
870810009ffffff,5240.3,FALSE
87081000affffff,5576.8,FALSE
87081000bffffff,6266.5,FALSE
87081000cffffff,2058.6,FALSE
87081000dffffff,3072.7,FALSE
87081000effffff,3739.8,FALSE
870810010ffffff,0,TRUE
870810011ffffff,39.4,TRUE
870810012ffffff,0,TRUE
870810013ffffff,93.4,TRUE
870810014ffffff,0,TRUE
870810015ffffff,32.4,TRUE
870810016ffffff,0,TRUE
870810018ffffff,2483.1,FALSE
870810019ffffff,4191.9,FALSE
87081001affffff,1140.8,FALSE
87081001bffffff,2504.4,FALSE
87081001cffffff,2011.4,FALSE
87081001dffffff,3982.9,FALSE
87081001effffff,897.3,TRUE
870810020ffffff,0,TRUE
870810021ffffff,0,TRUE
870810022ffffff,223.9,TRUE
870810023ffffff,0,TRUE
870810024ffffff,1332.3,FALSE
870810025ffffff,31.3,TRUE
870810026ffffff,253.8,TRUE
870810028ffffff,468,TRUE
870810029ffffff,69.3,TRUE
87081002affffff,598.7,TRUE
87081002bffffff,953.7,TRUE
87081002cffffff,288.7,TRUE
87081002dffffff,141.7,TRUE
87081002effffff,8.3,TRUE
870810030ffffff,33.7,TRUE
870810031ffffff,464.2,TRUE
870810032ffffff,0,TRUE
870810033ffffff,663.7,TRUE
870810034ffffff,0,TRUE
870810035ffffff,0,TRUE
870810036ffffff,0,TRUE
870810040ffffff,6297.9,FALSE
870810042ffffff,7905.2,FALSE
870810044ffffff,4531.1,FALSE
870810045ffffff,4535.3,FALSE
870810046ffffff,5741.8,FALSE
870810050ffffff,8349.2,FALSE
870810054ffffff,6350.8,FALSE
870810055ffffff,6984.3,FALSE
870810056ffffff,7416,FALSE
870810060ffffff,1350.3,FALSE
870810061ffffff,1288.4,FALSE
870810062ffffff,2618.2,FALSE
870810063ffffff,2799.2,FALSE
870810064ffffff,34.6,TRUE
870810065ffffff,0,TRUE
870810066ffffff,617.8,TRUE
870810068ffffff,3250.7,FALSE
870810069ffffff,4040.6,FALSE
87081006affffff,4883,FALSE
87081006bffffff,5292.6,FALSE
87081006cffffff,1447,FALSE
87081006dffffff,1865.7,FALSE
87081006effffff,2863.7,FALSE
870810070ffffff,2835.6,FALSE
870810071ffffff,3599.1,FALSE
870810072ffffff,4232.7,FALSE
870810073ffffff,4863.6,FALSE
870810074ffffff,1121.8,TRUE
870810075ffffff,1518.6,FALSE
870810076ffffff,2075.5,FALSE
870810080ffffff,631.7,TRUE
870810084ffffff,0,TRUE
870810085ffffff,0,TRUE
870810086ffffff,335.3,TRUE
8708100a0ffffff,0,TRUE
8708100a1ffffff,0,TRUE
8708100a2ffffff,1130.6,TRUE
8708100a3ffffff,0,TRUE
8708100a4ffffff,0,TRUE
8708100a5ffffff,0,TRUE
8708100a6ffffff,0,TRUE
8708100a8ffffff,0,TRUE
8708100a9ffffff,291.2,TRUE
8708100aaffffff,0,TRUE
8708100abffffff,0,TRUE
8708100acffffff,114.7,TRUE
8708100adffffff,0,TRUE
8708100aeffffff,0,TRUE
8708100b0ffffff,0,TRUE
8708100b1ffffff,0,TRUE
8708100b2ffffff,0,TRUE
8708100b3ffffff,0,TRUE
8708100b4ffffff,210.6,TRUE
8708100b5ffffff,1365.9,FALSE
8708100b6ffffff,0,TRUE
8708100e0ffffff,5276.1,FALSE
8708100e4ffffff,5314.1,FALSE
8708100e5ffffff,6737.9,FALSE
8708100e6ffffff,3628.9,FALSE
8708100f4ffffff,672.2,TRUE
8708100f5ffffff,2201.9,FALSE
8708100f6ffffff,515.2,TRUE
870810100ffffff,5155.1,FALSE
870810101ffffff,5590.4,FALSE
870810102ffffff,3378.1,FALSE
870810103ffffff,3756.3,FALSE
870810104ffffff,3448.8,FALSE
870810105ffffff,4964.7,FALSE
870810106ffffff,3242.9,FALSE
870810108ffffff,4210.5,FALSE
870810109ffffff,2958.2,FALSE
87081010affffff,3507.7,FALSE
87081010bffffff,2090.4,FALSE
87081010cffffff,6371.2,FALSE
87081010dffffff,5120.4,FALSE
87081010effffff,4838.5,FALSE
870810110ffffff,1835.1,FALSE
870810111ffffff,1688.3,FALSE
870810112ffffff,39.2,TRUE
870810113ffffff,564.5,TRUE
870810114ffffff,710.3,TRUE
870810115ffffff,2567,FALSE
870810116ffffff,456.7,TRUE
870810118ffffff,1920.1,FALSE
870810119ffffff,2429.6,FALSE
87081011affffff,568,TRUE
87081011bffffff,1236.8,FALSE
87081011cffffff,1922.3,FALSE
87081011dffffff,3207.9,FALSE
87081011effffff,111.1,TRUE
870810120ffffff,1019.7,TRUE
870810121ffffff,2991.5,FALSE
870810122ffffff,1275.4,FALSE
870810123ffffff,2926.2,FALSE
870810124ffffff,1255.5,FALSE
870810125ffffff,2126,FALSE
870810126ffffff,6.3,TRUE
870810128ffffff,3442.4,FALSE
870810129ffffff,3402,FALSE
87081012affffff,5274.5,FALSE
87081012bffffff,5004.7,FALSE
87081012cffffff,2721.8,FALSE
87081012dffffff,1613.4,FALSE
87081012effffff,4450.9,FALSE
870810130ffffff,1724.8,FALSE
870810131ffffff,2501.5,FALSE
870810132ffffff,131.6,TRUE
870810133ffffff,1481.9,FALSE
870810134ffffff,189.2,TRUE
870810135ffffff,955.8,TRUE
870810136ffffff,871.5,TRUE
870810140ffffff,0,TRUE
870810141ffffff,0,TRUE
870810142ffffff,0,TRUE
870810143ffffff,554.7,TRUE
870810144ffffff,4.4,TRUE
870810145ffffff,354.2,TRUE
870810146ffffff,0,TRUE
870810148ffffff,0,TRUE
870810149ffffff,24.4,TRUE
87081014affffff,0,TRUE
87081014bffffff,0,TRUE
87081014cffffff,90.6,TRUE
87081014dffffff,0,TRUE
87081014effffff,0,TRUE
870810150ffffff,160.5,TRUE
870810151ffffff,0,TRUE
870810152ffffff,0,TRUE
870810153ffffff,0,TRUE
870810154ffffff,2147.5,FALSE
870810155ffffff,238.9,TRUE
870810156ffffff,839.2,TRUE
870810158ffffff,0,TRUE
870810159ffffff,0,TRUE
87081015affffff,275.2,TRUE
87081015bffffff,95.1,TRUE
87081015cffffff,0,TRUE
87081015dffffff,188,TRUE
87081015effffff,103.9,TRUE
870810160ffffff,3420.4,FALSE
870810161ffffff,3197.3,FALSE
870810162ffffff,2175.5,FALSE
870810163ffffff,1475.2,FALSE
870810164ffffff,5522.1,FALSE
870810165ffffff,4953.8,FALSE
870810166ffffff,4353.1,FALSE
870810168ffffff,1733.5,FALSE
870810169ffffff,731.4,TRUE
87081016affffff,0,TRUE
87081016bffffff,1122.5,FALSE
87081016cffffff,3009.5,FALSE
87081016dffffff,1487,FALSE
87081016effffff,1478.6,FALSE
870810170ffffff,3400.3,FALSE
870810171ffffff,1786,FALSE
870810172ffffff,3545.6,FALSE
870810173ffffff,1588.5,FALSE
870810174ffffff,4366.1,FALSE
870810175ffffff,3707.7,FALSE
870810176ffffff,5217.5,FALSE
870810180ffffff,174.8,TRUE
870810181ffffff,0,TRUE
870810182ffffff,0,TRUE
870810183ffffff,258.1,TRUE
870810184ffffff,0,TRUE
870810185ffffff,574.7,TRUE
870810186ffffff,0,TRUE
870810188ffffff,0,TRUE
870810189ffffff,0,TRUE
87081018affffff,0,TRUE
87081018bffffff,0,TRUE
87081018cffffff,0,TRUE
87081018dffffff,0,TRUE
87081018effffff,210.2,TRUE
870810190ffffff,595.5,TRUE
870810191ffffff,0,TRUE
870810192ffffff,0,TRUE
870810193ffffff,0,TRUE
870810194ffffff,204.2,TRUE
870810195ffffff,105.8,TRUE
870810196ffffff,146.4,TRUE
870810198ffffff,310.3,TRUE
870810199ffffff,245.2,TRUE
87081019affffff,0,TRUE
87081019bffffff,1040.3,TRUE
87081019cffffff,694.5,TRUE
87081019dffffff,361.8,TRUE
87081019effffff,0,TRUE
8708101a0ffffff,128.4,TRUE
8708101a1ffffff,419,TRUE
8708101a2ffffff,0,TRUE
8708101a3ffffff,0,TRUE
8708101a4ffffff,623.4,TRUE
8708101a5ffffff,130.6,TRUE
8708101a6ffffff,780.5,TRUE
8708101a8ffffff,0,TRUE
8708101a9ffffff,0,TRUE
8708101aaffffff,0,TRUE
8708101abffffff,0,TRUE
8708101acffffff,0,TRUE
8708101adffffff,0,TRUE
8708101aeffffff,484.2,TRUE
8708101b0ffffff,0,TRUE
8708101b1ffffff,0,TRUE
8708101b2ffffff,0,TRUE
8708101b3ffffff,0,TRUE
8708101b4ffffff,0,TRUE
8708101b5ffffff,58,TRUE
8708101b6ffffff,0,TRUE
870810304ffffff,2309.3,FALSE
870810305ffffff,3728.1,FALSE
870810320ffffff,261.9,TRUE
870810321ffffff,2177.6,FALSE
870810322ffffff,198.5,TRUE
870810323ffffff,1844.4,FALSE
870810324ffffff,0,TRUE
870810325ffffff,495.8,TRUE
870810326ffffff,294.7,TRUE
870810328ffffff,5177.5,FALSE
87081032affffff,5492.7,FALSE
87081032cffffff,3859.3,FALSE
87081032dffffff,3388.5,FALSE
87081032effffff,3798.5,FALSE
870810330ffffff,3029.7,FALSE
870810331ffffff,1998.9,FALSE
870810334ffffff,3167.3,FALSE
870810335ffffff,1477.8,FALSE
870810336ffffff,4585,FALSE
870810400ffffff,2703.1,FALSE
870810402ffffff,2213.6,FALSE
870810404ffffff,1622.3,FALSE
870810405ffffff,2397.1,FALSE
870810406ffffff,768.8,TRUE
870810410ffffff,1276.8,FALSE
870810411ffffff,2797.3,FALSE
870810412ffffff,854.2,TRUE
870810414ffffff,0,TRUE
870810415ffffff,608.5,TRUE
870810416ffffff,0,TRUE
870810420ffffff,0,TRUE
870810421ffffff,524.6,TRUE
870810422ffffff,318.5,TRUE
870810423ffffff,274.8,TRUE
870810424ffffff,0,TRUE
870810425ffffff,0,TRUE
870810426ffffff,839.1,TRUE
870810428ffffff,4085.8,FALSE
87081042affffff,4020,FALSE
87081042cffffff,2478.9,FALSE
87081042dffffff,4432.5,FALSE
87081042effffff,2153.4,FALSE
870810430ffffff,0,TRUE
870810431ffffff,135,TRUE
870810432ffffff,453.2,TRUE
870810433ffffff,0,TRUE
870810434ffffff,0,TRUE
870810435ffffff,0,TRUE
870810436ffffff,70.1,TRUE
8708104a0ffffff,1552.2,FALSE
8708104a1ffffff,2031,FALSE
8708104a2ffffff,808.5,TRUE
8708104a4ffffff,1740.4,FALSE
8708104a5ffffff,364.7,TRUE
8708104a6ffffff,11.9,TRUE
8708104b0ffffff,0,TRUE
8708104b1ffffff,0,TRUE
8708104b2ffffff,0,TRUE
8708104b4ffffff,0,TRUE
8708104b5ffffff,0,TRUE
8708104b6ffffff,0,TRUE
870810500ffffff,0,TRUE
870810501ffffff,0,TRUE
870810502ffffff,0,TRUE
870810503ffffff,24.9,TRUE
870810504ffffff,0,TRUE
870810505ffffff,0,TRUE
870810506ffffff,0,TRUE
870810508ffffff,0,TRUE
870810509ffffff,87.6,TRUE
87081050affffff,0,TRUE
87081050bffffff,0,TRUE
87081050cffffff,347,TRUE
87081050dffffff,325.1,TRUE
87081050effffff,0,TRUE
870810510ffffff,0,TRUE
870810511ffffff,0,TRUE
870810512ffffff,0,TRUE
870810513ffffff,0,TRUE
870810514ffffff,0,TRUE
870810515ffffff,0,TRUE
870810516ffffff,0,TRUE
870810518ffffff,0,TRUE
870810519ffffff,0,TRUE
87081051affffff,0,TRUE
87081051bffffff,125.6,TRUE
87081051cffffff,0,TRUE
87081051dffffff,0,TRUE
87081051effffff,0,TRUE
870810520ffffff,0,TRUE
870810521ffffff,530.1,TRUE
870810522ffffff,0,TRUE
870810523ffffff,65.9,TRUE
870810524ffffff,0,TRUE
870810525ffffff,0,TRUE
870810526ffffff,204,TRUE
870810528ffffff,446.9,TRUE
870810529ffffff,905.1,TRUE
87081052affffff,63.4,TRUE
87081052bffffff,1022.5,TRUE
87081052cffffff,547.5,TRUE
87081052dffffff,265.7,TRUE
87081052effffff,13.7,TRUE
870810530ffffff,437.6,TRUE
870810531ffffff,0,TRUE
870810532ffffff,0,TRUE
870810533ffffff,0,TRUE
870810534ffffff,786.4,TRUE
870810535ffffff,596.8,TRUE
870810536ffffff,1475.7,FALSE
870810540ffffff,1897.9,FALSE
870810541ffffff,2397.8,FALSE
870810542ffffff,3431.9,FALSE
870810543ffffff,3981.4,FALSE
870810544ffffff,175.8,TRUE
870810545ffffff,804.5,TRUE
870810546ffffff,1271.6,FALSE
870810548ffffff,1084.7,FALSE
870810549ffffff,501.5,TRUE
87081054affffff,2826.2,FALSE
87081054cffffff,891.8,TRUE
87081054dffffff,0,TRUE
87081054effffff,2681.1,FALSE
870810550ffffff,1218.7,FALSE
870810551ffffff,3199,FALSE
870810552ffffff,826.1,TRUE
870810553ffffff,2761.1,FALSE
870810554ffffff,64.5,TRUE
870810555ffffff,1823.1,FALSE
870810556ffffff,0,TRUE
870810558ffffff,5837.2,FALSE
87081055affffff,6385.6,FALSE
87081055cffffff,5179,FALSE
87081055dffffff,4208.7,FALSE
87081055effffff,4662.5,FALSE
870810560ffffff,643,TRUE
870810561ffffff,323.3,TRUE
870810562ffffff,26.8,TRUE
870810563ffffff,0,TRUE
870810564ffffff,0.5,TRUE
870810565ffffff,217.5,TRUE
870810566ffffff,343.4,TRUE
870810568ffffff,255.8,TRUE
870810569ffffff,0,TRUE
87081056affffff,1208.3,FALSE
87081056bffffff,0,TRUE
87081056cffffff,293.8,TRUE
87081056dffffff,0,TRUE
87081056effffff,195.7,TRUE
870810570ffffff,209.5,TRUE
870810571ffffff,0,TRUE
870810572ffffff,748.3,TRUE
870810573ffffff,0,TRUE
870810574ffffff,576.9,TRUE
870810575ffffff,163.7,TRUE
870810576ffffff,601.8,TRUE
870810580ffffff,0,TRUE
870810581ffffff,0,TRUE
870810582ffffff,0,TRUE
870810583ffffff,0,TRUE
870810584ffffff,842.1,TRUE
870810585ffffff,964.6,TRUE
870810588ffffff,0,TRUE
870810589ffffff,0,TRUE
87081058affffff,0,TRUE
87081058bffffff,563.9,TRUE
87081058cffffff,22.5,TRUE
87081058dffffff,0,TRUE
87081058effffff,0,TRUE
870810598ffffff,0,TRUE
870810599ffffff,0,TRUE
87081059affffff,0,TRUE
87081059bffffff,0,TRUE
87081059cffffff,0,TRUE
87081059dffffff,0,TRUE
87081059effffff,0,TRUE
8708105a0ffffff,1018.4,TRUE
8708105a1ffffff,0,TRUE
8708105a2ffffff,135.9,TRUE
8708105a3ffffff,355.3,TRUE
8708105a4ffffff,1645.1,FALSE
8708105a5ffffff,0,TRUE
8708105a8ffffff,0,TRUE
8708105a9ffffff,0,TRUE
8708105aaffffff,0,TRUE
8708105abffffff,0,TRUE
8708105acffffff,0,TRUE
8708105adffffff,107.7,TRUE
8708105aeffffff,276.6,TRUE
870810800ffffff,275.2,TRUE
870810801ffffff,0,TRUE
870810802ffffff,129.4,TRUE
870810803ffffff,0,TRUE
870810804ffffff,644.2,TRUE
870810805ffffff,142.4,TRUE
870810806ffffff,325.2,TRUE
870810808ffffff,230.7,TRUE
870810809ffffff,737.7,TRUE
87081080affffff,0,TRUE
87081080bffffff,0,TRUE
87081080cffffff,0,TRUE
87081080dffffff,0,TRUE
87081080effffff,0,TRUE
870810810ffffff,79.9,TRUE
870810811ffffff,706.6,TRUE
870810812ffffff,1141.2,FALSE
870810813ffffff,2165.3,FALSE
870810814ffffff,0,TRUE
870810815ffffff,0,TRUE
870810816ffffff,0,TRUE
870810818ffffff,1203.5,TRUE
870810819ffffff,0,TRUE
87081081affffff,297.4,TRUE
87081081bffffff,0,TRUE
87081081cffffff,918.9,TRUE
87081081dffffff,0,TRUE
87081081effffff,2424.7,FALSE
870810820ffffff,2535.9,FALSE
870810821ffffff,2644.4,FALSE
870810822ffffff,2469.3,FALSE
870810823ffffff,2315.6,FALSE
870810824ffffff,1680.5,FALSE
870810825ffffff,822.7,TRUE
870810826ffffff,3340,FALSE
870810828ffffff,0,TRUE
870810829ffffff,0,TRUE
87081082affffff,0,TRUE
87081082bffffff,0,TRUE
87081082cffffff,678.9,TRUE
87081082dffffff,393.4,TRUE
87081082effffff,1178.6,FALSE
870810830ffffff,1654.7,FALSE
870810831ffffff,1498.8,FALSE
870810832ffffff,1502.4,FALSE
870810833ffffff,243.7,TRUE
870810834ffffff,893.5,TRUE
870810835ffffff,2802.6,FALSE
870810836ffffff,0,TRUE
870810840ffffff,0,TRUE
870810841ffffff,0,TRUE
870810842ffffff,0,TRUE
870810843ffffff,0,TRUE
870810844ffffff,538.7,TRUE
870810845ffffff,0,TRUE
870810846ffffff,1436.7,FALSE
870810848ffffff,2165.2,FALSE
870810849ffffff,4077.5,FALSE
87081084affffff,1833.4,FALSE
87081084bffffff,3760.7,FALSE
87081084cffffff,1141.2,FALSE
87081084dffffff,2824.5,FALSE
87081084effffff,481.1,TRUE
870810850ffffff,2529.9,FALSE
870810851ffffff,1198.6,FALSE
870810852ffffff,1085.3,FALSE
870810853ffffff,2024.5,FALSE
870810854ffffff,2434.6,FALSE
870810855ffffff,1679.6,FALSE
870810856ffffff,854,TRUE
870810858ffffff,249.7,TRUE
870810859ffffff,1187.6,FALSE
87081085affffff,1735.1,FALSE
87081085bffffff,1817.1,FALSE
87081085cffffff,286.9,TRUE
87081085dffffff,0,TRUE
87081085effffff,2051.3,FALSE
870810860ffffff,0,TRUE
870810861ffffff,0,TRUE
870810862ffffff,0,TRUE
870810863ffffff,280.2,TRUE
870810864ffffff,208.6,TRUE
870810865ffffff,0,TRUE
870810866ffffff,198.9,TRUE
870810868ffffff,0,TRUE
870810869ffffff,1748.7,FALSE
87081086affffff,0,TRUE
87081086bffffff,1356,FALSE
87081086cffffff,0,TRUE
87081086dffffff,1029.6,FALSE
87081086effffff,0,TRUE
870810870ffffff,0,TRUE
870810871ffffff,169.7,TRUE
870810872ffffff,899.5,TRUE
870810873ffffff,1026,TRUE
870810874ffffff,0,TRUE
870810875ffffff,0,TRUE
870810876ffffff,0,TRUE
870810880ffffff,0,TRUE
870810881ffffff,18.3,TRUE
870810882ffffff,0,TRUE
870810883ffffff,1270.7,FALSE
870810884ffffff,470.4,TRUE
870810885ffffff,0,TRUE
870810886ffffff,19.2,TRUE
870810888ffffff,678.6,TRUE
870810889ffffff,0,TRUE
87081088affffff,332.5,TRUE
87081088bffffff,1.2,TRUE
87081088cffffff,176.1,TRUE
87081088dffffff,0,TRUE
87081088effffff,1256.7,FALSE
870810890ffffff,88.5,TRUE
870810891ffffff,0,TRUE
870810892ffffff,0,TRUE
870810893ffffff,230.9,TRUE
870810894ffffff,42.1,TRUE
870810895ffffff,420.6,TRUE
870810896ffffff,0,TRUE
870810898ffffff,0,TRUE
870810899ffffff,1145.6,FALSE
87081089affffff,0,TRUE
87081089bffffff,298.4,TRUE
87081089cffffff,501.6,TRUE
87081089dffffff,224.6,TRUE
87081089effffff,0,TRUE
8708108a0ffffff,490.8,TRUE
8708108a1ffffff,1780.6,FALSE
8708108a2ffffff,1975.4,FALSE
8708108a3ffffff,1846.1,FALSE
8708108a4ffffff,0,TRUE
8708108a5ffffff,0,TRUE
8708108a6ffffff,1410,FALSE
8708108a8ffffff,0,TRUE
8708108a9ffffff,0,TRUE
8708108aaffffff,0,TRUE
8708108abffffff,0,TRUE
8708108acffffff,1776.8,FALSE
8708108adffffff,1287.3,FALSE
8708108aeffffff,615.2,TRUE
8708108b0ffffff,1125.7,FALSE
8708108b1ffffff,244.4,TRUE
8708108b2ffffff,66.5,TRUE
8708108b3ffffff,0,TRUE
8708108b4ffffff,1547.1,FALSE
8708108b5ffffff,2008.2,FALSE
8708108b6ffffff,1222.5,FALSE
8708108c0ffffff,1016.7,FALSE
8708108c1ffffff,2969.4,FALSE
8708108c2ffffff,556,TRUE
8708108c3ffffff,2182.7,FALSE
8708108c4ffffff,533.6,TRUE
8708108c5ffffff,1939.9,FALSE
8708108c6ffffff,0,TRUE
8708108c8ffffff,5643.8,FALSE
8708108c9ffffff,7476.8,FALSE
8708108caffffff,4507.6,FALSE
8708108cbffffff,6447.9,FALSE
8708108ccffffff,4896.2,FALSE
8708108cdffffff,6137.1,FALSE
8708108ceffffff,3831.3,FALSE
8708108d0ffffff,611.8,TRUE
8708108d1ffffff,165.5,TRUE
8708108d2ffffff,2042.5,FALSE
8708108d3ffffff,1049,FALSE
8708108d4ffffff,866.8,TRUE
8708108d5ffffff,0,TRUE
8708108d6ffffff,649.2,TRUE
8708108d8ffffff,1987.6,FALSE
8708108d9ffffff,3871.3,FALSE
8708108daffffff,2195.3,FALSE
8708108dbffffff,3846.6,FALSE
8708108dcffffff,806,TRUE
8708108ddffffff,2604.9,FALSE
8708108deffffff,247.8,TRUE
8708108e0ffffff,23.4,TRUE
8708108e1ffffff,51.8,TRUE
8708108e2ffffff,729.9,TRUE
8708108e3ffffff,830.3,TRUE
8708108e4ffffff,705.7,TRUE
8708108e5ffffff,0,TRUE
8708108e6ffffff,328.6,TRUE
8708108e8ffffff,1944.7,FALSE
8708108e9ffffff,3547.4,FALSE
8708108eaffffff,2729,FALSE
8708108ebffffff,3998.3,FALSE
8708108ecffffff,231.3,TRUE
8708108edffffff,2149.9,FALSE
8708108eeffffff,562.1,TRUE
8708108f0ffffff,0,TRUE
8708108f1ffffff,0,TRUE
8708108f2ffffff,0,TRUE
8708108f3ffffff,0,TRUE
8708108f4ffffff,0,TRUE
8708108f5ffffff,0,TRUE
8708108f6ffffff,0,TRUE
870810900ffffff,826.1,TRUE
870810901ffffff,0,TRUE
870810902ffffff,995.4,TRUE
870810903ffffff,1322.2,FALSE
870810904ffffff,393,TRUE
870810905ffffff,334.3,TRUE
870810906ffffff,824.9,TRUE
870810908ffffff,1839.4,FALSE
870810909ffffff,271.2,TRUE
87081090affffff,2367.9,FALSE
87081090bffffff,483,TRUE
87081090cffffff,1005.5,TRUE
87081090dffffff,2411.6,FALSE
87081090effffff,1097.2,TRUE
870810910ffffff,1921.1,FALSE
870810911ffffff,276.3,TRUE
870810912ffffff,935.4,TRUE
870810913ffffff,0,TRUE
870810914ffffff,3907.8,FALSE
870810915ffffff,2373.9,FALSE
870810916ffffff,3045.8,FALSE
870810918ffffff,2942.5,FALSE
870810919ffffff,3456.8,FALSE
87081091affffff,1253,FALSE
87081091bffffff,2168,FALSE
87081091cffffff,905.2,TRUE
87081091dffffff,2645.7,FALSE
87081091effffff,1342.3,FALSE
870810920ffffff,2800.3,FALSE
870810921ffffff,1204.5,FALSE
870810922ffffff,2103.3,FALSE
870810923ffffff,1057.9,TRUE
870810924ffffff,2099.7,FALSE
870810925ffffff,1880.8,FALSE
870810926ffffff,2942.8,FALSE
870810928ffffff,365.5,TRUE
870810929ffffff,2105.8,FALSE
87081092affffff,0,TRUE
87081092bffffff,1898.5,FALSE
87081092cffffff,0,TRUE
87081092dffffff,345.1,TRUE
87081092effffff,0,TRUE
870810930ffffff,3795.5,FALSE
870810931ffffff,1923.2,FALSE
870810932ffffff,4419.5,FALSE
870810933ffffff,2516,FALSE
870810934ffffff,3700.2,FALSE
870810935ffffff,3874.3,FALSE
870810936ffffff,3577.5,FALSE
870810940ffffff,334.8,TRUE
870810941ffffff,0,TRUE
870810942ffffff,0,TRUE
870810943ffffff,0,TRUE
870810944ffffff,1338,FALSE
870810945ffffff,643.9,TRUE
870810946ffffff,1479.2,FALSE
870810948ffffff,36.2,TRUE
870810949ffffff,0,TRUE
87081094affffff,0,TRUE
87081094bffffff,0,TRUE
87081094cffffff,0,TRUE
87081094dffffff,0,TRUE
87081094effffff,0,TRUE
870810950ffffff,0,TRUE
870810951ffffff,330.6,TRUE
870810952ffffff,1057.1,FALSE
870810953ffffff,912.2,TRUE
870810954ffffff,785.8,TRUE
870810955ffffff,839.2,TRUE
870810956ffffff,6.9,TRUE
870810958ffffff,0,TRUE
870810959ffffff,0,TRUE
87081095affffff,0,TRUE
87081095bffffff,0,TRUE
87081095cffffff,666.6,TRUE
87081095dffffff,401.1,TRUE
87081095effffff,881,TRUE
870810960ffffff,0,TRUE
870810961ffffff,308.1,TRUE
870810962ffffff,911.5,TRUE
870810963ffffff,0,TRUE
870810964ffffff,528.6,TRUE
870810965ffffff,632.5,TRUE
870810966ffffff,1686.3,FALSE
870810968ffffff,0,TRUE
870810969ffffff,0,TRUE
87081096affffff,0,TRUE
87081096bffffff,0,TRUE
87081096cffffff,436.7,TRUE
87081096dffffff,0,TRUE
87081096effffff,508.6,TRUE
870810970ffffff,3884.5,FALSE
870810971ffffff,2381.6,FALSE
870810972ffffff,2063.1,FALSE
870810973ffffff,2138.2,FALSE
870810974ffffff,3297.1,FALSE
870810975ffffff,2730.4,FALSE
870810976ffffff,3768.2,FALSE
870810980ffffff,1762.8,FALSE
870810981ffffff,1121.4,FALSE
870810982ffffff,3252,FALSE
870810983ffffff,2470.6,FALSE
870810984ffffff,0,TRUE
870810985ffffff,265.7,TRUE
870810986ffffff,1797.2,FALSE
870810988ffffff,0,TRUE
870810989ffffff,0,TRUE
87081098affffff,44.8,TRUE
87081098bffffff,497.8,TRUE
87081098cffffff,0,TRUE
87081098dffffff,49.8,TRUE
87081098effffff,1036.9,TRUE
870810990ffffff,3068.4,FALSE
870810991ffffff,2672.7,FALSE
870810993ffffff,1245.3,FALSE
870810995ffffff,3617.2,FALSE
870810998ffffff,0,TRUE
870810999ffffff,0,TRUE
87081099affffff,218.3,TRUE
87081099bffffff,6.6,TRUE
87081099cffffff,1740.8,FALSE
87081099dffffff,679.7,TRUE
87081099effffff,564.2,TRUE
8708109a0ffffff,1330.8,FALSE
8708109a1ffffff,110.6,TRUE
8708109a2ffffff,1000.5,FALSE
8708109a3ffffff,39.4,TRUE
8708109a4ffffff,3502.1,FALSE
8708109a5ffffff,2000.8,FALSE
8708109a6ffffff,2834.7,FALSE
8708109a8ffffff,210.7,TRUE
8708109a9ffffff,161.3,TRUE
8708109aaffffff,0,TRUE
8708109abffffff,590.6,TRUE
8708109acffffff,79.9,TRUE
8708109adffffff,1138.2,TRUE
8708109aeffffff,0,TRUE
8708109b1ffffff,1802.3,FALSE
8708109b3ffffff,3077.7,FALSE
870810a00ffffff,0,TRUE
870810a01ffffff,0,TRUE
870810a02ffffff,0,TRUE
870810a03ffffff,0,TRUE
870810a04ffffff,0,TRUE
870810a05ffffff,82.2,TRUE
870810a06ffffff,0,TRUE
870810a08ffffff,843.6,TRUE
870810a09ffffff,1730.4,FALSE
870810a0affffff,2636.2,FALSE
870810a0bffffff,2778.3,FALSE
870810a0cffffff,664.1,TRUE
870810a0dffffff,0,TRUE
870810a0effffff,1499.3,FALSE
870810a10ffffff,1843.4,FALSE
870810a11ffffff,0,TRUE
870810a12ffffff,1535.5,FALSE
870810a13ffffff,1654.9,FALSE
870810a14ffffff,11,TRUE
870810a15ffffff,799.9,TRUE
870810a16ffffff,333.9,TRUE
870810a18ffffff,1896.5,FALSE
870810a19ffffff,2987.7,FALSE
870810a1affffff,3062.2,FALSE
870810a1bffffff,2160.9,FALSE
870810a1cffffff,318.3,TRUE
870810a1dffffff,1237.9,FALSE
870810a1effffff,1707.4,FALSE
870810a20ffffff,0,TRUE
870810a21ffffff,0,TRUE
870810a22ffffff,29.9,TRUE
870810a23ffffff,0,TRUE
870810a24ffffff,0,TRUE
870810a25ffffff,25.9,TRUE
870810a26ffffff,0,TRUE
870810a28ffffff,0,TRUE
870810a29ffffff,350.2,TRUE
870810a2affffff,0,TRUE
870810a2bffffff,0,TRUE
870810a2cffffff,0,TRUE
870810a2dffffff,0,TRUE
870810a2effffff,68.8,TRUE
870810a30ffffff,188,TRUE
870810a31ffffff,0,TRUE
870810a32ffffff,0,TRUE
870810a33ffffff,0,TRUE
870810a34ffffff,0,TRUE
870810a35ffffff,0,TRUE
870810a36ffffff,0,TRUE
870810a40ffffff,334.5,TRUE
870810a41ffffff,2236.3,FALSE
870810a42ffffff,176.1,TRUE
870810a43ffffff,1496.4,FALSE
870810a44ffffff,0,TRUE
870810a45ffffff,1336.6,FALSE
870810a46ffffff,259.7,TRUE
870810a48ffffff,1491.9,FALSE
870810a49ffffff,1417.5,FALSE
870810a4affffff,63.9,TRUE
870810a4bffffff,443.8,TRUE
870810a4cffffff,3093.5,FALSE
870810a4dffffff,3304,FALSE
870810a4effffff,1817.8,FALSE
870810a50ffffff,1085.4,FALSE
870810a51ffffff,294.1,TRUE
870810a52ffffff,2450,FALSE
870810a53ffffff,812.6,TRUE
870810a54ffffff,1797.4,FALSE
870810a55ffffff,208.8,TRUE
870810a56ffffff,2643.5,FALSE
870810a58ffffff,480.2,TRUE
870810a59ffffff,0,TRUE
870810a5affffff,436.5,TRUE
870810a5bffffff,0,TRUE
870810a5cffffff,1309.7,FALSE
870810a5dffffff,556.9,TRUE
870810a5effffff,873.5,TRUE
870810a60ffffff,448.7,TRUE
870810a61ffffff,0,TRUE
870810a62ffffff,340.4,TRUE
870810a63ffffff,0,TRUE
870810a64ffffff,1195.5,FALSE
870810a65ffffff,1230.3,FALSE
870810a66ffffff,472.5,TRUE
870810a68ffffff,2048.9,FALSE
870810a69ffffff,747.5,TRUE
870810a6affffff,2735.8,FALSE
870810a6bffffff,2470,FALSE
870810a6cffffff,175.6,TRUE
870810a6dffffff,258.1,TRUE
870810a6effffff,564.9,TRUE
870810a70ffffff,577.2,TRUE
870810a71ffffff,168.5,TRUE
870810a72ffffff,1561.8,FALSE
870810a73ffffff,1580.9,FALSE
870810a74ffffff,791.3,TRUE
870810a75ffffff,650.5,TRUE
870810a76ffffff,0,TRUE
870810a80ffffff,2413.9,FALSE
870810a81ffffff,4187.8,FALSE
870810a82ffffff,1318.5,FALSE
870810a83ffffff,3275.4,FALSE
870810a84ffffff,1234.4,FALSE
870810a85ffffff,3085.3,FALSE
870810a86ffffff,1028.4,TRUE
870810a88ffffff,2593.1,FALSE
870810a89ffffff,1268.8,FALSE
870810a8affffff,1943.5,FALSE
870810a8bffffff,443.6,TRUE
870810a8cffffff,4259,FALSE
870810a8dffffff,2386.2,FALSE
870810a8effffff,4004.6,FALSE
870810a90ffffff,0,TRUE
870810a91ffffff,1072,FALSE
870810a92ffffff,0,TRUE
870810a93ffffff,0,TRUE
870810a94ffffff,0,TRUE
870810a95ffffff,0,TRUE
870810a96ffffff,0,TRUE
870810a98ffffff,3326.4,FALSE
870810a99ffffff,1925.5,FALSE
870810a9affffff,3269.6,FALSE
870810a9bffffff,2195.9,FALSE
870810a9cffffff,2282.5,FALSE
870810a9dffffff,3689.3,FALSE
870810a9effffff,1381,FALSE
870810aa0ffffff,0,TRUE
870810aa1ffffff,878.2,TRUE
870810aa2ffffff,0,TRUE
870810aa3ffffff,1800.4,FALSE
870810aa4ffffff,0,TRUE
870810aa5ffffff,300.8,TRUE
870810aa6ffffff,0,TRUE
870810aa8ffffff,4583.6,FALSE
870810aa9ffffff,2749.7,FALSE
870810aaaffffff,5022.6,FALSE
870810aabffffff,3465.2,FALSE
870810aacffffff,2702.1,FALSE
870810aadffffff,3182.3,FALSE
870810aaeffffff,3038.1,FALSE
870810ab0ffffff,0,TRUE
870810ab1ffffff,0,TRUE
870810ab2ffffff,363.7,TRUE
870810ab3ffffff,0,TRUE
870810ab4ffffff,9.7,TRUE
870810ab5ffffff,0,TRUE
870810ab6ffffff,0,TRUE
870810ac0ffffff,634.5,TRUE
870810ac1ffffff,0,TRUE
870810ac2ffffff,0,TRUE
870810ac3ffffff,219.2,TRUE
870810ac4ffffff,433.8,TRUE
870810ac5ffffff,857.9,TRUE
870810ac6ffffff,1394.5,FALSE
870810ac8ffffff,1947.6,FALSE
870810accffffff,188.2,TRUE
870810acdffffff,1913.1,FALSE
870810aceffffff,543.3,TRUE
870810ad0ffffff,793.8,TRUE
870810ad1ffffff,607.9,TRUE
870810ad2ffffff,1813.3,FALSE
870810ad3ffffff,2216.1,FALSE
870810ad4ffffff,225.3,TRUE
870810ad5ffffff,0,TRUE
870810ad6ffffff,0,TRUE
870810ad8ffffff,2426,FALSE
870810adaffffff,3538.3,FALSE
870810adcffffff,342.9,TRUE
870810addffffff,1870.1,FALSE
870810adeffffff,1623.9,FALSE
870810ae0ffffff,0,TRUE
870810ae1ffffff,1066.3,FALSE
870810ae2ffffff,985.6,TRUE
870810ae3ffffff,0,TRUE
870810ae4ffffff,1431,FALSE
870810ae5ffffff,1345.9,FALSE
870810ae6ffffff,1343.7,FALSE
870810ae8ffffff,958.7,TRUE
870810ae9ffffff,0,TRUE
870810aeaffffff,970.5,TRUE
870810aebffffff,754,TRUE
870810aecffffff,621.6,TRUE
870810aedffffff,142.7,TRUE
870810aeeffffff,1132.2,FALSE
870810af0ffffff,0,TRUE
870810af1ffffff,1916.6,FALSE
870810af2ffffff,739.7,TRUE
870810af3ffffff,1252.3,FALSE
870810af4ffffff,911.3,TRUE
870810af5ffffff,976.9,TRUE
870810af6ffffff,1598.7,FALSE
870810b00ffffff,0,TRUE
870810b01ffffff,0,TRUE
870810b02ffffff,186.1,TRUE
870810b03ffffff,0,TRUE
870810b04ffffff,0,TRUE
870810b05ffffff,0,TRUE
870810b06ffffff,185.5,TRUE
870810b08ffffff,0,TRUE
870810b09ffffff,149.1,TRUE
870810b0affffff,0,TRUE
870810b0bffffff,0,TRUE
870810b0cffffff,0,TRUE
870810b0dffffff,335.9,TRUE
870810b0effffff,0,TRUE
870810b10ffffff,2538.5,FALSE
870810b11ffffff,1600.9,FALSE
870810b12ffffff,3665.3,FALSE
870810b13ffffff,1709.3,FALSE
870810b14ffffff,2231.9,FALSE
870810b15ffffff,743.2,TRUE
870810b16ffffff,3749.9,FALSE
870810b18ffffff,383.8,TRUE
870810b19ffffff,0,TRUE
870810b1affffff,0,TRUE
870810b1bffffff,0,TRUE
870810b1cffffff,148.5,TRUE
870810b1dffffff,0,TRUE
870810b1effffff,157.7,TRUE
870810b20ffffff,0,TRUE
870810b21ffffff,24,TRUE
870810b22ffffff,358.9,TRUE
870810b23ffffff,0,TRUE
870810b24ffffff,0,TRUE
870810b25ffffff,0,TRUE
870810b26ffffff,181.7,TRUE
870810b28ffffff,0,TRUE
870810b29ffffff,0,TRUE
870810b2affffff,0,TRUE
870810b2bffffff,0,TRUE
870810b2cffffff,0,TRUE
870810b2dffffff,54.4,TRUE
870810b2effffff,0,TRUE
870810b30ffffff,3141.4,FALSE
870810b31ffffff,1263.4,FALSE
870810b32ffffff,3366.6,FALSE
870810b33ffffff,1452.1,FALSE
870810b34ffffff,3230.1,FALSE
870810b35ffffff,1738.4,FALSE
870810b36ffffff,3191.9,FALSE
870810b40ffffff,2456.8,FALSE
870810b41ffffff,1936,FALSE
870810b42ffffff,939.4,FALSE
870810b43ffffff,1441.5,FALSE
870810b44ffffff,1567.9,FALSE
870810b45ffffff,767.2,TRUE
870810b46ffffff,1506.8,FALSE
870810b48ffffff,4171.3,FALSE
870810b49ffffff,4253,FALSE
870810b4affffff,2364.1,FALSE
870810b4bffffff,2574,FALSE
870810b4cffffff,2858.5,FALSE
870810b4dffffff,3929.1,FALSE
870810b4effffff,2674.6,FALSE
870810b50ffffff,303.6,TRUE
870810b51ffffff,0,TRUE
870810b52ffffff,274,TRUE
870810b53ffffff,0,TRUE
870810b54ffffff,0,TRUE
870810b55ffffff,1023.9,TRUE
870810b56ffffff,0,TRUE
870810b58ffffff,0,TRUE
870810b59ffffff,625.2,TRUE
870810b5affffff,0,TRUE
870810b5bffffff,163.1,TRUE
870810b5cffffff,0,TRUE
870810b5dffffff,1166.6,FALSE
870810b5effffff,0,TRUE
870810b60ffffff,0,TRUE
870810b61ffffff,30,TRUE
870810b62ffffff,1437.2,FALSE
870810b63ffffff,186.5,TRUE
870810b64ffffff,467.2,TRUE
870810b65ffffff,0,TRUE
870810b66ffffff,1306,FALSE
870810b68ffffff,225.7,TRUE
870810b69ffffff,869.6,TRUE
870810b6affffff,698.4,TRUE
870810b6bffffff,1842.6,FALSE
870810b6cffffff,303.7,TRUE
870810b6dffffff,0,TRUE
870810b6effffff,0,TRUE
870810b70ffffff,1805,FALSE
870810b71ffffff,1729.1,FALSE
870810b72ffffff,744,TRUE
870810b73ffffff,4,TRUE
870810b74ffffff,29.9,TRUE
870810b75ffffff,1778.8,FALSE
870810b76ffffff,353.3,TRUE
870810b80ffffff,2053.8,FALSE
870810b81ffffff,174.6,TRUE
870810b82ffffff,2346.7,FALSE
870810b83ffffff,516.1,TRUE
870810b84ffffff,3871.6,FALSE
870810b85ffffff,2336.8,FALSE
870810b86ffffff,4016.3,FALSE
870810b88ffffff,0,TRUE
870810b89ffffff,0,TRUE
870810b8affffff,0,TRUE
870810b8bffffff,0,TRUE
870810b8cffffff,0,TRUE
870810b8dffffff,0,TRUE
870810b8effffff,410,TRUE
870810b90ffffff,4052.6,FALSE
870810b91ffffff,2510.6,FALSE
870810b92ffffff,4099.4,FALSE
870810b93ffffff,2151.2,FALSE
870810b94ffffff,6137.5,FALSE
870810b95ffffff,4258,FALSE
870810b96ffffff,5819.5,FALSE
870810b98ffffff,0,TRUE
870810b99ffffff,181.3,TRUE
870810b9affffff,1200.5,FALSE
870810b9bffffff,529,TRUE
870810b9cffffff,752.1,TRUE
870810b9dffffff,111.3,TRUE
870810b9effffff,363.8,TRUE
870810ba0ffffff,4820.1,FALSE
870810ba1ffffff,4508.5,FALSE
870810ba2ffffff,5189,FALSE
870810ba3ffffff,4484.9,FALSE
870810ba4ffffff,3147,FALSE
870810ba5ffffff,5105.9,FALSE
870810ba6ffffff,3072.2,FALSE
870810ba8ffffff,1624.1,FALSE
870810ba9ffffff,60.8,TRUE
870810baaffffff,799.4,TRUE
870810babffffff,0,TRUE
870810bacffffff,2544.4,FALSE
870810badffffff,581.4,TRUE
870810baeffffff,2931.8,FALSE
870810bb0ffffff,5241.2,FALSE
870810bb1ffffff,5671.3,FALSE
870810bb2ffffff,6742.4,FALSE
870810bb3ffffff,5981.5,FALSE
870810bb4ffffff,3241.3,FALSE
870810bb5ffffff,3949.2,FALSE
870810bb6ffffff,4928.1,FALSE
870810c00ffffff,1032.6,TRUE
870810c01ffffff,0,TRUE
870810c02ffffff,1200.1,FALSE
870810c03ffffff,47.5,TRUE
870810c04ffffff,0,TRUE
870810c05ffffff,0,TRUE
870810c06ffffff,148.8,TRUE
870810c08ffffff,85.2,TRUE
870810c09ffffff,0,TRUE
870810c0affffff,476.2,TRUE
870810c0bffffff,8.2,TRUE
870810c0cffffff,378.3,TRUE
870810c0dffffff,653.5,TRUE
870810c0effffff,0,TRUE
870810c10ffffff,2895.8,FALSE
870810c11ffffff,1514.4,FALSE
870810c13ffffff,1463.9,FALSE
870810c15ffffff,1105.4,FALSE
870810c18ffffff,0,TRUE
870810c19ffffff,195.5,TRUE
870810c1affffff,0,TRUE
870810c1bffffff,80.4,TRUE
870810c1cffffff,0,TRUE
870810c1dffffff,0,TRUE
870810c1effffff,0,TRUE
870810c20ffffff,0,TRUE
870810c21ffffff,66.6,TRUE
870810c23ffffff,0,TRUE
870810c28ffffff,206.5,TRUE
870810c29ffffff,195.3,TRUE
870810c2affffff,963.2,TRUE
870810c2bffffff,1766.8,FALSE
870810c2cffffff,0,TRUE
870810c2dffffff,0,TRUE
870810c2effffff,0,TRUE
870810c40ffffff,681.9,TRUE
870810c41ffffff,0,TRUE
870810c42ffffff,1911.5,FALSE
870810c43ffffff,0,TRUE
870810c44ffffff,0,TRUE
870810c45ffffff,0,TRUE
870810c46ffffff,315.7,TRUE
870810c48ffffff,0,TRUE
870810c49ffffff,0,TRUE
870810c4affffff,127,TRUE
870810c4bffffff,511.8,TRUE
870810c4cffffff,0,TRUE
870810c4dffffff,0,TRUE
870810c4effffff,0,TRUE
870810c50ffffff,0,TRUE
870810c51ffffff,381.7,TRUE
870810c52ffffff,308.8,TRUE
870810c53ffffff,130.5,TRUE
870810c54ffffff,0,TRUE
870810c55ffffff,923.1,TRUE
870810c56ffffff,0,TRUE
870810c58ffffff,172.6,TRUE
870810c59ffffff,28.7,TRUE
870810c5affffff,0,TRUE
870810c5bffffff,17.7,TRUE
870810c5cffffff,853,TRUE
870810c5dffffff,0,TRUE
870810c5effffff,144.5,TRUE
870810c60ffffff,0,TRUE
870810c61ffffff,0,TRUE
870810c62ffffff,0,TRUE
870810c63ffffff,177.8,TRUE
870810c64ffffff,0,TRUE
870810c65ffffff,0,TRUE
870810c66ffffff,0,TRUE
870810c68ffffff,384.9,TRUE
870810c69ffffff,0,TRUE
870810c6affffff,119.4,TRUE
870810c6bffffff,0,TRUE
870810c6cffffff,0,TRUE
870810c6dffffff,0,TRUE
870810c6effffff,0,TRUE
870810c70ffffff,968.3,TRUE
870810c71ffffff,0,TRUE
870810c72ffffff,0,TRUE
870810c73ffffff,0,TRUE
870810c74ffffff,0,TRUE
870810c75ffffff,0,TRUE
870810c76ffffff,1207.7,FALSE
870810c80ffffff,211.5,TRUE
870810c81ffffff,122.4,TRUE
870810c82ffffff,579.4,TRUE
870810c83ffffff,0,TRUE
870810c84ffffff,0,TRUE
870810c85ffffff,0,TRUE
870810c86ffffff,101.3,TRUE
870810c88ffffff,0,TRUE
870810c89ffffff,0,TRUE
870810c8affffff,0,TRUE
870810c8bffffff,0,TRUE
870810c8cffffff,1310.3,FALSE
870810c8dffffff,0,TRUE
870810c8effffff,352.2,TRUE
870810c90ffffff,0,TRUE
870810c91ffffff,0,TRUE
870810c92ffffff,0,TRUE
870810c93ffffff,797.9,TRUE
870810c95ffffff,0,TRUE
870810c96ffffff,426,TRUE
870810c98ffffff,0,TRUE
870810c99ffffff,305.9,TRUE
870810c9affffff,260.9,TRUE
870810c9bffffff,170.5,TRUE
870810c9cffffff,773.2,TRUE
870810c9dffffff,0,TRUE
870810c9effffff,1329.9,FALSE
870810ca3ffffff,0,TRUE
870810ca8ffffff,0,TRUE
870810ca9ffffff,0,TRUE
870810caaffffff,624.1,TRUE
870810cabffffff,849.9,TRUE
870810cacffffff,828.2,TRUE
870810cadffffff,0,TRUE
870810caeffffff,0,TRUE
870810cc0ffffff,0,TRUE
870810cc1ffffff,0,TRUE
870810cc2ffffff,0,TRUE
870810cc3ffffff,0,TRUE
870810cc4ffffff,1453.8,FALSE
870810cc5ffffff,415.4,TRUE
870810cc6ffffff,304.5,TRUE
870810cc8ffffff,305,TRUE
870810cc9ffffff,0,TRUE
870810ccaffffff,285.9,TRUE
870810ccbffffff,0,TRUE
870810cccffffff,609.5,TRUE
870810ccdffffff,130.6,TRUE
870810cceffffff,1051.6,FALSE
870810cd0ffffff,969.7,TRUE
870810cd1ffffff,27.5,TRUE
870810cd2ffffff,1462.3,FALSE
870810cd3ffffff,239.7,TRUE
870810cd4ffffff,713.3,TRUE
870810cd5ffffff,289.7,TRUE
870810cd6ffffff,422.8,TRUE
870810cd8ffffff,2802.7,FALSE
870810cd9ffffff,1363.9,FALSE
870810cdaffffff,2115.2,FALSE
870810cdbffffff,1480,FALSE
870810cdcffffff,811.2,TRUE
870810cddffffff,2098.3,FALSE
870810cdeffffff,1127.3,TRUE
870810ce0ffffff,0,TRUE
870810ce1ffffff,0,TRUE
870810ce2ffffff,452.6,TRUE
870810ce3ffffff,0,TRUE
870810ce4ffffff,0,TRUE
870810ce5ffffff,0,TRUE
870810ce6ffffff,0,TRUE
870810ce8ffffff,0,TRUE
870810ce9ffffff,0,TRUE
870810ceaffffff,0,TRUE
870810cebffffff,0,TRUE
870810cecffffff,0,TRUE
870810cedffffff,0,TRUE
870810ceeffffff,446.6,TRUE
870810cf0ffffff,0,TRUE
870810cf1ffffff,0,TRUE
870810cf2ffffff,0,TRUE
870810cf3ffffff,837.6,TRUE
870810cf4ffffff,0,TRUE
870810cf5ffffff,0,TRUE
870810cf6ffffff,130.6,TRUE
870810d40ffffff,1334,FALSE
870810d41ffffff,53.6,TRUE
870810d42ffffff,1509.4,FALSE
870810d43ffffff,0,TRUE
870810d45ffffff,2036.1,FALSE
870810d46ffffff,246.9,TRUE
870810d48ffffff,646.1,TRUE
870810d49ffffff,603.7,TRUE
870810d4affffff,849.7,TRUE
870810d4bffffff,46.4,TRUE
870810d4cffffff,786.2,TRUE
870810d4dffffff,0,TRUE
870810d4effffff,0,TRUE
870810d50ffffff,0,TRUE
870810d51ffffff,269.5,TRUE
870810d52ffffff,0,TRUE
870810d53ffffff,420.1,TRUE
870810d55ffffff,640.5,TRUE
870810d58ffffff,409.3,TRUE
870810d59ffffff,195.8,TRUE
870810d5affffff,0,TRUE
870810d5bffffff,0,TRUE
870810d5cffffff,448.5,TRUE
870810d5dffffff,719.9,TRUE
870810d5effffff,0,TRUE
870810d68ffffff,981.5,TRUE
870810d69ffffff,1698.3,FALSE
870810d6affffff,1886,FALSE
870810d6bffffff,1488.5,FALSE
870810d6cffffff,0,TRUE
870810d6dffffff,0,TRUE
870811800ffffff,2867,FALSE
870811801ffffff,3451.4,FALSE
870811802ffffff,1282.8,FALSE
870811803ffffff,1730.3,FALSE
870811804ffffff,1814.4,FALSE
870811805ffffff,2312.3,FALSE
870811806ffffff,3327,FALSE
87081180dffffff,406.6,TRUE
870811810ffffff,1525.7,FALSE
870811811ffffff,0,TRUE
870811812ffffff,2299,FALSE
870811813ffffff,784.4,TRUE
870811814ffffff,866.4,TRUE
870811815ffffff,2013.7,FALSE
870811816ffffff,193.4,TRUE
870811820ffffff,96.8,TRUE
870811821ffffff,1555.1,FALSE
870811822ffffff,831.9,TRUE
870811823ffffff,176.3,TRUE
870811824ffffff,361.2,TRUE
870811825ffffff,694.2,TRUE
870811826ffffff,0,TRUE
870811828ffffff,720.7,TRUE
870811829ffffff,0,TRUE
87081182affffff,2239.8,FALSE
87081182bffffff,1097.2,FALSE
87081182cffffff,2130.5,FALSE
87081182dffffff,978.8,TRUE
87081182effffff,2108.5,FALSE
870811830ffffff,2524.7,FALSE
870811831ffffff,2598.6,FALSE
870811832ffffff,2466.9,FALSE
870811833ffffff,2662.9,FALSE
870811834ffffff,644.1,TRUE
870811835ffffff,979.7,TRUE
870811836ffffff,1057.7,TRUE
870811840ffffff,0,TRUE
870811841ffffff,262.6,TRUE
870811843ffffff,187.4,TRUE
870811844ffffff,0,TRUE
870811845ffffff,52.6,TRUE
870811846ffffff,0,TRUE
87081184cffffff,587.2,TRUE
87081184dffffff,1127.7,FALSE
870811860ffffff,723.2,TRUE
870811861ffffff,2120.6,FALSE
870811862ffffff,296.2,TRUE
870811863ffffff,900.2,TRUE
870811864ffffff,0,TRUE
870811865ffffff,795.9,TRUE
870811866ffffff,0,TRUE
870811868ffffff,457.7,TRUE
870811869ffffff,363.5,TRUE
87081186affffff,338.8,TRUE
87081186bffffff,975.2,TRUE
87081186cffffff,876.6,TRUE
87081186dffffff,243,TRUE
87081186effffff,43.3,TRUE
870811870ffffff,513.7,TRUE
870811871ffffff,0,TRUE
870811872ffffff,0,TRUE
870811873ffffff,0,TRUE
870811874ffffff,388.4,TRUE
870811875ffffff,196.8,TRUE
870811876ffffff,1556.6,FALSE
8708118a0ffffff,1318.4,FALSE
8708118a1ffffff,2994.4,FALSE
8708118a2ffffff,0,TRUE
8708118a4ffffff,1680.2,FALSE
8708118a5ffffff,1657.9,FALSE
8708118a6ffffff,918.7,TRUE
8708118b4ffffff,673.3,TRUE
8708118b5ffffff,59.3,TRUE
870811900ffffff,166,TRUE
870811901ffffff,716.2,TRUE
870811902ffffff,0,TRUE
870811903ffffff,764.9,TRUE
870811904ffffff,1790.1,FALSE
870811905ffffff,0,TRUE
870811906ffffff,244.2,TRUE
870811908ffffff,0,TRUE
870811909ffffff,809.9,TRUE
87081190affffff,0,TRUE
87081190bffffff,0,TRUE
87081190cffffff,546.5,TRUE
87081190dffffff,0,TRUE
87081190effffff,518.9,TRUE
870811910ffffff,92.3,TRUE
870811911ffffff,331.1,TRUE
870811912ffffff,1235.8,FALSE
870811913ffffff,13.2,TRUE
870811914ffffff,507.3,TRUE
870811915ffffff,74.8,TRUE
870811916ffffff,845.6,TRUE
870811918ffffff,239.9,TRUE
870811919ffffff,207.9,TRUE
87081191affffff,62.7,TRUE
87081191bffffff,0,TRUE
87081191cffffff,0,TRUE
87081191dffffff,0,TRUE
87081191effffff,0,TRUE
870811920ffffff,3125,FALSE
870811921ffffff,2160.8,FALSE
870811922ffffff,2551.7,FALSE
870811923ffffff,1845.6,FALSE
870811924ffffff,1687.3,FALSE
870811925ffffff,2299.9,FALSE
870811926ffffff,1367.9,FALSE
870811928ffffff,739.1,TRUE
870811929ffffff,0,TRUE
87081192affffff,933.5,TRUE
87081192bffffff,149.5,TRUE
87081192cffffff,492.8,TRUE
87081192dffffff,229.7,TRUE
87081192effffff,231.1,TRUE
870811930ffffff,1957,FALSE
870811931ffffff,854.8,TRUE
870811932ffffff,1709,FALSE
870811933ffffff,392.7,TRUE
870811934ffffff,2270.9,FALSE
870811935ffffff,2458.7,FALSE
870811936ffffff,3191.5,FALSE
870811940ffffff,0,TRUE
870811941ffffff,0,TRUE
870811942ffffff,672.9,TRUE
870811943ffffff,0,TRUE
870811944ffffff,1149.3,FALSE
870811945ffffff,639.1,TRUE
870811946ffffff,175.5,TRUE
870811948ffffff,175.6,TRUE
870811949ffffff,277.6,TRUE
87081194affffff,0,TRUE
87081194bffffff,0,TRUE
87081194cffffff,0,TRUE
87081194dffffff,0,TRUE
87081194effffff,139.4,TRUE
870811950ffffff,137.5,TRUE
870811951ffffff,228.3,TRUE
870811952ffffff,1896.3,FALSE
870811953ffffff,866.2,TRUE
870811954ffffff,1512,FALSE
870811955ffffff,465.5,TRUE
870811956ffffff,563.1,TRUE
870811958ffffff,640.6,TRUE
870811959ffffff,0,TRUE
87081195affffff,1286.1,FALSE
87081195bffffff,0,TRUE
87081195cffffff,0,TRUE
87081195dffffff,0,TRUE
87081195effffff,317.2,TRUE
870811960ffffff,1456.1,FALSE
870811961ffffff,854,TRUE
870811962ffffff,28.5,TRUE
870811963ffffff,364.8,TRUE
870811964ffffff,1560.6,FALSE
870811965ffffff,417.1,TRUE
870811966ffffff,1676.2,FALSE
870811968ffffff,0,TRUE
870811969ffffff,508.4,TRUE
87081196affffff,0,TRUE
87081196bffffff,0,TRUE
87081196cffffff,0,TRUE
87081196dffffff,0,TRUE
87081196effffff,0,TRUE
870811970ffffff,1048.4,FALSE
870811971ffffff,1037.2,TRUE
870811972ffffff,0,TRUE
870811973ffffff,1426,FALSE
870811974ffffff,1245.4,FALSE
870811975ffffff,520.3,TRUE
870811976ffffff,24.1,TRUE
870811980ffffff,538.4,TRUE
870811981ffffff,275.9,TRUE
870811982ffffff,84.1,TRUE
870811983ffffff,656.7,TRUE
870811984ffffff,1195.6,FALSE
870811985ffffff,926.5,TRUE
870811986ffffff,0,TRUE
870811988ffffff,2166.8,FALSE
870811989ffffff,1376.2,FALSE
87081198affffff,544.8,TRUE
87081198bffffff,647.6,TRUE
87081198cffffff,1614.4,FALSE
87081198dffffff,2274.2,FALSE
87081198effffff,770.6,TRUE
870811990ffffff,2482,FALSE
870811991ffffff,1091.9,FALSE
870811992ffffff,3813.5,FALSE
870811993ffffff,2224.4,FALSE
870811994ffffff,647.6,TRUE
870811995ffffff,1425.2,FALSE
870811996ffffff,1705.8,FALSE
870811998ffffff,133.5,TRUE
870811999ffffff,638.6,TRUE
87081199affffff,1248.9,FALSE
87081199bffffff,1702.3,FALSE
87081199cffffff,0,TRUE
87081199dffffff,633.8,TRUE
87081199effffff,403.7,TRUE
8708119a0ffffff,0,TRUE
8708119a1ffffff,1628.7,FALSE
8708119a2ffffff,804.9,TRUE
8708119a3ffffff,1448,FALSE
8708119a4ffffff,120,TRUE
8708119a5ffffff,1601.1,FALSE
8708119a6ffffff,725.4,TRUE
8708119a8ffffff,0,TRUE
8708119a9ffffff,0,TRUE
8708119aaffffff,690.9,TRUE
8708119abffffff,287.3,TRUE
8708119acffffff,674.4,TRUE
8708119adffffff,0,TRUE
8708119aeffffff,187.3,TRUE
8708119b0ffffff,124.5,TRUE
8708119b1ffffff,35.4,TRUE
8708119b2ffffff,158.5,TRUE
8708119b3ffffff,168.7,TRUE
8708119b4ffffff,512.1,TRUE
8708119b5ffffff,846.4,TRUE
8708119b6ffffff,0,TRUE
870811b00ffffff,0,TRUE
870811b01ffffff,0,TRUE
870811b04ffffff,0,TRUE
870811b05ffffff,48.9,TRUE
870811b06ffffff,0,TRUE
870811b0cffffff,0,TRUE
870811b0dffffff,0,TRUE
870811b20ffffff,142.7,TRUE
870811b21ffffff,0,TRUE
870811b22ffffff,0,TRUE
870811b23ffffff,0,TRUE
870811b24ffffff,959.8,FALSE
870811b25ffffff,0,TRUE
870811b26ffffff,1155.5,FALSE
870811b28ffffff,519.3,TRUE
870811b29ffffff,27.2,TRUE
870811b2affffff,0,TRUE
870811b2bffffff,130.2,TRUE
870811b2cffffff,0,TRUE
870811b2dffffff,674.1,TRUE
870811b2effffff,0,TRUE
870811b30ffffff,1301.4,FALSE
870811b31ffffff,487.3,TRUE
870811b32ffffff,601.2,TRUE
870811b33ffffff,0,TRUE
870811b34ffffff,343.8,TRUE
870811b35ffffff,963.6,TRUE
870811b36ffffff,1231.7,FALSE
870811b40ffffff,928.8,TRUE
870811b41ffffff,1470,FALSE
870811b44ffffff,2213.1,FALSE
870811b45ffffff,2402.1,FALSE
870811b46ffffff,837.6,TRUE
870811b4cffffff,2017.4,FALSE
870811b4dffffff,1970,FALSE
870811b60ffffff,1784.4,FALSE
870811b61ffffff,3686.5,FALSE
870811b62ffffff,1144.5,TRUE
870811b63ffffff,3031.1,FALSE
870811b64ffffff,895.8,TRUE
870811b65ffffff,2804.6,FALSE
870811b66ffffff,0,TRUE
870811b68ffffff,855.1,TRUE
870811b69ffffff,665.9,TRUE
870811b6affffff,641.6,TRUE
870811b6bffffff,581.9,TRUE
870811b6cffffff,2886.3,FALSE
870811b6dffffff,2460.1,FALSE
870811b6effffff,2068.9,FALSE
870811b70ffffff,1113.3,TRUE
870811b71ffffff,1425.3,FALSE
870811b72ffffff,468.9,TRUE
870811b73ffffff,0,TRUE
870811b74ffffff,398.2,TRUE
870811b75ffffff,0,TRUE
870811b76ffffff,264,TRUE
870811d04ffffff,1527.6,FALSE
870811d05ffffff,1407.3,FALSE
870811d06ffffff,3345.7,FALSE
870811d14ffffff,1714,FALSE
870811d16ffffff,414,TRUE
870811d20ffffff,505.7,TRUE
870811d21ffffff,0,TRUE
870811d22ffffff,272.4,TRUE
870811d23ffffff,0,TRUE
870811d24ffffff,0,TRUE
870811d25ffffff,0,TRUE
870811d26ffffff,0,TRUE
870811d28ffffff,0,TRUE
870811d29ffffff,362.6,TRUE
870811d2affffff,1413.1,FALSE
870811d2bffffff,1499.3,FALSE
870811d2cffffff,132.6,TRUE
870811d2dffffff,435.9,TRUE
870811d2effffff,526,TRUE
870811d30ffffff,1392.2,FALSE
870811d31ffffff,1459.5,FALSE
870811d32ffffff,3016.4,FALSE
870811d33ffffff,2948.4,FALSE
870811d34ffffff,0,TRUE
870811d35ffffff,189.7,TRUE
870811d36ffffff,1613.6,FALSE
870811d60ffffff,1048.2,FALSE
870811d61ffffff,2989.8,FALSE
870811d62ffffff,490.3,TRUE
870811d63ffffff,2413.7,FALSE
870811d64ffffff,334.2,TRUE
870811d65ffffff,2099.5,FALSE
870811d66ffffff,0,TRUE
870811d68ffffff,3898.1,FALSE
870811d69ffffff,2616.3,FALSE
870811d6cffffff,3469.7,FALSE
870811d6dffffff,2131.2,FALSE
870811d6effffff,4354.5,FALSE
870811d70ffffff,0,TRUE
870811d71ffffff,1026.5,TRUE
870811d74ffffff,0,TRUE
870811d75ffffff,0,TRUE
870811d76ffffff,19.7,TRUE
870811da4ffffff,455.3,TRUE
870811da5ffffff,683.9,TRUE
870811da6ffffff,121,TRUE
870811db4ffffff,0,TRUE
870811db5ffffff,0,TRUE
870811db6ffffff,986.3,TRUE
870812949ffffff,0,TRUE
87081294dffffff,0,TRUE
870812968ffffff,0,TRUE
870812969ffffff,119.3,TRUE
87081296affffff,0,TRUE
87081296bffffff,0,TRUE
87081296dffffff,0,TRUE
870814000ffffff,0,TRUE
870814001ffffff,0,TRUE
870814002ffffff,1360.2,FALSE
870814003ffffff,0,TRUE
870814004ffffff,0,TRUE
870814005ffffff,0,TRUE
870814006ffffff,0,TRUE
870814008ffffff,0,TRUE
870814009ffffff,0,TRUE
87081400affffff,0,TRUE
87081400bffffff,335,TRUE
87081400cffffff,0,TRUE
87081400dffffff,0,TRUE
87081400effffff,0,TRUE
870814010ffffff,2827.6,FALSE
870814011ffffff,849.4,TRUE
870814012ffffff,3874.1,FALSE
870814013ffffff,2086.7,FALSE
870814014ffffff,2324.4,FALSE
870814015ffffff,1197.5,FALSE
870814016ffffff,4029.3,FALSE
870814018ffffff,673.4,TRUE
870814019ffffff,0,TRUE
87081401affffff,133.9,TRUE
87081401bffffff,0,TRUE
87081401cffffff,0,TRUE
87081401dffffff,0,TRUE
87081401effffff,703.7,TRUE
870814020ffffff,295.9,TRUE
870814021ffffff,0,TRUE
870814022ffffff,0,TRUE
870814023ffffff,0,TRUE
870814024ffffff,0,TRUE
870814025ffffff,279.9,TRUE
870814026ffffff,0,TRUE
870814028ffffff,0,TRUE
870814029ffffff,0,TRUE
87081402affffff,0,TRUE
87081402bffffff,47.7,TRUE
87081402cffffff,0,TRUE
87081402dffffff,19.7,TRUE
87081402effffff,0,TRUE
870814030ffffff,91.3,TRUE
870814031ffffff,0,TRUE
870814032ffffff,1913.1,FALSE
870814033ffffff,823.9,TRUE
870814034ffffff,0,TRUE
870814035ffffff,0,TRUE
870814036ffffff,0,TRUE
870814040ffffff,0,TRUE
870814041ffffff,0,TRUE
870814042ffffff,157.9,TRUE
870814043ffffff,0,TRUE
870814044ffffff,0,TRUE
870814045ffffff,9.2,TRUE
870814046ffffff,0,TRUE
870814048ffffff,893,TRUE
870814049ffffff,0,TRUE
87081404affffff,69.6,TRUE
87081404bffffff,0,TRUE
87081404cffffff,0,TRUE
87081404dffffff,0,TRUE
87081404effffff,310.5,TRUE
870814050ffffff,0,TRUE
870814051ffffff,0,TRUE
870814052ffffff,0,TRUE
870814053ffffff,0,TRUE
870814054ffffff,0,TRUE
870814055ffffff,0,TRUE
870814056ffffff,215.3,TRUE
870814058ffffff,597.9,TRUE
870814059ffffff,1310.3,FALSE
87081405affffff,0,TRUE
87081405bffffff,1168.9,TRUE
87081405cffffff,0,TRUE
87081405dffffff,897.1,TRUE
87081405effffff,0,TRUE
870814060ffffff,0,TRUE
870814061ffffff,0,TRUE
870814062ffffff,0,TRUE
870814063ffffff,0,TRUE
870814064ffffff,0,TRUE
870814065ffffff,89.4,TRUE
870814066ffffff,0,TRUE
870814068ffffff,0,TRUE
870814069ffffff,0,TRUE
87081406affffff,0,TRUE
87081406bffffff,0,TRUE
87081406cffffff,0,TRUE
87081406dffffff,0,TRUE
87081406effffff,0,TRUE
870814070ffffff,0,TRUE
870814071ffffff,126.3,TRUE
870814072ffffff,0,TRUE
870814073ffffff,0,TRUE
870814074ffffff,485.5,TRUE
870814075ffffff,0,TRUE
870814076ffffff,0,TRUE
870814084ffffff,5826.1,FALSE
870814085ffffff,3963.4,FALSE
870814086ffffff,7048.2,FALSE
870814094ffffff,10145,FALSE
870814096ffffff,11543.4,FALSE
8708140a0ffffff,6326.8,FALSE
8708140a1ffffff,4416.6,FALSE
8708140a2ffffff,6817.2,FALSE
8708140a3ffffff,4839.9,FALSE
8708140a4ffffff,6779.3,FALSE
8708140a5ffffff,5713,FALSE
8708140a6ffffff,8270.5,FALSE
8708140a8ffffff,926.7,TRUE
8708140a9ffffff,0,TRUE
8708140acffffff,2612.9,FALSE
8708140adffffff,1315.8,FALSE
8708140aeffffff,2867.5,FALSE
8708140b0ffffff,9645.4,FALSE
8708140b1ffffff,7719.7,FALSE
8708140b2ffffff,10730.3,FALSE
8708140b3ffffff,8866.8,FALSE
8708140b4ffffff,10777,FALSE
8708140b5ffffff,8796.5,FALSE
8708140b6ffffff,11590.5,FALSE
8708140e0ffffff,0,TRUE
8708140e1ffffff,0,TRUE
8708140e2ffffff,1519.8,FALSE
8708140e3ffffff,1283.5,FALSE
8708140e4ffffff,0,TRUE
8708140e5ffffff,0,TRUE
8708140e6ffffff,77.6,TRUE
8708140e8ffffff,0,TRUE
8708140e9ffffff,0,TRUE
8708140ecffffff,734.5,TRUE
8708140edffffff,0,TRUE
8708140eeffffff,836.1,TRUE
8708140f4ffffff,0,TRUE
8708140f5ffffff,1065.5,TRUE
870814100ffffff,0,TRUE
870814101ffffff,348.6,TRUE
870814102ffffff,0,TRUE
870814103ffffff,0,TRUE
870814104ffffff,0,TRUE
870814105ffffff,0,TRUE
870814106ffffff,0,TRUE
870814108ffffff,866.9,TRUE
870814109ffffff,2265.9,FALSE
87081410affffff,242.6,TRUE
87081410bffffff,1234.1,FALSE
87081410cffffff,0,TRUE
87081410dffffff,1808.1,FALSE
87081410effffff,9,TRUE
870814110ffffff,359.6,TRUE
870814111ffffff,567.7,TRUE
870814112ffffff,452,TRUE
870814113ffffff,179.4,TRUE
870814114ffffff,1123.2,TRUE
870814115ffffff,0,TRUE
870814116ffffff,0,TRUE
870814118ffffff,253.8,TRUE
870814119ffffff,232.7,TRUE
87081411affffff,0,TRUE
87081411bffffff,0,TRUE
87081411cffffff,0,TRUE
87081411dffffff,428.1,TRUE
87081411effffff,345.9,TRUE
870814120ffffff,0,TRUE
870814121ffffff,199.8,TRUE
870814122ffffff,0,TRUE
870814123ffffff,0,TRUE
870814124ffffff,0,TRUE
870814125ffffff,174.7,TRUE
870814126ffffff,0,TRUE
870814128ffffff,0,TRUE
870814129ffffff,0,TRUE
87081412affffff,850.5,TRUE
87081412bffffff,117.3,TRUE
87081412cffffff,0,TRUE
87081412dffffff,0,TRUE
87081412effffff,333.8,TRUE
870814130ffffff,1752.4,FALSE
870814131ffffff,0,TRUE
870814132ffffff,2319,FALSE
870814133ffffff,364.9,TRUE
870814134ffffff,1324.8,FALSE
870814135ffffff,574.6,TRUE
870814136ffffff,3142.3,FALSE
870814140ffffff,3168.7,FALSE
870814141ffffff,2187,FALSE
870814142ffffff,2193.4,FALSE
870814143ffffff,1032.1,TRUE
870814144ffffff,4382,FALSE
870814145ffffff,4062.7,FALSE
870814146ffffff,4360.9,FALSE
870814148ffffff,858.4,TRUE
870814149ffffff,1271.1,FALSE
87081414affffff,0,TRUE
87081414bffffff,0,TRUE
87081414cffffff,2048.4,FALSE
87081414dffffff,1848,FALSE
87081414effffff,486.3,TRUE
870814150ffffff,1674.5,FALSE
870814151ffffff,1396.3,FALSE
870814152ffffff,298.9,TRUE
870814153ffffff,0,TRUE
870814154ffffff,3689.8,FALSE
870814155ffffff,3119.1,FALSE
870814156ffffff,2026.1,FALSE
870814158ffffff,0,TRUE
870814159ffffff,289.4,TRUE
87081415affffff,0,TRUE
87081415bffffff,0,TRUE
87081415cffffff,58,TRUE
87081415dffffff,0,TRUE
87081415effffff,343.5,TRUE
870814160ffffff,1148.5,TRUE
870814161ffffff,2090.6,FALSE
870814162ffffff,2360.7,FALSE
870814163ffffff,3283,FALSE
870814164ffffff,177.9,TRUE
870814165ffffff,594.1,TRUE
870814166ffffff,361.8,TRUE
870814168ffffff,1348.7,FALSE
870814169ffffff,0,TRUE
87081416affffff,2176.8,FALSE
87081416bffffff,546.4,TRUE
87081416cffffff,1782.7,FALSE
87081416dffffff,1619.3,FALSE
87081416effffff,3298,FALSE
870814170ffffff,3392.1,FALSE
870814171ffffff,3815.4,FALSE
870814172ffffff,3446.7,FALSE
870814173ffffff,5096.5,FALSE
870814174ffffff,1326.5,FALSE
870814175ffffff,1880.4,FALSE
870814176ffffff,1855.8,FALSE
870814180ffffff,3894.5,FALSE
870814181ffffff,4366.9,FALSE
870814182ffffff,4914.7,FALSE
870814183ffffff,5839.5,FALSE
870814184ffffff,1746.2,FALSE
870814185ffffff,3042.8,FALSE
870814186ffffff,2821.8,FALSE
870814188ffffff,3515,FALSE
870814189ffffff,3422.9,FALSE
87081418affffff,5338.1,FALSE
87081418bffffff,5055.4,FALSE
87081418cffffff,2746.3,FALSE
87081418dffffff,1695.7,FALSE
87081418effffff,4451.9,FALSE
870814190ffffff,5869.2,FALSE
870814191ffffff,6307.3,FALSE
870814192ffffff,7366.8,FALSE
870814193ffffff,7871.7,FALSE
870814194ffffff,3874.8,FALSE
870814195ffffff,4396.9,FALSE
870814196ffffff,5540.1,FALSE
870814198ffffff,7989.5,FALSE
870814199ffffff,7162.7,FALSE
87081419affffff,9790.4,FALSE
87081419bffffff,8988.2,FALSE
87081419cffffff,7057.6,FALSE
87081419dffffff,6204,FALSE
87081419effffff,8341.6,FALSE
8708141a0ffffff,0,TRUE
8708141a1ffffff,165.4,TRUE
8708141a2ffffff,0,TRUE
8708141a3ffffff,1097.4,FALSE
8708141a4ffffff,0,TRUE
8708141a5ffffff,381.1,TRUE
8708141a6ffffff,163.6,TRUE
8708141a8ffffff,1935.9,FALSE
8708141a9ffffff,1233.6,FALSE
8708141aaffffff,3210.1,FALSE
8708141abffffff,1270.8,FALSE
8708141acffffff,416,TRUE
8708141adffffff,212.6,TRUE
8708141aeffffff,2030.1,FALSE
8708141b0ffffff,422.6,TRUE
8708141b1ffffff,1048,TRUE
8708141b2ffffff,2246.6,FALSE
8708141b3ffffff,2410.2,FALSE
8708141b4ffffff,1072.2,TRUE
8708141b5ffffff,0,TRUE
8708141b6ffffff,1765.3,FALSE
870814200ffffff,392.1,TRUE
870814201ffffff,0,TRUE
870814202ffffff,0,TRUE
870814203ffffff,0,TRUE
870814204ffffff,0,TRUE
870814205ffffff,0,TRUE
870814206ffffff,155.3,TRUE
870814208ffffff,0,TRUE
870814209ffffff,0,TRUE
87081420affffff,0,TRUE
87081420bffffff,506.8,TRUE
87081420cffffff,0,TRUE
87081420dffffff,0,TRUE
87081420effffff,0,TRUE
870814210ffffff,0,TRUE
870814211ffffff,507,TRUE
870814212ffffff,0,TRUE
870814213ffffff,0,TRUE
870814214ffffff,203.1,TRUE
870814215ffffff,0,TRUE
870814216ffffff,0,TRUE
870814218ffffff,0,TRUE
870814219ffffff,111.6,TRUE
87081421affffff,0,TRUE
87081421bffffff,0,TRUE
87081421cffffff,102.6,TRUE
87081421dffffff,0,TRUE
87081421effffff,0,TRUE
870814220ffffff,0,TRUE
870814221ffffff,0,TRUE
870814222ffffff,0,TRUE
870814223ffffff,0,TRUE
870814224ffffff,0,TRUE
870814225ffffff,0,TRUE
870814226ffffff,0,TRUE
870814228ffffff,0,TRUE
870814229ffffff,0,TRUE
87081422affffff,0,TRUE
87081422bffffff,0,TRUE
87081422cffffff,0,TRUE
87081422dffffff,0,TRUE
87081422effffff,0,TRUE
870814230ffffff,0,TRUE
870814231ffffff,0,TRUE
870814232ffffff,0,TRUE
870814233ffffff,0,TRUE
870814234ffffff,645,TRUE
870814235ffffff,0,TRUE
870814236ffffff,0,TRUE
870814240ffffff,0,TRUE
870814241ffffff,0,TRUE
870814242ffffff,0,TRUE
870814243ffffff,0,TRUE
870814244ffffff,0,TRUE
870814245ffffff,0,TRUE
870814246ffffff,0,TRUE
870814248ffffff,292.4,TRUE
870814249ffffff,1995.6,FALSE
87081424affffff,0,TRUE
87081424bffffff,499,TRUE
87081424cffffff,0,TRUE
87081424dffffff,446.9,TRUE
87081424effffff,0,TRUE
870814250ffffff,0,TRUE
870814251ffffff,0,TRUE
870814252ffffff,744.5,TRUE
870814253ffffff,0,TRUE
870814254ffffff,244.5,TRUE
870814255ffffff,251,TRUE
870814256ffffff,0,TRUE
870814258ffffff,0,TRUE
870814259ffffff,0,TRUE
87081425affffff,0,TRUE
87081425bffffff,0,TRUE
87081425cffffff,0,TRUE
87081425dffffff,225.3,TRUE
87081425effffff,390.2,TRUE
870814260ffffff,0,TRUE
870814261ffffff,0,TRUE
870814262ffffff,0,TRUE
870814263ffffff,0,TRUE
870814264ffffff,691.2,TRUE
870814265ffffff,0,TRUE
870814266ffffff,383.5,TRUE
870814268ffffff,0,TRUE
870814269ffffff,781.4,TRUE
87081426affffff,0,TRUE
87081426bffffff,748.5,TRUE
87081426cffffff,0,TRUE
87081426dffffff,0,TRUE
87081426effffff,0,TRUE
870814270ffffff,169.8,TRUE
870814271ffffff,1.8,TRUE
870814272ffffff,0,TRUE
870814273ffffff,0,TRUE
870814274ffffff,120.1,TRUE
870814275ffffff,295.6,TRUE
870814276ffffff,0,TRUE
870814280ffffff,925.9,FALSE
870814281ffffff,0,TRUE
870814282ffffff,466.1,TRUE
870814283ffffff,0,TRUE
870814284ffffff,1526.4,FALSE
870814285ffffff,0,TRUE
870814286ffffff,2460,FALSE
870814288ffffff,529.3,TRUE
870814289ffffff,2169.8,FALSE
87081428affffff,131.1,TRUE
87081428bffffff,1967.2,FALSE
87081428cffffff,0,TRUE
87081428dffffff,455.1,TRUE
87081428effffff,0,TRUE
870814290ffffff,1507,FALSE
870814291ffffff,224.1,TRUE
870814292ffffff,1351.3,FALSE
870814293ffffff,0,TRUE
870814294ffffff,2071.9,FALSE
870814295ffffff,2263.4,FALSE
870814296ffffff,2969.6,FALSE
870814298ffffff,1433.1,FALSE
870814299ffffff,958.2,TRUE
87081429affffff,2066.7,FALSE
87081429bffffff,2762.3,FALSE
87081429cffffff,0,TRUE
87081429dffffff,454.7,TRUE
87081429effffff,190.8,TRUE
8708142a0ffffff,554.2,TRUE
8708142a1ffffff,421,TRUE
8708142a2ffffff,1834.6,FALSE
8708142a3ffffff,1287.8,FALSE
8708142a4ffffff,0,TRUE
8708142a5ffffff,0,TRUE
8708142a6ffffff,0,TRUE
8708142a8ffffff,0,TRUE
8708142a9ffffff,0,TRUE
8708142aaffffff,317.6,TRUE
8708142abffffff,0,TRUE
8708142acffffff,0,TRUE
8708142adffffff,0,TRUE
8708142aeffffff,0,TRUE
8708142b0ffffff,579.3,TRUE
8708142b1ffffff,2551.1,FALSE
8708142b2ffffff,433.3,TRUE
8708142b3ffffff,2159.4,FALSE
8708142b4ffffff,0,TRUE
8708142b5ffffff,975.3,TRUE
8708142b6ffffff,0,TRUE
8708142c0ffffff,0,TRUE
8708142c1ffffff,0,TRUE
8708142c2ffffff,0,TRUE
8708142c3ffffff,152.9,TRUE
8708142c4ffffff,0,TRUE
8708142c5ffffff,0,TRUE
8708142c6ffffff,0,TRUE
8708142c8ffffff,0,TRUE
8708142c9ffffff,0,TRUE
8708142caffffff,0,TRUE
8708142cbffffff,47,TRUE
8708142ccffffff,189.2,TRUE
8708142cdffffff,295.3,TRUE
8708142ceffffff,211.5,TRUE
8708142d0ffffff,1083.7,TRUE
8708142d1ffffff,0,TRUE
8708142d2ffffff,0,TRUE
8708142d3ffffff,0,TRUE
8708142d4ffffff,200.8,TRUE
8708142d5ffffff,445.1,TRUE
8708142d6ffffff,1263.2,FALSE
8708142d8ffffff,703.4,TRUE
8708142d9ffffff,105.1,TRUE
8708142daffffff,1246,FALSE
8708142dbffffff,1900.2,FALSE
8708142dcffffff,0,TRUE
8708142ddffffff,0,TRUE
8708142deffffff,0,TRUE
8708142e0ffffff,2206.1,FALSE
8708142e1ffffff,743.9,TRUE
8708142e2ffffff,2069.7,FALSE
8708142e3ffffff,319.3,TRUE
8708142e4ffffff,211.7,TRUE
8708142e5ffffff,1154.9,TRUE
8708142e6ffffff,612.2,TRUE
8708142e8ffffff,0,TRUE
8708142e9ffffff,0,TRUE
8708142eaffffff,0,TRUE
8708142ebffffff,0,TRUE
8708142ecffffff,0,TRUE
8708142edffffff,0,TRUE
8708142eeffffff,0,TRUE
8708142f0ffffff,1706.8,FALSE
8708142f1ffffff,1440,FALSE
8708142f2ffffff,1537,FALSE
8708142f3ffffff,0,TRUE
8708142f4ffffff,1560.6,FALSE
8708142f5ffffff,1405.3,FALSE
8708142f6ffffff,1046.2,FALSE
870814300ffffff,0,TRUE
870814301ffffff,0,TRUE
870814302ffffff,0,TRUE
870814303ffffff,0,TRUE
870814304ffffff,0,TRUE
870814305ffffff,0,TRUE
870814306ffffff,224,TRUE
870814308ffffff,0,TRUE
870814309ffffff,0,TRUE
87081430affffff,0,TRUE
87081430bffffff,0,TRUE
87081430cffffff,244.2,TRUE
87081430dffffff,0,TRUE
87081430effffff,0,TRUE
870814310ffffff,0,TRUE
870814311ffffff,117,TRUE
870814312ffffff,386,TRUE
870814313ffffff,0,TRUE
870814314ffffff,0,TRUE
870814315ffffff,0,TRUE
870814316ffffff,0,TRUE
870814318ffffff,0,TRUE
870814319ffffff,0,TRUE
87081431affffff,0,TRUE
87081431bffffff,0,TRUE
87081431cffffff,0,TRUE
87081431dffffff,0,TRUE
87081431effffff,0,TRUE
870814320ffffff,92,TRUE
870814321ffffff,0,TRUE
870814322ffffff,0,TRUE
870814323ffffff,0,TRUE
870814324ffffff,0,TRUE
870814325ffffff,0,TRUE
870814326ffffff,229.3,TRUE
870814328ffffff,0,TRUE
870814329ffffff,0,TRUE
87081432affffff,0,TRUE
87081432bffffff,0,TRUE
87081432cffffff,36,TRUE
87081432dffffff,0,TRUE
87081432effffff,0,TRUE
870814330ffffff,0,TRUE
870814331ffffff,0,TRUE
870814332ffffff,0,TRUE
870814333ffffff,0,TRUE
870814334ffffff,30.4,TRUE
870814335ffffff,66.6,TRUE
870814336ffffff,0,TRUE
870814340ffffff,0,TRUE
870814341ffffff,0,TRUE
870814342ffffff,233.5,TRUE
870814343ffffff,0,TRUE
870814344ffffff,320.1,TRUE
870814345ffffff,0,TRUE
870814346ffffff,277.8,TRUE
870814348ffffff,0,TRUE
870814349ffffff,0,TRUE
87081434affffff,0,TRUE
87081434bffffff,0,TRUE
87081434cffffff,0,TRUE
87081434dffffff,0,TRUE
87081434effffff,0,TRUE
870814350ffffff,475.1,TRUE
870814351ffffff,0,TRUE
870814352ffffff,0,TRUE
870814353ffffff,0,TRUE
870814354ffffff,55.7,TRUE
870814355ffffff,0,TRUE
870814356ffffff,0,TRUE
870814358ffffff,0,TRUE
870814359ffffff,0,TRUE
87081435affffff,0,TRUE
87081435bffffff,0,TRUE
87081435cffffff,0,TRUE
87081435dffffff,0,TRUE
87081435effffff,0,TRUE
870814360ffffff,0,TRUE
870814361ffffff,0,TRUE
870814362ffffff,0,TRUE
870814363ffffff,575.7,TRUE
870814364ffffff,0,TRUE
870814365ffffff,0,TRUE
870814366ffffff,332.7,TRUE
870814368ffffff,248.9,TRUE
870814369ffffff,0,TRUE
87081436affffff,0,TRUE
87081436bffffff,207.5,TRUE
87081436cffffff,0,TRUE
87081436dffffff,0,TRUE
87081436effffff,0,TRUE
870814370ffffff,0,TRUE
870814371ffffff,0,TRUE
870814372ffffff,0,TRUE
870814373ffffff,44.1,TRUE
870814374ffffff,0,TRUE
870814375ffffff,0,TRUE
870814376ffffff,0,TRUE
870814380ffffff,3067.2,FALSE
870814381ffffff,1924.7,FALSE
870814382ffffff,3414.5,FALSE
870814383ffffff,1450.4,FALSE
870814384ffffff,3391.6,FALSE
870814385ffffff,1578.7,FALSE
870814386ffffff,4673.4,FALSE
870814388ffffff,0,TRUE
870814389ffffff,229.3,TRUE
87081438affffff,599.1,TRUE
87081438bffffff,0,TRUE
87081438cffffff,193.6,TRUE
87081438dffffff,311.7,TRUE
87081438effffff,0,TRUE
870814390ffffff,5968.6,FALSE
870814391ffffff,4299.1,FALSE
870814392ffffff,5828.1,FALSE
870814393ffffff,3965.1,FALSE
870814394ffffff,4782.7,FALSE
870814395ffffff,5385.4,FALSE
870814398ffffff,903.2,TRUE
870814399ffffff,0,TRUE
87081439affffff,275.4,TRUE
87081439bffffff,0,TRUE
87081439cffffff,2512.2,FALSE
87081439dffffff,966.3,FALSE
87081439effffff,2289,FALSE
8708143a0ffffff,1933.4,FALSE
8708143a1ffffff,414.8,TRUE
8708143a2ffffff,3402.9,FALSE
8708143a3ffffff,1691.6,FALSE
8708143a4ffffff,126.3,TRUE
8708143a5ffffff,469.9,TRUE
8708143a6ffffff,1888.1,FALSE
8708143a8ffffff,0,TRUE
8708143a9ffffff,255.1,TRUE
8708143aaffffff,122.7,TRUE
8708143abffffff,0,TRUE
8708143acffffff,0,TRUE
8708143adffffff,0,TRUE
8708143aeffffff,887.5,TRUE
8708143b0ffffff,2150.6,FALSE
8708143b1ffffff,3974.7,FALSE
8708143b2ffffff,2619.2,FALSE
8708143b3ffffff,4121.2,FALSE
8708143b4ffffff,347.9,TRUE
8708143b5ffffff,2321.3,FALSE
8708143b6ffffff,471.9,TRUE
870814464ffffff,14676.5,FALSE
870814465ffffff,13049.3,FALSE
870814466ffffff,16177,FALSE
870814500ffffff,7860.3,FALSE
870814501ffffff,8365.6,FALSE
870814502ffffff,8403.1,FALSE
870814503ffffff,9951.4,FALSE
870814504ffffff,5795.3,FALSE
870814505ffffff,6489,FALSE
870814506ffffff,6278.2,FALSE
870814509ffffff,11662.8,FALSE
87081450bffffff,12940.3,FALSE
87081450cffffff,8827.4,FALSE
87081450dffffff,9522.2,FALSE
87081450effffff,10361.5,FALSE
870814520ffffff,2328.3,FALSE
870814521ffffff,3049.6,FALSE
870814522ffffff,3755.6,FALSE
870814523ffffff,4421.2,FALSE
870814524ffffff,265.9,TRUE
870814525ffffff,1107.6,FALSE
870814526ffffff,1753.3,FALSE
870814528ffffff,5335.2,FALSE
870814529ffffff,6199.1,FALSE
87081452affffff,6884,FALSE
87081452bffffff,7404.1,FALSE
87081452cffffff,3406,FALSE
87081452dffffff,4028.2,FALSE
87081452effffff,4865.2,FALSE
870814531ffffff,4210.3,FALSE
870814534ffffff,480.5,TRUE
870814535ffffff,2353.8,FALSE
870814540ffffff,13225.3,FALSE
870814541ffffff,14359,FALSE
870814542ffffff,14372.3,FALSE
870814543ffffff,15397.3,FALSE
870814544ffffff,11055.8,FALSE
870814545ffffff,12206,FALSE
870814546ffffff,12222.3,FALSE
870814548ffffff,13777.9,FALSE
870814549ffffff,11953.8,FALSE
87081454affffff,15041.9,FALSE
87081454bffffff,13259.5,FALSE
87081454cffffff,14524.1,FALSE
87081454dffffff,12618.4,FALSE
87081454effffff,15641.2,FALSE
870814550ffffff,14765.7,FALSE
870814551ffffff,15582.1,FALSE
870814554ffffff,12653.1,FALSE
870814555ffffff,13458.6,FALSE
870814556ffffff,13815.6,FALSE
870814558ffffff,18146.2,FALSE
870814559ffffff,16382.8,FALSE
87081455bffffff,17811.6,FALSE
87081455cffffff,16522.5,FALSE
87081455dffffff,16858.6,FALSE
870814560ffffff,7853.2,FALSE
870814561ffffff,8987.6,FALSE
870814562ffffff,8890.4,FALSE
870814563ffffff,10029.3,FALSE
870814564ffffff,5677.8,FALSE
870814565ffffff,7016.7,FALSE
870814566ffffff,6733.1,FALSE
870814568ffffff,11359.8,FALSE
870814569ffffff,11600.1,FALSE
87081456affffff,12832.2,FALSE
87081456bffffff,13294.7,FALSE
87081456cffffff,9344.6,FALSE
87081456dffffff,9799.6,FALSE
87081456effffff,10861.9,FALSE
870814570ffffff,9234.4,FALSE
870814571ffffff,10072.7,FALSE
870814572ffffff,10540.7,FALSE
870814573ffffff,11346.3,FALSE
870814574ffffff,7122.6,FALSE
870814575ffffff,7933.4,FALSE
870814576ffffff,8374,FALSE
870814640ffffff,1891.5,FALSE
870814641ffffff,255.9,TRUE
870814642ffffff,3243,FALSE
870814643ffffff,2061.3,FALSE
870814644ffffff,2893.2,FALSE
870814645ffffff,1025.2,TRUE
870814646ffffff,3660.1,FALSE
870814648ffffff,3719.7,FALSE
870814649ffffff,5179,FALSE
87081464affffff,4467.7,FALSE
87081464bffffff,4161.9,FALSE
87081464cffffff,1731.7,FALSE
87081464dffffff,3544.6,FALSE
87081464effffff,2298.7,FALSE
870814655ffffff,4959.1,FALSE
870814659ffffff,4923.4,FALSE
87081465dffffff,3721.9,FALSE
870814660ffffff,4087.7,FALSE
870814661ffffff,2127.3,FALSE
870814662ffffff,4619.3,FALSE
870814663ffffff,2651.8,FALSE
870814664ffffff,4165.4,FALSE
870814665ffffff,3315.1,FALSE
870814666ffffff,5916.5,FALSE
870814668ffffff,0,TRUE
870814669ffffff,1819,FALSE
87081466affffff,0,TRUE
87081466bffffff,1848.8,FALSE
87081466cffffff,322.9,TRUE
87081466dffffff,98,TRUE
87081466effffff,712,TRUE
870814741ffffff,3549.8,FALSE
870814748ffffff,998.5,FALSE
870814749ffffff,928.3,TRUE
87081474affffff,2801.1,FALSE
87081474bffffff,2508.7,FALSE
87081474cffffff,1734.5,FALSE
87081474dffffff,31.9,TRUE
87081474effffff,2683.1,FALSE
870814759ffffff,4622.5,FALSE
87081475dffffff,4068.6,FALSE
870814768ffffff,2917.6,FALSE
870814769ffffff,1104.5,TRUE
87081476affffff,2835.1,FALSE
87081476bffffff,924.3,TRUE
87081476cffffff,4195.8,FALSE
87081476dffffff,2224,FALSE
87081476effffff,4655.4,FALSE
870814800ffffff,719.9,TRUE
870814801ffffff,24.3,TRUE
870814802ffffff,1637.3,FALSE
870814803ffffff,0,TRUE
870814804ffffff,1728.6,FALSE
870814805ffffff,0,TRUE
870814806ffffff,2676.2,FALSE
870814808ffffff,315,TRUE
870814809ffffff,350.8,TRUE
87081480affffff,704.3,TRUE
87081480bffffff,475.1,TRUE
87081480cffffff,105.2,TRUE
87081480dffffff,0,TRUE
87081480effffff,48.3,TRUE
870814810ffffff,3053.6,FALSE
870814811ffffff,2932.5,FALSE
870814812ffffff,1242.4,FALSE
870814813ffffff,2660.9,FALSE
870814814ffffff,3044.8,FALSE
870814815ffffff,3599.5,FALSE
870814816ffffff,1488.8,FALSE
870814818ffffff,393.2,TRUE
870814819ffffff,26.7,TRUE
87081481affffff,839.2,TRUE
87081481bffffff,0,TRUE
87081481cffffff,1118.7,FALSE
87081481dffffff,0,TRUE
87081481effffff,2318.4,FALSE
870814820ffffff,1797.1,FALSE
870814821ffffff,0,TRUE
870814822ffffff,2343.8,FALSE
870814823ffffff,540.2,TRUE
870814824ffffff,2718.7,FALSE
870814825ffffff,1189.4,FALSE
870814828ffffff,126.9,TRUE
870814829ffffff,1771.2,FALSE
87081482affffff,0,TRUE
87081482bffffff,361.4,TRUE
87081482cffffff,0,TRUE
87081482dffffff,1236.1,FALSE
87081482effffff,0,TRUE
870814831ffffff,3557.4,FALSE
870814833ffffff,4581.5,FALSE
870814840ffffff,5445.2,FALSE
870814842ffffff,3958.1,FALSE
870814843ffffff,5570.6,FALSE
870814844ffffff,4747.8,FALSE
870814846ffffff,3560.5,FALSE
870814849ffffff,2118.3,FALSE
87081484affffff,5220.4,FALSE
87081484bffffff,3748.6,FALSE
87081484effffff,5652.5,FALSE
870814850ffffff,859.2,TRUE
870814851ffffff,2474.5,FALSE
870814852ffffff,0,TRUE
870814853ffffff,1610.6,FALSE
870814854ffffff,642.5,TRUE
870814855ffffff,2341,FALSE
870814856ffffff,362.6,TRUE
870814858ffffff,3505.8,FALSE
870814859ffffff,4464.1,FALSE
87081485affffff,1698.3,FALSE
87081485bffffff,2794.6,FALSE
87081485cffffff,4331.1,FALSE
87081485dffffff,5315.5,FALSE
87081485effffff,3130.2,FALSE
870814870ffffff,1476.5,FALSE
870814871ffffff,3022.4,FALSE
870814872ffffff,0,TRUE
870814873ffffff,1671.5,FALSE
870814874ffffff,2578.2,FALSE
870814875ffffff,3461.6,FALSE
870814876ffffff,470.7,TRUE
870814880ffffff,0,TRUE
870814881ffffff,0,TRUE
870814882ffffff,1020.1,TRUE
870814883ffffff,0,TRUE
870814884ffffff,0,TRUE
870814885ffffff,0,TRUE
870814886ffffff,1193.3,FALSE
870814888ffffff,891.4,TRUE
870814889ffffff,2245.9,FALSE
87081488affffff,0,TRUE
87081488bffffff,681.4,TRUE
87081488cffffff,136.5,TRUE
87081488dffffff,712.5,TRUE
87081488effffff,311.5,TRUE
870814890ffffff,0,TRUE
870814891ffffff,0,TRUE
870814892ffffff,753.6,TRUE
870814893ffffff,0,TRUE
870814894ffffff,297,TRUE
870814895ffffff,919.5,TRUE
870814896ffffff,0,TRUE
870814898ffffff,0,TRUE
870814899ffffff,0,TRUE
87081489affffff,39.2,TRUE
87081489bffffff,0,TRUE
87081489cffffff,0,TRUE
87081489dffffff,0,TRUE
87081489effffff,0,TRUE
8708148a1ffffff,0,TRUE
8708148a3ffffff,0,TRUE
8708148a5ffffff,480.3,TRUE
8708148a8ffffff,1267.7,FALSE
8708148a9ffffff,40.1,TRUE
8708148aaffffff,645.4,TRUE
8708148abffffff,0,TRUE
8708148acffffff,1523.8,FALSE
8708148adffffff,2052.7,FALSE
8708148aeffffff,61.1,TRUE
8708148b2ffffff,1317,FALSE
8708148b3ffffff,2115.8,FALSE
8708148c0ffffff,274.8,TRUE
8708148c1ffffff,0,TRUE
8708148c2ffffff,0,TRUE
8708148c3ffffff,0,TRUE
8708148c4ffffff,501,TRUE
8708148c5ffffff,360.8,TRUE
8708148c6ffffff,602.8,TRUE
8708148c8ffffff,967.3,TRUE
8708148c9ffffff,398.1,TRUE
8708148caffffff,879.5,TRUE
8708148cbffffff,636,TRUE
8708148ccffffff,730.1,TRUE
8708148cdffffff,1053.4,TRUE
8708148ceffffff,662.2,TRUE
8708148d0ffffff,1214,FALSE
8708148d1ffffff,0,TRUE
8708148d2ffffff,0,TRUE
8708148d3ffffff,0,TRUE
8708148d4ffffff,2612.8,FALSE
8708148d5ffffff,741.7,TRUE
8708148d6ffffff,888,TRUE
8708148d8ffffff,153.3,TRUE
8708148d9ffffff,0,TRUE
8708148daffffff,0,TRUE
8708148dbffffff,0,TRUE
8708148dcffffff,119,TRUE
8708148ddffffff,240.1,TRUE
8708148deffffff,0,TRUE
8708148e0ffffff,788.3,TRUE
8708148e1ffffff,503.8,TRUE
8708148e2ffffff,1809.6,FALSE
8708148e3ffffff,0,TRUE
8708148e4ffffff,1170.2,FALSE
8708148e5ffffff,0,TRUE
8708148e6ffffff,117.7,TRUE
8708148e8ffffff,0,TRUE
8708148e9ffffff,0,TRUE
8708148eaffffff,0,TRUE
8708148ebffffff,169.8,TRUE
8708148ecffffff,885.5,TRUE
8708148edffffff,1372.7,FALSE
8708148eeffffff,0,TRUE
8708148f0ffffff,887.8,TRUE
8708148f1ffffff,2407.7,FALSE
8708148f2ffffff,1585.5,FALSE
8708148f3ffffff,2477.9,FALSE
8708148f4ffffff,0,TRUE
8708148f5ffffff,488.4,TRUE
8708148f6ffffff,0,TRUE
870814909ffffff,4622.1,FALSE
87081490bffffff,3105.5,FALSE
870814950ffffff,2704.8,FALSE
870814951ffffff,3361.5,FALSE
870814952ffffff,1110.5,FALSE
870814953ffffff,1198.8,FALSE
870814954ffffff,4507.7,FALSE
870814956ffffff,2816.9,FALSE
870814958ffffff,4557.7,FALSE
87081495affffff,3050.6,FALSE
87081495bffffff,4746.9,FALSE
87081495effffff,2786.4,FALSE
870814a00ffffff,0,TRUE
870814a01ffffff,0,TRUE
870814a02ffffff,32,TRUE
870814a03ffffff,0,TRUE
870814a04ffffff,0,TRUE
870814a05ffffff,0,TRUE
870814a06ffffff,0,TRUE
870814a08ffffff,0,TRUE
870814a09ffffff,0,TRUE
870814a0affffff,51.8,TRUE
870814a0bffffff,0,TRUE
870814a0cffffff,0,TRUE
870814a0dffffff,0,TRUE
870814a0effffff,0,TRUE
870814a10ffffff,44.6,TRUE
870814a11ffffff,0,TRUE
870814a12ffffff,0,TRUE
870814a13ffffff,0,TRUE
870814a14ffffff,0,TRUE
870814a15ffffff,216.9,TRUE
870814a16ffffff,0,TRUE
870814a18ffffff,0,TRUE
870814a19ffffff,137.7,TRUE
870814a1affffff,0,TRUE
870814a1bffffff,350.7,TRUE
870814a1cffffff,0,TRUE
870814a1dffffff,0,TRUE
870814a1effffff,54.8,TRUE
870814a20ffffff,0,TRUE
870814a21ffffff,226.6,TRUE
870814a22ffffff,82.4,TRUE
870814a23ffffff,268.2,TRUE
870814a24ffffff,1056.4,TRUE
870814a25ffffff,0,TRUE
870814a26ffffff,442,TRUE
870814a28ffffff,0,TRUE
870814a29ffffff,0,TRUE
870814a2affffff,0,TRUE
870814a2bffffff,0,TRUE
870814a2cffffff,0,TRUE
870814a2dffffff,0,TRUE
870814a2effffff,0,TRUE
870814a30ffffff,507.2,TRUE
870814a31ffffff,165.9,TRUE
870814a32ffffff,0,TRUE
870814a33ffffff,485.7,TRUE
870814a34ffffff,0,TRUE
870814a35ffffff,0,TRUE
870814a36ffffff,319.1,TRUE
870814a40ffffff,0,TRUE
870814a41ffffff,761.2,TRUE
870814a42ffffff,0,TRUE
870814a43ffffff,0,TRUE
870814a44ffffff,0,TRUE
870814a45ffffff,0,TRUE
870814a46ffffff,0,TRUE
870814a48ffffff,92.3,TRUE
870814a49ffffff,0,TRUE
870814a4affffff,427,TRUE
870814a4bffffff,0,TRUE
870814a4cffffff,386.7,TRUE
870814a4dffffff,0,TRUE
870814a4effffff,0,TRUE
870814a50ffffff,0,TRUE
870814a51ffffff,0,TRUE
870814a52ffffff,491.9,TRUE
870814a53ffffff,54.9,TRUE
870814a54ffffff,66.7,TRUE
870814a55ffffff,0,TRUE
870814a56ffffff,0,TRUE
870814a58ffffff,0,TRUE
870814a59ffffff,0,TRUE
870814a5affffff,0,TRUE
870814a5bffffff,0,TRUE
870814a5cffffff,0,TRUE
870814a5dffffff,0,TRUE
870814a5effffff,501.6,TRUE
870814a60ffffff,0,TRUE
870814a61ffffff,268.8,TRUE
870814a62ffffff,0,TRUE
870814a63ffffff,101.7,TRUE
870814a64ffffff,595.6,TRUE
870814a65ffffff,0,TRUE
870814a66ffffff,441.8,TRUE
870814a68ffffff,13.8,TRUE
870814a69ffffff,775.7,TRUE
870814a6affffff,225.9,TRUE
870814a6bffffff,302.5,TRUE
870814a6cffffff,0,TRUE
870814a6dffffff,26.8,TRUE
870814a6effffff,0,TRUE
870814a70ffffff,0,TRUE
870814a71ffffff,423.5,TRUE
870814a72ffffff,0,TRUE
870814a73ffffff,0,TRUE
870814a74ffffff,0,TRUE
870814a75ffffff,0,TRUE
870814a76ffffff,0,TRUE
870814a80ffffff,0,TRUE
870814a81ffffff,0,TRUE
870814a82ffffff,190.4,TRUE
870814a83ffffff,0,TRUE
870814a84ffffff,465.1,TRUE
870814a85ffffff,0,TRUE
870814a86ffffff,199.1,TRUE
870814a88ffffff,0,TRUE
870814a89ffffff,0,TRUE
870814a8affffff,80.2,TRUE
870814a8bffffff,44.2,TRUE
870814a8cffffff,202.8,TRUE
870814a8dffffff,0,TRUE
870814a8effffff,0,TRUE
870814a90ffffff,1417.1,FALSE
870814a91ffffff,16,TRUE
870814a92ffffff,854.2,TRUE
870814a93ffffff,0,TRUE
870814a94ffffff,1934.3,FALSE
870814a95ffffff,1743.8,FALSE
870814a96ffffff,674.9,TRUE
870814a98ffffff,0,TRUE
870814a99ffffff,0,TRUE
870814a9affffff,0,TRUE
870814a9bffffff,0,TRUE
870814a9cffffff,0,TRUE
870814a9dffffff,0,TRUE
870814a9effffff,0,TRUE
870814aa0ffffff,0,TRUE
870814aa1ffffff,0,TRUE
870814aa2ffffff,1185,TRUE
870814aa3ffffff,0,TRUE
870814aa4ffffff,480.4,TRUE
870814aa5ffffff,88.4,TRUE
870814aa6ffffff,0,TRUE
870814aa8ffffff,0,TRUE
870814aa9ffffff,128.5,TRUE
870814aaaffffff,0,TRUE
870814aabffffff,0,TRUE
870814aacffffff,522,TRUE
870814aadffffff,0,TRUE
870814aaeffffff,260.8,TRUE
870814ab0ffffff,974.4,TRUE
870814ab1ffffff,1911.6,FALSE
870814ab2ffffff,2110.9,FALSE
870814ab3ffffff,2166.7,FALSE
870814ab4ffffff,0,TRUE
870814ab5ffffff,0,TRUE
870814ab6ffffff,215.7,TRUE
870814ac0ffffff,1541.7,FALSE
870814ac1ffffff,1617.5,FALSE
870814ac2ffffff,0,TRUE
870814ac3ffffff,48.5,TRUE
870814ac4ffffff,2256.9,FALSE
870814ac5ffffff,2723.9,FALSE
870814ac6ffffff,865.7,TRUE
870814ac8ffffff,1337,FALSE
870814ac9ffffff,231,TRUE
870814acaffffff,0,TRUE
870814acbffffff,0.8,TRUE
870814accffffff,2537,FALSE
870814acdffffff,647,TRUE
870814aceffffff,1043.7,FALSE
870814ad0ffffff,0,TRUE
870814ad1ffffff,699.2,TRUE
870814ad2ffffff,0,TRUE
870814ad3ffffff,0,TRUE
870814ad4ffffff,173.7,TRUE
870814ad5ffffff,0,TRUE
870814ad6ffffff,7.9,TRUE
870814ad8ffffff,0,TRUE
870814ad9ffffff,0,TRUE
870814adaffffff,0,TRUE
870814adbffffff,0,TRUE
870814adcffffff,0,TRUE
870814addffffff,0,TRUE
870814adeffffff,0,TRUE
870814ae0ffffff,1177.2,FALSE
870814ae1ffffff,0,TRUE
870814ae2ffffff,424.1,TRUE
870814ae3ffffff,1310,FALSE
870814ae4ffffff,0,TRUE
870814ae5ffffff,490.7,TRUE
870814ae6ffffff,0,TRUE
870814ae8ffffff,1139.3,FALSE
870814ae9ffffff,476.2,TRUE
870814aeaffffff,2474.6,FALSE
870814aebffffff,2049.9,FALSE
870814aecffffff,208.3,TRUE
870814aedffffff,307.2,TRUE
870814aeeffffff,1130,FALSE
870814af0ffffff,7.8,TRUE
870814af1ffffff,418.7,TRUE
870814af2ffffff,341.9,TRUE
870814af3ffffff,0,TRUE
870814af4ffffff,15,TRUE
870814af5ffffff,0,TRUE
870814af6ffffff,0,TRUE
870814b00ffffff,3261.3,FALSE
870814b01ffffff,3316.6,FALSE
870814b02ffffff,1626.7,FALSE
870814b03ffffff,3261.4,FALSE
870814b04ffffff,3270.3,FALSE
870814b05ffffff,2314.3,FALSE
870814b06ffffff,1714.9,FALSE
870814b08ffffff,2791.2,FALSE
870814b09ffffff,939.7,TRUE
870814b0affffff,3090.4,FALSE
870814b0bffffff,1842,FALSE
870814b0cffffff,2550.3,FALSE
870814b0dffffff,1002.2,FALSE
870814b0effffff,3990.5,FALSE
870814b10ffffff,318.2,TRUE
870814b11ffffff,391.1,TRUE
870814b12ffffff,1306.8,FALSE
870814b13ffffff,55.1,TRUE
870814b14ffffff,669.3,TRUE
870814b15ffffff,294.4,TRUE
870814b16ffffff,2007.7,FALSE
870814b18ffffff,1275.4,FALSE
870814b19ffffff,2290.7,FALSE
870814b1affffff,0,TRUE
870814b1bffffff,508.3,TRUE
870814b1cffffff,1571,FALSE
870814b1dffffff,3054.9,FALSE
870814b1effffff,153.2,TRUE
870814b23ffffff,2845,FALSE
870814b28ffffff,41,TRUE
870814b29ffffff,18.5,TRUE
870814b2affffff,1583.7,FALSE
870814b2bffffff,985.5,TRUE
870814b2cffffff,1125.9,FALSE
870814b2dffffff,0,TRUE
870814b2effffff,896.1,TRUE
870814b33ffffff,391.5,TRUE
870814b40ffffff,329.1,TRUE
870814b41ffffff,608.9,TRUE
870814b42ffffff,60.9,TRUE
870814b43ffffff,128.6,TRUE
870814b44ffffff,0,TRUE
870814b45ffffff,0,TRUE
870814b46ffffff,0,TRUE
870814b48ffffff,917.3,TRUE
870814b49ffffff,0,TRUE
870814b4affffff,1985.2,FALSE
870814b4bffffff,521.6,TRUE
870814b4cffffff,314.3,TRUE
870814b4dffffff,126.2,TRUE
870814b4effffff,1888.5,FALSE
870814b50ffffff,0,TRUE
870814b51ffffff,0,TRUE
870814b52ffffff,0,TRUE
870814b53ffffff,0,TRUE
870814b54ffffff,177.8,TRUE
870814b55ffffff,74.6,TRUE
870814b56ffffff,530.2,TRUE
870814b58ffffff,51.5,TRUE
870814b59ffffff,796.9,TRUE
870814b5affffff,0,TRUE
870814b5bffffff,665.2,TRUE
870814b5cffffff,0,TRUE
870814b5dffffff,418,TRUE
870814b5effffff,0,TRUE
870814b60ffffff,0,TRUE
870814b61ffffff,0,TRUE
870814b62ffffff,0,TRUE
870814b63ffffff,188.9,TRUE
870814b64ffffff,498.7,TRUE
870814b65ffffff,0,TRUE
870814b66ffffff,56.3,TRUE
870814b68ffffff,0,TRUE
870814b69ffffff,307.4,TRUE
870814b6affffff,0,TRUE
870814b6bffffff,504.3,TRUE
870814b6cffffff,0,TRUE
870814b6dffffff,0,TRUE
870814b6effffff,0,TRUE
870814b70ffffff,291.8,TRUE
870814b71ffffff,0,TRUE
870814b72ffffff,987.7,TRUE
870814b73ffffff,834.8,TRUE
870814b74ffffff,238.8,TRUE
870814b75ffffff,0,TRUE
870814b76ffffff,0,TRUE
870814b80ffffff,0,TRUE
870814b81ffffff,140.9,TRUE
870814b82ffffff,0,TRUE
870814b83ffffff,0,TRUE
870814b84ffffff,60.9,TRUE
870814b85ffffff,330,TRUE
870814b86ffffff,0,TRUE
870814b88ffffff,284.2,TRUE
870814b89ffffff,0,TRUE
870814b8affffff,342.5,TRUE
870814b8bffffff,102.7,TRUE
870814b8cffffff,738.7,TRUE
870814b8dffffff,179.3,TRUE
870814b8effffff,0,TRUE
870814b90ffffff,151.5,TRUE
870814b91ffffff,57.7,TRUE
870814b92ffffff,409.6,TRUE
870814b93ffffff,73.3,TRUE
870814b94ffffff,0,TRUE
870814b95ffffff,0,TRUE
870814b96ffffff,0,TRUE
870814b98ffffff,0,TRUE
870814b99ffffff,143.2,TRUE
870814b9affffff,97.2,TRUE
870814b9bffffff,0,TRUE
870814b9cffffff,39.6,TRUE
870814b9dffffff,0,TRUE
870814b9effffff,8.3,TRUE
870814ba0ffffff,3502.2,FALSE
870814ba1ffffff,2970,FALSE
870814ba2ffffff,2038.9,FALSE
870814ba3ffffff,1872.5,FALSE
870814ba4ffffff,4908.9,FALSE
870814ba5ffffff,3005.7,FALSE
870814ba6ffffff,3637.1,FALSE
870814ba8ffffff,1901.3,FALSE
870814ba9ffffff,946.7,TRUE
870814baaffffff,1274.2,FALSE
870814babffffff,2267,FALSE
870814bacffffff,1858.9,FALSE
870814badffffff,580.4,TRUE
870814baeffffff,1954.3,FALSE
870814bb0ffffff,1586.2,FALSE
870814bb1ffffff,266.1,TRUE
870814bb2ffffff,876.7,TRUE
870814bb3ffffff,837,TRUE
870814bb4ffffff,1304.1,FALSE
870814bb5ffffff,2164.1,FALSE
870814bb6ffffff,573.1,TRUE
870814c00ffffff,7292.3,FALSE
870814c01ffffff,5369,FALSE
870814c02ffffff,8423.9,FALSE
870814c03ffffff,6623.7,FALSE
870814c04ffffff,8470.8,FALSE
870814c05ffffff,6485.5,FALSE
870814c06ffffff,9242.5,FALSE
870814c08ffffff,3614.9,FALSE
870814c09ffffff,2602,FALSE
870814c0affffff,5417.5,FALSE
870814c0bffffff,4319.4,FALSE
870814c0cffffff,3515.1,FALSE
870814c0dffffff,1857.6,FALSE
870814c0effffff,4952.5,FALSE
870814c10ffffff,11521.8,FALSE
870814c11ffffff,9749.4,FALSE
870814c12ffffff,10552.9,FALSE
870814c13ffffff,10397.5,FALSE
870814c14ffffff,12185.1,FALSE
870814c15ffffff,10284.2,FALSE
870814c18ffffff,8298.3,FALSE
870814c19ffffff,7232.1,FALSE
870814c1affffff,7848.1,FALSE
870814c1bffffff,7495.4,FALSE
870814c1cffffff,8078,FALSE
870814c1dffffff,6584.5,FALSE
870814c1effffff,9660,FALSE
870814c20ffffff,9808,FALSE
870814c21ffffff,7971.7,FALSE
870814c22ffffff,9989.5,FALSE
870814c23ffffff,8041,FALSE
870814c24ffffff,11712.7,FALSE
870814c25ffffff,9959.5,FALSE
870814c26ffffff,11693.7,FALSE
870814c28ffffff,4234.8,FALSE
870814c29ffffff,2529,FALSE
870814c2affffff,4501.1,FALSE
870814c2bffffff,2518.5,FALSE
870814c2cffffff,6228,FALSE
870814c2dffffff,4680.9,FALSE
870814c2effffff,6111.6,FALSE
870814c30ffffff,12443.6,FALSE
870814c31ffffff,10456.9,FALSE
870814c33ffffff,11205.9,FALSE
870814c35ffffff,11946.9,FALSE
870814c40ffffff,1419.1,FALSE
870814c41ffffff,2792.9,FALSE
870814c42ffffff,0,TRUE
870814c43ffffff,1138.9,FALSE
870814c44ffffff,1520.4,FALSE
870814c45ffffff,2836.6,FALSE
870814c46ffffff,0,TRUE
870814c48ffffff,1971.5,FALSE
870814c49ffffff,544.6,TRUE
870814c4affffff,333.1,TRUE
870814c4bffffff,261.5,TRUE
870814c4cffffff,3819.7,FALSE
870814c4dffffff,2639.8,FALSE
870814c4effffff,2357,FALSE
870814c50ffffff,1353.4,FALSE
870814c51ffffff,291.1,TRUE
870814c52ffffff,3075.7,FALSE
870814c53ffffff,1897.2,FALSE
870814c54ffffff,1490.4,FALSE
870814c55ffffff,226,TRUE
870814c56ffffff,3117.6,FALSE
870814c58ffffff,0,TRUE
870814c59ffffff,0,TRUE
870814c5affffff,0,TRUE
870814c5bffffff,206.3,TRUE
870814c5cffffff,0,TRUE
870814c5dffffff,993.1,TRUE
870814c5effffff,0,TRUE
870814c60ffffff,3292.6,FALSE
870814c61ffffff,2562.2,FALSE
870814c62ffffff,2650.7,FALSE
870814c63ffffff,3342.4,FALSE
870814c64ffffff,2347.4,FALSE
870814c65ffffff,1508.2,FALSE
870814c66ffffff,3403.6,FALSE
870814c68ffffff,2299.1,FALSE
870814c69ffffff,1826.7,FALSE
870814c6affffff,4112.8,FALSE
870814c6bffffff,3614.9,FALSE
870814c6cffffff,1419.4,FALSE
870814c6dffffff,486.1,TRUE
870814c6effffff,3162.4,FALSE
870814c70ffffff,0,TRUE
870814c71ffffff,936.6,TRUE
870814c72ffffff,924.4,TRUE
870814c73ffffff,0,TRUE
870814c74ffffff,1582.2,FALSE
870814c75ffffff,1582.8,FALSE
870814c76ffffff,549.2,TRUE
870814c81ffffff,3607,FALSE
870814c83ffffff,2009.4,FALSE
870814c85ffffff,5494.5,FALSE
870814c88ffffff,2138.9,FALSE
870814c89ffffff,1119.4,TRUE
870814c8affffff,444,TRUE
870814c8bffffff,195.1,TRUE
870814c8cffffff,3481.7,FALSE
870814c8dffffff,3284.7,FALSE
870814c8effffff,1823.6,FALSE
870814c98ffffff,703.3,TRUE
870814c99ffffff,0,TRUE
870814c9affffff,1379.2,FALSE
870814c9bffffff,1269.9,FALSE
870814c9cffffff,1075.9,TRUE
870814c9dffffff,536.4,TRUE
870814c9effffff,1601.6,FALSE
870814ca1ffffff,8987.2,FALSE
870814ca8ffffff,6921.9,FALSE
870814ca9ffffff,6506.5,FALSE
870814caaffffff,5320,FALSE
870814cabffffff,5249.9,FALSE
870814cacffffff,8743.9,FALSE
870814cadffffff,8613.9,FALSE
870814caeffffff,7069.8,FALSE
870814cc0ffffff,335,TRUE
870814cc1ffffff,0,TRUE
870814cc2ffffff,0,TRUE
870814cc3ffffff,291.3,TRUE
870814cc4ffffff,2498.7,FALSE
870814cc5ffffff,1482.1,FALSE
870814cc6ffffff,1308.1,FALSE
870814cc8ffffff,2721.5,FALSE
870814cc9ffffff,4072.7,FALSE
870814ccaffffff,3502.6,FALSE
870814ccbffffff,4866.2,FALSE
870814cccffffff,670.9,TRUE
870814ccdffffff,2443.1,FALSE
870814cceffffff,1327.5,FALSE
870814cd0ffffff,146.1,TRUE
870814cd1ffffff,788.5,TRUE
870814cd2ffffff,1366.4,FALSE
870814cd3ffffff,1873.9,FALSE
870814cd4ffffff,815,TRUE
870814cd5ffffff,256.2,TRUE
870814cd6ffffff,0,TRUE
870814cd8ffffff,3706.2,FALSE
870814cd9ffffff,4584.1,FALSE
870814cdaffffff,5011.1,FALSE
870814cdbffffff,5817.3,FALSE
870814cdcffffff,1595.3,FALSE
870814cddffffff,2435.3,FALSE
870814cdeffffff,2899.7,FALSE
870814ce0ffffff,5172.9,FALSE
870814ce1ffffff,3280.1,FALSE
870814ce2ffffff,4673,FALSE
870814ce3ffffff,3399,FALSE
870814ce4ffffff,6087.3,FALSE
870814ce5ffffff,4471.7,FALSE
870814ce6ffffff,6750.6,FALSE
870814ce8ffffff,0,TRUE
870814ce9ffffff,588.6,TRUE
870814ceaffffff,0,TRUE
870814cebffffff,580.5,TRUE
870814cecffffff,1439.6,FALSE
870814cedffffff,0,TRUE
870814ceeffffff,1495.7,FALSE
870814cf0ffffff,4076,FALSE
870814cf1ffffff,3292.6,FALSE
870814cf2ffffff,2371.9,FALSE
870814cf3ffffff,2301.5,FALSE
870814cf4ffffff,5863,FALSE
870814cf5ffffff,5425.1,FALSE
870814cf6ffffff,4386.5,FALSE
870814d08ffffff,13483.7,FALSE
870814d0affffff,13697.6,FALSE
870814d0bffffff,12011.8,FALSE
870814d0effffff,15457.4,FALSE
870814d19ffffff,13530.8,FALSE
870814d43ffffff,3815,FALSE
870814d48ffffff,634.6,TRUE
870814d49ffffff,0,TRUE
870814d4affffff,1525.8,FALSE
870814d4bffffff,532.5,TRUE
870814d4dffffff,19.6,TRUE
870814d4effffff,2107.2,FALSE
870814d50ffffff,8720.1,FALSE
870814d51ffffff,6923.4,FALSE
870814d52ffffff,8312,FALSE
870814d53ffffff,6846.2,FALSE
870814d56ffffff,10432.4,FALSE
870814d58ffffff,4649.7,FALSE
870814d59ffffff,3140.8,FALSE
870814d5affffff,3592.9,FALSE
870814d5bffffff,3300.7,FALSE
870814d5cffffff,5232.4,FALSE
870814d5dffffff,3362.3,FALSE
870814d5effffff,5703.6,FALSE
870815000ffffff,0,TRUE
870815001ffffff,0,TRUE
870815002ffffff,0,TRUE
870815003ffffff,0,TRUE
870815004ffffff,0,TRUE
870815005ffffff,0,TRUE
870815006ffffff,0,TRUE
870815008ffffff,0,TRUE
870815009ffffff,0,TRUE
87081500affffff,0,TRUE
87081500bffffff,0,TRUE
87081500cffffff,0,TRUE
87081500dffffff,0,TRUE
87081500effffff,0,TRUE
870815010ffffff,0,TRUE
870815011ffffff,0,TRUE
870815012ffffff,0,TRUE
870815013ffffff,0,TRUE
870815014ffffff,0,TRUE
870815015ffffff,0,TRUE
870815016ffffff,0,TRUE
870815018ffffff,0,TRUE
870815019ffffff,0,TRUE
87081501affffff,0,TRUE
87081501bffffff,0,TRUE
87081501cffffff,0,TRUE
87081501dffffff,0,TRUE
87081501effffff,0,TRUE
870815020ffffff,0,TRUE
870815021ffffff,0,TRUE
870815022ffffff,0,TRUE
870815023ffffff,0,TRUE
870815024ffffff,0,TRUE
870815025ffffff,43.7,TRUE
870815026ffffff,0,TRUE
870815028ffffff,0,TRUE
870815029ffffff,245.9,TRUE
87081502affffff,0,TRUE
87081502bffffff,1129.9,TRUE
87081502cffffff,0,TRUE
87081502dffffff,65.3,TRUE
87081502effffff,0,TRUE
870815030ffffff,0,TRUE
870815031ffffff,0,TRUE
870815032ffffff,0,TRUE
870815033ffffff,0,TRUE
870815034ffffff,0,TRUE
870815035ffffff,0,TRUE
870815036ffffff,0,TRUE
870815040ffffff,639.9,TRUE
870815041ffffff,0,TRUE
870815042ffffff,1095.7,TRUE
870815043ffffff,143,TRUE
870815044ffffff,12.8,TRUE
870815045ffffff,363.4,TRUE
870815046ffffff,219.1,TRUE
870815048ffffff,0,TRUE
870815049ffffff,0,TRUE
87081504affffff,86,TRUE
87081504bffffff,0,TRUE
87081504cffffff,0,TRUE
87081504dffffff,0,TRUE
87081504effffff,44.4,TRUE
870815050ffffff,88.5,TRUE
870815051ffffff,1275.9,FALSE
870815052ffffff,173.3,TRUE
870815053ffffff,165.6,TRUE
870815054ffffff,0,TRUE
870815055ffffff,1389.6,FALSE
870815056ffffff,292.9,TRUE
870815058ffffff,0,TRUE
870815059ffffff,0,TRUE
87081505affffff,1117.3,FALSE
87081505bffffff,0,TRUE
87081505cffffff,0,TRUE
87081505dffffff,0,TRUE
87081505effffff,0,TRUE
870815060ffffff,0,TRUE
870815061ffffff,760.3,TRUE
870815062ffffff,0,TRUE
870815063ffffff,0,TRUE
870815064ffffff,1387.9,FALSE
870815065ffffff,0,TRUE
870815066ffffff,823.1,TRUE
870815068ffffff,0,TRUE
870815069ffffff,0,TRUE
87081506affffff,0,TRUE
87081506bffffff,0,TRUE
87081506cffffff,0,TRUE
87081506dffffff,0,TRUE
87081506effffff,544.5,TRUE
870815071ffffff,737.8,TRUE
870815072ffffff,0,TRUE
870815073ffffff,777.8,TRUE
870815076ffffff,0,TRUE
870815080ffffff,157.4,TRUE
870815081ffffff,0.3,TRUE
870815082ffffff,0,TRUE
870815083ffffff,0,TRUE
870815084ffffff,0,TRUE
870815085ffffff,0,TRUE
870815086ffffff,0,TRUE
870815088ffffff,0,TRUE
870815089ffffff,282.6,TRUE
87081508affffff,0,TRUE
87081508bffffff,0,TRUE
87081508cffffff,17.5,TRUE
87081508dffffff,13.5,TRUE
87081508effffff,0,TRUE
870815090ffffff,999.2,TRUE
870815091ffffff,264.7,TRUE
870815092ffffff,1827.9,FALSE
870815093ffffff,143.5,TRUE
870815094ffffff,958.7,TRUE
870815095ffffff,148.2,TRUE
870815096ffffff,2020.2,FALSE
870815098ffffff,0,TRUE
870815099ffffff,0,TRUE
87081509affffff,0,TRUE
87081509bffffff,0,TRUE
87081509cffffff,0,TRUE
87081509dffffff,413.7,TRUE
87081509effffff,600.1,TRUE
8708150a0ffffff,0,TRUE
8708150a1ffffff,0,TRUE
8708150a2ffffff,0,TRUE
8708150a3ffffff,0,TRUE
8708150a4ffffff,422.4,TRUE
8708150a5ffffff,0,TRUE
8708150a6ffffff,0,TRUE
8708150a8ffffff,111.9,TRUE
8708150a9ffffff,0,TRUE
8708150aaffffff,0,TRUE
8708150abffffff,0,TRUE
8708150acffffff,0,TRUE
8708150adffffff,0,TRUE
8708150aeffffff,0,TRUE
8708150b0ffffff,0,TRUE
8708150b1ffffff,0,TRUE
8708150b2ffffff,857.2,TRUE
8708150b3ffffff,0,TRUE
8708150b4ffffff,347.7,TRUE
8708150b5ffffff,0,TRUE
8708150b6ffffff,352.6,TRUE
8708150c0ffffff,0,TRUE
8708150c1ffffff,0,TRUE
8708150c2ffffff,0,TRUE
8708150c3ffffff,0,TRUE
8708150c4ffffff,0,TRUE
8708150c5ffffff,0,TRUE
8708150c6ffffff,5.4,TRUE
8708150c8ffffff,0,TRUE
8708150c9ffffff,0,TRUE
8708150caffffff,73.8,TRUE
8708150cbffffff,0,TRUE
8708150ccffffff,256.1,TRUE
8708150cdffffff,201.9,TRUE
8708150ceffffff,0,TRUE
8708150d0ffffff,0,TRUE
8708150d1ffffff,4.1,TRUE
8708150d2ffffff,0,TRUE
8708150d3ffffff,0,TRUE
8708150d4ffffff,0,TRUE
8708150d5ffffff,0,TRUE
8708150d6ffffff,0,TRUE
8708150d8ffffff,268.2,TRUE
8708150d9ffffff,836.3,TRUE
8708150daffffff,196.7,TRUE
8708150dbffffff,0,TRUE
8708150dcffffff,0,TRUE
8708150ddffffff,464,TRUE
8708150deffffff,0,TRUE
8708150e0ffffff,0,TRUE
8708150e1ffffff,0,TRUE
8708150e2ffffff,0,TRUE
8708150e3ffffff,215.8,TRUE
8708150e4ffffff,0,TRUE
8708150e5ffffff,0,TRUE
8708150e6ffffff,0,TRUE
8708150e8ffffff,0,TRUE
8708150e9ffffff,367,TRUE
8708150eaffffff,423.3,TRUE
8708150ebffffff,0,TRUE
8708150ecffffff,356.4,TRUE
8708150edffffff,10,TRUE
8708150eeffffff,109.3,TRUE
8708150f0ffffff,0,TRUE
8708150f1ffffff,0,TRUE
8708150f2ffffff,7.5,TRUE
8708150f3ffffff,200.5,TRUE
8708150f4ffffff,0,TRUE
8708150f5ffffff,0,TRUE
8708150f6ffffff,0,TRUE
870815100ffffff,0,TRUE
870815101ffffff,113.5,TRUE
870815102ffffff,0,TRUE
870815103ffffff,0,TRUE
870815104ffffff,0,TRUE
870815105ffffff,0,TRUE
870815106ffffff,0,TRUE
870815108ffffff,0,TRUE
870815109ffffff,0,TRUE
87081510affffff,538.5,TRUE
87081510bffffff,0,TRUE
87081510cffffff,0,TRUE
87081510dffffff,0,TRUE
87081510effffff,169.6,TRUE
870815110ffffff,0,TRUE
870815111ffffff,0,TRUE
870815112ffffff,0,TRUE
870815113ffffff,0,TRUE
870815114ffffff,795.6,TRUE
870815115ffffff,326.6,TRUE
870815116ffffff,146.6,TRUE
870815118ffffff,0,TRUE
870815119ffffff,614.6,TRUE
87081511affffff,0,TRUE
87081511bffffff,317,TRUE
87081511cffffff,0,TRUE
87081511dffffff,0,TRUE
87081511effffff,0,TRUE
870815120ffffff,460.5,TRUE
870815121ffffff,0,TRUE
870815122ffffff,0,TRUE
870815123ffffff,0,TRUE
870815124ffffff,74.8,TRUE
870815125ffffff,759.3,TRUE
870815126ffffff,1095.9,TRUE
870815128ffffff,0,TRUE
870815129ffffff,789.3,TRUE
87081512affffff,0,TRUE
87081512bffffff,0,TRUE
87081512cffffff,787.1,TRUE
87081512dffffff,1279.4,FALSE
87081512effffff,483.2,TRUE
870815130ffffff,0,TRUE
870815131ffffff,0,TRUE
870815132ffffff,0,TRUE
870815133ffffff,85.1,TRUE
870815134ffffff,141.4,TRUE
870815135ffffff,0,TRUE
870815136ffffff,0,TRUE
870815142ffffff,1775.4,FALSE
870815146ffffff,1519.4,FALSE
870815150ffffff,0,TRUE
870815151ffffff,347.4,TRUE
870815152ffffff,0,TRUE
870815153ffffff,120.8,TRUE
870815154ffffff,0,TRUE
870815155ffffff,732.5,TRUE
870815156ffffff,0,TRUE
87081515effffff,877.7,TRUE
870815166ffffff,4381.3,FALSE
870815170ffffff,1337,FALSE
870815172ffffff,279.8,TRUE
870815173ffffff,595.7,TRUE
870815174ffffff,1738.3,FALSE
870815175ffffff,2694.8,FALSE
870815176ffffff,50.4,TRUE
870815180ffffff,86.2,TRUE
870815181ffffff,80.9,TRUE
870815182ffffff,0,TRUE
870815183ffffff,222.8,TRUE
870815184ffffff,243.2,TRUE
870815185ffffff,0,TRUE
870815186ffffff,0,TRUE
870815188ffffff,0,TRUE
870815189ffffff,0,TRUE
87081518affffff,0,TRUE
87081518bffffff,0,TRUE
87081518cffffff,0,TRUE
87081518dffffff,0,TRUE
87081518effffff,0,TRUE
870815190ffffff,453.6,TRUE
870815191ffffff,0,TRUE
870815192ffffff,643,TRUE
870815193ffffff,0,TRUE
870815194ffffff,209.8,TRUE
870815195ffffff,0,TRUE
870815196ffffff,0,TRUE
870815198ffffff,20.1,TRUE
870815199ffffff,0,TRUE
87081519affffff,0,TRUE
87081519bffffff,112.7,TRUE
87081519cffffff,0,TRUE
87081519dffffff,0,TRUE
87081519effffff,104.4,TRUE
8708151a0ffffff,0,TRUE
8708151a1ffffff,0,TRUE
8708151a2ffffff,0,TRUE
8708151a3ffffff,0,TRUE
8708151a4ffffff,0,TRUE
8708151a5ffffff,0,TRUE
8708151a6ffffff,201.2,TRUE
8708151a8ffffff,0,TRUE
8708151a9ffffff,0,TRUE
8708151aaffffff,0,TRUE
8708151abffffff,0,TRUE
8708151acffffff,0,TRUE
8708151adffffff,0,TRUE
8708151aeffffff,65.7,TRUE
8708151b0ffffff,0,TRUE
8708151b1ffffff,0,TRUE
8708151b2ffffff,250.1,TRUE
8708151b3ffffff,0,TRUE
8708151b4ffffff,0,TRUE
8708151b5ffffff,246.6,TRUE
8708151b6ffffff,183.9,TRUE
870815200ffffff,0,TRUE
870815201ffffff,0,TRUE
870815202ffffff,0,TRUE
870815203ffffff,0,TRUE
870815204ffffff,0,TRUE
870815205ffffff,0,TRUE
870815206ffffff,0,TRUE
870815208ffffff,130.1,TRUE
870815209ffffff,0,TRUE
87081520affffff,502.4,TRUE
87081520bffffff,0,TRUE
87081520cffffff,0,TRUE
87081520dffffff,0,TRUE
87081520effffff,0,TRUE
870815210ffffff,493.5,TRUE
870815211ffffff,0,TRUE
870815212ffffff,305.7,TRUE
870815213ffffff,0,TRUE
870815214ffffff,0,TRUE
870815215ffffff,0,TRUE
870815216ffffff,77.9,TRUE
870815218ffffff,0,TRUE
870815219ffffff,0,TRUE
87081521affffff,1426,FALSE
87081521bffffff,321,TRUE
87081521cffffff,0,TRUE
87081521dffffff,0,TRUE
87081521effffff,0,TRUE
870815220ffffff,0,TRUE
870815221ffffff,31,TRUE
870815222ffffff,0,TRUE
870815223ffffff,22.6,TRUE
870815224ffffff,0,TRUE
870815225ffffff,391.1,TRUE
870815226ffffff,0,TRUE
870815228ffffff,0,TRUE
870815229ffffff,155.6,TRUE
87081522affffff,0,TRUE
87081522bffffff,137.9,TRUE
87081522cffffff,0,TRUE
87081522dffffff,0,TRUE
87081522effffff,290.6,TRUE
870815230ffffff,0,TRUE
870815231ffffff,0,TRUE
870815232ffffff,0,TRUE
870815233ffffff,0,TRUE
870815234ffffff,0,TRUE
870815235ffffff,0,TRUE
870815236ffffff,22.1,TRUE
870815240ffffff,0,TRUE
870815241ffffff,0,TRUE
870815242ffffff,0,TRUE
870815243ffffff,0,TRUE
870815244ffffff,0,TRUE
870815245ffffff,101.7,TRUE
870815246ffffff,0,TRUE
870815248ffffff,0,TRUE
870815249ffffff,434.1,TRUE
87081524affffff,0,TRUE
87081524bffffff,0,TRUE
87081524cffffff,0,TRUE
87081524dffffff,0,TRUE
87081524effffff,0,TRUE
870815250ffffff,0,TRUE
870815251ffffff,0,TRUE
870815252ffffff,0,TRUE
870815253ffffff,0,TRUE
870815254ffffff,0,TRUE
870815255ffffff,0,TRUE
870815256ffffff,0,TRUE
870815258ffffff,0,TRUE
870815259ffffff,0,TRUE
87081525affffff,0,TRUE
87081525bffffff,0,TRUE
87081525cffffff,0,TRUE
87081525dffffff,0,TRUE
87081525effffff,0,TRUE
870815260ffffff,69.2,TRUE
870815261ffffff,88.8,TRUE
870815262ffffff,0,TRUE
870815263ffffff,0,TRUE
870815264ffffff,304.1,TRUE
870815265ffffff,637.4,TRUE
870815266ffffff,114.9,TRUE
870815268ffffff,522.8,TRUE
870815269ffffff,883.7,TRUE
87081526affffff,0,TRUE
87081526bffffff,0,TRUE
87081526cffffff,117.3,TRUE
87081526dffffff,927.3,TRUE
87081526effffff,231.8,TRUE
870815270ffffff,0,TRUE
870815271ffffff,0,TRUE
870815272ffffff,0,TRUE
870815273ffffff,0,TRUE
870815274ffffff,241.4,TRUE
870815275ffffff,0,TRUE
870815276ffffff,0,TRUE
870815280ffffff,0,TRUE
870815281ffffff,0,TRUE
870815282ffffff,637.1,TRUE
870815283ffffff,342.8,TRUE
870815284ffffff,0,TRUE
870815285ffffff,0,TRUE
870815286ffffff,0,TRUE
870815288ffffff,0,TRUE
870815289ffffff,0,TRUE
87081528affffff,356.4,TRUE
87081528bffffff,1354,FALSE
87081528cffffff,42.4,TRUE
87081528dffffff,283.5,TRUE
87081528effffff,38.6,TRUE
870815290ffffff,0,TRUE
870815291ffffff,677.4,TRUE
870815292ffffff,0,TRUE
870815293ffffff,1308.8,FALSE
870815294ffffff,0,TRUE
870815295ffffff,159.5,TRUE
870815296ffffff,0,TRUE
870815298ffffff,1203.2,FALSE
870815299ffffff,0,TRUE
87081529affffff,1971.5,FALSE
87081529bffffff,465.8,TRUE
87081529cffffff,1433.8,FALSE
87081529dffffff,267.9,TRUE
87081529effffff,2542.8,FALSE
8708152a0ffffff,461.3,TRUE
8708152a1ffffff,391.2,TRUE
8708152a2ffffff,0,TRUE
8708152a3ffffff,559.6,TRUE
8708152a4ffffff,335.5,TRUE
8708152a5ffffff,1188.7,TRUE
8708152a6ffffff,209.6,TRUE
8708152a8ffffff,828.6,TRUE
8708152a9ffffff,1217.2,FALSE
8708152aaffffff,0,TRUE
8708152abffffff,0,TRUE
8708152acffffff,0,TRUE
8708152adffffff,589.3,TRUE
8708152aeffffff,50.5,TRUE
8708152b0ffffff,0,TRUE
8708152b1ffffff,0,TRUE
8708152b2ffffff,0,TRUE
8708152b3ffffff,0,TRUE
8708152b4ffffff,0,TRUE
8708152b5ffffff,0,TRUE
8708152b6ffffff,0,TRUE
8708152c0ffffff,156.8,TRUE
8708152c1ffffff,0,TRUE
8708152c2ffffff,261.5,TRUE
8708152c3ffffff,404.7,TRUE
8708152c4ffffff,825.1,TRUE
8708152c5ffffff,594,TRUE
8708152c6ffffff,926.1,TRUE
8708152c8ffffff,1511.5,FALSE
8708152c9ffffff,0,TRUE
8708152caffffff,480.3,TRUE
8708152cbffffff,0,TRUE
8708152ccffffff,645.6,TRUE
8708152cdffffff,240.9,TRUE
8708152ceffffff,1385.7,FALSE
8708152d0ffffff,0,TRUE
8708152d1ffffff,584.4,TRUE
8708152d2ffffff,701.7,TRUE
8708152d3ffffff,0,TRUE
8708152d4ffffff,0,TRUE
8708152d5ffffff,0,TRUE
8708152d6ffffff,1003,TRUE
8708152d8ffffff,1612.8,FALSE
8708152d9ffffff,1573.3,FALSE
8708152daffffff,909.3,TRUE
8708152dbffffff,2612.8,FALSE
8708152dcffffff,1765.5,FALSE
8708152ddffffff,0,TRUE
8708152deffffff,603.7,TRUE
8708152e0ffffff,413,TRUE
8708152e1ffffff,0,TRUE
8708152e2ffffff,53.7,TRUE
8708152e3ffffff,153.6,TRUE
8708152e4ffffff,0,TRUE
8708152e5ffffff,911.5,TRUE
8708152e6ffffff,375.6,TRUE
8708152e8ffffff,428.2,TRUE
8708152e9ffffff,0,TRUE
8708152eaffffff,524.7,TRUE
8708152ebffffff,881.5,TRUE
8708152ecffffff,0,TRUE
8708152edffffff,0,TRUE
8708152eeffffff,0,TRUE
8708152f0ffffff,1159.4,FALSE
8708152f1ffffff,1742.7,FALSE
8708152f2ffffff,1158.2,FALSE
8708152f3ffffff,1222.7,FALSE
8708152f4ffffff,235.2,TRUE
8708152f5ffffff,73.4,TRUE
8708152f6ffffff,0,TRUE
870815300ffffff,0,TRUE
870815301ffffff,620.8,TRUE
870815302ffffff,0,TRUE
870815303ffffff,92.7,TRUE
870815304ffffff,0,TRUE
870815305ffffff,232.3,TRUE
870815306ffffff,0,TRUE
870815308ffffff,311,TRUE
870815309ffffff,0,TRUE
87081530affffff,0,TRUE
87081530bffffff,42.8,TRUE
87081530cffffff,0,TRUE
87081530dffffff,0,TRUE
87081530effffff,260.8,TRUE
870815310ffffff,0,TRUE
870815311ffffff,0,TRUE
870815312ffffff,0,TRUE
870815313ffffff,0,TRUE
870815314ffffff,0,TRUE
870815315ffffff,0,TRUE
870815316ffffff,39.5,TRUE
870815318ffffff,0,TRUE
870815319ffffff,0,TRUE
87081531affffff,0,TRUE
87081531bffffff,0,TRUE
87081531cffffff,0,TRUE
87081531dffffff,0,TRUE
87081531effffff,0,TRUE
870815320ffffff,0,TRUE
870815321ffffff,0,TRUE
870815322ffffff,0,TRUE
870815323ffffff,0,TRUE
870815324ffffff,0,TRUE
870815325ffffff,16.1,TRUE
870815326ffffff,230.5,TRUE
870815328ffffff,0,TRUE
870815329ffffff,0,TRUE
87081532affffff,124.1,TRUE
87081532bffffff,323.8,TRUE
87081532cffffff,0,TRUE
87081532dffffff,0,TRUE
87081532effffff,638.4,TRUE
870815330ffffff,0,TRUE
870815331ffffff,0,TRUE
870815332ffffff,0,TRUE
870815333ffffff,0,TRUE
870815334ffffff,0,TRUE
870815335ffffff,0,TRUE
870815336ffffff,0,TRUE
870815340ffffff,813.8,TRUE
870815341ffffff,1054.4,TRUE
870815342ffffff,1399.4,FALSE
870815343ffffff,1157.2,FALSE
870815344ffffff,0,TRUE
870815345ffffff,435.9,TRUE
870815346ffffff,1195.7,FALSE
870815348ffffff,1315.7,FALSE
870815349ffffff,2087.1,FALSE
87081534affffff,68.6,TRUE
87081534bffffff,334.3,TRUE
87081534cffffff,2369.8,FALSE
87081534dffffff,2980.5,FALSE
87081534effffff,850.5,TRUE
870815350ffffff,359.7,TRUE
870815351ffffff,760.5,TRUE
870815352ffffff,0,TRUE
870815353ffffff,0,TRUE
870815354ffffff,280.8,TRUE
870815355ffffff,0,TRUE
870815356ffffff,112.8,TRUE
870815358ffffff,0,TRUE
870815359ffffff,0,TRUE
87081535affffff,0,TRUE
87081535bffffff,0,TRUE
87081535cffffff,434,TRUE
87081535dffffff,0,TRUE
87081535effffff,0,TRUE
870815360ffffff,577.6,TRUE
870815362ffffff,0,TRUE
870815363ffffff,0,TRUE
870815364ffffff,39.2,TRUE
870815365ffffff,289,TRUE
870815366ffffff,33.3,TRUE
870815368ffffff,761,TRUE
87081536bffffff,2875.1,FALSE
87081536cffffff,513,TRUE
870815370ffffff,0,TRUE
870815371ffffff,0,TRUE
870815372ffffff,0,TRUE
870815373ffffff,0,TRUE
870815374ffffff,0,TRUE
870815375ffffff,0,TRUE
870815376ffffff,296.7,TRUE
870815380ffffff,0,TRUE
870815381ffffff,0,TRUE
870815382ffffff,0,TRUE
870815383ffffff,0,TRUE
870815384ffffff,0,TRUE
870815385ffffff,0,TRUE
870815386ffffff,0,TRUE
870815388ffffff,0,TRUE
870815389ffffff,0,TRUE
87081538affffff,0,TRUE
87081538bffffff,0,TRUE
87081538cffffff,0,TRUE
87081538dffffff,0,TRUE
87081538effffff,0,TRUE
870815390ffffff,0,TRUE
870815391ffffff,0,TRUE
870815392ffffff,0,TRUE
870815393ffffff,0,TRUE
870815394ffffff,0,TRUE
870815395ffffff,0,TRUE
870815396ffffff,0,TRUE
870815398ffffff,0,TRUE
870815399ffffff,0,TRUE
87081539affffff,0,TRUE
87081539bffffff,0,TRUE
87081539cffffff,0,TRUE
87081539dffffff,0,TRUE
87081539effffff,0,TRUE
8708153a0ffffff,66.6,TRUE
8708153a1ffffff,0,TRUE
8708153a2ffffff,651.2,TRUE
8708153a3ffffff,0,TRUE
8708153a4ffffff,53.4,TRUE
8708153a5ffffff,0,TRUE
8708153a6ffffff,457.9,TRUE
8708153a8ffffff,0,TRUE
8708153a9ffffff,300.1,TRUE
8708153aaffffff,0,TRUE
8708153abffffff,0,TRUE
8708153acffffff,0,TRUE
8708153adffffff,0,TRUE
8708153aeffffff,0,TRUE
8708153b0ffffff,0,TRUE
8708153b1ffffff,0,TRUE
8708153b2ffffff,0,TRUE
8708153b3ffffff,0,TRUE
8708153b4ffffff,124.1,TRUE
8708153b5ffffff,125.5,TRUE
8708153b6ffffff,0,TRUE
870815400ffffff,47.1,TRUE
870815401ffffff,48.1,TRUE
870815402ffffff,570,TRUE
870815403ffffff,0,TRUE
870815404ffffff,91.5,TRUE
870815405ffffff,0,TRUE
870815406ffffff,0,TRUE
870815408ffffff,346.7,TRUE
870815409ffffff,0,TRUE
87081540affffff,188.7,TRUE
87081540bffffff,0,TRUE
87081540cffffff,0,TRUE
87081540dffffff,0,TRUE
87081540effffff,0,TRUE
870815410ffffff,157.5,TRUE
870815411ffffff,0,TRUE
870815412ffffff,0,TRUE
870815413ffffff,0,TRUE
870815414ffffff,228.3,TRUE
870815415ffffff,259,TRUE
870815416ffffff,0,TRUE
870815418ffffff,0,TRUE
870815419ffffff,0,TRUE
87081541affffff,0,TRUE
87081541bffffff,260.8,TRUE
87081541cffffff,0,TRUE
87081541dffffff,0,TRUE
87081541effffff,0,TRUE
870815420ffffff,0,TRUE
870815421ffffff,0,TRUE
870815422ffffff,95.9,TRUE
870815423ffffff,0,TRUE
870815424ffffff,970,TRUE
870815425ffffff,471.7,TRUE
870815426ffffff,0,TRUE
870815428ffffff,0,TRUE
870815429ffffff,2.5,TRUE
87081542affffff,20,TRUE
87081542bffffff,0,TRUE
87081542cffffff,1111.7,FALSE
87081542dffffff,0,TRUE
87081542effffff,445.1,TRUE
870815430ffffff,572.3,TRUE
870815431ffffff,0,TRUE
870815432ffffff,0,TRUE
870815433ffffff,0,TRUE
870815434ffffff,0,TRUE
870815435ffffff,0,TRUE
870815436ffffff,0,TRUE
870815440ffffff,828.4,TRUE
870815441ffffff,0,TRUE
870815442ffffff,131.8,TRUE
870815443ffffff,0,TRUE
870815444ffffff,994.9,TRUE
870815445ffffff,0,TRUE
870815446ffffff,39,TRUE
870815448ffffff,0,TRUE
870815449ffffff,0,TRUE
87081544affffff,0,TRUE
87081544bffffff,0,TRUE
87081544cffffff,0,TRUE
87081544dffffff,0,TRUE
87081544effffff,109,TRUE
870815450ffffff,0,TRUE
870815451ffffff,0,TRUE
870815452ffffff,0,TRUE
870815453ffffff,0,TRUE
870815454ffffff,0,TRUE
870815455ffffff,0,TRUE
870815456ffffff,247.5,TRUE
870815458ffffff,0,TRUE
870815459ffffff,0,TRUE
87081545affffff,0,TRUE
87081545bffffff,0,TRUE
87081545cffffff,0,TRUE
87081545dffffff,241.5,TRUE
87081545effffff,0,TRUE
870815460ffffff,135.5,TRUE
870815461ffffff,1319.2,FALSE
870815462ffffff,0,TRUE
870815463ffffff,362.5,TRUE
870815464ffffff,786.6,TRUE
870815465ffffff,654.5,TRUE
870815466ffffff,0,TRUE
870815468ffffff,560,TRUE
870815469ffffff,0,TRUE
87081546affffff,95.6,TRUE
87081546bffffff,0,TRUE
87081546cffffff,533.7,TRUE
87081546dffffff,417.4,TRUE
87081546effffff,0,TRUE
870815470ffffff,0,TRUE
870815471ffffff,0,TRUE
870815472ffffff,234.6,TRUE
870815473ffffff,0,TRUE
870815474ffffff,0,TRUE
870815475ffffff,0,TRUE
870815476ffffff,0,TRUE
870815480ffffff,199.8,TRUE
870815481ffffff,1465.4,FALSE
870815482ffffff,1769.4,FALSE
870815483ffffff,2369.6,FALSE
870815484ffffff,200.8,TRUE
870815485ffffff,403.5,TRUE
870815486ffffff,140.6,TRUE
870815488ffffff,0,TRUE
870815489ffffff,314.1,TRUE
87081548affffff,1194.6,FALSE
87081548bffffff,383.3,TRUE
87081548cffffff,1403.9,FALSE
87081548dffffff,1578.8,FALSE
87081548effffff,773.2,TRUE
870815490ffffff,985.3,FALSE
870815491ffffff,2016.4,FALSE
870815492ffffff,0,TRUE
870815493ffffff,412.5,TRUE
870815494ffffff,606.5,TRUE
870815495ffffff,1285.7,FALSE
870815496ffffff,0,TRUE
870815498ffffff,3455,FALSE
870815499ffffff,1770.3,FALSE
87081549affffff,2872,FALSE
87081549bffffff,1882.4,FALSE
87081549cffffff,3515.3,FALSE
87081549dffffff,2092.7,FALSE
87081549effffff,2327.4,FALSE
8708154a0ffffff,61.2,TRUE
8708154a1ffffff,0,TRUE
8708154a2ffffff,826.1,TRUE
8708154a3ffffff,0,TRUE
8708154a4ffffff,129,TRUE
8708154a5ffffff,394,TRUE
8708154a6ffffff,1255.7,FALSE
8708154a8ffffff,658.8,TRUE
8708154a9ffffff,1434.7,FALSE
8708154aaffffff,0,TRUE
8708154abffffff,1728.1,FALSE
8708154acffffff,0,TRUE
8708154adffffff,624,TRUE
8708154aeffffff,0,TRUE
8708154b0ffffff,753.6,TRUE
8708154b1ffffff,1292.5,FALSE
8708154b2ffffff,552.7,TRUE
8708154b3ffffff,901.8,TRUE
8708154b4ffffff,487.5,TRUE
8708154b5ffffff,678.9,TRUE
8708154b6ffffff,0,TRUE
8708154c0ffffff,0,TRUE
8708154c1ffffff,0,TRUE
8708154c2ffffff,221.2,TRUE
8708154c3ffffff,0,TRUE
8708154c4ffffff,0,TRUE
8708154c5ffffff,0,TRUE
8708154c6ffffff,0,TRUE
8708154c8ffffff,0,TRUE
8708154c9ffffff,0,TRUE
8708154caffffff,1077.7,FALSE
8708154cbffffff,0,TRUE
8708154ccffffff,0,TRUE
8708154cdffffff,0,TRUE
8708154ceffffff,0,TRUE
8708154d0ffffff,0,TRUE
8708154d1ffffff,0,TRUE
8708154d2ffffff,0,TRUE
8708154d3ffffff,0,TRUE
8708154d4ffffff,249.3,TRUE
8708154d5ffffff,19.1,TRUE
8708154d6ffffff,0,TRUE
8708154d8ffffff,0,TRUE
8708154d9ffffff,918.3,TRUE
8708154daffffff,0,TRUE
8708154dbffffff,491.1,TRUE
8708154dcffffff,0,TRUE
8708154ddffffff,0,TRUE
8708154deffffff,0,TRUE
8708154e0ffffff,1.8,TRUE
8708154e1ffffff,39.8,TRUE
8708154e2ffffff,283,TRUE
8708154e3ffffff,990,TRUE
8708154e4ffffff,0,TRUE
8708154e5ffffff,43.8,TRUE
8708154e6ffffff,0,TRUE
8708154e8ffffff,0,TRUE
8708154e9ffffff,0,TRUE
8708154eaffffff,0,TRUE
8708154ebffffff,0,TRUE
8708154ecffffff,138.1,TRUE
8708154edffffff,33.3,TRUE
8708154eeffffff,0,TRUE
8708154f0ffffff,1166.1,FALSE
8708154f1ffffff,326.3,TRUE
8708154f2ffffff,0,TRUE
8708154f3ffffff,0,TRUE
8708154f4ffffff,1745.3,FALSE
8708154f5ffffff,911.8,FALSE
8708154f6ffffff,1783.2,FALSE
870815500ffffff,9.1,TRUE
870815501ffffff,290.8,TRUE
870815502ffffff,362.2,TRUE
870815503ffffff,0,TRUE
870815504ffffff,0,TRUE
870815505ffffff,0,TRUE
870815506ffffff,990.4,TRUE
870815508ffffff,2174,FALSE
870815509ffffff,2553.1,FALSE
87081550affffff,1883.7,FALSE
87081550bffffff,2234.7,FALSE
87081550cffffff,713.6,TRUE
87081550dffffff,2540,FALSE
87081550effffff,438.2,TRUE
870815510ffffff,2275,FALSE
870815511ffffff,628.4,TRUE
870815512ffffff,1673.3,FALSE
870815513ffffff,605.6,TRUE
870815514ffffff,2833.2,FALSE
870815515ffffff,902,TRUE
870815516ffffff,1561.4,FALSE
870815518ffffff,1746.3,FALSE
870815519ffffff,425.2,TRUE
87081551affffff,1505.7,FALSE
87081551bffffff,80.2,TRUE
87081551cffffff,972.7,TRUE
87081551dffffff,486.8,TRUE
87081551effffff,1963.9,FALSE
870815520ffffff,0,TRUE
870815521ffffff,800.5,TRUE
870815522ffffff,829.7,TRUE
870815523ffffff,670.2,TRUE
870815524ffffff,636.6,TRUE
870815525ffffff,0,TRUE
870815526ffffff,590.1,TRUE
870815528ffffff,158.3,TRUE
870815529ffffff,308.1,TRUE
87081552affffff,186.4,TRUE
87081552bffffff,1245.7,FALSE
87081552cffffff,305.3,TRUE
87081552dffffff,864.4,TRUE
87081552effffff,26.2,TRUE
870815530ffffff,529.2,TRUE
870815531ffffff,1077.4,FALSE
870815532ffffff,2223.8,FALSE
870815533ffffff,2204.4,FALSE
870815534ffffff,559.1,TRUE
870815535ffffff,175.6,TRUE
870815536ffffff,736.4,TRUE
870815540ffffff,423.4,TRUE
870815541ffffff,0,TRUE
870815542ffffff,0,TRUE
870815543ffffff,0,TRUE
870815544ffffff,2189.4,FALSE
870815545ffffff,378.1,TRUE
870815546ffffff,1214.8,FALSE
870815548ffffff,0,TRUE
870815549ffffff,806.8,TRUE
87081554affffff,0,TRUE
87081554bffffff,140,TRUE
87081554cffffff,0,TRUE
87081554dffffff,0,TRUE
87081554effffff,0,TRUE
870815550ffffff,0,TRUE
870815551ffffff,0,TRUE
870815552ffffff,0,TRUE
870815553ffffff,0,TRUE
870815554ffffff,1207.7,FALSE
870815555ffffff,0,TRUE
870815556ffffff,929.4,TRUE
870815558ffffff,0,TRUE
870815559ffffff,0,TRUE
87081555affffff,0,TRUE
87081555bffffff,0,TRUE
87081555cffffff,0,TRUE
87081555dffffff,0,TRUE
87081555effffff,0,TRUE
870815560ffffff,1102.6,TRUE
870815561ffffff,780.1,TRUE
870815562ffffff,1815.6,FALSE
870815563ffffff,1371.8,FALSE
870815564ffffff,0,TRUE
870815565ffffff,258.1,TRUE
870815566ffffff,0,TRUE
870815568ffffff,0,TRUE
870815569ffffff,0,TRUE
87081556affffff,0,TRUE
87081556bffffff,0,TRUE
87081556cffffff,0,TRUE
87081556dffffff,0,TRUE
87081556effffff,139.5,TRUE
870815570ffffff,2361,FALSE
870815571ffffff,2714.2,FALSE
870815572ffffff,3276.5,FALSE
870815573ffffff,1881.6,FALSE
870815574ffffff,1603.8,FALSE
870815575ffffff,700.5,TRUE
870815576ffffff,2359.5,FALSE
870815580ffffff,89.8,TRUE
870815581ffffff,1310.9,FALSE
870815582ffffff,0,TRUE
870815583ffffff,0,TRUE
870815584ffffff,0,TRUE
870815585ffffff,0,TRUE
870815586ffffff,0,TRUE
870815588ffffff,104.6,TRUE
870815589ffffff,102.9,TRUE
87081558affffff,0,TRUE
87081558bffffff,0,TRUE
87081558cffffff,158,TRUE
87081558dffffff,0,TRUE
87081558effffff,126.4,TRUE
870815590ffffff,0,TRUE
870815591ffffff,0,TRUE
870815592ffffff,0,TRUE
870815593ffffff,0,TRUE
870815594ffffff,0,TRUE
870815595ffffff,0,TRUE
870815596ffffff,219.5,TRUE
870815598ffffff,0,TRUE
870815599ffffff,430.2,TRUE
87081559affffff,0,TRUE
87081559bffffff,0,TRUE
87081559cffffff,0,TRUE
87081559dffffff,0,TRUE
87081559effffff,0,TRUE
8708155a0ffffff,0,TRUE
8708155a1ffffff,1329.7,FALSE
8708155a2ffffff,0,TRUE
8708155a3ffffff,1075.9,TRUE
8708155a4ffffff,0,TRUE
8708155a5ffffff,0,TRUE
8708155a6ffffff,190.2,TRUE
8708155a8ffffff,385.1,TRUE
8708155a9ffffff,375.5,TRUE
8708155aaffffff,0,TRUE
8708155abffffff,92.5,TRUE
8708155acffffff,360,TRUE
8708155adffffff,854.1,TRUE
8708155aeffffff,285.4,TRUE
8708155b0ffffff,0,TRUE
8708155b1ffffff,0,TRUE
8708155b2ffffff,0,TRUE
8708155b3ffffff,0,TRUE
8708155b4ffffff,159.1,TRUE
8708155b5ffffff,0,TRUE
8708155b6ffffff,0,TRUE
870815600ffffff,2143.4,FALSE
870815601ffffff,2050.3,FALSE
870815602ffffff,475.1,TRUE
870815603ffffff,691,TRUE
870815604ffffff,2192.3,FALSE
870815605ffffff,1203.3,FALSE
870815606ffffff,2454.8,FALSE
870815608ffffff,974.8,FALSE
870815609ffffff,305.6,TRUE
87081560affffff,0,TRUE
87081560bffffff,0,TRUE
87081560cffffff,2446.5,FALSE
87081560dffffff,2342.2,FALSE
87081560effffff,1029.4,TRUE
870815610ffffff,779.2,TRUE
870815611ffffff,189.8,TRUE
870815612ffffff,943,TRUE
870815613ffffff,225.4,TRUE
870815614ffffff,1051.2,FALSE
870815615ffffff,970,TRUE
870815616ffffff,0,TRUE
870815618ffffff,0,TRUE
870815619ffffff,0,TRUE
87081561affffff,1339.7,FALSE
87081561bffffff,0,TRUE
87081561cffffff,206.2,TRUE
87081561dffffff,58.2,TRUE
87081561effffff,0,TRUE
870815620ffffff,2005,FALSE
870815621ffffff,1421.2,FALSE
870815622ffffff,3207.6,FALSE
870815623ffffff,1316.4,FALSE
870815624ffffff,753.7,TRUE
870815625ffffff,559.9,TRUE
870815626ffffff,2371.9,FALSE
870815628ffffff,0,TRUE
870815629ffffff,1097,TRUE
87081562affffff,453.2,TRUE
87081562bffffff,1939,FALSE
87081562cffffff,0,TRUE
87081562dffffff,0,TRUE
87081562effffff,0,TRUE
870815630ffffff,2890.4,FALSE
870815631ffffff,3970.3,FALSE
870815632ffffff,2354.9,FALSE
870815633ffffff,2860.4,FALSE
870815634ffffff,2600.7,FALSE
870815635ffffff,4084.2,FALSE
870815636ffffff,1008.4,FALSE
870815640ffffff,369.7,TRUE
870815641ffffff,0,TRUE
870815642ffffff,0,TRUE
870815643ffffff,0,TRUE
870815644ffffff,0,TRUE
870815645ffffff,0,TRUE
870815646ffffff,0,TRUE
870815648ffffff,9.8,TRUE
870815649ffffff,237.9,TRUE
87081564affffff,53.5,TRUE
87081564bffffff,620.8,TRUE
87081564cffffff,214.2,TRUE
87081564dffffff,1531.9,FALSE
87081564effffff,553.8,TRUE
870815650ffffff,0,TRUE
870815651ffffff,0,TRUE
870815652ffffff,0,TRUE
870815653ffffff,0,TRUE
870815654ffffff,0,TRUE
870815655ffffff,0,TRUE
870815656ffffff,0,TRUE
870815658ffffff,0,TRUE
870815659ffffff,0,TRUE
87081565affffff,295,TRUE
87081565bffffff,162.4,TRUE
87081565cffffff,147.8,TRUE
87081565dffffff,0,TRUE
87081565effffff,0,TRUE
870815660ffffff,0,TRUE
870815661ffffff,0,TRUE
870815662ffffff,0,TRUE
870815663ffffff,0,TRUE
870815664ffffff,0,TRUE
870815665ffffff,0,TRUE
870815666ffffff,805.6,TRUE
870815668ffffff,2428.2,FALSE
870815669ffffff,3431,FALSE
87081566affffff,1106.2,FALSE
87081566bffffff,2021.5,FALSE
87081566cffffff,763.9,TRUE
87081566dffffff,2693.9,FALSE
87081566effffff,632,TRUE
870815670ffffff,1542.8,FALSE
870815671ffffff,56.2,TRUE
870815672ffffff,1748.8,FALSE
870815673ffffff,1186.2,FALSE
870815674ffffff,2816.1,FALSE
870815675ffffff,1340.7,FALSE
870815676ffffff,3188.7,FALSE
870815680ffffff,2572.7,FALSE
870815681ffffff,764.7,TRUE
870815682ffffff,3027.7,FALSE
870815683ffffff,1191.9,FALSE
870815684ffffff,3541.6,FALSE
870815685ffffff,1870.4,FALSE
870815686ffffff,4425.7,FALSE
870815688ffffff,445.3,TRUE
870815689ffffff,671.2,TRUE
87081568affffff,0,TRUE
87081568bffffff,31.3,TRUE
87081568cffffff,9.1,TRUE
87081568dffffff,583,TRUE
87081568effffff,88.6,TRUE
870815690ffffff,2271.3,FALSE
870815691ffffff,2389.4,FALSE
870815692ffffff,701.5,TRUE
870815693ffffff,1189.1,FALSE
870815694ffffff,4182.5,FALSE
870815695ffffff,4023.6,FALSE
870815696ffffff,2855.3,FALSE
870815698ffffff,0,TRUE
870815699ffffff,292.2,TRUE
87081569affffff,0,TRUE
87081569bffffff,495.1,TRUE
87081569cffffff,926.6,TRUE
87081569dffffff,209.6,TRUE
87081569effffff,335.5,TRUE
8708156a0ffffff,1489.7,FALSE
8708156a1ffffff,0,TRUE
8708156a2ffffff,1882.1,FALSE
8708156a3ffffff,1725.9,FALSE
8708156a4ffffff,0,TRUE
8708156a5ffffff,830.2,TRUE
8708156a6ffffff,0,TRUE
8708156a8ffffff,364.4,TRUE
8708156a9ffffff,335.6,TRUE
8708156aaffffff,120,TRUE
8708156abffffff,0,TRUE
8708156acffffff,0,TRUE
8708156adffffff,669.3,TRUE
8708156aeffffff,725.6,TRUE
8708156b0ffffff,2997.9,FALSE
8708156b1ffffff,3051.2,FALSE
8708156b2ffffff,4730.5,FALSE
8708156b3ffffff,4656.3,FALSE
8708156b4ffffff,1508.8,FALSE
8708156b5ffffff,1292.3,FALSE
8708156b6ffffff,2997.6,FALSE
8708156c0ffffff,0,TRUE
8708156c1ffffff,0,TRUE
8708156c2ffffff,0,TRUE
8708156c3ffffff,489.3,TRUE
8708156c4ffffff,158.3,TRUE
8708156c5ffffff,0,TRUE
8708156c6ffffff,0,TRUE
8708156c8ffffff,0,TRUE
8708156c9ffffff,0,TRUE
8708156caffffff,0,TRUE
8708156cbffffff,200,TRUE
8708156ccffffff,0,TRUE
8708156cdffffff,196.6,TRUE
8708156ceffffff,0,TRUE
8708156d0ffffff,0,TRUE
8708156d1ffffff,0,TRUE
8708156d2ffffff,279.1,TRUE
8708156d3ffffff,0,TRUE
8708156d4ffffff,0,TRUE
8708156d5ffffff,0,TRUE
8708156d6ffffff,0,TRUE
8708156d8ffffff,224.7,TRUE
8708156d9ffffff,0,TRUE
8708156daffffff,85.3,TRUE
8708156dbffffff,0,TRUE
8708156dcffffff,657.7,TRUE
8708156ddffffff,0,TRUE
8708156deffffff,0,TRUE
8708156e0ffffff,0,TRUE
8708156e1ffffff,0,TRUE
8708156e2ffffff,98.2,TRUE
8708156e3ffffff,0,TRUE
8708156e4ffffff,0,TRUE
8708156e5ffffff,0,TRUE
8708156e6ffffff,0,TRUE
8708156e8ffffff,0,TRUE
8708156e9ffffff,0,TRUE
8708156eaffffff,0,TRUE
8708156ebffffff,0,TRUE
8708156ecffffff,0,TRUE
8708156edffffff,0,TRUE
8708156eeffffff,0,TRUE
8708156f0ffffff,0,TRUE
8708156f1ffffff,0,TRUE
8708156f2ffffff,132.9,TRUE
8708156f3ffffff,0,TRUE
8708156f4ffffff,610.6,TRUE
8708156f5ffffff,0,TRUE
8708156f6ffffff,170.9,TRUE
870815700ffffff,0,TRUE
870815701ffffff,208,TRUE
870815702ffffff,0,TRUE
870815703ffffff,0,TRUE
870815704ffffff,0,TRUE
870815705ffffff,145.4,TRUE
870815706ffffff,0,TRUE
870815708ffffff,52.4,TRUE
870815709ffffff,0,TRUE
87081570affffff,485.8,TRUE
87081570bffffff,408.2,TRUE
87081570cffffff,0,TRUE
87081570dffffff,0,TRUE
87081570effffff,0,TRUE
870815710ffffff,0,TRUE
870815711ffffff,415.6,TRUE
870815712ffffff,124.2,TRUE
870815713ffffff,615.7,TRUE
870815714ffffff,0,TRUE
870815715ffffff,0,TRUE
870815716ffffff,0,TRUE
870815718ffffff,1133.8,FALSE
870815719ffffff,943,TRUE
87081571affffff,1868.2,FALSE
87081571bffffff,2267.2,FALSE
87081571cffffff,0,TRUE
87081571dffffff,172,TRUE
87081571effffff,193.7,TRUE
870815720ffffff,0,TRUE
870815721ffffff,0,TRUE
870815722ffffff,0,TRUE
870815723ffffff,0,TRUE
870815724ffffff,0,TRUE
870815725ffffff,133.1,TRUE
870815726ffffff,0,TRUE
870815728ffffff,0,TRUE
870815729ffffff,0,TRUE
87081572affffff,0,TRUE
87081572bffffff,0,TRUE
87081572cffffff,0,TRUE
87081572dffffff,604.2,TRUE
87081572effffff,247,TRUE
870815730ffffff,0,TRUE
870815731ffffff,0,TRUE
870815732ffffff,0,TRUE
870815733ffffff,28.6,TRUE
870815734ffffff,0,TRUE
870815735ffffff,20.1,TRUE
870815736ffffff,0,TRUE
870815740ffffff,328.4,TRUE
870815741ffffff,196.7,TRUE
870815742ffffff,806,TRUE
870815743ffffff,0,TRUE
870815744ffffff,0,TRUE
870815745ffffff,0,TRUE
870815746ffffff,930.2,TRUE
870815748ffffff,0,TRUE
870815749ffffff,0,TRUE
87081574affffff,721.3,TRUE
87081574bffffff,0,TRUE
87081574cffffff,0,TRUE
87081574dffffff,0,TRUE
87081574effffff,0,TRUE
870815750ffffff,235.8,TRUE
870815751ffffff,290.1,TRUE
870815752ffffff,902.8,TRUE
870815753ffffff,256.7,TRUE
870815754ffffff,0,TRUE
870815755ffffff,0,TRUE
870815756ffffff,0,TRUE
870815758ffffff,2528.2,FALSE
870815759ffffff,1710.4,FALSE
87081575affffff,1296.6,FALSE
87081575bffffff,2461.4,FALSE
87081575cffffff,1100.9,TRUE
87081575dffffff,1295.5,FALSE
87081575effffff,977.8,TRUE
870815760ffffff,0,TRUE
870815761ffffff,0,TRUE
870815762ffffff,0,TRUE
870815763ffffff,0,TRUE
870815764ffffff,159.3,TRUE
870815765ffffff,0,TRUE
870815766ffffff,105.9,TRUE
870815768ffffff,223.9,TRUE
870815769ffffff,0,TRUE
87081576affffff,0,TRUE
87081576bffffff,494.2,TRUE
87081576cffffff,0,TRUE
87081576dffffff,0,TRUE
87081576effffff,0,TRUE
870815770ffffff,0,TRUE
870815771ffffff,0,TRUE
870815772ffffff,0,TRUE
870815773ffffff,0,TRUE
870815774ffffff,0,TRUE
870815775ffffff,0,TRUE
870815776ffffff,0,TRUE
870815780ffffff,3185.5,FALSE
870815781ffffff,1932.3,FALSE
870815782ffffff,2197.9,FALSE
870815783ffffff,1277.6,FALSE
870815784ffffff,1485.8,FALSE
870815785ffffff,1964.5,FALSE
870815786ffffff,3120.4,FALSE
870815788ffffff,0,TRUE
870815789ffffff,1347.9,FALSE
87081578affffff,407.9,TRUE
87081578bffffff,0,TRUE
87081578cffffff,0,TRUE
87081578dffffff,751,TRUE
87081578effffff,281.9,TRUE
870815790ffffff,759.4,TRUE
870815791ffffff,420.9,TRUE
870815792ffffff,0,TRUE
870815793ffffff,0,TRUE
870815794ffffff,377.7,TRUE
870815795ffffff,1949.6,FALSE
870815796ffffff,51.9,TRUE
870815798ffffff,73.6,TRUE
870815799ffffff,773.9,TRUE
87081579affffff,0,TRUE
87081579bffffff,0,TRUE
87081579cffffff,654.2,TRUE
87081579dffffff,469.3,TRUE
87081579effffff,0,TRUE
8708157a0ffffff,361.9,TRUE
8708157a1ffffff,817.4,TRUE
8708157a2ffffff,0,TRUE
8708157a3ffffff,0,TRUE
8708157a4ffffff,0,TRUE
8708157a5ffffff,0,TRUE
8708157a6ffffff,0,TRUE
8708157a8ffffff,161.1,TRUE
8708157a9ffffff,1105.9,TRUE
8708157aaffffff,1695.3,FALSE
8708157abffffff,546.7,TRUE
8708157acffffff,0,TRUE
8708157adffffff,98.1,TRUE
8708157aeffffff,1612.2,FALSE
8708157b0ffffff,779.1,TRUE
8708157b1ffffff,1484.5,FALSE
8708157b2ffffff,0,TRUE
8708157b3ffffff,1187.7,FALSE
8708157b4ffffff,0,TRUE
8708157b5ffffff,0,TRUE
8708157b6ffffff,0,TRUE
870815804ffffff,434.8,TRUE
870815810ffffff,1175.3,FALSE
870815811ffffff,486.3,TRUE
870815812ffffff,772.5,TRUE
870815813ffffff,0,TRUE
870815818ffffff,163.8,TRUE
870815819ffffff,524.3,TRUE
87081581affffff,0,TRUE
87081581bffffff,0,TRUE
87081581cffffff,0,TRUE
87081581dffffff,455.4,TRUE
87081581effffff,515.8,TRUE
870815820ffffff,0,TRUE
870815821ffffff,0,TRUE
870815822ffffff,0,TRUE
870815823ffffff,292,TRUE
870815824ffffff,0,TRUE
870815825ffffff,0,TRUE
870815826ffffff,0,TRUE
87081582cffffff,115.9,TRUE
87081582effffff,0,TRUE
870815830ffffff,0,TRUE
870815831ffffff,0,TRUE
870815834ffffff,0,TRUE
870815835ffffff,0,TRUE
870815836ffffff,0,TRUE
870815840ffffff,0,TRUE
870815841ffffff,25.3,TRUE
870815843ffffff,545.5,TRUE
870815844ffffff,0,TRUE
870815845ffffff,0,TRUE
870815846ffffff,0,TRUE
870815848ffffff,110.7,TRUE
870815849ffffff,0,TRUE
87081584bffffff,0,TRUE
87081584cffffff,0,TRUE
87081584dffffff,0,TRUE
87081584effffff,77.8,TRUE
870815860ffffff,107,TRUE
870815861ffffff,0,TRUE
870815862ffffff,0,TRUE
870815863ffffff,0,TRUE
870815864ffffff,0,TRUE
870815865ffffff,0,TRUE
870815866ffffff,1039.5,TRUE
870815868ffffff,0,TRUE
870815869ffffff,0,TRUE
87081586affffff,0,TRUE
87081586bffffff,0,TRUE
87081586cffffff,0,TRUE
87081586dffffff,0,TRUE
87081586effffff,0,TRUE
870815870ffffff,442,TRUE
870815871ffffff,0,TRUE
870815873ffffff,547.2,TRUE
870815875ffffff,0,TRUE
870815881ffffff,684.9,TRUE
870815882ffffff,0,TRUE
870815883ffffff,1072.9,FALSE
870815884ffffff,779.6,TRUE
870815885ffffff,1273.3,FALSE
870815886ffffff,806,TRUE
870815888ffffff,0,TRUE
870815889ffffff,23,TRUE
87081588affffff,43.6,TRUE
87081588bffffff,0,TRUE
87081588cffffff,0,TRUE
87081588dffffff,87,TRUE
87081588effffff,0,TRUE
870815890ffffff,697.7,TRUE
870815891ffffff,0,TRUE
870815892ffffff,0,TRUE
870815893ffffff,182.9,TRUE
870815894ffffff,0,TRUE
870815895ffffff,559.4,TRUE
870815896ffffff,441.1,TRUE
870815898ffffff,1746.6,FALSE
870815899ffffff,1424.3,FALSE
87081589affffff,1546.2,FALSE
87081589bffffff,424.4,TRUE
87081589cffffff,69,TRUE
87081589dffffff,1000,FALSE
87081589effffff,970.3,TRUE
8708158a0ffffff,941.2,TRUE
8708158a1ffffff,1167.3,FALSE
8708158a2ffffff,0,TRUE
8708158a4ffffff,0,TRUE
8708158a5ffffff,282,TRUE
8708158a6ffffff,394.2,TRUE
8708158a8ffffff,239.7,TRUE
8708158a9ffffff,0,TRUE
8708158aaffffff,0,TRUE
8708158abffffff,0,TRUE
8708158acffffff,45.2,TRUE
8708158adffffff,887.2,TRUE
8708158aeffffff,608.7,TRUE
8708158b0ffffff,0,TRUE
8708158b1ffffff,0,TRUE
8708158b2ffffff,0,TRUE
8708158b3ffffff,183.2,TRUE
8708158b4ffffff,482.4,TRUE
8708158b5ffffff,198.9,TRUE
8708158b6ffffff,0,TRUE
8708158c0ffffff,0,TRUE
8708158c1ffffff,592.4,TRUE
8708158c2ffffff,0,TRUE
8708158c3ffffff,506.6,TRUE
8708158c4ffffff,0,TRUE
8708158c5ffffff,0,TRUE
8708158c6ffffff,0,TRUE
8708158d0ffffff,739.8,TRUE
8708158d1ffffff,640.5,TRUE
8708158d2ffffff,383.1,TRUE
8708158d3ffffff,450.3,TRUE
8708158d4ffffff,0,TRUE
8708158d5ffffff,0,TRUE
8708158d6ffffff,102.4,TRUE
8708158d8ffffff,3349.4,FALSE
8708158d9ffffff,4719.7,FALSE
8708158daffffff,2367.4,FALSE
8708158dbffffff,3316.9,FALSE
8708158dcffffff,1211.7,FALSE
8708158ddffffff,2653.6,FALSE
8708158deffffff,2372.3,FALSE
8708158e0ffffff,0,TRUE
8708158e1ffffff,668.6,TRUE
8708158e2ffffff,0,TRUE
8708158e3ffffff,0,TRUE
8708158e4ffffff,275.1,TRUE
8708158e5ffffff,1099.9,FALSE
8708158e6ffffff,110.5,TRUE
8708158f0ffffff,0,TRUE
8708158f1ffffff,0,TRUE
8708158f2ffffff,0,TRUE
8708158f3ffffff,0,TRUE
8708158f4ffffff,0,TRUE
8708158f5ffffff,149.5,TRUE
8708158f6ffffff,0,TRUE
870815900ffffff,0,TRUE
870815901ffffff,298.2,TRUE
870815902ffffff,0,TRUE
870815903ffffff,0,TRUE
870815904ffffff,0,TRUE
870815905ffffff,0,TRUE
870815906ffffff,0,TRUE
870815908ffffff,0,TRUE
870815909ffffff,0,TRUE
87081590affffff,0,TRUE
87081590bffffff,0,TRUE
87081590cffffff,2.9,TRUE
87081590dffffff,0,TRUE
87081590effffff,0,TRUE
870815910ffffff,213.8,TRUE
870815911ffffff,982.9,TRUE
870815912ffffff,281.3,TRUE
870815913ffffff,0,TRUE
870815914ffffff,0,TRUE
870815915ffffff,0,TRUE
870815916ffffff,0,TRUE
870815918ffffff,114.3,TRUE
870815919ffffff,0,TRUE
87081591affffff,0,TRUE
87081591bffffff,0,TRUE
87081591cffffff,0,TRUE
87081591dffffff,0,TRUE
87081591effffff,353.7,TRUE
870815920ffffff,242.2,TRUE
870815921ffffff,0,TRUE
870815922ffffff,931.7,TRUE
870815923ffffff,0,TRUE
870815924ffffff,0,TRUE
870815925ffffff,0,TRUE
870815926ffffff,0,TRUE
870815928ffffff,142.5,TRUE
870815929ffffff,0,TRUE
87081592affffff,0,TRUE
87081592bffffff,0,TRUE
87081592cffffff,45.9,TRUE
87081592dffffff,145,TRUE
87081592effffff,0,TRUE
870815930ffffff,0,TRUE
870815931ffffff,0,TRUE
870815932ffffff,0,TRUE
870815933ffffff,0,TRUE
870815934ffffff,562.6,TRUE
870815935ffffff,22.9,TRUE
870815936ffffff,82,TRUE
870815940ffffff,961.5,TRUE
870815942ffffff,862.7,TRUE
870815944ffffff,0,TRUE
870815945ffffff,1145,FALSE
870815946ffffff,0,TRUE
870815948ffffff,0,TRUE
870815949ffffff,0,TRUE
87081594affffff,0,TRUE
87081594bffffff,0,TRUE
87081594dffffff,762.9,TRUE
87081594effffff,463.1,TRUE
870815950ffffff,0,TRUE
870815951ffffff,285.1,TRUE
870815952ffffff,0,TRUE
870815953ffffff,320.2,TRUE
870815954ffffff,0,TRUE
870815955ffffff,0,TRUE
870815956ffffff,0,TRUE
870815958ffffff,203.7,TRUE
870815959ffffff,181.4,TRUE
87081595affffff,1934.6,FALSE
87081595bffffff,1745,FALSE
87081595dffffff,0,TRUE
870815960ffffff,584.8,TRUE
870815961ffffff,55.1,TRUE
870815962ffffff,244.9,TRUE
870815963ffffff,811.6,TRUE
870815964ffffff,234.1,TRUE
870815965ffffff,230,TRUE
870815966ffffff,0,TRUE
870815968ffffff,0,TRUE
87081596affffff,900.9,TRUE
87081596cffffff,674.2,TRUE
87081596dffffff,0,TRUE
87081596effffff,0,TRUE
870815970ffffff,0,TRUE
870815971ffffff,85.5,TRUE
870815972ffffff,265.6,TRUE
870815973ffffff,0,TRUE
870815974ffffff,0,TRUE
870815975ffffff,0,TRUE
870815976ffffff,0,TRUE
870815980ffffff,0,TRUE
870815981ffffff,0,TRUE
870815982ffffff,0,TRUE
870815983ffffff,0,TRUE
870815984ffffff,515.1,TRUE
870815985ffffff,821.4,TRUE
870815986ffffff,0,TRUE
870815988ffffff,0,TRUE
87081598affffff,520.8,TRUE
87081598bffffff,262.6,TRUE
87081598cffffff,526.3,TRUE
87081598effffff,0,TRUE
870815990ffffff,0,TRUE
870815991ffffff,0,TRUE
870815992ffffff,0,TRUE
870815993ffffff,324.8,TRUE
870815994ffffff,0,TRUE
870815995ffffff,0,TRUE
870815996ffffff,0,TRUE
870815998ffffff,0,TRUE
870815999ffffff,0,TRUE
87081599affffff,0,TRUE
87081599bffffff,0,TRUE
87081599cffffff,0,TRUE
87081599dffffff,0,TRUE
87081599effffff,0,TRUE
8708159a0ffffff,0,TRUE
8708159a1ffffff,0,TRUE
8708159a2ffffff,0,TRUE
8708159a3ffffff,860.3,TRUE
8708159a4ffffff,0,TRUE
8708159a5ffffff,0,TRUE
8708159a6ffffff,0,TRUE
8708159a8ffffff,0,TRUE
8708159a9ffffff,0,TRUE
8708159aaffffff,637.2,TRUE
8708159abffffff,86.3,TRUE
8708159acffffff,0,TRUE
8708159adffffff,0,TRUE
8708159aeffffff,0,TRUE
8708159b0ffffff,500.6,TRUE
8708159b1ffffff,386,TRUE
8708159b2ffffff,230.8,TRUE
8708159b3ffffff,0,TRUE
8708159b4ffffff,0,TRUE
8708159b5ffffff,11.7,TRUE
8708159b6ffffff,721.8,TRUE
870815a00ffffff,0,TRUE
870815a01ffffff,98.6,TRUE
870815a02ffffff,435.2,TRUE
870815a03ffffff,576.3,TRUE
870815a04ffffff,0,TRUE
870815a05ffffff,0,TRUE
870815a06ffffff,0,TRUE
870815a08ffffff,0,TRUE
870815a09ffffff,0,TRUE
870815a0bffffff,256.3,TRUE
870815a0cffffff,184.7,TRUE
870815a0dffffff,0,TRUE
870815a0effffff,845.1,TRUE
870815a20ffffff,293.9,TRUE
870815a21ffffff,0,TRUE
870815a22ffffff,576,TRUE
870815a23ffffff,56.7,TRUE
870815a24ffffff,359.9,TRUE
870815a25ffffff,304.3,TRUE
870815a26ffffff,2041.4,FALSE
870815a28ffffff,0,TRUE
870815a29ffffff,0,TRUE
870815a2affffff,0,TRUE
870815a2bffffff,0,TRUE
870815a2cffffff,0,TRUE
870815a2dffffff,0,TRUE
870815a2effffff,0,TRUE
870815a30ffffff,0,TRUE
870815a31ffffff,0,TRUE
870815a33ffffff,119.8,TRUE
870815a34ffffff,363.1,TRUE
870815a35ffffff,810.7,TRUE
870815a36ffffff,0,TRUE
870815a40ffffff,0,TRUE
870815a41ffffff,0,TRUE
870815a42ffffff,402,TRUE
870815a43ffffff,0,TRUE
870815a44ffffff,0,TRUE
870815a45ffffff,28.8,TRUE
870815a46ffffff,81.2,TRUE
870815a48ffffff,20.7,TRUE
870815a49ffffff,0,TRUE
870815a4affffff,97.8,TRUE
870815a4bffffff,0,TRUE
870815a4cffffff,309.6,TRUE
870815a4dffffff,0,TRUE
870815a4effffff,146.2,TRUE
870815a50ffffff,2.3,TRUE
870815a51ffffff,52,TRUE
870815a52ffffff,0,TRUE
870815a53ffffff,0,TRUE
870815a54ffffff,0,TRUE
870815a55ffffff,0,TRUE
870815a56ffffff,0,TRUE
870815a58ffffff,0,TRUE
870815a59ffffff,0,TRUE
870815a5affffff,0,TRUE
870815a5bffffff,42.4,TRUE
870815a5cffffff,0,TRUE
870815a5dffffff,0,TRUE
870815a5effffff,0,TRUE
870815a60ffffff,0,TRUE
870815a61ffffff,0,TRUE
870815a62ffffff,0,TRUE
870815a63ffffff,1.6,TRUE
870815a64ffffff,7.4,TRUE
870815a65ffffff,0,TRUE
870815a66ffffff,0,TRUE
870815a68ffffff,0,TRUE
870815a69ffffff,0,TRUE
870815a6affffff,0,TRUE
870815a6bffffff,0,TRUE
870815a6cffffff,0,TRUE
870815a6dffffff,0,TRUE
870815a6effffff,0,TRUE
870815a70ffffff,124.1,TRUE
870815a71ffffff,0,TRUE
870815a72ffffff,241.1,TRUE
870815a73ffffff,167.4,TRUE
870815a74ffffff,0,TRUE
870815a75ffffff,0,TRUE
870815a76ffffff,0.9,TRUE
870815a80ffffff,1713.3,FALSE
870815a81ffffff,754,TRUE
870815a83ffffff,500.5,TRUE
870815a84ffffff,1629.8,FALSE
870815a85ffffff,803.4,TRUE
870815a88ffffff,0,TRUE
870815a89ffffff,0,TRUE
870815a8affffff,417.6,TRUE
870815a8bffffff,0,TRUE
870815a8cffffff,25.9,TRUE
870815a8dffffff,0,TRUE
870815a8effffff,0,TRUE
870815a90ffffff,322.3,TRUE
870815a91ffffff,986.6,FALSE
870815a92ffffff,106.8,TRUE
870815a93ffffff,0,TRUE
870815a96ffffff,116,TRUE
870815a98ffffff,177.8,TRUE
870815a99ffffff,0,TRUE
870815a9affffff,555.3,TRUE
870815a9bffffff,0,TRUE
870815a9effffff,678.4,TRUE
870815aa0ffffff,2375.4,FALSE
870815aa2ffffff,2188.6,FALSE
870815aa3ffffff,293,TRUE
870815aa4ffffff,4516.6,FALSE
870815aa5ffffff,3433.2,FALSE
870815aa8ffffff,0,TRUE
870815aa9ffffff,100.4,TRUE
870815aaaffffff,0,TRUE
870815aabffffff,0,TRUE
870815aaeffffff,110.2,TRUE
870815ab0ffffff,4941.5,FALSE
870815ab1ffffff,3136.6,FALSE
870815ab5ffffff,4124.7,FALSE
870815ac0ffffff,570.6,TRUE
870815ac2ffffff,0,TRUE
870815ac3ffffff,0,TRUE
870815ac6ffffff,416.4,TRUE
870815ac8ffffff,700,TRUE
870815acaffffff,0,TRUE
870815acbffffff,202.2,TRUE
870815aceffffff,0,TRUE
870815ad0ffffff,0,TRUE
870815ad1ffffff,101.6,TRUE
870815ad2ffffff,0,TRUE
870815ad3ffffff,0,TRUE
870815ad4ffffff,0,TRUE
870815ad5ffffff,0,TRUE
870815ad6ffffff,0,TRUE
870815ad8ffffff,0,TRUE
870815ad9ffffff,0,TRUE
870815adaffffff,0,TRUE
870815adbffffff,0,TRUE
870815adcffffff,0,TRUE
870815addffffff,35.1,TRUE
870815adeffffff,0,TRUE
870815ae5ffffff,767.8,TRUE
870815ae8ffffff,488.9,TRUE
870815ae9ffffff,0,TRUE
870815aecffffff,0,TRUE
870815aedffffff,0,TRUE
870815af2ffffff,153.9,TRUE
870815af3ffffff,556.7,TRUE
870815af4ffffff,753.6,TRUE
870815af6ffffff,0,TRUE
870815b00ffffff,0,TRUE
870815b01ffffff,0,TRUE
870815b02ffffff,209.4,TRUE
870815b03ffffff,103.2,TRUE
870815b04ffffff,0,TRUE
870815b05ffffff,0,TRUE
870815b06ffffff,0,TRUE
870815b08ffffff,695.3,TRUE
870815b09ffffff,314.8,TRUE
870815b0affffff,405.8,TRUE
870815b0bffffff,0,TRUE
870815b0cffffff,0,TRUE
870815b0dffffff,0,TRUE
870815b0effffff,0,TRUE
870815b10ffffff,991.1,TRUE
870815b11ffffff,835.4,TRUE
870815b12ffffff,16.6,TRUE
870815b13ffffff,56.5,TRUE
870815b14ffffff,89.3,TRUE
870815b15ffffff,0,TRUE
870815b16ffffff,562.7,TRUE
870815b18ffffff,464.6,TRUE
870815b19ffffff,1813.5,FALSE
870815b1affffff,0,TRUE
870815b1bffffff,1157.6,FALSE
870815b1cffffff,169.5,TRUE
870815b1dffffff,380.1,TRUE
870815b1effffff,716.5,TRUE
870815b20ffffff,0,TRUE
870815b21ffffff,0,TRUE
870815b22ffffff,368,TRUE
870815b23ffffff,643.4,TRUE
870815b24ffffff,0,TRUE
870815b25ffffff,76.3,TRUE
870815b26ffffff,0,TRUE
870815b28ffffff,0,TRUE
870815b29ffffff,0,TRUE
870815b2affffff,15.7,TRUE
870815b2bffffff,0,TRUE
870815b2cffffff,0,TRUE
870815b2dffffff,0,TRUE
870815b2effffff,221.7,TRUE
870815b30ffffff,0,TRUE
870815b31ffffff,0,TRUE
870815b32ffffff,131.6,TRUE
870815b33ffffff,0,TRUE
870815b34ffffff,123,TRUE
870815b35ffffff,0,TRUE
870815b36ffffff,98.9,TRUE
870815b40ffffff,0,TRUE
870815b41ffffff,181.5,TRUE
870815b42ffffff,198.9,TRUE
870815b43ffffff,217.5,TRUE
870815b44ffffff,0,TRUE
870815b45ffffff,0,TRUE
870815b46ffffff,0,TRUE
870815b48ffffff,0,TRUE
870815b49ffffff,0,TRUE
870815b4affffff,0,TRUE
870815b4bffffff,0,TRUE
870815b4cffffff,62.6,TRUE
870815b4dffffff,350.2,TRUE
870815b4effffff,0,TRUE
870815b50ffffff,0,TRUE
870815b51ffffff,9.1,TRUE
870815b52ffffff,0,TRUE
870815b53ffffff,0,TRUE
870815b54ffffff,146.6,TRUE
870815b55ffffff,0,TRUE
870815b56ffffff,0,TRUE
870815b58ffffff,0,TRUE
870815b59ffffff,0,TRUE
870815b5affffff,0,TRUE
870815b5bffffff,306.1,TRUE
870815b5cffffff,0,TRUE
870815b5dffffff,586.8,TRUE
870815b5effffff,0,TRUE
870815b60ffffff,167.3,TRUE
870815b61ffffff,157.2,TRUE
870815b62ffffff,136.6,TRUE
870815b63ffffff,519.1,TRUE
870815b64ffffff,563.1,TRUE
870815b65ffffff,82.3,TRUE
870815b66ffffff,1072.3,FALSE
870815b68ffffff,82.2,TRUE
870815b69ffffff,1339.8,FALSE
870815b6affffff,0,TRUE
870815b6bffffff,637.8,TRUE
870815b6cffffff,76.2,TRUE
870815b6dffffff,0,TRUE
870815b6effffff,0,TRUE
870815b70ffffff,0,TRUE
870815b71ffffff,0,TRUE
870815b72ffffff,0,TRUE
870815b73ffffff,0,TRUE
870815b74ffffff,144,TRUE
870815b75ffffff,0,TRUE
870815b76ffffff,0,TRUE
870815ba1ffffff,603.5,TRUE
870815ba5ffffff,0,TRUE
870815ba8ffffff,275.3,TRUE
870815ba9ffffff,0,TRUE
870815babffffff,625.1,TRUE
870815bacffffff,0,TRUE
870815badffffff,0,TRUE
870815baeffffff,473.3,TRUE
870815c00ffffff,0,TRUE
870815c01ffffff,0,TRUE
870815c02ffffff,233.5,TRUE
870815c03ffffff,647,TRUE
870815c04ffffff,0,TRUE
870815c05ffffff,0.9,TRUE
870815c06ffffff,0,TRUE
870815c08ffffff,300.8,TRUE
870815c09ffffff,218.1,TRUE
870815c0affffff,0,TRUE
870815c0bffffff,68.3,TRUE
870815c0cffffff,0,TRUE
870815c0dffffff,0,TRUE
870815c0effffff,0,TRUE
870815c10ffffff,0,TRUE
870815c11ffffff,0,TRUE
870815c12ffffff,0,TRUE
870815c13ffffff,0,TRUE
870815c14ffffff,0,TRUE
870815c15ffffff,320.3,TRUE
870815c16ffffff,0,TRUE
870815c18ffffff,39.7,TRUE
870815c19ffffff,0,TRUE
870815c1affffff,0,TRUE
870815c1bffffff,0,TRUE
870815c1cffffff,0,TRUE
870815c1dffffff,0,TRUE
870815c1effffff,0,TRUE
870815c20ffffff,74.5,TRUE
870815c21ffffff,0,TRUE
870815c22ffffff,0,TRUE
870815c23ffffff,54.9,TRUE
870815c24ffffff,0,TRUE
870815c25ffffff,0,TRUE
870815c26ffffff,244.2,TRUE
870815c28ffffff,0,TRUE
870815c29ffffff,0,TRUE
870815c2affffff,525.6,TRUE
870815c2bffffff,50,TRUE
870815c2cffffff,0,TRUE
870815c2dffffff,0,TRUE
870815c2effffff,0,TRUE
870815c30ffffff,0,TRUE
870815c31ffffff,0,TRUE
870815c32ffffff,0,TRUE
870815c33ffffff,0,TRUE
870815c34ffffff,0,TRUE
870815c35ffffff,0,TRUE
870815c36ffffff,0,TRUE
870815c40ffffff,0,TRUE
870815c41ffffff,0,TRUE
870815c42ffffff,858.7,TRUE
870815c43ffffff,156.7,TRUE
870815c44ffffff,0,TRUE
870815c45ffffff,184.2,TRUE
870815c46ffffff,0,TRUE
870815c48ffffff,0,TRUE
870815c49ffffff,0,TRUE
870815c4affffff,0,TRUE
870815c4bffffff,0,TRUE
870815c4cffffff,13.9,TRUE
870815c4dffffff,0,TRUE
870815c4effffff,0,TRUE
870815c50ffffff,0,TRUE
870815c51ffffff,0,TRUE
870815c52ffffff,0,TRUE
870815c53ffffff,0,TRUE
870815c54ffffff,0,TRUE
870815c55ffffff,0,TRUE
870815c56ffffff,0,TRUE
870815c58ffffff,0,TRUE
870815c59ffffff,0,TRUE
870815c5affffff,0,TRUE
870815c5bffffff,0,TRUE
870815c5cffffff,0,TRUE
870815c5dffffff,0,TRUE
870815c5effffff,172.7,TRUE
870815c60ffffff,3,TRUE
870815c61ffffff,419.8,TRUE
870815c62ffffff,471.4,TRUE
870815c63ffffff,0,TRUE
870815c64ffffff,0,TRUE
870815c65ffffff,0,TRUE
870815c66ffffff,0,TRUE
870815c68ffffff,0,TRUE
870815c69ffffff,0,TRUE
870815c6affffff,0,TRUE
870815c6bffffff,0,TRUE
870815c6cffffff,784,TRUE
870815c6dffffff,1057.3,FALSE
870815c6effffff,0,TRUE
870815c70ffffff,281.9,TRUE
870815c71ffffff,158.9,TRUE
870815c72ffffff,503.2,TRUE
870815c73ffffff,0,TRUE
870815c74ffffff,0,TRUE
870815c75ffffff,0,TRUE
870815c76ffffff,0,TRUE
870815c80ffffff,1471.6,FALSE
870815c81ffffff,2683.1,FALSE
870815c82ffffff,0,TRUE
870815c83ffffff,1739,FALSE
870815c84ffffff,0,TRUE
870815c85ffffff,709.2,TRUE
870815c86ffffff,869.1,TRUE
870815c88ffffff,874.5,TRUE
870815c89ffffff,203.3,TRUE
870815c8affffff,2305,FALSE
870815c8bffffff,764.6,TRUE
870815c8cffffff,1713.7,FALSE
870815c8dffffff,313.3,TRUE
870815c8effffff,2716.6,FALSE
870815c90ffffff,0,TRUE
870815c91ffffff,0,TRUE
870815c92ffffff,0,TRUE
870815c93ffffff,0,TRUE
870815c94ffffff,0,TRUE
870815c95ffffff,0,TRUE
870815c96ffffff,0,TRUE
870815c98ffffff,964.1,TRUE
870815c99ffffff,2479.9,FALSE
870815c9affffff,1034.3,TRUE
870815c9bffffff,1577.5,FALSE
870815c9cffffff,1209.9,FALSE
870815c9dffffff,2214.7,FALSE
870815c9effffff,0,TRUE
870815ca0ffffff,0,TRUE
870815ca1ffffff,0,TRUE
870815ca2ffffff,3.3,TRUE
870815ca3ffffff,0,TRUE
870815ca4ffffff,0,TRUE
870815ca5ffffff,0,TRUE
870815ca6ffffff,0,TRUE
870815ca8ffffff,651.2,TRUE
870815ca9ffffff,327.8,TRUE
870815caaffffff,1673.7,FALSE
870815cabffffff,0,TRUE
870815cacffffff,0,TRUE
870815cadffffff,0,TRUE
870815caeffffff,0,TRUE
870815cb0ffffff,0,TRUE
870815cb1ffffff,0,TRUE
870815cb2ffffff,0,TRUE
870815cb3ffffff,0,TRUE
870815cb4ffffff,117.2,TRUE
870815cb5ffffff,753.2,TRUE
870815cb6ffffff,0,TRUE
870815cc0ffffff,1526.2,FALSE
870815cc1ffffff,1110.6,TRUE
870815cc2ffffff,2185.4,FALSE
870815cc3ffffff,2147.7,FALSE
870815cc4ffffff,946.1,TRUE
870815cc5ffffff,426.5,TRUE
870815cc6ffffff,842.4,TRUE
870815cc8ffffff,1665.9,FALSE
870815cc9ffffff,0,TRUE
870815ccaffffff,1455.3,FALSE
870815ccbffffff,0,TRUE
870815cccffffff,1309.2,FALSE
870815ccdffffff,336.4,TRUE
870815cceffffff,2525.2,FALSE
870815cd0ffffff,0,TRUE
870815cd1ffffff,854,TRUE
870815cd2ffffff,943.4,TRUE
870815cd3ffffff,0,TRUE
870815cd4ffffff,0,TRUE
870815cd5ffffff,1007.3,FALSE
870815cd6ffffff,0,TRUE
870815cd8ffffff,1959.2,FALSE
870815cd9ffffff,1426.4,FALSE
870815cdaffffff,1673.2,FALSE
870815cdbffffff,643.3,TRUE
870815cdcffffff,339.7,TRUE
870815cddffffff,2120.1,FALSE
870815cdeffffff,621.5,TRUE
870815ce0ffffff,0,TRUE
870815ce1ffffff,0,TRUE
870815ce2ffffff,125.2,TRUE
870815ce3ffffff,600.5,TRUE
870815ce4ffffff,0,TRUE
870815ce5ffffff,0,TRUE
870815ce6ffffff,0,TRUE
870815ce8ffffff,676,TRUE
870815ce9ffffff,0,TRUE
870815ceaffffff,0,TRUE
870815cebffffff,1247.3,FALSE
870815cecffffff,0,TRUE
870815cedffffff,214,TRUE
870815ceeffffff,1017.9,FALSE
870815cf0ffffff,0,TRUE
870815cf1ffffff,0,TRUE
870815cf2ffffff,0,TRUE
870815cf3ffffff,0,TRUE
870815cf4ffffff,0,TRUE
870815cf5ffffff,0,TRUE
870815cf6ffffff,0,TRUE
870815d00ffffff,77.6,TRUE
870815d01ffffff,6,TRUE
870815d02ffffff,0,TRUE
870815d03ffffff,115.6,TRUE
870815d04ffffff,0,TRUE
870815d05ffffff,46.4,TRUE
870815d06ffffff,0,TRUE
870815d08ffffff,264.5,TRUE
870815d09ffffff,207.7,TRUE
870815d0affffff,0,TRUE
870815d0bffffff,0,TRUE
870815d0cffffff,0,TRUE
870815d0dffffff,0,TRUE
870815d0effffff,0,TRUE
870815d10ffffff,0,TRUE
870815d11ffffff,0,TRUE
870815d12ffffff,0,TRUE
870815d13ffffff,0,TRUE
870815d14ffffff,0,TRUE
870815d15ffffff,0,TRUE
870815d16ffffff,0,TRUE
870815d18ffffff,0,TRUE
870815d19ffffff,0,TRUE
870815d1affffff,0,TRUE
870815d1bffffff,0,TRUE
870815d1cffffff,0,TRUE
870815d1dffffff,0,TRUE
870815d1effffff,34,TRUE
870815d20ffffff,140.8,TRUE
870815d21ffffff,0,TRUE
870815d22ffffff,0,TRUE
870815d23ffffff,0,TRUE
870815d24ffffff,0,TRUE
870815d25ffffff,0,TRUE
870815d26ffffff,0,TRUE
870815d28ffffff,0,TRUE
870815d29ffffff,0,TRUE
870815d2affffff,0,TRUE
870815d2bffffff,0,TRUE
870815d2cffffff,0,TRUE
870815d2dffffff,0,TRUE
870815d2effffff,0,TRUE
870815d30ffffff,0,TRUE
870815d31ffffff,168.3,TRUE
870815d32ffffff,0,TRUE
870815d33ffffff,0,TRUE
870815d34ffffff,0,TRUE
870815d35ffffff,6.4,TRUE
870815d36ffffff,0,TRUE
870815d40ffffff,0,TRUE
870815d41ffffff,0,TRUE
870815d42ffffff,0,TRUE
870815d43ffffff,286.6,TRUE
870815d44ffffff,0,TRUE
870815d45ffffff,0,TRUE
870815d46ffffff,0,TRUE
870815d48ffffff,0,TRUE
870815d49ffffff,0,TRUE
870815d4affffff,0,TRUE
870815d4bffffff,0,TRUE
870815d4cffffff,0,TRUE
870815d4dffffff,28.6,TRUE
870815d4effffff,0,TRUE
870815d50ffffff,0,TRUE
870815d51ffffff,0,TRUE
870815d52ffffff,0,TRUE
870815d53ffffff,0,TRUE
870815d54ffffff,0,TRUE
870815d55ffffff,0,TRUE
870815d56ffffff,0,TRUE
870815d58ffffff,291.7,TRUE
870815d59ffffff,0,TRUE
870815d5affffff,0,TRUE
870815d5bffffff,0,TRUE
870815d5cffffff,0,TRUE
870815d5dffffff,276.9,TRUE
870815d5effffff,463.7,TRUE
870815d60ffffff,0,TRUE
870815d61ffffff,0,TRUE
870815d62ffffff,0,TRUE
870815d63ffffff,88.8,TRUE
870815d64ffffff,0,TRUE
870815d65ffffff,0,TRUE
870815d66ffffff,278,TRUE
870815d68ffffff,206.8,TRUE
870815d69ffffff,685.5,TRUE
870815d6affffff,910.4,TRUE
870815d6bffffff,384.5,TRUE
870815d6cffffff,620,TRUE
870815d6dffffff,176.3,TRUE
870815d6effffff,37.6,TRUE
870815d70ffffff,0,TRUE
870815d71ffffff,0,TRUE
870815d72ffffff,0,TRUE
870815d73ffffff,0,TRUE
870815d74ffffff,311.3,TRUE
870815d75ffffff,0,TRUE
870815d76ffffff,534.1,TRUE
870815d80ffffff,0,TRUE
870815d81ffffff,0,TRUE
870815d82ffffff,0,TRUE
870815d83ffffff,0,TRUE
870815d84ffffff,0,TRUE
870815d85ffffff,0,TRUE
870815d86ffffff,165.3,TRUE
870815d88ffffff,0,TRUE
870815d89ffffff,0,TRUE
870815d8affffff,0,TRUE
870815d8bffffff,0,TRUE
870815d8cffffff,0,TRUE
870815d8dffffff,0,TRUE
870815d8effffff,0,TRUE
870815d90ffffff,383.9,TRUE
870815d91ffffff,0,TRUE
870815d92ffffff,0,TRUE
870815d93ffffff,0,TRUE
870815d94ffffff,457.5,TRUE
870815d95ffffff,0,TRUE
870815d96ffffff,538.1,TRUE
870815d98ffffff,0,TRUE
870815d99ffffff,0,TRUE
870815d9affffff,0,TRUE
870815d9bffffff,0,TRUE
870815d9cffffff,0,TRUE
870815d9dffffff,0,TRUE
870815d9effffff,0,TRUE
870815da0ffffff,0,TRUE
870815da1ffffff,0,TRUE
870815da2ffffff,0,TRUE
870815da3ffffff,0,TRUE
870815da4ffffff,0,TRUE
870815da5ffffff,0,TRUE
870815da6ffffff,0,TRUE
870815da8ffffff,0,TRUE
870815da9ffffff,312.5,TRUE
870815daaffffff,0,TRUE
870815dabffffff,0,TRUE
870815dacffffff,0,TRUE
870815dadffffff,0,TRUE
870815daeffffff,0,TRUE
870815db0ffffff,0,TRUE
870815db1ffffff,0,TRUE
870815db2ffffff,0,TRUE
870815db3ffffff,0,TRUE
870815db4ffffff,0,TRUE
870815db5ffffff,0,TRUE
870815db6ffffff,639.4,TRUE
870816240ffffff,550.7,TRUE
870816241ffffff,0,TRUE
870816248ffffff,1270.7,FALSE
870816249ffffff,0,TRUE
87081624bffffff,930.3,TRUE
87081624cffffff,239.9,TRUE
87081624dffffff,1517.3,FALSE
87081624effffff,548.8,TRUE
870816261ffffff,233.1,TRUE
870816265ffffff,0,TRUE
870816268ffffff,21.7,TRUE
870816269ffffff,0,TRUE
87081626affffff,0,TRUE
87081626bffffff,268.4,TRUE
87081626cffffff,1879.8,FALSE
87081626dffffff,494.5,TRUE
87081626effffff,1882.5,FALSE
87081c000ffffff,0,TRUE
87081c001ffffff,194,TRUE
87081c002ffffff,0,TRUE
87081c003ffffff,0,TRUE
87081c004ffffff,0,TRUE
87081c005ffffff,0,TRUE
87081c006ffffff,43.3,TRUE
87081c008ffffff,0,TRUE
87081c009ffffff,0,TRUE
87081c00affffff,0,TRUE
87081c00bffffff,0,TRUE
87081c00cffffff,0,TRUE
87081c00dffffff,0,TRUE
87081c00effffff,0,TRUE
87081c010ffffff,0,TRUE
87081c011ffffff,0,TRUE
87081c012ffffff,0,TRUE
87081c013ffffff,0,TRUE
87081c014ffffff,29.2,TRUE
87081c015ffffff,167.8,TRUE
87081c016ffffff,1155.8,FALSE
87081c018ffffff,0,TRUE
87081c019ffffff,0,TRUE
87081c01affffff,0,TRUE
87081c01bffffff,32.7,TRUE
87081c01cffffff,75.2,TRUE
87081c01dffffff,332.2,TRUE
87081c01effffff,0,TRUE
87081c020ffffff,0,TRUE
87081c021ffffff,0.8,TRUE
87081c022ffffff,91.3,TRUE
87081c023ffffff,0,TRUE
87081c024ffffff,367.2,TRUE
87081c025ffffff,0,TRUE
87081c026ffffff,171.5,TRUE
87081c028ffffff,0,TRUE
87081c029ffffff,0,TRUE
87081c02affffff,27.1,TRUE
87081c02bffffff,0,TRUE
87081c02cffffff,363.9,TRUE
87081c02dffffff,0,TRUE
87081c02effffff,252.5,TRUE
87081c030ffffff,0,TRUE
87081c031ffffff,411.9,TRUE
87081c032ffffff,336.6,TRUE
87081c033ffffff,0,TRUE
87081c034ffffff,1237.5,FALSE
87081c035ffffff,209.1,TRUE
87081c036ffffff,207.3,TRUE
87081c040ffffff,590.4,TRUE
87081c041ffffff,0,TRUE
87081c042ffffff,0,TRUE
87081c043ffffff,0,TRUE
87081c044ffffff,0,TRUE
87081c045ffffff,0,TRUE
87081c046ffffff,0,TRUE
87081c048ffffff,0,TRUE
87081c049ffffff,427.6,TRUE
87081c04affffff,26.5,TRUE
87081c04bffffff,0,TRUE
87081c04cffffff,109.6,TRUE
87081c04dffffff,0,TRUE
87081c04effffff,117.1,TRUE
87081c050ffffff,0,TRUE
87081c051ffffff,0,TRUE
87081c052ffffff,622.7,TRUE
87081c053ffffff,0,TRUE
87081c054ffffff,153.1,TRUE
87081c055ffffff,0,TRUE
87081c056ffffff,0,TRUE
87081c058ffffff,0,TRUE
87081c059ffffff,0,TRUE
87081c05affffff,0,TRUE
87081c05bffffff,0,TRUE
87081c05cffffff,0,TRUE
87081c05dffffff,0,TRUE
87081c05effffff,173,TRUE
87081c060ffffff,0,TRUE
87081c061ffffff,1096.2,TRUE
87081c062ffffff,0,TRUE
87081c063ffffff,0,TRUE
87081c064ffffff,0,TRUE
87081c065ffffff,542.7,TRUE
87081c066ffffff,0,TRUE
87081c068ffffff,0,TRUE
87081c069ffffff,0,TRUE
87081c06affffff,0,TRUE
87081c06bffffff,0,TRUE
87081c06cffffff,0,TRUE
87081c06dffffff,618.7,TRUE
87081c06effffff,0,TRUE
87081c070ffffff,536.2,TRUE
87081c071ffffff,0,TRUE
87081c072ffffff,0,TRUE
87081c073ffffff,914.6,TRUE
87081c074ffffff,121.7,TRUE
87081c075ffffff,0,TRUE
87081c076ffffff,0,TRUE
87081c080ffffff,0,TRUE
87081c081ffffff,0,TRUE
87081c082ffffff,0,TRUE
87081c083ffffff,0,TRUE
87081c084ffffff,598.2,TRUE
87081c085ffffff,0,TRUE
87081c086ffffff,476.3,TRUE
87081c088ffffff,510.6,TRUE
87081c089ffffff,0,TRUE
87081c08affffff,0,TRUE
87081c08bffffff,82.5,TRUE
87081c08cffffff,602,TRUE
87081c08dffffff,0,TRUE
87081c08effffff,156.8,TRUE
87081c090ffffff,0,TRUE
87081c091ffffff,356.1,TRUE
87081c092ffffff,0,TRUE
87081c093ffffff,179.6,TRUE
87081c094ffffff,419.5,TRUE
87081c095ffffff,0,TRUE
87081c096ffffff,369,TRUE
87081c098ffffff,94.9,TRUE
87081c099ffffff,22.9,TRUE
87081c09affffff,181,TRUE
87081c09bffffff,310.2,TRUE
87081c09cffffff,414.4,TRUE
87081c09dffffff,1.9,TRUE
87081c09effffff,106.8,TRUE
87081c0a0ffffff,0,TRUE
87081c0a1ffffff,0,TRUE
87081c0a2ffffff,142.6,TRUE
87081c0a3ffffff,84.3,TRUE
87081c0a4ffffff,0,TRUE
87081c0a5ffffff,212.3,TRUE
87081c0a6ffffff,0,TRUE
87081c0a8ffffff,0,TRUE
87081c0a9ffffff,563.9,TRUE
87081c0aaffffff,0,TRUE
87081c0abffffff,116.4,TRUE
87081c0acffffff,0,TRUE
87081c0adffffff,0,TRUE
87081c0aeffffff,0,TRUE
87081c0b0ffffff,47.8,TRUE
87081c0b1ffffff,0,TRUE
87081c0b2ffffff,42.3,TRUE
87081c0b3ffffff,0,TRUE
87081c0b4ffffff,0,TRUE
87081c0b5ffffff,60.1,TRUE
87081c0b6ffffff,0,TRUE
87081c0c0ffffff,0,TRUE
87081c0c1ffffff,0,TRUE
87081c0c2ffffff,0,TRUE
87081c0c3ffffff,0,TRUE
87081c0c4ffffff,0,TRUE
87081c0c5ffffff,0,TRUE
87081c0c6ffffff,756.3,TRUE
87081c0c8ffffff,0,TRUE
87081c0c9ffffff,0,TRUE
87081c0caffffff,0.9,TRUE
87081c0cbffffff,0,TRUE
87081c0ccffffff,0,TRUE
87081c0cdffffff,0,TRUE
87081c0ceffffff,48.8,TRUE
87081c0d0ffffff,0,TRUE
87081c0d1ffffff,692.3,TRUE
87081c0d2ffffff,0,TRUE
87081c0d3ffffff,688.9,TRUE
87081c0d4ffffff,0,TRUE
87081c0d5ffffff,0,TRUE
87081c0d6ffffff,0,TRUE
87081c0d8ffffff,0,TRUE
87081c0d9ffffff,0,TRUE
87081c0daffffff,906.3,TRUE
87081c0dbffffff,0,TRUE
87081c0dcffffff,0,TRUE
87081c0ddffffff,0,TRUE
87081c0deffffff,0,TRUE
87081c0e0ffffff,0,TRUE
87081c0e1ffffff,0,TRUE
87081c0e2ffffff,260.7,TRUE
87081c0e3ffffff,0,TRUE
87081c0e4ffffff,0,TRUE
87081c0e5ffffff,0,TRUE
87081c0e6ffffff,128.8,TRUE
87081c0e8ffffff,0,TRUE
87081c0e9ffffff,473,TRUE
87081c0eaffffff,26.1,TRUE
87081c0ebffffff,0,TRUE
87081c0ecffffff,266,TRUE
87081c0edffffff,197.2,TRUE
87081c0eeffffff,772.7,TRUE
87081c0f0ffffff,0,TRUE
87081c0f1ffffff,0,TRUE
87081c0f2ffffff,0,TRUE
87081c0f3ffffff,0,TRUE
87081c0f4ffffff,102.5,TRUE
87081c0f5ffffff,59.6,TRUE
87081c0f6ffffff,0,TRUE
87081c100ffffff,1809.4,FALSE
87081c101ffffff,2405.4,FALSE
87081c102ffffff,624.7,TRUE
87081c103ffffff,460.1,TRUE
87081c104ffffff,3545.8,FALSE
87081c105ffffff,3422.6,FALSE
87081c106ffffff,2267.2,FALSE
87081c108ffffff,2484.8,FALSE
87081c109ffffff,1880.5,FALSE
87081c10affffff,1966.1,FALSE
87081c10bffffff,777.1,TRUE
87081c10cffffff,2791.8,FALSE
87081c10dffffff,1676.8,FALSE
87081c10effffff,2373.4,FALSE
87081c110ffffff,830.8,TRUE
87081c111ffffff,0,TRUE
87081c112ffffff,1098.7,TRUE
87081c113ffffff,144.2,TRUE
87081c114ffffff,2349.3,FALSE
87081c115ffffff,776.2,TRUE
87081c116ffffff,2014.8,FALSE
87081c118ffffff,493.5,TRUE
87081c119ffffff,1444.8,FALSE
87081c11affffff,997.5,TRUE
87081c11bffffff,421.6,TRUE
87081c11cffffff,8.1,TRUE
87081c11dffffff,1336.1,FALSE
87081c11effffff,773.5,TRUE
87081c120ffffff,3621.4,FALSE
87081c121ffffff,5443,FALSE
87081c122ffffff,3845.8,FALSE
87081c123ffffff,4837.6,FALSE
87081c124ffffff,2205.6,FALSE
87081c125ffffff,4311.9,FALSE
87081c126ffffff,2048.8,FALSE
87081c128ffffff,1983.5,FALSE
87081c129ffffff,330.7,TRUE
87081c12affffff,3029.3,FALSE
87081c12bffffff,981.7,TRUE
87081c12cffffff,3428.1,FALSE
87081c12dffffff,1340.2,FALSE
87081c12effffff,4030.8,FALSE
87081c130ffffff,4371.6,FALSE
87081c131ffffff,3743.3,FALSE
87081c132ffffff,4037.2,FALSE
87081c133ffffff,2573.1,FALSE
87081c134ffffff,3929.1,FALSE
87081c135ffffff,3275.8,FALSE
87081c136ffffff,5747.5,FALSE
87081c140ffffff,0,TRUE
87081c141ffffff,0,TRUE
87081c142ffffff,244.7,TRUE
87081c143ffffff,0,TRUE
87081c144ffffff,783.6,TRUE
87081c145ffffff,0,TRUE
87081c146ffffff,702.5,TRUE
87081c148ffffff,0,TRUE
87081c149ffffff,504.8,TRUE
87081c14affffff,151.1,TRUE
87081c14bffffff,8.9,TRUE
87081c14cffffff,513.2,TRUE
87081c14dffffff,0,TRUE
87081c14effffff,0,TRUE
87081c150ffffff,721.9,TRUE
87081c151ffffff,0,TRUE
87081c152ffffff,0,TRUE
87081c153ffffff,0,TRUE
87081c154ffffff,2277.1,FALSE
87081c155ffffff,730.7,TRUE
87081c156ffffff,363.4,TRUE
87081c158ffffff,145.7,TRUE
87081c159ffffff,0,TRUE
87081c15affffff,22,TRUE
87081c15bffffff,0,TRUE
87081c15cffffff,0,TRUE
87081c15dffffff,0,TRUE
87081c15effffff,0,TRUE
87081c160ffffff,827.5,TRUE
87081c161ffffff,948.5,TRUE
87081c162ffffff,2003.2,FALSE
87081c163ffffff,879.2,TRUE
87081c164ffffff,0,TRUE
87081c165ffffff,1197.3,FALSE
87081c166ffffff,598.8,TRUE
87081c168ffffff,203.6,TRUE
87081c169ffffff,293.9,TRUE
87081c16affffff,0,TRUE
87081c16bffffff,0,TRUE
87081c16cffffff,0,TRUE
87081c16dffffff,0,TRUE
87081c16effffff,18.9,TRUE
87081c170ffffff,477.6,TRUE
87081c171ffffff,1979.5,FALSE
87081c172ffffff,1554.2,FALSE
87081c173ffffff,2125.7,FALSE
87081c174ffffff,0,TRUE
87081c175ffffff,1045.6,TRUE
87081c176ffffff,726.3,TRUE
87081c180ffffff,0,TRUE
87081c181ffffff,60,TRUE
87081c182ffffff,0,TRUE
87081c183ffffff,525.3,TRUE
87081c184ffffff,0,TRUE
87081c185ffffff,1072.2,FALSE
87081c186ffffff,655.8,TRUE
87081c188ffffff,351.1,TRUE
87081c189ffffff,847,TRUE
87081c18affffff,516.8,TRUE
87081c18bffffff,0,TRUE
87081c18cffffff,0,TRUE
87081c18dffffff,0,TRUE
87081c18effffff,558.5,TRUE
87081c190ffffff,0,TRUE
87081c191ffffff,0,TRUE
87081c192ffffff,1432.3,FALSE
87081c193ffffff,423.1,TRUE
87081c194ffffff,35.5,TRUE
87081c195ffffff,52.8,TRUE
87081c196ffffff,1022.1,TRUE
87081c198ffffff,203,TRUE
87081c199ffffff,0,TRUE
87081c19affffff,0,TRUE
87081c19bffffff,485.9,TRUE
87081c19cffffff,0,TRUE
87081c19dffffff,557.5,TRUE
87081c19effffff,113,TRUE
87081c1a0ffffff,373.3,TRUE
87081c1a1ffffff,411.5,TRUE
87081c1a2ffffff,1237.5,FALSE
87081c1a3ffffff,0,TRUE
87081c1a4ffffff,875.4,TRUE
87081c1a5ffffff,156.8,TRUE
87081c1a6ffffff,1693.8,FALSE
87081c1a8ffffff,910.3,TRUE
87081c1a9ffffff,346.7,TRUE
87081c1aaffffff,1186,FALSE
87081c1abffffff,436.3,TRUE
87081c1acffffff,1569.7,FALSE
87081c1adffffff,891.2,TRUE
87081c1aeffffff,1668.7,FALSE
87081c1b0ffffff,679.8,TRUE
87081c1b1ffffff,132.6,TRUE
87081c1b2ffffff,1632.4,FALSE
87081c1b3ffffff,693.2,TRUE
87081c1b4ffffff,43.6,TRUE
87081c1b5ffffff,719.3,TRUE
87081c1b6ffffff,1523.4,FALSE
87081c260ffffff,829.1,TRUE
87081c261ffffff,843.9,TRUE
87081c262ffffff,0,TRUE
87081c263ffffff,0,TRUE
87081c264ffffff,1721.7,FALSE
87081c265ffffff,2183.3,FALSE
87081c266ffffff,739.7,TRUE
87081c268ffffff,0,TRUE
87081c269ffffff,682.7,TRUE
87081c26affffff,0,TRUE
87081c26bffffff,0,TRUE
87081c26cffffff,0,TRUE
87081c26dffffff,196.1,TRUE
87081c26effffff,0,TRUE
87081c300ffffff,0,TRUE
87081c301ffffff,0,TRUE
87081c302ffffff,0,TRUE
87081c303ffffff,0,TRUE
87081c304ffffff,0,TRUE
87081c305ffffff,152.9,TRUE
87081c306ffffff,0,TRUE
87081c308ffffff,0,TRUE
87081c309ffffff,0,TRUE
87081c30affffff,0,TRUE
87081c30bffffff,0,TRUE
87081c30cffffff,0,TRUE
87081c30dffffff,244.8,TRUE
87081c30effffff,0,TRUE
87081c314ffffff,0,TRUE
87081c315ffffff,0,TRUE
87081c316ffffff,0,TRUE
87081c320ffffff,0,TRUE
87081c321ffffff,0,TRUE
87081c322ffffff,390.8,TRUE
87081c323ffffff,0,TRUE
87081c324ffffff,0,TRUE
87081c325ffffff,0,TRUE
87081c326ffffff,0,TRUE
87081c328ffffff,0,TRUE
87081c329ffffff,769.8,TRUE
87081c32affffff,165.7,TRUE
87081c32bffffff,0,TRUE
87081c32cffffff,538,TRUE
87081c32dffffff,685.9,TRUE
87081c32effffff,172.5,TRUE
87081c330ffffff,256.2,TRUE
87081c331ffffff,0,TRUE
87081c332ffffff,585.2,TRUE
87081c333ffffff,0,TRUE
87081c334ffffff,172,TRUE
87081c335ffffff,0,TRUE
87081c336ffffff,261.6,TRUE
87081c340ffffff,0,TRUE
87081c341ffffff,371.9,TRUE
87081c342ffffff,0,TRUE
87081c343ffffff,1095.6,FALSE
87081c344ffffff,940.9,TRUE
87081c345ffffff,0,TRUE
87081c346ffffff,581.7,TRUE
87081c348ffffff,1436.9,FALSE
87081c349ffffff,686.1,TRUE
87081c34affffff,2839,FALSE
87081c34bffffff,2346.2,FALSE
87081c34cffffff,0,TRUE
87081c34dffffff,128.5,TRUE
87081c34effffff,1183,FALSE
87081c350ffffff,0,TRUE
87081c351ffffff,18.4,TRUE
87081c352ffffff,0,TRUE
87081c353ffffff,0,TRUE
87081c354ffffff,141.8,TRUE
87081c355ffffff,131.6,TRUE
87081c356ffffff,299.9,TRUE
87081c358ffffff,178.7,TRUE
87081c359ffffff,1684.9,FALSE
87081c35affffff,705.8,TRUE
87081c35bffffff,808.4,TRUE
87081c35cffffff,340.3,TRUE
87081c35dffffff,1525.5,FALSE
87081c35effffff,0,TRUE
87081c360ffffff,2159.1,FALSE
87081c361ffffff,948.8,TRUE
87081c362ffffff,1131.9,FALSE
87081c363ffffff,980.1,TRUE
87081c364ffffff,441.4,TRUE
87081c365ffffff,1497.6,FALSE
87081c366ffffff,275.1,TRUE
87081c368ffffff,0,TRUE
87081c369ffffff,296.1,TRUE
87081c36affffff,0,TRUE
87081c36bffffff,289.4,TRUE
87081c36cffffff,0,TRUE
87081c36dffffff,0,TRUE
87081c36effffff,0,TRUE
87081c370ffffff,0,TRUE
87081c371ffffff,846.2,TRUE
87081c372ffffff,0,TRUE
87081c373ffffff,949.5,TRUE
87081c374ffffff,266.8,TRUE
87081c375ffffff,0,TRUE
87081c376ffffff,493.8,TRUE
87081c384ffffff,0,TRUE
87081c386ffffff,0,TRUE
87081c390ffffff,730.7,TRUE
87081c392ffffff,0,TRUE
87081c393ffffff,0,TRUE
87081c394ffffff,0,TRUE
87081c395ffffff,416.1,TRUE
87081c396ffffff,0,TRUE
87081c3a0ffffff,0,TRUE
87081c3a2ffffff,0,TRUE
87081c3a4ffffff,0,TRUE
87081c3a5ffffff,0,TRUE
87081c3a6ffffff,0,TRUE
87081c3b0ffffff,83.8,TRUE
87081c3b1ffffff,0,TRUE
87081c3b2ffffff,0,TRUE
87081c3b3ffffff,555.5,TRUE
87081c3b4ffffff,0,TRUE
87081c3b5ffffff,0,TRUE
87081c3b6ffffff,0,TRUE
87081c400ffffff,411.3,TRUE
87081c401ffffff,317.5,TRUE
87081c402ffffff,0,TRUE
87081c403ffffff,138,TRUE
87081c404ffffff,514.6,TRUE
87081c405ffffff,0,TRUE
87081c408ffffff,0,TRUE
87081c409ffffff,155.8,TRUE
87081c40affffff,0,TRUE
87081c40bffffff,0,TRUE
87081c40cffffff,0,TRUE
87081c40dffffff,0,TRUE
87081c40effffff,279.1,TRUE
87081c418ffffff,0,TRUE
87081c419ffffff,0,TRUE
87081c41affffff,0,TRUE
87081c41bffffff,0,TRUE
87081c41cffffff,0,TRUE
87081c41dffffff,379.3,TRUE
87081c41effffff,0,TRUE
87081c420ffffff,922.4,TRUE
87081c421ffffff,0,TRUE
87081c423ffffff,467.2,TRUE
87081c425ffffff,1270.3,FALSE
87081c428ffffff,47,TRUE
87081c429ffffff,1348,FALSE
87081c42affffff,839.9,TRUE
87081c42bffffff,390,TRUE
87081c42cffffff,423,TRUE
87081c42dffffff,1366.9,FALSE
87081c42effffff,0,TRUE
87081c440ffffff,429,TRUE
87081c441ffffff,0,TRUE
87081c442ffffff,0,TRUE
87081c443ffffff,0,TRUE
87081c444ffffff,0,TRUE
87081c445ffffff,0,TRUE
87081c446ffffff,99.6,TRUE
87081c448ffffff,373.7,TRUE
87081c449ffffff,135.3,TRUE
87081c44affffff,75.9,TRUE
87081c44bffffff,247.8,TRUE
87081c44cffffff,1121.3,FALSE
87081c44dffffff,1383.7,FALSE
87081c44effffff,715.4,TRUE
87081c450ffffff,0,TRUE
87081c451ffffff,0,TRUE
87081c452ffffff,0,TRUE
87081c453ffffff,0,TRUE
87081c454ffffff,257.5,TRUE
87081c455ffffff,0,TRUE
87081c456ffffff,0,TRUE
87081c458ffffff,345.1,TRUE
87081c459ffffff,2.8,TRUE
87081c45affffff,0,TRUE
87081c45bffffff,202.6,TRUE
87081c45cffffff,0,TRUE
87081c45dffffff,284.1,TRUE
87081c45effffff,181.4,TRUE
87081c460ffffff,0,TRUE
87081c461ffffff,0,TRUE
87081c462ffffff,351.4,TRUE
87081c463ffffff,0,TRUE
87081c464ffffff,0,TRUE
87081c465ffffff,0,TRUE
87081c466ffffff,90.4,TRUE
87081c468ffffff,0,TRUE
87081c469ffffff,0,TRUE
87081c46affffff,0,TRUE
87081c46bffffff,312.9,TRUE
87081c46cffffff,529.2,TRUE
87081c46dffffff,0,TRUE
87081c46effffff,64.7,TRUE
87081c470ffffff,0,TRUE
87081c471ffffff,189.7,TRUE
87081c472ffffff,0,TRUE
87081c473ffffff,0,TRUE
87081c474ffffff,0,TRUE
87081c475ffffff,0,TRUE
87081c476ffffff,568.9,TRUE
87081c4c4ffffff,942,TRUE
87081c4c5ffffff,0,TRUE
87081c4cdffffff,0,TRUE
87081c4e0ffffff,0,TRUE
87081c4e1ffffff,229,TRUE
87081c4e2ffffff,0,TRUE
87081c4e3ffffff,1215.1,FALSE
87081c4e4ffffff,0,TRUE
87081c4e5ffffff,246.9,TRUE
87081c4e6ffffff,0,TRUE
87081c4e8ffffff,0,TRUE
87081c4e9ffffff,559.9,TRUE
87081c4eaffffff,0,TRUE
87081c4ebffffff,0,TRUE
87081c4ecffffff,0,TRUE
87081c4edffffff,0,TRUE
87081c4eeffffff,0,TRUE
87081c4f4ffffff,0,TRUE
87081c4f5ffffff,0,TRUE
87081c509ffffff,716.7,TRUE
87081c50bffffff,166.7,TRUE
87081c50dffffff,764.7,TRUE
87081c529ffffff,3807.7,FALSE
87081c540ffffff,611.2,TRUE
87081c541ffffff,0,TRUE
87081c542ffffff,70.8,TRUE
87081c543ffffff,0.2,TRUE
87081c544ffffff,19.9,TRUE
87081c545ffffff,0,TRUE
87081c546ffffff,0,TRUE
87081c548ffffff,0,TRUE
87081c549ffffff,0,TRUE
87081c54affffff,0,TRUE
87081c54bffffff,80.8,TRUE
87081c54cffffff,0,TRUE
87081c54dffffff,276.2,TRUE
87081c54effffff,0,TRUE
87081c550ffffff,317.5,TRUE
87081c551ffffff,106.2,TRUE
87081c552ffffff,202.8,TRUE
87081c553ffffff,176.8,TRUE
87081c554ffffff,239.8,TRUE
87081c555ffffff,0,TRUE
87081c556ffffff,356.5,TRUE
87081c558ffffff,123.2,TRUE
87081c559ffffff,0,TRUE
87081c55affffff,0,TRUE
87081c55bffffff,0,TRUE
87081c55cffffff,0,TRUE
87081c55dffffff,0,TRUE
87081c55effffff,769.1,TRUE
87081c560ffffff,746.2,TRUE
87081c561ffffff,0,TRUE
87081c562ffffff,0,TRUE
87081c563ffffff,0,TRUE
87081c564ffffff,2235.6,FALSE
87081c565ffffff,1247.1,FALSE
87081c566ffffff,964.2,TRUE
87081c568ffffff,507.9,TRUE
87081c569ffffff,0,TRUE
87081c56affffff,0,TRUE
87081c56bffffff,0,TRUE
87081c56cffffff,924.5,TRUE
87081c56dffffff,307.6,TRUE
87081c56effffff,173.3,TRUE
87081c570ffffff,736.5,TRUE
87081c571ffffff,0,TRUE
87081c572ffffff,653.2,TRUE
87081c573ffffff,0,TRUE
87081c574ffffff,2533.9,FALSE
87081c575ffffff,1109.1,FALSE
87081c576ffffff,2134.3,FALSE
87081c620ffffff,4665.9,FALSE
87081c621ffffff,2781.3,FALSE
87081c622ffffff,6490,FALSE
87081c624ffffff,4985.1,FALSE
87081c625ffffff,2907.3,FALSE
87081c626ffffff,6607.3,FALSE
87081c62cffffff,1292,FALSE
87081c634ffffff,7000,FALSE
87081c635ffffff,8360.8,FALSE
87081c636ffffff,6368.4,FALSE
87081c700ffffff,3444.4,FALSE
87081c701ffffff,4152.8,FALSE
87081c702ffffff,2427,FALSE
87081c703ffffff,4481.5,FALSE
87081c704ffffff,1842.8,FALSE
87081c705ffffff,2848.9,FALSE
87081c706ffffff,1343.6,FALSE
87081c708ffffff,4483.9,FALSE
87081c709ffffff,2418.4,FALSE
87081c70affffff,5832.9,FALSE
87081c70bffffff,3677.6,FALSE
87081c70cffffff,3149.7,FALSE
87081c70dffffff,3216.8,FALSE
87081c70effffff,4993.4,FALSE
87081c710ffffff,2308.2,FALSE
87081c711ffffff,2618,FALSE
87081c712ffffff,938.8,TRUE
87081c713ffffff,2844.3,FALSE
87081c714ffffff,1361.2,FALSE
87081c715ffffff,823,TRUE
87081c716ffffff,487.3,TRUE
87081c718ffffff,5772.1,FALSE
87081c719ffffff,7112.3,FALSE
87081c71affffff,5782.9,FALSE
87081c71bffffff,7539.4,FALSE
87081c71cffffff,4047.7,FALSE
87081c71dffffff,5906.3,FALSE
87081c71effffff,4428.5,FALSE
87081c720ffffff,115.2,TRUE
87081c721ffffff,728.5,TRUE
87081c722ffffff,685.6,TRUE
87081c723ffffff,1254.2,FALSE
87081c724ffffff,545.8,TRUE
87081c725ffffff,191.3,TRUE
87081c726ffffff,0,TRUE
87081c728ffffff,264.3,TRUE
87081c729ffffff,1315.6,FALSE
87081c72affffff,2199.5,FALSE
87081c72bffffff,1605.7,FALSE
87081c72cffffff,1034.8,TRUE
87081c72dffffff,0,TRUE
87081c72effffff,1776.3,FALSE
87081c730ffffff,0,TRUE
87081c731ffffff,1186.9,FALSE
87081c732ffffff,1276.8,FALSE
87081c733ffffff,0,TRUE
87081c734ffffff,84.2,TRUE
87081c735ffffff,51.5,TRUE
87081c736ffffff,1244.6,FALSE
87081c740ffffff,46,TRUE
87081c741ffffff,0,TRUE
87081c742ffffff,0,TRUE
87081c743ffffff,0,TRUE
87081c744ffffff,0,TRUE
87081c745ffffff,0,TRUE
87081c746ffffff,0,TRUE
87081c74cffffff,862.7,TRUE
87081c74effffff,98.9,TRUE
87081c750ffffff,0,TRUE
87081c751ffffff,0,TRUE
87081c752ffffff,1052.7,TRUE
87081c753ffffff,0,TRUE
87081c754ffffff,832.8,TRUE
87081c755ffffff,100.6,TRUE
87081c756ffffff,1548.9,FALSE
87081c758ffffff,0,TRUE
87081c75cffffff,440.2,TRUE
87081c75dffffff,0,TRUE
87081c75effffff,0,TRUE
87081c760ffffff,0,TRUE
87081c761ffffff,0,TRUE
87081c762ffffff,0,TRUE
87081c763ffffff,0,TRUE
87081c764ffffff,189.6,TRUE
87081c765ffffff,45.5,TRUE
87081c766ffffff,0,TRUE
87081c768ffffff,78.1,TRUE
87081c76affffff,0,TRUE
87081c76cffffff,0,TRUE
87081c76effffff,0,TRUE
87081c770ffffff,1352.3,FALSE
87081c771ffffff,0,TRUE
87081c772ffffff,1149.2,TRUE
87081c773ffffff,0,TRUE
87081c774ffffff,803.8,TRUE
87081c775ffffff,285,TRUE
87081c776ffffff,2729.3,FALSE
87081c780ffffff,2647.6,FALSE
87081c781ffffff,2740.7,FALSE
87081c784ffffff,960.5,TRUE
87081c785ffffff,955.7,FALSE
87081c786ffffff,643.4,TRUE
87081c7a0ffffff,302.9,TRUE
87081c7a1ffffff,0,TRUE
87081c7a2ffffff,0,TRUE
87081c7a3ffffff,317.9,TRUE
87081c7a4ffffff,143.5,TRUE
87081c7a5ffffff,988.3,FALSE
87081c7a6ffffff,153.8,TRUE
87081c7a8ffffff,2900.1,FALSE
87081c7a9ffffff,4925.4,FALSE
87081c7aaffffff,2460.2,FALSE
87081c7abffffff,4400.3,FALSE
87081c7acffffff,1502.9,FALSE
87081c7adffffff,3629.6,FALSE
87081c7aeffffff,919.6,TRUE
87081c7b0ffffff,0,TRUE
87081c7b1ffffff,460.1,TRUE
87081c7b2ffffff,418.7,TRUE
87081c7b3ffffff,662.1,TRUE
87081c7b4ffffff,0,TRUE
87081c7b5ffffff,0,TRUE
87081c7b6ffffff,0,TRUE
87081c800ffffff,0,TRUE
87081c801ffffff,0,TRUE
87081c802ffffff,1387.1,FALSE
87081c803ffffff,376.7,TRUE
87081c804ffffff,0,TRUE
87081c805ffffff,720,TRUE
87081c806ffffff,451.1,TRUE
87081c808ffffff,1668.1,FALSE
87081c809ffffff,1431.9,FALSE
87081c80affffff,350.6,TRUE
87081c80bffffff,2406.3,FALSE
87081c80cffffff,1260.7,FALSE
87081c80dffffff,2392.3,FALSE
87081c80effffff,0,TRUE
87081c810ffffff,1152.1,FALSE
87081c811ffffff,0,TRUE
87081c812ffffff,584.3,TRUE
87081c813ffffff,755.4,TRUE
87081c814ffffff,1124.6,TRUE
87081c815ffffff,0,TRUE
87081c816ffffff,1922.9,FALSE
87081c818ffffff,1404,FALSE
87081c819ffffff,0,TRUE
87081c81affffff,154.6,TRUE
87081c81bffffff,1852.8,FALSE
87081c81cffffff,1825.3,FALSE
87081c81dffffff,0,TRUE
87081c81effffff,385.5,TRUE
87081c820ffffff,109.7,TRUE
87081c821ffffff,1947.9,FALSE
87081c822ffffff,0,TRUE
87081c823ffffff,243.4,TRUE
87081c824ffffff,0,TRUE
87081c825ffffff,1533.6,FALSE
87081c826ffffff,0,TRUE
87081c828ffffff,3307.1,FALSE
87081c829ffffff,1169.8,FALSE
87081c82affffff,1520.6,FALSE
87081c82bffffff,2909.8,FALSE
87081c82cffffff,2345,FALSE
87081c82dffffff,1819.1,FALSE
87081c82effffff,2381.3,FALSE
87081c830ffffff,393,TRUE
87081c831ffffff,0,TRUE
87081c832ffffff,324.2,TRUE
87081c833ffffff,0,TRUE
87081c834ffffff,1268,FALSE
87081c835ffffff,0,TRUE
87081c836ffffff,1874.4,FALSE
87081c840ffffff,3252.1,FALSE
87081c841ffffff,4420.4,FALSE
87081c842ffffff,1632,FALSE
87081c843ffffff,3726.5,FALSE
87081c844ffffff,2392.9,FALSE
87081c845ffffff,3296,FALSE
87081c846ffffff,1110.5,FALSE
87081c848ffffff,1622.4,FALSE
87081c849ffffff,1018.2,FALSE
87081c84affffff,1978.5,FALSE
87081c84bffffff,0,TRUE
87081c84cffffff,3410.6,FALSE
87081c84dffffff,2426.9,FALSE
87081c84effffff,3325.4,FALSE
87081c850ffffff,0,TRUE
87081c851ffffff,462.6,TRUE
87081c852ffffff,1711.1,FALSE
87081c853ffffff,91.6,TRUE
87081c854ffffff,0,TRUE
87081c855ffffff,0,TRUE
87081c856ffffff,1228,FALSE
87081c858ffffff,1854.2,FALSE
87081c859ffffff,3487.9,FALSE
87081c85affffff,0,TRUE
87081c85bffffff,1971.4,FALSE
87081c85cffffff,2195.7,FALSE
87081c85dffffff,3768.2,FALSE
87081c85effffff,586.6,TRUE
87081c860ffffff,0,TRUE
87081c861ffffff,1022.5,FALSE
87081c862ffffff,1365.8,FALSE
87081c863ffffff,1511.9,FALSE
87081c864ffffff,0,TRUE
87081c865ffffff,0,TRUE
87081c866ffffff,90.3,TRUE
87081c868ffffff,877.5,TRUE
87081c869ffffff,432.6,TRUE
87081c86affffff,2675.4,FALSE
87081c86bffffff,1642.2,FALSE
87081c86cffffff,0,TRUE
87081c86dffffff,0,TRUE
87081c86effffff,1603.5,FALSE
87081c870ffffff,0,TRUE
87081c871ffffff,258.7,TRUE
87081c872ffffff,725.9,TRUE
87081c873ffffff,0,TRUE
87081c874ffffff,0,TRUE
87081c875ffffff,0,TRUE
87081c876ffffff,1362.2,FALSE
87081c880ffffff,871.2,TRUE
87081c881ffffff,0,TRUE
87081c882ffffff,500,TRUE
87081c883ffffff,853.6,TRUE
87081c884ffffff,2154,FALSE
87081c885ffffff,414.9,TRUE
87081c886ffffff,1181.3,FALSE
87081c888ffffff,2316.5,FALSE
87081c889ffffff,4427,FALSE
87081c88affffff,1147.9,TRUE
87081c88bffffff,3295.9,FALSE
87081c88cffffff,1435,FALSE
87081c88dffffff,3156.7,FALSE
87081c88effffff,391.7,TRUE
87081c890ffffff,2698.7,FALSE
87081c891ffffff,2318.3,FALSE
87081c892ffffff,4110.9,FALSE
87081c893ffffff,4230,FALSE
87081c894ffffff,1696.3,FALSE
87081c895ffffff,1317.4,FALSE
87081c896ffffff,2895.7,FALSE
87081c898ffffff,1923.8,FALSE
87081c899ffffff,268.3,TRUE
87081c89affffff,3573.7,FALSE
87081c89bffffff,1996.1,FALSE
87081c89cffffff,1278.7,FALSE
87081c89dffffff,524.4,TRUE
87081c89effffff,2990.6,FALSE
87081c8a0ffffff,3101,FALSE
87081c8a1ffffff,1324.4,FALSE
87081c8a2ffffff,2180.9,FALSE
87081c8a3ffffff,1618.7,FALSE
87081c8a4ffffff,2715.8,FALSE
87081c8a5ffffff,2718.9,FALSE
87081c8a6ffffff,2421.2,FALSE
87081c8a8ffffff,0,TRUE
87081c8a9ffffff,845.6,TRUE
87081c8aaffffff,0,TRUE
87081c8abffffff,1392,FALSE
87081c8acffffff,121.6,TRUE
87081c8adffffff,0,TRUE
87081c8aeffffff,0,TRUE
87081c8b0ffffff,370.2,TRUE
87081c8b1ffffff,916.8,TRUE
87081c8b2ffffff,848.4,TRUE
87081c8b3ffffff,0,TRUE
87081c8b4ffffff,0,TRUE
87081c8b5ffffff,586.7,TRUE
87081c8b6ffffff,0,TRUE
87081c8c0ffffff,4319.4,FALSE
87081c8c1ffffff,4272.9,FALSE
87081c8c2ffffff,2825.1,FALSE
87081c8c3ffffff,3149.6,FALSE
87081c8c4ffffff,5126.5,FALSE
87081c8c5ffffff,5487.9,FALSE
87081c8c6ffffff,4561.5,FALSE
87081c8c8ffffff,2064.8,FALSE
87081c8c9ffffff,856.3,TRUE
87081c8caffffff,1038.8,FALSE
87081c8cbffffff,589.3,TRUE
87081c8ccffffff,3775.3,FALSE
87081c8cdffffff,2269.2,FALSE
87081c8ceffffff,2577.8,FALSE
87081c8d0ffffff,3642.9,FALSE
87081c8d1ffffff,1902.3,FALSE
87081c8d2ffffff,4439.5,FALSE
87081c8d3ffffff,2288.5,FALSE
87081c8d4ffffff,4875.4,FALSE
87081c8d5ffffff,3694.9,FALSE
87081c8d6ffffff,5444,FALSE
87081c8d8ffffff,1034.1,TRUE
87081c8d9ffffff,360.9,TRUE
87081c8daffffff,178,TRUE
87081c8dbffffff,810.6,TRUE
87081c8dcffffff,1270.2,FALSE
87081c8ddffffff,1822.9,FALSE
87081c8deffffff,184.8,TRUE
87081c8e0ffffff,3031.5,FALSE
87081c8e1ffffff,3622.7,FALSE
87081c8e2ffffff,3330.5,FALSE
87081c8e3ffffff,4774.1,FALSE
87081c8e4ffffff,1300.3,FALSE
87081c8e5ffffff,3096.7,FALSE
87081c8e6ffffff,1535.3,FALSE
87081c8e8ffffff,1802.5,FALSE
87081c8e9ffffff,411.3,TRUE
87081c8eaffffff,3569.2,FALSE
87081c8ebffffff,2102.2,FALSE
87081c8ecffffff,1933.4,FALSE
87081c8edffffff,65.8,TRUE
87081c8eeffffff,3750.5,FALSE
87081c8f0ffffff,2546.3,FALSE
87081c8f1ffffff,4389.7,FALSE
87081c8f2ffffff,3121.1,FALSE
87081c8f3ffffff,4259,FALSE
87081c8f4ffffff,979.6,TRUE
87081c8f5ffffff,2857.7,FALSE
87081c8f6ffffff,1472.8,FALSE
87081c900ffffff,0,TRUE
87081c901ffffff,0,TRUE
87081c902ffffff,0,TRUE
87081c903ffffff,0,TRUE
87081c904ffffff,0,TRUE
87081c905ffffff,0,TRUE
87081c906ffffff,0,TRUE
87081c908ffffff,965.8,TRUE
87081c909ffffff,1264.8,FALSE
87081c90affffff,0,TRUE
87081c90bffffff,1634.3,FALSE
87081c90cffffff,96,TRUE
87081c90dffffff,599.6,TRUE
87081c90effffff,0,TRUE
87081c910ffffff,0,TRUE
87081c911ffffff,0,TRUE
87081c912ffffff,0,TRUE
87081c913ffffff,395.7,TRUE
87081c914ffffff,0,TRUE
87081c915ffffff,0,TRUE
87081c916ffffff,0,TRUE
87081c918ffffff,0,TRUE
87081c919ffffff,0,TRUE
87081c91affffff,34.2,TRUE
87081c91bffffff,0,TRUE
87081c91cffffff,0,TRUE
87081c91dffffff,0,TRUE
87081c91effffff,0,TRUE
87081c920ffffff,0,TRUE
87081c921ffffff,0,TRUE
87081c922ffffff,0,TRUE
87081c923ffffff,0,TRUE
87081c924ffffff,0,TRUE
87081c925ffffff,0,TRUE
87081c926ffffff,0,TRUE
87081c928ffffff,406.4,TRUE
87081c929ffffff,0,TRUE
87081c92affffff,0,TRUE
87081c92bffffff,0,TRUE
87081c92cffffff,0,TRUE
87081c92dffffff,0,TRUE
87081c92effffff,0,TRUE
87081c930ffffff,0,TRUE
87081c931ffffff,356.5,TRUE
87081c932ffffff,0,TRUE
87081c933ffffff,0,TRUE
87081c934ffffff,0,TRUE
87081c935ffffff,156.6,TRUE
87081c936ffffff,0,TRUE
87081c940ffffff,0,TRUE
87081c941ffffff,0,TRUE
87081c942ffffff,0,TRUE
87081c943ffffff,0,TRUE
87081c944ffffff,0,TRUE
87081c945ffffff,0,TRUE
87081c946ffffff,0,TRUE
87081c948ffffff,0,TRUE
87081c949ffffff,0,TRUE
87081c94affffff,0,TRUE
87081c94bffffff,66,TRUE
87081c94cffffff,0,TRUE
87081c94dffffff,0,TRUE
87081c94effffff,0,TRUE
87081c950ffffff,216.6,TRUE
87081c951ffffff,608.8,TRUE
87081c952ffffff,705.4,TRUE
87081c953ffffff,1864.6,FALSE
87081c954ffffff,0,TRUE
87081c955ffffff,403.9,TRUE
87081c956ffffff,579.8,TRUE
87081c958ffffff,0,TRUE
87081c959ffffff,198.2,TRUE
87081c95affffff,29.5,TRUE
87081c95bffffff,0,TRUE
87081c95cffffff,0,TRUE
87081c95dffffff,0,TRUE
87081c95effffff,178.2,TRUE
87081c960ffffff,0,TRUE
87081c961ffffff,0,TRUE
87081c962ffffff,0,TRUE
87081c963ffffff,0,TRUE
87081c964ffffff,0,TRUE
87081c965ffffff,0,TRUE
87081c966ffffff,0,TRUE
87081c968ffffff,0,TRUE
87081c969ffffff,13.5,TRUE
87081c96affffff,0,TRUE
87081c96bffffff,0,TRUE
87081c96cffffff,0,TRUE
87081c96dffffff,568.3,TRUE
87081c96effffff,0,TRUE
87081c970ffffff,405.4,TRUE
87081c971ffffff,0,TRUE
87081c972ffffff,0,TRUE
87081c973ffffff,113.2,TRUE
87081c974ffffff,0,TRUE
87081c975ffffff,0,TRUE
87081c976ffffff,0,TRUE
87081c980ffffff,27.7,TRUE
87081c981ffffff,0,TRUE
87081c982ffffff,0,TRUE
87081c983ffffff,141.3,TRUE
87081c984ffffff,33.8,TRUE
87081c985ffffff,398,TRUE
87081c986ffffff,0,TRUE
87081c988ffffff,209.8,TRUE
87081c989ffffff,2201.6,FALSE
87081c98affffff,1253.6,FALSE
87081c98bffffff,1812.8,FALSE
87081c98cffffff,340,TRUE
87081c98dffffff,2007.1,FALSE
87081c98effffff,0,TRUE
87081c990ffffff,1054.9,TRUE
87081c991ffffff,0,TRUE
87081c992ffffff,2743.5,FALSE
87081c993ffffff,831.5,TRUE
87081c994ffffff,1069.5,TRUE
87081c995ffffff,328.9,TRUE
87081c996ffffff,1486.1,FALSE
87081c998ffffff,0,TRUE
87081c999ffffff,1939.7,FALSE
87081c99affffff,0,TRUE
87081c99bffffff,741.7,TRUE
87081c99cffffff,295.1,TRUE
87081c99dffffff,765.1,TRUE
87081c99effffff,98,TRUE
87081c9a0ffffff,336.1,TRUE
87081c9a1ffffff,0,TRUE
87081c9a2ffffff,0,TRUE
87081c9a3ffffff,0,TRUE
87081c9a4ffffff,0,TRUE
87081c9a5ffffff,202.9,TRUE
87081c9a6ffffff,106,TRUE
87081c9a8ffffff,505.1,TRUE
87081c9a9ffffff,1920.3,FALSE
87081c9aaffffff,0,TRUE
87081c9abffffff,1594.2,FALSE
87081c9acffffff,122.1,TRUE
87081c9adffffff,1529.2,FALSE
87081c9aeffffff,390.1,TRUE
87081c9b0ffffff,0,TRUE
87081c9b1ffffff,0,TRUE
87081c9b2ffffff,845.2,TRUE
87081c9b3ffffff,0,TRUE
87081c9b4ffffff,467.4,TRUE
87081c9b5ffffff,39.4,TRUE
87081c9b6ffffff,550.6,TRUE
87081ca00ffffff,0,TRUE
87081ca01ffffff,6.7,TRUE
87081ca02ffffff,0,TRUE
87081ca03ffffff,356.5,TRUE
87081ca04ffffff,0,TRUE
87081ca05ffffff,0,TRUE
87081ca06ffffff,472.9,TRUE
87081ca08ffffff,333.5,TRUE
87081ca09ffffff,0,TRUE
87081ca0affffff,161.9,TRUE
87081ca0bffffff,278.3,TRUE
87081ca0cffffff,84,TRUE
87081ca0dffffff,0,TRUE
87081ca0effffff,0,TRUE
87081ca10ffffff,286.9,TRUE
87081ca11ffffff,390.1,TRUE
87081ca12ffffff,360.3,TRUE
87081ca13ffffff,551.3,TRUE
87081ca14ffffff,159.1,TRUE
87081ca15ffffff,774.3,TRUE
87081ca16ffffff,1186.3,TRUE
87081ca18ffffff,0,TRUE
87081ca19ffffff,842.5,TRUE
87081ca1affffff,239.9,TRUE
87081ca1bffffff,0,TRUE
87081ca1cffffff,51.6,TRUE
87081ca1dffffff,0,TRUE
87081ca1effffff,308.1,TRUE
87081ca20ffffff,347.6,TRUE
87081ca21ffffff,0,TRUE
87081ca22ffffff,200.4,TRUE
87081ca23ffffff,1.2,TRUE
87081ca24ffffff,222.6,TRUE
87081ca25ffffff,4.6,TRUE
87081ca26ffffff,920.9,TRUE
87081ca28ffffff,1410.9,FALSE
87081ca29ffffff,986.9,TRUE
87081ca2affffff,67.2,TRUE
87081ca2bffffff,668.7,TRUE
87081ca2cffffff,336.3,TRUE
87081ca2dffffff,2225.9,FALSE
87081ca2effffff,206.8,TRUE
87081ca30ffffff,253.7,TRUE
87081ca31ffffff,54.8,TRUE
87081ca32ffffff,0,TRUE
87081ca33ffffff,168.8,TRUE
87081ca34ffffff,646.1,TRUE
87081ca35ffffff,497.4,TRUE
87081ca36ffffff,41.2,TRUE
87081ca40ffffff,2631.8,FALSE
87081ca41ffffff,1294.5,FALSE
87081ca42ffffff,1816.5,FALSE
87081ca43ffffff,1333,FALSE
87081ca44ffffff,4309.8,FALSE
87081ca45ffffff,2804.4,FALSE
87081ca46ffffff,3594.4,FALSE
87081ca48ffffff,153.8,TRUE
87081ca49ffffff,859.5,TRUE
87081ca4affffff,0,TRUE
87081ca4bffffff,0,TRUE
87081ca4cffffff,257.6,TRUE
87081ca4dffffff,805.5,TRUE
87081ca4effffff,0,TRUE
87081ca50ffffff,1555.3,FALSE
87081ca51ffffff,995,TRUE
87081ca52ffffff,0,TRUE
87081ca53ffffff,207.3,TRUE
87081ca54ffffff,704.8,TRUE
87081ca55ffffff,2663.9,FALSE
87081ca56ffffff,0,TRUE
87081ca58ffffff,0,TRUE
87081ca59ffffff,0,TRUE
87081ca5affffff,0,TRUE
87081ca5bffffff,0,TRUE
87081ca5cffffff,261.9,TRUE
87081ca5dffffff,924,TRUE
87081ca5effffff,0,TRUE
87081ca60ffffff,1453.4,FALSE
87081ca61ffffff,2564.1,FALSE
87081ca62ffffff,3037.9,FALSE
87081ca63ffffff,3188.7,FALSE
87081ca64ffffff,217.6,TRUE
87081ca65ffffff,1213.1,FALSE
87081ca66ffffff,2154.2,FALSE
87081ca68ffffff,1635.5,FALSE
87081ca69ffffff,1208.4,FALSE
87081ca6affffff,785.8,TRUE
87081ca6bffffff,598.2,TRUE
87081ca6cffffff,1774.3,FALSE
87081ca6dffffff,1040.1,FALSE
87081ca6effffff,2562,FALSE
87081ca70ffffff,791.9,TRUE
87081ca71ffffff,2905.3,FALSE
87081ca72ffffff,0,TRUE
87081ca73ffffff,1840.4,FALSE
87081ca74ffffff,1150.7,FALSE
87081ca75ffffff,2603.9,FALSE
87081ca76ffffff,0,TRUE
87081ca80ffffff,430.9,TRUE
87081ca81ffffff,732.5,TRUE
87081ca82ffffff,0,TRUE
87081ca83ffffff,0,TRUE
87081ca84ffffff,592.6,TRUE
87081ca85ffffff,2156.8,FALSE
87081ca86ffffff,0,TRUE
87081ca88ffffff,903.2,TRUE
87081ca89ffffff,0,TRUE
87081ca8affffff,660.8,TRUE
87081ca8bffffff,0,TRUE
87081ca8cffffff,378,TRUE
87081ca8dffffff,581.8,TRUE
87081ca8effffff,257.9,TRUE
87081ca90ffffff,722.6,TRUE
87081ca91ffffff,184.6,TRUE
87081ca92ffffff,1059.8,FALSE
87081ca93ffffff,0,TRUE
87081ca94ffffff,784.4,TRUE
87081ca95ffffff,0,TRUE
87081ca96ffffff,1898,FALSE
87081ca98ffffff,87.5,TRUE
87081ca99ffffff,0,TRUE
87081ca9affffff,0,TRUE
87081ca9bffffff,0,TRUE
87081ca9cffffff,0,TRUE
87081ca9dffffff,545.4,TRUE
87081ca9effffff,0,TRUE
87081caa0ffffff,2461.2,FALSE
87081caa1ffffff,1247,FALSE
87081caa2ffffff,532.3,TRUE
87081caa3ffffff,2497,FALSE
87081caa4ffffff,2253.1,FALSE
87081caa5ffffff,1967.6,FALSE
87081caa6ffffff,582.1,TRUE
87081caa8ffffff,417.8,TRUE
87081caa9ffffff,831.8,TRUE
87081caaaffffff,364.3,TRUE
87081caabffffff,642.9,TRUE
87081caacffffff,408.2,TRUE
87081caadffffff,1019.9,TRUE
87081caaeffffff,1401.7,FALSE
87081cab0ffffff,0,TRUE
87081cab1ffffff,0,TRUE
87081cab2ffffff,0,TRUE
87081cab3ffffff,0,TRUE
87081cab4ffffff,0,TRUE
87081cab5ffffff,0,TRUE
87081cab6ffffff,0,TRUE
87081cac0ffffff,1183.1,FALSE
87081cac1ffffff,0,TRUE
87081cac2ffffff,1672,FALSE
87081cac3ffffff,0,TRUE
87081cac4ffffff,1190,FALSE
87081cac5ffffff,1199.8,FALSE
87081cac6ffffff,1555.4,FALSE
87081cac8ffffff,381.2,TRUE
87081cac9ffffff,0,TRUE
87081cacaffffff,0,TRUE
87081cacbffffff,0,TRUE
87081caccffffff,0,TRUE
87081cacdffffff,0,TRUE
87081caceffffff,181.1,TRUE
87081cad0ffffff,0,TRUE
87081cad1ffffff,1618.8,FALSE
87081cad2ffffff,886.5,TRUE
87081cad3ffffff,357.9,TRUE
87081cad4ffffff,0,TRUE
87081cad5ffffff,617.6,TRUE
87081cad6ffffff,0,TRUE
87081cad8ffffff,214,TRUE
87081cad9ffffff,0,TRUE
87081cadaffffff,0,TRUE
87081cadbffffff,16.2,TRUE
87081cadcffffff,409.1,TRUE
87081caddffffff,244.8,TRUE
87081cadeffffff,659.5,TRUE
87081cae0ffffff,180.7,TRUE
87081cae1ffffff,322.6,TRUE
87081cae2ffffff,700.7,TRUE
87081cae3ffffff,0,TRUE
87081cae4ffffff,693.3,TRUE
87081cae5ffffff,495.9,TRUE
87081cae6ffffff,871.9,TRUE
87081cae8ffffff,0,TRUE
87081cae9ffffff,0,TRUE
87081caeaffffff,0,TRUE
87081caebffffff,0,TRUE
87081caecffffff,302.5,TRUE
87081caedffffff,391.4,TRUE
87081caeeffffff,1415.6,FALSE
87081caf0ffffff,0,TRUE
87081caf1ffffff,250.5,TRUE
87081caf2ffffff,399.4,TRUE
87081caf3ffffff,0,TRUE
87081caf4ffffff,209.8,TRUE
87081caf5ffffff,58.6,TRUE
87081caf6ffffff,288.9,TRUE
87081cb00ffffff,487.2,TRUE
87081cb01ffffff,0,TRUE
87081cb02ffffff,1397.3,FALSE
87081cb03ffffff,822.9,TRUE
87081cb04ffffff,0,TRUE
87081cb05ffffff,0,TRUE
87081cb06ffffff,270.6,TRUE
87081cb08ffffff,1211.9,TRUE
87081cb09ffffff,0,TRUE
87081cb0affffff,396.2,TRUE
87081cb0bffffff,0,TRUE
87081cb0cffffff,603.3,TRUE
87081cb0dffffff,1364.4,FALSE
87081cb0effffff,0,TRUE
87081cb10ffffff,0,TRUE
87081cb11ffffff,1345.5,FALSE
87081cb12ffffff,1258.3,FALSE
87081cb13ffffff,1004.7,FALSE
87081cb14ffffff,1019.2,TRUE
87081cb15ffffff,36.6,TRUE
87081cb16ffffff,1323.6,FALSE
87081cb18ffffff,2280.5,FALSE
87081cb19ffffff,1260.6,FALSE
87081cb1affffff,2353.3,FALSE
87081cb1bffffff,1647.5,FALSE
87081cb1cffffff,2246,FALSE
87081cb1dffffff,514.5,TRUE
87081cb1effffff,2728.3,FALSE
87081cb20ffffff,0,TRUE
87081cb21ffffff,0,TRUE
87081cb22ffffff,780.9,TRUE
87081cb23ffffff,0,TRUE
87081cb24ffffff,43.8,TRUE
87081cb25ffffff,0,TRUE
87081cb26ffffff,990.8,TRUE
87081cb28ffffff,334.5,TRUE
87081cb29ffffff,232.3,TRUE
87081cb2affffff,0,TRUE
87081cb2bffffff,1505.5,FALSE
87081cb2cffffff,67.7,TRUE
87081cb2dffffff,495.4,TRUE
87081cb2effffff,0,TRUE
87081cb30ffffff,2795.9,FALSE
87081cb31ffffff,1850.4,FALSE
87081cb32ffffff,2433.7,FALSE
87081cb33ffffff,1061.8,FALSE
87081cb34ffffff,1597.6,FALSE
87081cb35ffffff,2543.8,FALSE
87081cb36ffffff,1973.1,FALSE
87081cb40ffffff,0,TRUE
87081cb41ffffff,871.3,TRUE
87081cb42ffffff,159.1,TRUE
87081cb43ffffff,0,TRUE
87081cb44ffffff,0,TRUE
87081cb45ffffff,0,TRUE
87081cb46ffffff,261.5,TRUE
87081cb48ffffff,0,TRUE
87081cb49ffffff,0,TRUE
87081cb4affffff,0,TRUE
87081cb4bffffff,354,TRUE
87081cb4cffffff,0,TRUE
87081cb4dffffff,0,TRUE
87081cb4effffff,95.4,TRUE
87081cb50ffffff,0,TRUE
87081cb51ffffff,1236,FALSE
87081cb52ffffff,0,TRUE
87081cb53ffffff,1051,TRUE
87081cb54ffffff,0,TRUE
87081cb55ffffff,431.5,TRUE
87081cb56ffffff,0,TRUE
87081cb58ffffff,2237.1,FALSE
87081cb59ffffff,1499.1,FALSE
87081cb5affffff,2410.8,FALSE
87081cb5bffffff,3089.7,FALSE
87081cb5cffffff,839.6,TRUE
87081cb5dffffff,684.3,TRUE
87081cb5effffff,2456.1,FALSE
87081cb60ffffff,0,TRUE
87081cb61ffffff,0,TRUE
87081cb62ffffff,0,TRUE
87081cb63ffffff,0,TRUE
87081cb64ffffff,0,TRUE
87081cb65ffffff,34.8,TRUE
87081cb66ffffff,22.6,TRUE
87081cb68ffffff,0,TRUE
87081cb69ffffff,0,TRUE
87081cb6affffff,0,TRUE
87081cb6bffffff,28.6,TRUE
87081cb6cffffff,79.2,TRUE
87081cb6dffffff,0,TRUE
87081cb6effffff,0,TRUE
87081cb70ffffff,14.1,TRUE
87081cb71ffffff,0,TRUE
87081cb72ffffff,0,TRUE
87081cb73ffffff,0,TRUE
87081cb74ffffff,0,TRUE
87081cb75ffffff,0,TRUE
87081cb76ffffff,30.5,TRUE
87081cb80ffffff,2859.5,FALSE
87081cb81ffffff,3742.1,FALSE
87081cb82ffffff,1557,FALSE
87081cb83ffffff,1814,FALSE
87081cb84ffffff,4402.4,FALSE
87081cb85ffffff,4633.7,FALSE
87081cb86ffffff,2611.1,FALSE
87081cb88ffffff,2696.2,FALSE
87081cb89ffffff,609.7,TRUE
87081cb8affffff,2001.4,FALSE
87081cb8bffffff,2396.9,FALSE
87081cb8cffffff,3365.3,FALSE
87081cb8dffffff,1230,FALSE
87081cb8effffff,2663.9,FALSE
87081cb90ffffff,81.6,TRUE
87081cb91ffffff,0,TRUE
87081cb92ffffff,116.7,TRUE
87081cb93ffffff,301.4,TRUE
87081cb94ffffff,0,TRUE
87081cb95ffffff,1041.9,FALSE
87081cb96ffffff,1078.2,TRUE
87081cb98ffffff,0,TRUE
87081cb99ffffff,359.6,TRUE
87081cb9affffff,0,TRUE
87081cb9bffffff,11.7,TRUE
87081cb9cffffff,0,TRUE
87081cb9dffffff,935.5,TRUE
87081cb9effffff,0,TRUE
87081cba0ffffff,2811.3,FALSE
87081cba1ffffff,3188.6,FALSE
87081cba2ffffff,4050.3,FALSE
87081cba3ffffff,4321.6,FALSE
87081cba4ffffff,1748.3,FALSE
87081cba5ffffff,1396.2,FALSE
87081cba6ffffff,3688.8,FALSE
87081cba8ffffff,3493.5,FALSE
87081cba9ffffff,1664.8,FALSE
87081cbaaffffff,4245.6,FALSE
87081cbabffffff,2100.8,FALSE
87081cbacffffff,2410.7,FALSE
87081cbadffffff,2797,FALSE
87081cbaeffffff,4105.2,FALSE
87081cbb0ffffff,365,TRUE
87081cbb1ffffff,2346.3,FALSE
87081cbb2ffffff,287.4,TRUE
87081cbb3ffffff,1040.8,TRUE
87081cbb4ffffff,172.9,TRUE
87081cbb5ffffff,2207.4,FALSE
87081cbb6ffffff,714.4,TRUE
87081cc08ffffff,1431.8,FALSE
87081cc09ffffff,3082.4,FALSE
87081cc0bffffff,3228.1,FALSE
87081cc0cffffff,0,TRUE
87081cc0dffffff,1534.6,FALSE
87081cc21ffffff,1191.8,FALSE
87081cc25ffffff,1328.1,FALSE
87081cc28ffffff,87.1,TRUE
87081cc29ffffff,187.4,TRUE
87081cc2affffff,0,TRUE
87081cc2bffffff,0,TRUE
87081cc2cffffff,0,TRUE
87081cc2dffffff,0,TRUE
87081cc2effffff,0,TRUE
87081cc40ffffff,1246.9,FALSE
87081cc41ffffff,1656.7,FALSE
87081cc42ffffff,1966,FALSE
87081cc43ffffff,2553.8,FALSE
87081cc44ffffff,1301.2,FALSE
87081cc45ffffff,433.7,TRUE
87081cc46ffffff,2982.9,FALSE
87081cc48ffffff,3629.8,FALSE
87081cc49ffffff,3218.3,FALSE
87081cc4affffff,2666.2,FALSE
87081cc4bffffff,1931.9,FALSE
87081cc4cffffff,3605.3,FALSE
87081cc4dffffff,4796.1,FALSE
87081cc4effffff,3402.2,FALSE
87081cc50ffffff,2985,FALSE
87081cc51ffffff,1059.7,FALSE
87081cc52ffffff,4155.2,FALSE
87081cc53ffffff,2071.6,FALSE
87081cc54ffffff,3251.8,FALSE
87081cc55ffffff,2834.2,FALSE
87081cc56ffffff,4568.4,FALSE
87081cc58ffffff,1035.8,TRUE
87081cc59ffffff,2723.1,FALSE
87081cc5affffff,1449.6,FALSE
87081cc5bffffff,1623.7,FALSE
87081cc5cffffff,897.6,TRUE
87081cc5dffffff,2445.4,FALSE
87081cc5effffff,328,TRUE
87081cc60ffffff,2448.7,FALSE
87081cc61ffffff,2256.8,FALSE
87081cc62ffffff,2295.1,FALSE
87081cc63ffffff,663.3,TRUE
87081cc64ffffff,2549.8,FALSE
87081cc65ffffff,3679.2,FALSE
87081cc66ffffff,2869.9,FALSE
87081cc68ffffff,3669,FALSE
87081cc69ffffff,5424,FALSE
87081cc6affffff,2435,FALSE
87081cc6bffffff,4563.8,FALSE
87081cc6cffffff,3480.8,FALSE
87081cc6dffffff,4873.7,FALSE
87081cc6effffff,1636,FALSE
87081cc70ffffff,1022.2,TRUE
87081cc71ffffff,3164.5,FALSE
87081cc72ffffff,1546.6,FALSE
87081cc73ffffff,2593,FALSE
87081cc74ffffff,861.8,TRUE
87081cc75ffffff,2555.3,FALSE
87081cc76ffffff,290,TRUE
87081ccc0ffffff,8011.3,FALSE
87081ccc1ffffff,7006.6,FALSE
87081ccc2ffffff,7432.9,FALSE
87081ccc3ffffff,6216,FALSE
87081ccc4ffffff,8918.5,FALSE
87081ccc5ffffff,7482.6,FALSE
87081ccc6ffffff,9212.2,FALSE
87081ccc8ffffff,3710.8,FALSE
87081ccc9ffffff,1564.4,FALSE
87081cccaffffff,3977.7,FALSE
87081cccbffffff,2930.7,FALSE
87081ccccffffff,4935.8,FALSE
87081cccdffffff,2979.5,FALSE
87081ccceffffff,5597,FALSE
87081ccd8ffffff,3931.5,FALSE
87081ccd9ffffff,2646.8,FALSE
87081ccdaffffff,4336.1,FALSE
87081ccdbffffff,2301.3,FALSE
87081ccdcffffff,5666.6,FALSE
87081ccddffffff,4424.7,FALSE
87081ccdeffffff,5763,FALSE
87081cce0ffffff,5962,FALSE
87081cce1ffffff,5764.5,FALSE
87081cce2ffffff,7306.9,FALSE
87081cce3ffffff,7537.2,FALSE
87081cce4ffffff,4276.2,FALSE
87081cce5ffffff,5025.5,FALSE
87081cce8ffffff,3978.4,FALSE
87081cce9ffffff,1824.1,FALSE
87081cceaffffff,5376.5,FALSE
87081ccebffffff,3311.7,FALSE
87081ccecffffff,3878.8,FALSE
87081ccedffffff,2160.5,FALSE
87081cceeffffff,5780.2,FALSE
87081cd09ffffff,307.8,TRUE
87081cd0dffffff,0,TRUE
87081cd21ffffff,941.6,TRUE
87081cd24ffffff,2180.1,FALSE
87081cd25ffffff,2422.7,FALSE
87081cd28ffffff,0,TRUE
87081cd29ffffff,0,TRUE
87081cd2affffff,0,TRUE
87081cd2bffffff,0,TRUE
87081cd2cffffff,91.7,TRUE
87081cd2dffffff,0,TRUE
87081cd2effffff,0,TRUE
87081cd40ffffff,2016.7,FALSE
87081cd41ffffff,114.6,TRUE
87081cd42ffffff,912.6,TRUE
87081cd43ffffff,1483.2,FALSE
87081cd44ffffff,1190.9,FALSE
87081cd45ffffff,1876,FALSE
87081cd46ffffff,442.5,TRUE
87081cd48ffffff,1081.6,FALSE
87081cd49ffffff,1186.3,FALSE
87081cd4affffff,1346.2,FALSE
87081cd4bffffff,2874,FALSE
87081cd4cffffff,0,TRUE
87081cd4dffffff,405.6,TRUE
87081cd4effffff,1114.3,FALSE
87081cd50ffffff,0,TRUE
87081cd51ffffff,772.9,TRUE
87081cd52ffffff,0,TRUE
87081cd53ffffff,274.3,TRUE
87081cd54ffffff,453.4,TRUE
87081cd55ffffff,0,TRUE
87081cd56ffffff,0,TRUE
87081cd58ffffff,239.5,TRUE
87081cd59ffffff,1074.5,FALSE
87081cd5affffff,759.2,TRUE
87081cd5bffffff,2026.1,FALSE
87081cd5cffffff,0,TRUE
87081cd5dffffff,224.4,TRUE
87081cd5effffff,481.4,TRUE
87081cd60ffffff,1710.4,FALSE
87081cd61ffffff,3167.8,FALSE
87081cd62ffffff,285.2,TRUE
87081cd63ffffff,1544.5,FALSE
87081cd64ffffff,45.9,TRUE
87081cd65ffffff,1497.5,FALSE
87081cd66ffffff,42.1,TRUE
87081cd68ffffff,283.2,TRUE
87081cd69ffffff,112.2,TRUE
87081cd6affffff,594.1,TRUE
87081cd6bffffff,0,TRUE
87081cd6cffffff,1694.9,FALSE
87081cd6dffffff,0,TRUE
87081cd6effffff,2045.5,FALSE
87081cd70ffffff,0,TRUE
87081cd71ffffff,0,TRUE
87081cd72ffffff,0,TRUE
87081cd73ffffff,94.6,TRUE
87081cd74ffffff,706.4,TRUE
87081cd75ffffff,274.8,TRUE
87081cd76ffffff,244,TRUE
87081d190ffffff,4176.7,FALSE
87081d192ffffff,4696,FALSE
87081d193ffffff,5944,FALSE
87081d194ffffff,2440.1,FALSE
87081d196ffffff,2902.4,FALSE
87081d1b0ffffff,855.3,TRUE
87081d1b2ffffff,820.6,TRUE
87081d1b4ffffff,894.4,TRUE
87081d1b6ffffff,0,TRUE
87081d42dffffff,7770.1,FALSE
87081d460ffffff,14669.9,FALSE
87081d462ffffff,14636.3,FALSE
87081d463ffffff,16362.3,FALSE
87081d464ffffff,12952.6,FALSE
87081d465ffffff,14709.8,FALSE
87081d466ffffff,12916.8,FALSE
87081d475ffffff,12971,FALSE
87081d500ffffff,551.3,TRUE
87081d501ffffff,1844.6,FALSE
87081d502ffffff,165.5,TRUE
87081d503ffffff,88.9,TRUE
87081d504ffffff,1996.7,FALSE
87081d505ffffff,2266.5,FALSE
87081d506ffffff,234.8,TRUE
87081d508ffffff,168.8,TRUE
87081d509ffffff,1149.5,FALSE
87081d50affffff,0,TRUE
87081d50bffffff,777.5,TRUE
87081d50cffffff,74.6,TRUE
87081d50dffffff,101.7,TRUE
87081d50effffff,180.6,TRUE
87081d520ffffff,1095,FALSE
87081d521ffffff,2140,FALSE
87081d522ffffff,406.6,TRUE
87081d523ffffff,2409.9,FALSE
87081d524ffffff,0,TRUE
87081d525ffffff,1946.8,FALSE
87081d526ffffff,30.6,TRUE
87081d528ffffff,247.1,TRUE
87081d529ffffff,354.2,TRUE
87081d52affffff,694.4,TRUE
87081d52bffffff,0,TRUE
87081d52cffffff,486.3,TRUE
87081d52dffffff,867.4,TRUE
87081d52effffff,915.7,TRUE
87081d530ffffff,0,TRUE
87081d531ffffff,420.7,TRUE
87081d532ffffff,0,TRUE
87081d533ffffff,0,TRUE
87081d534ffffff,184,TRUE
87081d535ffffff,0,TRUE
87081d536ffffff,0,TRUE
87081d540ffffff,6112.9,FALSE
87081d541ffffff,7992.3,FALSE
87081d542ffffff,6094.8,FALSE
87081d543ffffff,7815.3,FALSE
87081d544ffffff,4497.1,FALSE
87081d545ffffff,6520.8,FALSE
87081d546ffffff,4415.8,FALSE
87081d548ffffff,11489.2,FALSE
87081d549ffffff,13473.7,FALSE
87081d54affffff,11247.4,FALSE
87081d54bffffff,13071.4,FALSE
87081d54cffffff,9989.4,FALSE
87081d54dffffff,11950,FALSE
87081d54effffff,9584.9,FALSE
87081d550ffffff,4578.5,FALSE
87081d551ffffff,6099.4,FALSE
87081d552ffffff,4272.9,FALSE
87081d553ffffff,6283.4,FALSE
87081d554ffffff,2781.5,FALSE
87081d555ffffff,4363.2,FALSE
87081d556ffffff,2815.7,FALSE
87081d558ffffff,9497.6,FALSE
87081d559ffffff,11223.6,FALSE
87081d55affffff,9643.3,FALSE
87081d55bffffff,11222.2,FALSE
87081d55cffffff,7778.3,FALSE
87081d55dffffff,9534.8,FALSE
87081d55effffff,7869.7,FALSE
87081d560ffffff,4409.7,FALSE
87081d561ffffff,5846.2,FALSE
87081d562ffffff,3115.3,FALSE
87081d563ffffff,5271.7,FALSE
87081d564ffffff,3544.2,FALSE
87081d565ffffff,4238.1,FALSE
87081d566ffffff,2340.5,FALSE
87081d568ffffff,8316.5,FALSE
87081d56affffff,8614.7,FALSE
87081d56bffffff,10132.3,FALSE
87081d56cffffff,6503.6,FALSE
87081d56dffffff,7732.2,FALSE
87081d56effffff,7434.3,FALSE
87081d570ffffff,1029.6,TRUE
87081d571ffffff,2682.3,FALSE
87081d572ffffff,1009.4,TRUE
87081d573ffffff,2645.5,FALSE
87081d574ffffff,23.7,TRUE
87081d575ffffff,1004.5,TRUE
87081d576ffffff,109.2,TRUE
87081d9b6ffffff,2910.8,FALSE
87081dc00ffffff,0,TRUE
87081dc01ffffff,0,TRUE
87081dc02ffffff,0,TRUE
87081dc03ffffff,186.3,TRUE
87081dc04ffffff,465.6,TRUE
87081dc05ffffff,524.4,TRUE
87081dc06ffffff,0,TRUE
87081dc08ffffff,0,TRUE
87081dc09ffffff,380,TRUE
87081dc0affffff,0,TRUE
87081dc0bffffff,57.5,TRUE
87081dc0cffffff,755.5,TRUE
87081dc0dffffff,1471.9,FALSE
87081dc0effffff,0,TRUE
87081dc10ffffff,0,TRUE
87081dc11ffffff,0,TRUE
87081dc12ffffff,644.9,TRUE
87081dc13ffffff,358.7,TRUE
87081dc14ffffff,130,TRUE
87081dc15ffffff,0,TRUE
87081dc16ffffff,182.3,TRUE
87081dc18ffffff,0,TRUE
87081dc19ffffff,1373.7,FALSE
87081dc1affffff,0,TRUE
87081dc1bffffff,400,TRUE
87081dc1cffffff,0,TRUE
87081dc1dffffff,264.3,TRUE
87081dc1effffff,231.2,TRUE
87081dc20ffffff,538.4,TRUE
87081dc21ffffff,234.5,TRUE
87081dc22ffffff,11.4,TRUE
87081dc23ffffff,189.3,TRUE
87081dc24ffffff,2014.5,FALSE
87081dc25ffffff,1861.5,FALSE
87081dc26ffffff,544.6,TRUE
87081dc28ffffff,0,TRUE
87081dc29ffffff,0,TRUE
87081dc2affffff,571.2,TRUE
87081dc2bffffff,205.2,TRUE
87081dc2cffffff,0,TRUE
87081dc2dffffff,0,TRUE
87081dc2effffff,0,TRUE
87081dc30ffffff,0,TRUE
87081dc31ffffff,292.2,TRUE
87081dc32ffffff,18.2,TRUE
87081dc33ffffff,303.4,TRUE
87081dc34ffffff,0,TRUE
87081dc35ffffff,443.8,TRUE
87081dc36ffffff,346.6,TRUE
87081dc42ffffff,2827.4,FALSE
87081dc46ffffff,3808.5,FALSE
87081dc50ffffff,621,TRUE
87081dc51ffffff,884.7,TRUE
87081dc52ffffff,0,TRUE
87081dc53ffffff,0,TRUE
87081dc54ffffff,712.8,TRUE
87081dc55ffffff,2127.5,FALSE
87081dc56ffffff,394.6,TRUE
87081dc5affffff,1923,FALSE
87081dc5effffff,1423.6,FALSE
87081dc62ffffff,5563.7,FALSE
87081dc66ffffff,3775.8,FALSE
87081dc70ffffff,2693.3,FALSE
87081dc71ffffff,4008.8,FALSE
87081dc72ffffff,835.1,TRUE
87081dc73ffffff,2157.3,FALSE
87081dc74ffffff,1928.3,FALSE
87081dc75ffffff,3902,FALSE
87081dc76ffffff,1045.3,TRUE
87081dc80ffffff,455.6,TRUE
87081dc81ffffff,2600.3,FALSE
87081dc82ffffff,0,TRUE
87081dc83ffffff,825.2,TRUE
87081dc84ffffff,0,TRUE
87081dc85ffffff,1865.4,FALSE
87081dc86ffffff,413.7,TRUE
87081dc88ffffff,262.3,TRUE
87081dc89ffffff,602.8,TRUE
87081dc8affffff,0,TRUE
87081dc8bffffff,917.9,TRUE
87081dc8cffffff,1489.3,FALSE
87081dc8dffffff,537.9,TRUE
87081dc8effffff,813.4,TRUE
87081dc90ffffff,804.5,TRUE
87081dc91ffffff,133.9,TRUE
87081dc92ffffff,640.4,TRUE
87081dc93ffffff,0,TRUE
87081dc94ffffff,1664.7,FALSE
87081dc95ffffff,0,TRUE
87081dc96ffffff,2343.7,FALSE
87081dc98ffffff,795.4,TRUE
87081dc99ffffff,0,TRUE
87081dc9affffff,0,TRUE
87081dc9bffffff,0,TRUE
87081dc9cffffff,0,TRUE
87081dc9dffffff,1010.2,TRUE
87081dc9effffff,0,TRUE
87081dca0ffffff,0,TRUE
87081dca1ffffff,306.8,TRUE
87081dca2ffffff,0,TRUE
87081dca3ffffff,876.8,TRUE
87081dca4ffffff,0,TRUE
87081dca5ffffff,0,TRUE
87081dca6ffffff,0,TRUE
87081dca8ffffff,958.4,TRUE
87081dca9ffffff,0,TRUE
87081dcaaffffff,2265,FALSE
87081dcabffffff,991,FALSE
87081dcacffffff,1266.9,FALSE
87081dcadffffff,0,TRUE
87081dcaeffffff,485,TRUE
87081dcb0ffffff,292.3,TRUE
87081dcb1ffffff,0,TRUE
87081dcb2ffffff,438.5,TRUE
87081dcb3ffffff,464.3,TRUE
87081dcb4ffffff,0,TRUE
87081dcb5ffffff,704.8,TRUE
87081dcb6ffffff,0,TRUE
87081dcc0ffffff,0,TRUE
87081dcc1ffffff,0,TRUE
87081dcc2ffffff,0,TRUE
87081dcc3ffffff,0,TRUE
87081dcc4ffffff,251.2,TRUE
87081dcc5ffffff,296.2,TRUE
87081dcc6ffffff,34.6,TRUE
87081dcc8ffffff,1777.6,FALSE
87081dcc9ffffff,1176.2,FALSE
87081dccaffffff,1749.8,FALSE
87081dccbffffff,2891,FALSE
87081dcccffffff,447.4,TRUE
87081dccdffffff,108.7,TRUE
87081dcceffffff,37.6,TRUE
87081dcd0ffffff,1396.6,FALSE
87081dcd1ffffff,95.8,TRUE
87081dcd2ffffff,1931.1,FALSE
87081dcd3ffffff,1184.1,FALSE
87081dcd4ffffff,860.6,TRUE
87081dcd5ffffff,0,TRUE
87081dcd6ffffff,1375.2,FALSE
87081dcd8ffffff,0,TRUE
87081dcd9ffffff,1393.7,FALSE
87081dcdaffffff,101.8,TRUE
87081dcdbffffff,319,TRUE
87081dcdcffffff,0,TRUE
87081dcddffffff,200.8,TRUE
87081dcdeffffff,858.2,TRUE
87081dce0ffffff,0,TRUE
87081dce1ffffff,0,TRUE
87081dce2ffffff,1504.2,FALSE
87081dce3ffffff,547.5,TRUE
87081dce4ffffff,0,TRUE
87081dce5ffffff,0,TRUE
87081dce6ffffff,1230.8,FALSE
87081dce8ffffff,0,TRUE
87081dce9ffffff,59.9,TRUE
87081dceaffffff,246.7,TRUE
87081dcebffffff,0,TRUE
87081dcecffffff,0,TRUE
87081dcedffffff,780.7,TRUE
87081dceeffffff,0,TRUE
87081dcf0ffffff,10.5,TRUE
87081dcf1ffffff,417.4,TRUE
87081dcf2ffffff,187.6,TRUE
87081dcf3ffffff,0,TRUE
87081dcf4ffffff,0,TRUE
87081dcf5ffffff,260.3,TRUE
87081dcf6ffffff,0,TRUE
87081dd00ffffff,2741.4,FALSE
87081dd01ffffff,2990.1,FALSE
87081dd02ffffff,1630.3,FALSE
87081dd03ffffff,2191.9,FALSE
87081dd04ffffff,946.9,TRUE
87081dd05ffffff,1828.6,FALSE
87081dd06ffffff,1801.8,FALSE
87081dd08ffffff,2600.6,FALSE
87081dd09ffffff,1258.3,FALSE
87081dd0affffff,3590.4,FALSE
87081dd0bffffff,3106.1,FALSE
87081dd0cffffff,2667.1,FALSE
87081dd0dffffff,768.3,TRUE
87081dd0effffff,3806.8,FALSE
87081dd10ffffff,0,TRUE
87081dd11ffffff,596.7,TRUE
87081dd12ffffff,0,TRUE
87081dd13ffffff,129.1,TRUE
87081dd14ffffff,1017.6,FALSE
87081dd15ffffff,1645,FALSE
87081dd16ffffff,452.3,TRUE
87081dd18ffffff,1109.2,FALSE
87081dd19ffffff,1977.9,FALSE
87081dd1affffff,97.4,TRUE
87081dd1bffffff,324.3,TRUE
87081dd1cffffff,269.1,TRUE
87081dd1dffffff,2062.6,FALSE
87081dd1effffff,0,TRUE
87081dd20ffffff,269.3,TRUE
87081dd21ffffff,0,TRUE
87081dd22ffffff,124.8,TRUE
87081dd23ffffff,205.7,TRUE
87081dd24ffffff,0,TRUE
87081dd25ffffff,0,TRUE
87081dd26ffffff,0,TRUE
87081dd28ffffff,9.4,TRUE
87081dd29ffffff,0,TRUE
87081dd2affffff,1549,FALSE
87081dd2bffffff,1107.1,FALSE
87081dd2cffffff,69.1,TRUE
87081dd2dffffff,0,TRUE
87081dd2effffff,0,TRUE
87081dd30ffffff,649.7,TRUE
87081dd31ffffff,392.6,TRUE
87081dd32ffffff,2039.8,FALSE
87081dd33ffffff,1415,FALSE
87081dd34ffffff,56.2,TRUE
87081dd35ffffff,158.1,TRUE
87081dd36ffffff,1221.8,TRUE
87081dd40ffffff,0,TRUE
87081dd42ffffff,929.5,TRUE
87081dd43ffffff,0,TRUE
87081dd44ffffff,0,TRUE
87081dd45ffffff,0,TRUE
87081dd46ffffff,22.2,TRUE
87081dd50ffffff,2269,FALSE
87081dd51ffffff,1854.4,FALSE
87081dd52ffffff,1380.4,FALSE
87081dd53ffffff,809.6,TRUE
87081dd54ffffff,1980.7,FALSE
87081dd55ffffff,1513.1,FALSE
87081dd56ffffff,2771.6,FALSE
87081dd58ffffff,635.6,TRUE
87081dd59ffffff,2005.7,FALSE
87081dd5affffff,1088.3,FALSE
87081dd5bffffff,2130.4,FALSE
87081dd5cffffff,385,TRUE
87081dd5dffffff,510.6,TRUE
87081dd5effffff,266.8,TRUE
87081dd60ffffff,0,TRUE
87081dd61ffffff,359.7,TRUE
87081dd62ffffff,0,TRUE
87081dd63ffffff,65.4,TRUE
87081dd64ffffff,0,TRUE
87081dd65ffffff,0,TRUE
87081dd66ffffff,0,TRUE
87081dd70ffffff,0,TRUE
87081dd71ffffff,0,TRUE
87081dd72ffffff,459.5,TRUE
87081dd73ffffff,812,TRUE
87081dd74ffffff,0,TRUE
87081dd75ffffff,0,TRUE
87081dd76ffffff,0,TRUE
87081dd80ffffff,866.1,TRUE
87081dd81ffffff,0,TRUE
87081dd82ffffff,0,TRUE
87081dd83ffffff,0,TRUE
87081dd84ffffff,1638.5,FALSE
87081dd85ffffff,449.4,TRUE
87081dd86ffffff,1170.6,FALSE
87081dd88ffffff,619.1,TRUE
87081dd89ffffff,0,TRUE
87081dd8affffff,0,TRUE
87081dd8bffffff,88.1,TRUE
87081dd8cffffff,0,TRUE
87081dd8dffffff,195.8,TRUE
87081dd8effffff,0,TRUE
87081dd90ffffff,151.7,TRUE
87081dd91ffffff,9.8,TRUE
87081dd92ffffff,295.7,TRUE
87081dd93ffffff,0,TRUE
87081dd94ffffff,1476.8,FALSE
87081dd95ffffff,1650.5,FALSE
87081dd96ffffff,1071.5,TRUE
87081dd98ffffff,222.1,TRUE
87081dd99ffffff,33.9,TRUE
87081dd9affffff,0,TRUE
87081dd9bffffff,1234,FALSE
87081dd9cffffff,0,TRUE
87081dd9dffffff,153.4,TRUE
87081dd9effffff,0,TRUE
87081dda0ffffff,0,TRUE
87081dda1ffffff,231.1,TRUE
87081dda2ffffff,0,TRUE
87081dda3ffffff,0,TRUE
87081dda4ffffff,234,TRUE
87081dda5ffffff,0,TRUE
87081dda6ffffff,0,TRUE
87081dda8ffffff,0,TRUE
87081dda9ffffff,0,TRUE
87081ddaaffffff,0,TRUE
87081ddabffffff,0,TRUE
87081ddacffffff,0,TRUE
87081ddadffffff,0,TRUE
87081ddaeffffff,0,TRUE
87081ddb0ffffff,28.1,TRUE
87081ddb1ffffff,417.8,TRUE
87081ddb2ffffff,0,TRUE
87081ddb3ffffff,1003.1,TRUE
87081ddb4ffffff,293.8,TRUE
87081ddb5ffffff,302.9,TRUE
87081ddb6ffffff,386,TRUE
8708314daffffff,24390.5,FALSE
870831682ffffff,27570.4,FALSE
870831686ffffff,28298.5,FALSE
870831690ffffff,24145.8,FALSE
870831691ffffff,25524.6,FALSE
870831693ffffff,23412.1,FALSE
870831695ffffff,26219,FALSE
870831698ffffff,26017,FALSE
87083169cffffff,26777.9,FALSE
87083169effffff,24683.5,FALSE
8708316b1ffffff,29124,FALSE
8708316b3ffffff,27012.1,FALSE
8708316b6ffffff,26778.9,FALSE
8708316d3ffffff,33276.5,FALSE
870833009ffffff,377.4,TRUE
87083300bffffff,184.9,TRUE
87083300dffffff,183.9,TRUE
870833012ffffff,4047.9,FALSE
870833013ffffff,2232.1,FALSE
870833018ffffff,29,TRUE
870833019ffffff,74.3,TRUE
87083301affffff,896.2,TRUE
87083301bffffff,117.3,TRUE
870833040ffffff,230.6,TRUE
870833041ffffff,0,TRUE
870833042ffffff,0,TRUE
870833043ffffff,623,TRUE
870833044ffffff,605.8,TRUE
870833045ffffff,342.1,TRUE
870833046ffffff,355.3,TRUE
870833048ffffff,875.5,TRUE
87083304affffff,0,TRUE
87083304bffffff,0,TRUE
87083304cffffff,769.2,TRUE
87083304effffff,443.2,TRUE
870833050ffffff,130.7,TRUE
870833051ffffff,0,TRUE
870833052ffffff,157,TRUE
870833053ffffff,41.7,TRUE
870833054ffffff,0,TRUE
870833055ffffff,0,TRUE
870833056ffffff,0,TRUE
870833058ffffff,206.8,TRUE
870833059ffffff,0,TRUE
87083305affffff,0,TRUE
87083305bffffff,0,TRUE
87083305cffffff,175,TRUE
87083305dffffff,0,TRUE
87083305effffff,347,TRUE
870833065ffffff,644.1,TRUE
870833068ffffff,32,TRUE
870833069ffffff,0,TRUE
87083306bffffff,778.4,TRUE
87083306cffffff,0,TRUE
87083306dffffff,0,TRUE
870833070ffffff,180.7,TRUE
870833071ffffff,0,TRUE
870833072ffffff,454,TRUE
870833073ffffff,0,TRUE
870833074ffffff,0,TRUE
870833075ffffff,0,TRUE
870833076ffffff,258.3,TRUE
870833080ffffff,578.4,TRUE
870833081ffffff,449.9,TRUE
870833082ffffff,38.6,TRUE
870833083ffffff,0,TRUE
870833084ffffff,844.4,TRUE
870833085ffffff,1098.2,FALSE
870833086ffffff,373.2,TRUE
870833088ffffff,0,TRUE
870833089ffffff,213.8,TRUE
87083308affffff,0,TRUE
87083308bffffff,364.7,TRUE
87083308cffffff,30.4,TRUE
87083308dffffff,0,TRUE
87083308effffff,587.5,TRUE
870833090ffffff,107.6,TRUE
870833091ffffff,357.9,TRUE
870833092ffffff,905,TRUE
870833093ffffff,1071,FALSE
870833094ffffff,0,TRUE
870833095ffffff,0,TRUE
870833096ffffff,328.3,TRUE
870833098ffffff,0,TRUE
870833099ffffff,0,TRUE
87083309affffff,0,TRUE
87083309bffffff,218.9,TRUE
87083309cffffff,0,TRUE
87083309dffffff,0,TRUE
87083309effffff,0,TRUE
8708330a1ffffff,3628,FALSE
8708330a3ffffff,2721.1,FALSE
8708330a8ffffff,1081.5,FALSE
8708330a9ffffff,0,TRUE
8708330aaffffff,643.6,TRUE
8708330abffffff,219,TRUE
8708330acffffff,2869.2,FALSE
8708330adffffff,1819.6,FALSE
8708330aeffffff,1750.7,FALSE
8708330b0ffffff,296.2,TRUE
8708330b1ffffff,20.2,TRUE
8708330b2ffffff,102.2,TRUE
8708330b3ffffff,0,TRUE
8708330b4ffffff,128.7,TRUE
8708330b5ffffff,0,TRUE
8708330b6ffffff,0,TRUE
8708330c0ffffff,0,TRUE
8708330c1ffffff,0,TRUE
8708330c2ffffff,340.9,TRUE
8708330c3ffffff,373.4,TRUE
8708330c4ffffff,0,TRUE
8708330c5ffffff,0,TRUE
8708330c6ffffff,0,TRUE
8708330c8ffffff,164.4,TRUE
8708330c9ffffff,607.1,TRUE
8708330caffffff,753.4,TRUE
8708330ccffffff,0,TRUE
8708330cdffffff,267.7,TRUE
8708330ceffffff,374,TRUE
8708330d0ffffff,0,TRUE
8708330d1ffffff,0,TRUE
8708330d2ffffff,0,TRUE
8708330d3ffffff,0,TRUE
8708330d4ffffff,432.5,TRUE
8708330d5ffffff,530.5,TRUE
8708330d6ffffff,0,TRUE
8708330d8ffffff,0,TRUE
8708330d9ffffff,6.7,TRUE
8708330daffffff,0,TRUE
8708330dbffffff,0,TRUE
8708330dcffffff,495.5,TRUE
8708330ddffffff,810.3,TRUE
8708330deffffff,0,TRUE
8708330e0ffffff,374,TRUE
8708330e1ffffff,0,TRUE
8708330e2ffffff,203.5,TRUE
8708330e3ffffff,0,TRUE
8708330e4ffffff,0,TRUE
8708330e5ffffff,0,TRUE
8708330e6ffffff,0,TRUE
8708330e8ffffff,400.7,TRUE
8708330e9ffffff,0,TRUE
8708330eaffffff,292.7,TRUE
8708330ebffffff,373.9,TRUE
8708330ecffffff,0,TRUE
8708330edffffff,192.6,TRUE
8708330eeffffff,0,TRUE
8708330f0ffffff,78.9,TRUE
8708330f1ffffff,0.2,TRUE
8708330f2ffffff,0,TRUE
8708330f3ffffff,0,TRUE
8708330f4ffffff,336.8,TRUE
8708330f5ffffff,0,TRUE
8708330f6ffffff,0,TRUE
87083312dffffff,2459.8,FALSE
870833141ffffff,406.3,TRUE
870833144ffffff,1745.8,FALSE
870833145ffffff,839.5,TRUE
870833148ffffff,0,TRUE
870833149ffffff,416.3,TRUE
87083314bffffff,172,TRUE
87083314cffffff,0,TRUE
87083314dffffff,1120.2,FALSE
87083314effffff,499.7,TRUE
87083315bffffff,151.1,TRUE
870833160ffffff,1123.5,FALSE
870833161ffffff,2178.9,FALSE
870833162ffffff,1199,FALSE
870833163ffffff,2659.2,FALSE
870833164ffffff,945.6,TRUE
870833165ffffff,891,TRUE
870833166ffffff,0,TRUE
870833168ffffff,2418,FALSE
870833169ffffff,2035.4,FALSE
87083316affffff,622.7,TRUE
87083316bffffff,1442,FALSE
87083316cffffff,2314.8,FALSE
87083316dffffff,2790.5,FALSE
87083316effffff,2565.1,FALSE
870833171ffffff,1447.6,FALSE
870833174ffffff,859.1,TRUE
870833175ffffff,0,TRUE
870833190ffffff,314.2,TRUE
870833192ffffff,555.7,TRUE
870833193ffffff,0,TRUE
870833196ffffff,0,TRUE
870833200ffffff,0,TRUE
870833201ffffff,438.4,TRUE
870833202ffffff,13.4,TRUE
870833203ffffff,308.3,TRUE
870833204ffffff,51.1,TRUE
870833205ffffff,686,TRUE
870833206ffffff,0,TRUE
870833208ffffff,0,TRUE
870833209ffffff,347.2,TRUE
87083320affffff,82.2,TRUE
87083320bffffff,391,TRUE
87083320cffffff,503.5,TRUE
87083320dffffff,1077.3,FALSE
87083320effffff,0,TRUE
870833210ffffff,40.9,TRUE
870833211ffffff,0,TRUE
870833212ffffff,217.8,TRUE
870833213ffffff,24.6,TRUE
870833214ffffff,0,TRUE
870833215ffffff,304.1,TRUE
870833216ffffff,0,TRUE
870833218ffffff,0,TRUE
870833219ffffff,117.5,TRUE
87083321affffff,0,TRUE
87083321bffffff,236.1,TRUE
87083321cffffff,0,TRUE
87083321dffffff,0,TRUE
87083321effffff,241.6,TRUE
870833220ffffff,2570.3,FALSE
870833221ffffff,3971,FALSE
870833222ffffff,508.8,TRUE
870833224ffffff,1677.1,FALSE
870833225ffffff,2649.9,FALSE
870833229ffffff,4668.9,FALSE
87083322bffffff,2616.1,FALSE
87083322cffffff,4974,FALSE
870833230ffffff,95.3,TRUE
870833231ffffff,30.5,TRUE
870833232ffffff,207.5,TRUE
870833233ffffff,0,TRUE
870833234ffffff,14.8,TRUE
870833235ffffff,182.2,TRUE
870833236ffffff,0,TRUE
870833246ffffff,5161.9,FALSE
870833248ffffff,4685.5,FALSE
870833249ffffff,5625.6,FALSE
87083324bffffff,3501.8,FALSE
87083324cffffff,6252.4,FALSE
870833250ffffff,895.5,TRUE
870833252ffffff,0,TRUE
870833253ffffff,244.7,TRUE
870833256ffffff,398.5,TRUE
870833258ffffff,1707.7,FALSE
870833259ffffff,754.8,TRUE
87083325affffff,284.9,TRUE
87083325bffffff,0,TRUE
87083325effffff,1156,FALSE
870833260ffffff,9954.7,FALSE
870833261ffffff,11307.9,FALSE
870833265ffffff,11048.5,FALSE
870833268ffffff,9922.8,FALSE
870833269ffffff,10375.3,FALSE
87083326affffff,7980.3,FALSE
87083326bffffff,8290.7,FALSE
87083326cffffff,11646.9,FALSE
87083326dffffff,11937.7,FALSE
87083326effffff,9784.5,FALSE
870833270ffffff,4473.8,FALSE
870833273ffffff,3782.6,FALSE
870833274ffffff,5388,FALSE
870833276ffffff,3232.6,FALSE
870833280ffffff,252.5,TRUE
870833281ffffff,1187.7,FALSE
870833282ffffff,0,TRUE
870833283ffffff,239,TRUE
870833284ffffff,1039.7,TRUE
870833285ffffff,1510.7,FALSE
870833286ffffff,364.5,TRUE
870833288ffffff,0,TRUE
870833289ffffff,531.8,TRUE
87083328affffff,0,TRUE
87083328bffffff,0,TRUE
87083328cffffff,76.4,TRUE
87083328dffffff,0,TRUE
87083328effffff,0,TRUE
870833290ffffff,1140.1,FALSE
870833291ffffff,1860.2,FALSE
870833292ffffff,1396.6,FALSE
870833293ffffff,1232.5,FALSE
870833294ffffff,310.6,TRUE
870833295ffffff,754.5,TRUE
870833296ffffff,0,TRUE
870833298ffffff,859,TRUE
870833299ffffff,448.2,TRUE
87083329affffff,0,TRUE
87083329bffffff,42.6,TRUE
87083329cffffff,106.8,TRUE
87083329dffffff,138.1,TRUE
87083329effffff,980.6,TRUE
8708332a0ffffff,1676.3,FALSE
8708332a1ffffff,788,TRUE
8708332a2ffffff,1479.5,FALSE
8708332a3ffffff,2458.2,FALSE
8708332a4ffffff,334.6,TRUE
8708332a5ffffff,298.6,TRUE
8708332a6ffffff,0,TRUE
8708332a8ffffff,936.5,TRUE
8708332a9ffffff,0,TRUE
8708332aaffffff,0,TRUE
8708332abffffff,0,TRUE
8708332acffffff,0,TRUE
8708332adffffff,177.5,TRUE
8708332aeffffff,1068.2,FALSE
8708332b0ffffff,407.9,TRUE
8708332b1ffffff,353.5,TRUE
8708332b2ffffff,0,TRUE
8708332b3ffffff,0,TRUE
8708332b4ffffff,66.9,TRUE
8708332b5ffffff,0,TRUE
8708332b6ffffff,0,TRUE
8708332c0ffffff,0,TRUE
8708332c1ffffff,0,TRUE
8708332c2ffffff,33.7,TRUE
8708332c3ffffff,0,TRUE
8708332c4ffffff,430.4,TRUE
8708332c5ffffff,469.6,TRUE
8708332c6ffffff,0,TRUE
8708332c8ffffff,377.2,TRUE
8708332c9ffffff,0,TRUE
8708332caffffff,4.8,TRUE
8708332cbffffff,1123.5,FALSE
8708332ccffffff,0,TRUE
8708332cdffffff,0,TRUE
8708332ceffffff,28.2,TRUE
8708332d0ffffff,1145.5,FALSE
8708332d1ffffff,187,TRUE
8708332d2ffffff,186.4,TRUE
8708332d3ffffff,873.8,TRUE
8708332d4ffffff,960.2,TRUE
8708332d5ffffff,0,TRUE
8708332d6ffffff,370.6,TRUE
8708332d8ffffff,0,TRUE
8708332d9ffffff,0,TRUE
8708332daffffff,45.5,TRUE
8708332dbffffff,0,TRUE
8708332dcffffff,0,TRUE
8708332ddffffff,0,TRUE
8708332deffffff,196.5,TRUE
8708332e0ffffff,0,TRUE
8708332e1ffffff,140.6,TRUE
8708332e2ffffff,0,TRUE
8708332e3ffffff,115.2,TRUE
8708332e4ffffff,0,TRUE
8708332e5ffffff,0,TRUE
8708332e6ffffff,0,TRUE
8708332e8ffffff,672.4,TRUE
8708332e9ffffff,26.6,TRUE
8708332eaffffff,2.4,TRUE
8708332ebffffff,42.6,TRUE
8708332ecffffff,0,TRUE
8708332edffffff,0,TRUE
8708332eeffffff,195.4,TRUE
8708332f0ffffff,144.6,TRUE
8708332f1ffffff,0,TRUE
8708332f2ffffff,0,TRUE
8708332f3ffffff,0,TRUE
8708332f4ffffff,342.3,TRUE
8708332f5ffffff,104.5,TRUE
8708332f6ffffff,0,TRUE
870833300ffffff,0,TRUE
870833301ffffff,0,TRUE
870833302ffffff,164.4,TRUE
870833303ffffff,88.5,TRUE
870833304ffffff,0,TRUE
870833305ffffff,0,TRUE
870833306ffffff,131.1,TRUE
870833308ffffff,0,TRUE
870833309ffffff,3.5,TRUE
87083330affffff,0,TRUE
87083330bffffff,1277.2,FALSE
87083330cffffff,0,TRUE
87083330dffffff,0,TRUE
87083330effffff,0,TRUE
870833311ffffff,1495.2,FALSE
870833313ffffff,2580.6,FALSE
870833315ffffff,776.3,TRUE
870833316ffffff,894.8,TRUE
870833318ffffff,979.7,TRUE
870833319ffffff,426.9,TRUE
87083331affffff,655.1,TRUE
87083331bffffff,1701.6,FALSE
87083331cffffff,922.5,TRUE
87083331dffffff,0,TRUE
87083331effffff,2330.4,FALSE
870833320ffffff,0,TRUE
870833321ffffff,0,TRUE
870833322ffffff,0,TRUE
870833323ffffff,0,TRUE
870833324ffffff,822,TRUE
870833325ffffff,791.4,TRUE
870833326ffffff,461.6,TRUE
870833328ffffff,158.2,TRUE
870833329ffffff,1530.7,FALSE
87083332affffff,0,TRUE
87083332bffffff,0,TRUE
87083332cffffff,1179.4,FALSE
87083332dffffff,2309.5,FALSE
87083332effffff,0,TRUE
870833330ffffff,0,TRUE
870833331ffffff,0,TRUE
870833332ffffff,1271.2,FALSE
870833333ffffff,65.2,TRUE
870833334ffffff,297.3,TRUE
870833335ffffff,536,TRUE
870833336ffffff,0,TRUE
870833340ffffff,4720.7,FALSE
870833341ffffff,6511.3,FALSE
870833344ffffff,4664.4,FALSE
870833345ffffff,6301.9,FALSE
870833346ffffff,2942.6,FALSE
87083334cffffff,8306,FALSE
870833350ffffff,2070.6,FALSE
870833352ffffff,3497.1,FALSE
870833353ffffff,3973.7,FALSE
870833354ffffff,233.2,TRUE
870833356ffffff,1676.6,FALSE
870833360ffffff,6742.6,FALSE
870833361ffffff,8238.5,FALSE
870833362ffffff,4768.3,FALSE
870833363ffffff,6365.5,FALSE
870833364ffffff,7576.8,FALSE
870833365ffffff,8801.9,FALSE
870833366ffffff,5435.2,FALSE
870833368ffffff,9732.2,FALSE
87083336affffff,8009.6,FALSE
87083336bffffff,9742.3,FALSE
87083336cffffff,9812.7,FALSE
87083336effffff,8033.6,FALSE
870833370ffffff,1296.6,FALSE
870833371ffffff,2943,FALSE
870833372ffffff,26.5,TRUE
870833374ffffff,2361.9,FALSE
870833375ffffff,3313.1,FALSE
870833376ffffff,239.1,TRUE
870833380ffffff,175.6,TRUE
870833381ffffff,0,TRUE
870833382ffffff,0,TRUE
870833383ffffff,0,TRUE
870833384ffffff,277.3,TRUE
870833386ffffff,206.3,TRUE
870833388ffffff,393.4,TRUE
870833389ffffff,0,TRUE
87083338affffff,0,TRUE
87083338bffffff,127.5,TRUE
87083338cffffff,560.2,TRUE
87083338dffffff,0,TRUE
87083338effffff,0,TRUE
870833391ffffff,335.8,TRUE
870833393ffffff,722.8,TRUE
870833394ffffff,0,TRUE
870833395ffffff,520.2,TRUE
870833398ffffff,0,TRUE
870833399ffffff,0,TRUE
87083339affffff,0,TRUE
87083339bffffff,429.4,TRUE
87083339cffffff,0,TRUE
87083339dffffff,46.8,TRUE
87083339effffff,0,TRUE
8708333a0ffffff,0,TRUE
8708333a2ffffff,0,TRUE
8708333a3ffffff,761.5,TRUE
8708333a4ffffff,0,TRUE
8708333a5ffffff,30.2,TRUE
8708333a6ffffff,102.6,TRUE
8708333a8ffffff,1237.9,FALSE
8708333a9ffffff,139.7,TRUE
8708333aaffffff,1646,FALSE
8708333abffffff,364.4,TRUE
8708333adffffff,1315.3,FALSE
8708333aeffffff,1881,FALSE
8708333b0ffffff,503.7,TRUE
8708333b1ffffff,680.7,TRUE
8708333b2ffffff,0,TRUE
8708333b3ffffff,0,TRUE
8708333b4ffffff,385.3,TRUE
8708333b5ffffff,0,TRUE
8708333b6ffffff,720.2,TRUE
870833440ffffff,0,TRUE
870833441ffffff,0,TRUE
870833442ffffff,1894.1,FALSE
870833443ffffff,1093.7,FALSE
870833444ffffff,369.8,TRUE
870833445ffffff,716,TRUE
870833448ffffff,1938.6,FALSE
870833449ffffff,1876.7,FALSE
87083344affffff,1241.6,FALSE
87083344bffffff,2094,FALSE
87083344cffffff,396,TRUE
87083344dffffff,0,TRUE
87083344effffff,1397.1,FALSE
870833451ffffff,601.3,TRUE
870833452ffffff,0,TRUE
870833453ffffff,579.1,TRUE
870833458ffffff,0,TRUE
870833459ffffff,0,TRUE
87083345affffff,368.7,TRUE
87083345bffffff,419.4,TRUE
87083345cffffff,506,TRUE
87083345dffffff,848.3,TRUE
87083345effffff,0,TRUE
870833461ffffff,1208.5,TRUE
870833462ffffff,542.1,TRUE
870833463ffffff,286.8,TRUE
870833465ffffff,1984.4,FALSE
870833468ffffff,647.7,TRUE
870833469ffffff,0,TRUE
87083346affffff,0,TRUE
87083346bffffff,0,TRUE
87083346cffffff,1377,FALSE
87083346dffffff,0,TRUE
87083346effffff,62.5,TRUE
870833471ffffff,244.7,TRUE
870833475ffffff,0,TRUE
8708334c0ffffff,2984.8,FALSE
8708334c1ffffff,1202.1,FALSE
8708334c2ffffff,4592.1,FALSE
8708334c3ffffff,3017,FALSE
8708334c4ffffff,1130.8,TRUE
8708334c5ffffff,1355.5,FALSE
8708334c6ffffff,2811,FALSE
8708334c8ffffff,494.7,TRUE
8708334c9ffffff,0,TRUE
8708334caffffff,1197.2,FALSE
8708334cbffffff,0,TRUE
8708334ccffffff,0,TRUE
8708334cdffffff,0,TRUE
8708334ceffffff,1765.5,FALSE
8708334d0ffffff,3634.4,FALSE
8708334d1ffffff,3149.2,FALSE
8708334d3ffffff,1725.7,FALSE
8708334d4ffffff,2603.3,FALSE
8708334d5ffffff,3703.8,FALSE
8708334d8ffffff,2396.8,FALSE
8708334d9ffffff,1776.8,FALSE
8708334daffffff,903.2,TRUE
8708334dbffffff,1319.5,FALSE
8708334dcffffff,3432.5,FALSE
8708334ddffffff,3017.5,FALSE
8708334deffffff,1384,FALSE
8708334e2ffffff,0,TRUE
8708334e3ffffff,0,TRUE
8708334e8ffffff,321.1,TRUE
8708334e9ffffff,0,TRUE
8708334eaffffff,417.8,TRUE
8708334ebffffff,0,TRUE
8708334ecffffff,0,TRUE
8708334edffffff,53.2,TRUE
8708334eeffffff,55.6,TRUE
8708334f0ffffff,207,TRUE
8708334f1ffffff,1118.5,FALSE
8708334f2ffffff,754,TRUE
8708334f3ffffff,1924.9,FALSE
8708334f5ffffff,0,TRUE
8708334f6ffffff,0,TRUE
870833529ffffff,0,TRUE
87083352dffffff,302.1,TRUE
870833541ffffff,352.9,TRUE
870833544ffffff,2325.4,FALSE
870833545ffffff,528,TRUE
870833548ffffff,435.2,TRUE
870833549ffffff,965.8,TRUE
87083354affffff,2555.4,FALSE
87083354bffffff,2143.8,FALSE
87083354cffffff,0,TRUE
87083354dffffff,0,TRUE
87083354effffff,1448.1,FALSE
870833560ffffff,0,TRUE
870833561ffffff,0,TRUE
870833562ffffff,864.1,TRUE
870833563ffffff,1253.7,FALSE
870833564ffffff,290.6,TRUE
870833565ffffff,0,TRUE
870833566ffffff,937.5,TRUE
870833568ffffff,0,TRUE
870833569ffffff,120.4,TRUE
87083356affffff,267.2,TRUE
87083356bffffff,1191.7,FALSE
87083356cffffff,0,TRUE
87083356dffffff,0,TRUE
87083356effffff,76.9,TRUE
870833571ffffff,1956,FALSE
870833574ffffff,1059.8,FALSE
870833575ffffff,518.5,TRUE
870833600ffffff,0,TRUE
870833601ffffff,0,TRUE
870833602ffffff,283.1,TRUE
870833603ffffff,0,TRUE
870833604ffffff,761.7,TRUE
870833605ffffff,439.6,TRUE
870833606ffffff,96.2,TRUE
870833608ffffff,322.1,TRUE
870833609ffffff,275.4,TRUE
87083360affffff,70.2,TRUE
87083360bffffff,0,TRUE
87083360cffffff,824.9,TRUE
87083360dffffff,0,TRUE
87083360effffff,25,TRUE
870833610ffffff,0,TRUE
870833611ffffff,0,TRUE
870833612ffffff,93.4,TRUE
870833613ffffff,0,TRUE
870833614ffffff,0,TRUE
870833615ffffff,0,TRUE
870833616ffffff,378.2,TRUE
870833618ffffff,0,TRUE
870833619ffffff,108.8,TRUE
87083361affffff,0,TRUE
87083361bffffff,0,TRUE
87083361cffffff,115.1,TRUE
87083361dffffff,344.2,TRUE
87083361effffff,0,TRUE
870833620ffffff,42.4,TRUE
870833621ffffff,0,TRUE
870833622ffffff,1253.9,FALSE
870833623ffffff,0,TRUE
870833624ffffff,0,TRUE
870833625ffffff,0,TRUE
870833626ffffff,1194.5,TRUE
870833628ffffff,0,TRUE
870833629ffffff,544.6,TRUE
87083362affffff,75.4,TRUE
87083362bffffff,0,TRUE
87083362cffffff,0,TRUE
87083362dffffff,618.6,TRUE
87083362effffff,279.1,TRUE
870833630ffffff,41.5,TRUE
870833631ffffff,0,TRUE
870833632ffffff,0,TRUE
870833633ffffff,0,TRUE
870833634ffffff,0,TRUE
870833635ffffff,250.3,TRUE
870833636ffffff,0,TRUE
870833640ffffff,0,TRUE
870833641ffffff,0,TRUE
870833642ffffff,0,TRUE
870833643ffffff,241.7,TRUE
870833644ffffff,1082.3,FALSE
870833645ffffff,746.5,TRUE
870833646ffffff,213.4,TRUE
870833648ffffff,0,TRUE
870833649ffffff,414,TRUE
87083364affffff,146.3,TRUE
87083364bffffff,0,TRUE
87083364cffffff,305.8,TRUE
87083364dffffff,0,TRUE
87083364effffff,0,TRUE
870833650ffffff,0,TRUE
870833651ffffff,0,TRUE
870833652ffffff,0,TRUE
870833653ffffff,0,TRUE
870833654ffffff,0,TRUE
870833655ffffff,0,TRUE
870833656ffffff,0,TRUE
870833658ffffff,0,TRUE
870833659ffffff,2.9,TRUE
87083365affffff,0,TRUE
87083365bffffff,0,TRUE
87083365cffffff,238.1,TRUE
87083365dffffff,0,TRUE
87083365effffff,111.7,TRUE
870833660ffffff,848.2,TRUE
870833661ffffff,0,TRUE
870833662ffffff,2006.8,FALSE
870833663ffffff,1426.3,FALSE
870833664ffffff,244.7,TRUE
870833665ffffff,427.9,TRUE
870833666ffffff,1922.7,FALSE
870833668ffffff,105.8,TRUE
870833669ffffff,114.1,TRUE
87083366affffff,0,TRUE
87083366bffffff,0,TRUE
87083366cffffff,0,TRUE
87083366dffffff,0,TRUE
87083366effffff,0,TRUE
870833670ffffff,152.6,TRUE
870833671ffffff,56.9,TRUE
870833672ffffff,887.9,TRUE
870833673ffffff,859.5,TRUE
870833674ffffff,288,TRUE
870833675ffffff,1178.4,FALSE
870833676ffffff,0,TRUE
870833680ffffff,73.6,TRUE
870833681ffffff,0,TRUE
870833682ffffff,0,TRUE
870833683ffffff,0,TRUE
870833684ffffff,0,TRUE
870833685ffffff,0,TRUE
870833686ffffff,381.7,TRUE
870833688ffffff,211.4,TRUE
870833689ffffff,0,TRUE
87083368affffff,0,TRUE
87083368bffffff,0,TRUE
87083368cffffff,0,TRUE
87083368dffffff,0,TRUE
87083368effffff,0,TRUE
870833690ffffff,126.4,TRUE
870833691ffffff,0,TRUE
870833692ffffff,0,TRUE
870833693ffffff,98.5,TRUE
870833694ffffff,0,TRUE
870833695ffffff,419.2,TRUE
870833696ffffff,0,TRUE
870833698ffffff,0,TRUE
870833699ffffff,0,TRUE
87083369affffff,0,TRUE
87083369bffffff,0,TRUE
87083369cffffff,26.5,TRUE
87083369dffffff,0,TRUE
87083369effffff,0,TRUE
8708336a0ffffff,0,TRUE
8708336a1ffffff,15.6,TRUE
8708336a2ffffff,0,TRUE
8708336a3ffffff,0,TRUE
8708336a4ffffff,0,TRUE
8708336a5ffffff,0,TRUE
8708336a6ffffff,24.7,TRUE
8708336a8ffffff,0,TRUE
8708336a9ffffff,0,TRUE
8708336aaffffff,0,TRUE
8708336abffffff,0,TRUE
8708336acffffff,0,TRUE
8708336adffffff,0,TRUE
8708336aeffffff,0,TRUE
8708336b0ffffff,509.4,TRUE
8708336b1ffffff,0,TRUE
8708336b2ffffff,698.5,TRUE
8708336b3ffffff,156.6,TRUE
8708336b4ffffff,1206,FALSE
8708336b5ffffff,821.4,TRUE
8708336b6ffffff,823.8,TRUE
8708336c0ffffff,149.1,TRUE
8708336c1ffffff,854.8,TRUE
8708336c2ffffff,0,TRUE
8708336c3ffffff,556.1,TRUE
8708336c4ffffff,163.9,TRUE
8708336c5ffffff,0,TRUE
8708336c6ffffff,184.3,TRUE
8708336c8ffffff,0,TRUE
8708336c9ffffff,0,TRUE
8708336caffffff,0,TRUE
8708336cbffffff,0,TRUE
8708336ccffffff,148.1,TRUE
8708336cdffffff,0,TRUE
8708336ceffffff,0,TRUE
8708336d0ffffff,0,TRUE
8708336d1ffffff,0,TRUE
8708336d2ffffff,0,TRUE
8708336d3ffffff,0,TRUE
8708336d4ffffff,0,TRUE
8708336d5ffffff,253.7,TRUE
8708336d6ffffff,0,TRUE
8708336d8ffffff,0,TRUE
8708336d9ffffff,202,TRUE
8708336daffffff,0,TRUE
8708336dbffffff,327.8,TRUE
8708336dcffffff,0,TRUE
8708336ddffffff,54.6,TRUE
8708336deffffff,0,TRUE
8708336e0ffffff,0,TRUE
8708336e1ffffff,0,TRUE
8708336e2ffffff,0,TRUE
8708336e3ffffff,0,TRUE
8708336e4ffffff,32.9,TRUE
8708336e5ffffff,0,TRUE
8708336e6ffffff,0,TRUE
8708336e8ffffff,0,TRUE
8708336e9ffffff,227.2,TRUE
8708336eaffffff,0,TRUE
8708336ebffffff,790.6,TRUE
8708336ecffffff,0,TRUE
8708336edffffff,0,TRUE
8708336eeffffff,0,TRUE
8708336f0ffffff,0,TRUE
8708336f1ffffff,0,TRUE
8708336f2ffffff,0,TRUE
8708336f3ffffff,439.3,TRUE
8708336f4ffffff,0,TRUE
8708336f5ffffff,0,TRUE
8708336f6ffffff,0,TRUE
870833700ffffff,676.2,TRUE
870833701ffffff,289,TRUE
870833702ffffff,0,TRUE
870833703ffffff,335.7,TRUE
870833704ffffff,0,TRUE
870833705ffffff,0,TRUE
870833706ffffff,961.4,TRUE
870833708ffffff,31.6,TRUE
870833709ffffff,484.6,TRUE
87083370affffff,140.9,TRUE
87083370bffffff,0,TRUE
87083370cffffff,0,TRUE
87083370dffffff,1106.5,TRUE
87083370effffff,96.1,TRUE
870833710ffffff,1012.7,TRUE
870833711ffffff,686.2,TRUE
870833712ffffff,0,TRUE
870833713ffffff,303.6,TRUE
870833714ffffff,1868.9,FALSE
870833715ffffff,255.1,TRUE
870833716ffffff,1643.8,FALSE
870833718ffffff,280.4,TRUE
870833719ffffff,0,TRUE
87083371affffff,0,TRUE
87083371bffffff,871,TRUE
87083371cffffff,27,TRUE
87083371dffffff,0,TRUE
87083371effffff,242.5,TRUE
870833720ffffff,0,TRUE
870833721ffffff,0,TRUE
870833722ffffff,0,TRUE
870833723ffffff,0,TRUE
870833724ffffff,0,TRUE
870833725ffffff,0,TRUE
870833726ffffff,0,TRUE
870833728ffffff,272.1,TRUE
870833729ffffff,888.4,TRUE
87083372affffff,521.5,TRUE
87083372bffffff,254.7,TRUE
87083372cffffff,0,TRUE
87083372dffffff,0,TRUE
87083372effffff,890.3,TRUE
870833730ffffff,2031.2,FALSE
870833731ffffff,950.5,TRUE
870833732ffffff,1005.3,FALSE
870833733ffffff,1431.1,FALSE
870833734ffffff,262.6,TRUE
870833735ffffff,1296.8,FALSE
870833736ffffff,215,TRUE
870833740ffffff,1789.7,FALSE
870833741ffffff,1546.2,FALSE
870833742ffffff,0,TRUE
870833743ffffff,359,TRUE
870833744ffffff,778.4,TRUE
870833745ffffff,884.3,TRUE
870833746ffffff,574.3,TRUE
870833748ffffff,1233.1,FALSE
870833749ffffff,338.6,TRUE
87083374affffff,0,TRUE
87083374bffffff,0,TRUE
87083374cffffff,1524.1,FALSE
87083374dffffff,335.6,TRUE
87083374effffff,1273.4,FALSE
870833750ffffff,84.9,TRUE
870833751ffffff,0,TRUE
870833752ffffff,477,TRUE
870833753ffffff,326.7,TRUE
870833754ffffff,1784.6,FALSE
870833755ffffff,113.3,TRUE
870833756ffffff,0,TRUE
870833758ffffff,1762.3,FALSE
870833759ffffff,915.1,TRUE
87083375affffff,1081.5,FALSE
87083375bffffff,1680.9,FALSE
87083375cffffff,982.8,FALSE
87083375dffffff,1073.1,FALSE
87083375effffff,316.9,TRUE
870833760ffffff,0,TRUE
870833761ffffff,87.9,TRUE
870833762ffffff,20.6,TRUE
870833763ffffff,0,TRUE
870833764ffffff,0,TRUE
870833765ffffff,51.4,TRUE
870833766ffffff,0,TRUE
870833768ffffff,28.3,TRUE
870833769ffffff,24.5,TRUE
87083376affffff,0,TRUE
87083376bffffff,0,TRUE
87083376cffffff,119.4,TRUE
87083376dffffff,1050,TRUE
87083376effffff,309.1,TRUE
870833770ffffff,368,TRUE
870833771ffffff,414.8,TRUE
870833772ffffff,541,TRUE
870833773ffffff,66.1,TRUE
870833774ffffff,100.6,TRUE
870833775ffffff,45.8,TRUE
870833776ffffff,1725.1,FALSE
870833780ffffff,0,TRUE
870833781ffffff,0,TRUE
870833782ffffff,1260.7,FALSE
870833783ffffff,121.5,TRUE
870833784ffffff,285.5,TRUE
870833785ffffff,0,TRUE
870833786ffffff,0,TRUE
870833788ffffff,207.5,TRUE
870833789ffffff,0,TRUE
87083378affffff,0,TRUE
87083378bffffff,0,TRUE
87083378cffffff,418,TRUE
87083378dffffff,0,TRUE
87083378effffff,0,TRUE
870833790ffffff,320,TRUE
870833791ffffff,0,TRUE
870833792ffffff,0,TRUE
870833793ffffff,0,TRUE
870833794ffffff,0,TRUE
870833795ffffff,0,TRUE
870833796ffffff,0,TRUE
870833798ffffff,0,TRUE
870833799ffffff,400.2,TRUE
87083379affffff,0,TRUE
87083379bffffff,0,TRUE
87083379cffffff,0,TRUE
87083379dffffff,0,TRUE
87083379effffff,747.5,TRUE
8708337a0ffffff,262.5,TRUE
8708337a1ffffff,0,TRUE
8708337a2ffffff,0,TRUE
8708337a3ffffff,173.2,TRUE
8708337a4ffffff,0,TRUE
8708337a5ffffff,622.5,TRUE
8708337a6ffffff,0,TRUE
8708337a8ffffff,256.9,TRUE
8708337a9ffffff,0,TRUE
8708337aaffffff,0,TRUE
8708337abffffff,0,TRUE
8708337acffffff,0,TRUE
8708337adffffff,0,TRUE
8708337aeffffff,0,TRUE
8708337b0ffffff,0,TRUE
8708337b1ffffff,0,TRUE
8708337b2ffffff,96.5,TRUE
8708337b3ffffff,124.9,TRUE
8708337b4ffffff,0,TRUE
8708337b5ffffff,0,TRUE
8708337b6ffffff,0,TRUE
870833858ffffff,7487.1,FALSE
87083385bffffff,6172,FALSE
8708338c0ffffff,85.1,TRUE
8708338c1ffffff,0,TRUE
8708338c2ffffff,44.7,TRUE
8708338c3ffffff,0,TRUE
8708338c4ffffff,858.7,TRUE
8708338c5ffffff,403.1,TRUE
8708338c6ffffff,1095.3,FALSE
8708338c8ffffff,157.7,TRUE
8708338c9ffffff,55.1,TRUE
8708338caffffff,151.9,TRUE
8708338cbffffff,0,TRUE
8708338ccffffff,10.8,TRUE
8708338cdffffff,0,TRUE
8708338ceffffff,85.9,TRUE
8708338d0ffffff,2870.6,FALSE
8708338d1ffffff,1202.9,FALSE
8708338d3ffffff,2364.4,FALSE
8708338d5ffffff,1459.7,FALSE
8708338d8ffffff,0,TRUE
8708338d9ffffff,808.7,TRUE
8708338daffffff,1109,TRUE
8708338dbffffff,410.5,TRUE
8708338dcffffff,0,TRUE
8708338ddffffff,0,TRUE
8708338deffffff,699.3,TRUE
8708338e0ffffff,3955.9,FALSE
8708338e1ffffff,4016.2,FALSE
8708338e2ffffff,2679.5,FALSE
8708338e3ffffff,2049.8,FALSE
8708338e4ffffff,5885.9,FALSE
8708338e8ffffff,2993.6,FALSE
8708338e9ffffff,3196,FALSE
8708338eaffffff,1015.1,TRUE
8708338ebffffff,1160.7,TRUE
8708338ecffffff,4501.6,FALSE
8708338eeffffff,2416.8,FALSE
8708338f0ffffff,4110.9,FALSE
8708338f1ffffff,2585.8,FALSE
8708338f2ffffff,4283.6,FALSE
8708338f3ffffff,2543.1,FALSE
8708338f5ffffff,3942.7,FALSE
8708338f6ffffff,5585.9,FALSE
870833a00ffffff,6752.6,FALSE
870833a01ffffff,7473.8,FALSE
870833a03ffffff,5317.2,FALSE
870833a04ffffff,8395.2,FALSE
870833a05ffffff,8853.1,FALSE
870833a08ffffff,7671.8,FALSE
870833a09ffffff,9117.8,FALSE
870833a0affffff,5645.5,FALSE
870833a0bffffff,7139.2,FALSE
870833a0cffffff,8495.3,FALSE
870833a0dffffff,9746.7,FALSE
870833a0effffff,6360.6,FALSE
870833a10ffffff,3439.9,FALSE
870833a11ffffff,2826.7,FALSE
870833a12ffffff,1521.3,FALSE
870833a13ffffff,1643.7,FALSE
870833a14ffffff,4351,FALSE
870833a15ffffff,4721.8,FALSE
870833a16ffffff,2811.5,FALSE
870833a18ffffff,2177.8,FALSE
870833a1affffff,205.5,TRUE
870833a1bffffff,1871.2,FALSE
870833a1cffffff,3162.1,FALSE
870833a1effffff,1027,TRUE
870833a20ffffff,12085.9,FALSE
870833a21ffffff,12479.2,FALSE
870833a22ffffff,10145.3,FALSE
870833a23ffffff,10413.4,FALSE
870833a24ffffff,13361.6,FALSE
870833a25ffffff,14090.6,FALSE
870833a26ffffff,11212.1,FALSE
870833a28ffffff,11788.3,FALSE
870833a29ffffff,12789,FALSE
870833a2affffff,9630.7,FALSE
870833a2bffffff,10639.8,FALSE
870833a2cffffff,13111.7,FALSE
870833a2effffff,10976.5,FALSE
870833a32ffffff,4812.8,FALSE
870833a35ffffff,9067.7,FALSE
870833a40ffffff,15045.8,FALSE
870833a41ffffff,16464,FALSE
870833a42ffffff,13007,FALSE
870833a43ffffff,14482.6,FALSE
870833a44ffffff,15828.4,FALSE
870833a45ffffff,17113.4,FALSE
870833a46ffffff,13717.5,FALSE
870833a48ffffff,17458.2,FALSE
870833a49ffffff,18940.1,FALSE
870833a4affffff,15473.9,FALSE
870833a4cffffff,17950.6,FALSE
870833a4dffffff,19476.5,FALSE
870833a4effffff,16024.5,FALSE
870833a50ffffff,9557.8,FALSE
870833a51ffffff,11013.4,FALSE
870833a52ffffff,7543.5,FALSE
870833a53ffffff,9088.9,FALSE
870833a54ffffff,10369.5,FALSE
870833a55ffffff,11623.6,FALSE
870833a56ffffff,8240.6,FALSE
870833a58ffffff,12006.7,FALSE
870833a59ffffff,13542,FALSE
870833a5affffff,10076.2,FALSE
870833a5cffffff,12558.9,FALSE
870833a5dffffff,14003.3,FALSE
870833a5effffff,10551.9,FALSE
870833a60ffffff,18657.2,FALSE
870833a62ffffff,16600.8,FALSE
870833a63ffffff,17950.1,FALSE
870833a64ffffff,19427.7,FALSE
870833a65ffffff,20731.1,FALSE
870833a66ffffff,17326.2,FALSE
870833a68ffffff,20532.5,FALSE
870833a6affffff,18484.5,FALSE
870833a6cffffff,21301.3,FALSE
870833a6effffff,19200.5,FALSE
870833a70ffffff,13165.8,FALSE
870833a71ffffff,14573.5,FALSE
870833a72ffffff,11116.6,FALSE
870833a73ffffff,12508.3,FALSE
870833a74ffffff,13952.1,FALSE
870833a75ffffff,15240.3,FALSE
870833a76ffffff,11839.4,FALSE
870833a80ffffff,78,TRUE
870833a81ffffff,0,TRUE
870833a82ffffff,755.2,TRUE
870833a83ffffff,0,TRUE
870833a84ffffff,270.9,TRUE
870833a85ffffff,0,TRUE
870833a86ffffff,48.5,TRUE
870833a88ffffff,0,TRUE
870833a89ffffff,0,TRUE
870833a8affffff,822.8,TRUE
870833a8bffffff,0,TRUE
870833a8cffffff,0,TRUE
870833a8dffffff,0,TRUE
870833a8effffff,0,TRUE
870833a90ffffff,0,TRUE
870833a91ffffff,587.7,TRUE
870833a92ffffff,0,TRUE
870833a93ffffff,0,TRUE
870833a94ffffff,0,TRUE
870833a95ffffff,883.8,TRUE
870833a96ffffff,0,TRUE
870833a98ffffff,175.9,TRUE
870833a99ffffff,1016.6,TRUE
870833a9affffff,150.3,TRUE
870833a9bffffff,0,TRUE
870833a9cffffff,228.2,TRUE
870833a9dffffff,182.7,TRUE
870833a9effffff,0,TRUE
870833aa0ffffff,459.4,TRUE
870833aa1ffffff,0,TRUE
870833aa2ffffff,35.8,TRUE
870833aa3ffffff,0,TRUE
870833aa4ffffff,0,TRUE
870833aa5ffffff,1700.3,FALSE
870833aa6ffffff,0,TRUE
870833aa8ffffff,0,TRUE
870833aa9ffffff,768.3,TRUE
870833aaaffffff,206.1,TRUE
870833aabffffff,184.6,TRUE
870833aacffffff,145.1,TRUE
870833aadffffff,611.4,TRUE
870833aaeffffff,313.2,TRUE
870833ab0ffffff,108,TRUE
870833ab1ffffff,274.6,TRUE
870833ab2ffffff,501.1,TRUE
870833ab3ffffff,0,TRUE
870833ab4ffffff,630.2,TRUE
870833ab5ffffff,0,TRUE
870833ab6ffffff,1461.1,FALSE
870833ac0ffffff,1789.8,FALSE
870833ac2ffffff,2245.9,FALSE
870833ac3ffffff,3238.6,FALSE
870833ac4ffffff,1618.7,FALSE
870833ac6ffffff,313.5,TRUE
870833acaffffff,6291.6,FALSE
870833ad0ffffff,916,TRUE
870833ad1ffffff,2711.8,FALSE
870833ad2ffffff,770.3,TRUE
870833ad3ffffff,1897.6,FALSE
870833ad4ffffff,1099.5,FALSE
870833ad5ffffff,1887,FALSE
870833ad6ffffff,0,TRUE
870833ad8ffffff,5305.3,FALSE
870833ad9ffffff,6620.8,FALSE
870833adaffffff,3547.2,FALSE
870833adbffffff,4485.1,FALSE
870833adcffffff,4181.8,FALSE
870833addffffff,5028.4,FALSE
870833adeffffff,3552.4,FALSE
870833ae1ffffff,5617.9,FALSE
870833ae2ffffff,2149.3,FALSE
870833ae4ffffff,4980.5,FALSE
870833ae5ffffff,6132,FALSE
870833ae6ffffff,2821.8,FALSE
870833ae9ffffff,8258.2,FALSE
870833aecffffff,7104.5,FALSE
870833aedffffff,8539.4,FALSE
870833af0ffffff,370.3,TRUE
870833af1ffffff,784.5,TRUE
870833af2ffffff,889.4,TRUE
870833af3ffffff,538.6,TRUE
870833af4ffffff,262.1,TRUE
870833af5ffffff,662.9,TRUE
870833af6ffffff,338.4,TRUE
870833b00ffffff,16445.4,FALSE
870833b02ffffff,14355.2,FALSE
870833b03ffffff,14962.3,FALSE
870833b04ffffff,18017.6,FALSE
870833b06ffffff,15970.4,FALSE
870833b0affffff,14505.6,FALSE
870833b0bffffff,15514.2,FALSE
870833b0effffff,15754.8,FALSE
870833b12ffffff,10100.2,FALSE
870833b15ffffff,13955.4,FALSE
870833b18ffffff,11440.7,FALSE
870833b19ffffff,12344.9,FALSE
870833b1bffffff,10184.4,FALSE
870833b1cffffff,12833,FALSE
870833b1dffffff,13597.1,FALSE
870833b1effffff,10716.6,FALSE
870833b30ffffff,17456.3,FALSE
870833b31ffffff,17650.2,FALSE
870833b33ffffff,15682.3,FALSE
870833b44ffffff,23066.3,FALSE
870833b4affffff,20347.1,FALSE
870833b59ffffff,18209.3,FALSE
870833b5affffff,14940.9,FALSE
870833b5bffffff,16076.8,FALSE
870833b68ffffff,26895.2,FALSE
870833b69ffffff,27871.3,FALSE
870833b6bffffff,25715.3,FALSE
870833b6dffffff,29053.1,FALSE
870833b72ffffff,19805.5,FALSE
870833b73ffffff,20296.4,FALSE
870833b80ffffff,2983.1,FALSE
870833b81ffffff,2940.2,FALSE
870833b82ffffff,841.1,TRUE
870833b83ffffff,2142.1,FALSE
870833b84ffffff,4375.1,FALSE
870833b85ffffff,4886.3,FALSE
870833b86ffffff,2396.5,FALSE
870833b88ffffff,1560.2,FALSE
870833b89ffffff,2745.5,FALSE
870833b8affffff,0,TRUE
870833b8bffffff,1002.1,FALSE
870833b8dffffff,3706.7,FALSE
870833b8effffff,995,FALSE
870833b90ffffff,367.3,TRUE
870833b91ffffff,0,TRUE
870833b92ffffff,394.2,TRUE
870833b93ffffff,1104.6,TRUE
870833b94ffffff,236.7,TRUE
870833b95ffffff,583.2,TRUE
870833b96ffffff,0,TRUE
870833b98ffffff,946.4,TRUE
870833b99ffffff,75.8,TRUE
870833b9affffff,1525.2,FALSE
870833b9bffffff,0,TRUE
870833b9cffffff,229.7,TRUE
870833b9dffffff,526.5,TRUE
870833b9effffff,672.8,TRUE
870833ba0ffffff,8055.8,FALSE
870833ba1ffffff,8347.1,FALSE
870833ba2ffffff,6080.2,FALSE
870833ba3ffffff,6471.3,FALSE
870833ba5ffffff,10108.5,FALSE
870833ba6ffffff,7020.9,FALSE
870833ba8ffffff,6572.9,FALSE
870833baaffffff,4610.3,FALSE
870833baeffffff,6455.4,FALSE
870833bb0ffffff,2703.6,FALSE
870833bb1ffffff,4041.2,FALSE
870833bb2ffffff,591.1,TRUE
870833bb3ffffff,2122.2,FALSE
870833bb4ffffff,4073.3,FALSE
870833bb5ffffff,4859.9,FALSE
870833bb6ffffff,1927.5,FALSE
870833c00ffffff,204.3,TRUE
870833c02ffffff,0,TRUE
870833c03ffffff,139.9,TRUE
870833c06ffffff,0,TRUE
870833c10ffffff,122.2,TRUE
870833c11ffffff,226.5,TRUE
870833c12ffffff,479.6,TRUE
870833c13ffffff,0,TRUE
870833c14ffffff,0,TRUE
870833c15ffffff,0,TRUE
870833c16ffffff,0,TRUE
870833c18ffffff,0,TRUE
870833c19ffffff,870.5,TRUE
870833c1affffff,0,TRUE
870833c1bffffff,0,TRUE
870833c1cffffff,0,TRUE
870833c1dffffff,490.8,TRUE
870833c1effffff,0,TRUE
870833c30ffffff,0,TRUE
870833c31ffffff,0,TRUE
870833c32ffffff,0,TRUE
870833c33ffffff,0,TRUE
870833c34ffffff,31,TRUE
870833c35ffffff,1151,TRUE
870833c36ffffff,0,TRUE
870833c89ffffff,0,TRUE
870833ca0ffffff,0,TRUE
870833ca1ffffff,0,TRUE
870833ca3ffffff,106.4,TRUE
870833ca4ffffff,0,TRUE
870833ca5ffffff,0,TRUE
870833ca8ffffff,212.2,TRUE
870833ca9ffffff,138.4,TRUE
870833caaffffff,0,TRUE
870833cabffffff,180.8,TRUE
870833cacffffff,0,TRUE
870833cadffffff,0,TRUE
870833caeffffff,0,TRUE
870833cc0ffffff,96.9,TRUE
870833cc1ffffff,149.8,TRUE
870833cc2ffffff,0,TRUE
870833cc3ffffff,0,TRUE
870833cc4ffffff,164.5,TRUE
870833cc5ffffff,24.4,TRUE
870833cc6ffffff,0,TRUE
870833cc8ffffff,0,TRUE
870833cc9ffffff,49.1,TRUE
870833ccaffffff,134.5,TRUE
870833ccbffffff,51.6,TRUE
870833cccffffff,0,TRUE
870833cceffffff,0,TRUE
870833cd0ffffff,428.2,TRUE
870833cd1ffffff,0,TRUE
870833cd2ffffff,1209.4,FALSE
870833cd3ffffff,0,TRUE
870833cd4ffffff,68.4,TRUE
870833cd5ffffff,28.3,TRUE
870833cd6ffffff,425.2,TRUE
870833cd8ffffff,0,TRUE
870833cd9ffffff,995.1,FALSE
870833cdaffffff,64.3,TRUE
870833cdbffffff,0,TRUE
870833cdcffffff,299.8,TRUE
870833cddffffff,0,TRUE
870833cdeffffff,448.1,TRUE
870833ce2ffffff,559.4,TRUE
870833ce6ffffff,145.2,TRUE
870833cf0ffffff,0,TRUE
870833cf1ffffff,0,TRUE
870833cf2ffffff,654.9,TRUE
870833cf3ffffff,0,TRUE
870833cf4ffffff,0,TRUE
870833cf5ffffff,141.4,TRUE
870833cf6ffffff,475.1,TRUE
870833d1affffff,1868.7,FALSE
870833d88ffffff,0,TRUE
870833d89ffffff,0,TRUE
870833d8affffff,28.3,TRUE
870833d8bffffff,0,TRUE
870833d8cffffff,292.3,TRUE
870833d8dffffff,0,TRUE
870833d98ffffff,0,TRUE
870833d99ffffff,0,TRUE
870833d9cffffff,362.5,TRUE
870833d9dffffff,54.9,TRUE
870833da9ffffff,617.6,TRUE
870833dabffffff,509.4,TRUE
