{
"type": "FeatureCollection",
"name": "coastal_zone_3km",
"crs": { "type": "name", "properties": { "name": "urn:ogc:def:crs:OGC:1.3:CRS84" } },
"features": [
{ "type": "Feature", "properties": { "layer_id": "coastal_zone_3km", "label": "Coastal zone 3 km", "tooltip_title": "Source layer: Coastal zone 3 km", "tooltip_body": "Kystnaerhedszonen 3 km planning-zone polygon from Miljoeministeriet / PLST.<br>Clipped to Bornholm DAGI Landsdel landmass." }, "geometry": { "type": "Polygon", "coordinates": [ [ [ 15.124716735960236, 55.048660819158158, 0.0 ], [ 15.124413200299283, 55.048507769319237, 0.0 ], [ 15.124384811194881, 55.048577364128192, 0.0 ], [ 15.124716735960236, 55.048660819158158, 0.0 ] ] ] } },
{ "type": "Feature", "properties": { "layer_id": "coastal_zone_3km", "label": "Coastal zone 3 km", "tooltip_title": "Source layer: Coastal zone 3 km", "tooltip_body": "Kystnaerhedszonen 3 km planning-zone polygon from Miljoeministeriet / PLST.<br>Clipped to Bornholm DAGI Landsdel landmass." }, "geometry": { "type": "Polygon", "coordinates": [ [ [ 15.124322811696517, 55.049863944037419, 0.0 ], [ 15.124025776735966, 55.049738027381281, 0.0 ], [ 15.123987526991732, 55.04980775976864, 0.0 ], [ 15.124322811696517, 55.049863944037419, 0.0 ] ] ] } },
{ "type": "Feature", "properties": { "layer_id": "coastal_zone_3km", "label": "Coastal zone 3 km", "tooltip_title": "Source layer: Coastal zone 3 km", "tooltip_body": "Kystnaerhedszonen 3 km planning-zone polygon from Miljoeministeriet / PLST.<br>Clipped to Bornholm DAGI Landsdel landmass." }, "geometry": { "type": "Polygon", "coordinates": [ [ [ 15.157159024281409, 55.08336414876451, 0.0 ], [ 15.157110197841197, 55.083284686986687, 0.0 ], [ 15.157028576558076, 55.083394629687888, 0.0 ], [ 15.157159024281409, 55.08336414876451, 0.0 ] ] ] } },
{ "type": "Feature", "properties": { "layer_id": "coastal_zone_3km", "label": "Coastal zone 3 km", "tooltip_title": "Source layer: Coastal zone 3 km", "tooltip_body": "Kystnaerhedszonen 3 km planning-zone polygon from Miljoeministeriet / PLST.<br>Clipped to Bornholm DAGI Landsdel landmass." }, "geometry": { "type": "Polygon", "coordinates": [ [ [ 15.15714859439584, 55.083944917351701, 0.0 ], [ 15.156914306621381, 55.083876127011074, 0.0 ], [ 15.156928490962573, 55.083976255800692, 0.0 ], [ 15.15714859439584, 55.083944917351701, 0.0 ] ] ] } },
{ "type": "Feature", "properties": { "layer_id": "coastal_zone_3km", "label": "Coastal zone 3 km", "tooltip_title": "Source layer: Coastal zone 3 km", "tooltip_body": "Kystnaerhedszonen 3 km planning-zone polygon from Miljoeministeriet / PLST.<br>Clipped to Bornholm DAGI Landsdel landmass." }, "geometry": { "type": "Polygon", "coordinates": [ [ [ 15.152000894122185, 55.075926385013162, 0.0 ], [ 15.151746088061991, 55.075930841041291, 0.0 ], [ 15.151920350923159, 55.076103441699154, 0.0 ], [ 15.152000894122185, 55.075926385013162, 0.0 ] ] ] } },
{ "type": "Feature", "properties": { "layer_id": "coastal_zone_3km", "label": "Coastal zone 3 km", "tooltip_title": "Source layer: Coastal zone 3 km", "tooltip_body": "Kystnaerhedszonen 3 km planning-zone polygon from Miljoeministeriet / PLST.<br>Clipped to Bornholm DAGI Landsdel landmass." }, "geometry": { "type": "Polygon", "coordinates": [ [ [ 15.151346148693998, 55.075653256881097, 0.0 ], [ 15.151464091786055, 55.075545798500158, 0.0 ], [ 15.151393836779743, 55.075516584926419, 0.0 ], [ 15.151346148693998, 55.075653256881097, 0.0 ] ] ] } },
{ "type": "Feature", "properties": { "layer_id": "coastal_zone_3km", "label": "Coastal zone 3 km", "tooltip_title": "Source layer: Coastal zone 3 km", "tooltip_body": "Kystnaerhedszonen 3 km planning-zone polygon from Miljoeministeriet / PLST.<br>Clipped to Bornholm DAGI Landsdel landmass." }, "geometry": { "type": "Polygon", "coordinates": [ [ [ 15.181998520708849, 55.320854686841933, 0.0 ], [ 15.182145243222964, 55.320473726088416, 0.0 ], [ 15.181750664025529, 55.320775249525894, 0.0 ], [ 15.181998520708849, 55.320854686841933, 0.0 ] ] ] } },
{ "type": "Feature", "properties": { "layer_id": "coastal_zone_3km", "label": "Coastal zone 3 km", "tooltip_title": "Source layer: Coastal zone 3 km", "tooltip_body": "Kystnaerhedszonen 3 km planning-zone polygon from Miljoeministeriet / PLST.<br>Clipped to Bornholm DAGI Landsdel landmass." }, "geometry": { "type": "Polygon", "coordinates": [ [ [ 15.115424362430563, 55.14645231483459, 0.0 ], [ 15.11474095906973, 55.146697062531395, 0.0 ], [ 15.115505784171953, 55.146480899564551, 0.0 ], [ 15.115424362430563, 55.14645231483459, 0.0 ] ] ] } },
{ "type": "Feature", "properties": { "layer_id": "coastal_zone_3km", "label": "Coastal zone 3 km", "tooltip_title": "Source layer: Coastal zone 3 km", "tooltip_body": "Kystnaerhedszonen 3 km planning-zone polygon from Miljoeministeriet / PLST.<br>Clipped to Bornholm DAGI Landsdel landmass." }, "geometry": { "type": "Polygon", "coordinates": [ [ [ 15.153449839404898, 55.077137190125065, 0.0 ], [ 15.153277135899932, 55.077111282549964, 0.0 ], [ 15.153359835836421, 55.077192719275011, 0.0 ], [ 15.153449839404898, 55.077137190125065, 0.0 ] ] ] } },
{ "type": "Feature", "properties": { "layer_id": "coastal_zone_3km", "label": "Coastal zone 3 km", "tooltip_title": "Source layer: Coastal zone 3 km", "tooltip_body": "Kystnaerhedszonen 3 km planning-zone polygon from Miljoeministeriet / PLST.<br>Clipped to Bornholm DAGI Landsdel landmass." }, "geometry": { "type": "Polygon", "coordinates": [ [ [ 15.153520131854725, 55.078434748101884, 0.0 ], [ 15.153356768967193, 55.078401253351949, 0.0 ], [ 15.153366125821975, 55.078479296400836, 0.0 ], [ 15.153520131854725, 55.078434748101884, 0.0 ] ] ] } },
{ "type": "Feature", "properties": { "layer_id": "coastal_zone_3km", "label": "Coastal zone 3 km", "tooltip_title": "Source layer: Coastal zone 3 km", "tooltip_body": "Kystnaerhedszonen 3 km planning-zone polygon from Miljoeministeriet / PLST.<br>Clipped to Bornholm DAGI Landsdel landmass." }, "geometry": { "type": "Polygon", "coordinates": [ [ [ 15.156505965174526, 55.081176908287446, 0.0 ], [ 15.156162652988973, 55.081172537170112, 0.0 ], [ 15.156551857295341, 55.081359528638679, 0.0 ], [ 15.156505965174526, 55.081176908287446, 0.0 ] ] ] } },
{ "type": "Feature", "properties": { "layer_id": "coastal_zone_3km", "label": "Coastal zone 3 km", "tooltip_title": "Source layer: Coastal zone 3 km", "tooltip_body": "Kystnaerhedszonen 3 km planning-zone polygon from Miljoeministeriet / PLST.<br>Clipped to Bornholm DAGI Landsdel landmass." }, "geometry": { "type": "Polygon", "coordinates": [ [ [ 15.144960693248414, 55.109655488604126, 0.0 ], [ 15.145178304595685, 55.109569285967602, 0.0 ], [ 15.144960539080438, 55.109598409349054, 0.0 ], [ 15.144960693248414, 55.109655488604126, 0.0 ] ] ] } },
{ "type": "Feature", "properties": { "layer_id": "coastal_zone_3km", "label": "Coastal zone 3 km", "tooltip_title": "Source layer: Coastal zone 3 km", "tooltip_body": "Kystnaerhedszonen 3 km planning-zone polygon from Miljoeministeriet / PLST.<br>Clipped to Bornholm DAGI Landsdel landmass." }, "geometry": { "type": "Polygon", "coordinates": [ [ [ 15.14884927320972, 55.108545977482805, 0.0 ], [ 15.149053522173281, 55.108422086136613, 0.0 ], [ 15.148662982858273, 55.108547941060777, 0.0 ], [ 15.14884927320972, 55.108545977482805, 0.0 ] ] ] } },
{ "type": "Feature", "properties": { "layer_id": "coastal_zone_3km", "label": "Coastal zone 3 km", "tooltip_title": "Source layer: Coastal zone 3 km", "tooltip_body": "Kystnaerhedszonen 3 km planning-zone polygon from Miljoeministeriet / PLST.<br>Clipped to Bornholm DAGI Landsdel landmass." }, "geometry": { "type": "Polygon", "coordinates": [ [ [ 15.149956891481828, 55.134458893853726, 0.0 ], [ 15.14951946066348, 55.134293669939161, 0.0 ], [ 15.149485754608962, 55.134506077692407, 0.0 ], [ 15.149956891481828, 55.134458893853726, 0.0 ] ] ] } },
{ "type": "Feature", "properties": { "layer_id": "coastal_zone_3km", "label": "Coastal zone 3 km", "tooltip_title": "Source layer: Coastal zone 3 km", "tooltip_body": "Kystnaerhedszonen 3 km planning-zone polygon from Miljoeministeriet / PLST.<br>Clipped to Bornholm DAGI Landsdel landmass." }, "geometry": { "type": "Polygon", "coordinates": [ [ [ 15.148506916591861, 55.108332270385695, 0.0 ], [ 15.148901445692379, 55.108261860322116, 0.0 ], [ 15.148443319967974, 55.108305867829358, 0.0 ], [ 15.148506916591861, 55.108332270385695, 0.0 ] ] ] } },
{ "type": "Feature", "properties": { "layer_id": "coastal_zone_3km", "label": "Coastal zone 3 km", "tooltip_title": "Source layer: Coastal zone 3 km", "tooltip_body": "Kystnaerhedszonen 3 km planning-zone polygon from Miljoeministeriet / PLST.<br>Clipped to Bornholm DAGI Landsdel landmass." }, "geometry": { "type": "Polygon", "coordinates": [ [ [ 15.149383218230174, 55.107257605674704, 0.0 ], [ 15.149335465968802, 55.107064992001426, 0.0 ], [ 15.149039541911268, 55.107207485107487, 0.0 ], [ 15.149383218230174, 55.107257605674704, 0.0 ] ] ] } },
{ "type": "Feature", "properties": { "layer_id": "coastal_zone_3km", "label": "Coastal zone 3 km", "tooltip_title": "Source layer: Coastal zone 3 km", "tooltip_body": "Kystnaerhedszonen 3 km planning-zone polygon from Miljoeministeriet / PLST.<br>Clipped to Bornholm DAGI Landsdel landmass." }, "geometry": { "type": "Polygon", "coordinates": [ [ [ 15.131101693490521, 55.14472791745569, 0.0 ], [ 15.131060318734466, 55.144607189180277, 0.0 ], [ 15.130951810684275, 55.144676417130782, 0.0 ], [ 15.131101693490521, 55.14472791745569, 0.0 ] ] ] } },
{ "type": "Feature", "properties": { "layer_id": "coastal_zone_3km", "label": "Coastal zone 3 km", "tooltip_title": "Source layer: Coastal zone 3 km", "tooltip_body": "Kystnaerhedszonen 3 km planning-zone polygon from Miljoeministeriet / PLST.<br>Clipped to Bornholm DAGI Landsdel landmass." }, "geometry": { "type": "Polygon", "coordinates": [ [ [ 15.145378888351612, 55.109761006422616, 0.0 ], [ 15.146039927162915, 55.110046017801082, 0.0 ], [ 15.145523950272432, 55.109651463456835, 0.0 ], [ 15.145378888351612, 55.109761006422616, 0.0 ] ] ] } },
{ "type": "Feature", "properties": { "layer_id": "coastal_zone_3km", "label": "Coastal zone 3 km", "tooltip_title": "Source layer: Coastal zone 3 km", "tooltip_body": "Kystnaerhedszonen 3 km planning-zone polygon from Miljoeministeriet / PLST.<br>Clipped to Bornholm DAGI Landsdel landmass." }, "geometry": { "type": "Polygon", "coordinates": [ [ [ 15.14642394878495, 55.115600220131419, 0.0 ], [ 15.146223825954554, 55.115789898311924, 0.0 ], [ 15.146695091018305, 55.115786745926862, 0.0 ], [ 15.14642394878495, 55.115600220131419, 0.0 ] ] ] } },
{ "type": "Feature", "properties": { "layer_id": "coastal_zone_3km", "label": "Coastal zone 3 km", "tooltip_title": "Source layer: Coastal zone 3 km", "tooltip_body": "Kystnaerhedszonen 3 km planning-zone polygon from Miljoeministeriet / PLST.<br>Clipped to Bornholm DAGI Landsdel landmass." }, "geometry": { "type": "Polygon", "coordinates": [ [ [ 15.152611250830917, 55.076575529613784, 0.0 ], [ 15.15271257225452, 55.077215910205908, 0.0 ], [ 15.152994062797088, 55.077368304783548, 0.0 ], [ 15.153263406385211, 55.07680520201037, 0.0 ], [ 15.152806091397212, 55.076857208330111, 0.0 ], [ 15.152611250830917, 55.076575529613784, 0.0 ] ] ] } },
{ "type": "Feature", "properties": { "layer_id": "coastal_zone_3km", "label": "Coastal zone 3 km", "tooltip_title": "Source layer: Coastal zone 3 km", "tooltip_body": "Kystnaerhedszonen 3 km planning-zone polygon from Miljoeministeriet / PLST.<br>Clipped to Bornholm DAGI Landsdel landmass." }, "geometry": { "type": "Polygon", "coordinates": [ [ [ 15.131392545137851, 55.144770949499012, 0.0 ], [ 15.131557697505627, 55.144989066323213, 0.0 ], [ 15.131852426954183, 55.144938798122411, 0.0 ], [ 15.131392545137851, 55.144770949499012, 0.0 ] ] ] } },
{ "type": "Feature", "properties": { "layer_id": "coastal_zone_3km", "label": "Coastal zone 3 km", "tooltip_title": "Source layer: Coastal zone 3 km", "tooltip_body": "Kystnaerhedszonen 3 km planning-zone polygon from Miljoeministeriet / PLST.<br>Clipped to Bornholm DAGI Landsdel landmass." }, "geometry": { "type": "Polygon", "coordinates": [ [ [ 14.798008383277969, 55.281310328357144, 0.0 ], [ 14.797753821169492, 55.281403025856086, 0.0 ], [ 14.798070700718757, 55.281338507408954, 0.0 ], [ 14.798008383277969, 55.281310328357144, 0.0 ] ] ] } },
{ "type": "Feature", "properties": { "layer_id": "coastal_zone_3km", "label": "Coastal zone 3 km", "tooltip_title": "Source layer: Coastal zone 3 km", "tooltip_body": "Kystnaerhedszonen 3 km planning-zone polygon from Miljoeministeriet / PLST.<br>Clipped to Bornholm DAGI Landsdel landmass." }, "geometry": { "type": "Polygon", "coordinates": [ [ [ 14.784171123589735, 55.289238199892026, 0.0 ], [ 14.78402972516348, 55.28924752980668, 0.0 ], [ 14.784294484610605, 55.289309576502262, 0.0 ], [ 14.784171123589735, 55.289238199892026, 0.0 ] ] ] } },
{ "type": "Feature", "properties": { "layer_id": "coastal_zone_3km", "label": "Coastal zone 3 km", "tooltip_title": "Source layer: Coastal zone 3 km", "tooltip_body": "Kystnaerhedszonen 3 km planning-zone polygon from Miljoeministeriet / PLST.<br>Clipped to Bornholm DAGI Landsdel landmass." }, "geometry": { "type": "Polygon", "coordinates": [ [ [ 15.185609972716621, 55.320527214545798, 0.0 ], [ 15.185011303956676, 55.319501494756018, 0.0 ], [ 15.185849727094963, 55.318873678057976, 0.0 ], [ 15.185555360045562, 55.318792650564269, 0.0 ], [ 15.184586131960893, 55.319377677080695, 0.0 ], [ 15.184189261911085, 55.319129777941512, 0.0 ], [ 15.183460995942449, 55.319572435131491, 0.0 ], [ 15.183982579109447, 55.319702883938405, 0.0 ], [ 15.183132643231081, 55.320615094583943, 0.0 ], [ 15.183583460083677, 55.321036385553263, 0.0 ], [ 15.183224986225087, 55.322122806671892, 0.0 ], [ 15.18417295803315, 55.322727023837999, 0.0 ], [ 15.185380358955495, 55.322483148088573, 0.0 ], [ 15.184494767462901, 55.32168199236412, 0.0 ], [ 15.185609972716621, 55.320527214545798, 0.0 ] ] ] } },
{ "type": "Feature", "properties": { "layer_id": "coastal_zone_3km", "label": "Coastal zone 3 km", "tooltip_title": "Source layer: Coastal zone 3 km", "tooltip_body": "Kystnaerhedszonen 3 km planning-zone polygon from Miljoeministeriet / PLST.<br>Clipped to Bornholm DAGI Landsdel landmass." }, "geometry": { "type": "Polygon", "coordinates": [ [ [ 14.752660241998456, 55.271909801119143, 0.0 ], [ 14.752913952599627, 55.271891416279054, 0.0 ], [ 14.75258715671249, 55.271835298396802, 0.0 ], [ 14.752660241998456, 55.271909801119143, 0.0 ] ] ] } },
{ "type": "Feature", "properties": { "layer_id": "coastal_zone_3km", "label": "Coastal zone 3 km", "tooltip_title": "Source layer: Coastal zone 3 km", "tooltip_body": "Kystnaerhedszonen 3 km planning-zone polygon from Miljoeministeriet / PLST.<br>Clipped to Bornholm DAGI Landsdel landmass." }, "geometry": { "type": "Polygon", "coordinates": [ [ [ 14.76561666319196, 55.296097414529704, 0.0 ], [ 14.765671047287521, 55.296003827537461, 0.0 ], [ 14.765490330587053, 55.296057577291023, 0.0 ], [ 14.76561666319196, 55.296097414529704, 0.0 ] ] ] } },
{ "type": "Feature", "properties": { "layer_id": "coastal_zone_3km", "label": "Coastal zone 3 km", "tooltip_title": "Source layer: Coastal zone 3 km", "tooltip_body": "Kystnaerhedszonen 3 km planning-zone polygon from Miljoeministeriet / PLST.<br>Clipped to Bornholm DAGI Landsdel landmass." }, "geometry": { "type": "Polygon", "coordinates": [ [ [ 14.805499647233656, 55.27760956811008, 0.0 ], [ 14.805883337074924, 55.277656980717069, 0.0 ], [ 14.805918532488384, 55.277400805953164, 0.0 ], [ 14.805499647233656, 55.27760956811008, 0.0 ] ] ] } },
{ "type": "Feature", "properties": { "layer_id": "coastal_zone_3km", "label": "Coastal zone 3 km", "tooltip_title": "Source layer: Coastal zone 3 km", "tooltip_body": "Kystnaerhedszonen 3 km planning-zone polygon from Miljoeministeriet / PLST.<br>Clipped to Bornholm DAGI Landsdel landmass." }, "geometry": { "type": "Polygon", "coordinates": [ [ [ 14.796962202926691, 55.282496610909782, 0.0 ], [ 14.796909521236982, 55.282358504681461, 0.0 ], [ 14.796773813282561, 55.28248640907514, 0.0 ], [ 14.796962202926691, 55.282496610909782, 0.0 ] ] ] } },
{ "type": "Feature", "properties": { "layer_id": "coastal_zone_3km", "label": "Coastal zone 3 km", "tooltip_title": "Source layer: Coastal zone 3 km", "tooltip_body": "Kystnaerhedszonen 3 km planning-zone polygon from Miljoeministeriet / PLST.<br>Clipped to Bornholm DAGI Landsdel landmass." }, "geometry": { "type": "Polygon", "coordinates": [ [ [ 14.796211811711935, 55.284130342908469, 0.0 ], [ 14.796308823556808, 55.284205933032347, 0.0 ], [ 14.796374997972626, 55.284248603051466, 0.0 ], [ 14.796426703410253, 55.284122179329046, 0.0 ], [ 14.796211811711935, 55.284130342908469, 0.0 ] ] ] } },
{ "type": "Feature", "properties": { "layer_id": "coastal_zone_3km", "label": "Coastal zone 3 km", "tooltip_title": "Source layer: Coastal zone 3 km", "tooltip_body": "Kystnaerhedszonen 3 km planning-zone polygon from Miljoeministeriet / PLST.<br>Clipped to Bornholm DAGI Landsdel landmass." }, "geometry": { "type": "Polygon", "coordinates": [ [ [ 15.150224324241689, 55.133029600980173, 0.0 ], [ 15.150470915107386, 55.133088694067034, 0.0 ], [ 15.15033418979003, 55.132991980440117, 0.0 ], [ 15.150224324241689, 55.133029600980173, 0.0 ] ] ] } },
{ "type": "Feature", "properties": { "layer_id": "coastal_zone_3km", "label": "Coastal zone 3 km", "tooltip_title": "Source layer: Coastal zone 3 km", "tooltip_body": "Kystnaerhedszonen 3 km planning-zone polygon from Miljoeministeriet / PLST.<br>Clipped to Bornholm DAGI Landsdel landmass." }, "geometry": { "type": "Polygon", "coordinates": [ [ [ 15.124064020269142, 55.143775535769812, 0.0 ], [ 15.123936748034946, 55.143866953242537, 0.0 ], [ 15.124119107355078, 55.143874144456547, 0.0 ], [ 15.124064020269142, 55.143775535769812, 0.0 ] ] ] } },
{ "type": "Feature", "properties": { "layer_id": "coastal_zone_3km", "label": "Coastal zone 3 km", "tooltip_title": "Source layer: Coastal zone 3 km", "tooltip_body": "Kystnaerhedszonen 3 km planning-zone polygon from Miljoeministeriet / PLST.<br>Clipped to Bornholm DAGI Landsdel landmass." }, "geometry": { "type": "Polygon", "coordinates": [ [ [ 15.126999249814025, 55.143777305193701, 0.0 ], [ 15.126372572733228, 55.143838185774612, 0.0 ], [ 15.126614238102139, 55.143853816566512, 0.0 ], [ 15.126999249814025, 55.143777305193701, 0.0 ] ] ] } },
{ "type": "Feature", "properties": { "layer_id": "coastal_zone_3km", "label": "Coastal zone 3 km", "tooltip_title": "Source layer: Coastal zone 3 km", "tooltip_body": "Kystnaerhedszonen 3 km planning-zone polygon from Miljoeministeriet / PLST.<br>Clipped to Bornholm DAGI Landsdel landmass." }, "geometry": { "type": "Polygon", "coordinates": [ [ [ 15.126724601770835, 55.143623864683207, 0.0 ], [ 15.126576722714525, 55.143749910304585, 0.0 ], [ 15.126764795094124, 55.143716560671265, 0.0 ], [ 15.126724601770835, 55.143623864683207, 0.0 ] ] ] } },
{ "type": "Feature", "properties": { "layer_id": "coastal_zone_3km", "label": "Coastal zone 3 km", "tooltip_title": "Source layer: Coastal zone 3 km", "tooltip_body": "Kystnaerhedszonen 3 km planning-zone polygon from Miljoeministeriet / PLST.<br>Clipped to Bornholm DAGI Landsdel landmass." }, "geometry": { "type": "Polygon", "coordinates": [ [ [ 14.792824389084243, 55.28559460193393, 0.0 ], [ 14.792964819745313, 55.285470798838766, 0.0 ], [ 14.792646554891659, 55.285545541390363, 0.0 ], [ 14.792824389084243, 55.28559460193393, 0.0 ] ] ] } },
{ "type": "Feature", "properties": { "layer_id": "coastal_zone_3km", "label": "Coastal zone 3 km", "tooltip_title": "Source layer: Coastal zone 3 km", "tooltip_body": "Kystnaerhedszonen 3 km planning-zone polygon from Miljoeministeriet / PLST.<br>Clipped to Bornholm DAGI Landsdel landmass." }, "geometry": { "type": "Polygon", "coordinates": [ [ [ 14.784080144078095, 55.288888196700213, 0.0 ], [ 14.784082116852916, 55.288991448203902, 0.0 ], [ 14.784238632287723, 55.288977618899409, 0.0 ], [ 14.784080144078095, 55.288888196700213, 0.0 ] ] ] } },
{ "type": "Feature", "properties": { "layer_id": "coastal_zone_3km", "label": "Coastal zone 3 km", "tooltip_title": "Source layer: Coastal zone 3 km", "tooltip_body": "Kystnaerhedszonen 3 km planning-zone polygon from Miljoeministeriet / PLST.<br>Clipped to Bornholm DAGI Landsdel landmass." }, "geometry": { "type": "Polygon", "coordinates": [ [ [ 15.150142390972752, 55.133772734450929, 0.0 ], [ 15.149984039673491, 55.133864855528621, 0.0 ], [ 15.150123402092831, 55.133893093366005, 0.0 ], [ 15.150142390972752, 55.133772734450929, 0.0 ] ] ] } },
{ "type": "Feature", "properties": { "layer_id": "coastal_zone_3km", "label": "Coastal zone 3 km", "tooltip_title": "Source layer: Coastal zone 3 km", "tooltip_body": "Kystnaerhedszonen 3 km planning-zone polygon from Miljoeministeriet / PLST.<br>Clipped to Bornholm DAGI Landsdel landmass." }, "geometry": { "type": "Polygon", "coordinates": [ [ [ 15.121568032527108, 55.025125990753025, 0.0 ], [ 15.122638776922189, 55.025456493399417, 0.0 ], [ 15.122831215935909, 55.025100837627463, 0.0 ], [ 15.122096665129083, 55.024964959182519, 0.0 ], [ 15.122700641908514, 55.025147859697206, 0.0 ], [ 15.122565970416199, 55.025395520206523, 0.0 ], [ 15.122251962998307, 55.025126665407207, 0.0 ], [ 15.121568032527108, 55.025125990753025, 0.0 ] ] ] } },
{ "type": "Feature", "properties": { "layer_id": "coastal_zone_3km", "label": "Coastal zone 3 km", "tooltip_title": "Source layer: Coastal zone 3 km", "tooltip_body": "Kystnaerhedszonen 3 km planning-zone polygon from Miljoeministeriet / PLST.<br>Clipped to Bornholm DAGI Landsdel landmass." }, "geometry": { "type": "Polygon", "coordinates": [ [ [ 15.187592405167129, 55.318304248239293, 0.0 ], [ 15.186189512136401, 55.318966443461221, 0.0 ], [ 15.186529513478515, 55.319072703806903, 0.0 ], [ 15.18600184284967, 55.320801567055838, 0.0 ], [ 15.186770070242448, 55.322959002719188, 0.0 ], [ 15.187900702521775, 55.323643143231401, 0.0 ], [ 15.189650764191599, 55.323386312556387, 0.0 ], [ 15.189176246092067, 55.323225038571053, 0.0 ], [ 15.189165375001146, 55.323079807198241, 0.0 ], [ 15.191399579483836, 55.323191290943655, 0.0 ], [ 15.191758155985529, 55.322780089396048, 0.0 ], [ 15.191174866332837, 55.322305143765021, 0.0 ], [ 15.191856296670249, 55.321741008746237, 0.0 ], [ 15.190976710195283, 55.321005235286897, 0.0 ], [ 15.192066859309648, 55.321119694635286, 0.0 ], [ 15.19257348665802, 55.320443786248731, 0.0 ], [ 15.19233544952561, 55.320098234745672, 0.0 ], [ 15.192749636972888, 55.320404928226338, 0.0 ], [ 15.193276200588835, 55.320113849303532, 0.0 ], [ 15.192968767669084, 55.319729508604134, 0.0 ], [ 15.191858385782536, 55.319462289153762, 0.0 ], [ 15.192265951149365, 55.318833562940092, 0.0 ], [ 15.191905581443926, 55.31872034049578, 0.0 ], [ 15.191829222269265, 55.319133574290404, 0.0 ], [ 15.191580006852782, 55.318991013697449, 0.0 ], [ 15.190770151836551, 55.317564912975975, 0.0 ], [ 15.190054793235984, 55.317445339924966, 0.0 ], [ 15.189806322679482, 55.317796099418139, 0.0 ], [ 15.18931962893399, 55.317274813570997, 0.0 ], [ 15.188465040293552, 55.317266494905475, 0.0 ], [ 15.187526598631113, 55.317579304233924, 0.0 ], [ 15.187592405167129, 55.318304248239293, 0.0 ] ] ] } },
{ "type": "Feature", "properties": { "layer_id": "coastal_zone_3km", "label": "Coastal zone 3 km", "tooltip_title": "Source layer: Coastal zone 3 km", "tooltip_body": "Kystnaerhedszonen 3 km planning-zone polygon from Miljoeministeriet / PLST.<br>Clipped to Bornholm DAGI Landsdel landmass." }, "geometry": { "type": "Polygon", "coordinates": [ [ [ 15.128765642850061, 55.055216163799869, 0.0 ], [ 15.129747436491664, 55.05528504744332, 0.0 ], [ 15.128713366031102, 55.05515244451756, 0.0 ], [ 15.128765642850061, 55.055216163799869, 0.0 ] ] ] } },
{ "type": "Feature", "properties": { "layer_id": "coastal_zone_3km", "label": "Coastal zone 3 km", "tooltip_title": "Source layer: Coastal zone 3 km", "tooltip_body": "Kystnaerhedszonen 3 km planning-zone polygon from Miljoeministeriet / PLST.<br>Clipped to Bornholm DAGI Landsdel landmass." }, "geometry": { "type": "Polygon", "coordinates": [ [ [ 14.697081526680476, 55.096267702612415, 0.0 ], [ 14.69702833031239, 55.095820022680542, 0.0 ], [ 14.69702328330089, 55.096301761278326, 0.0 ], [ 14.697081526680476, 55.096267702612415, 0.0 ] ] ] } },
{ "type": "Feature", "properties": { "layer_id": "coastal_zone_3km", "label": "Coastal zone 3 km", "tooltip_title": "Source layer: Coastal zone 3 km", "tooltip_body": "Kystnaerhedszonen 3 km planning-zone polygon from Miljoeministeriet / PLST.<br>Clipped to Bornholm DAGI Landsdel landmass." }, "geometry": { "type": "Polygon", "coordinates": [ [ [ 14.777304621905397, 55.297210471251475, 0.0 ], [ 14.777147301879687, 55.297507987002177, 0.0 ], [ 14.777450330546184, 55.297163406340538, 0.0 ], [ 14.777304621905397, 55.297210471251475, 0.0 ] ] ] } },
{ "type": "Feature", "properties": { "layer_id": "coastal_zone_3km", "label": "Coastal zone 3 km", "tooltip_title": "Source layer: Coastal zone 3 km", "tooltip_body": "Kystnaerhedszonen 3 km planning-zone polygon from Miljoeministeriet / PLST.<br>Clipped to Bornholm DAGI Landsdel landmass." }, "geometry": { "type": "Polygon", "coordinates": [ [ [ 14.770855027216506, 55.298485648416339, 0.0 ], [ 14.770846190051293, 55.298356706805805, 0.0 ], [ 14.770801422507294, 55.298367831119407, 0.0 ], [ 14.770855027216506, 55.298485648416339, 0.0 ] ] ] } },
{ "type": "Feature", "properties": { "layer_id": "coastal_zone_3km", "label": "Coastal zone 3 km", "tooltip_title": "Source layer: Coastal zone 3 km", "tooltip_body": "Kystnaerhedszonen 3 km planning-zone polygon from Miljoeministeriet / PLST.<br>Clipped to Bornholm DAGI Landsdel landmass." }, "geometry": { "type": "Polygon", "coordinates": [ [ [ 14.769212721477263, 55.297565785939518, 0.0 ], [ 14.769136691624833, 55.297775087440066, 0.0 ], [ 14.769247018891658, 55.297771029140108, 0.0 ], [ 14.769212721477263, 55.297565785939518, 0.0 ] ] ] } },
{ "type": "Feature", "properties": { "layer_id": "coastal_zone_3km", "label": "Coastal zone 3 km", "tooltip_title": "Source layer: Coastal zone 3 km", "tooltip_body": "Kystnaerhedszonen 3 km planning-zone polygon from Miljoeministeriet / PLST.<br>Clipped to Bornholm DAGI Landsdel landmass." }, "geometry": { "type": "Polygon", "coordinates": [ [ [ 14.808123356524169, 55.272527330835239, 0.0 ], [ 14.80832179211459, 55.272464295554158, 0.0 ], [ 14.808138102895306, 55.272472973080035, 0.0 ], [ 14.808123356524169, 55.272527330835239, 0.0 ] ] ] } },
{ "type": "Feature", "properties": { "layer_id": "coastal_zone_3km", "label": "Coastal zone 3 km", "tooltip_title": "Source layer: Coastal zone 3 km", "tooltip_body": "Kystnaerhedszonen 3 km planning-zone polygon from Miljoeministeriet / PLST.<br>Clipped to Bornholm DAGI Landsdel landmass." }, "geometry": { "type": "Polygon", "coordinates": [ [ [ 14.874981170261986, 55.238295676695479, 0.0 ], [ 14.874825148657509, 55.238156919041472, 0.0 ], [ 14.874701520937222, 55.238235002329326, 0.0 ], [ 14.874981170261986, 55.238295676695479, 0.0 ] ] ] } },
{ "type": "Feature", "properties": { "layer_id": "coastal_zone_3km", "label": "Coastal zone 3 km", "tooltip_title": "Source layer: Coastal zone 3 km", "tooltip_body": "Kystnaerhedszonen 3 km planning-zone polygon from Miljoeministeriet / PLST.<br>Clipped to Bornholm DAGI Landsdel landmass." }, "geometry": { "type": "Polygon", "coordinates": [ [ [ 15.149854054373581, 55.133658037478817, 0.0 ], [ 15.149525389647868, 55.133704668488981, 0.0 ], [ 15.149843941401288, 55.13372184995351, 0.0 ], [ 15.149854054373581, 55.133658037478817, 0.0 ] ] ] } },
{ "type": "Feature", "properties": { "layer_id": "coastal_zone_3km", "label": "Coastal zone 3 km", "tooltip_title": "Source layer: Coastal zone 3 km", "tooltip_body": "Kystnaerhedszonen 3 km planning-zone polygon from Miljoeministeriet / PLST.<br>Clipped to Bornholm DAGI Landsdel landmass." }, "geometry": { "type": "Polygon", "coordinates": [ [ [ 15.117337960633559, 55.144317856342674, 0.0 ], [ 15.117335222365453, 55.144445402461614, 0.0 ], [ 15.117473120853571, 55.144369844563535, 0.0 ], [ 15.117337960633559, 55.144317856342674, 0.0 ] ] ] } },
{ "type": "Feature", "properties": { "layer_id": "coastal_zone_3km", "label": "Coastal zone 3 km", "tooltip_title": "Source layer: Coastal zone 3 km", "tooltip_body": "Kystnaerhedszonen 3 km planning-zone polygon from Miljoeministeriet / PLST.<br>Clipped to Bornholm DAGI Landsdel landmass." }, "geometry": { "type": "Polygon", "coordinates": [ [ [ 15.117297459793074, 55.143982422425317, 0.0 ], [ 15.117224216852373, 55.14412072339303, 0.0 ], [ 15.117450993579775, 55.14397901021109, 0.0 ], [ 15.117297459793074, 55.143982422425317, 0.0 ] ] ] } },
{ "type": "Feature", "properties": { "layer_id": "coastal_zone_3km", "label": "Coastal zone 3 km", "tooltip_title": "Source layer: Coastal zone 3 km", "tooltip_body": "Kystnaerhedszonen 3 km planning-zone polygon from Miljoeministeriet / PLST.<br>Clipped to Bornholm DAGI Landsdel landmass." }, "geometry": { "type": "Polygon", "coordinates": [ [ [ 14.761926207262769, 55.293108549963804, 0.0 ], [ 14.761573743926371, 55.292809890464575, 0.0 ], [ 14.761383608724897, 55.292863900075993, 0.0 ], [ 14.761926207262769, 55.293108549963804, 0.0 ] ] ] } },
{ "type": "Feature", "properties": { "layer_id": "coastal_zone_3km", "label": "Coastal zone 3 km", "tooltip_title": "Source layer: Coastal zone 3 km", "tooltip_body": "Kystnaerhedszonen 3 km planning-zone polygon from Miljoeministeriet / PLST.<br>Clipped to Bornholm DAGI Landsdel landmass." }, "geometry": { "type": "Polygon", "coordinates": [ [ [ 14.805827957405107, 55.274873313952689, 0.0 ], [ 14.805873274570764, 55.274733686444314, 0.0 ], [ 14.805528509766875, 55.274834576245439, 0.0 ], [ 14.805827957405107, 55.274873313952689, 0.0 ] ] ] } },
{ "type": "Feature", "properties": { "layer_id": "coastal_zone_3km", "label": "Coastal zone 3 km", "tooltip_title": "Source layer: Coastal zone 3 km", "tooltip_body": "Kystnaerhedszonen 3 km planning-zone polygon from Miljoeministeriet / PLST.<br>Clipped to Bornholm DAGI Landsdel landmass." }, "geometry": { "type": "Polygon", "coordinates": [ [ [ 14.804810550208089, 55.277751097138704, 0.0 ], [ 14.804699382368657, 55.277919251547544, 0.0 ], [ 14.804931240702503, 55.277838694326071, 0.0 ], [ 14.804810550208089, 55.277751097138704, 0.0 ] ] ] } },
{ "type": "Feature", "properties": { "layer_id": "coastal_zone_3km", "label": "Coastal zone 3 km", "tooltip_title": "Source layer: Coastal zone 3 km", "tooltip_body": "Kystnaerhedszonen 3 km planning-zone polygon from Miljoeministeriet / PLST.<br>Clipped to Bornholm DAGI Landsdel landmass." }, "geometry": { "type": "Polygon", "coordinates": [ [ [ 15.181862667663085, 55.321545841829355, 0.0 ], [ 15.182188558733312, 55.320890507078317, 0.0 ], [ 15.181728578048878, 55.320921974625641, 0.0 ], [ 15.181463442241856, 55.321457793697967, 0.0 ], [ 15.181862667663085, 55.321545841829355, 0.0 ] ] ] } },
{ "type": "Feature", "properties": { "layer_id": "coastal_zone_3km", "label": "Coastal zone 3 km", "tooltip_title": "Source layer: Coastal zone 3 km", "tooltip_body": "Kystnaerhedszonen 3 km planning-zone polygon from Miljoeministeriet / PLST.<br>Clipped to Bornholm DAGI Landsdel landmass." }, "geometry": { "type": "Polygon", "coordinates": [ [ [ 15.190682282513961, 55.323651532955154, 0.0 ], [ 15.190646825744672, 55.32353492601041, 0.0 ], [ 15.190633150966073, 55.323646378004348, 0.0 ], [ 15.190682282513961, 55.323651532955154, 0.0 ] ] ] } },
{ "type": "Feature", "properties": { "layer_id": "coastal_zone_3km", "label": "Coastal zone 3 km", "tooltip_title": "Source layer: Coastal zone 3 km", "tooltip_body": "Kystnaerhedszonen 3 km planning-zone polygon from Miljoeministeriet / PLST.<br>Clipped to Bornholm DAGI Landsdel landmass." }, "geometry": { "type": "Polygon", "coordinates": [ [ [ 15.183687787115323, 55.322547901173628, 0.0 ], [ 15.183683747838341, 55.322414929127845, 0.0 ], [ 15.183550384730509, 55.322495271788242, 0.0 ], [ 15.183687787115323, 55.322547901173628, 0.0 ] ] ] } },
{ "type": "Feature", "properties": { "layer_id": "coastal_zone_3km", "label": "Coastal zone 3 km", "tooltip_title": "Source layer: Coastal zone 3 km", "tooltip_body": "Kystnaerhedszonen 3 km planning-zone polygon from Miljoeministeriet / PLST.<br>Clipped to Bornholm DAGI Landsdel landmass." }, "geometry": { "type": "Polygon", "coordinates": [ [ [ 15.191675354298395, 55.322234751143355, 0.0 ], [ 15.191493557834381, 55.32245155524889, 0.0 ], [ 15.191992695321266, 55.322536019097612, 0.0 ], [ 15.191675354298395, 55.322234751143355, 0.0 ] ] ] } },
{ "type": "Feature", "properties": { "layer_id": "coastal_zone_3km", "label": "Coastal zone 3 km", "tooltip_title": "Source layer: Coastal zone 3 km", "tooltip_body": "Kystnaerhedszonen 3 km planning-zone polygon from Miljoeministeriet / PLST.<br>Clipped to Bornholm DAGI Landsdel landmass." }, "geometry": { "type": "Polygon", "coordinates": [ [ [ 15.190083604678097, 55.323742492636121, 0.0 ], [ 15.190534170659028, 55.323508329393128, 0.0 ], [ 15.190249517024496, 55.323436182837952, 0.0 ], [ 15.190083604678097, 55.323742492636121, 0.0 ] ] ] } },
{ "type": "Feature", "properties": { "layer_id": "coastal_zone_3km", "label": "Coastal zone 3 km", "tooltip_title": "Source layer: Coastal zone 3 km", "tooltip_body": "Kystnaerhedszonen 3 km planning-zone polygon from Miljoeministeriet / PLST.<br>Clipped to Bornholm DAGI Landsdel landmass." }, "geometry": { "type": "Polygon", "coordinates": [ [ [ 15.180211235916357, 55.325257092094539, 0.0 ], [ 15.180871475328553, 55.324970539377915, 0.0 ], [ 15.180932096868659, 55.323814790878814, 0.0 ], [ 15.180729384357665, 55.323646344892175, 0.0 ], [ 15.180325843103411, 55.323861423985356, 0.0 ], [ 15.179519738413322, 55.322758778278384, 0.0 ], [ 15.178972925898242, 55.323041367058288, 0.0 ], [ 15.177483438025021, 55.322760304690249, 0.0 ], [ 15.177300477852212, 55.323063227550698, 0.0 ], [ 15.17713435611272, 55.32280431463974, 0.0 ], [ 15.175455072149321, 55.323096001477182, 0.0 ], [ 15.175663550545206, 55.323781201405673, 0.0 ], [ 15.174220452408083, 55.32450291639428, 0.0 ], [ 15.174562122255397, 55.324990196227006, 0.0 ], [ 15.175228730331414, 55.325177348858332, 0.0 ], [ 15.175427230105072, 55.324974851943118, 0.0 ], [ 15.175525155612242, 55.3252734252669, 0.0 ], [ 15.176446564011352, 55.324976257833519, 0.0 ], [ 15.17676996484737, 55.32534731069601, 0.0 ], [ 15.178617696077664, 55.325039493559025, 0.0 ], [ 15.178656416756535, 55.32557671855708, 0.0 ], [ 15.179149734827018, 55.325060569265915, 0.0 ], [ 15.179344557458549, 55.325514231500847, 0.0 ], [ 15.180127448975789, 55.324622565203008, 0.0 ], [ 15.180211235916357, 55.325257092094539, 0.0 ] ] ] } },
{ "type": "Feature", "properties": { "layer_id": "coastal_zone_3km", "label": "Coastal zone 3 km", "tooltip_title": "Source layer: Coastal zone 3 km", "tooltip_body": "Kystnaerhedszonen 3 km planning-zone polygon from Miljoeministeriet / PLST.<br>Clipped to Bornholm DAGI Landsdel landmass." }, "geometry": { "type": "Polygon", "coordinates": [ [ [ 15.174000554757024, 55.329989250906351, 0.0 ], [ 15.173928423827679, 55.329841814037088, 0.0 ], [ 15.173827320559536, 55.329854865879689, 0.0 ], [ 15.174000554757024, 55.329989250906351, 0.0 ] ] ] } },
{ "type": "Feature", "properties": { "layer_id": "coastal_zone_3km", "label": "Coastal zone 3 km", "tooltip_title": "Source layer: Coastal zone 3 km", "tooltip_body": "Kystnaerhedszonen 3 km planning-zone polygon from Miljoeministeriet / PLST.<br>Clipped to Bornholm DAGI Landsdel landmass." }, "geometry": { "type": "Polygon", "coordinates": [ [ [ 15.175920439508813, 55.329865925555197, 0.0 ], [ 15.175661904852708, 55.329749737722679, 0.0 ], [ 15.175795775918621, 55.330016412524465, 0.0 ], [ 15.175920439508813, 55.329865925555197, 0.0 ] ] ] } },
{ "type": "Feature", "properties": { "layer_id": "coastal_zone_3km", "label": "Coastal zone 3 km", "tooltip_title": "Source layer: Coastal zone 3 km", "tooltip_body": "Kystnaerhedszonen 3 km planning-zone polygon from Miljoeministeriet / PLST.<br>Clipped to Bornholm DAGI Landsdel landmass." }, "geometry": { "type": "Polygon", "coordinates": [ [ [ 15.173951551991776, 55.330129685123886, 0.0 ], [ 15.174893163341979, 55.330628045831595, 0.0 ], [ 15.174404920590817, 55.329942807744096, 0.0 ], [ 15.173951551991776, 55.330129685123886, 0.0 ] ] ] } },
{ "type": "Feature", "properties": { "layer_id": "coastal_zone_3km", "label": "Coastal zone 3 km", "tooltip_title": "Source layer: Coastal zone 3 km", "tooltip_body": "Kystnaerhedszonen 3 km planning-zone polygon from Miljoeministeriet / PLST.<br>Clipped to Bornholm DAGI Landsdel landmass." }, "geometry": { "type": "Polygon", "coordinates": [ [ [ 15.197167249925206, 55.318768324484033, 0.0 ], [ 15.197350746130464, 55.318624181467477, 0.0 ], [ 15.197133066922737, 55.318690194008106, 0.0 ], [ 15.197167249925206, 55.318768324484033, 0.0 ] ] ] } },
{ "type": "Feature", "properties": { "layer_id": "coastal_zone_3km", "label": "Coastal zone 3 km", "tooltip_title": "Source layer: Coastal zone 3 km", "tooltip_body": "Kystnaerhedszonen 3 km planning-zone polygon from Miljoeministeriet / PLST.<br>Clipped to Bornholm DAGI Landsdel landmass." }, "geometry": { "type": "Polygon", "coordinates": [ [ [ 15.191795411312743, 55.318589435793292, 0.0 ], [ 15.19159055514217, 55.318495224341454, 0.0 ], [ 15.191619810327119, 55.318608544608722, 0.0 ], [ 15.191795411312743, 55.318589435793292, 0.0 ] ] ] } },
{ "type": "Feature", "properties": { "layer_id": "coastal_zone_3km", "label": "Coastal zone 3 km", "tooltip_title": "Source layer: Coastal zone 3 km", "tooltip_body": "Kystnaerhedszonen 3 km planning-zone polygon from Miljoeministeriet / PLST.<br>Clipped to Bornholm DAGI Landsdel landmass." }, "geometry": { "type": "Polygon", "coordinates": [ [ [ 15.182468573363742, 55.321198015856673, 0.0 ], [ 15.182371253285929, 55.321319027832679, 0.0 ], [ 15.182516705623978, 55.321296871986981, 0.0 ], [ 15.182468573363742, 55.321198015856673, 0.0 ] ] ] } },
{ "type": "Feature", "properties": { "layer_id": "coastal_zone_3km", "label": "Coastal zone 3 km", "tooltip_title": "Source layer: Coastal zone 3 km", "tooltip_body": "Kystnaerhedszonen 3 km planning-zone polygon from Miljoeministeriet / PLST.<br>Clipped to Bornholm DAGI Landsdel landmass." }, "geometry": { "type": "Polygon", "coordinates": [ [ [ 14.858013456502288, 55.241681553262218, 0.0 ], [ 14.857957742636643, 55.241947923192313, 0.0 ], [ 14.85821424724095, 55.241865619000571, 0.0 ], [ 14.858013456502288, 55.241681553262218, 0.0 ] ] ] } },
{ "type": "Feature", "properties": { "layer_id": "coastal_zone_3km", "label": "Coastal zone 3 km", "tooltip_title": "Source layer: Coastal zone 3 km", "tooltip_body": "Kystnaerhedszonen 3 km planning-zone polygon from Miljoeministeriet / PLST.<br>Clipped to Bornholm DAGI Landsdel landmass." }, "geometry": { "type": "Polygon", "coordinates": [ [ [ 15.19324323096083, 55.319586326348691, 0.0 ], [ 15.192971089919117, 55.319572800379717, 0.0 ], [ 15.193100962087946, 55.319664071897904, 0.0 ], [ 15.19324323096083, 55.319586326348691, 0.0 ] ] ] } },
{ "type": "Feature", "properties": { "layer_id": "coastal_zone_3km", "label": "Coastal zone 3 km", "tooltip_title": "Source layer: Coastal zone 3 km", "tooltip_body": "Kystnaerhedszonen 3 km planning-zone polygon from Miljoeministeriet / PLST.<br>Clipped to Bornholm DAGI Landsdel landmass." }, "geometry": { "type": "Polygon", "coordinates": [ [ [ 14.848542375768712, 55.246741506381028, 0.0 ], [ 14.848951117928577, 55.246824752605477, 0.0 ], [ 14.848643476017719, 55.246622312847336, 0.0 ], [ 14.848542375768712, 55.246741506381028, 0.0 ] ] ] } },
{ "type": "Feature", "properties": { "layer_id": "coastal_zone_3km", "label": "Coastal zone 3 km", "tooltip_title": "Source layer: Coastal zone 3 km", "tooltip_body": "Kystnaerhedszonen 3 km planning-zone polygon from Miljoeministeriet / PLST.<br>Clipped to Bornholm DAGI Landsdel landmass." }, "geometry": { "type": "Polygon", "coordinates": [ [ [ 14.80712960949783, 55.273713912497307, 0.0 ], [ 14.807334745464939, 55.274026136514181, 0.0 ], [ 14.807162444937248, 55.27369046990929, 0.0 ], [ 14.80712960949783, 55.273713912497307, 0.0 ] ] ] } },
{ "type": "Feature", "properties": { "layer_id": "coastal_zone_3km", "label": "Coastal zone 3 km", "tooltip_title": "Source layer: Coastal zone 3 km", "tooltip_body": "Kystnaerhedszonen 3 km planning-zone polygon from Miljoeministeriet / PLST.<br>Clipped to Bornholm DAGI Landsdel landmass." }, "geometry": { "type": "Polygon", "coordinates": [ [ [ 14.80586217508189, 55.274589998787761, 0.0 ], [ 14.806296716504651, 55.274666131303171, 0.0 ], [ 14.806317516302354, 55.274446292359222, 0.0 ], [ 14.80586217508189, 55.274589998787761, 0.0 ] ] ] } },
{ "type": "Feature", "properties": { "layer_id": "coastal_zone_3km", "label": "Coastal zone 3 km", "tooltip_title": "Source layer: Coastal zone 3 km", "tooltip_body": "Kystnaerhedszonen 3 km planning-zone polygon from Miljoeministeriet / PLST.<br>Clipped to Bornholm DAGI Landsdel landmass." }, "geometry": { "type": "Polygon", "coordinates": [ [ [ 15.197053286728389, 55.318704071388019, 0.0 ], [ 15.196745609407763, 55.318624918823453, 0.0 ], [ 15.19680155317214, 55.318767405039836, 0.0 ], [ 15.197053286728389, 55.318704071388019, 0.0 ] ] ] } },
{ "type": "Feature", "properties": { "layer_id": "coastal_zone_3km", "label": "Coastal zone 3 km", "tooltip_title": "Source layer: Coastal zone 3 km", "tooltip_body": "Kystnaerhedszonen 3 km planning-zone polygon from Miljoeministeriet / PLST.<br>Clipped to Bornholm DAGI Landsdel landmass." }, "geometry": { "type": "Polygon", "coordinates": [ [ [ 14.77785920322526, 55.292062458694403, 0.0 ], [ 14.778327432848071, 55.292084163011062, 0.0 ], [ 14.778307071541967, 55.291957478846427, 0.0 ], [ 14.77785920322526, 55.292062458694403, 0.0 ] ] ] } },
{ "type": "Feature", "properties": { "layer_id": "coastal_zone_3km", "label": "Coastal zone 3 km", "tooltip_title": "Source layer: Coastal zone 3 km", "tooltip_body": "Kystnaerhedszonen 3 km planning-zone polygon from Miljoeministeriet / PLST.<br>Clipped to Bornholm DAGI Landsdel landmass." }, "geometry": { "type": "Polygon", "coordinates": [ [ [ 15.145485188333769, 55.135759517667736, 0.0 ], [ 15.145723635053118, 55.135867655997622, 0.0 ], [ 15.145744002936958, 55.13566952142083, 0.0 ], [ 15.145485188333769, 55.135759517667736, 0.0 ] ] ] } },
{ "type": "Feature", "properties": { "layer_id": "coastal_zone_3km", "label": "Coastal zone 3 km", "tooltip_title": "Source layer: Coastal zone 3 km", "tooltip_body": "Kystnaerhedszonen 3 km planning-zone polygon from Miljoeministeriet / PLST.<br>Clipped to Bornholm DAGI Landsdel landmass." }, "geometry": { "type": "Polygon", "coordinates": [ [ [ 15.197369171490495, 55.318228570281917, 0.0 ], [ 15.196756543919607, 55.318317574454539, 0.0 ], [ 15.196705880084574, 55.318569852355289, 0.0 ], [ 15.197369171490495, 55.318228570281917, 0.0 ] ] ] } },
{ "type": "Feature", "properties": { "layer_id": "coastal_zone_3km", "label": "Coastal zone 3 km", "tooltip_title": "Source layer: Coastal zone 3 km", "tooltip_body": "Kystnaerhedszonen 3 km planning-zone polygon from Miljoeministeriet / PLST.<br>Clipped to Bornholm DAGI Landsdel landmass." }, "geometry": { "type": "Polygon", "coordinates": [ [ [ 15.153273489774881, 55.077504235487368, 0.0 ], [ 15.153126094589512, 55.077542775574962, 0.0 ], [ 15.153138691094428, 55.077562396441039, 0.0 ], [ 15.153273489774881, 55.077504235487368, 0.0 ] ] ] } },
{ "type": "Feature", "properties": { "layer_id": "coastal_zone_3km", "label": "Coastal zone 3 km", "tooltip_title": "Source layer: Coastal zone 3 km", "tooltip_body": "Kystnaerhedszonen 3 km planning-zone polygon from Miljoeministeriet / PLST.<br>Clipped to Bornholm DAGI Landsdel landmass." }, "geometry": { "type": "Polygon", "coordinates": [ [ [ 15.1572343643937, 55.083570756954465, 0.0 ], [ 15.156965859289729, 55.08354980531184, 0.0 ], [ 15.156849469890506, 55.08365313806285, 0.0 ], [ 15.1572343643937, 55.083570756954465, 0.0 ] ] ] } },
{ "type": "Feature", "properties": { "layer_id": "coastal_zone_3km", "label": "Coastal zone 3 km", "tooltip_title": "Source layer: Coastal zone 3 km", "tooltip_body": "Kystnaerhedszonen 3 km planning-zone polygon from Miljoeministeriet / PLST.<br>Clipped to Bornholm DAGI Landsdel landmass." }, "geometry": { "type": "Polygon", "coordinates": [ [ [ 15.153191732647318, 55.078492372865689, 0.0 ], [ 15.153265286997792, 55.078389144918326, 0.0 ], [ 15.15318149770501, 55.078401498180682, 0.0 ], [ 15.153191732647318, 55.078492372865689, 0.0 ] ] ] } },
{ "type": "Feature", "properties": { "layer_id": "coastal_zone_3km", "label": "Coastal zone 3 km", "tooltip_title": "Source layer: Coastal zone 3 km", "tooltip_body": "Kystnaerhedszonen 3 km planning-zone polygon from Miljoeministeriet / PLST.<br>Clipped to Bornholm DAGI Landsdel landmass." }, "geometry": { "type": "Polygon", "coordinates": [ [ [ 15.155808646098814, 55.123212269366718, 0.0 ], [ 15.155765966527804, 55.123549484829994, 0.0 ], [ 15.156409888516221, 55.123612728247259, 0.0 ], [ 15.15616694326993, 55.123247226201464, 0.0 ], [ 15.155808646098814, 55.123212269366718, 0.0 ] ] ] } },
{ "type": "Feature", "properties": { "layer_id": "coastal_zone_3km", "label": "Coastal zone 3 km", "tooltip_title": "Source layer: Coastal zone 3 km", "tooltip_body": "Kystnaerhedszonen 3 km planning-zone polygon from Miljoeministeriet / PLST.<br>Clipped to Bornholm DAGI Landsdel landmass." }, "geometry": { "type": "Polygon", "coordinates": [ [ [ 15.151572437116407, 55.119895420198525, 0.0 ], [ 15.151071256570598, 55.119879126109794, 0.0 ], [ 15.150572605220981, 55.120233679120716, 0.0 ], [ 15.150719315071171, 55.120229397391221, 0.0 ], [ 15.151572437116407, 55.119895420198525, 0.0 ] ] ] } },
{ "type": "Feature", "properties": { "layer_id": "coastal_zone_3km", "label": "Coastal zone 3 km", "tooltip_title": "Source layer: Coastal zone 3 km", "tooltip_body": "Kystnaerhedszonen 3 km planning-zone polygon from Miljoeministeriet / PLST.<br>Clipped to Bornholm DAGI Landsdel landmass." }, "geometry": { "type": "Polygon", "coordinates": [ [ [ 15.147912797094222, 55.120232175606667, 0.0 ], [ 15.148154822505418, 55.12030194741304, 0.0 ], [ 15.147905881767585, 55.120187324298143, 0.0 ], [ 15.147912797094222, 55.120232175606667, 0.0 ] ] ] } },
{ "type": "Feature", "properties": { "layer_id": "coastal_zone_3km", "label": "Coastal zone 3 km", "tooltip_title": "Source layer: Coastal zone 3 km", "tooltip_body": "Kystnaerhedszonen 3 km planning-zone polygon from Miljoeministeriet / PLST.<br>Clipped to Bornholm DAGI Landsdel landmass." }, "geometry": { "type": "Polygon", "coordinates": [ [ [ 15.148369038437586, 55.118236048950813, 0.0 ], [ 15.148242138554979, 55.118363673926794, 0.0 ], [ 15.148471764841371, 55.118299098477614, 0.0 ], [ 15.148369038437586, 55.118236048950813, 0.0 ] ] ] } },
{ "type": "Feature", "properties": { "layer_id": "coastal_zone_3km", "label": "Coastal zone 3 km", "tooltip_title": "Source layer: Coastal zone 3 km", "tooltip_body": "Kystnaerhedszonen 3 km planning-zone polygon from Miljoeministeriet / PLST.<br>Clipped to Bornholm DAGI Landsdel landmass." }, "geometry": { "type": "Polygon", "coordinates": [ [ [ 14.856889908299953, 55.242204156047144, 0.0 ], [ 14.856744435475775, 55.242269047580791, 0.0 ], [ 14.856796862011025, 55.242291190334996, 0.0 ], [ 14.856889908299953, 55.242204156047144, 0.0 ] ] ] } },
{ "type": "Feature", "properties": { "layer_id": "coastal_zone_3km", "label": "Coastal zone 3 km", "tooltip_title": "Source layer: Coastal zone 3 km", "tooltip_body": "Kystnaerhedszonen 3 km planning-zone polygon from Miljoeministeriet / PLST.<br>Clipped to Bornholm DAGI Landsdel landmass." }, "geometry": { "type": "Polygon", "coordinates": [ [ [ 14.853006244953049, 55.243172615079729, 0.0 ], [ 14.853221055355995, 55.243249873537309, 0.0 ], [ 14.853329107105406, 55.243221807331715, 0.0 ], [ 14.853006244953049, 55.243172615079729, 0.0 ] ] ] } },
{ "type": "Feature", "properties": { "layer_id": "coastal_zone_3km", "label": "Coastal zone 3 km", "tooltip_title": "Source layer: Coastal zone 3 km", "tooltip_body": "Kystnaerhedszonen 3 km planning-zone polygon from Miljoeministeriet / PLST.<br>Clipped to Bornholm DAGI Landsdel landmass." }, "geometry": { "type": "Polygon", "coordinates": [ [ [ 14.869237490675784, 55.239833990601824, 0.0 ], [ 14.868980454864936, 55.239629969400283, 0.0 ], [ 14.869029218757056, 55.239866097344539, 0.0 ], [ 14.869237490675784, 55.239833990601824, 0.0 ] ] ] } },
{ "type": "Feature", "properties": { "layer_id": "coastal_zone_3km", "label": "Coastal zone 3 km", "tooltip_title": "Source layer: Coastal zone 3 km", "tooltip_body": "Kystnaerhedszonen 3 km planning-zone polygon from Miljoeministeriet / PLST.<br>Clipped to Bornholm DAGI Landsdel landmass." }, "geometry": { "type": "Polygon", "coordinates": [ [ [ 14.853440583225904, 55.243157115738896, 0.0 ], [ 14.853644736032097, 55.243113981518739, 0.0 ], [ 14.853485923895091, 55.243067068502718, 0.0 ], [ 14.853440583225904, 55.243157115738896, 0.0 ] ] ] } },
{ "type": "Feature", "properties": { "layer_id": "coastal_zone_3km", "label": "Coastal zone 3 km", "tooltip_title": "Source layer: Coastal zone 3 km", "tooltip_body": "Kystnaerhedszonen 3 km planning-zone polygon from Miljoeministeriet / PLST.<br>Clipped to Bornholm DAGI Landsdel landmass." }, "geometry": { "type": "Polygon", "coordinates": [ [ [ 14.816061368182535, 55.265692135548711, 0.0 ], [ 14.816065880707978, 55.26554977227137, 0.0 ], [ 14.815944918879399, 55.265703283176151, 0.0 ], [ 14.816061368182535, 55.265692135548711, 0.0 ] ] ] } },
{ "type": "Feature", "properties": { "layer_id": "coastal_zone_3km", "label": "Coastal zone 3 km", "tooltip_title": "Source layer: Coastal zone 3 km", "tooltip_body": "Kystnaerhedszonen 3 km planning-zone polygon from Miljoeministeriet / PLST.<br>Clipped to Bornholm DAGI Landsdel landmass." }, "geometry": { "type": "Polygon", "coordinates": [ [ [ 15.145625459376895, 55.115296505046025, 0.0 ], [ 15.145900165045438, 55.115441972653286, 0.0 ], [ 15.145924040937237, 55.115326769692452, 0.0 ], [ 15.145625459376895, 55.115296505046025, 0.0 ] ] ] } },
{ "type": "Feature", "properties": { "layer_id": "coastal_zone_3km", "label": "Coastal zone 3 km", "tooltip_title": "Source layer: Coastal zone 3 km", "tooltip_body": "Kystnaerhedszonen 3 km planning-zone polygon from Miljoeministeriet / PLST.<br>Clipped to Bornholm DAGI Landsdel landmass." }, "geometry": { "type": "Polygon", "coordinates": [ [ [ 15.148866547655448, 55.105095648661532, 0.0 ], [ 15.148918422491416, 55.105135700935449, 0.0 ], [ 15.148926300809205, 55.105112430907027, 0.0 ], [ 15.148866547655448, 55.105095648661532, 0.0 ] ] ] } },
{ "type": "Feature", "properties": { "layer_id": "coastal_zone_3km", "label": "Coastal zone 3 km", "tooltip_title": "Source layer: Coastal zone 3 km", "tooltip_body": "Kystnaerhedszonen 3 km planning-zone polygon from Miljoeministeriet / PLST.<br>Clipped to Bornholm DAGI Landsdel landmass." }, "geometry": { "type": "Polygon", "coordinates": [ [ [ 15.150560411819722, 55.095941233114466, 0.0 ], [ 15.150667492359263, 55.09599622491227, 0.0 ], [ 15.150676611874585, 55.095924988922953, 0.0 ], [ 15.150560411819722, 55.095941233114466, 0.0 ] ] ] } },
{ "type": "Feature", "properties": { "layer_id": "coastal_zone_3km", "label": "Coastal zone 3 km", "tooltip_title": "Source layer: Coastal zone 3 km", "tooltip_body": "Kystnaerhedszonen 3 km planning-zone polygon from Miljoeministeriet / PLST.<br>Clipped to Bornholm DAGI Landsdel landmass." }, "geometry": { "type": "Polygon", "coordinates": [ [ [ 15.149545901472896, 55.097621342150617, 0.0 ], [ 15.149596188456794, 55.097714329549206, 0.0 ], [ 15.14964560279526, 55.097635559235677, 0.0 ], [ 15.149545901472896, 55.097621342150617, 0.0 ] ] ] } },
{ "type": "Feature", "properties": { "layer_id": "coastal_zone_3km", "label": "Coastal zone 3 km", "tooltip_title": "Source layer: Coastal zone 3 km", "tooltip_body": "Kystnaerhedszonen 3 km planning-zone polygon from Miljoeministeriet / PLST.<br>Clipped to Bornholm DAGI Landsdel landmass." }, "geometry": { "type": "Polygon", "coordinates": [ [ [ 15.148995456556342, 55.105750663155263, 0.0 ], [ 15.14906830214934, 55.105731125072744, 0.0 ], [ 15.149006387168374, 55.105725797801121, 0.0 ], [ 15.148995456556342, 55.105750663155263, 0.0 ] ] ] } },
{ "type": "Feature", "properties": { "layer_id": "coastal_zone_3km", "label": "Coastal zone 3 km", "tooltip_title": "Source layer: Coastal zone 3 km", "tooltip_body": "Kystnaerhedszonen 3 km planning-zone polygon from Miljoeministeriet / PLST.<br>Clipped to Bornholm DAGI Landsdel landmass." }, "geometry": { "type": "Polygon", "coordinates": [ [ [ 15.149812347281634, 55.098048150517272, 0.0 ], [ 15.14990330516247, 55.098018869525021, 0.0 ], [ 15.149816454254704, 55.098012645566797, 0.0 ], [ 15.149812347281634, 55.098048150517272, 0.0 ] ] ] } },
{ "type": "Feature", "properties": { "layer_id": "coastal_zone_3km", "label": "Coastal zone 3 km", "tooltip_title": "Source layer: Coastal zone 3 km", "tooltip_body": "Kystnaerhedszonen 3 km planning-zone polygon from Miljoeministeriet / PLST.<br>Clipped to Bornholm DAGI Landsdel landmass." }, "geometry": { "type": "Polygon", "coordinates": [ [ [ 15.146225979749707, 55.102902329806568, 0.0 ], [ 15.14629207567808, 55.102915460451861, 0.0 ], [ 15.146232242935568, 55.102888956435258, 0.0 ], [ 15.146225979749707, 55.102902329806568, 0.0 ] ] ] } },
{ "type": "Feature", "properties": { "layer_id": "coastal_zone_3km", "label": "Coastal zone 3 km", "tooltip_title": "Source layer: Coastal zone 3 km", "tooltip_body": "Kystnaerhedszonen 3 km planning-zone polygon from Miljoeministeriet / PLST.<br>Clipped to Bornholm DAGI Landsdel landmass." }, "geometry": { "type": "Polygon", "coordinates": [ [ [ 15.156911902814915, 55.084429565273183, 0.0 ], [ 15.156978047588867, 55.084237568157107, 0.0 ], [ 15.156850729197513, 55.08415704668078, 0.0 ], [ 15.156694190752054, 55.084250440679298, 0.0 ], [ 15.156911902814915, 55.084429565273183, 0.0 ] ] ] } },
{ "type": "Feature", "properties": { "layer_id": "coastal_zone_3km", "label": "Coastal zone 3 km", "tooltip_title": "Source layer: Coastal zone 3 km", "tooltip_body": "Kystnaerhedszonen 3 km planning-zone polygon from Miljoeministeriet / PLST.<br>Clipped to Bornholm DAGI Landsdel landmass." }, "geometry": { "type": "Polygon", "coordinates": [ [ [ 15.128242418323795, 55.055501829386841, 0.0 ], [ 15.128241658607624, 55.055359782152301, 0.0 ], [ 15.128073040723359, 55.055570534427339, 0.0 ], [ 15.128242418323795, 55.055501829386841, 0.0 ] ] ] } },
{ "type": "Feature", "properties": { "layer_id": "coastal_zone_3km", "label": "Coastal zone 3 km", "tooltip_title": "Source layer: Coastal zone 3 km", "tooltip_body": "Kystnaerhedszonen 3 km planning-zone polygon from Miljoeministeriet / PLST.<br>Clipped to Bornholm DAGI Landsdel landmass." }, "geometry": { "type": "Polygon", "coordinates": [ [ [ 14.875776209621545, 55.236787036103344, 0.0 ], [ 14.87603201694124, 55.236834635382806, 0.0 ], [ 14.876048350990271, 55.23676614575993, 0.0 ], [ 14.875776209621545, 55.236787036103344, 0.0 ] ] ] } },
{ "type": "Feature", "properties": { "layer_id": "coastal_zone_3km", "label": "Coastal zone 3 km", "tooltip_title": "Source layer: Coastal zone 3 km", "tooltip_body": "Kystnaerhedszonen 3 km planning-zone polygon from Miljoeministeriet / PLST.<br>Clipped to Bornholm DAGI Landsdel landmass." }, "geometry": { "type": "Polygon", "coordinates": [ [ [ 14.870218780975906, 55.239098738193235, 0.0 ], [ 14.870225321456521, 55.239275145269644, 0.0 ], [ 14.870315276046838, 55.239073644764673, 0.0 ], [ 14.870218780975906, 55.239098738193235, 0.0 ] ] ] } },
{ "type": "Feature", "properties": { "layer_id": "coastal_zone_3km", "label": "Coastal zone 3 km", "tooltip_title": "Source layer: Coastal zone 3 km", "tooltip_body": "Kystnaerhedszonen 3 km planning-zone polygon from Miljoeministeriet / PLST.<br>Clipped to Bornholm DAGI Landsdel landmass." }, "geometry": { "type": "Polygon", "coordinates": [ [ [ 14.871994291235479, 55.238789944095089, 0.0 ], [ 14.872103068857134, 55.238915051390947, 0.0 ], [ 14.872073647404731, 55.238742719795766, 0.0 ], [ 14.871994291235479, 55.238789944095089, 0.0 ] ] ] } },
{ "type": "Feature", "properties": { "layer_id": "coastal_zone_3km", "label": "Coastal zone 3 km", "tooltip_title": "Source layer: Coastal zone 3 km", "tooltip_body": "Kystnaerhedszonen 3 km planning-zone polygon from Miljoeministeriet / PLST.<br>Clipped to Bornholm DAGI Landsdel landmass." }, "geometry": { "type": "Polygon", "coordinates": [ [ [ 14.866586856863574, 55.240475652394252, 0.0 ], [ 14.866800019098722, 55.240358238881896, 0.0 ], [ 14.86671686683937, 55.240298780933387, 0.0 ], [ 14.866586856863574, 55.240475652394252, 0.0 ] ] ] } },
{ "type": "Feature", "properties": { "layer_id": "coastal_zone_3km", "label": "Coastal zone 3 km", "tooltip_title": "Source layer: Coastal zone 3 km", "tooltip_body": "Kystnaerhedszonen 3 km planning-zone polygon from Miljoeministeriet / PLST.<br>Clipped to Bornholm DAGI Landsdel landmass." }, "geometry": { "type": "Polygon", "coordinates": [ [ [ 15.12788697873245, 55.055806658994207, 0.0 ], [ 15.127924890730696, 55.055660046902297, 0.0 ], [ 15.12781620079731, 55.055818698539007, 0.0 ], [ 15.12788697873245, 55.055806658994207, 0.0 ] ] ] } },
{ "type": "Feature", "properties": { "layer_id": "coastal_zone_3km", "label": "Coastal zone 3 km", "tooltip_title": "Source layer: Coastal zone 3 km", "tooltip_body": "Kystnaerhedszonen 3 km planning-zone polygon from Miljoeministeriet / PLST.<br>Clipped to Bornholm DAGI Landsdel landmass." }, "geometry": { "type": "Polygon", "coordinates": [ [ [ 15.122749437967105, 55.025751553028208, 0.0 ], [ 15.123455795755799, 55.025097749400295, 0.0 ], [ 15.123046797965303, 55.024561499212503, 0.0 ], [ 15.123251021044869, 55.025074685575078, 0.0 ], [ 15.122749437967105, 55.025751553028208, 0.0 ] ] ] } },
{ "type": "Feature", "properties": { "layer_id": "coastal_zone_3km", "label": "Coastal zone 3 km", "tooltip_title": "Source layer: Coastal zone 3 km", "tooltip_body": "Kystnaerhedszonen 3 km planning-zone polygon from Miljoeministeriet / PLST.<br>Clipped to Bornholm DAGI Landsdel landmass." }, "geometry": { "type": "Polygon", "coordinates": [ [ [ 14.857391187110391, 55.241690815275824, 0.0 ], [ 14.857732973134679, 55.241708115321828, 0.0 ], [ 14.857422321527491, 55.241602800818839, 0.0 ], [ 14.857391187110391, 55.241690815275824, 0.0 ] ] ] } },
{ "type": "Feature", "properties": { "layer_id": "coastal_zone_3km", "label": "Coastal zone 3 km", "tooltip_title": "Source layer: Coastal zone 3 km", "tooltip_body": "Kystnaerhedszonen 3 km planning-zone polygon from Miljoeministeriet / PLST.<br>Clipped to Bornholm DAGI Landsdel landmass." }, "geometry": { "type": "Polygon", "coordinates": [ [ [ 14.856495769567154, 55.242276339468155, 0.0 ], [ 14.856352748428787, 55.242037364463151, 0.0 ], [ 14.856311496516796, 55.242047182916217, 0.0 ], [ 14.856495769567154, 55.242276339468155, 0.0 ] ] ] } },
{ "type": "Feature", "properties": { "layer_id": "coastal_zone_3km", "label": "Coastal zone 3 km", "tooltip_title": "Source layer: Coastal zone 3 km", "tooltip_body": "Kystnaerhedszonen 3 km planning-zone polygon from Miljoeministeriet / PLST.<br>Clipped to Bornholm DAGI Landsdel landmass." }, "geometry": { "type": "Polygon", "coordinates": [ [ [ 14.853941830235678, 55.2432363429498, 0.0 ], [ 14.853826828119884, 55.243205507138669, 0.0 ], [ 14.85370733463848, 55.243120691760303, 0.0 ], [ 14.853774169053187, 55.243209571849192, 0.0 ], [ 14.853941830235678, 55.2432363429498, 0.0 ] ] ] } },
{ "type": "Feature", "properties": { "layer_id": "coastal_zone_3km", "label": "Coastal zone 3 km", "tooltip_title": "Source layer: Coastal zone 3 km", "tooltip_body": "Kystnaerhedszonen 3 km planning-zone polygon from Miljoeministeriet / PLST.<br>Clipped to Bornholm DAGI Landsdel landmass." }, "geometry": { "type": "Polygon", "coordinates": [ [ [ 14.765654953856801, 55.29620119554432, 0.0 ], [ 14.765909385732755, 55.296206248543029, 0.0 ], [ 14.765578940052469, 55.296167797169119, 0.0 ], [ 14.765654953856801, 55.29620119554432, 0.0 ] ] ] } },
{ "type": "Feature", "properties": { "layer_id": "coastal_zone_3km", "label": "Coastal zone 3 km", "tooltip_title": "Source layer: Coastal zone 3 km", "tooltip_body": "Kystnaerhedszonen 3 km planning-zone polygon from Miljoeministeriet / PLST.<br>Clipped to Bornholm DAGI Landsdel landmass." }, "geometry": { "type": "Polygon", "coordinates": [ [ [ 15.112748432864681, 55.146541205204109, 0.0 ], [ 15.112297423413301, 55.146813949034652, 0.0 ], [ 15.113030916021689, 55.1465246451775, 0.0 ], [ 15.112748432864681, 55.146541205204109, 0.0 ] ] ] } },
{ "type": "Feature", "properties": { "layer_id": "coastal_zone_3km", "label": "Coastal zone 3 km", "tooltip_title": "Source layer: Coastal zone 3 km", "tooltip_body": "Kystnaerhedszonen 3 km planning-zone polygon from Miljoeministeriet / PLST.<br>Clipped to Bornholm DAGI Landsdel landmass." }, "geometry": { "type": "Polygon", "coordinates": [ [ [ 15.112157589068596, 55.146388250726979, 0.0 ], [ 15.111997720307567, 55.146475442626119, 0.0 ], [ 15.11221646679623, 55.146467674767258, 0.0 ], [ 15.112157589068596, 55.146388250726979, 0.0 ] ] ] } },
{ "type": "Feature", "properties": { "layer_id": "coastal_zone_3km", "label": "Coastal zone 3 km", "tooltip_title": "Source layer: Coastal zone 3 km", "tooltip_body": "Kystnaerhedszonen 3 km planning-zone polygon from Miljoeministeriet / PLST.<br>Clipped to Bornholm DAGI Landsdel landmass." }, "geometry": { "type": "Polygon", "coordinates": [ [ [ 15.111915480847278, 55.1463574862399, 0.0 ], [ 15.112273630239448, 55.146352516807688, 0.0 ], [ 15.112281696898133, 55.146285210476158, 0.0 ], [ 15.111915480847278, 55.1463574862399, 0.0 ] ] ] } },
{ "type": "Feature", "properties": { "layer_id": "coastal_zone_3km", "label": "Coastal zone 3 km", "tooltip_title": "Source layer: Coastal zone 3 km", "tooltip_body": "Kystnaerhedszonen 3 km planning-zone polygon from Miljoeministeriet / PLST.<br>Clipped to Bornholm DAGI Landsdel landmass." }, "geometry": { "type": "Polygon", "coordinates": [ [ [ 15.11173143858294, 55.146590956166733, 0.0 ], [ 15.111170248714462, 55.14673426328293, 0.0 ], [ 15.111207176830485, 55.1468243366255, 0.0 ], [ 15.111968715007048, 55.146881725867793, 0.0 ], [ 15.11173143858294, 55.146590956166733, 0.0 ] ] ] } },
{ "type": "Feature", "properties": { "layer_id": "coastal_zone_3km", "label": "Coastal zone 3 km", "tooltip_title": "Source layer: Coastal zone 3 km", "tooltip_body": "Kystnaerhedszonen 3 km planning-zone polygon from Miljoeministeriet / PLST.<br>Clipped to Bornholm DAGI Landsdel landmass." }, "geometry": { "type": "Polygon", "coordinates": [ [ [ 15.112679450961698, 55.146333441523957, 0.0 ], [ 15.112518745695334, 55.146507385577628, 0.0 ], [ 15.112739335570536, 55.14635077650891, 0.0 ], [ 15.112679450961698, 55.146333441523957, 0.0 ] ] ] } },
{ "type": "Feature", "properties": { "layer_id": "coastal_zone_3km", "label": "Coastal zone 3 km", "tooltip_title": "Source layer: Coastal zone 3 km", "tooltip_body": "Kystnaerhedszonen 3 km planning-zone polygon from Miljoeministeriet / PLST.<br>Clipped to Bornholm DAGI Landsdel landmass." }, "geometry": { "type": "Polygon", "coordinates": [ [ [ 14.780373949383463, 55.051170039593082, 0.0 ], [ 14.780868138068438, 55.05112955303256, 0.0 ], [ 14.780327132458842, 55.050932901991452, 0.0 ], [ 14.780870641511314, 55.050837692918016, 0.0 ], [ 14.781189040907885, 55.05114513563327, 0.0 ], [ 14.781016326464364, 55.050785741296032, 0.0 ], [ 14.780177483337782, 55.050826153220903, 0.0 ], [ 14.780373949383463, 55.051170039593082, 0.0 ] ] ] } },
{ "type": "Feature", "properties": { "layer_id": "coastal_zone_3km", "label": "Coastal zone 3 km", "tooltip_title": "Source layer: Coastal zone 3 km", "tooltip_body": "Kystnaerhedszonen 3 km planning-zone polygon from Miljoeministeriet / PLST.<br>Clipped to Bornholm DAGI Landsdel landmass." }, "geometry": { "type": "Polygon", "coordinates": [ [ [ 14.988645065018716, 55.197844907875144, 0.0 ], [ 14.988392157979764, 55.197865021691143, 0.0 ], [ 14.988629079186087, 55.197966610729708, 0.0 ], [ 14.988645065018716, 55.197844907875144, 0.0 ] ] ] } },
{ "type": "Feature", "properties": { "layer_id": "coastal_zone_3km", "label": "Coastal zone 3 km", "tooltip_title": "Source layer: Coastal zone 3 km", "tooltip_body": "Kystnaerhedszonen 3 km planning-zone polygon from Miljoeministeriet / PLST.<br>Clipped to Bornholm DAGI Landsdel landmass." }, "geometry": { "type": "Polygon", "coordinates": [ [ [ 14.962208212978183, 55.214362907786999, 0.0 ], [ 14.962049313364725, 55.2144740573655, 0.0 ], [ 14.96212665682984, 55.214499434764576, 0.0 ], [ 14.962208212978183, 55.214362907786999, 0.0 ] ] ] } },
{ "type": "Feature", "properties": { "layer_id": "coastal_zone_3km", "label": "Coastal zone 3 km", "tooltip_title": "Source layer: Coastal zone 3 km", "tooltip_body": "Kystnaerhedszonen 3 km planning-zone polygon from Miljoeministeriet / PLST.<br>Clipped to Bornholm DAGI Landsdel landmass." }, "geometry": { "type": "Polygon", "coordinates": [ [ [ 15.006953707583632, 55.185992199100767, 0.0 ], [ 15.007402279045811, 55.18629613057707, 0.0 ], [ 15.007580960984422, 55.186289368123369, 0.0 ], [ 15.006953707583632, 55.185992199100767, 0.0 ] ] ] } },
{ "type": "Feature", "properties": { "layer_id": "coastal_zone_3km", "label": "Coastal zone 3 km", "tooltip_title": "Source layer: Coastal zone 3 km", "tooltip_body": "Kystnaerhedszonen 3 km planning-zone polygon from Miljoeministeriet / PLST.<br>Clipped to Bornholm DAGI Landsdel landmass." }, "geometry": { "type": "Polygon", "coordinates": [ [ [ 15.006421288202604, 55.186337689066249, 0.0 ], [ 15.006882025544829, 55.18647832843677, 0.0 ], [ 15.006396610881408, 55.186255536672341, 0.0 ], [ 15.006421288202604, 55.186337689066249, 0.0 ] ] ] } },
{ "type": "Feature", "properties": { "layer_id": "coastal_zone_3km", "label": "Coastal zone 3 km", "tooltip_title": "Source layer: Coastal zone 3 km", "tooltip_body": "Kystnaerhedszonen 3 km planning-zone polygon from Miljoeministeriet / PLST.<br>Clipped to Bornholm DAGI Landsdel landmass." }, "geometry": { "type": "Polygon", "coordinates": [ [ [ 15.005357559437542, 55.187580338547903, 0.0 ], [ 15.005089316321795, 55.187477539443158, 0.0 ], [ 15.004991978770533, 55.187601014931147, 0.0 ], [ 15.005357559437542, 55.187580338547903, 0.0 ] ] ] } },
{ "type": "Feature", "properties": { "layer_id": "coastal_zone_3km", "label": "Coastal zone 3 km", "tooltip_title": "Source layer: Coastal zone 3 km", "tooltip_body": "Kystnaerhedszonen 3 km planning-zone polygon from Miljoeministeriet / PLST.<br>Clipped to Bornholm DAGI Landsdel landmass." }, "geometry": { "type": "Polygon", "coordinates": [ [ [ 15.001572293793418, 55.188972446201561, 0.0 ], [ 15.001337754777424, 55.189052364738934, 0.0 ], [ 15.001605749252954, 55.188988710850793, 0.0 ], [ 15.001572293793418, 55.188972446201561, 0.0 ] ] ] } },
{ "type": "Feature", "properties": { "layer_id": "coastal_zone_3km", "label": "Coastal zone 3 km", "tooltip_title": "Source layer: Coastal zone 3 km", "tooltip_body": "Kystnaerhedszonen 3 km planning-zone polygon from Miljoeministeriet / PLST.<br>Clipped to Bornholm DAGI Landsdel landmass." }, "geometry": { "type": "Polygon", "coordinates": [ [ [ 15.019534113370085, 55.179367191526936, 0.0 ], [ 15.019460798977297, 55.179501374866142, 0.0 ], [ 15.01965720254255, 55.179401879688299, 0.0 ], [ 15.019534113370085, 55.179367191526936, 0.0 ] ] ] } },
{ "type": "Feature", "properties": { "layer_id": "coastal_zone_3km", "label": "Coastal zone 3 km", "tooltip_title": "Source layer: Coastal zone 3 km", "tooltip_body": "Kystnaerhedszonen 3 km planning-zone polygon from Miljoeministeriet / PLST.<br>Clipped to Bornholm DAGI Landsdel landmass." }, "geometry": { "type": "Polygon", "coordinates": [ [ [ 15.096746662021921, 55.150008509257574, 0.0 ], [ 15.096179865942297, 55.150094766349291, 0.0 ], [ 15.096777197908956, 55.150042632176451, 0.0 ], [ 15.096746662021921, 55.150008509257574, 0.0 ] ] ] } },
{ "type": "Feature", "properties": { "layer_id": "coastal_zone_3km", "label": "Coastal zone 3 km", "tooltip_title": "Source layer: Coastal zone 3 km", "tooltip_body": "Kystnaerhedszonen 3 km planning-zone polygon from Miljoeministeriet / PLST.<br>Clipped to Bornholm DAGI Landsdel landmass." }, "geometry": { "type": "Polygon", "coordinates": [ [ [ 15.100297141859043, 55.149241992664123, 0.0 ], [ 15.100138768262681, 55.1494182325333, 0.0 ], [ 15.100450046805721, 55.149425287363954, 0.0 ], [ 15.100297141859043, 55.149241992664123, 0.0 ] ] ] } },
{ "type": "Feature", "properties": { "layer_id": "coastal_zone_3km", "label": "Coastal zone 3 km", "tooltip_title": "Source layer: Coastal zone 3 km", "tooltip_body": "Kystnaerhedszonen 3 km planning-zone polygon from Miljoeministeriet / PLST.<br>Clipped to Bornholm DAGI Landsdel landmass." }, "geometry": { "type": "Polygon", "coordinates": [ [ [ 15.099865563262233, 55.149196770016381, 0.0 ], [ 15.099134678793433, 55.149520434705821, 0.0 ], [ 15.098960968769845, 55.149826560478459, 0.0 ], [ 15.099872023637003, 55.14951410699684, 0.0 ], [ 15.099865563262233, 55.149196770016381, 0.0 ] ] ] } },
{ "type": "Feature", "properties": { "layer_id": "coastal_zone_3km", "label": "Coastal zone 3 km", "tooltip_title": "Source layer: Coastal zone 3 km", "tooltip_body": "Kystnaerhedszonen 3 km planning-zone polygon from Miljoeministeriet / PLST.<br>Clipped to Bornholm DAGI Landsdel landmass." }, "geometry": { "type": "Polygon", "coordinates": [ [ [ 14.971340500267443, 55.213871837617759, 0.0 ], [ 14.971910228208653, 55.213492634660007, 0.0 ], [ 14.97116174788208, 55.213390569701701, 0.0 ], [ 14.971340500267443, 55.213871837617759, 0.0 ] ] ] } },
{ "type": "Feature", "properties": { "layer_id": "coastal_zone_3km", "label": "Coastal zone 3 km", "tooltip_title": "Source layer: Coastal zone 3 km", "tooltip_body": "Kystnaerhedszonen 3 km planning-zone polygon from Miljoeministeriet / PLST.<br>Clipped to Bornholm DAGI Landsdel landmass." }, "geometry": { "type": "Polygon", "coordinates": [ [ [ 14.961325515058512, 55.214422039676414, 0.0 ], [ 14.960686194188185, 55.214477605625916, 0.0 ], [ 14.96107285365961, 55.214647174435392, 0.0 ], [ 14.961325515058512, 55.214422039676414, 0.0 ] ] ] } },
{ "type": "Feature", "properties": { "layer_id": "coastal_zone_3km", "label": "Coastal zone 3 km", "tooltip_title": "Source layer: Coastal zone 3 km", "tooltip_body": "Kystnaerhedszonen 3 km planning-zone polygon from Miljoeministeriet / PLST.<br>Clipped to Bornholm DAGI Landsdel landmass." }, "geometry": { "type": "Polygon", "coordinates": [ [ [ 15.077280754529404, 55.155483165654516, 0.0 ], [ 15.076939387796052, 55.155677981736588, 0.0 ], [ 15.076924165386281, 55.155748253253563, 0.0 ], [ 15.077452461323437, 55.15570777475245, 0.0 ], [ 15.077280754529404, 55.155483165654516, 0.0 ] ] ] } },
{ "type": "Feature", "properties": { "layer_id": "coastal_zone_3km", "label": "Coastal zone 3 km", "tooltip_title": "Source layer: Coastal zone 3 km", "tooltip_body": "Kystnaerhedszonen 3 km planning-zone polygon from Miljoeministeriet / PLST.<br>Clipped to Bornholm DAGI Landsdel landmass." }, "geometry": { "type": "Polygon", "coordinates": [ [ [ 15.0562894982911, 55.164423406270686, 0.0 ], [ 15.055798822544071, 55.164602462061161, 0.0 ], [ 15.055623005189613, 55.165029630827519, 0.0 ], [ 15.05599675109902, 55.164853163762579, 0.0 ], [ 15.0562894982911, 55.164423406270686, 0.0 ] ] ] } },
{ "type": "Feature", "properties": { "layer_id": "coastal_zone_3km", "label": "Coastal zone 3 km", "tooltip_title": "Source layer: Coastal zone 3 km", "tooltip_body": "Kystnaerhedszonen 3 km planning-zone polygon from Miljoeministeriet / PLST.<br>Clipped to Bornholm DAGI Landsdel landmass." }, "geometry": { "type": "Polygon", "coordinates": [ [ [ 15.072622972750601, 55.156915977496958, 0.0 ], [ 15.07288436219295, 55.157344187897429, 0.0 ], [ 15.073004759634387, 55.157360317844471, 0.0 ], [ 15.073045153076105, 55.157123027579651, 0.0 ], [ 15.072622972750601, 55.156915977496958, 0.0 ] ] ] } },
{ "type": "Feature", "properties": { "layer_id": "coastal_zone_3km", "label": "Coastal zone 3 km", "tooltip_title": "Source layer: Coastal zone 3 km", "tooltip_body": "Kystnaerhedszonen 3 km planning-zone polygon from Miljoeministeriet / PLST.<br>Clipped to Bornholm DAGI Landsdel landmass." }, "geometry": { "type": "Polygon", "coordinates": [ [ [ 15.077926697452027, 55.155113199031511, 0.0 ], [ 15.077812733591044, 55.155201017115203, 0.0 ], [ 15.078091530922066, 55.155137184559244, 0.0 ], [ 15.077926697452027, 55.155113199031511, 0.0 ] ] ] } },
{ "type": "Feature", "properties": { "layer_id": "coastal_zone_3km", "label": "Coastal zone 3 km", "tooltip_title": "Source layer: Coastal zone 3 km", "tooltip_body": "Kystnaerhedszonen 3 km planning-zone polygon from Miljoeministeriet / PLST.<br>Clipped to Bornholm DAGI Landsdel landmass." }, "geometry": { "type": "Polygon", "coordinates": [ [ [ 14.880281875951875, 55.233773741743185, 0.0 ], [ 14.880537245664398, 55.233713139314411, 0.0 ], [ 14.880254709977162, 55.233721128810693, 0.0 ], [ 14.880281875951875, 55.233773741743185, 0.0 ] ] ] } },
{ "type": "Feature", "properties": { "layer_id": "coastal_zone_3km", "label": "Coastal zone 3 km", "tooltip_title": "Source layer: Coastal zone 3 km", "tooltip_body": "Kystnaerhedszonen 3 km planning-zone polygon from Miljoeministeriet / PLST.<br>Clipped to Bornholm DAGI Landsdel landmass." }, "geometry": { "type": "Polygon", "coordinates": [ [ [ 14.808687040924923, 55.050316586735022, 0.0 ], [ 14.806741925733405, 55.050984036749057, 0.0 ], [ 14.804456218541333, 55.051323408860256, 0.0 ], [ 14.80101023172727, 55.05276950039886, 0.0 ], [ 14.794229000674186, 55.053900553639288, 0.0 ], [ 14.789697171646496, 55.053904111176024, 0.0 ], [ 14.79000247973201, 55.053969334473834, 0.0 ], [ 14.789856136378322, 55.05408389381595, 0.0 ], [ 14.777034528571789, 55.052349918089675, 0.0 ], [ 14.772677809588151, 55.053970591517924, 0.0 ], [ 14.765710816438753, 55.057695699485272, 0.0 ], [ 14.761902838821385, 55.058300199266526, 0.0 ], [ 14.756371993015769, 55.06137761236949, 0.0 ], [ 14.753049612735444, 55.062224167607788, 0.0 ], [ 14.751392776127004, 55.062279020998147, 0.0 ], [ 14.751186782965855, 55.062873913705985, 0.0 ], [ 14.750296091871334, 55.063300504079464, 0.0 ], [ 14.748392677584391, 55.063531194263987, 0.0 ], [ 14.746407616666296, 55.063247475347019, 0.0 ], [ 14.744744055814213, 55.063569003140557, 0.0 ], [ 14.743178875016929, 55.064481948315141, 0.0 ], [ 14.740984524038343, 55.066716383737017, 0.0 ], [ 14.737615408173905, 55.067445693847176, 0.0 ], [ 14.7362771116624, 55.068027559641045, 0.0 ], [ 14.735696125272618, 55.068682630685011, 0.0 ], [ 14.735605829629865, 55.069958780056645, 0.0 ], [ 14.734082459479021, 55.070754870516517, 0.0 ], [ 14.734155606287025, 55.071286579106257, 0.0 ], [ 14.72808741516438, 55.077088371692852, 0.0 ], [ 14.72464120207627, 55.079266008682055, 0.0 ], [ 14.722871394966141, 55.079692876440156, 0.0 ], [ 14.721558669298304, 55.080409279267016, 0.0 ], [ 14.719836333036664, 55.080456956139749, 0.0 ], [ 14.720036747256357, 55.080639162271495, 0.0 ], [ 14.718548347548646, 55.081092402446203, 0.0 ], [ 14.715773502867911, 55.081012439646571, 0.0 ], [ 14.713698986631858, 55.08161941853011, 0.0 ], [ 14.712587626409228, 55.0814794415828, 0.0 ], [ 14.711915117733081, 55.080997802965875, 0.0 ], [ 14.712007944179865, 55.081291484897839, 0.0 ], [ 14.710701806743193, 55.081429899014964, 0.0 ], [ 14.709340431613775, 55.082301841472116, 0.0 ], [ 14.707509267465042, 55.082631803208905, 0.0 ], [ 14.705427750839393, 55.083527380784183, 0.0 ], [ 14.70271838649429, 55.087155368369743, 0.0 ], [ 14.70092350052964, 55.088375861964714, 0.0 ], [ 14.699606488833268, 55.087918565783383, 0.0 ], [ 14.695411162994864, 55.090552113414923, 0.0 ], [ 14.694223734302517, 55.089857786189171, 0.0 ], [ 14.691154580259822, 55.09112500734917, 0.0 ], [ 14.689757507308014, 55.092248360925275, 0.0 ], [ 14.681500155658682, 55.093251452602338, 0.0 ], [ 14.681542619719922, 55.093549940109078, 0.0 ], [ 14.682399005101654, 55.093162852333428, 0.0 ], [ 14.689069732824592, 55.092463232349743, 0.0 ], [ 14.68643262636259, 55.095048627706916, 0.0 ], [ 14.688522986390872, 55.094220319916992, 0.0 ], [ 14.689111473332984, 55.093077981227033, 0.0 ], [ 14.689692848618094, 55.09315731954284, 0.0 ], [ 14.69094148120552, 55.095181972363434, 0.0 ], [ 14.692600828315109, 55.095873834426335, 0.0 ], [ 14.691671419920674, 55.094301240351164, 0.0 ], [ 14.692526243026059, 55.094001738628734, 0.0 ], [ 14.691636661937176, 55.094195029422565, 0.0 ], [ 14.69139346521837, 55.093849872233498, 0.0 ], [ 14.69314633289645, 55.093098421114156, 0.0 ], [ 14.693850286890104, 55.093427550356751, 0.0 ], [ 14.692851272754369, 55.094047711537243, 0.0 ], [ 14.692969369356142, 55.094108697033782, 0.0 ], [ 14.693838829618688, 55.093542049137675, 0.0 ], [ 14.695598943346889, 55.094107441260611, 0.0 ], [ 14.695522626258606, 55.09458595121837, 0.0 ], [ 14.693435017516597, 55.095417314517171, 0.0 ], [ 14.694282697498918, 55.095958174343522, 0.0 ], [ 14.697144020174532, 55.094783627984917, 0.0 ], [ 14.697452420819024, 55.095374162877505, 0.0 ], [ 14.698460906020978, 55.095393720923894, 0.0 ], [ 14.697965105779103, 55.097013443451225, 0.0 ], [ 14.696092483797576, 55.098159544005846, 0.0 ], [ 14.696029192087208, 55.098513669700978, 0.0 ], [ 14.696647980263544, 55.098423249881201, 0.0 ], [ 14.696066898667576, 55.098763678782838, 0.0 ], [ 14.695342886838626, 55.098346473607158, 0.0 ], [ 14.696107957238477, 55.098022622265255, 0.0 ], [ 14.696078880582515, 55.097928838151923, 0.0 ], [ 14.694877889287453, 55.098385925871931, 0.0 ], [ 14.69254318208176, 55.098107696275484, 0.0 ], [ 14.694808815281435, 55.098794242049536, 0.0 ], [ 14.694001853258795, 55.0998361341357, 0.0 ], [ 14.693160841880717, 55.099861164406512, 0.0 ], [ 14.692742751853432, 55.099050539329788, 0.0 ], [ 14.692049103874862, 55.099121403511148, 0.0 ], [ 14.691787138133529, 55.099803318484568, 0.0 ], [ 14.691112399922478, 55.099773461914062, 0.0 ], [ 14.691209308105496, 55.097511657697382, 0.0 ], [ 14.690647841189673, 55.097547153680992, 0.0 ], [ 14.690729122273273, 55.098000719893079, 0.0 ], [ 14.689884017419557, 55.098154284040803, 0.0 ], [ 14.689676643648058, 55.09968771466378, 0.0 ], [ 14.688000758846593, 55.099611128360387, 0.0 ], [ 14.687302582039372, 55.097235615047573, 0.0 ], [ 14.688594259362825, 55.096621416941197, 0.0 ], [ 14.685773585524394, 55.097515157332232, 0.0 ], [ 14.685165848580116, 55.096767040168601, 0.0 ], [ 14.68543392800127, 55.095662137897371, 0.0 ], [ 14.684986293915141, 55.09699211645313, 0.0 ], [ 14.682536635206906, 55.097322368971483, 0.0 ], [ 14.681116093013239, 55.094570068263046, 0.0 ], [ 14.680701105616, 55.094821815742826, 0.0 ], [ 14.683932685969818, 55.100814209005385, 0.0 ], [ 14.685578987786306, 55.102721103702088, 0.0 ], [ 14.694312604891916, 55.10664764227613, 0.0 ], [ 14.690815425542642, 55.104422616051465, 0.0 ], [ 14.69231248718318, 55.104069438479748, 0.0 ], [ 14.694240185003196, 55.105027221196664, 0.0 ], [ 14.693599727416769, 55.104184895998998, 0.0 ], [ 14.692195913757395, 55.10393015557532, 0.0 ], [ 14.691774629277695, 55.103495946873487, 0.0 ], [ 14.692533403825262, 55.103263603448347, 0.0 ], [ 14.693601023710594, 55.104123533663774, 0.0 ], [ 14.693753582441962, 55.10375334234454, 0.0 ], [ 14.69309091160115, 55.103374833823935, 0.0 ], [ 14.693544365833127, 55.103248524609306, 0.0 ], [ 14.694225057296425, 55.104481005063043, 0.0 ], [ 14.696279822600891, 55.104688159216956, 0.0 ], [ 14.699423666927025, 55.107003882930051, 0.0 ], [ 14.700883123624179, 55.110592154968082, 0.0 ], [ 14.700174317772159, 55.112255729210972, 0.0 ], [ 14.701420311970294, 55.11276300176057, 0.0 ], [ 14.702554088741984, 55.114294709026439, 0.0 ], [ 14.702181470519633, 55.116058902451293, 0.0 ], [ 14.699491890870322, 55.119917352373157, 0.0 ], [ 14.698863510527733, 55.12164501261698, 0.0 ], [ 14.70314334597558, 55.124915389163633, 0.0 ], [ 14.705896247395852, 55.127896664167203, 0.0 ], [ 14.70699170409554, 55.13017378063293, 0.0 ], [ 14.70767807795608, 55.135168123105821, 0.0 ], [ 14.706789587638756, 55.142142755891413, 0.0 ], [ 14.705694181784807, 55.146305758569035, 0.0 ], [ 14.704228236772337, 55.148421768901237, 0.0 ], [ 14.705181831453872, 55.149625091436505, 0.0 ], [ 14.704590552785914, 55.150749806546472, 0.0 ], [ 14.705652392882351, 55.154219189729602, 0.0 ], [ 14.704027694170371, 55.160680049031384, 0.0 ], [ 14.706385714799183, 55.165014869505022, 0.0 ], [ 14.706245928835214, 55.168569748700648, 0.0 ], [ 14.705424519176628, 55.169823999333133, 0.0 ], [ 14.705709310073967, 55.17079965364973, 0.0 ], [ 14.704994026381113, 55.173698399950219, 0.0 ], [ 14.703833969632315, 55.174983113441982, 0.0 ], [ 14.702577818815318, 55.177466403766715, 0.0 ], [ 14.702378917163243, 55.181069771142795, 0.0 ], [ 14.701986559654461, 55.181593354073705, 0.0 ], [ 14.700401451328865, 55.181655544514022, 0.0 ], [ 14.70043683685795, 55.183431637329157, 0.0 ], [ 14.70148710806847, 55.183611926308288, 0.0 ], [ 14.70181776547312, 55.18606937546204, 0.0 ], [ 14.69997562536587, 55.186841605444862, 0.0 ], [ 14.698254380747992, 55.188709139476366, 0.0 ], [ 14.698744854306494, 55.189108329782727, 0.0 ], [ 14.69857236558112, 55.188575141661296, 0.0 ], [ 14.700234851107471, 55.186923608837226, 0.0 ], [ 14.701842232101335, 55.186279678778092, 0.0 ], [ 14.701894653086629, 55.187011221984818, 0.0 ], [ 14.701295405063092, 55.187727419980945, 0.0 ], [ 14.702387528277509, 55.186985673051751, 0.0 ], [ 14.702750586765035, 55.186112396368358, 0.0 ], [ 14.702314997607514, 55.184792920011056, 0.0 ], [ 14.70286691408822, 55.184229895202833, 0.0 ], [ 14.703288777877111, 55.185195524958736, 0.0 ], [ 14.702855793908912, 55.185429179400195, 0.0 ], [ 14.703420700338384, 55.185334443818974, 0.0 ], [ 14.703800622349375, 55.185741591121634, 0.0 ], [ 14.702969841016236, 55.186114173095163, 0.0 ], [ 14.703693769365133, 55.186016927168055, 0.0 ], [ 14.704048067738263, 55.186590998406643, 0.0 ], [ 14.703145313219267, 55.18695768644541, 0.0 ], [ 14.70432961906819, 55.187132745449546, 0.0 ], [ 14.704205305761658, 55.187566161868645, 0.0 ], [ 14.702551251149492, 55.187365158154641, 0.0 ], [ 14.703049377057219, 55.187944907844894, 0.0 ], [ 14.701910835195081, 55.188595579514939, 0.0 ], [ 14.702485530431924, 55.188600669752461, 0.0 ], [ 14.703383189996849, 55.187899541695046, 0.0 ], [ 14.703849908341553, 55.188096477257105, 0.0 ], [ 14.703469927788761, 55.189083253179376, 0.0 ], [ 14.703301719776983, 55.189261007538029, 0.0 ], [ 14.701940141706944, 55.188914306870188, 0.0 ], [ 14.701353108608053, 55.188095045281237, 0.0 ], [ 14.701568386066899, 55.188925531353711, 0.0 ], [ 14.69986663607005, 55.188789468877459, 0.0 ], [ 14.70321760790142, 55.189546888238077, 0.0 ], [ 14.703726588636727, 55.190440287918577, 0.0 ], [ 14.703540783520808, 55.191475564598854, 0.0 ], [ 14.702038952238162, 55.193198732076411, 0.0 ], [ 14.701991637456867, 55.195229223448322, 0.0 ], [ 14.701093166175799, 55.196589211671402, 0.0 ], [ 14.706245515351055, 55.205976241147042, 0.0 ], [ 14.705976680715686, 55.208248299072828, 0.0 ], [ 14.705566322280736, 55.208576494457979, 0.0 ], [ 14.705633385029747, 55.209354340595404, 0.0 ], [ 14.706141896745748, 55.209480809352854, 0.0 ], [ 14.705745265175237, 55.209472505220837, 0.0 ], [ 14.706236751393407, 55.210058412365676, 0.0 ], [ 14.706022964338839, 55.210935944039534, 0.0 ], [ 14.706313924344681, 55.21154827375085, 0.0 ], [ 14.706689373785418, 55.211486726662535, 0.0 ], [ 14.706186702803194, 55.212007752387258, 0.0 ], [ 14.706811877324316, 55.211637158425745, 0.0 ], [ 14.707281339890269, 55.211825857606826, 0.0 ], [ 14.707444433010755, 55.21210328918999, 0.0 ], [ 14.706822175924417, 55.212116919411031, 0.0 ], [ 14.706905207119659, 55.211918854710497, 0.0 ], [ 14.706635612289517, 55.212139897234096, 0.0 ], [ 14.707673261551038, 55.212316603286659, 0.0 ], [ 14.708644810403655, 55.213408913860071, 0.0 ], [ 14.708607360611174, 55.213919992410027, 0.0 ], [ 14.708084532031437, 55.213979370919283, 0.0 ], [ 14.708599273979747, 55.214392155153995, 0.0 ], [ 14.708350246370946, 55.214881478957651, 0.0 ], [ 14.709244544753016, 55.215296067958192, 0.0 ], [ 14.709326951226043, 55.21643443522202, 0.0 ], [ 14.710872662692092, 55.21886552698345, 0.0 ], [ 14.710716999939804, 55.220937306727137, 0.0 ], [ 14.711399269681781, 55.222352846765887, 0.0 ], [ 14.710821119766026, 55.222843317518915, 0.0 ], [ 14.7118462527873, 55.222352289585643, 0.0 ], [ 14.712310301033295, 55.222887886469685, 0.0 ], [ 14.711514449368853, 55.222630544240928, 0.0 ], [ 14.711775761219693, 55.222915871819168, 0.0 ], [ 14.71137072055582, 55.222875211175214, 0.0 ], [ 14.71437489334906, 55.225164407139665, 0.0 ], [ 14.716758389852368, 55.228644306528501, 0.0 ], [ 14.717569997588294, 55.229109629827597, 0.0 ], [ 14.717233599059934, 55.229247687265861, 0.0 ], [ 14.718186431116017, 55.230672265049463, 0.0 ], [ 14.719231571715385, 55.231409257456285, 0.0 ], [ 14.720503829836654, 55.233416973119986, 0.0 ], [ 14.720463193939908, 55.235363012120189, 0.0 ], [ 14.721605085841286, 55.235669200638903, 0.0 ], [ 14.72140873078158, 55.236616878966927, 0.0 ], [ 14.722158299699084, 55.236854467350518, 0.0 ], [ 14.723142319314221, 55.238352893482272, 0.0 ], [ 14.727958064052038, 55.241521829049439, 0.0 ], [ 14.731186153650413, 55.244666286416937, 0.0 ], [ 14.730469324688617, 55.245089386329802, 0.0 ], [ 14.729356078872836, 55.24447856010508, 0.0 ], [ 14.728313000050521, 55.24450463472413, 0.0 ], [ 14.727934890885892, 55.244844615404759, 0.0 ], [ 14.728054870611103, 55.246432209902352, 0.0 ], [ 14.72846806516519, 55.246533019889526, 0.0 ], [ 14.728475782357856, 55.24467079620301, 0.0 ], [ 14.729468635023574, 55.244860070529668, 0.0 ], [ 14.729344457463137, 55.245578508481358, 0.0 ], [ 14.731971935181493, 55.245331144195212, 0.0 ], [ 14.735182653308883, 55.248163152103523, 0.0 ], [ 14.735300431780185, 55.249033037062254, 0.0 ], [ 14.735831649337912, 55.248209612477865, 0.0 ], [ 14.736757605789816, 55.248774754122564, 0.0 ], [ 14.736462419447424, 55.248969701747889, 0.0 ], [ 14.735810715365641, 55.248649353409576, 0.0 ], [ 14.737119726590056, 55.249339653344656, 0.0 ], [ 14.738767787395489, 55.251130189033503, 0.0 ], [ 14.740498453513895, 55.252188550429537, 0.0 ], [ 14.743588192094251, 55.256646337159928, 0.0 ], [ 14.744408565289213, 55.258799319448734, 0.0 ], [ 14.745971641273933, 55.260280698091748, 0.0 ], [ 14.746145304879191, 55.261366868488246, 0.0 ], [ 14.747663027350141, 55.263059577486956, 0.0 ], [ 14.748632107032044, 55.263485593815759, 0.0 ], [ 14.748658511854989, 55.263947499265882, 0.0 ], [ 14.75250670887781, 55.268227400147211, 0.0 ], [ 14.752622125996739, 55.268637387418181, 0.0 ], [ 14.751626433517398, 55.269245908098441, 0.0 ], [ 14.75240618495285, 55.270286143170573, 0.0 ], [ 14.752099500764169, 55.271092817378445, 0.0 ], [ 14.753192531717024, 55.271649865293405, 0.0 ], [ 14.753154354422652, 55.27208349728091, 0.0 ], [ 14.752583597625797, 55.272012986507463, 0.0 ], [ 14.752201915831849, 55.272398220474372, 0.0 ], [ 14.75283657786909, 55.27299305077441, 0.0 ], [ 14.75237327048365, 55.273175367225981, 0.0 ], [ 14.753223472710143, 55.273510201446115, 0.0 ], [ 14.753509167452224, 55.274035106244561, 0.0 ], [ 14.754145298101811, 55.274060392941706, 0.0 ], [ 14.753871136390439, 55.274603124922308, 0.0 ], [ 14.754357344311011, 55.274654673210442, 0.0 ], [ 14.754658122423301, 55.275731137448915, 0.0 ], [ 14.755508694322653, 55.276484174707051, 0.0 ], [ 14.754905044662346, 55.277273122667154, 0.0 ], [ 14.755906999252124, 55.276679586120338, 0.0 ], [ 14.757430949667919, 55.277761564227433, 0.0 ], [ 14.756980880428479, 55.278589348051639, 0.0 ], [ 14.755086960932381, 55.279064657538356, 0.0 ], [ 14.7550506578464, 55.277754957612331, 0.0 ], [ 14.755507479869641, 55.277724352938328, 0.0 ], [ 14.754830800793334, 55.277538502535201, 0.0 ], [ 14.754485485541881, 55.279868892894619, 0.0 ], [ 14.752734249344064, 55.280858724285338, 0.0 ], [ 14.75201259914444, 55.28186351928754, 0.0 ], [ 14.752058566819795, 55.283748170047033, 0.0 ], [ 14.751416134133061, 55.284841756813748, 0.0 ], [ 14.751244441918315, 55.286550440125744, 0.0 ], [ 14.751897313568746, 55.286997417234765, 0.0 ], [ 14.751733513639785, 55.287425281661868, 0.0 ], [ 14.752557273613471, 55.287575755773595, 0.0 ], [ 14.752079495553826, 55.287980200410594, 0.0 ], [ 14.75440223300353, 55.289245474920605, 0.0 ], [ 14.754323396333062, 55.289635839121743, 0.0 ], [ 14.754834975281787, 55.289501198881204, 0.0 ], [ 14.756046780285784, 55.29036715050988, 0.0 ], [ 14.756717729818067, 55.290542378187922, 0.0 ], [ 14.75749126837955, 55.290308467928561, 0.0 ], [ 14.758681623643053, 55.29079489292355, 0.0 ], [ 14.759863012053895, 55.290845941398942, 0.0 ], [ 14.760825648250687, 55.292037000997418, 0.0 ], [ 14.761943526154708, 55.292390985004189, 0.0 ], [ 14.761540110315124, 55.292346255294511, 0.0 ], [ 14.76144088681462, 55.292631726280945, 0.0 ], [ 14.762901748704301, 55.292822914082556, 0.0 ], [ 14.762594236331024, 55.293508397013206, 0.0 ], [ 14.763347482420404, 55.293684825348279, 0.0 ], [ 14.762547690781595, 55.293971686888334, 0.0 ], [ 14.764262068484005, 55.294586559299425, 0.0 ], [ 14.76440777656822, 55.295732647032878, 0.0 ], [ 14.765406436950785, 55.295532947660767, 0.0 ], [ 14.766046001346856, 55.296305912353567, 0.0 ], [ 14.766523713979513, 55.29657684237263, 0.0 ], [ 14.766894507792887, 55.296450171747409, 0.0 ], [ 14.767585740835385, 55.297056393268122, 0.0 ], [ 14.769385584215593, 55.296970385471731, 0.0 ], [ 14.769437380628684, 55.2980403528287, 0.0 ], [ 14.770726220426942, 55.297978183224004, 0.0 ], [ 14.770310284098205, 55.298253199753809, 0.0 ], [ 14.771090747980297, 55.298183345124585, 0.0 ], [ 14.77120583881511, 55.298498004596617, 0.0 ], [ 14.771816795495686, 55.298277203595809, 0.0 ], [ 14.771515016724765, 55.29868058342349, 0.0 ], [ 14.772485976500516, 55.298511396969985, 0.0 ], [ 14.772361791543137, 55.298954339121615, 0.0 ], [ 14.773052341551578, 55.298932215869492, 0.0 ], [ 14.772902044234684, 55.299239204447282, 0.0 ], [ 14.774640176803524, 55.298528777732486, 0.0 ], [ 14.774806311857738, 55.298852445903471, 0.0 ], [ 14.775863790727476, 55.29822469921217, 0.0 ], [ 14.775475654740806, 55.298025532252268, 0.0 ], [ 14.775895530347562, 55.297548301838184, 0.0 ], [ 14.776359293910918, 55.29788206192049, 0.0 ], [ 14.77746197566309, 55.29692510655623, 0.0 ], [ 14.777776112501979, 55.297126429055162, 0.0 ], [ 14.778222231439281, 55.296825106706009, 0.0 ], [ 14.777625276263018, 55.296759548208314, 0.0 ], [ 14.777867555463352, 55.29645610874126, 0.0 ], [ 14.77737493254399, 55.296493623023068, 0.0 ], [ 14.778403903817081, 55.296104951843162, 0.0 ], [ 14.77859202257287, 55.295431211785676, 0.0 ], [ 14.779173513451257, 55.295434123955182, 0.0 ], [ 14.778770458783178, 55.295042759580014, 0.0 ], [ 14.779278244422791, 55.295017392383343, 0.0 ], [ 14.77870042694593, 55.294526749001257, 0.0 ], [ 14.778923859678693, 55.293878878308966, 0.0 ], [ 14.777893243291039, 55.29319745621914, 0.0 ], [ 14.777860828839531, 55.29278246466265, 0.0 ], [ 14.778268054182799, 55.292758993483886, 0.0 ], [ 14.777575223197296, 55.292553682754139, 0.0 ], [ 14.77716428558559, 55.291946636474343, 0.0 ], [ 14.778022917643144, 55.291934508681308, 0.0 ], [ 14.777152490458626, 55.291411117631945, 0.0 ], [ 14.778001643698104, 55.291456333262289, 0.0 ], [ 14.777310606885413, 55.290804249213551, 0.0 ], [ 14.777961572384065, 55.29072365871356, 0.0 ], [ 14.777803542133976, 55.290410052870371, 0.0 ], [ 14.778519626225307, 55.289729794481921, 0.0 ], [ 14.780740092003414, 55.289427032495894, 0.0 ], [ 14.781066465365225, 55.289710404305069, 0.0 ], [ 14.782062682555521, 55.289715027698016, 0.0 ], [ 14.782537473844169, 55.289330944762874, 0.0 ], [ 14.782213611436019, 55.289140540078606, 0.0 ], [ 14.782795813162929, 55.289271139937547, 0.0 ], [ 14.782438173366485, 55.28885026411114, 0.0 ], [ 14.782838526495517, 55.288830793894981, 0.0 ], [ 14.782790081767784, 55.289728183465442, 0.0 ], [ 14.782434040424395, 55.289840611353689, 0.0 ], [ 14.78284390391395, 55.289847336058806, 0.0 ], [ 14.783132984956737, 55.288863975314719, 0.0 ], [ 14.784776055131589, 55.288739716594542, 0.0 ], [ 14.785010094122356, 55.28778489228975, 0.0 ], [ 14.785861329842968, 55.287622181228301, 0.0 ], [ 14.785862485451446, 55.287336126098076, 0.0 ], [ 14.787089397544984, 55.287755545059341, 0.0 ], [ 14.787958630036856, 55.287290478984815, 0.0 ], [ 14.787833522286082, 55.287761392906589, 0.0 ], [ 14.788427078532791, 55.287633782117268, 0.0 ], [ 14.788268623668898, 55.287820101797983, 0.0 ], [ 14.788781254282553, 55.287424560500931, 0.0 ], [ 14.789275840995613, 55.287460721704548, 0.0 ], [ 14.788944677586723, 55.287069211989177, 0.0 ], [ 14.790241856329326, 55.2871606371084, 0.0 ], [ 14.78971828452117, 55.286824463973922, 0.0 ], [ 14.790285295665223, 55.28672475290881, 0.0 ], [ 14.790606358512107, 55.286177716484453, 0.0 ], [ 14.791079590169341, 55.286254585846997, 0.0 ], [ 14.791129215091141, 55.285729374634393, 0.0 ], [ 14.791660220261141, 55.285838961553154, 0.0 ], [ 14.792840399257711, 55.285276690702609, 0.0 ], [ 14.793500827221713, 55.285595173414691, 0.0 ], [ 14.794207540704114, 55.285532004221459, 0.0 ], [ 14.793275397718546, 55.284961342493837, 0.0 ], [ 14.793853670970304, 55.284816966752842, 0.0 ], [ 14.793738616700967, 55.284485129238973, 0.0 ], [ 14.794713701838122, 55.28454133418451, 0.0 ], [ 14.794898534091896, 55.284188287563339, 0.0 ], [ 14.795546774937595, 55.284628419810375, 0.0 ], [ 14.795858911936829, 55.284079181629608, 0.0 ], [ 14.794854473321138, 55.28222816271871, 0.0 ], [ 14.795960709685261, 55.282297196457108, 0.0 ], [ 14.796268035834167, 55.282039949249594, 0.0 ], [ 14.796673273974678, 55.282241024544639, 0.0 ], [ 14.797112837245653, 55.282025278780125, 0.0 ], [ 14.79641365443465, 55.282001416060162, 0.0 ], [ 14.796633905956392, 55.28141721134083, 0.0 ], [ 14.79813054199219, 55.281211695133912, 0.0 ], [ 14.797352991534105, 55.281232081914425, 0.0 ], [ 14.797267458617251, 55.281032164702374, 0.0 ], [ 14.798182980075504, 55.2808476653748, 0.0 ], [ 14.798608201516547, 55.281498166247637, 0.0 ], [ 14.79856208628777, 55.280946633078777, 0.0 ], [ 14.799278226556698, 55.281305460190637, 0.0 ], [ 14.79976214176936, 55.281282040221107, 0.0 ], [ 14.799807246951339, 55.280933752750343, 0.0 ], [ 14.799880928880999, 55.281376034731089, 0.0 ], [ 14.800208216745585, 55.281021500926421, 0.0 ], [ 14.800666178337304, 55.281169997640681, 0.0 ], [ 14.801077419817082, 55.280163654617603, 0.0 ], [ 14.800708183268181, 55.279529488155127, 0.0 ], [ 14.801895469289457, 55.279079311340375, 0.0 ], [ 14.802201688896057, 55.279500423718559, 0.0 ], [ 14.80197080541522, 55.279008922689663, 0.0 ], [ 14.802510425746387, 55.278886780713783, 0.0 ], [ 14.802270847984587, 55.278665673831391, 0.0 ], [ 14.800921053195879, 55.279173473647617, 0.0 ], [ 14.801310213014396, 55.278161880104314, 0.0 ], [ 14.802006373992054, 55.277721428358824, 0.0 ], [ 14.802296180591116, 55.277871993364727, 0.0 ], [ 14.801658056622944, 55.278722075351205, 0.0 ], [ 14.802537219975243, 55.278068634147523, 0.0 ], [ 14.803719646445163, 55.278285020592151, 0.0 ], [ 14.803475083238336, 55.278908120238682, 0.0 ], [ 14.804468359763501, 55.277730779279203, 0.0 ], [ 14.805319158421199, 55.277654277407059, 0.0 ], [ 14.806147311784713, 55.27702781762946, 0.0 ], [ 14.806378905504355, 55.275739157985399, 0.0 ], [ 14.805130939336831, 55.275323463300708, 0.0 ], [ 14.805788788263857, 55.274635900944453, 0.0 ], [ 14.805418355012296, 55.274542034548368, 0.0 ], [ 14.806658016839796, 55.274244147430579, 0.0 ], [ 14.806752003737484, 55.273798278576997, 0.0 ], [ 14.806902704868788, 55.27410598888126, 0.0 ], [ 14.807146462978444, 55.274022878406704, 0.0 ], [ 14.806589946528748, 55.273051076290251, 0.0 ], [ 14.807393329387242, 55.272754822281975, 0.0 ], [ 14.807076238560883, 55.272562090682214, 0.0 ], [ 14.80746630416647, 55.27258767728005, 0.0 ], [ 14.807534285695738, 55.272200123365359, 0.0 ], [ 14.808999737051474, 55.272440036691194, 0.0 ], [ 14.809427283785622, 55.272290892749815, 0.0 ], [ 14.809039696227254, 55.271883855064416, 0.0 ], [ 14.81015988627367, 55.271733419607394, 0.0 ], [ 14.810397355287925, 55.271066079887987, 0.0 ], [ 14.810035616750397, 55.270857033076489, 0.0 ], [ 14.811508717538819, 55.270025809965396, 0.0 ], [ 14.811004887873574, 55.269817610649213, 0.0 ], [ 14.811444671938052, 55.269586493028008, 0.0 ], [ 14.811237437391238, 55.269144832097901, 0.0 ], [ 14.811589896739756, 55.269583338173327, 0.0 ], [ 14.811615851161775, 55.269038356349888, 0.0 ], [ 14.811986739322442, 55.269386317710527, 0.0 ], [ 14.81239514830364, 55.26922952404864, 0.0 ], [ 14.811938201579814, 55.268872080795759, 0.0 ], [ 14.812322275925956, 55.268723561418085, 0.0 ], [ 14.812328286727858, 55.267628227360539, 0.0 ], [ 14.812993924188264, 55.267814286991843, 0.0 ], [ 14.813679163233324, 55.267472408058104, 0.0 ], [ 14.814217871787074, 55.267606730255643, 0.0 ], [ 14.814374833503624, 55.267011375263678, 0.0 ], [ 14.815101914833646, 55.266875533091074, 0.0 ], [ 14.814906143528768, 55.266568185484914, 0.0 ], [ 14.81569261371477, 55.266566517542472, 0.0 ], [ 14.815212588304862, 55.265896727015033, 0.0 ], [ 14.816073974083878, 55.265456570872551, 0.0 ], [ 14.815931227739613, 55.264731230508872, 0.0 ], [ 14.817047654505403, 55.264392125594284, 0.0 ], [ 14.8161259943028, 55.263442232348702, 0.0 ], [ 14.816388866759587, 55.263212618973334, 0.0 ], [ 14.815567303212319, 55.262720569638333, 0.0 ], [ 14.815905144938526, 55.262565784639008, 0.0 ], [ 14.815491274770672, 55.262066309872331, 0.0 ], [ 14.816406919394886, 55.261677480044582, 0.0 ], [ 14.816082760302915, 55.260501601000854, 0.0 ], [ 14.817013956861691, 55.260236345052654, 0.0 ], [ 14.818198000295364, 55.26039479638689, 0.0 ], [ 14.817192929856169, 55.25939263671652, 0.0 ], [ 14.817613571350062, 55.259237308078767, 0.0 ], [ 14.817712897129729, 55.259604087245549, 0.0 ], [ 14.818078925638915, 55.259268709898258, 0.0 ], [ 14.81773646339529, 55.258851981060452, 0.0 ], [ 14.818636347527789, 55.258871243978597, 0.0 ], [ 14.818236932109262, 55.258381080044558, 0.0 ], [ 14.819188309373695, 55.257134839719193, 0.0 ], [ 14.820907107032529, 55.255979169145164, 0.0 ], [ 14.822300863733577, 55.255736028561913, 0.0 ], [ 14.822480424798844, 55.254495364450598, 0.0 ], [ 14.823123851099613, 55.253844752012618, 0.0 ], [ 14.823941942677406, 55.253655340546679, 0.0 ], [ 14.824532591446102, 55.252762380252719, 0.0 ], [ 14.826484068818727, 55.252056046211862, 0.0 ], [ 14.826889204182303, 55.25221669068695, 0.0 ], [ 14.828372410065127, 55.251939843667486, 0.0 ], [ 14.829865754653024, 55.251276106624083, 0.0 ], [ 14.830151390241241, 55.251490090041585, 0.0 ], [ 14.83513445991456, 55.249554384472042, 0.0 ], [ 14.835815135768227, 55.24969719082209, 0.0 ], [ 14.83514770308618, 55.249300329198562, 0.0 ], [ 14.836895642766285, 55.248829364419393, 0.0 ], [ 14.834708580987506, 55.249389900997635, 0.0 ], [ 14.834244352899409, 55.248974105546921, 0.0 ], [ 14.835335240177148, 55.248549888344236, 0.0 ], [ 14.835787181902834, 55.248784508894985, 0.0 ], [ 14.835471171614316, 55.248494754226783, 0.0 ], [ 14.836129859329368, 55.248606024145658, 0.0 ], [ 14.835937700107936, 55.248189695270561, 0.0 ], [ 14.83625253966653, 55.24840073309263, 0.0 ], [ 14.835837787065973, 55.248021370638881, 0.0 ], [ 14.836923320624395, 55.247640336823508, 0.0 ], [ 14.837266292636809, 55.248203460283648, 0.0 ], [ 14.837370463482225, 55.247876622112933, 0.0 ], [ 14.838192955128733, 55.247791237603096, 0.0 ], [ 14.839376493060618, 55.247912768960816, 0.0 ], [ 14.839323145047814, 55.248162898911602, 0.0 ], [ 14.838650720339121, 55.248069680482736, 0.0 ], [ 14.837299062527823, 55.24832558213447, 0.0 ], [ 14.838569212975399, 55.248254813074482, 0.0 ], [ 14.838153570575578, 55.248785743998006, 0.0 ], [ 14.837510841215138, 55.248487277252792, 0.0 ], [ 14.836909861240219, 55.248457689247132, 0.0 ], [ 14.838038090793729, 55.248863126139213, 0.0 ], [ 14.8360737805661, 55.250095116213039, 0.0 ], [ 14.835563285839285, 55.250579363231779, 0.0 ], [ 14.83587883384163, 55.250673966246062, 0.0 ], [ 14.838674194110695, 55.248693237814862, 0.0 ], [ 14.840151318997219, 55.24868921944401, 0.0 ], [ 14.841292383117709, 55.247791435860798, 0.0 ], [ 14.842303292304047, 55.247983075679414, 0.0 ], [ 14.842640314884394, 55.247301691791897, 0.0 ], [ 14.843845380899403, 55.247256858902297, 0.0 ], [ 14.844930086284711, 55.247711046708481, 0.0 ], [ 14.845443350160808, 55.247456368378607, 0.0 ], [ 14.845752888500266, 55.247745599463144, 0.0 ], [ 14.846144269557305, 55.247652069257917, 0.0 ], [ 14.846074471109233, 55.24713741701656, 0.0 ], [ 14.846451962499565, 55.24752745007055, 0.0 ], [ 14.846602814814002, 55.24720673075732, 0.0 ], [ 14.847753819430904, 55.24719074470115, 0.0 ], [ 14.848014662235991, 55.246828365298519, 0.0 ], [ 14.848130419679448, 55.247155264710194, 0.0 ], [ 14.848203848624127, 55.247180902778389, 0.0 ], [ 14.848461029499532, 55.246278094432554, 0.0 ], [ 14.849276225605275, 55.246401303500377, 0.0 ], [ 14.84998652816966, 55.246151623855475, 0.0 ], [ 14.85081556377467, 55.245604185283241, 0.0 ], [ 14.850763093976461, 55.245160451339999, 0.0 ], [ 14.851548359547346, 55.244826222823257, 0.0 ], [ 14.851562392650765, 55.243505859395995, 0.0 ], [ 14.852022424025886, 55.24329368312425, 0.0 ], [ 14.852042936180606, 55.243406128812133, 0.0 ], [ 14.852386374730802, 55.243489083614286, 0.0 ], [ 14.852135312589125, 55.243135928141086, 0.0 ], [ 14.852724831004611, 55.242900053998646, 0.0 ], [ 14.853895609011106, 55.242921766145734, 0.0 ], [ 14.853890969524238, 55.24247348018843, 0.0 ], [ 14.854625485704561, 55.242278601696093, 0.0 ], [ 14.854550489854542, 55.241761411190254, 0.0 ], [ 14.856768361397991, 55.242061645714749, 0.0 ], [ 14.85681056980162, 55.241728227215916, 0.0 ], [ 14.857383642816012, 55.241859707518486, 0.0 ], [ 14.856940690116726, 55.241334939344128, 0.0 ], [ 14.858214921271426, 55.241332991610712, 0.0 ], [ 14.858721059895663, 55.241879019134281, 0.0 ], [ 14.859006191618381, 55.241501668740632, 0.0 ], [ 14.858563417470842, 55.241279385513153, 0.0 ], [ 14.859000755288541, 55.2409778879112, 0.0 ], [ 14.861482760465316, 55.240996763563707, 0.0 ], [ 14.861565538773396, 55.24065346494632, 0.0 ], [ 14.862177038210332, 55.240875527875502, 0.0 ], [ 14.862679643705089, 55.240671610063259, 0.0 ], [ 14.862723852559636, 55.24087392919489, 0.0 ], [ 14.863296664081776, 55.240639706781138, 0.0 ], [ 14.864844591099148, 55.241189501350881, 0.0 ], [ 14.864652548968728, 55.240905904837291, 0.0 ], [ 14.865610676631784, 55.240991231577539, 0.0 ], [ 14.8658004061915, 55.240603159643079, 0.0 ], [ 14.86651195017261, 55.24059251892799, 0.0 ], [ 14.866841278658281, 55.239622261187485, 0.0 ], [ 14.868404086498197, 55.239975214446908, 0.0 ], [ 14.868664611472749, 55.239468307043666, 0.0 ], [ 14.869890288587172, 55.239095596608173, 0.0 ], [ 14.869621774567543, 55.23882136966926, 0.0 ], [ 14.870723494049219, 55.238846609339951, 0.0 ], [ 14.870553524091733, 55.238570778637275, 0.0 ], [ 14.870975502524031, 55.238972906307993, 0.0 ], [ 14.871662192510023, 55.238787971780667, 0.0 ], [ 14.871790104156988, 55.239014786339588, 0.0 ], [ 14.871836188140698, 55.238753193824138, 0.0 ], [ 14.872484322848123, 55.238583529842359, 0.0 ], [ 14.872189748005587, 55.238704254540885, 0.0 ], [ 14.87226640476058, 55.239005294800371, 0.0 ], [ 14.873090688132427, 55.238379688387525, 0.0 ], [ 14.87287485592614, 55.238112377098204, 0.0 ], [ 14.874414085600277, 55.237638141823517, 0.0 ], [ 14.874963563690082, 55.237786883518353, 0.0 ], [ 14.874893490696753, 55.237537922281398, 0.0 ], [ 14.875628019955194, 55.237358215632447, 0.0 ], [ 14.875373071217965, 55.237000160285668, 0.0 ], [ 14.875859897543364, 55.236380481365025, 0.0 ], [ 14.875497729618903, 55.236210271571593, 0.0 ], [ 14.876155837359736, 55.235438632938695, 0.0 ], [ 14.87736744630811, 55.235150967308158, 0.0 ], [ 14.877754940280296, 55.235429510708464, 0.0 ], [ 14.877763101372764, 55.234733115229645, 0.0 ], [ 14.878605731464139, 55.235155398817561, 0.0 ], [ 14.87814487931778, 55.234364187021576, 0.0 ], [ 14.878953013591417, 55.234632207975984, 0.0 ], [ 14.879601076849555, 55.234344571036132, 0.0 ], [ 14.87918263603099, 55.234222016500517, 0.0 ], [ 14.879422303131944, 55.233977619469577, 0.0 ], [ 14.879993979104041, 55.234028574961151, 0.0 ], [ 14.879966845159984, 55.233464334561425, 0.0 ], [ 14.879176211962031, 55.233424054270145, 0.0 ], [ 14.879359744054625, 55.232632303580964, 0.0 ], [ 14.881040435377695, 55.231049201446091, 0.0 ], [ 14.882026246950405, 55.230967493894035, 0.0 ], [ 14.882245250488785, 55.229963627050552, 0.0 ], [ 14.883108590953192, 55.229781601246486, 0.0 ], [ 14.8830319061171, 55.229190408650403, 0.0 ], [ 14.884067202239338, 55.228294599954438, 0.0 ], [ 14.886009649015415, 55.227589758526207, 0.0 ], [ 14.893294933227786, 55.226170887554481, 0.0 ], [ 14.8940366691773, 55.225621236846003, 0.0 ], [ 14.894966350336077, 55.225910626362392, 0.0 ], [ 14.894607881000317, 55.225629379914331, 0.0 ], [ 14.894900851632148, 55.225471312608192, 0.0 ], [ 14.895962361301574, 55.225557951975226, 0.0 ], [ 14.896507791904982, 55.225000787596777, 0.0 ], [ 14.897478014513167, 55.225129291863503, 0.0 ], [ 14.898405534417813, 55.224825832617746, 0.0 ], [ 14.898450230768445, 55.224293036675071, 0.0 ], [ 14.89882321730857, 55.224563754793735, 0.0 ], [ 14.898939524312233, 55.224207811694697, 0.0 ], [ 14.899955937277849, 55.224298493763982, 0.0 ], [ 14.900311797848529, 55.223768694085358, 0.0 ], [ 14.901996502494981, 55.22365713506953, 0.0 ], [ 14.904592716089089, 55.222698326664599, 0.0 ], [ 14.907117662628908, 55.222553362547053, 0.0 ], [ 14.908791821981191, 55.221808955099391, 0.0 ], [ 14.911059811592466, 55.221436195703028, 0.0 ], [ 14.913222250273011, 55.220617929233612, 0.0 ], [ 14.916447067731385, 55.221201728093774, 0.0 ], [ 14.916505451516645, 55.220748739637529, 0.0 ], [ 14.918915860672421, 55.220079004172256, 0.0 ], [ 14.921052397981605, 55.219881077666663, 0.0 ], [ 14.923691343207691, 55.21833447669281, 0.0 ], [ 14.927090152160975, 55.217389355898419, 0.0 ], [ 14.928014272961681, 55.216998136045504, 0.0 ], [ 14.928074678383458, 55.216647224204031, 0.0 ], [ 14.928568610185859, 55.216928702576929, 0.0 ], [ 14.928875527654865, 55.216441077650529, 0.0 ], [ 14.9284835786282, 55.215869952336909, 0.0 ], [ 14.929017568132291, 55.215837340617114, 0.0 ], [ 14.929805181651677, 55.214854511469461, 0.0 ], [ 14.93247044245706, 55.214026572061471, 0.0 ], [ 14.935743245407529, 55.211685745958199, 0.0 ], [ 14.939268398835958, 55.210528462593381, 0.0 ], [ 14.945740620882045, 55.209329604655998, 0.0 ], [ 14.948352685349478, 55.209796209633105, 0.0 ], [ 14.949436942399604, 55.210389036908992, 0.0 ], [ 14.951445345691388, 55.210479436995023, 0.0 ], [ 14.95369090268149, 55.21101780142029, 0.0 ], [ 14.955953509, 55.212048844711049, 0.0 ], [ 14.957714654301997, 55.213616165532159, 0.0 ], [ 14.959622734523151, 55.213955067656869, 0.0 ], [ 14.960247640790895, 55.213725731763901, 0.0 ], [ 14.960949078872462, 55.214238735721366, 0.0 ], [ 14.963332250735148, 55.213936124247589, 0.0 ], [ 14.963438437091311, 55.214134838533141, 0.0 ], [ 14.965313467593568, 55.214127119089667, 0.0 ], [ 14.966260917989018, 55.2144763180548, 0.0 ], [ 14.966054269536468, 55.214726665659562, 0.0 ], [ 14.966401376553664, 55.214825592989293, 0.0 ], [ 14.966212670800441, 55.214893374938363, 0.0 ], [ 14.966469039800353, 55.21480534619301, 0.0 ], [ 14.966574203374122, 55.214420248290082, 0.0 ], [ 14.967297760477406, 55.21479780393841, 0.0 ], [ 14.967161619477041, 55.215021644449202, 0.0 ], [ 14.96682983873283, 55.214849670962529, 0.0 ], [ 14.966147082248522, 55.215079539465798, 0.0 ], [ 14.96657473226726, 55.214949252701132, 0.0 ], [ 14.966706704857348, 55.215317490545637, 0.0 ], [ 14.966234840096165, 55.215471105137553, 0.0 ], [ 14.965410626804413, 55.215466804417964, 0.0 ], [ 14.965222466880686, 55.215541400377667, 0.0 ], [ 14.967894130922438, 55.215455567950805, 0.0 ], [ 14.967608738822539, 55.215190926664903, 0.0 ], [ 14.968345845355318, 55.215334537366843, 0.0 ], [ 14.968260738890885, 55.215067717609877, 0.0 ], [ 14.969048171403479, 55.215245496678357, 0.0 ], [ 14.969356574288589, 55.214396832780295, 0.0 ], [ 14.970888158207661, 55.214056653963787, 0.0 ], [ 14.970616092567823, 55.213193188191909, 0.0 ], [ 14.971810451985956, 55.213102112326972, 0.0 ], [ 14.97170562189072, 55.212801600815368, 0.0 ], [ 14.970785367149197, 55.212641887698076, 0.0 ], [ 14.971026619652021, 55.212508944562494, 0.0 ], [ 14.972744904425502, 55.211966809641822, 0.0 ], [ 14.973142549760738, 55.212204045714543, 0.0 ], [ 14.972377426773908, 55.21233374048898, 0.0 ], [ 14.972485687162139, 55.212625619913489, 0.0 ], [ 14.971866723839925, 55.212506212649842, 0.0 ], [ 14.972730031241307, 55.213256179160645, 0.0 ], [ 14.972748702518215, 55.212558948519359, 0.0 ], [ 14.973442281188607, 55.212781914116611, 0.0 ], [ 14.973154460796685, 55.212288541448281, 0.0 ], [ 14.973737182795539, 55.212567010333515, 0.0 ], [ 14.974091777972346, 55.212421378635625, 0.0 ], [ 14.973625233050958, 55.212031684317488, 0.0 ], [ 14.975136913667134, 55.212020776500609, 0.0 ], [ 14.977277101972151, 55.211079698827199, 0.0 ], [ 14.978274951728839, 55.210292900211925, 0.0 ], [ 14.977409872796493, 55.209129357592772, 0.0 ], [ 14.978383606856207, 55.209130991813673, 0.0 ], [ 14.978630432296011, 55.208165492383685, 0.0 ], [ 14.979884678599326, 55.208184738935493, 0.0 ], [ 14.980547881463387, 55.207841857969107, 0.0 ], [ 14.98066441233185, 55.207090649827279, 0.0 ], [ 14.979936883290737, 55.205871289611942, 0.0 ], [ 14.981432616817333, 55.205584319485723, 0.0 ], [ 14.981816099003717, 55.204420675757, 0.0 ], [ 14.982773578432898, 55.204650855959216, 0.0 ], [ 14.982073248991133, 55.204202474855492, 0.0 ], [ 14.982402183577351, 55.20402926833944, 0.0 ], [ 14.982750279637987, 55.204228215840033, 0.0 ], [ 14.982921367863586, 55.205101491376453, 0.0 ], [ 14.982771706902605, 55.203983531032002, 0.0 ], [ 14.984379006475047, 55.204245906861253, 0.0 ], [ 14.98319478891551, 55.203490301497098, 0.0 ], [ 14.98366494339157, 55.202919755172964, 0.0 ], [ 14.983257573165021, 55.201358192382884, 0.0 ], [ 14.983767455358736, 55.20056330694193, 0.0 ], [ 14.986209882283731, 55.199837746655184, 0.0 ], [ 14.986684049425348, 55.199341446538504, 0.0 ], [ 14.987138658621557, 55.199464908414136, 0.0 ], [ 14.98676673009907, 55.199199532728684, 0.0 ], [ 14.987438552665594, 55.198925690070375, 0.0 ], [ 14.987279860302454, 55.198309754705178, 0.0 ], [ 14.988245066316098, 55.197847779634792, 0.0 ], [ 14.988089452415847, 55.196998326299109, 0.0 ], [ 14.988856737699789, 55.197143379708095, 0.0 ], [ 14.988254612972808, 55.196722699144779, 0.0 ], [ 14.989056062462911, 55.196031725795322, 0.0 ], [ 14.988449673134946, 55.194945007765412, 0.0 ], [ 14.989207121757826, 55.193997623710956, 0.0 ], [ 14.993538621056402, 55.191858987692733, 0.0 ], [ 14.995053914411407, 55.191492809241929, 0.0 ], [ 14.995849304271196, 55.19170476574719, 0.0 ], [ 14.99600680744882, 55.191306787430165, 0.0 ], [ 14.998327716647307, 55.190434800067194, 0.0 ], [ 15.000140653882925, 55.188861449707126, 0.0 ], [ 15.002228076752381, 55.187736748443797, 0.0 ], [ 15.005159320267319, 55.187360636578376, 0.0 ], [ 15.004918460529158, 55.186906519519219, 0.0 ], [ 15.005657663825415, 55.186810117300311, 0.0 ], [ 15.006021647646506, 55.186259843757902, 0.0 ], [ 15.007083992793223, 55.185928586810768, 0.0 ], [ 15.006787054694746, 55.185409539137986, 0.0 ], [ 15.007139741151496, 55.184982627306269, 0.0 ], [ 15.009662483562826, 55.18418506216782, 0.0 ], [ 15.009802612635445, 55.18390334557688, 0.0 ], [ 15.010329321328486, 55.183958957003128, 0.0 ], [ 15.010537171573102, 55.183127738069281, 0.0 ], [ 15.011459785299794, 55.183115862475638, 0.0 ], [ 15.012465688201106, 55.181919409597711, 0.0 ], [ 15.013452384118622, 55.181954856980546, 0.0 ], [ 15.013649441996286, 55.180408295864673, 0.0 ], [ 15.014340978953173, 55.18020354284392, 0.0 ], [ 15.015297662738968, 55.180432054501196, 0.0 ], [ 15.016768242658223, 55.179555680926981, 0.0 ], [ 15.018672578575625, 55.17895537020857, 0.0 ], [ 15.020565745139889, 55.176690555177458, 0.0 ], [ 15.02176791987991, 55.176317837464119, 0.0 ], [ 15.02281799695081, 55.176625302833727, 0.0 ], [ 15.023481823034865, 55.175961696057854, 0.0 ], [ 15.025440165485657, 55.175665796536229, 0.0 ], [ 15.0255639617934, 55.175223073761053, 0.0 ], [ 15.026533948961433, 55.174926826885105, 0.0 ], [ 15.026892903890895, 55.175310941940538, 0.0 ], [ 15.026839217514812, 55.174917987427648, 0.0 ], [ 15.027549575429545, 55.174515492759838, 0.0 ], [ 15.030180381401395, 55.17456565323684, 0.0 ], [ 15.030774230925131, 55.174122282368351, 0.0 ], [ 15.030813887795235, 55.174380878358527, 0.0 ], [ 15.031529345191961, 55.174339330870595, 0.0 ], [ 15.032121034948482, 55.173773881071355, 0.0 ], [ 15.03268004227405, 55.173882350977138, 0.0 ], [ 15.032602657447782, 55.173395676153078, 0.0 ], [ 15.033289012610327, 55.173536895709582, 0.0 ], [ 15.033765558022198, 55.173300654988687, 0.0 ], [ 15.03434645096408, 55.173596026033529, 0.0 ], [ 15.034756303799979, 55.173218765438591, 0.0 ], [ 15.038923551533044, 55.172896098470147, 0.0 ], [ 15.039511189732135, 55.172517276458002, 0.0 ], [ 15.040984632448728, 55.172300324025606, 0.0 ], [ 15.04078726414931, 55.171790715972705, 0.0 ], [ 15.041512274487383, 55.171682906241109, 0.0 ], [ 15.041605150040578, 55.171975588988118, 0.0 ], [ 15.042350199839303, 55.171744867981836, 0.0 ], [ 15.042852565317462, 55.171232603184684, 0.0 ], [ 15.042465461610263, 55.17052291893345, 0.0 ], [ 15.044163152547963, 55.170246062138261, 0.0 ], [ 15.044677313328133, 55.169521705218969, 0.0 ], [ 15.045707516359489, 55.169207355294667, 0.0 ], [ 15.045329510486697, 55.168877812752029, 0.0 ], [ 15.047012889844138, 55.168479355549245, 0.0 ], [ 15.048069203459288, 55.167488226500197, 0.0 ], [ 15.047956234866263, 55.167772695328708, 0.0 ], [ 15.048836566743635, 55.167523131590904, 0.0 ], [ 15.048865539685872, 55.167151726444558, 0.0 ], [ 15.050357442135399, 55.166366499903276, 0.0 ], [ 15.050143466145613, 55.167020112228577, 0.0 ], [ 15.050792570163154, 55.166850297087329, 0.0 ], [ 15.050609971800821, 55.166404343510195, 0.0 ], [ 15.05095184034966, 55.166443229042194, 0.0 ], [ 15.051257563463547, 55.165889398008517, 0.0 ], [ 15.051620125156676, 55.166273444165611, 0.0 ], [ 15.05228788541957, 55.165864362369419, 0.0 ], [ 15.052300770856391, 55.166110512728729, 0.0 ], [ 15.052891584494569, 55.166089180162054, 0.0 ], [ 15.053495440165527, 55.165444045979889, 0.0 ], [ 15.055375094265409, 55.164918727211251, 0.0 ], [ 15.056207763745636, 55.164044281240123, 0.0 ], [ 15.05642312348728, 55.164310319986065, 0.0 ], [ 15.056866966046133, 55.163129767471425, 0.0 ], [ 15.057403401129385, 55.163308485450379, 0.0 ], [ 15.057252461501029, 55.16302861180332, 0.0 ], [ 15.058141450522518, 55.162501048430116, 0.0 ], [ 15.059030823646712, 55.162611736136256, 0.0 ], [ 15.059504571560446, 55.161375116962461, 0.0 ], [ 15.060720534853978, 55.160656998718913, 0.0 ], [ 15.060646798549385, 55.160284139552701, 0.0 ], [ 15.06098790061175, 55.160581712550915, 0.0 ], [ 15.06222116852928, 55.160024062397191, 0.0 ], [ 15.065686707541831, 55.160527875987214, 0.0 ], [ 15.066724126343656, 55.160259256211624, 0.0 ], [ 15.066693876369763, 55.159978137210175, 0.0 ], [ 15.067131789571519, 55.160140843734858, 0.0 ], [ 15.068318749120358, 55.159544114289396, 0.0 ], [ 15.068161793713964, 55.159360353873893, 0.0 ], [ 15.068837415773805, 55.159374050653589, 0.0 ], [ 15.068711512948008, 55.159117519178139, 0.0 ], [ 15.069937578863541, 55.158338201719189, 0.0 ], [ 15.070227282072455, 55.15850353106336, 0.0 ], [ 15.070728109022081, 55.158193890386769, 0.0 ], [ 15.071822071410343, 55.158164691988453, 0.0 ], [ 15.072136294317296, 55.157667818787679, 0.0 ], [ 15.071753588514087, 55.157208125231833, 0.0 ], [ 15.073071492856734, 55.155838751609288, 0.0 ], [ 15.074104435546689, 55.15569445115031, 0.0 ], [ 15.074848706227193, 55.156209076249368, 0.0 ], [ 15.075661804090924, 55.155860565209345, 0.0 ], [ 15.076018378751096, 55.155038773003028, 0.0 ], [ 15.076599870779287, 55.15479358997662, 0.0 ], [ 15.076758091939626, 55.155079290549658, 0.0 ], [ 15.07680840870113, 55.154635133120067, 0.0 ], [ 15.077067000265808, 55.155413726019276, 0.0 ], [ 15.078126233644502, 55.154746390220588, 0.0 ], [ 15.0790640111304, 55.154823622062786, 0.0 ], [ 15.079089923791857, 55.155138631735234, 0.0 ], [ 15.079630377136462, 55.154861633031601, 0.0 ], [ 15.079506015700375, 55.154440443097997, 0.0 ], [ 15.080288845573229, 55.154086751125128, 0.0 ], [ 15.08103438449985, 55.154134603864051, 0.0 ], [ 15.081123269196294, 55.153711652426423, 0.0 ], [ 15.083383371998098, 55.153707421086224, 0.0 ], [ 15.084293194346445, 55.15298520368259, 0.0 ], [ 15.085836876358339, 55.153090914171798, 0.0 ], [ 15.086501170935687, 55.152534138029147, 0.0 ], [ 15.087310317132754, 55.152622793238031, 0.0 ], [ 15.087536838409298, 55.152241828278115, 0.0 ], [ 15.088627102999721, 55.152068145448652, 0.0 ], [ 15.087810554230321, 55.151421806173211, 0.0 ], [ 15.088578404720968, 55.15063049601072, 0.0 ], [ 15.090506554402257, 55.150274326033511, 0.0 ], [ 15.093034217127855, 55.150286474800801, 0.0 ], [ 15.093626765326761, 55.14998104447794, 0.0 ], [ 15.094084424020657, 55.150155628472973, 0.0 ], [ 15.094352903124161, 55.149823325805386, 0.0 ], [ 15.097700911362695, 55.149694624646813, 0.0 ], [ 15.101292567657495, 55.148814360421134, 0.0 ], [ 15.101906527032625, 55.148402914833063, 0.0 ], [ 15.104467121613332, 55.14834743770745, 0.0 ], [ 15.104722517163417, 55.147610315281646, 0.0 ], [ 15.105387083779025, 55.148066907530371, 0.0 ], [ 15.106861433288564, 55.147924168577056, 0.0 ], [ 15.107290523872926, 55.14721999386316, 0.0 ], [ 15.108279425570297, 55.147282719893063, 0.0 ], [ 15.107253380816271, 55.146285530298179, 0.0 ], [ 15.109181858315115, 55.145936869989086, 0.0 ], [ 15.109371595536507, 55.146266868354608, 0.0 ], [ 15.109411842806729, 55.145871185910785, 0.0 ], [ 15.110172459476514, 55.146135905957031, 0.0 ], [ 15.111337117250816, 55.145629979967765, 0.0 ], [ 15.111665085984741, 55.145988855075636, 0.0 ], [ 15.109674205558727, 55.146206264194333, 0.0 ], [ 15.109162987633246, 55.146572425701095, 0.0 ], [ 15.110254666151938, 55.146451504373175, 0.0 ], [ 15.110533951793679, 55.146939879342796, 0.0 ], [ 15.112561731902845, 55.145799842031735, 0.0 ], [ 15.113379497813153, 55.145881584136482, 0.0 ], [ 15.113593742486398, 55.14562732825371, 0.0 ], [ 15.114539183729676, 55.146396490584657, 0.0 ], [ 15.11513980787946, 55.146409287614212, 0.0 ], [ 15.114801677593842, 55.145624948832307, 0.0 ], [ 15.115444602652062, 55.145434102323847, 0.0 ], [ 15.114420790264646, 55.145221564530083, 0.0 ], [ 15.115380827014027, 55.144963338047319, 0.0 ], [ 15.115127161283102, 55.144753800505299, 0.0 ], [ 15.115773032365349, 55.144456284965045, 0.0 ], [ 15.115745270503233, 55.144020443864669, 0.0 ], [ 15.117526114142951, 55.143474147103205, 0.0 ], [ 15.119995923518891, 55.143566521731245, 0.0 ], [ 15.120194302679147, 55.143808999710842, 0.0 ], [ 15.120720938310876, 55.143546098709535, 0.0 ], [ 15.121168414430125, 55.144029576283899, 0.0 ], [ 15.121587143652059, 55.143435806008377, 0.0 ], [ 15.122999284706244, 55.143837869797608, 0.0 ], [ 15.123601927223357, 55.14352241093534, 0.0 ], [ 15.125373912198731, 55.143496972423577, 0.0 ], [ 15.125732671565403, 55.14375377267951, 0.0 ], [ 15.127837878787529, 55.14345712085418, 0.0 ], [ 15.129179497985653, 55.144405805048557, 0.0 ], [ 15.129373915358309, 55.1441183932602, 0.0 ], [ 15.130305662442874, 55.14450968455494, 0.0 ], [ 15.131661004705574, 55.144369223676897, 0.0 ], [ 15.131344752059446, 55.144515572480501, 0.0 ], [ 15.132329914408508, 55.14486048162798, 0.0 ], [ 15.132787497336684, 55.144192312597994, 0.0 ], [ 15.132425059326485, 55.143986501425438, 0.0 ], [ 15.132941397846025, 55.143871644083035, 0.0 ], [ 15.133646069589178, 55.144086640565916, 0.0 ], [ 15.134088107449553, 55.143868020863124, 0.0 ], [ 15.134282378304494, 55.144118969431254, 0.0 ], [ 15.13445041657018, 55.143782997680617, 0.0 ], [ 15.135561250680823, 55.143977194583549, 0.0 ], [ 15.135913618622316, 55.143788850569273, 0.0 ], [ 15.136228795977038, 55.144273559558805, 0.0 ], [ 15.137695216189128, 55.144209355922492, 0.0 ], [ 15.138673501984561, 55.143665573790337, 0.0 ], [ 15.138243003012706, 55.143502838581412, 0.0 ], [ 15.139120980439662, 55.143171310146705, 0.0 ], [ 15.138425686343851, 55.143168281103648, 0.0 ], [ 15.139068873380939, 55.14290048565703, 0.0 ], [ 15.138635499164177, 55.14297308806816, 0.0 ], [ 15.138730509017641, 55.142625583825883, 0.0 ], [ 15.139410150463927, 55.14256484182421, 0.0 ], [ 15.139253456577146, 55.142300835811966, 0.0 ], [ 15.13840501346492, 55.14251886008239, 0.0 ], [ 15.138466980414799, 55.142210934231855, 0.0 ], [ 15.13764436639101, 55.142232345643919, 0.0 ], [ 15.139011964267981, 55.141556868686692, 0.0 ], [ 15.13884246035167, 55.141311698504339, 0.0 ], [ 15.139619803299224, 55.141231248488253, 0.0 ], [ 15.139132666410417, 55.140746687798682, 0.0 ], [ 15.139385738287087, 55.140085587537591, 0.0 ], [ 15.139798066391171, 55.140119395397988, 0.0 ], [ 15.139499457593638, 55.139457644737547, 0.0 ], [ 15.140284738913978, 55.139487090116688, 0.0 ], [ 15.139737041896032, 55.138931759813929, 0.0 ], [ 15.140157724530239, 55.138809730425265, 0.0 ], [ 15.140644342943666, 55.139227771492195, 0.0 ], [ 15.140250489668103, 55.139154674426159, 0.0 ], [ 15.140484949677791, 55.139834614505851, 0.0 ], [ 15.140871346064891, 55.139360539652365, 0.0 ], [ 15.142462890872084, 55.140352898208796, 0.0 ], [ 15.143468136600445, 55.1402520698906, 0.0 ], [ 15.144449690985535, 55.140930310939922, 0.0 ], [ 15.145076184391119, 55.140950202493947, 0.0 ], [ 15.145329189261192, 55.140355542194918, 0.0 ], [ 15.145869699629717, 55.140201226013986, 0.0 ], [ 15.145359146370952, 55.139756862447861, 0.0 ], [ 15.145872267346236, 55.139803106877096, 0.0 ], [ 15.145700945512681, 55.139400642618135, 0.0 ], [ 15.146095329822627, 55.139352767892191, 0.0 ], [ 15.14569554927056, 55.13887749701118, 0.0 ], [ 15.146350962877337, 55.138947511932109, 0.0 ], [ 15.145864397416496, 55.13791872937496, 0.0 ], [ 15.14649792024159, 55.138015063082079, 0.0 ], [ 15.145864558270377, 55.137853530249785, 0.0 ], [ 15.146360182956734, 55.13708234837015, 0.0 ], [ 15.145835881018639, 55.136831915539638, 0.0 ], [ 15.146063550720941, 55.136346316370002, 0.0 ], [ 15.145792047354522, 55.136471261753542, 0.0 ], [ 15.146457474462705, 55.13598790526526, 0.0 ], [ 15.145392202967825, 55.136366339873902, 0.0 ], [ 15.14518275712185, 55.136181277268669, 0.0 ], [ 15.145265470439899, 55.136451631449759, 0.0 ], [ 15.144629997022696, 55.136640105811509, 0.0 ], [ 15.14449629171777, 55.136060423788045, 0.0 ], [ 15.144084104886296, 55.136032388525102, 0.0 ], [ 15.144745438675491, 55.135297129314104, 0.0 ], [ 15.145070514904234, 55.135915118795175, 0.0 ], [ 15.144692969766666, 55.136122955168815, 0.0 ], [ 15.145389393500288, 55.135923111501185, 0.0 ], [ 15.145715251171803, 55.134129624394653, 0.0 ], [ 15.146191821153497, 55.134309268174739, 0.0 ], [ 15.146140936577424, 55.133892694691603, 0.0 ], [ 15.147032044787833, 55.133941498313938, 0.0 ], [ 15.147587789822172, 55.133475932850146, 0.0 ], [ 15.149502764076177, 55.133643594713917, 0.0 ], [ 15.150114537656274, 55.133252075770955, 0.0 ], [ 15.149903182332723, 55.132567829359033, 0.0 ], [ 15.150379965476276, 55.132389344624322, 0.0 ], [ 15.150573275734486, 55.132727478535365, 0.0 ], [ 15.152116364907645, 55.133117974339797, 0.0 ], [ 15.153239786359212, 55.132854486209141, 0.0 ], [ 15.153060587964335, 55.133182050593845, 0.0 ], [ 15.153632373198542, 55.133186298397916, 0.0 ], [ 15.153750040281269, 55.133514755323048, 0.0 ], [ 15.154583838045712, 55.132800589713582, 0.0 ], [ 15.154071092396871, 55.13279596531526, 0.0 ], [ 15.153983193787708, 55.132426200733207, 0.0 ], [ 15.154530625476978, 55.132193423821981, 0.0 ], [ 15.154669355200285, 55.131358623345285, 0.0 ], [ 15.15421513413871, 55.131528328498511, 0.0 ], [ 15.153766905623447, 55.13097855267457, 0.0 ], [ 15.152558067454882, 55.130975435758764, 0.0 ], [ 15.153119844050879, 55.130816313694964, 0.0 ], [ 15.152878820362458, 55.130427746220576, 0.0 ], [ 15.154090180236835, 55.130735348049768, 0.0 ], [ 15.154253798518175, 55.130508519434059, 0.0 ], [ 15.152614951660457, 55.129336288480388, 0.0 ], [ 15.153898484455027, 55.129289155159874, 0.0 ], [ 15.153992864800033, 55.129036302061607, 0.0 ], [ 15.152967240172998, 55.128688583014529, 0.0 ], [ 15.152389349269574, 55.127976453702331, 0.0 ], [ 15.152968467387128, 55.127682558232387, 0.0 ], [ 15.153438562585118, 55.128017014584742, 0.0 ], [ 15.154165742956758, 55.127865890852405, 0.0 ], [ 15.154548681305155, 55.128105983692585, 0.0 ], [ 15.154262378342141, 55.127159465195916, 0.0 ], [ 15.153158062717388, 55.127560935526809, 0.0 ], [ 15.152868466361342, 55.127471432607429, 0.0 ], [ 15.153660532221005, 55.127036268485519, 0.0 ], [ 15.152838234446516, 55.126808265954729, 0.0 ], [ 15.153217400706586, 55.126645340209706, 0.0 ], [ 15.152847532111092, 55.126266815290059, 0.0 ], [ 15.153210175565652, 55.12627887037965, 0.0 ], [ 15.15304003272181, 55.126017454156376, 0.0 ], [ 15.153916364264223, 55.126104949814177, 0.0 ], [ 15.153706017063419, 55.12574292307837, 0.0 ], [ 15.154527348420569, 55.125538310271843, 0.0 ], [ 15.15428522480723, 55.125060028750809, 0.0 ], [ 15.154926111565327, 55.124867351354332, 0.0 ], [ 15.155240521823515, 55.124202738646282, 0.0 ], [ 15.154513770983502, 55.123619275847467, 0.0 ], [ 15.155892458342912, 55.123847687486183, 0.0 ], [ 15.155679481129516, 55.123112477690334, 0.0 ], [ 15.154524136521388, 55.122733714978565, 0.0 ], [ 15.155063295768064, 55.122475689171445, 0.0 ], [ 15.154347728517525, 55.12229424270388, 0.0 ], [ 15.154651893736578, 55.122083428553232, 0.0 ], [ 15.153327223655605, 55.122455015799915, 0.0 ], [ 15.152356661459145, 55.122367251163617, 0.0 ], [ 15.151349159191405, 55.121288445526858, 0.0 ], [ 15.152003218460889, 55.121017497769984, 0.0 ], [ 15.151442127561197, 55.121018287625226, 0.0 ], [ 15.151148529027283, 55.121506430979508, 0.0 ], [ 15.149820816990131, 55.121098451306153, 0.0 ], [ 15.149280585132924, 55.120722064956908, 0.0 ], [ 15.149872130573142, 55.120013174827882, 0.0 ], [ 15.149165756320143, 55.119912272435073, 0.0 ], [ 15.148328137579183, 55.120672970626934, 0.0 ], [ 15.147123182904778, 55.120326097528398, 0.0 ], [ 15.147447825817581, 55.119523403996496, 0.0 ], [ 15.148143291545816, 55.119347806622976, 0.0 ], [ 15.147604056646111, 55.118921569647391, 0.0 ], [ 15.1488442683233, 55.118731165795566, 0.0 ], [ 15.147882243044352, 55.118673640108369, 0.0 ], [ 15.14806225951282, 55.118372874260359, 0.0 ], [ 15.146881674987744, 55.118550526391587, 0.0 ], [ 15.146610218750324, 55.118193925540758, 0.0 ], [ 15.14836174040432, 55.117865711963205, 0.0 ], [ 15.148243120922912, 55.117467247167014, 0.0 ], [ 15.147622276297289, 55.11752237143682, 0.0 ], [ 15.148443727371886, 55.117138064653119, 0.0 ], [ 15.147657478434894, 55.117241185705353, 0.0 ], [ 15.148035985821952, 55.116843115773207, 0.0 ], [ 15.147098043426364, 55.116662267286017, 0.0 ], [ 15.145780551491088, 55.115492509741145, 0.0 ], [ 15.1450755448137, 55.115447793293981, 0.0 ], [ 15.145614347897599, 55.114986870384236, 0.0 ], [ 15.143840011002155, 55.114374986056383, 0.0 ], [ 15.14323261688939, 55.1130934462388, 0.0 ], [ 15.144170370780376, 55.111852288140895, 0.0 ], [ 15.146245219914652, 55.111698442340717, 0.0 ], [ 15.146433489238287, 55.111440120936166, 0.0 ], [ 15.145372296049675, 55.111167987363629, 0.0 ], [ 15.1458551324067, 55.110931400464636, 0.0 ], [ 15.145425774350846, 55.110598551003555, 0.0 ], [ 15.145726650150275, 55.110424752271065, 0.0 ], [ 15.14516962196728, 55.109900362322357, 0.0 ], [ 15.144806461159716, 55.110011401629492, 0.0 ], [ 15.144689596606524, 55.109272124680636, 0.0 ], [ 15.143797022551015, 55.109003148348094, 0.0 ], [ 15.144036336612778, 55.108126805699385, 0.0 ], [ 15.144692104635087, 55.107853735726067, 0.0 ], [ 15.145342937173249, 55.10812269877654, 0.0 ], [ 15.144834341934915, 55.107772789940071, 0.0 ], [ 15.14535879506545, 55.107676094473739, 0.0 ], [ 15.144815256821113, 55.107563236385666, 0.0 ], [ 15.145789898500155, 55.107488317932464, 0.0 ], [ 15.145960710025451, 55.107728456970015, 0.0 ], [ 15.14617417972697, 55.107472731346078, 0.0 ], [ 15.147099460764696, 55.107510694183716, 0.0 ], [ 15.147055159681633, 55.107843935148118, 0.0 ], [ 15.145820507844656, 55.107792012894109, 0.0 ], [ 15.145369796755224, 55.108311328970856, 0.0 ], [ 15.145942019747695, 55.107983323875878, 0.0 ], [ 15.147189835168374, 55.107997300649409, 0.0 ], [ 15.147333070284995, 55.107738376661089, 0.0 ], [ 15.148818362178853, 55.107536361560868, 0.0 ], [ 15.149226344352458, 55.106774819514129, 0.0 ], [ 15.148563686528416, 55.105513033135146, 0.0 ], [ 15.149246066508137, 55.105684120809123, 0.0 ], [ 15.149200574117133, 55.105239182433429, 0.0 ], [ 15.146666278245769, 55.105243564558428, 0.0 ], [ 15.145465027190008, 55.104190565345647, 0.0 ], [ 15.146340504786489, 55.103056536062837, 0.0 ], [ 15.145772257773553, 55.102792042631215, 0.0 ], [ 15.145935124034882, 55.102528074087317, 0.0 ], [ 15.147728850564947, 55.101247942914149, 0.0 ], [ 15.147151154078145, 55.100012733516927, 0.0 ], [ 15.148643034917528, 55.098339889127708, 0.0 ], [ 15.148545592052585, 55.097984654455743, 0.0 ], [ 15.149839566256517, 55.098218663206161, 0.0 ], [ 15.149707882149933, 55.098608288712398, 0.0 ], [ 15.150485585034325, 55.098483697257443, 0.0 ], [ 15.150336214339646, 55.098150274402713, 0.0 ], [ 15.148627634569483, 55.097826164388614, 0.0 ], [ 15.149040447864955, 55.097654967227491, 0.0 ], [ 15.148693569915254, 55.097310389798061, 0.0 ], [ 15.149509609871014, 55.096598132465189, 0.0 ], [ 15.15027140252881, 55.096421492369053, 0.0 ], [ 15.150043454538048, 55.096126267932654, 0.0 ], [ 15.151376843670139, 55.09468688269223, 0.0 ], [ 15.152769667599207, 55.094581877162277, 0.0 ], [ 15.152898794861592, 55.094918394532641, 0.0 ], [ 15.153621785513428, 55.094649244144179, 0.0 ], [ 15.153216797683591, 55.094534804820015, 0.0 ], [ 15.153589294336953, 55.094164568588937, 0.0 ], [ 15.153199277618837, 55.093561606521085, 0.0 ], [ 15.155613360694963, 55.092768263785437, 0.0 ], [ 15.155716208070251, 55.091897910908784, 0.0 ], [ 15.156312905251079, 55.091570767984123, 0.0 ], [ 15.155635371161233, 55.090845353668271, 0.0 ], [ 15.15520599208044, 55.090860650887052, 0.0 ], [ 15.155560877525525, 55.090683993127342, 0.0 ], [ 15.154496492579758, 55.089779020758741, 0.0 ], [ 15.154725122825159, 55.089526829348038, 0.0 ], [ 15.153157784717495, 55.08920634338012, 0.0 ], [ 15.153679465356406, 55.088184912302161, 0.0 ], [ 15.154747277303009, 55.08787638408009, 0.0 ], [ 15.154629390962542, 55.087291950095015, 0.0 ], [ 15.155527031000704, 55.087308367341308, 0.0 ], [ 15.156298893230746, 55.086583439723135, 0.0 ], [ 15.156231213706144, 55.085727140033072, 0.0 ], [ 15.1551168264266, 55.085274929353467, 0.0 ], [ 15.156049022397147, 55.084812269183615, 0.0 ], [ 15.155974820703703, 55.084093796593862, 0.0 ], [ 15.15661936190526, 55.084450261780276, 0.0 ], [ 15.156088674347314, 55.083745945824603, 0.0 ], [ 15.156289996779247, 55.083317930589153, 0.0 ], [ 15.15667211127114, 55.084082819810753, 0.0 ], [ 15.156839361806119, 55.083983569722172, 0.0 ], [ 15.156511830426455, 55.083365023196485, 0.0 ], [ 15.15697215739425, 55.083069464705098, 0.0 ], [ 15.156817523065218, 55.082298706609301, 0.0 ], [ 15.155864167079981, 55.080907106472623, 0.0 ], [ 15.156033035155405, 55.08052927129642, 0.0 ], [ 15.155231625633562, 55.079619973738104, 0.0 ], [ 15.154388650416218, 55.07915462210552, 0.0 ], [ 15.153891163970844, 55.079240454756061, 0.0 ], [ 15.153689729141444, 55.078688982323605, 0.0 ], [ 15.152934956836834, 55.07847090841782, 0.0 ], [ 15.152543414947031, 55.07703575807632, 0.0 ], [ 15.150963976892148, 55.075189372299945, 0.0 ], [ 15.150410652604926, 55.075061109176175, 0.0 ], [ 15.150493837876494, 55.075369971444204, 0.0 ], [ 15.14998716532873, 55.074914826731337, 0.0 ], [ 15.147352658930616, 55.074678716776056, 0.0 ], [ 15.139813049241766, 55.070178229036841, 0.0 ], [ 15.137735157394845, 55.068409953880824, 0.0 ], [ 15.137141141510035, 55.066627727479833, 0.0 ], [ 15.137286084446195, 55.064212848231321, 0.0 ], [ 15.137870175516072, 55.063990156023038, 0.0 ], [ 15.137696303028696, 55.064292220627827, 0.0 ], [ 15.139357077046776, 55.064575734152093, 0.0 ], [ 15.137285091837196, 55.063610876754943, 0.0 ], [ 15.136331615974113, 55.063691076522318, 0.0 ], [ 15.135907735307608, 55.065828595808711, 0.0 ], [ 15.135620654141878, 55.065701119593072, 0.0 ], [ 15.135683913388542, 55.064203492365401, 0.0 ], [ 15.13542057208298, 55.064719966363946, 0.0 ], [ 15.135101882384605, 55.06364063302604, 0.0 ], [ 15.136607077542978, 55.063313912347418, 0.0 ], [ 15.135954550414185, 55.063032673167442, 0.0 ], [ 15.134954521726911, 55.063394077122886, 0.0 ], [ 15.135288861722564, 55.063065172448049, 0.0 ], [ 15.134597325713429, 55.062818944613554, 0.0 ], [ 15.135121405095276, 55.06212775041498, 0.0 ], [ 15.135564157864476, 55.062914744994075, 0.0 ], [ 15.135824672908027, 55.062983776624733, 0.0 ], [ 15.13583072613798, 55.062239543083521, 0.0 ], [ 15.135366404272716, 55.06220918301748, 0.0 ], [ 15.135825548852118, 55.061350639795407, 0.0 ], [ 15.135206831819053, 55.061309810337448, 0.0 ], [ 15.135429673932904, 55.059969699456659, 0.0 ], [ 15.136049124525639, 55.059991941467302, 0.0 ], [ 15.136131143146468, 55.059472752013029, 0.0 ], [ 15.13551427236048, 55.059433542286996, 0.0 ], [ 15.136210761028014, 55.057359399241399, 0.0 ], [ 15.136159852719658, 55.057734838696334, 0.0 ], [ 15.136425228029275, 55.057370880123578, 0.0 ], [ 15.136384335163871, 55.057764541802811, 0.0 ], [ 15.137675102366371, 55.057835650437703, 0.0 ], [ 15.137582424703098, 55.058387435862812, 0.0 ], [ 15.136719448112252, 55.058343126758864, 0.0 ], [ 15.137570613133184, 55.058449442244886, 0.0 ], [ 15.137490763617992, 55.058924402811151, 0.0 ], [ 15.136630591013681, 55.058880040940224, 0.0 ], [ 15.137481314129886, 55.058986469747133, 0.0 ], [ 15.137386911494747, 55.059534200237266, 0.0 ], [ 15.136530108097487, 55.059495519577659, 0.0 ], [ 15.136604366683637, 55.061385888195048, 0.0 ], [ 15.136115620448983, 55.061476342686859, 0.0 ], [ 15.136580825935738, 55.061512507701444, 0.0 ], [ 15.136131589272367, 55.062326162257548, 0.0 ], [ 15.136526650610573, 55.063028225441627, 0.0 ], [ 15.136815015189029, 55.06249607574739, 0.0 ], [ 15.137902023686674, 55.062612340115791, 0.0 ], [ 15.13813338642761, 55.063421998128867, 0.0 ], [ 15.141292683128853, 55.064898617533238, 0.0 ], [ 15.141175674016401, 55.064548693625497, 0.0 ], [ 15.139457196939322, 55.063873379879695, 0.0 ], [ 15.139710701318526, 55.060924361251836, 0.0 ], [ 15.139010459708981, 55.06060404460176, 0.0 ], [ 15.13901383769328, 55.059901994493508, 0.0 ], [ 15.138255087990823, 55.05936502225461, 0.0 ], [ 15.138412984013947, 55.056956237287856, 0.0 ], [ 15.130018727252942, 55.055354175755042, 0.0 ], [ 15.128802850597706, 55.055314590154275, 0.0 ], [ 15.128578482633191, 55.056190866298458, 0.0 ], [ 15.128123924821457, 55.056222655999299, 0.0 ], [ 15.128570976774361, 55.055244728205231, 0.0 ], [ 15.128044481325112, 55.055846694111182, 0.0 ], [ 15.127951086631038, 55.056236070012226, 0.0 ], [ 15.127880589757229, 55.056392161877518, 0.0 ], [ 15.127796362470308, 55.05640037875235, 0.0 ], [ 15.127818604320931, 55.055852792908084, 0.0 ], [ 15.127038773865046, 55.055813220069915, 0.0 ], [ 15.127439726700546, 55.055489076143971, 0.0 ], [ 15.126479921980911, 55.055314975162034, 0.0 ], [ 15.125107010618585, 55.054171722863337, 0.0 ], [ 15.124670915612185, 55.052870225639829, 0.0 ], [ 15.124097365926794, 55.052507955834599, 0.0 ], [ 15.124812389458464, 55.051978605463376, 0.0 ], [ 15.12388597458316, 55.051344039795858, 0.0 ], [ 15.124725538740359, 55.050944904143897, 0.0 ], [ 15.123649447791149, 55.05062412586188, 0.0 ], [ 15.123181354652635, 55.049806322120695, 0.0 ], [ 15.124299712571593, 55.049648651014074, 0.0 ], [ 15.123397327760667, 55.048996482362085, 0.0 ], [ 15.124479977165588, 55.048067336683232, 0.0 ], [ 15.12378420214147, 55.047677563694606, 0.0 ], [ 15.124745797538294, 55.04772031023974, 0.0 ], [ 15.123746623399873, 55.046201433097288, 0.0 ], [ 15.12217076812183, 55.045581729642713, 0.0 ], [ 15.119316585426686, 55.04354551705034, 0.0 ], [ 15.114195609615775, 55.041232589372271, 0.0 ], [ 15.113213579332713, 55.041240675826792, 0.0 ], [ 15.113300900162395, 55.040610761629402, 0.0 ], [ 15.112680005288112, 55.040811874802216, 0.0 ], [ 15.112769789180998, 55.040224696389302, 0.0 ], [ 15.111884578436591, 55.039946875865688, 0.0 ], [ 15.111660358408054, 55.039493296109107, 0.0 ], [ 15.111651684766445, 55.040106549398828, 0.0 ], [ 15.111276513167876, 55.039451051710067, 0.0 ], [ 15.111253163059011, 55.039770251608395, 0.0 ], [ 15.11109958786701, 55.039465999921845, 0.0 ], [ 15.110135878944547, 55.039469537630183, 0.0 ], [ 15.109457738655159, 55.038577366004851, 0.0 ], [ 15.109664140978067, 55.036910943680169, 0.0 ], [ 15.110631035895091, 55.034865849117196, 0.0 ], [ 15.11284841917292, 55.03226114034829, 0.0 ], [ 15.117200063244889, 55.028840742569059, 0.0 ], [ 15.120952498060678, 55.027359470785932, 0.0 ], [ 15.121763633481738, 55.026521387438201, 0.0 ], [ 15.122882621398846, 55.026506216154161, 0.0 ], [ 15.122388671557783, 55.026353146645015, 0.0 ], [ 15.122742552248535, 55.026203367311275, 0.0 ], [ 15.121639045050292, 55.026200828213206, 0.0 ], [ 15.119609676544883, 55.025343429988034, 0.0 ], [ 15.11949164411336, 55.024757097322777, 0.0 ], [ 15.119062904824952, 55.02499438310921, 0.0 ], [ 15.118353136597575, 55.024660672226034, 0.0 ], [ 15.117693269476645, 55.021988688746134, 0.0 ], [ 15.116817362214165, 55.020936633626143, 0.0 ], [ 15.117303892479571, 55.019533471369812, 0.0 ], [ 15.120015392418914, 55.016867199389615, 0.0 ], [ 15.120246948359224, 55.015446368185664, 0.0 ], [ 15.119865290521652, 55.014934212436941, 0.0 ], [ 15.120236550524595, 55.01448462457985, 0.0 ], [ 15.120569305281803, 55.01455291455909, 0.0 ], [ 15.113591181665948, 55.011634548617607, 0.0 ], [ 15.112967701434403, 55.011623939700556, 0.0 ], [ 15.108071517073354, 55.009314390906681, 0.0 ], [ 15.102181570644676, 55.004621536057655, 0.0 ], [ 15.08844494577435, 54.991845441153586, 0.0 ], [ 15.08462261348591, 54.989389613199492, 0.0 ], [ 15.079578966050615, 54.987563270576118, 0.0 ], [ 15.076694339763169, 54.987018510303329, 0.0 ], [ 15.073800608913718, 54.987394600759195, 0.0 ], [ 15.043340734978591, 54.994332717465745, 0.0 ], [ 15.032767565238174, 54.995541954899217, 0.0 ], [ 15.029197112987685, 54.995173889004946, 0.0 ], [ 15.027974432624205, 54.994688450669194, 0.0 ], [ 15.023073287524692, 54.995059927668642, 0.0 ], [ 15.021535388859444, 54.994589728109929, 0.0 ], [ 15.019195648203178, 54.995539837732977, 0.0 ], [ 15.012719266899627, 54.996809314219163, 0.0 ], [ 15.009834234842463, 54.996765826664593, 0.0 ], [ 15.007572876679012, 54.997543540512517, 0.0 ], [ 15.001900782711123, 54.998314825554999, 0.0 ], [ 14.997975354258205, 54.998414121840575, 0.0 ], [ 14.995300882764372, 54.999187907317157, 0.0 ], [ 14.991356814603197, 54.999849086940053, 0.0 ], [ 14.989773177777352, 54.999735660139272, 0.0 ], [ 14.989726026418095, 54.99935534753817, 0.0 ], [ 14.989341241585976, 54.999464481759134, 0.0 ], [ 14.989924849442625, 54.999222808339248, 0.0 ], [ 14.989321994853439, 54.999320028618286, 0.0 ], [ 14.988926795627364, 54.99983095498304, 0.0 ], [ 14.98437567701334, 55.00013051516796, 0.0 ], [ 14.981140250827462, 55.001694965866534, 0.0 ], [ 14.976134284294812, 55.003076512536609, 0.0 ], [ 14.971974214949091, 55.003825026474402, 0.0 ], [ 14.966297879527653, 55.004031747919207, 0.0 ], [ 14.963208381697765, 55.0037498507781, 0.0 ], [ 14.956944514052294, 55.006009056428155, 0.0 ], [ 14.955167352231317, 55.006279391409883, 0.0 ], [ 14.946915467050033, 55.010559615523348, 0.0 ], [ 14.940063218385129, 55.013418507658173, 0.0 ], [ 14.935189945446551, 55.015066828066225, 0.0 ], [ 14.931250299319645, 55.015888269154594, 0.0 ], [ 14.929663032121319, 55.015924480519828, 0.0 ], [ 14.927651285840991, 55.015086253037651, 0.0 ], [ 14.924540608103182, 55.014483279591751, 0.0 ], [ 14.922976104818904, 55.015895296400068, 0.0 ], [ 14.914494278467721, 55.020597364641347, 0.0 ], [ 14.907623004158415, 55.022803435345345, 0.0 ], [ 14.905648534945014, 55.022701354199199, 0.0 ], [ 14.905279588638573, 55.022167623451118, 0.0 ], [ 14.905124961895902, 55.022830741381647, 0.0 ], [ 14.904625197808912, 55.022967519773992, 0.0 ], [ 14.903952023490062, 55.02249379097973, 0.0 ], [ 14.905302633959266, 55.021957364647236, 0.0 ], [ 14.903925910235973, 55.022231728453882, 0.0 ], [ 14.903515529493967, 55.022858768230243, 0.0 ], [ 14.901734522911436, 55.02328017477555, 0.0 ], [ 14.897584157678034, 55.02590796902399, 0.0 ], [ 14.894431728701512, 55.027263901972148, 0.0 ], [ 14.892149000224135, 55.028740722152037, 0.0 ], [ 14.884207291270542, 55.032295586897234, 0.0 ], [ 14.879701026423776, 55.033294730513049, 0.0 ], [ 14.87671156466377, 55.033605109882586, 0.0 ], [ 14.872485171564573, 55.035405390377363, 0.0 ], [ 14.867715845498964, 55.036200021834254, 0.0 ], [ 14.866682355743846, 55.036857327677339, 0.0 ], [ 14.862042171394888, 55.038381177363242, 0.0 ], [ 14.855211720696735, 55.03951993243308, 0.0 ], [ 14.85236375891915, 55.040291227978507, 0.0 ], [ 14.849078855981077, 55.040628648750847, 0.0 ], [ 14.846554045404156, 55.041595844789555, 0.0 ], [ 14.842670736555007, 55.042521494195938, 0.0 ], [ 14.838565784334815, 55.04284596146946, 0.0 ], [ 14.835953954872858, 55.042653840180463, 0.0 ], [ 14.833533974063993, 55.042025811437199, 0.0 ], [ 14.832044203835599, 55.040980807462226, 0.0 ], [ 14.821758786830451, 55.044510023528304, 0.0 ], [ 14.817934482871696, 55.046127099991203, 0.0 ], [ 14.814915803333632, 55.046771444839365, 0.0 ], [ 14.808687040924923, 55.050316586735022, 0.0 ] ], [ [ 14.8265787493325, 55.220430265946824, 0.0 ], [ 14.823474648697339, 55.221863154056415, 0.0 ], [ 14.817590028929887, 55.223104289395579, 0.0 ], [ 14.810906371104871, 55.225192533934838, 0.0 ], [ 14.802867722874012, 55.228871573227551, 0.0 ], [ 14.795897793885436, 55.231546229358649, 0.0 ], [ 14.787522013352911, 55.236226621951786, 0.0 ], [ 14.782610334730906, 55.240086850169206, 0.0 ], [ 14.775710511929256, 55.233659626161995, 0.0 ], [ 14.771315285853815, 55.230426292428056, 0.0 ], [ 14.765299258007358, 55.225134092894834, 0.0 ], [ 14.763169106434823, 55.221599742799192, 0.0 ], [ 14.757255134164994, 55.213975697982228, 0.0 ], [ 14.753330161257177, 55.204947438215989, 0.0 ], [ 14.752454140090865, 55.200825001871976, 0.0 ], [ 14.750147707493408, 55.195602305549855, 0.0 ], [ 14.751832598140467, 55.187847662467576, 0.0 ], [ 14.75066461609712, 55.180605801236169, 0.0 ], [ 14.752511412706598, 55.173838283156307, 0.0 ], [ 14.753427021569937, 55.166272940173847, 0.0 ], [ 14.753077260861069, 55.162187275813068, 0.0 ], [ 14.75204865834457, 55.158815470956519, 0.0 ], [ 14.752587069710188, 55.15443039443273, 0.0 ], [ 14.752343895269227, 55.15085577201512, 0.0 ], [ 14.753472552172392, 55.146567418918053, 0.0 ], [ 14.754779870722221, 55.135509248924883, 0.0 ], [ 14.753825282297303, 55.127880507670611, 0.0 ], [ 14.752257644929681, 55.122981590312911, 0.0 ], [ 14.749102518655091, 55.117446030659181, 0.0 ], [ 14.74898275256686, 55.111234467550268, 0.0 ], [ 14.746440720669229, 55.103260373006691, 0.0 ], [ 14.75538323568947, 55.099549303373969, 0.0 ], [ 14.761927032182276, 55.095884325794238, 0.0 ], [ 14.767453024068697, 55.091775894885302, 0.0 ], [ 14.772137643938745, 55.087158150965749, 0.0 ], [ 14.781730892267543, 55.083963626918745, 0.0 ], [ 14.789335669509553, 55.080994770073453, 0.0 ], [ 14.801226823478821, 55.080544265092037, 0.0 ], [ 14.814298868121845, 55.078696023134761, 0.0 ], [ 14.821522090286413, 55.07697414459134, 0.0 ], [ 14.831232316595612, 55.073993817846052, 0.0 ], [ 14.841518907581039, 55.069707928609652, 0.0 ], [ 14.848870893468753, 55.069309627713416, 0.0 ], [ 14.856336083756945, 55.068313222585651, 0.0 ], [ 14.88280754713084, 55.062528351087039, 0.0 ], [ 14.908510276915694, 55.055265506436491, 0.0 ], [ 14.917376558384417, 55.051765386348826, 0.0 ], [ 14.925313855980074, 55.047779498143612, 0.0 ], [ 14.933492512463369, 55.045649643110025, 0.0 ], [ 14.943253262736176, 55.041906323875438, 0.0 ], [ 14.952043938886579, 55.040211533601806, 0.0 ], [ 14.95850445884906, 55.038417648394706, 0.0 ], [ 14.967263327243629, 55.035329759289972, 0.0 ], [ 14.978661257779747, 55.030467587358743, 0.0 ], [ 14.989581393560487, 55.02895568773156, 0.0 ], [ 15.000434218865685, 55.026336080223587, 0.0 ], [ 15.028918012326193, 55.022126910296031, 0.0 ], [ 15.043381712655831, 55.021595815168084, 0.0 ], [ 15.051703809885318, 55.020504849599284, 0.0 ], [ 15.06086318200132, 55.018729391944561, 0.0 ], [ 15.067811033659218, 55.024199786621644, 0.0 ], [ 15.065578670754308, 55.02767637022329, 0.0 ], [ 15.063885459937167, 55.031427931164366, 0.0 ], [ 15.062772663500828, 55.037047900907957, 0.0 ], [ 15.06350898922617, 55.043358482279608, 0.0 ], [ 15.06613851971774, 55.04896844536011, 0.0 ], [ 15.070922510195853, 55.054323533340465, 0.0 ], [ 15.074823486424069, 55.05724419798414, 0.0 ], [ 15.079059489224557, 55.059711005705211, 0.0 ], [ 15.082702353161475, 55.065556868314488, 0.0 ], [ 15.090195447883533, 55.072475487560304, 0.0 ], [ 15.092429232941873, 55.076230358073815, 0.0 ], [ 15.096459985640543, 55.081033570322177, 0.0 ], [ 15.100445846623295, 55.084784201986182, 0.0 ], [ 15.105033437683131, 55.088095578571732, 0.0 ], [ 15.100700619341216, 55.095223510799848, 0.0 ], [ 15.097338186893996, 55.104407456606545, 0.0 ], [ 15.096303732002582, 55.11317851209337, 0.0 ], [ 15.097390376167303, 55.119181099486752, 0.0 ], [ 15.085815462862666, 55.122360781832249, 0.0 ], [ 15.081077291491759, 55.123969130327666, 0.0 ], [ 15.075804787528032, 55.124791424690819, 0.0 ], [ 15.068488672860237, 55.126401283235921, 0.0 ], [ 15.063073044239712, 55.128126128030473, 0.0 ], [ 15.058799421062345, 55.129909168556608, 0.0 ], [ 15.049197160384614, 55.132761472575446, 0.0 ], [ 15.042796151005655, 55.135357294188765, 0.0 ], [ 15.03711922724929, 55.136960305162432, 0.0 ], [ 15.0316939648585, 55.139062754301648, 0.0 ], [ 15.026538791742494, 55.141751181604612, 0.0 ], [ 15.021882655613938, 55.145053161198, 0.0 ], [ 15.014865414520845, 55.148541306955366, 0.0 ], [ 15.007044631225355, 55.150469379710991, 0.0 ], [ 14.997872352417593, 55.153205100175377, 0.0 ], [ 14.992662097716863, 55.155123109139431, 0.0 ], [ 14.980064495269621, 55.161634789636963, 0.0 ], [ 14.970857234601894, 55.168059337592666, 0.0 ], [ 14.961331048767512, 55.172183402910093, 0.0 ], [ 14.9558547869753, 55.175112572433392, 0.0 ], [ 14.950722788777147, 55.178621704152469, 0.0 ], [ 14.946662803810268, 55.18248886461901, 0.0 ], [ 14.938395637945762, 55.1827551074986, 0.0 ], [ 14.93172637690437, 55.183549425014299, 0.0 ], [ 14.923425052612348, 55.185200694526792, 0.0 ], [ 14.914558687991812, 55.187708407266122, 0.0 ], [ 14.906131472729889, 55.190882194752227, 0.0 ], [ 14.898176808268891, 55.195198841032557, 0.0 ], [ 14.878842656189404, 55.199875551999725, 0.0 ], [ 14.87173269989527, 55.201992085488151, 0.0 ], [ 14.863899026775107, 55.203859959599356, 0.0 ], [ 14.859237869142808, 55.205403672101816, 0.0 ], [ 14.854762604386432, 55.207314102782554, 0.0 ], [ 14.849428801553557, 55.210154669289679, 0.0 ], [ 14.84566989195392, 55.212786757404089, 0.0 ], [ 14.842100502966614, 55.215959485075274, 0.0 ], [ 14.833828261636343, 55.217853133482564, 0.0 ], [ 14.8265787493325, 55.220430265946824, 0.0 ] ] ] } },
{ "type": "Feature", "properties": { "layer_id": "coastal_zone_3km", "label": "Coastal zone 3 km", "tooltip_title": "Source layer: Coastal zone 3 km", "tooltip_body": "Kystnaerhedszonen 3 km planning-zone polygon from Miljoeministeriet / PLST.<br>Clipped to Bornholm DAGI Landsdel landmass." }, "geometry": { "type": "Polygon", "coordinates": [ [ [ 15.096264617397201, 55.150160563280131, 0.0 ], [ 15.095753375700445, 55.150191716557309, 0.0 ], [ 15.096266250987091, 55.150187673326755, 0.0 ], [ 15.096264617397201, 55.150160563280131, 0.0 ] ] ] } }
]
}
