{
"type": "FeatureCollection",
"name": "strand_protection_raw_source_wgs84",
"crs": { "type": "name", "properties": { "name": "urn:ogc:def:crs:OGC:1.3:CRS84" } },
"features": [
{ "type": "Feature", "properties": { "id": 1.0, "lokalid": "575344_4", "registreri": "2018-06-03T19:04:28.674000+02:00", "registre_1": null, "virkningfr": "2013-08-20T13:05:24.193000+02:00", "virkningti": null, "virkningsa": "Geodatastyrelsen", "forretning": "Afledt ændring", "forretni_1": "Matrikulær sag", "senestesag": "100069932", "jordstykke": "575344", "temafladei": 4.0, "tematype": "Strandbeskyttelse", "status": "Gældende", "paataenkth": null, "id_namespa": "http://data.gov.dk/Matriklen/JordstykkeTemaflade" }, "geometry": { "type": "GeometryCollection", "geometries": [ { "type": "MultiPolygon", "coordinates": [ [ [ [ 14.775791451277557, 55.052772302662682 ], [ 14.775606885553717, 55.052853824860939 ], [ 14.775347189083289, 55.052983645246073 ], [ 14.77496446103137, 55.053128250424628 ], [ 14.77470120293936, 55.053227892603701 ], [ 14.774418779840131, 55.05333002154746 ], [ 14.774222047394533, 55.053397690038338 ], [ 14.773869639175569, 55.053539039364232 ], [ 14.773346987095053, 55.053721939399139 ], [ 14.77309634101192, 55.053824488678302 ], [ 14.772984396713355, 55.053879587186955 ], [ 14.77256055985622, 55.054056513236148 ], [ 14.772448959001638, 55.054102484720957 ], [ 14.772144764475053, 55.054231704880415 ], [ 14.772039190660166, 55.054285977306186 ], [ 14.771789788370585, 55.054396755505842 ], [ 14.771295369456118, 55.054628409112624 ], [ 14.771171593812818, 55.054699786229676 ], [ 14.770697598370083, 55.054937181485357 ], [ 14.77044965627795, 55.055089972202531 ], [ 14.770286120256017, 55.055200984918429 ], [ 14.770040920746574, 55.055364761922228 ], [ 14.769883085679613, 55.05545302467894 ], [ 14.769765225203786, 55.055535434641406 ], [ 14.76943777956879, 55.055727318475668 ], [ 14.768843085696963, 55.056037951100876 ], [ 14.768622894586212, 55.056172854610985 ], [ 14.768271250119529, 55.056372627927587 ], [ 14.767776623218394, 55.056647170970237 ], [ 14.76767118580546, 55.056697795948601 ], [ 14.767475215722282, 55.056784636036916 ], [ 14.767308490327871, 55.056856348721453 ], [ 14.767121922345479, 55.056946954345634 ], [ 14.767002801895883, 55.057021130312684 ], [ 14.766615399967597, 55.057200335521692 ], [ 14.766314575835661, 55.057323195380171 ], [ 14.766251067218944, 55.057359772900057 ], [ 14.766131580568182, 55.057482324599938 ], [ 14.766071163984083, 55.057520771566367 ], [ 14.765763353447754, 55.057659049418689 ], [ 14.765414258603451, 55.057757698150944 ], [ 14.764479150076388, 55.05786234451363 ], [ 14.763096192010272, 55.057939065194105 ], [ 14.762052577070197, 55.058170031329652 ], [ 14.76154311992738, 55.058309761273449 ], [ 14.761471775778972, 55.058344133549944 ], [ 14.763664518263804, 55.06061058350096 ], [ 14.768673202190147, 55.059339403948137 ], [ 14.770554507782341, 55.058863662292104 ], [ 14.771540150936783, 55.058348382375783 ], [ 14.772207156060883, 55.057977349872111 ], [ 14.772836114120533, 55.057608348369214 ], [ 14.773578187047573, 55.057190310333006 ], [ 14.774032150253543, 55.056884279640961 ], [ 14.774534143331124, 55.056627237769185 ], [ 14.775043067346422, 55.056401290303718 ], [ 14.775497119952206, 55.056213276523508 ], [ 14.776163150782184, 55.055936186247365 ], [ 14.776897114300997, 55.05564720705371 ], [ 14.777415806569206, 55.055495771925457 ], [ 14.777288096162625, 55.055300626911126 ], [ 14.776990524852007, 55.05501572398515 ], [ 14.776795059835459, 55.05502011409267 ], [ 14.776639253950211, 55.0550044226121 ], [ 14.776341472963411, 55.054902902082709 ], [ 14.776036932700469, 55.054758699317766 ], [ 14.775976051823731, 55.054708070381352 ], [ 14.775935610788997, 55.054630236255392 ], [ 14.77599709348733, 55.054474624300781 ], [ 14.776085576529933, 55.054346353940439 ], [ 14.777107998346835, 55.054089705898583 ], [ 14.777192349858986, 55.054066380415257 ], [ 14.777131123499428, 55.053982100432137 ], [ 14.77714543459274, 55.053978043292872 ], [ 14.77709758675852, 55.053932096699789 ], [ 14.776982311787915, 55.053791614725441 ], [ 14.776863329858568, 55.053712091688773 ], [ 14.776728891221447, 55.053635095798747 ], [ 14.776676639682782, 55.05360186269322 ], [ 14.776566328557504, 55.053607654128157 ], [ 14.776478785767614, 55.05350607319366 ], [ 14.776380472370946, 55.053383768838366 ], [ 14.776287161408344, 55.05329196864183 ], [ 14.776269447544671, 55.053274528483691 ], [ 14.776184085840731, 55.053182934960482 ], [ 14.776167375847908, 55.053110668912943 ], [ 14.776118130064312, 55.05306631889507 ], [ 14.775791451277557, 55.052772302662682 ] ] ], [ [ [ 14.737110397313469, 55.068241390317461 ], [ 14.736507207746836, 55.067925855348832 ], [ 14.736461686644327, 55.067944660377691 ], [ 14.736261649680056, 55.068015678682286 ], [ 14.735778461581628, 55.068275957479543 ], [ 14.735664486787257, 55.068337416509827 ], [ 14.735600915571606, 55.068429287629876 ], [ 14.735567527022063, 55.068524998565138 ], [ 14.735545789669201, 55.06858788700476 ], [ 14.735521553319989, 55.068802368963013 ], [ 14.735501650718971, 55.069043336838384 ], [ 14.735504928638193, 55.069228738675505 ], [ 14.735461183542457, 55.069563625046527 ], [ 14.735411575067621, 55.069677494072955 ], [ 14.735385962224182, 55.069782361536475 ], [ 14.735325343218378, 55.069887937903715 ], [ 14.735240761679901, 55.069997941198288 ], [ 14.735057972933276, 55.070176786443348 ], [ 14.734830733819724, 55.070349899878579 ], [ 14.734576442237381, 55.070616893721258 ], [ 14.734354255042486, 55.070581859099143 ], [ 14.734144889160715, 55.070637281800742 ], [ 14.734146129615155, 55.070940389862479 ], [ 14.734072124388117, 55.071176414545953 ], [ 14.733947752411362, 55.07128433566335 ], [ 14.73385904826956, 55.071355041161205 ], [ 14.733656263434616, 55.071488081618803 ], [ 14.733451695771207, 55.071632980422585 ], [ 14.733341480283176, 55.071751025451483 ], [ 14.733161060901836, 55.071970885260441 ], [ 14.732914414469004, 55.072248775379414 ], [ 14.732703333242185, 55.072426945397602 ], [ 14.732519796360842, 55.072559272711082 ], [ 14.732295722903086, 55.072737011296333 ], [ 14.732036340751542, 55.072944772811184 ], [ 14.732011322388242, 55.072961320503509 ], [ 14.732116823349099, 55.073017740448499 ], [ 14.732214904969471, 55.072978352285176 ], [ 14.732329599326086, 55.072983801178253 ], [ 14.732544855793682, 55.073072809507188 ], [ 14.732675654334736, 55.073125383100752 ], [ 14.732869679703096, 55.073014385469357 ], [ 14.732870621081359, 55.073014386017917 ], [ 14.732870635819692, 55.073013395111403 ], [ 14.732890594232881, 55.072994385640449 ], [ 14.732910550499506, 55.072974377054734 ], [ 14.732910549654168, 55.072973386884208 ], [ 14.732917671353885, 55.072957414202428 ], [ 14.732917801808176, 55.072957130028129 ], [ 14.733030592015869, 55.072711432729506 ], [ 14.733373551573004, 55.07252738412673 ], [ 14.733388628954685, 55.072513394132478 ], [ 14.733406530854444, 55.072501377169878 ], [ 14.73341958310138, 55.072486393595533 ], [ 14.733429040866962, 55.072475333602647 ], [ 14.733489568659676, 55.072404384082546 ], [ 14.733613542943672, 55.072290379037135 ], [ 14.73362253139525, 55.072274408144729 ], [ 14.733635599073819, 55.072259423814351 ], [ 14.733638610879961, 55.072249361434366 ], [ 14.733762554657964, 55.072218364340252 ], [ 14.733766632577616, 55.072216389329405 ], [ 14.733772594080124, 55.07221540557255 ], [ 14.733773519856671, 55.072215406850624 ], [ 14.733786885697789, 55.072208078051702 ], [ 14.733825611408122, 55.072189433145567 ], [ 14.733827651385937, 55.072186375149705 ], [ 14.733832514833237, 55.072184408039234 ], [ 14.733835654142119, 55.07218234233536 ], [ 14.733835756711866, 55.072182247926122 ], [ 14.734246419117333, 55.071804253819678 ], [ 14.734249519246163, 55.071801400275611 ], [ 14.734541365192905, 55.071533425998901 ], [ 14.73455450247484, 55.071521363189433 ], [ 14.734817009528479, 55.071280039339683 ], [ 14.734839509686942, 55.071259354692167 ], [ 14.73484250635666, 55.071253343853869 ], [ 14.734849582181514, 55.071248319538974 ], [ 14.734926509406073, 55.071150326749233 ], [ 14.735088556247302, 55.071104367078853 ], [ 14.735164659751375, 55.071090411963866 ], [ 14.735339526855741, 55.071058346332329 ], [ 14.73536852311582, 55.071047344154501 ], [ 14.735398617033258, 55.071038306534618 ], [ 14.735589049088242, 55.070935824245474 ], [ 14.735634564838856, 55.070911329519554 ], [ 14.735874536324683, 55.070781595251759 ], [ 14.735880537031843, 55.070778351110853 ], [ 14.73588259053259, 55.070776372667311 ], [ 14.735885559141719, 55.070775305183822 ], [ 14.736186516274996, 55.07059829183364 ], [ 14.736187236436759, 55.070597577194526 ], [ 14.736193574388462, 55.070591287845325 ], [ 14.73620455708306, 55.070585286640465 ], [ 14.736421482711577, 55.070397291636908 ], [ 14.736464499572655, 55.070365282184518 ], [ 14.736464864145962, 55.070365008773599 ], [ 14.736632499025889, 55.070239290867441 ], [ 14.736637534144757, 55.070232292442391 ], [ 14.736646476954803, 55.070226288582397 ], [ 14.736647574431277, 55.070225300511567 ], [ 14.7366476166487, 55.070225254301732 ], [ 14.736933564850277, 55.069912262092082 ], [ 14.736934473716531, 55.06990991253253 ], [ 14.736940509906741, 55.06989430804235 ], [ 14.736951552690487, 55.069876268334426 ], [ 14.736949525153319, 55.069871323083021 ], [ 14.736951423609705, 55.069867281501978 ], [ 14.736941470684211, 55.069849306965509 ], [ 14.73693451341093, 55.069830344656026 ], [ 14.736848486878227, 55.069732319754841 ], [ 14.736840531632492, 55.069726295381088 ], [ 14.736835556445058, 55.069719283973804 ], [ 14.736813523442782, 55.069709279978639 ], [ 14.736794470854353, 55.069697307719991 ], [ 14.736782420367879, 55.069695320727284 ], [ 14.736772425098835, 55.069690274959022 ], [ 14.736771591173266, 55.069690064822467 ], [ 14.736649511078308, 55.069659302412667 ], [ 14.736678022799822, 55.069448308817819 ], [ 14.736539573403435, 55.06945839009304 ], [ 14.736546201472459, 55.069413634290811 ], [ 14.736575747286837, 55.069241102126277 ], [ 14.736367301789686, 55.068872215351689 ], [ 14.736461535203691, 55.068713531614748 ], [ 14.736487587093428, 55.068669676192656 ], [ 14.7364813159771, 55.068645982429018 ], [ 14.736781161231361, 55.068426809623105 ], [ 14.737054534835231, 55.068272845996269 ], [ 14.737110397313469, 55.068241390317461 ] ] ], [ [ [ 14.73273274272314, 55.075487520867263 ], [ 14.732309807702746, 55.075394673153795 ], [ 14.731571269500106, 55.075232576604286 ], [ 14.731467466012743, 55.075209797048046 ], [ 14.730407945439968, 55.074977087796668 ], [ 14.730014937131045, 55.074890669192129 ], [ 14.729091850450128, 55.075962309930631 ], [ 14.728992597882517, 55.076036389851666 ], [ 14.728947852185511, 55.076081044586061 ], [ 14.728806459510448, 55.076196181351214 ], [ 14.728598221309896, 55.076436142078997 ], [ 14.728475901995273, 55.076571613745138 ], [ 14.728348449292568, 55.076711558399161 ], [ 14.728182087536943, 55.076864654334123 ], [ 14.728088919551299, 55.076959753762097 ], [ 14.727909366155501, 55.077117594616517 ], [ 14.727769810432655, 55.07723300340492 ], [ 14.727533501270758, 55.077415126152751 ], [ 14.727479684254007, 55.077445445187237 ], [ 14.727319744404223, 55.077595770265432 ], [ 14.727148346033474, 55.077737750851881 ], [ 14.726910607451519, 55.077966974504655 ], [ 14.726463719374273, 55.07829706407874 ], [ 14.726307299859339, 55.07838649491498 ], [ 14.725852979486598, 55.078639930557983 ], [ 14.725656547823791, 55.078738159682281 ], [ 14.725874241728189, 55.078859581606473 ], [ 14.726042765219649, 55.078949518949116 ], [ 14.725866679256288, 55.079051741253807 ], [ 14.725742696029346, 55.079239003984135 ], [ 14.725664294730894, 55.079357403766046 ], [ 14.725576991793716, 55.079489240042506 ], [ 14.725413899984579, 55.079735382785969 ], [ 14.725160115322801, 55.080118535087344 ], [ 14.724940414722704, 55.080450380039174 ], [ 14.724791118257553, 55.08067589602684 ], [ 14.724607480300026, 55.080953270636492 ], [ 14.724074890422907, 55.081014868992298 ], [ 14.722967442735637, 55.081142949778098 ], [ 14.722453243091485, 55.081199100966842 ], [ 14.722381364621381, 55.081206359972427 ], [ 14.722401762392668, 55.081331244406044 ], [ 14.722340683966927, 55.081777194802555 ], [ 14.722687706128514, 55.082089521516657 ], [ 14.723451678053962, 55.082674102989372 ], [ 14.724193914019162, 55.082438653937153 ], [ 14.72502190125976, 55.082153624748038 ], [ 14.725455807657285, 55.08195571891423 ], [ 14.725456011778141, 55.081955625813343 ], [ 14.72577495911578, 55.081809650701167 ], [ 14.726553922041649, 55.081593617607815 ], [ 14.727158465562402, 55.081382203196227 ], [ 14.727328886830904, 55.081322604385448 ], [ 14.727981505380711, 55.081111570758473 ], [ 14.728061890822332, 55.081085576575852 ], [ 14.728361713237813, 55.080981590839329 ], [ 14.728626869052782, 55.080889627278047 ], [ 14.728650992633259, 55.080878863252792 ], [ 14.72899895550727, 55.080723599857912 ], [ 14.729821828876068, 55.080406550674589 ], [ 14.730384942861452, 55.079745561581134 ], [ 14.730883864611844, 55.079308506589726 ], [ 14.731476837504168, 55.078916492201934 ], [ 14.731894866520401, 55.078497465817954 ], [ 14.732314762767775, 55.078041531789914 ], [ 14.732814758006722, 55.07752147348684 ], [ 14.733347818151659, 55.076992469538169 ], [ 14.733690818600856, 55.076611430005187 ], [ 14.734141789794906, 55.076204485600257 ], [ 14.734482546992325, 55.07587897427377 ], [ 14.734052703027709, 55.075782759051094 ], [ 14.733611279888592, 55.075684010629828 ], [ 14.733182939065518, 55.075588180517471 ], [ 14.732755887761295, 55.075492684122565 ], [ 14.73273274272314, 55.075487520867263 ] ] ], [ [ [ 14.720749224821741, 55.080998843870866 ], [ 14.721153248344788, 55.080957659319601 ], [ 14.72091156284535, 55.080813614254254 ], [ 14.720804503585486, 55.080652539375805 ], [ 14.720653520909369, 55.080380417074913 ], [ 14.720602194450413, 55.080392575762801 ], [ 14.720539502761316, 55.080410509065473 ], [ 14.720228183816022, 55.080450024007035 ], [ 14.719774576016064, 55.080634321612919 ], [ 14.719524396440487, 55.080776383546763 ], [ 14.719273477836527, 55.080835248740144 ], [ 14.719078625282974, 55.08091462483354 ], [ 14.719241854912996, 55.08112646272091 ], [ 14.719536872234979, 55.081052719354766 ], [ 14.719573873802704, 55.081042973413702 ], [ 14.719847049224843, 55.080971104504421 ], [ 14.720049101952677, 55.08097731947084 ], [ 14.720749224821741, 55.080998843870866 ] ] ], [ [ [ 14.712730021931547, 55.081426624654434 ], [ 14.71206415487365, 55.081254417201094 ], [ 14.711317629299597, 55.081405177549378 ], [ 14.711287152473941, 55.081411625352914 ], [ 14.710971065489842, 55.081439845092291 ], [ 14.71086081545617, 55.08143291511557 ], [ 14.710771404448218, 55.08146002171619 ], [ 14.710689589136239, 55.081496357849801 ], [ 14.71061058358284, 55.081561025416462 ], [ 14.710563323680585, 55.081626585106001 ], [ 14.710469827945301, 55.081656845200463 ], [ 14.710325907595454, 55.081732064539928 ], [ 14.709931537736002, 55.081901186925705 ], [ 14.709677670475799, 55.082037936820697 ], [ 14.709457626737194, 55.082164651753253 ], [ 14.709302237145689, 55.082247043495798 ], [ 14.709228800374246, 55.082272083379337 ], [ 14.709118725195664, 55.082304823401991 ], [ 14.70902360925075, 55.082334195316889 ], [ 14.708953905441032, 55.082345169729017 ], [ 14.708868553916663, 55.082349534480528 ], [ 14.708810048747671, 55.08233872898716 ], [ 14.7087601235186, 55.082312964123474 ], [ 14.708677854004479, 55.082239732495552 ], [ 14.708616299703861, 55.082185951768444 ], [ 14.708561429898682, 55.08216423609359 ], [ 14.708524732799495, 55.08216603369241 ], [ 14.708526957430635, 55.082190278898693 ], [ 14.708539427579701, 55.082216931908725 ], [ 14.708588412615388, 55.082286525724385 ], [ 14.708632688998739, 55.08235424352462 ], [ 14.708638460714939, 55.082389475141582 ], [ 14.708599085609109, 55.082418656075269 ], [ 14.70853681019786, 55.082442963642166 ], [ 14.708287795590193, 55.082498196183451 ], [ 14.7078377903629, 55.082603341176466 ], [ 14.707708823434892, 55.082623582444839 ], [ 14.707603554820883, 55.082627703457661 ], [ 14.707577493199576, 55.082622339424937 ], [ 14.707556462720021, 55.082591011782753 ], [ 14.707516386875124, 55.082558068035809 ], [ 14.70742714254032, 55.082499818399519 ], [ 14.707364359278575, 55.082477078946816 ], [ 14.707346708447757, 55.082480501264158 ], [ 14.707354317746718, 55.082509381292347 ], [ 14.707402829666911, 55.0825702930739 ], [ 14.707463358230843, 55.082649633642426 ], [ 14.707490139150091, 55.082677387301608 ], [ 14.70747294415284, 55.08268949292038 ], [ 14.70730258292558, 55.082749397242054 ], [ 14.707169080475705, 55.082823024606938 ], [ 14.706994244464571, 55.082895660295073 ], [ 14.706896349272142, 55.082935036057897 ], [ 14.706739095663755, 55.082985978733042 ], [ 14.706635609593443, 55.083006101247726 ], [ 14.706594936065308, 55.083007860112339 ], [ 14.706549759396205, 55.083002701234157 ], [ 14.706441652481693, 55.082938730224512 ], [ 14.70639700549752, 55.082920799890971 ], [ 14.706351800560586, 55.082916101360745 ], [ 14.706318848349047, 55.082924347548442 ], [ 14.706312685495178, 55.082938878019647 ], [ 14.706322174449808, 55.082960927422725 ], [ 14.706376199915313, 55.083003648914001 ], [ 14.706451243044237, 55.083058056950669 ], [ 14.706454902130991, 55.083086420561983 ], [ 14.706414863575693, 55.083112400279958 ], [ 14.706276443457458, 55.08316996454289 ], [ 14.70615290353452, 55.083214046732827 ], [ 14.705908458039273, 55.083295830673755 ], [ 14.705643572936577, 55.083371409306793 ], [ 14.705434679125805, 55.083440413220217 ], [ 14.705389832877142, 55.083447129700353 ], [ 14.705329122704997, 55.083432645393074 ], [ 14.705286132126956, 55.08341290846743 ], [ 14.705152086504601, 55.083360471323559 ], [ 14.705102864616059, 55.083357095310788 ], [ 14.70508418967481, 55.083386535489396 ], [ 14.705100071575799, 55.083407753447062 ], [ 14.70515118312375, 55.083443591028377 ], [ 14.705317650982494, 55.083520654625495 ], [ 14.70536221649769, 55.08356141765907 ], [ 14.705396287797095, 55.083585615519283 ], [ 14.705481344392771, 55.0836081734194 ], [ 14.705490279795974, 55.083623821636529 ], [ 14.705483842854481, 55.083645665366241 ], [ 14.705407759897861, 55.083797689007419 ], [ 14.705340740792122, 55.083901874353494 ], [ 14.705251209402041, 55.08401214958193 ], [ 14.705140021326416, 55.084105717978723 ], [ 14.70506629327893, 55.084158647329978 ], [ 14.705009639156653, 55.084182571783266 ], [ 14.704929343062952, 55.08418016981085 ], [ 14.704883477264818, 55.084172720212742 ], [ 14.70480506155274, 55.084142936464453 ], [ 14.704726229250307, 55.084123641288826 ], [ 14.704613921270456, 55.084105748010536 ], [ 14.704568513478778, 55.084106999478742 ], [ 14.704558137508545, 55.084127416918328 ], [ 14.704567569229901, 55.084150828396972 ], [ 14.704616927000743, 55.084170644477041 ], [ 14.704770251973256, 55.084217855486322 ], [ 14.704870420031655, 55.084241063019604 ], [ 14.704922692651044, 55.08426777238499 ], [ 14.704949594950504, 55.084291875173271 ], [ 14.704954687176485, 55.084323907192015 ], [ 14.704942127624252, 55.084379471128081 ], [ 14.704904912957915, 55.084454800265661 ], [ 14.704835378499547, 55.084562596153908 ], [ 14.704710592691518, 55.084699093314825 ], [ 14.70463006642434, 55.084757175745423 ], [ 14.704528406399705, 55.084804080764187 ], [ 14.704479507848323, 55.084816388327845 ], [ 14.704422323510491, 55.084813530156111 ], [ 14.70436316769802, 55.084797414984429 ], [ 14.704186771167471, 55.084739972222188 ], [ 14.704128758647592, 55.084738016995281 ], [ 14.704073724457153, 55.084743402266078 ], [ 14.70405512107666, 55.084752800983004 ], [ 14.704061683596297, 55.084772494551657 ], [ 14.704100664291031, 55.084797992419652 ], [ 14.704195896137508, 55.084831352394325 ], [ 14.704296835911942, 55.084859736189578 ], [ 14.704354457189238, 55.084874006122789 ], [ 14.704417042769833, 55.084881939583241 ], [ 14.704430115908886, 55.084896673317033 ], [ 14.704425103100213, 55.084955969379109 ], [ 14.704399630487023, 55.085033753192938 ], [ 14.704371388938348, 55.085098740577649 ], [ 14.704333684069628, 55.085160427863357 ], [ 14.704248874303374, 55.085253142983682 ], [ 14.704140008454592, 55.085352902439908 ], [ 14.704040071174733, 55.085420349076692 ], [ 14.703977766584025, 55.085453954299716 ], [ 14.70393084473792, 55.08545439445313 ], [ 14.703753728800262, 55.085421604598935 ], [ 14.703703202995827, 55.085408783365835 ], [ 14.703665994382686, 55.085403393040693 ], [ 14.703623672330105, 55.085408901006915 ], [ 14.703615023821854, 55.085431640658072 ], [ 14.703639700544345, 55.085456532427045 ], [ 14.7036915910991, 55.085475284738934 ], [ 14.703885154858677, 55.08551599763716 ], [ 14.703949548639967, 55.085542633070432 ], [ 14.70397821277019, 55.085566653306451 ], [ 14.703971730793967, 55.085595772461396 ], [ 14.703908039762897, 55.085698252187036 ], [ 14.70381262301974, 55.085822755378899 ], [ 14.70371270682371, 55.085937621947728 ], [ 14.703582998478069, 55.08606453709853 ], [ 14.703506640051749, 55.086115788583278 ], [ 14.703459055913937, 55.086136765638244 ], [ 14.703396998074059, 55.086138915814182 ], [ 14.703331584684966, 55.086121410737135 ], [ 14.703254571595966, 55.08609421554528 ], [ 14.703191671613583, 55.086073099646669 ], [ 14.70310298186145, 55.086064033298179 ], [ 14.703054179229671, 55.086074058289377 ], [ 14.703064538602806, 55.086098803566514 ], [ 14.703099573163545, 55.086121498559706 ], [ 14.703311488176686, 55.086203343556313 ], [ 14.703369001315012, 55.08621893333283 ], [ 14.703418309827795, 55.086242677026867 ], [ 14.703426466876897, 55.086261008470892 ], [ 14.70342565251703, 55.086286080598228 ], [ 14.703378876092177, 55.086407902297012 ], [ 14.703321556416398, 55.086486767803969 ], [ 14.703288819960937, 55.086542604202045 ], [ 14.703243755811542, 55.086587830516393 ], [ 14.703193621471319, 55.086642611796663 ], [ 14.703129155969938, 55.086700010634033 ], [ 14.703049103109114, 55.086748590778477 ], [ 14.70297896939293, 55.086785416736255 ], [ 14.702919868068946, 55.086799049022247 ], [ 14.702806671598989, 55.086763327169137 ], [ 14.702598500546127, 55.0866934307398 ], [ 14.70257029515122, 55.086681748029044 ], [ 14.702520262735518, 55.086684044035721 ], [ 14.702488674858404, 55.086706600792297 ], [ 14.702509734069132, 55.086719123273156 ], [ 14.7026544822887, 55.086787552025129 ], [ 14.702832918696595, 55.086870007244656 ], [ 14.702852180325692, 55.086889833509048 ], [ 14.702844107331227, 55.086922655016672 ], [ 14.702818657492648, 55.087007881768109 ], [ 14.702796818491736, 55.087051566870549 ], [ 14.702753871355574, 55.087111519413718 ], [ 14.70272928262929, 55.087140561791237 ], [ 14.702677374389953, 55.087182157570112 ], [ 14.702524821647211, 55.087282338026462 ], [ 14.702388483727658, 55.087370783564467 ], [ 14.702308158664508, 55.087413074727351 ], [ 14.702253043811675, 55.08743089427314 ], [ 14.702203662796347, 55.087442377317991 ], [ 14.702162546259784, 55.087440185615812 ], [ 14.702096775158987, 55.087414469039068 ], [ 14.702029785962131, 55.087373182609511 ], [ 14.701933591340163, 55.087329370010949 ], [ 14.701858201714526, 55.087306301466043 ], [ 14.70179662365987, 55.087300281665634 ], [ 14.701751542270204, 55.087299887342333 ], [ 14.701759313216659, 55.08733563738577 ], [ 14.701794119809442, 55.087367507245027 ], [ 14.701911413247425, 55.087421590246592 ], [ 14.70204912366666, 55.087480394354706 ], [ 14.702085614999278, 55.087507243057004 ], [ 14.702091823247001, 55.08754160819776 ], [ 14.702079846295243, 55.087574901043403 ], [ 14.702062101732036, 55.087619131831822 ], [ 14.701981381766394, 55.087713192327485 ], [ 14.701909384847237, 55.087778541611357 ], [ 14.701820363707812, 55.087830944698347 ], [ 14.70173220320908, 55.087882452130927 ], [ 14.701620656305721, 55.087920970030318 ], [ 14.701588765901926, 55.08793262161069 ], [ 14.701538137982867, 55.087934495050462 ], [ 14.70145479635384, 55.087914545195126 ], [ 14.701329648431672, 55.087858436107915 ], [ 14.701284382796793, 55.08783465472596 ], [ 14.701210700274615, 55.087809696250631 ], [ 14.701164222599534, 55.087802381912226 ], [ 14.70112052272801, 55.087810681159134 ], [ 14.701102070666794, 55.087821044452753 ], [ 14.701179717300759, 55.087876305737325 ], [ 14.70131086504461, 55.087946743054736 ], [ 14.701434570520059, 55.088000111361531 ], [ 14.701460863261552, 55.088025107726899 ], [ 14.701461840405358, 55.088052184084766 ], [ 14.701447607523852, 55.088085069690685 ], [ 14.701410593193662, 55.088111841715673 ], [ 14.701345200509017, 55.088167725721959 ], [ 14.701234532844053, 55.088222747145934 ], [ 14.701147098595568, 55.088262310708991 ], [ 14.701041285367634, 55.08830120692199 ], [ 14.700925844988335, 55.088337638522106 ], [ 14.700821702431561, 55.088364051692139 ], [ 14.700727251667773, 55.088382718296579 ], [ 14.700648990486755, 55.088391001818749 ], [ 14.700513427741473, 55.088399158183066 ], [ 14.699629369930008, 55.087984662547399 ], [ 14.69955978425806, 55.087952444400649 ], [ 14.699474114651581, 55.08801043144571 ], [ 14.69905343000911, 55.088295145019039 ], [ 14.697260752687219, 55.089508239278153 ], [ 14.696276334313071, 55.090192307785372 ], [ 14.695394247122513, 55.09056215166364 ], [ 14.695385790347073, 55.09063778462621 ], [ 14.695613463352331, 55.090817418819555 ], [ 14.695653679189185, 55.090851150702356 ], [ 14.695720374405347, 55.090907092563484 ], [ 14.696390356285312, 55.091452635137962 ], [ 14.69661985567582, 55.091426690843754 ], [ 14.696734141348088, 55.091413767307323 ], [ 14.696867737572179, 55.091625790653488 ], [ 14.697600936529678, 55.091439032754693 ], [ 14.699585807980553, 55.091505474950324 ], [ 14.699789654658987, 55.090880007254711 ], [ 14.700274402453752, 55.090653954873964 ], [ 14.701575810630098, 55.090749253724262 ], [ 14.701597368518971, 55.091023181562853 ], [ 14.702330265118976, 55.090916199878158 ], [ 14.70329027868212, 55.090606195973749 ], [ 14.703979361659902, 55.09035405640072 ], [ 14.704499098952166, 55.090041104927927 ], [ 14.705119401139823, 55.089657073606901 ], [ 14.705618256623612, 55.089220036618563 ], [ 14.70618915406553, 55.088947125315187 ], [ 14.706562400862346, 55.088541147296077 ], [ 14.706901133732822, 55.088143109520388 ], [ 14.707319449555248, 55.087709085207052 ], [ 14.707702428238065, 55.087258023825349 ], [ 14.708040311254294, 55.08677203890835 ], [ 14.708386231920166, 55.086341035867569 ], [ 14.708680335363667, 55.085936998028032 ], [ 14.709026208227071, 55.085510036861685 ], [ 14.709485117811317, 55.085189965888048 ], [ 14.710154413698309, 55.084921056980704 ], [ 14.710374525448756, 55.084867954532626 ], [ 14.710504254801949, 55.084786039446925 ], [ 14.710766984951917, 55.084619417408142 ], [ 14.711436094516898, 55.084196209961007 ], [ 14.713137203250206, 55.083112017742451 ], [ 14.713244039993386, 55.083045336605586 ], [ 14.71336831187323, 55.08298075142163 ], [ 14.713462351204294, 55.0829377169688 ], [ 14.7135943096117, 55.082884310103601 ], [ 14.713851185788952, 55.082807272206573 ], [ 14.714028928940344, 55.082754608512076 ], [ 14.713950256856561, 55.082690806818086 ], [ 14.713669232120784, 55.08250561560628 ], [ 14.712517337516411, 55.082711485972894 ], [ 14.712484946968617, 55.082744831472375 ], [ 14.711853849617091, 55.082857783540653 ], [ 14.711867964346222, 55.082888787774628 ], [ 14.71178489472284, 55.082904839554665 ], [ 14.711766869783609, 55.082874802439051 ], [ 14.711630840405366, 55.082897774670641 ], [ 14.711616635125271, 55.082872940904103 ], [ 14.71095949533974, 55.082953473724352 ], [ 14.710869132635404, 55.082577110746314 ], [ 14.711380144111537, 55.082490652514046 ], [ 14.711789194251335, 55.082409286365788 ], [ 14.711649037899713, 55.082188909222062 ], [ 14.712062986277013, 55.082109670077941 ], [ 14.712197408823211, 55.082330208559853 ], [ 14.712722789099109, 55.082230915987232 ], [ 14.713025128604562, 55.082177080482346 ], [ 14.713137948110305, 55.082257594402485 ], [ 14.713295864214233, 55.08220759582295 ], [ 14.713307929738573, 55.082203775685727 ], [ 14.714993111958348, 55.081650980098829 ], [ 14.715257775074871, 55.081564158376594 ], [ 14.715190230109895, 55.08146320187123 ], [ 14.715065449702283, 55.081276707416094 ], [ 14.714979405783124, 55.08132623524277 ], [ 14.714857729574399, 55.081365693038478 ], [ 14.714816460964398, 55.081382695794872 ], [ 14.714595997424585, 55.081469481270311 ], [ 14.714432550142121, 55.081500165737992 ], [ 14.714293172337648, 55.081526125297707 ], [ 14.714142908719365, 55.081525015532854 ], [ 14.714078456099172, 55.081525510738089 ], [ 14.713810817787129, 55.081535137219866 ], [ 14.713491729667908, 55.081556852480375 ], [ 14.713219026335009, 55.081571441971292 ], [ 14.713114414132976, 55.081561368127005 ], [ 14.712940711875385, 55.081508384287744 ], [ 14.712730021931547, 55.081426624654434 ] ] ], [ [ [ 14.705035730505925, 55.162915261460434 ], [ 14.705047500423506, 55.163036628750895 ], [ 14.705084749064229, 55.163157052013155 ], [ 14.705119002241796, 55.163313973994526 ], [ 14.705164134210388, 55.163415222490428 ], [ 14.705217427610467, 55.163554786399729 ], [ 14.705221186761227, 55.163668851256126 ], [ 14.705251944996052, 55.163762834958099 ], [ 14.705311427949301, 55.163869530905053 ], [ 14.705319905193663, 55.163971743997436 ], [ 14.705323571830482, 55.164065730275027 ], [ 14.705320820541148, 55.164158820612613 ], [ 14.705319650420471, 55.164244617309372 ], [ 14.705334336585805, 55.164314870729747 ], [ 14.705385691612852, 55.164383258669254 ], [ 14.705440231208764, 55.16445345947097 ], [ 14.705526823505767, 55.164554660834753 ], [ 14.7055813378678, 55.164623035411758 ], [ 14.705664639809076, 55.164705982565252 ], [ 14.705779901554518, 55.164806215870108 ], [ 14.705903200602492, 55.164918314126325 ], [ 14.705988104939951, 55.165003985404859 ], [ 14.70606027492394, 55.165092414949932 ], [ 14.706161192592006, 55.165188109391529 ], [ 14.706239976654569, 55.16532763738379 ], [ 14.706325779436487, 55.165468078031019 ], [ 14.706340109500097, 55.165532866028322 ], [ 14.706348085327015, 55.165637812195996 ], [ 14.706340114279179, 55.165745487508985 ], [ 14.706338507725714, 55.165837660006076 ], [ 14.70630823092133, 55.166019251926421 ], [ 14.70628751279269, 55.166122358726106 ], [ 14.706255624191437, 55.166212694390246 ], [ 14.70620142756559, 55.166307570127152 ], [ 14.706131273729071, 55.166463605882711 ], [ 14.70603242940444, 55.16661871116046 ], [ 14.705989383792957, 55.166696265944594 ], [ 14.705973442476477, 55.166746452068139 ], [ 14.705979804427313, 55.166785698125572 ], [ 14.706027634594324, 55.166850524657185 ], [ 14.706094596929223, 55.166946373169218 ], [ 14.706153584026497, 55.167035835770662 ], [ 14.706183839913416, 55.167148116520416 ], [ 14.706212549634934, 55.167303273253182 ], [ 14.706214120635591, 55.167432878918596 ], [ 14.706193390475622, 55.167611745095535 ], [ 14.706177435998478, 55.167745909324154 ], [ 14.706188593952053, 55.167929363520379 ], [ 14.70619176786494, 55.168171235951796 ], [ 14.70621885242293, 55.168264338821722 ], [ 14.706218859854879, 55.16836108044059 ], [ 14.706182168479369, 55.168490673181566 ], [ 14.706118354745387, 55.168673200415867 ], [ 14.706096025959239, 55.1688210495101 ], [ 14.706048174442811, 55.168951562226212 ], [ 14.706013083833218, 55.169002665370805 ], [ 14.70585680343032, 55.169209805514889 ], [ 14.705730806636732, 55.169334822934395 ], [ 14.705660655811903, 55.169385006382406 ], [ 14.705437392260842, 55.169557447015706 ], [ 14.70532894340988, 55.169699805751755 ], [ 14.705300218651676, 55.169776471879487 ], [ 14.705279445433533, 55.169897881558036 ], [ 14.705268252819504, 55.169982762448555 ], [ 14.705281002561449, 55.170091400308472 ], [ 14.705328807416246, 55.17021738633013 ], [ 14.705368647667354, 55.170298647398248 ], [ 14.705422832015039, 55.170377173704701 ], [ 14.705512097670104, 55.17047487423573 ], [ 14.705559932552539, 55.170557047213499 ], [ 14.705593399363815, 55.170617309252258 ], [ 14.705575826052455, 55.170705838372193 ], [ 14.705548681140275, 55.170895717553293 ], [ 14.705508765973303, 55.17107736546852 ], [ 14.705484817805688, 55.171158614337074 ], [ 14.705465667706946, 55.171226153327709 ], [ 14.705416180935059, 55.171405982065046 ], [ 14.705365136266776, 55.171493606857688 ], [ 14.705277366695118, 55.171615901963136 ], [ 14.705262994452294, 55.171688032573236 ], [ 14.705266180485376, 55.171724538184193 ], [ 14.705347491175393, 55.171804896846417 ], [ 14.705374587783989, 55.171847805535826 ], [ 14.70534104924104, 55.171984730340078 ], [ 14.705294762223899, 55.172134432931323 ], [ 14.70527878973701, 55.172212957890935 ], [ 14.705250069972863, 55.172285059833207 ], [ 14.705234084866763, 55.172401914867251 ], [ 14.705226042540446, 55.172628317548813 ], [ 14.70522123221793, 55.172697703860685 ], [ 14.705216380650207, 55.172889408013489 ], [ 14.705219525586635, 55.173064695679471 ], [ 14.705149246231603, 55.173449029979579 ], [ 14.705117273480777, 55.1736051269339 ], [ 14.705083766855605, 55.173704638801937 ], [ 14.705045465258015, 55.173847962234348 ], [ 14.704995988224193, 55.173992215268107 ], [ 14.704952891022629, 55.174087145253047 ], [ 14.704906599240088, 55.174172953348439 ], [ 14.704810886097961, 55.174309888560764 ], [ 14.704685826158652, 55.174433888257155 ], [ 14.704649384745952, 55.174475935465289 ], [ 14.704582807701883, 55.174545862187308 ], [ 14.704526410776674, 55.174585191213673 ], [ 14.704418325831377, 55.174650611645006 ], [ 14.704241956675581, 55.174760878698073 ], [ 14.704132320226099, 55.174835895518541 ], [ 14.704064878889948, 55.174891675717028 ], [ 14.70399815608841, 55.17493787129446 ], [ 14.703933904993317, 55.174995941174259 ], [ 14.70388324856857, 55.175058990151484 ], [ 14.703846105867996, 55.175114266560655 ], [ 14.703826539249837, 55.175177719924463 ], [ 14.703789494098126, 55.175248060665865 ], [ 14.703756435800626, 55.175322517143364 ], [ 14.703715322355883, 55.17538554130325 ], [ 14.703659204849703, 55.175467786113053 ], [ 14.703607009624733, 55.175542717454007 ], [ 14.703544658900467, 55.175638217209858 ], [ 14.703495260467259, 55.175770223375345 ], [ 14.703398074987174, 55.175901879306956 ], [ 14.703361707433739, 55.175948522489769 ], [ 14.703310409490946, 55.176028956648643 ], [ 14.703260590088476, 55.176088860431541 ], [ 14.703126520285814, 55.176314622692722 ], [ 14.703045103781252, 55.176417038866745 ], [ 14.702965111616534, 55.176494813379037 ], [ 14.702838255488899, 55.176597353956161 ], [ 14.702775644084912, 55.176647244613669 ], [ 14.702760734489347, 55.176687443784907 ], [ 14.70276041971595, 55.17670061910524 ], [ 14.702759484384602, 55.176741305869683 ], [ 14.70274455469217, 55.176777851271829 ], [ 14.702679960992807, 55.176912622310851 ], [ 14.702651526577776, 55.17696425808662 ], [ 14.702575196570759, 55.177165670479219 ], [ 14.702531305849924, 55.177311343431548 ], [ 14.702489572701765, 55.177416407290885 ], [ 14.702478602664687, 55.177452487830422 ], [ 14.702431249516655, 55.177550712942654 ], [ 14.702403671106348, 55.177618322585097 ], [ 14.702359558592919, 55.177722921895452 ], [ 14.702308219143839, 55.177825276716291 ], [ 14.702280080368505, 55.177934878734675 ], [ 14.702258738341078, 55.178115212651996 ], [ 14.702252114491804, 55.178211067886537 ], [ 14.702241566379772, 55.17831697312301 ], [ 14.702242200706685, 55.17842879902161 ], [ 14.702222983634517, 55.178559838713618 ], [ 14.702223788596893, 55.17870085825961 ], [ 14.702228871212769, 55.178888432188153 ], [ 14.702227245563805, 55.179016216172457 ], [ 14.702235534761705, 55.179065958023585 ], [ 14.702229542447508, 55.179133059064633 ], [ 14.702229420799188, 55.179248062034134 ], [ 14.702246897899583, 55.179366227204419 ], [ 14.70225268388527, 55.179395418482919 ], [ 14.702260424821135, 55.179486684088999 ], [ 14.702263367820983, 55.179574763110324 ], [ 14.702263142536919, 55.179584720604446 ], [ 14.702744422036222, 55.179618979426174 ], [ 14.703758398590901, 55.179685798871105 ], [ 14.704120773977275, 55.179787113561197 ], [ 14.704341381322079, 55.179327546564906 ], [ 14.704379626955848, 55.179248003604783 ], [ 14.704269134529994, 55.179225796471407 ], [ 14.704392945719508, 55.178944784591287 ], [ 14.704891189778573, 55.1778137892803 ], [ 14.705308775742214, 55.177201684869289 ], [ 14.705175256250214, 55.177057064388478 ], [ 14.705216970300214, 55.176966187090891 ], [ 14.705308383303468, 55.176781654175258 ], [ 14.705784639756876, 55.175621593060939 ], [ 14.70618661737592, 55.175346703385308 ], [ 14.706560472575605, 55.175012703709626 ], [ 14.706564160037699, 55.175008293786362 ], [ 14.706713497517368, 55.17482969668194 ], [ 14.706715600835196, 55.174827036796778 ], [ 14.706789405148331, 55.174733702593237 ], [ 14.706591623385656, 55.174700680241791 ], [ 14.706710454852372, 55.174442730001957 ], [ 14.706710502641858, 55.174442626263534 ], [ 14.706727350175328, 55.174406872390975 ], [ 14.706767299260811, 55.174414331567718 ], [ 14.706997359422147, 55.174316707653006 ], [ 14.707033465848811, 55.174242386056946 ], [ 14.706774268263274, 55.174194001156721 ], [ 14.706860494900054, 55.173998419997488 ], [ 14.706860498038353, 55.173998412879087 ], [ 14.707270225629012, 55.174071694701652 ], [ 14.70809567601794, 55.174219341020809 ], [ 14.708631744449724, 55.174315274659058 ], [ 14.70926286240576, 55.174428219609993 ], [ 14.710027080158889, 55.174568827366706 ], [ 14.710134135416002, 55.174159833884488 ], [ 14.710307132960061, 55.17370278730683 ], [ 14.710553058532902, 55.173023804579287 ], [ 14.710729050779625, 55.172500741360203 ], [ 14.710783039581594, 55.172122731002588 ], [ 14.711008070065398, 55.171613755331535 ], [ 14.710916036797494, 55.171116698028257 ], [ 14.710930285974545, 55.170871243949577 ], [ 14.710945006814985, 55.170617663774699 ], [ 14.710757963250858, 55.170270656734559 ], [ 14.71048305382998, 55.170054658090045 ], [ 14.710616030298794, 55.169871696022909 ], [ 14.710754941956054, 55.169389631483057 ], [ 14.710832960937228, 55.169196422890337 ], [ 14.71095606368473, 55.168891563900665 ], [ 14.710957935596847, 55.168447561615544 ], [ 14.711037008887239, 55.168073548263273 ], [ 14.711091885530323, 55.167642556288371 ], [ 14.711111913478483, 55.167172522767068 ], [ 14.711085894043089, 55.166516479633877 ], [ 14.711256862447673, 55.166156520286016 ], [ 14.711248910048331, 55.165527452642337 ], [ 14.711127867114437, 55.164976452035631 ], [ 14.711141932435188, 55.164580414344385 ], [ 14.710987081740486, 55.16423038313313 ], [ 14.710568199588694, 55.163730231423543 ], [ 14.710407995606406, 55.163407177532775 ], [ 14.710354975660008, 55.162976151733602 ], [ 14.710160818754531, 55.16266004007683 ], [ 14.710119767272337, 55.162324978059246 ], [ 14.709881639693162, 55.161950854191545 ], [ 14.709412350113888, 55.161503738826951 ], [ 14.708985079929604, 55.160998566834188 ], [ 14.708967044143098, 55.160505531443228 ], [ 14.709164988637193, 55.159962471603151 ], [ 14.709118887126943, 55.159493457217039 ], [ 14.709234791205514, 55.159083381902782 ], [ 14.709351730197165, 55.158616366531483 ], [ 14.709500469670683, 55.158099751342512 ], [ 14.708637358607463, 55.158078206362923 ], [ 14.707740969928613, 55.156716710982501 ], [ 14.707557422483145, 55.156356412465115 ], [ 14.710332489317514, 55.154979912006247 ], [ 14.710574138997297, 55.154360926200042 ], [ 14.710621077401859, 55.153858886949557 ], [ 14.710494004211425, 55.153536788602047 ], [ 14.710388940615786, 55.153171689510359 ], [ 14.71030906081379, 55.152972535336239 ], [ 14.71019278342769, 55.152682631704828 ], [ 14.710092808267119, 55.152210397139498 ], [ 14.709777907676257, 55.151783252058685 ], [ 14.70955622055804, 55.151282988772131 ], [ 14.709374450815847, 55.150892885795059 ], [ 14.70963526176498, 55.150581672447039 ], [ 14.709701954618573, 55.150054409648931 ], [ 14.709793610126361, 55.149635120380282 ], [ 14.709692111892531, 55.149079852880547 ], [ 14.709422330333455, 55.148592642891224 ], [ 14.709576496743665, 55.148358888615199 ], [ 14.709631471304395, 55.14827553295936 ], [ 14.709636735847784, 55.148267550531102 ], [ 14.709835633969597, 55.148045537179961 ], [ 14.710037822523084, 55.147819848244957 ], [ 14.710166695740249, 55.14747004057093 ], [ 14.710421553866231, 55.146976944397437 ], [ 14.710568526211388, 55.146582041716414 ], [ 14.710695288703208, 55.146095469255968 ], [ 14.710899404513562, 55.145573124363054 ], [ 14.711087579995839, 55.145089506834459 ], [ 14.711292197890316, 55.144666814284882 ], [ 14.711582192769361, 55.144297827276681 ], [ 14.711659982818567, 55.143731963234558 ], [ 14.711723196597147, 55.14332574705324 ], [ 14.710997427037888, 55.143330608503931 ], [ 14.710633638056835, 55.143333035087387 ], [ 14.710380713129632, 55.143334723872883 ], [ 14.71038161724103, 55.143149712631512 ], [ 14.710780896402989, 55.143150506571224 ], [ 14.710948844515235, 55.142877545513436 ], [ 14.71112805097353, 55.142887530394674 ], [ 14.71137024003667, 55.142549368052322 ], [ 14.711370244147149, 55.142549362312899 ], [ 14.711413285371346, 55.14256008552163 ], [ 14.711551237731118, 55.142594423534256 ], [ 14.711569178791494, 55.142600961587426 ], [ 14.711680073260995, 55.142641360419304 ], [ 14.711837934875737, 55.14270748368277 ], [ 14.711855080604558, 55.142713735022028 ], [ 14.711748273422247, 55.14224143606021 ], [ 14.71169502244669, 55.141907632413897 ], [ 14.711671832742438, 55.141550775210206 ], [ 14.711796550870789, 55.140986935547076 ], [ 14.711699227302883, 55.140565095964021 ], [ 14.711716110648723, 55.140232252985996 ], [ 14.711841051531163, 55.139764316828824 ], [ 14.711922764131735, 55.139239487116953 ], [ 14.712568895832382, 55.138493481986018 ], [ 14.712698876799903, 55.138097556028711 ], [ 14.712646809303079, 55.137729571260806 ], [ 14.712744907890293, 55.137365579457814 ], [ 14.712613903344515, 55.136874588229531 ], [ 14.712854878938746, 55.136406622235 ], [ 14.712890005728001, 55.135997629833859 ], [ 14.712723018353262, 55.135556616569744 ], [ 14.712684960425905, 55.135106632819486 ], [ 14.712533078572013, 55.134345696261491 ], [ 14.712555105630257, 55.133925635654371 ], [ 14.712649051018625, 55.133610673790372 ], [ 14.71241312556813, 55.13312671398517 ], [ 14.712429144579069, 55.132783703283629 ], [ 14.712430069015763, 55.132280702248956 ], [ 14.712407168071211, 55.131839727761189 ], [ 14.712508103272325, 55.131475746484632 ], [ 14.712298135465851, 55.131008695753174 ], [ 14.712053220831937, 55.130605733522685 ], [ 14.711963115558085, 55.130291666859783 ], [ 14.71195021861509, 55.129658762805889 ], [ 14.711797163959446, 55.129158753372515 ], [ 14.711658293467394, 55.12881469014367 ], [ 14.71151520204409, 55.128333736942054 ], [ 14.711445251495487, 55.127903742540994 ], [ 14.711049212075357, 55.127403706818583 ], [ 14.710755328091826, 55.126987733084533 ], [ 14.710226243183955, 55.126446717606349 ], [ 14.709929203627164, 55.126175711326354 ], [ 14.70957321504736, 55.12580068711835 ], [ 14.709093210855931, 55.125466696863022 ], [ 14.708568207610949, 55.125105689946167 ], [ 14.70835722126003, 55.12460765305589 ], [ 14.708303222251827, 55.124155672984116 ], [ 14.707995196322036, 55.12376068443799 ], [ 14.707874267088391, 55.123479705618138 ], [ 14.707872640158003, 55.123477966745405 ], [ 14.707655282264598, 55.123245651730997 ], [ 14.70744552299767, 55.123055003581129 ], [ 14.707445201837338, 55.123054711679877 ], [ 14.706943148552433, 55.122786697959903 ], [ 14.706239129313365, 55.1223996163667 ], [ 14.705898107657768, 55.122126644023105 ], [ 14.705422192871348, 55.121740634791898 ], [ 14.704710140108663, 55.121467605668563 ], [ 14.704604776847397, 55.121405986189586 ], [ 14.704366993962765, 55.121625625287194 ], [ 14.703500142834843, 55.121524213074686 ], [ 14.702933061520069, 55.121343430675054 ], [ 14.703070786897701, 55.120852553010238 ], [ 14.704423035289492, 55.120741667431105 ], [ 14.704628469881866, 55.120397774827453 ], [ 14.704897587760197, 55.119975870002826 ], [ 14.704978707226909, 55.119792843841203 ], [ 14.705297039603527, 55.11923072067917 ], [ 14.705558157842097, 55.118769616700369 ], [ 14.705561555285017, 55.118763931796224 ], [ 14.705761426184454, 55.118429487166246 ], [ 14.7054708041079, 55.118047502996831 ], [ 14.705497657842344, 55.118002889052043 ], [ 14.70582631836613, 55.117950398414685 ], [ 14.706031145390165, 55.118009756389213 ], [ 14.70584727601485, 55.117774392565742 ], [ 14.705006714291654, 55.117921745905704 ], [ 14.704499108158043, 55.118013280956006 ], [ 14.703878289341127, 55.118125010446128 ], [ 14.703268991857499, 55.118234737381741 ], [ 14.7027840102913, 55.118322205090394 ], [ 14.702724642712756, 55.118332869067508 ], [ 14.701958761358345, 55.118470032974251 ], [ 14.701940644675254, 55.118491299425166 ], [ 14.701163584547944, 55.11836594315939 ], [ 14.701217549837208, 55.118234595182543 ], [ 14.701195642727871, 55.118192406147053 ], [ 14.701209918627937, 55.118167890436666 ], [ 14.701190659709793, 55.118144453741557 ], [ 14.70095895286275, 55.118042456944238 ], [ 14.700845237865392, 55.117992406721619 ], [ 14.700781329938311, 55.118076268931439 ], [ 14.700735083387993, 55.118158870069252 ], [ 14.700678586825434, 55.11821172444342 ], [ 14.700608969218884, 55.118303226951056 ], [ 14.700513156060046, 55.118419588422981 ], [ 14.700437358428058, 55.118505106656222 ], [ 14.700361375631715, 55.118597465840331 ], [ 14.700317759782729, 55.118644953579128 ], [ 14.700256657081299, 55.118719222983131 ], [ 14.700204123908259, 55.11877212513874 ], [ 14.700143141927043, 55.118870108375674 ], [ 14.70007613108346, 55.118954367812449 ], [ 14.700031226952545, 55.119019667304663 ], [ 14.699970435503866, 55.119110854187753 ], [ 14.699870303093499, 55.119212618909209 ], [ 14.699715823352294, 55.119431228852314 ], [ 14.699673805019527, 55.119479685553088 ], [ 14.699531217435862, 55.119701184819576 ], [ 14.69938000911106, 55.11988884581946 ], [ 14.699245089141737, 55.12004342610858 ], [ 14.699194598726885, 55.120141654617015 ], [ 14.699149998239301, 55.120256376953058 ], [ 14.699096279815404, 55.120355981105263 ], [ 14.699060298240619, 55.120447038527551 ], [ 14.698947354596166, 55.120721507456075 ], [ 14.698904957438909, 55.120877282180501 ], [ 14.698869463438967, 55.121072367594245 ], [ 14.698833186703075, 55.121238225104108 ], [ 14.69876369048932, 55.12139650442154 ], [ 14.698681855568569, 55.121658747384167 ], [ 14.698645225558264, 55.121778046457848 ], [ 14.69864977538769, 55.121845633985387 ], [ 14.698694265507141, 55.121906270686956 ], [ 14.698792369980783, 55.121985636017214 ], [ 14.698882101931563, 55.122079508805648 ], [ 14.69890945396355, 55.122185652096334 ], [ 14.698960329456993, 55.12224634019632 ], [ 14.699030319253502, 55.122305366307899 ], [ 14.699430736748523, 55.122558916719925 ], [ 14.699580515985868, 55.122667920941836 ], [ 14.699851083593508, 55.122841866570134 ], [ 14.700269407745179, 55.123098525948244 ], [ 14.700438515185636, 55.123206892214583 ], [ 14.70057554944054, 55.123323181743721 ], [ 14.700722608862673, 55.123423112568659 ], [ 14.700890674503555, 55.123512299451342 ], [ 14.701098625157146, 55.123598200832397 ], [ 14.701253843596184, 55.123690906800327 ], [ 14.701425058393591, 55.123840355861184 ], [ 14.701620068836453, 55.123992747542303 ], [ 14.701709173775651, 55.12405654611576 ], [ 14.701876397050491, 55.124176728280347 ], [ 14.702135228060426, 55.124384463666772 ], [ 14.702397797174822, 55.124573056401317 ], [ 14.702523966662756, 55.12468007813402 ], [ 14.702698836948429, 55.124812178667383 ], [ 14.702947175273913, 55.124997882757299 ], [ 14.703227409228196, 55.125240420167643 ], [ 14.703432918760864, 55.125435047618829 ], [ 14.703545510848459, 55.12557110645276 ], [ 14.703872112264264, 55.125924392384299 ], [ 14.703967596202284, 55.126046581382248 ], [ 14.704168412830452, 55.12627830832966 ], [ 14.704416097460307, 55.12654511030572 ], [ 14.70461643536918, 55.126736657268424 ], [ 14.704721986046081, 55.126839793385606 ], [ 14.705008375722819, 55.127147048861723 ], [ 14.70510144824469, 55.127240031643296 ], [ 14.705251395764359, 55.127350849107145 ], [ 14.705377345126751, 55.127465107018907 ], [ 14.705764988714249, 55.127916512333748 ], [ 14.705853729556937, 55.127993026822026 ], [ 14.705916683379767, 55.128080249401755 ], [ 14.705943897407227, 55.128192726379751 ], [ 14.705990224984738, 55.128364680368975 ], [ 14.706044935100879, 55.128462795194551 ], [ 14.706159236346412, 55.128595189034229 ], [ 14.706211656928893, 55.12871792315957 ], [ 14.706244815232905, 55.128906194794297 ], [ 14.706313722822529, 55.129185109214646 ], [ 14.70640066834514, 55.129386625249374 ], [ 14.706460366825544, 55.129475665877983 ], [ 14.706492591832021, 55.129521582374451 ], [ 14.706660627377177, 55.129755863101629 ], [ 14.706742736726479, 55.129897429331947 ], [ 14.706769030825159, 55.130059882239095 ], [ 14.706824487026491, 55.130429527135441 ], [ 14.70684173485593, 55.130484293776249 ], [ 14.706951782462458, 55.130777379456681 ], [ 14.706999631742036, 55.131084954430392 ], [ 14.707022919550358, 55.131204538103141 ], [ 14.707079569251276, 55.131345139870206 ], [ 14.70712815182811, 55.131507643852821 ], [ 14.707177937312991, 55.131742222502915 ], [ 14.707194733442133, 55.131890979828626 ], [ 14.707213182302647, 55.132022412114509 ], [ 14.707283697304822, 55.132254279515131 ], [ 14.707311398798245, 55.132455076833793 ], [ 14.707299377349141, 55.132627521447112 ], [ 14.707295476107234, 55.132767124171558 ], [ 14.707334454934722, 55.132940557391173 ], [ 14.707397247985325, 55.133126797514656 ], [ 14.70744010999835, 55.133802122136807 ], [ 14.70751529586679, 55.134059560144493 ], [ 14.707567263632328, 55.134504947781558 ], [ 14.707588114659867, 55.134798803226353 ], [ 14.70757952063501, 55.134930200796646 ], [ 14.707588236730469, 55.135098115451676 ], [ 14.707643006036546, 55.13529895533248 ], [ 14.707645586414555, 55.135424003760292 ], [ 14.707540064406942, 55.135818981213902 ], [ 14.707600464137634, 55.136174072044994 ], [ 14.707577439246487, 55.136319146152559 ], [ 14.707532095771702, 55.136464179586227 ], [ 14.707498603793116, 55.136795406981541 ], [ 14.707459723599655, 55.136926760086681 ], [ 14.707473169825745, 55.137105650731364 ], [ 14.707465621178292, 55.137345668557003 ], [ 14.707425184919927, 55.137465167390431 ], [ 14.707349350310459, 55.137659450570567 ], [ 14.707308429618099, 55.137878423679297 ], [ 14.707259824597514, 55.138042621905655 ], [ 14.707210920462161, 55.138267083007896 ], [ 14.707189172262717, 55.13847696376304 ], [ 14.707192822736797, 55.138706967558292 ], [ 14.707177506588801, 55.138908651593965 ], [ 14.70712973831446, 55.139221627687981 ], [ 14.707063351081391, 55.139439672533854 ], [ 14.707015685867386, 55.139738997020665 ], [ 14.706963894198401, 55.139901373346561 ], [ 14.706867311506427, 55.140102031735552 ], [ 14.706852658762228, 55.140167739798187 ], [ 14.706871544509866, 55.140216128360699 ], [ 14.706931604043639, 55.140317547651847 ], [ 14.706961628527139, 55.140367780443427 ], [ 14.706997776785826, 55.140470998044876 ], [ 14.706995678044773, 55.14057686742651 ], [ 14.706977722250008, 55.140662642576849 ], [ 14.706940707538447, 55.140741085368496 ], [ 14.70686323776882, 55.140941782087673 ], [ 14.706848158247396, 55.141091451684673 ], [ 14.706869275295455, 55.1413388545811 ], [ 14.706871800554431, 55.141473951537428 ], [ 14.706827805175145, 55.141676532497968 ], [ 14.706723994000061, 55.142055171080109 ], [ 14.706686447931721, 55.142241335861677 ], [ 14.706715743632293, 55.142773539640636 ], [ 14.706749696978116, 55.142936497164428 ], [ 14.70677339581958, 55.143049670470056 ], [ 14.706651027830066, 55.143311446385518 ], [ 14.706581003290818, 55.143625332361438 ], [ 14.706535724856366, 55.143760352108835 ], [ 14.706478730400955, 55.14401673481963 ], [ 14.706423326139475, 55.144273141818474 ], [ 14.706307041910453, 55.144588759121994 ], [ 14.706253457996757, 55.144793122311462 ], [ 14.706180955897425, 55.144960962611719 ], [ 14.706061480294984, 55.145277476610403 ], [ 14.706005581642522, 55.145626957764613 ], [ 14.705961428536625, 55.145857802133982 ], [ 14.705869371439768, 55.146108638590697 ], [ 14.705838193656838, 55.146288391658004 ], [ 14.705789693228608, 55.146430691694263 ], [ 14.705710977443854, 55.14655834246205 ], [ 14.70556524048053, 55.146705955680126 ], [ 14.705425804333064, 55.146864543033452 ], [ 14.705265418348809, 55.147005579290294 ], [ 14.705062545736308, 55.147229283992161 ], [ 14.704935407819759, 55.147359288768492 ], [ 14.704769589079245, 55.147523776888747 ], [ 14.704644313373345, 55.147610692488428 ], [ 14.704546009825346, 55.147678401124431 ], [ 14.704447919693724, 55.147789002020339 ], [ 14.704338666156904, 55.147895076932848 ], [ 14.704234147776226, 55.147993827049326 ], [ 14.704108986786347, 55.148102646913927 ], [ 14.70403305768969, 55.148187668279519 ], [ 14.703985689288121, 55.148259853592535 ], [ 14.70398917107568, 55.148317346371037 ], [ 14.704015225979681, 55.148435036399455 ], [ 14.704057142008319, 55.148544501373863 ], [ 14.70415737892203, 55.148857395623466 ], [ 14.704195769278849, 55.1488984057113 ], [ 14.70426296288419, 55.148968570535956 ], [ 14.704312539221732, 55.149017778153294 ], [ 14.704496175998175, 55.149148909160246 ], [ 14.704593599394249, 55.149223595753369 ], [ 14.704697409334175, 55.149302816375233 ], [ 14.704935383591401, 55.149482237580663 ], [ 14.704961118112122, 55.149533320520192 ], [ 14.70502511786432, 55.149588953068637 ], [ 14.705153178626995, 55.149709315979685 ], [ 14.705190113536771, 55.149767704518773 ], [ 14.705254226363589, 55.149844323758259 ], [ 14.70531027286968, 55.149899951539147 ], [ 14.705358418945625, 55.149971100223127 ], [ 14.70549795081528, 55.150157186168094 ], [ 14.705533259218091, 55.150208269554071 ], [ 14.705570130406874, 55.150254787670356 ], [ 14.705647068774866, 55.150348736010066 ], [ 14.705736858538611, 55.150461848712084 ], [ 14.705841191781461, 55.150616919776823 ], [ 14.705895952478921, 55.150733702681492 ], [ 14.705924896263749, 55.15078753333114 ], [ 14.705947591613693, 55.150866007167224 ], [ 14.705970457957877, 55.150979156767974 ], [ 14.70599013378372, 55.151091429990615 ], [ 14.705990406454656, 55.151150747813105 ], [ 14.706019573386413, 55.151248397561758 ], [ 14.706047126073139, 55.151341469198826 ], [ 14.706065021186964, 55.15141265196938 ], [ 14.706079689154929, 55.151480178538222 ], [ 14.706084698306972, 55.151528552838585 ], [ 14.706084919803974, 55.151572363027057 ], [ 14.706086792258683, 55.15162803202697 ], [ 14.706082483722215, 55.151720232388001 ], [ 14.70607200163975, 55.151862628436945 ], [ 14.70605324968569, 55.151934757980847 ], [ 14.70603942317809, 55.152042492249791 ], [ 14.706030210442151, 55.152114605919124 ], [ 14.705999155120042, 55.15227986033765 ], [ 14.705997966308328, 55.152364757788874 ], [ 14.705977615536296, 55.152437799553937 ], [ 14.705952565496451, 55.152528192338636 ], [ 14.705917834968433, 55.152598515667592 ], [ 14.705854494613899, 55.152682559845694 ], [ 14.706234245065181, 55.153100223679495 ], [ 14.706186795599285, 55.153176023321855 ], [ 14.706179204133042, 55.153248150886085 ], [ 14.706206659310547, 55.153325708064955 ], [ 14.706245765158561, 55.153499109030669 ], [ 14.706267506942245, 55.153708117231666 ], [ 14.706266516117534, 55.153832262100103 ], [ 14.706249788342976, 55.15399657370245 ], [ 14.706207786503645, 55.154206576876227 ], [ 14.706203357459522, 55.15428234567672 ], [ 14.706178608842766, 55.154436645870867 ], [ 14.706150708648259, 55.15459550491299 ], [ 14.706144603348497, 55.154649361110238 ], [ 14.706133694712918, 55.154704145000323 ], [ 14.706101021195865, 55.154869412380123 ], [ 14.706088881151679, 55.15498991295776 ], [ 14.706074915164068, 55.155069343206968 ], [ 14.706056213557584, 55.155156980389847 ], [ 14.706037786708382, 55.155297580048519 ], [ 14.70604623785407, 55.155395230424205 ], [ 14.706035581204254, 55.155502050665262 ], [ 14.705998385049563, 55.155712035080704 ], [ 14.705984920255434, 55.155890029093072 ], [ 14.705960037036306, 55.156019688688168 ], [ 14.705890693527314, 55.156180403601461 ], [ 14.705841778437199, 55.156281782818134 ], [ 14.705808550298222, 55.156337479635681 ], [ 14.705734547384994, 55.156517370922224 ], [ 14.705699761168017, 55.156577668745427 ], [ 14.705655469667468, 55.156645254197329 ], [ 14.705600105988525, 55.15673202014861 ], [ 14.705512934394276, 55.15683160372496 ], [ 14.705409881898342, 55.156944895385479 ], [ 14.705360980940746, 55.15704715586412 ], [ 14.705302599795855, 55.15716313900613 ], [ 14.705234794606451, 55.157312889077438 ], [ 14.70517339032479, 55.157466281355987 ], [ 14.705145395072366, 55.157600470656675 ], [ 14.705134498735015, 55.157652499287494 ], [ 14.705150677531417, 55.15770268067886 ], [ 14.705149663316945, 55.157812189687213 ], [ 14.705161259217618, 55.157901617865726 ], [ 14.705172913062341, 55.158001989463429 ], [ 14.705144914995136, 55.158136160883259 ], [ 14.705110405072201, 55.158242975601901 ], [ 14.70507109985871, 55.158349790387405 ], [ 14.705047580871174, 55.158431037191704 ], [ 14.705011506188423, 55.158542408205747 ], [ 14.704937515391746, 55.158721335059923 ], [ 14.704888804134743, 55.158853706240819 ], [ 14.704848002655279, 55.158977856538236 ], [ 14.704816786485274, 55.159107461990793 ], [ 14.704796890849623, 55.159263532266316 ], [ 14.704789623144601, 55.159397666561574 ], [ 14.704782241098139, 55.15950992295101 ], [ 14.704749290946596, 55.159609417877448 ], [ 14.704729086290444, 55.159705253876574 ], [ 14.704664786705365, 55.159903349371042 ], [ 14.704592157360153, 55.160034826759478 ], [ 14.704476601288796, 55.160184612305002 ], [ 14.704410206902798, 55.160285965064695 ], [ 14.704377256046213, 55.160384586714315 ], [ 14.704366499265342, 55.160460328306058 ], [ 14.704368477156656, 55.160533320712005 ], [ 14.704408761617982, 55.160619971017425 ], [ 14.704433095962587, 55.16069932245037 ], [ 14.704467042288199, 55.160794191802864 ], [ 14.704510533776533, 55.160880835574389 ], [ 14.70459079562225, 55.160991156238936 ], [ 14.704621345602288, 55.161047702484559 ], [ 14.704689427019586, 55.161263888416329 ], [ 14.7047222426846, 55.161443625352362 ], [ 14.704761366114312, 55.1616178901739 ], [ 14.704803445396644, 55.161742857638586 ], [ 14.704837536356296, 55.161861448773337 ], [ 14.70486715811356, 55.162043027959911 ], [ 14.704887051679972, 55.162196312204635 ], [ 14.70492749529147, 55.162312156637483 ], [ 14.7049760041486, 55.162448083445618 ], [ 14.704992541021026, 55.162567606638426 ], [ 14.704988346355078, 55.162681693798099 ], [ 14.70501605009216, 55.162804860590398 ], [ 14.705035730505925, 55.162915261460434 ] ] ], [ [ [ 14.715965521469556, 55.227018411443893 ], [ 14.7159928978026, 55.227073512273527 ], [ 14.716063711153897, 55.227216094828506 ], [ 14.716198110706738, 55.227329925813827 ], [ 14.716216208603838, 55.227392124009121 ], [ 14.716273842522742, 55.227487202139777 ], [ 14.716345600596629, 55.227643783012319 ], [ 14.716644490469362, 55.228030640568178 ], [ 14.716769827303338, 55.227978768347377 ], [ 14.716793509606241, 55.228026571150885 ], [ 14.716911651625262, 55.228175039447599 ], [ 14.717047831232016, 55.228327799867529 ], [ 14.717135083428571, 55.22844907610358 ], [ 14.717152335105119, 55.228515229776704 ], [ 14.717151460058874, 55.228582595551387 ], [ 14.717214513079494, 55.22866736357458 ], [ 14.717333389038759, 55.228761363009419 ], [ 14.71746517791679, 55.228876359734642 ], [ 14.717562566994182, 55.228978093357014 ], [ 14.717624369808522, 55.229033366974662 ], [ 14.717673687139238, 55.229036242728355 ], [ 14.717713510855464, 55.229010686879391 ], [ 14.717786100893949, 55.2289919624086 ], [ 14.717823450274283, 55.229030093746267 ], [ 14.71780672943899, 55.229051583983704 ], [ 14.71775563178752, 55.229058883022795 ], [ 14.717719165244272, 55.229083470905394 ], [ 14.71767784627272, 55.229097979786893 ], [ 14.717695558195052, 55.22912814047455 ], [ 14.717728319600559, 55.229269666461349 ], [ 14.717787660158445, 55.229392317416519 ], [ 14.717870397063233, 55.22948689002714 ], [ 14.718006817123769, 55.229628566017034 ], [ 14.718069587184122, 55.229741000602793 ], [ 14.718159257988461, 55.229943386064456 ], [ 14.718207684257273, 55.23005584679084 ], [ 14.718295938894041, 55.230201434198278 ], [ 14.718459366811521, 55.230475355235107 ], [ 14.718573503237696, 55.230638134434919 ], [ 14.718662989879437, 55.230741706175621 ], [ 14.718931035579587, 55.231009474791243 ], [ 14.719200593813129, 55.231269889299568 ], [ 14.71934679133105, 55.231419665065758 ], [ 14.719463846439716, 55.231551358029641 ], [ 14.719563167359139, 55.231683164651436 ], [ 14.71968525464559, 55.231866867484918 ], [ 14.719756205890512, 55.232010684186285 ], [ 14.719829385745303, 55.232092409396436 ], [ 14.71996289414823, 55.232254114559346 ], [ 14.720188149926914, 55.232563141069143 ], [ 14.720494629358022, 55.232964748140553 ], [ 14.72064115781537, 55.233145509404231 ], [ 14.720740915641837, 55.233295496435865 ], [ 14.720775907274019, 55.233389288300977 ], [ 14.720855359162607, 55.233775736535357 ], [ 14.720931022587699, 55.234332857882421 ], [ 14.721005800133819, 55.234731228341509 ], [ 14.721053482966331, 55.23492625215993 ], [ 14.721025070700453, 55.235053272222835 ], [ 14.721008684789139, 55.235235907172353 ], [ 14.721063670479955, 55.235385272243391 ], [ 14.721099890687597, 55.23545716781733 ], [ 14.720934758477343, 55.23552017859565 ], [ 14.720821874311261, 55.235552763188664 ], [ 14.720915007804049, 55.235586919977912 ], [ 14.720965917125282, 55.235574758658288 ], [ 14.721047503320714, 55.235583425094809 ], [ 14.721083504359596, 55.235533923087459 ], [ 14.721143931170399, 55.235518064394348 ], [ 14.721204757143926, 55.235526851956095 ], [ 14.721281439459558, 55.2355291415235 ], [ 14.721344889005229, 55.235500474957689 ], [ 14.72147372234453, 55.235465978448765 ], [ 14.721553456617041, 55.235457304069165 ], [ 14.721523649121028, 55.235492165966924 ], [ 14.721284456675175, 55.235623149931733 ], [ 14.721166993928293, 55.235669443961868 ], [ 14.721224917228383, 55.235698325134699 ], [ 14.721346079209578, 55.235683948644329 ], [ 14.721369517678063, 55.235650034495016 ], [ 14.721373835097429, 55.235618982095176 ], [ 14.721436356231997, 55.235635053326256 ], [ 14.721466547638224, 55.235624838461156 ], [ 14.721535390498753, 55.235634491040585 ], [ 14.721596610347534, 55.235669743325481 ], [ 14.721803900318626, 55.235894599189685 ], [ 14.721609823619353, 55.236400053953552 ], [ 14.722230279998406, 55.237041488535489 ], [ 14.722592850461355, 55.237811455517971 ], [ 14.723135807523075, 55.23830496789364 ], [ 14.723792080503673, 55.238776069879329 ], [ 14.723969473976851, 55.23879731203683 ], [ 14.724496781617065, 55.239131853346031 ], [ 14.724704906057413, 55.239409245728694 ], [ 14.726127310571862, 55.240281977871831 ], [ 14.726504329695519, 55.240668108775559 ], [ 14.726893997551233, 55.240864828826453 ], [ 14.727448692330858, 55.24121060889658 ], [ 14.72780283432675, 55.241414039925587 ], [ 14.728415603627962, 55.242030486866796 ], [ 14.728659891382449, 55.242426435842802 ], [ 14.729105468880928, 55.242785962392645 ], [ 14.729270893507096, 55.243044510715016 ], [ 14.730300037151974, 55.24377106579265 ], [ 14.730400179740508, 55.243938870065897 ], [ 14.730892020534856, 55.24439633080253 ], [ 14.731187410569623, 55.244662986518406 ], [ 14.731493862848513, 55.244905715491804 ], [ 14.731701883443288, 55.245070470865649 ], [ 14.732016118216661, 55.245319367393158 ], [ 14.732287135547988, 55.245474717299473 ], [ 14.732389852004404, 55.245747028152046 ], [ 14.732775553104883, 55.245976928164815 ], [ 14.733034878870031, 55.246237645787687 ], [ 14.7342385951731, 55.247121516766668 ], [ 14.734832047533096, 55.246916862830531 ], [ 14.7349521688545, 55.246875435734978 ], [ 14.735067591452262, 55.24683562531493 ], [ 14.735342914991211, 55.246887648886691 ], [ 14.735531550821984, 55.246924890713586 ], [ 14.735753857467428, 55.24700279984588 ], [ 14.736025153948601, 55.24711222804325 ], [ 14.736481991081799, 55.247089849504277 ], [ 14.736785387532841, 55.247074986423513 ], [ 14.736785451238221, 55.247074983302554 ], [ 14.737315881022479, 55.246950831375798 ], [ 14.737981603334921, 55.246759433922151 ], [ 14.738599198857163, 55.246667586827634 ], [ 14.738442231199411, 55.246439752168357 ], [ 14.738538800597135, 55.24641452857297 ], [ 14.738635577948934, 55.246370138951903 ], [ 14.738671616983671, 55.246291769400109 ], [ 14.738656949257825, 55.245907907249808 ], [ 14.738422349701727, 55.245573649852901 ], [ 14.737939984097897, 55.245206365781769 ], [ 14.737715118208989, 55.245042225905252 ], [ 14.737479630801076, 55.244869931217018 ], [ 14.737427750701732, 55.24483197279978 ], [ 14.737371629436076, 55.244774249269796 ], [ 14.736830325638037, 55.244217480868613 ], [ 14.736420609596516, 55.243833055595054 ], [ 14.736090990696166, 55.243509458910772 ], [ 14.735619073912424, 55.243617849401289 ], [ 14.735474032909053, 55.243689465498633 ], [ 14.735285135162634, 55.243815576241097 ], [ 14.73515860797813, 55.24395560691292 ], [ 14.735141216319372, 55.24400104665358 ], [ 14.735094661427425, 55.244122681626045 ], [ 14.735099832013862, 55.244152283484986 ], [ 14.735121504212225, 55.244276357296378 ], [ 14.735781228697638, 55.245077113252734 ], [ 14.735868714706902, 55.245183289062325 ], [ 14.736029262125395, 55.245378127745695 ], [ 14.735333532409891, 55.245581380727415 ], [ 14.735255821164722, 55.245586403607447 ], [ 14.735203429380539, 55.245575379632392 ], [ 14.735125965539455, 55.245517314282829 ], [ 14.73470496334226, 55.245057232081528 ], [ 14.734419234170225, 55.244944295784329 ], [ 14.734094483600074, 55.244804445973195 ], [ 14.733932660327241, 55.244729444668963 ], [ 14.733824586514009, 55.244649452331274 ], [ 14.733635848306346, 55.244601482696098 ], [ 14.733324233812118, 55.24462863649125 ], [ 14.732965774480377, 55.244669861563779 ], [ 14.732553320055851, 55.244728348021496 ], [ 14.732423563628087, 55.244605536921824 ], [ 14.732593434353383, 55.244537885757964 ], [ 14.73279374078432, 55.244452848718637 ], [ 14.732957503436031, 55.244365707646985 ], [ 14.733053353451389, 55.244291641896474 ], [ 14.733118197409292, 55.244199476113991 ], [ 14.733094181785113, 55.24414750559901 ], [ 14.732965369591112, 55.244117559321651 ], [ 14.732819442382233, 55.244085619848079 ], [ 14.732675605035277, 55.244036613122987 ], [ 14.732510773645812, 55.243927634578107 ], [ 14.732492998362121, 55.243883646600239 ], [ 14.7324687339789, 55.243823600060558 ], [ 14.732457595542801, 55.243625506790409 ], [ 14.732440145679481, 55.243550221079751 ], [ 14.732405423559161, 55.2434004149369 ], [ 14.732295293573978, 55.243178315142593 ], [ 14.731951235343745, 55.242569101315574 ], [ 14.73187526972165, 55.242366005864092 ], [ 14.731854128709267, 55.242255882442628 ], [ 14.731885999233059, 55.242064836652169 ], [ 14.731965673123133, 55.241803619053165 ], [ 14.732047346925645, 55.241507361738364 ], [ 14.732173822191593, 55.241105084257846 ], [ 14.732276311108699, 55.240784197876138 ], [ 14.732162075279915, 55.240639032894293 ], [ 14.731654875460755, 55.240017593908142 ], [ 14.731513427218157, 55.239841141701397 ], [ 14.731308110595714, 55.239584980004949 ], [ 14.731111659192116, 55.239339904790853 ], [ 14.731086547415536, 55.239308573007136 ], [ 14.731027101779979, 55.239235604631872 ], [ 14.730606158638787, 55.239046537399986 ], [ 14.730073508238599, 55.238655561143894 ], [ 14.729531778537215, 55.238305644990767 ], [ 14.729283652583351, 55.238087657533086 ], [ 14.729105986200803, 55.237931569463235 ], [ 14.728539508223198, 55.23761866042112 ], [ 14.72813837632525, 55.237323531058173 ], [ 14.727987793423802, 55.237212739454883 ], [ 14.727505111214386, 55.236866732108176 ], [ 14.727081429623254, 55.236530754911755 ], [ 14.726990125713408, 55.236049465225051 ], [ 14.72668528746766, 55.235720422256875 ], [ 14.726576025111893, 55.235306168680808 ], [ 14.726278107093474, 55.234927153781783 ], [ 14.726120960031356, 55.234520951364111 ], [ 14.725755292067769, 55.234263931433794 ], [ 14.725644476494468, 55.234122545655424 ], [ 14.725606342615279, 55.234073891681824 ], [ 14.725300498105947, 55.233947957424441 ], [ 14.725268437628145, 55.233817967138748 ], [ 14.725137233991765, 55.233404772496627 ], [ 14.725140861234674, 55.232899398899363 ], [ 14.724981669592898, 55.232359172892224 ], [ 14.724839561061104, 55.23201004455693 ], [ 14.724676426200876, 55.231615870165669 ], [ 14.724558027322878, 55.231422177185401 ], [ 14.72406386107038, 55.231384157701982 ], [ 14.724150166055308, 55.231035351850281 ], [ 14.724102867823058, 55.230934128305911 ], [ 14.72393268041469, 55.230805227897939 ], [ 14.723546475080495, 55.23037063507094 ], [ 14.723525804604641, 55.230347882000096 ], [ 14.723495454856067, 55.230314474393055 ], [ 14.723301436441183, 55.230100906274615 ], [ 14.723132944419181, 55.229915434435767 ], [ 14.722762398502057, 55.229427486870151 ], [ 14.722488053182174, 55.22894428430341 ], [ 14.722139572872099, 55.228487928814396 ], [ 14.722002872100393, 55.2280815709778 ], [ 14.721518213973839, 55.227717263982754 ], [ 14.72132322983764, 55.227406033249828 ], [ 14.721059477799415, 55.227048679828869 ], [ 14.720847984090154, 55.226891607502168 ], [ 14.720671999179364, 55.226602337985938 ], [ 14.720445291069305, 55.226183000821436 ], [ 14.720185012570175, 55.225771435464985 ], [ 14.719825246068357, 55.22533846112502 ], [ 14.719534152549583, 55.224974982360713 ], [ 14.719074565263636, 55.224510215855993 ], [ 14.718812163898452, 55.224181546856443 ], [ 14.718379116999239, 55.223766156494598 ], [ 14.717899919014908, 55.22327433957134 ], [ 14.71764766315308, 55.223086455802992 ], [ 14.717377883328172, 55.222885517308669 ], [ 14.71678470810677, 55.222450688972017 ], [ 14.716622640151872, 55.222087791852587 ], [ 14.71652775132814, 55.221958664331716 ], [ 14.71632957513431, 55.22168897720104 ], [ 14.716167448645647, 55.221383099923067 ], [ 14.715862476311806, 55.221169129233871 ], [ 14.715822648950731, 55.220984478335176 ], [ 14.715807284731536, 55.220913244936852 ], [ 14.715748755794007, 55.220652943235109 ], [ 14.715737337677307, 55.220602161819286 ], [ 14.715604555165022, 55.22007541363844 ], [ 14.715550018908015, 55.219620387345337 ], [ 14.715593829951036, 55.219097006223201 ], [ 14.715580352087658, 55.218786589560018 ], [ 14.715568833863038, 55.218521299602585 ], [ 14.715400414532558, 55.217940892098902 ], [ 14.715245161663898, 55.217631837525751 ], [ 14.714931952400164, 55.217182143884642 ], [ 14.714740723181569, 55.216825296496438 ], [ 14.714612222215353, 55.216436884523063 ], [ 14.71432405927407, 55.215986714909967 ], [ 14.7139697827481, 55.215643279982913 ], [ 14.712918956452961, 55.215635370674278 ], [ 14.712827998327223, 55.215629660577385 ], [ 14.712864467624582, 55.215432050195609 ], [ 14.712860841161023, 55.215251788460925 ], [ 14.712739516203145, 55.214599573284524 ], [ 14.712705812665249, 55.214602344777838 ], [ 14.712659192406033, 55.214291497211526 ], [ 14.712592230232969, 55.213862196346071 ], [ 14.712564812039806, 55.213613531365638 ], [ 14.712569628811197, 55.213479853424275 ], [ 14.712559279055291, 55.213295955756834 ], [ 14.71254397205689, 55.213069010309681 ], [ 14.712547479063629, 55.212902987419469 ], [ 14.71256037921901, 55.212290979231703 ], [ 14.71255930437739, 55.212234192363944 ], [ 14.712527556974088, 55.211946068850494 ], [ 14.712317625193968, 55.211615716471499 ], [ 14.712014677125445, 55.211258217734994 ], [ 14.712012843609692, 55.211256063930897 ], [ 14.71195725442, 55.211190763994573 ], [ 14.711480327555575, 55.211177067931906 ], [ 14.71147960870486, 55.211183790027029 ], [ 14.711395757443766, 55.211180355835928 ], [ 14.711396563771238, 55.211172927493301 ], [ 14.711139906370391, 55.21116698708871 ], [ 14.711187699726031, 55.211113711309892 ], [ 14.711107648640168, 55.21084859641595 ], [ 14.711406477684353, 55.210794282259485 ], [ 14.710959954263261, 55.210308935068561 ], [ 14.710919043994132, 55.209945518722094 ], [ 14.710291150579307, 55.210016458626917 ], [ 14.710080411746855, 55.209249356342113 ], [ 14.710065596995053, 55.208870383702298 ], [ 14.710602093190722, 55.208837052379025 ], [ 14.710545599362126, 55.208652270195799 ], [ 14.710714092518758, 55.208099461082078 ], [ 14.710794674023006, 55.207591207399219 ], [ 14.71096857279529, 55.20706518517914 ], [ 14.710990723952198, 55.206998179765449 ], [ 14.710937853818878, 55.206668289767599 ], [ 14.711041842002405, 55.206341357739575 ], [ 14.710972960404918, 55.205923534142741 ], [ 14.710779180084852, 55.205402348819959 ], [ 14.710639516879466, 55.204924656876628 ], [ 14.710347155793833, 55.204425429331046 ], [ 14.710307551999806, 55.204348572945136 ], [ 14.710289421221283, 55.204313387667241 ], [ 14.710174276530873, 55.204089931880738 ], [ 14.71004988154988, 55.203491780776645 ], [ 14.709897111782748, 55.203099842728342 ], [ 14.709608346209945, 55.202610689138602 ], [ 14.709367809176717, 55.202143888151063 ], [ 14.709327362982945, 55.202065394572678 ], [ 14.708853513990785, 55.201994619101612 ], [ 14.708789469462761, 55.201846459217435 ], [ 14.708507174771629, 55.201224133513811 ], [ 14.708354379292135, 55.200872523267577 ], [ 14.708126307258272, 55.200343889294651 ], [ 14.70787874747853, 55.19977262831474 ], [ 14.707612832280169, 55.199192065663752 ], [ 14.707307592521413, 55.198727193946155 ], [ 14.707288392146276, 55.198682550218905 ], [ 14.707089640706696, 55.198220416993969 ], [ 14.706914993563565, 55.197888313185771 ], [ 14.706869525080043, 55.197801850653889 ], [ 14.706846389801496, 55.197751373025042 ], [ 14.7066634036177, 55.197352120204641 ], [ 14.706392215180996, 55.196838434276316 ], [ 14.706214439977137, 55.196551907136637 ], [ 14.706321903095999, 55.196450724654454 ], [ 14.706522248548334, 55.196062248080921 ], [ 14.706558728918337, 55.195944563728958 ], [ 14.706642036563068, 55.195675813928389 ], [ 14.706701566890413, 55.195483767556468 ], [ 14.706699849252852, 55.195098248487014 ], [ 14.706767076756863, 55.194654618455949 ], [ 14.70668532809121, 55.194197916222841 ], [ 14.706998791575165, 55.193660730646748 ], [ 14.70735997149942, 55.193218091063443 ], [ 14.707671084635992, 55.192685253508081 ], [ 14.708051283061632, 55.192281731472264 ], [ 14.708221213747526, 55.19175081279235 ], [ 14.708447530145317, 55.191199467679134 ], [ 14.708442122914391, 55.190819585545633 ], [ 14.708256690172879, 55.190469265600242 ], [ 14.708198608254449, 55.190359542575791 ], [ 14.70754653138823, 55.190382500465176 ], [ 14.70729868834407, 55.190391225436528 ], [ 14.707051063072251, 55.190357463261755 ], [ 14.706980504920743, 55.190313341729215 ], [ 14.706857025981421, 55.190236127343987 ], [ 14.705351815714922, 55.190090652822995 ], [ 14.705345693842894, 55.190113579547784 ], [ 14.705292965743428, 55.190310654095974 ], [ 14.705277267659616, 55.190393540851183 ], [ 14.705015308500201, 55.190455352768062 ], [ 14.704941841063489, 55.190446990045373 ], [ 14.70438818559421, 55.190391846010833 ], [ 14.703965287714412, 55.190343527145401 ], [ 14.703595393553909, 55.190292747159319 ], [ 14.703595889532371, 55.190374693825561 ], [ 14.703591782085155, 55.190422109707768 ], [ 14.703600288843104, 55.190536122853445 ], [ 14.703602577778964, 55.19058491297352 ], [ 14.703616756548186, 55.190659241352677 ], [ 14.703642700155667, 55.190815644844598 ], [ 14.703661510476755, 55.190956530915194 ], [ 14.703671593568677, 55.19108011098367 ], [ 14.703665006489857, 55.191158087121345 ], [ 14.703651344215768, 55.191201414390989 ], [ 14.703577749217184, 55.191300402666322 ], [ 14.703473819973409, 55.191402155242436 ], [ 14.703361163366649, 55.19149933917339 ], [ 14.703242630672547, 55.191583305022796 ], [ 14.703134910289789, 55.191653458949077 ], [ 14.703060593771779, 55.191715042439704 ], [ 14.702993432777193, 55.191787578408018 ], [ 14.702947830807577, 55.191848273921757 ], [ 14.702939250151591, 55.191862071030059 ], [ 14.70290861148858, 55.191911235511206 ], [ 14.702867726210595, 55.192003413883704 ], [ 14.702839586806684, 55.192092851939918 ], [ 14.702813889860485, 55.192185938146132 ], [ 14.702789736092241, 55.192279032973147 ], [ 14.702743901207111, 55.192400906172942 ], [ 14.702694168747986, 55.192533683248364 ], [ 14.702634106253894, 55.192662786029395 ], [ 14.702567026063186, 55.192754455621262 ], [ 14.702505877519256, 55.192817797512255 ], [ 14.702392436441789, 55.192899669209908 ], [ 14.702240881227635, 55.19297954771109 ], [ 14.702076672624456, 55.193065564538628 ], [ 14.702011892408336, 55.193109722735151 ], [ 14.70194749648963, 55.193174899938292 ], [ 14.701924354236928, 55.193224342656663 ], [ 14.701867543829863, 55.193362546238554 ], [ 14.701855015379468, 55.193472216900211 ], [ 14.70186282914452, 55.193558033104331 ], [ 14.701878585055919, 55.193641073365136 ], [ 14.7019218473298, 55.19374497688132 ], [ 14.70194539024623, 55.193814275346057 ], [ 14.701943664536044, 55.193903797577242 ], [ 14.701934263334962, 55.194010693073544 ], [ 14.701915589006276, 55.194138637455268 ], [ 14.701907595743068, 55.194235483985125 ], [ 14.701907961043553, 55.194354199810846 ], [ 14.70191876875027, 55.19452766058027 ], [ 14.701925462076408, 55.19463497148196 ], [ 14.701928438010214, 55.194731825669713 ], [ 14.701950720608359, 55.194938684845518 ], [ 14.70199712398464, 55.195056915859134 ], [ 14.702080066772114, 55.195251010184712 ], [ 14.701884538486885, 55.19560529797684 ], [ 14.701698100102016, 55.195824403049031 ], [ 14.701525575046521, 55.195991599425611 ], [ 14.701321250422886, 55.19660882526378 ], [ 14.701617735434668, 55.197233496293606 ], [ 14.701926416989812, 55.197773995680642 ], [ 14.702045484946337, 55.198019263224253 ], [ 14.702114238642515, 55.198209396220342 ], [ 14.702191941725934, 55.198403988422911 ], [ 14.702559015543985, 55.199033097789602 ], [ 14.702728221553006, 55.19933712614845 ], [ 14.702823910235702, 55.199574469955273 ], [ 14.702929186404825, 55.199733777974181 ], [ 14.702972575169369, 55.199790191197735 ], [ 14.703177312313985, 55.200027721936486 ], [ 14.703284219616334, 55.200186971204538 ], [ 14.703287292686245, 55.200193695390752 ], [ 14.703387921502175, 55.200413424782333 ], [ 14.703395179855438, 55.200574026575339 ], [ 14.703487011189607, 55.200792539271049 ], [ 14.7035740464071, 55.200967609413475 ], [ 14.703727855354016, 55.201160305226949 ], [ 14.703809731752616, 55.201270741625045 ], [ 14.703875645394017, 55.201373357139168 ], [ 14.703914460180746, 55.201455909714937 ], [ 14.704075425290963, 55.201450780025475 ], [ 14.704198054414279, 55.201615781383367 ], [ 14.704261879338864, 55.201705577198283 ], [ 14.704363390765597, 55.201853475609781 ], [ 14.704446916538391, 55.201975059463365 ], [ 14.70453519266133, 55.202102874663389 ], [ 14.704548438011782, 55.202122030101314 ], [ 14.704668245814823, 55.202304311790854 ], [ 14.704733978240649, 55.202404757010967 ], [ 14.704865175468646, 55.202585559002259 ], [ 14.704945528888395, 55.202694220876786 ], [ 14.705014519842525, 55.202797402655321 ], [ 14.705080790682191, 55.202947125094468 ], [ 14.705163760122852, 55.203147968143369 ], [ 14.705188165692917, 55.203220889490041 ], [ 14.705280426016444, 55.203498450629553 ], [ 14.705332266676557, 55.20362469834263 ], [ 14.705356200000059, 55.20371681557608 ], [ 14.705464721139396, 55.20390703472124 ], [ 14.705515713391968, 55.204056105647581 ], [ 14.705532863496362, 55.204097753217717 ], [ 14.705638663045104, 55.204349626993654 ], [ 14.705695859707987, 55.204458114857481 ], [ 14.705700151484605, 55.204662361472209 ], [ 14.705746504337139, 55.20486915329743 ], [ 14.705812412186496, 55.204963747727156 ], [ 14.705883648071124, 55.205108420962574 ], [ 14.706100944677654, 55.205489431724054 ], [ 14.706246231072038, 55.205771264392745 ], [ 14.706283013720466, 55.205893447547467 ], [ 14.706405428653996, 55.206251716176389 ], [ 14.706434104532827, 55.206421827072298 ], [ 14.706405672391789, 55.20664678320842 ], [ 14.706332823034929, 55.206838968907682 ], [ 14.70629438561885, 55.206910725398167 ], [ 14.706234512716296, 55.20711305016841 ], [ 14.706199997469749, 55.20735979689033 ], [ 14.706194354424376, 55.207481837560827 ], [ 14.706133758507926, 55.207751862432865 ], [ 14.706123767467252, 55.20806464745467 ], [ 14.706078379110101, 55.208346426088987 ], [ 14.706063628204641, 55.208522157556878 ], [ 14.706014445292677, 55.208528588241137 ], [ 14.706070011011194, 55.208701677268728 ], [ 14.706126330395968, 55.209156891195128 ], [ 14.706082029107977, 55.209305068629675 ], [ 14.70620968223848, 55.209453935882074 ], [ 14.706363076179004, 55.210219062159908 ], [ 14.706366066907608, 55.210356612811935 ], [ 14.706350202847055, 55.210397667149437 ], [ 14.706345176054219, 55.210489883067481 ], [ 14.706352372788613, 55.210650487907664 ], [ 14.706373786938308, 55.210909607032413 ], [ 14.706396201413497, 55.211019934054377 ], [ 14.706469912487664, 55.211148296934333 ], [ 14.706615873697707, 55.211305549621905 ], [ 14.706771178076917, 55.211448149910098 ], [ 14.706848897238896, 55.211524465332197 ], [ 14.706432836454393, 55.211863012579862 ], [ 14.706471237872657, 55.211871049494903 ], [ 14.706797412421238, 55.211600434903374 ], [ 14.707060102844096, 55.211740632852006 ], [ 14.707043722739488, 55.211749026080881 ], [ 14.707079397829457, 55.211768010878075 ], [ 14.707133052184149, 55.211799942584861 ], [ 14.707181921451982, 55.211829137260672 ], [ 14.706969294172964, 55.211892622561756 ], [ 14.706999994073481, 55.211918952267027 ], [ 14.707285279054854, 55.211832352044716 ], [ 14.707443440524035, 55.212100104135452 ], [ 14.706817888751571, 55.212112277651286 ], [ 14.706746523282158, 55.212035925067745 ], [ 14.706944467050299, 55.211938355449249 ], [ 14.706917011535824, 55.211915654215446 ], [ 14.706687343754254, 55.212026153770992 ], [ 14.706605708480126, 55.212007345246988 ], [ 14.706579152841442, 55.212044877536826 ], [ 14.706702297893001, 55.212064420656489 ], [ 14.706775325790508, 55.212146213333654 ], [ 14.707380237852588, 55.212140283778631 ], [ 14.707459220742082, 55.212191496633686 ], [ 14.707658439270965, 55.212235067790935 ], [ 14.707833309377058, 55.212431326320669 ], [ 14.708405463051642, 55.213025385399966 ], [ 14.70861864273332, 55.213301121720029 ], [ 14.708726745124221, 55.213522207711542 ], [ 14.708742282973697, 55.213735999678747 ], [ 14.708669716908206, 55.213950218792228 ], [ 14.70870614992997, 55.21422115436215 ], [ 14.708757418016265, 55.214453631070015 ], [ 14.708739450194047, 55.214672335564636 ], [ 14.708761488345361, 55.214721647971551 ], [ 14.708811380362016, 55.214825247804633 ], [ 14.708998967750953, 55.214986926360588 ], [ 14.709178292080146, 55.215144446684633 ], [ 14.709277747067341, 55.215246826780287 ], [ 14.70933871003815, 55.215381673982783 ], [ 14.709418676699071, 55.215547981383452 ], [ 14.70939887960543, 55.215639036652782 ], [ 14.709405655658355, 55.215760323598936 ], [ 14.709491003448811, 55.215894917117389 ], [ 14.709562631446627, 55.216158817196202 ], [ 14.709571596937721, 55.216310580410955 ], [ 14.709568419274083, 55.216411999651015 ], [ 14.709711401584865, 55.216573602071911 ], [ 14.709783546323701, 55.216652428158511 ], [ 14.709901546669723, 55.216875110179267 ], [ 14.710076731703635, 55.217097771694668 ], [ 14.710177057959742, 55.217223262913159 ], [ 14.710393069777263, 55.217561858489717 ], [ 14.710440637841875, 55.217778773440116 ], [ 14.71054369522542, 55.217927747874469 ], [ 14.710622907908617, 55.217991406733518 ], [ 14.710791071433356, 55.21838519708777 ], [ 14.710962465071113, 55.218692400418952 ], [ 14.710983867317433, 55.218907663402653 ], [ 14.71098657294605, 55.219215046506271 ], [ 14.710973878217736, 55.219414915263293 ], [ 14.710937201776266, 55.219743879599676 ], [ 14.711017536938943, 55.220059373694653 ], [ 14.711019889023676, 55.220204948220506 ], [ 14.71108734993485, 55.220591485871829 ], [ 14.711101672128034, 55.220741350267708 ], [ 14.711157587020301, 55.220934540524631 ], [ 14.711175030693154, 55.221046729871865 ], [ 14.711310886134719, 55.221266502157391 ], [ 14.711407405988076, 55.221558695618818 ], [ 14.711220548049496, 55.221690047862737 ], [ 14.711223822209796, 55.221703846887777 ], [ 14.711424530454428, 55.222490711202404 ], [ 14.711111398570381, 55.222789890171732 ], [ 14.711100734173549, 55.222820988032396 ], [ 14.711155384267133, 55.222841745431168 ], [ 14.711200760535228, 55.222802023167574 ], [ 14.711455678902523, 55.222554268405872 ], [ 14.711476188314013, 55.222527686168014 ], [ 14.711871281644733, 55.222325161954501 ], [ 14.711961916968447, 55.222504046841507 ], [ 14.711975599116307, 55.222566155779269 ], [ 14.712011829415131, 55.222634605218211 ], [ 14.711879042768564, 55.222662508806245 ], [ 14.711892267995761, 55.222689883279052 ], [ 14.712057070887044, 55.222659143758818 ], [ 14.711998001472654, 55.222561511937151 ], [ 14.711985038617183, 55.222502654874987 ], [ 14.712030837377194, 55.22249480579174 ], [ 14.712117104922982, 55.22263792454482 ], [ 14.712154991063265, 55.222645471040273 ], [ 14.712165871505423, 55.222660803187971 ], [ 14.712188656447239, 55.222654548024693 ], [ 14.712311278891594, 55.222837718533526 ], [ 14.712310213065715, 55.222877304487412 ], [ 14.712305776416997, 55.222897820920522 ], [ 14.711848754667852, 55.222912722862141 ], [ 14.711830987898436, 55.222902836114514 ], [ 14.711735514737393, 55.222724259336438 ], [ 14.711793124535975, 55.222714001300957 ], [ 14.711776649764165, 55.222682971668569 ], [ 14.711661453080286, 55.222704413806483 ], [ 14.711771749760914, 55.222913818762358 ], [ 14.711659174651517, 55.222893351437413 ], [ 14.711403429289588, 55.222842456963313 ], [ 14.711384511438329, 55.222866966046467 ], [ 14.711410232505097, 55.222870511134516 ], [ 14.71141866603798, 55.222896760401632 ], [ 14.711791953840002, 55.22297528836144 ], [ 14.711978973649144, 55.223055730987518 ], [ 14.712135233688423, 55.223327978997233 ], [ 14.712292689566594, 55.223537536186633 ], [ 14.712570164823033, 55.22373474073305 ], [ 14.712802799544924, 55.223929360980861 ], [ 14.713266403404955, 55.22427585696849 ], [ 14.713873404863881, 55.224695424760817 ], [ 14.714225230696448, 55.224976756560309 ], [ 14.714478519744603, 55.225202972135044 ], [ 14.714632860230051, 55.225361371824995 ], [ 14.714865868947768, 55.225694238849378 ], [ 14.714971292501646, 55.225858186285343 ], [ 14.715084353518506, 55.22598773892409 ], [ 14.715319341640638, 55.226157912481156 ], [ 14.715262900653746, 55.226229104458653 ], [ 14.715319674265508, 55.226361481880275 ], [ 14.715345455074075, 55.226383162046012 ], [ 14.715478445755764, 55.226495007499231 ], [ 14.715585507870696, 55.226625201724417 ], [ 14.715784859131077, 55.226738420338613 ], [ 14.715913175228447, 55.226901507351862 ], [ 14.715965521469556, 55.227018411443893 ] ], [ [ 14.716472737241023, 55.226835151458523 ], [ 14.716172206614656, 55.226987057697094 ], [ 14.716137556494008, 55.226946206556775 ], [ 14.715852294445515, 55.226610855166257 ], [ 14.716245731012899, 55.226510547652033 ], [ 14.716472737241023, 55.226835151458523 ] ], [ [ 14.706079873661368, 55.204748531186489 ], [ 14.706011335259594, 55.204852711243831 ], [ 14.705932553230554, 55.204855327962797 ], [ 14.705885761339411, 55.204648115701204 ], [ 14.705908305913454, 55.204644528288952 ], [ 14.705897870058314, 55.204568719060077 ], [ 14.706123192643499, 55.20457982169269 ], [ 14.706079873661368, 55.204748531186489 ] ], [ [ 14.706562102193532, 55.206661019315774 ], [ 14.706591440298663, 55.206605055769636 ], [ 14.706704420469205, 55.20660807117666 ], [ 14.706969459230807, 55.206699611762879 ], [ 14.707033075310289, 55.206701414981609 ], [ 14.706990919420919, 55.206953237587832 ], [ 14.706488595150784, 55.206918381769093 ], [ 14.706498672177675, 55.206886699741652 ], [ 14.706529972811895, 55.206783969960924 ], [ 14.70655507001055, 55.20668737344019 ], [ 14.706562102193532, 55.206661019315774 ] ], [ [ 14.706551167883982, 55.207474643974003 ], [ 14.706336600075995, 55.207489241176241 ], [ 14.706390535013229, 55.207199355790813 ], [ 14.706412719828714, 55.207200601146155 ], [ 14.706717115526327, 55.207210647773621 ], [ 14.706711925984717, 55.207464831164714 ], [ 14.706551167883982, 55.207474643974003 ] ], [ [ 14.7062913100835, 55.207757431664987 ], [ 14.706302187798368, 55.20769490805089 ], [ 14.706507285737263, 55.207714791022632 ], [ 14.706562974897762, 55.208048663600223 ], [ 14.706646262629652, 55.208046357276508 ], [ 14.706658560413555, 55.208350219887947 ], [ 14.7062450735033, 55.208354041898524 ], [ 14.706232207853988, 55.208259559998872 ], [ 14.706256625915843, 55.20806530830405 ], [ 14.706282254634401, 55.208053033466385 ], [ 14.7062913100835, 55.207757431664987 ] ], [ [ 14.706428274515012, 55.209149860580197 ], [ 14.706786081074155, 55.209138623278804 ], [ 14.706782990113821, 55.209623828561895 ], [ 14.706414573135715, 55.209657032870552 ], [ 14.706394710795108, 55.209580387733617 ], [ 14.706388213144901, 55.209535440773905 ], [ 14.706383724537613, 55.209449756567835 ], [ 14.706376953099223, 55.209427362875644 ], [ 14.706392797475109, 55.209327707957925 ], [ 14.706428274515012, 55.209149860580197 ] ], [ [ 14.708338949390081, 55.212718054370903 ], [ 14.708046590415565, 55.212395192251151 ], [ 14.708019785130151, 55.212365403332392 ], [ 14.708003833005662, 55.212344538839453 ], [ 14.707913933756485, 55.212246903456126 ], [ 14.707882691759846, 55.212212965902239 ], [ 14.707866410035885, 55.212217438852711 ], [ 14.707755319625964, 55.21209676328796 ], [ 14.707676916772575, 55.211985877654975 ], [ 14.707625266759806, 55.211912641986395 ], [ 14.707561519955012, 55.211829162935572 ], [ 14.70753416218575, 55.211767335549141 ], [ 14.707796393931353, 55.211703411318631 ], [ 14.707956041150815, 55.211915039031688 ], [ 14.708018071477536, 55.211899596957799 ], [ 14.708265755226225, 55.212138850235675 ], [ 14.708421972493079, 55.212305395515152 ], [ 14.708679262216958, 55.212678395649235 ], [ 14.7085100687422, 55.212714360622606 ], [ 14.708371550621942, 55.212743799418796 ], [ 14.708338949390081, 55.212718054370903 ] ], [ [ 14.707076792803285, 55.211307539632948 ], [ 14.707135244092953, 55.211379475103421 ], [ 14.707156066247263, 55.211386455446878 ], [ 14.707219245651435, 55.21144855509425 ], [ 14.707259013660606, 55.211494848150416 ], [ 14.707311427797768, 55.211570235512824 ], [ 14.707329839822355, 55.211596835780163 ], [ 14.707366443847137, 55.211650586741015 ], [ 14.707335597947127, 55.21170088704767 ], [ 14.707228364945893, 55.211641170052943 ], [ 14.707037651782244, 55.211558887583521 ], [ 14.70697916264619, 55.211515534454094 ], [ 14.706904254495493, 55.211452004726645 ], [ 14.706770788733078, 55.211315464131495 ], [ 14.706970163881389, 55.211252898097563 ], [ 14.70700837223227, 55.211252464225623 ], [ 14.707057234946625, 55.211302786391606 ], [ 14.707076792803285, 55.211307539632948 ] ], [ [ 14.712949357463849, 55.223690608547756 ], [ 14.712948812262036, 55.223673341697278 ], [ 14.712875469668255, 55.223585994578912 ], [ 14.712861613744668, 55.223569028890374 ], [ 14.712796518824854, 55.223509037874955 ], [ 14.712661593520187, 55.223366953716045 ], [ 14.712633118200438, 55.223336910927301 ], [ 14.712594553049062, 55.223310951769342 ], [ 14.712512834524205, 55.223213636810399 ], [ 14.712430817321071, 55.223106352840347 ], [ 14.712426552502398, 55.223082050256927 ], [ 14.712417146003474, 55.223039724520731 ], [ 14.712415573990974, 55.222937087838922 ], [ 14.712434121574605, 55.222927097867938 ], [ 14.712679908753143, 55.222906947658338 ], [ 14.712804483835304, 55.223152161207828 ], [ 14.712818551283286, 55.223179851355191 ], [ 14.712937303670302, 55.223298273132656 ], [ 14.712960289606208, 55.22331915655311 ], [ 14.713085053792216, 55.22343250812682 ], [ 14.713095534608, 55.223443364175651 ], [ 14.71329385278945, 55.223648781181332 ], [ 14.713302240441424, 55.223657469014206 ], [ 14.713585757110776, 55.223878688712936 ], [ 14.713597339771129, 55.223887726252634 ], [ 14.713942512257455, 55.224236758729887 ], [ 14.71367635118729, 55.224307594408756 ], [ 14.713658253995707, 55.224313161520598 ], [ 14.713582804491077, 55.224260579690409 ], [ 14.713534206052138, 55.224214793060227 ], [ 14.713380685575906, 55.224070576516823 ], [ 14.713388373695704, 55.224026016507707 ], [ 14.713322557992218, 55.223970443474386 ], [ 14.713230968543106, 55.223893108519007 ], [ 14.713189144596877, 55.22390835082637 ], [ 14.713167375151206, 55.223892864118632 ], [ 14.713095856279592, 55.223825658493283 ], [ 14.713073815195262, 55.223818250144895 ], [ 14.71299690215973, 55.223746382865897 ], [ 14.712949357463849, 55.223690608547756 ] ], [ [ 14.711907096350687, 55.22206563251747 ], [ 14.71183700693976, 55.221949713448168 ], [ 14.711780879855295, 55.221881199208028 ], [ 14.711712118987011, 55.221800378698418 ], [ 14.711648981828999, 55.221665769385815 ], [ 14.711633278534356, 55.221623010186455 ], [ 14.71161015547368, 55.221562478825767 ], [ 14.711598490043272, 55.221532366553419 ], [ 14.711576523309262, 55.221459061350828 ], [ 14.711518098176031, 55.221339920832285 ], [ 14.711512218078937, 55.221196438335951 ], [ 14.711909245386481, 55.221151327259108 ], [ 14.712078859096554, 55.221471629705576 ], [ 14.712236638596954, 55.221453633155456 ], [ 14.71227612363051, 55.221556127462613 ], [ 14.712139480712318, 55.221581277964127 ], [ 14.712346333991968, 55.221967164550783 ], [ 14.712225753794987, 55.221994630289409 ], [ 14.712197672282247, 55.222065596101217 ], [ 14.712344864361517, 55.222209805020348 ], [ 14.712429998488583, 55.222293213859615 ], [ 14.712714485406263, 55.222628761277043 ], [ 14.712528087497192, 55.22264236838658 ], [ 14.7125530692882, 55.222694233603619 ], [ 14.712545521877798, 55.22274678953336 ], [ 14.712500287684108, 55.222756376641762 ], [ 14.712481900454558, 55.222729136656852 ], [ 14.712359426527593, 55.222756151312623 ], [ 14.712330216640295, 55.222710803906942 ], [ 14.712323822953723, 55.222695135014611 ], [ 14.712326449112224, 55.222676593992119 ], [ 14.71231307530603, 55.222658048299458 ], [ 14.71226897367794, 55.222661271868866 ], [ 14.712210913896552, 55.222602660517268 ], [ 14.712176002304311, 55.222570669484632 ], [ 14.712145763806925, 55.222530105298254 ], [ 14.712081036730027, 55.222369771671097 ], [ 14.712044994486151, 55.222290358237878 ], [ 14.711995830087103, 55.222205979970028 ], [ 14.711964613924257, 55.222137024993657 ], [ 14.711907096350687, 55.22206563251747 ] ], [ [ 14.710840262353507, 55.218019052862132 ], [ 14.71084726979204, 55.218017742609732 ], [ 14.711233014031796, 55.217938920006603 ], [ 14.711421695329554, 55.21828369451574 ], [ 14.711043879817476, 55.218357995490251 ], [ 14.711008358097406, 55.218360518745818 ], [ 14.710840262353507, 55.218019052862132 ] ], [ [ 14.709963104766384, 55.215619666613456 ], [ 14.710029090232039, 55.21573969482958 ], [ 14.710042180879428, 55.215763529032607 ], [ 14.709705588510465, 55.21585513661563 ], [ 14.709690853602535, 55.215817660861141 ], [ 14.709597716319804, 55.215580821863036 ], [ 14.709618798968863, 55.215568768850808 ], [ 14.709829076799055, 55.215576512685324 ], [ 14.709963104766384, 55.215619666613456 ] ], [ [ 14.709907101201726, 55.216270451584201 ], [ 14.709887209588734, 55.216272492745389 ], [ 14.709777187637984, 55.216028281973841 ], [ 14.710150039394248, 55.215959789635271 ], [ 14.710282401244138, 55.216200574685651 ], [ 14.709907101201726, 55.216270451584201 ] ], [ [ 14.709027890275387, 55.213966342109302 ], [ 14.709159279698486, 55.213966610134605 ], [ 14.709173904105155, 55.21399477426985 ], [ 14.709210453502431, 55.213991321038037 ], [ 14.709263343691573, 55.214285833731438 ], [ 14.708982602514377, 55.214304180524302 ], [ 14.70894903797296, 55.214198941102516 ], [ 14.708871519461269, 55.214046138270156 ], [ 14.708877369641016, 55.213947528206575 ], [ 14.708996290812435, 55.213946158283001 ], [ 14.709027890275387, 55.213966342109302 ] ] ], [ [ [ 14.825865255997526, 55.252050419671761 ], [ 14.826365328137241, 55.251958421173072 ], [ 14.826415596416235, 55.251943023127829 ], [ 14.826481636308721, 55.251926540625412 ], [ 14.826417422782281, 55.251858510789859 ], [ 14.826030521143517, 55.251505509837088 ], [ 14.825874255084832, 55.251547022657313 ], [ 14.825741786183301, 55.251604320238805 ], [ 14.825704554276665, 55.251566474494375 ], [ 14.825397109833592, 55.251631556647894 ], [ 14.825096793932188, 55.251735556261494 ], [ 14.824867619414983, 55.251818089916696 ], [ 14.824573996336458, 55.251974377894818 ], [ 14.824238988327766, 55.252148841805578 ], [ 14.823966017940483, 55.252314231146151 ], [ 14.824287526912245, 55.252532271944411 ], [ 14.82450646496992, 55.252700148476585 ], [ 14.82466776703148, 55.252625003972923 ], [ 14.825344576432379, 55.252220229590634 ], [ 14.825865255997526, 55.252050419671761 ] ] ], [ [ [ 14.813755902454247, 55.262388399801502 ], [ 14.813855828941147, 55.262365359227481 ], [ 14.814146887620071, 55.261942914633416 ], [ 14.815255522020248, 55.262064362424304 ], [ 14.815771058050739, 55.262117222660848 ], [ 14.815787198116162, 55.262098689557391 ], [ 14.816172450294346, 55.261786337387285 ], [ 14.816242071708876, 55.2616705626141 ], [ 14.815771047254447, 55.261475785794765 ], [ 14.814480773354193, 55.261041224855845 ], [ 14.814298538391792, 55.260980066200091 ], [ 14.813887163812584, 55.260841327524268 ], [ 14.813528591375784, 55.260720391907086 ], [ 14.812723370565159, 55.260448516551072 ], [ 14.81248549390032, 55.260377545315251 ], [ 14.812460577308723, 55.260386405667461 ], [ 14.812035006375721, 55.260699753416489 ], [ 14.811803362524971, 55.260879171698406 ], [ 14.811455863482751, 55.261177804997217 ], [ 14.811249677936077, 55.261337560272501 ], [ 14.811000022072921, 55.261540856143029 ], [ 14.810946272669495, 55.261593098182495 ], [ 14.810788378712939, 55.261734089878033 ], [ 14.810679782048602, 55.26184206504329 ], [ 14.810606188167435, 55.261920164127424 ], [ 14.810505430936058, 55.26203829747444 ], [ 14.810668689834031, 55.262131570190647 ], [ 14.811934758150691, 55.262268233474224 ], [ 14.812116226410101, 55.262239552825783 ], [ 14.812276522937479, 55.262214205889293 ], [ 14.813755902454247, 55.262388399801502 ] ] ], [ [ [ 14.812782893701044, 55.267594465993611 ], [ 14.81274750810322, 55.267584201261037 ], [ 14.812726091438311, 55.267592552272355 ], [ 14.81276586029488, 55.267665228044869 ], [ 14.812807565651157, 55.26767224709922 ], [ 14.812782893701044, 55.267594465993611 ] ] ], [ [ [ 14.813033132182722, 55.267757994630031 ], [ 14.813106127499651, 55.267687286751624 ], [ 14.813153492590569, 55.26757293550726 ], [ 14.813051343292424, 55.267541193948723 ], [ 14.812970478409826, 55.267536243794233 ], [ 14.812996605543175, 55.267688404891423 ], [ 14.812947731830162, 55.267683681863232 ], [ 14.81296034564771, 55.267757069687818 ], [ 14.813033132182722, 55.267757994630031 ] ] ], [ [ [ 14.807762595778255, 55.269227018390225 ], [ 14.807839339365447, 55.269243862824013 ], [ 14.807892223515992, 55.269247001165354 ], [ 14.807940863649906, 55.269251305300465 ], [ 14.808645982127391, 55.269407291202697 ], [ 14.809029036552252, 55.269446575183764 ], [ 14.809440796089621, 55.269493237808106 ], [ 14.809638285627374, 55.269527209353427 ], [ 14.809992322745474, 55.269682160518968 ], [ 14.809920050539512, 55.269773906258209 ], [ 14.809754337627579, 55.269938179996714 ], [ 14.809690988508587, 55.270012269059066 ], [ 14.809796175475052, 55.270251183501834 ], [ 14.809661596940972, 55.270398099416866 ], [ 14.809656988121484, 55.270403126709539 ], [ 14.809494725778359, 55.270533602505814 ], [ 14.809454780456733, 55.27066027303762 ], [ 14.809346290803347, 55.270790152903054 ], [ 14.809173741912566, 55.270997261091416 ], [ 14.808714510112113, 55.270745503424521 ], [ 14.808359415861236, 55.270932462605266 ], [ 14.807722261254236, 55.271149528196418 ], [ 14.807263092759277, 55.271149629396369 ], [ 14.806911038070528, 55.271175980854153 ], [ 14.806951460237592, 55.271186664818508 ], [ 14.806884532867524, 55.27130389110318 ], [ 14.807344072309585, 55.271470874941969 ], [ 14.807154964658348, 55.271685377874761 ], [ 14.807141328608711, 55.271703385104296 ], [ 14.807058915557654, 55.271843865305534 ], [ 14.807045996424522, 55.271860307913961 ], [ 14.806814259656571, 55.272093624855728 ], [ 14.80665473307705, 55.27228167081531 ], [ 14.806446293109682, 55.2724613196958 ], [ 14.806223899083099, 55.272662960477426 ], [ 14.806045962902907, 55.272639852170037 ], [ 14.806010174984861, 55.272898314945522 ], [ 14.806451147908058, 55.272964543114412 ], [ 14.806788862874416, 55.272856658737695 ], [ 14.806899637921763, 55.272963199626076 ], [ 14.806983548439769, 55.273086785474838 ], [ 14.807145139723971, 55.27309129044999 ], [ 14.807512792267381, 55.272918427920978 ], [ 14.807595670012818, 55.272820749343474 ], [ 14.80737177455935, 55.272693437785549 ], [ 14.807083906692418, 55.27260757361644 ], [ 14.807174930685562, 55.272558209195196 ], [ 14.807450603495882, 55.272634554523229 ], [ 14.807551403237621, 55.272596066211449 ], [ 14.807741450586045, 55.27262413074277 ], [ 14.807891272526835, 55.272598129330106 ], [ 14.808031265557332, 55.272560785785203 ], [ 14.808136949223654, 55.272525934868931 ], [ 14.80833255637125, 55.27234225922448 ], [ 14.808406872023751, 55.272255584442661 ], [ 14.808505666126925, 55.272237653336646 ], [ 14.808660012830238, 55.272239009108006 ], [ 14.808764365402935, 55.272261187948715 ], [ 14.808906808115633, 55.272309599725787 ], [ 14.809125270511107, 55.272363942840258 ], [ 14.809389411964128, 55.272420750076783 ], [ 14.809422798551322, 55.27236900414696 ], [ 14.809356500154124, 55.272288195384149 ], [ 14.809237712655113, 55.272179410443854 ], [ 14.809117356153763, 55.27211352443998 ], [ 14.809021953091184, 55.272057060882169 ], [ 14.808955718887054, 55.27202233184758 ], [ 14.808913786783407, 55.271959633722069 ], [ 14.80897117000336, 55.271906364310041 ], [ 14.809137896068412, 55.271846047605827 ], [ 14.80934349830023, 55.271896358983355 ], [ 14.809562396680523, 55.271931082353085 ], [ 14.809800460655827, 55.271922363226842 ], [ 14.809859603252518, 55.271880037236905 ], [ 14.809817120448638, 55.27166266038887 ], [ 14.80986027189126, 55.271534198232473 ], [ 14.809946818212689, 55.271462053376794 ], [ 14.810417717579568, 55.271175917507982 ], [ 14.81083901101783, 55.270602218777007 ], [ 14.810879221328538, 55.270408071406401 ], [ 14.810842469920139, 55.270326176569732 ], [ 14.810736470896462, 55.270215017988889 ], [ 14.810749037747886, 55.270162924447327 ], [ 14.810824103995426, 55.270160654155731 ], [ 14.810880611888612, 55.270232864267285 ], [ 14.810989177413852, 55.270311167621735 ], [ 14.811083564532399, 55.270357154364142 ], [ 14.811196273044478, 55.270359225832337 ], [ 14.811279198618484, 55.270308570386852 ], [ 14.811363017536594, 55.270221394678821 ], [ 14.811346069077958, 55.270130245056357 ], [ 14.8113720634241, 55.269987279573527 ], [ 14.811414023010951, 55.269924986900762 ], [ 14.811519938694484, 55.269905668772765 ], [ 14.811590630619884, 55.269924879471908 ], [ 14.811661212260567, 55.269978313350975 ], [ 14.811748043983247, 55.269962292103124 ], [ 14.81182080035466, 55.269922627690192 ], [ 14.811738795140343, 55.269855578797646 ], [ 14.811660282876918, 55.269721430520903 ], [ 14.811482808246829, 55.269429011972882 ], [ 14.811415882306852, 55.269314853597542 ], [ 14.811466105281658, 55.269309079120767 ], [ 14.811528348611533, 55.269344780533359 ], [ 14.81171627239622, 55.269599718275799 ], [ 14.811796720101674, 55.269708765530289 ], [ 14.811914326420778, 55.26983994821925 ], [ 14.811951571058042, 55.26982285630806 ], [ 14.811988090342453, 55.269803719485267 ], [ 14.812069483738785, 55.269761022692087 ], [ 14.812172021473424, 55.269687878177912 ], [ 14.812323688618559, 55.269424588651148 ], [ 14.812436925746898, 55.269114890941381 ], [ 14.812475861065819, 55.268974943904247 ], [ 14.812502748418135, 55.268749221718821 ], [ 14.812621049293874, 55.268620229316788 ], [ 14.812664485750428, 55.268590742199656 ], [ 14.812119654770783, 55.268200642273392 ], [ 14.812231229195433, 55.268015625771703 ], [ 14.81227857768466, 55.268024464010558 ], [ 14.81233193473482, 55.267929254030868 ], [ 14.812320303146775, 55.267781639813073 ], [ 14.81222303830306, 55.267629995894211 ], [ 14.812478553215831, 55.267527604947432 ], [ 14.812716138289989, 55.267573474611616 ], [ 14.812764715110131, 55.267563583074597 ], [ 14.812808260073423, 55.267581974252636 ], [ 14.812829110097251, 55.267627430404723 ], [ 14.812849881455993, 55.26762683422897 ], [ 14.812847760366708, 55.267600414598753 ], [ 14.812903075512416, 55.267607350605338 ], [ 14.812950710233196, 55.267588339594774 ], [ 14.812944573348085, 55.267519557641982 ], [ 14.813030812613876, 55.26751352024494 ], [ 14.813102394976918, 55.267492996015648 ], [ 14.813109677980124, 55.267456944705657 ], [ 14.813146372563409, 55.267452148858688 ], [ 14.813201383854443, 55.267609150642841 ], [ 14.813317656632879, 55.267626236655005 ], [ 14.813457791406362, 55.267553752279959 ], [ 14.813715502904003, 55.267371591745892 ], [ 14.813923141873445, 55.26744151279766 ], [ 14.814113520204469, 55.267267357816372 ], [ 14.814066591251825, 55.267155414135146 ], [ 14.814172479731488, 55.267009242386926 ], [ 14.814243634343674, 55.266846068329698 ], [ 14.814384763016641, 55.266622799587758 ], [ 14.814390842165995, 55.266485168930011 ], [ 14.814459680834974, 55.26640958140694 ], [ 14.814519868820597, 55.266261632052633 ], [ 14.814555406667408, 55.266082001952256 ], [ 14.814601068145624, 55.26599027333998 ], [ 14.814739953793485, 55.265845746971316 ], [ 14.814877327770743, 55.265799769622298 ], [ 14.815025167980027, 55.265837464119009 ], [ 14.815159189060077, 55.265786146228201 ], [ 14.815215589249641, 55.265729832596421 ], [ 14.815231145135915, 55.265670105579247 ], [ 14.815204104342307, 55.265608453317704 ], [ 14.814969037771885, 55.26551495386029 ], [ 14.81492740420121, 55.265402460356697 ], [ 14.815012944282252, 55.265325426110415 ], [ 14.815070799086337, 55.265223860100235 ], [ 14.815175203507529, 55.265129359795203 ], [ 14.815382803336588, 55.264805633086368 ], [ 14.815463992864508, 55.264744965665926 ], [ 14.815483987706838, 55.264660458950985 ], [ 14.81558048322578, 55.26456547201586 ], [ 14.815671935028544, 55.264455007915245 ], [ 14.815665853954032, 55.264385665180157 ], [ 14.815671552411525, 55.264314084976654 ], [ 14.815725085980207, 55.264243180163305 ], [ 14.815795706401808, 55.264204956452723 ], [ 14.815884325866801, 55.26422585521545 ], [ 14.815943014455645, 55.264307348232634 ], [ 14.815999748839973, 55.264330446177397 ], [ 14.816074787050066, 55.264326877350122 ], [ 14.816263298759305, 55.264137566580708 ], [ 14.816251117566095, 55.264014465152911 ], [ 14.816107884569732, 55.263844478142346 ], [ 14.816063987041597, 55.263729023400622 ], [ 14.81600760947771, 55.263669421805666 ], [ 14.815812285095156, 55.263565742340106 ], [ 14.815828700161687, 55.263485214650231 ], [ 14.815857244773445, 55.263385373224651 ], [ 14.815862031381798, 55.263292194867226 ], [ 14.815809538511322, 55.263206066558098 ], [ 14.815215493097259, 55.262619363524166 ], [ 14.815194995020757, 55.262581254902358 ], [ 14.814813777559754, 55.262538933326873 ], [ 14.814740847506059, 55.262530832657269 ], [ 14.814653255549061, 55.26252111002227 ], [ 14.814396311793196, 55.262492581283048 ], [ 14.814431180365194, 55.262541409287977 ], [ 14.81445909090232, 55.262580406119916 ], [ 14.814466176677412, 55.26258347040006 ], [ 14.814470098063254, 55.262587424094754 ], [ 14.814491154376794, 55.262596428486113 ], [ 14.814537096243305, 55.262670474072834 ], [ 14.81454414464992, 55.26267640288885 ], [ 14.814546180171119, 55.26268340848479 ], [ 14.81456811053944, 55.262726454072855 ], [ 14.814601903815534, 55.262728167189017 ], [ 14.814805137641926, 55.262738469721654 ], [ 14.81487674988483, 55.262740218511084 ], [ 14.814968077239334, 55.262742448687185 ], [ 14.814939902488009, 55.262837517367963 ], [ 14.814917397584258, 55.262913454267533 ], [ 14.814901085456501, 55.262968495105056 ], [ 14.814825129829272, 55.263037428329895 ], [ 14.814829222257185, 55.263041472866846 ], [ 14.814828101403661, 55.263047486004325 ], [ 14.814865176780295, 55.263148476223577 ], [ 14.814880088511735, 55.263165462240146 ], [ 14.814885087824425, 55.263184515402664 ], [ 14.814981202812703, 55.263308386868154 ], [ 14.815023157009684, 55.263362456489077 ], [ 14.815155219629963, 55.263546518061816 ], [ 14.815286194785333, 55.263729497196749 ], [ 14.815356140162747, 55.26383553305859 ], [ 14.815351188898983, 55.263878548993389 ], [ 14.815260255516751, 55.263966518156373 ], [ 14.815114178992204, 55.264094518552405 ], [ 14.814897395408416, 55.264253183459282 ], [ 14.814864180514538, 55.264277493451807 ], [ 14.814851246424615, 55.264294549909756 ], [ 14.814830153181465, 55.26430756712552 ], [ 14.814696136585935, 55.264460539339773 ], [ 14.814687283549119, 55.264488554687077 ], [ 14.814667246449009, 55.264513512558416 ], [ 14.814619509094801, 55.264690791429068 ], [ 14.814615273045574, 55.26470652248117 ], [ 14.814616214185355, 55.264711545841244 ], [ 14.81461321526297, 55.264716577441789 ], [ 14.814583293569159, 55.264889556530996 ], [ 14.814586256034911, 55.2649015951704 ], [ 14.81458120849981, 55.264912549202627 ], [ 14.814582017473304, 55.264926678630275 ], [ 14.814588193034243, 55.265034539653968 ], [ 14.814745128239014, 55.265104946520964 ], [ 14.814549426432279, 55.265466012384564 ], [ 14.814448300381523, 55.265478658915207 ], [ 14.814424359000594, 55.26548859829667 ], [ 14.81428225776893, 55.265584611150217 ], [ 14.814141292784944, 55.265668587372843 ], [ 14.814135303275471, 55.265675589339999 ], [ 14.814123173996697, 55.265680607086573 ], [ 14.81408755402388, 55.265705861871176 ], [ 14.814027244554152, 55.26574862157009 ], [ 14.81401525622497, 55.26576460645714 ], [ 14.813994302852473, 55.265777616817829 ], [ 14.813920279473491, 55.265857628914354 ], [ 14.813910350055819, 55.265882607802602 ], [ 14.813890352442654, 55.265905691136659 ], [ 14.813855914085536, 55.266001050153257 ], [ 14.813826741494502, 55.266081828054382 ], [ 14.813816666870848, 55.266099792023624 ], [ 14.813744188484154, 55.266141592980908 ], [ 14.813731741527812, 55.26614877158655 ], [ 14.813716625715745, 55.266162781310136 ], [ 14.813695665644133, 55.266173811410994 ], [ 14.813676789428746, 55.266202827696958 ], [ 14.813649691034783, 55.266229851200926 ], [ 14.813649845360519, 55.266245859037149 ], [ 14.813640868010431, 55.266261844055641 ], [ 14.813649858336149, 55.266291887516488 ], [ 14.813650967495908, 55.266322910690619 ], [ 14.813665008017013, 55.266336958715918 ], [ 14.813670035460122, 55.266352976782599 ], [ 14.813725361303607, 55.266420029668652 ], [ 14.813736401122835, 55.266456096811076 ], [ 14.813700414414201, 55.266491106991559 ], [ 14.813603444840112, 55.26654106701146 ], [ 14.813602325391011, 55.266541066482922 ], [ 14.813462284666508, 55.266614059762141 ], [ 14.813448266000853, 55.266626090520603 ], [ 14.813431398975149, 55.266640093846036 ], [ 14.813422134914685, 55.266645838848248 ], [ 14.813394388375967, 55.266663062667185 ], [ 14.813342275940864, 55.266720043731013 ], [ 14.813339197699824, 55.266726042334831 ], [ 14.813332083374394, 55.266731072462271 ], [ 14.813263267414021, 55.266818883403445 ], [ 14.813177084653237, 55.266905777535747 ], [ 14.813175984036505, 55.266906766363292 ], [ 14.81305566315063, 55.266924982878898 ], [ 14.812883304632972, 55.267023294605572 ], [ 14.812384484599654, 55.266814529385805 ], [ 14.812207849702187, 55.266740599752723 ], [ 14.811855266408042, 55.266934602876816 ], [ 14.811891434776447, 55.267060192702068 ], [ 14.811914311628367, 55.267139629044962 ], [ 14.811603226985989, 55.267260670122404 ], [ 14.811498260782255, 55.267265762044531 ], [ 14.811026315216047, 55.267288655044652 ], [ 14.811016877204851, 55.267499657931374 ], [ 14.811002386196472, 55.267823628250284 ], [ 14.810697287441329, 55.267829675840254 ], [ 14.810697185696885, 55.267829677856895 ], [ 14.810472486226633, 55.267489100229433 ], [ 14.810467726858764, 55.267482224645988 ], [ 14.81017463181545, 55.26754755154434 ], [ 14.810077434983819, 55.267389313159342 ], [ 14.809668175600491, 55.266991487454931 ], [ 14.809592671089236, 55.266915898831556 ], [ 14.809141326414617, 55.267521447343825 ], [ 14.809116712478044, 55.267554481718989 ], [ 14.809078078422948, 55.267597394809812 ], [ 14.808886542822162, 55.267863402399364 ], [ 14.808813019044996, 55.267961886981084 ], [ 14.808574642923444, 55.268281767454624 ], [ 14.807751753518007, 55.267947539155806 ], [ 14.807725849266225, 55.267937306570992 ], [ 14.80745925332422, 55.268256289951886 ], [ 14.807248105874514, 55.269116601194227 ], [ 14.807685861996625, 55.269211532793697 ], [ 14.807762595778255, 55.269227018390225 ] ] ], [ [ [ 14.740372149382255, 55.250486578085187 ], [ 14.739892477545173, 55.250712788408173 ], [ 14.739833554551781, 55.250740575709614 ], [ 14.739890748870081, 55.250783886354277 ], [ 14.739688186408921, 55.250902375354535 ], [ 14.739419916037544, 55.251017823062028 ], [ 14.739185562177351, 55.251118674096432 ], [ 14.739185553050202, 55.251118678017939 ], [ 14.739374006304656, 55.251228979383008 ], [ 14.739461464502005, 55.251305907152798 ], [ 14.739541017365552, 55.251369137757465 ], [ 14.739667036381686, 55.251451717895229 ], [ 14.739812020881372, 55.251558977716954 ], [ 14.740065570626854, 55.251731411639859 ], [ 14.740340678993116, 55.25196682280793 ], [ 14.740631608206433, 55.252220508078473 ], [ 14.740899000602758, 55.252499284558617 ], [ 14.740976334691426, 55.252579830773058 ], [ 14.741340907738914, 55.25302457189381 ], [ 14.741440365193561, 55.253155313031669 ], [ 14.741697252496843, 55.253419775552224 ], [ 14.741821008165509, 55.253645375676108 ], [ 14.741927504032518, 55.253839896305678 ], [ 14.742084901184333, 55.254075674135173 ], [ 14.742257979330663, 55.254339761067996 ], [ 14.742407345500316, 55.254574576310787 ], [ 14.74250349502562, 55.254810075720776 ], [ 14.742621640037948, 55.255080274738646 ], [ 14.742763376472196, 55.255329312803276 ], [ 14.742930961347744, 55.25557431307098 ], [ 14.743042036633232, 55.255706944347232 ], [ 14.743240349045303, 55.255940222638593 ], [ 14.743374730652757, 55.256131301566967 ], [ 14.74360496162654, 55.25649080165568 ], [ 14.743772132951813, 55.256746919964144 ], [ 14.743902654922774, 55.256970101635851 ], [ 14.744055133302176, 55.257232593515212 ], [ 14.744256052539239, 55.257641366949883 ], [ 14.744342876080074, 55.257797701165181 ], [ 14.744584777630504, 55.258179000781276 ], [ 14.744671675901598, 55.258327121490481 ], [ 14.744744354886416, 55.258447782319841 ], [ 14.744802718520384, 55.25855839764958 ], [ 14.744900309477783, 55.258774059346749 ], [ 14.744985586545866, 55.258923048611237 ], [ 14.745158479000454, 55.259124253336047 ], [ 14.745244164854853, 55.259213882102728 ], [ 14.7453839362592, 55.259346552023871 ], [ 14.745479160626603, 55.259445335369129 ], [ 14.745756720677765, 55.259766301476233 ], [ 14.74589156502376, 55.25991717152548 ], [ 14.746049477379524, 55.260206779934158 ], [ 14.74607767099373, 55.260293505950045 ], [ 14.746114954301436, 55.260457813918634 ], [ 14.746132179633909, 55.260511678530932 ], [ 14.746216666491376, 55.260791008202808 ], [ 14.746035033669834, 55.260948334396041 ], [ 14.74602675039387, 55.26099302432511 ], [ 14.745906462963797, 55.26105746953457 ], [ 14.745898256787333, 55.261090282192583 ], [ 14.746003268941262, 55.261164414731624 ], [ 14.746170657387204, 55.26122865202143 ], [ 14.74612376437562, 55.261313360679317 ], [ 14.746107174930138, 55.26140813382024 ], [ 14.746269733214735, 55.261483311462413 ], [ 14.746366573182955, 55.261583836397428 ], [ 14.7464618802759, 55.26167888843451 ], [ 14.746526823199359, 55.261770207264213 ], [ 14.746571126447712, 55.261842327358892 ], [ 14.74662802102509, 55.261947295175318 ], [ 14.746683308055944, 55.262050412467531 ], [ 14.746749869201897, 55.262143536196419 ], [ 14.746872210606185, 55.262262300709651 ], [ 14.746967522982525, 55.262356388957073 ], [ 14.747067671541004, 55.262445009566591 ], [ 14.747128058699355, 55.262505288397058 ], [ 14.747205898218937, 55.262584736323433 ], [ 14.747290073580842, 55.262676037640993 ], [ 14.74735355494575, 55.262751797688992 ], [ 14.747425077473872, 55.262817554769079 ], [ 14.747526830700966, 55.262910708280451 ], [ 14.747580550145232, 55.263015600674748 ], [ 14.747632755224407, 55.263105900334622 ], [ 14.747704176494944, 55.263188036688199 ], [ 14.747778936322549, 55.263254693911925 ], [ 14.747958442804819, 55.263440918790813 ], [ 14.748007584531848, 55.263512998956507 ], [ 14.74807902856748, 55.263596043252932 ], [ 14.748166208737967, 55.263718286019405 ], [ 14.748218496566871, 55.263796734945394 ], [ 14.748283612409105, 55.263868843590217 ], [ 14.748374214985052, 55.263953764315481 ], [ 14.748461489915494, 55.264063264606897 ], [ 14.748561653547926, 55.264153674857496 ], [ 14.748682366782333, 55.264278744133662 ], [ 14.748790437849681, 55.264389233197527 ], [ 14.748853942787596, 55.264460436472625 ], [ 14.748906242260642, 55.264532529196948 ], [ 14.749052144642407, 55.26472600258964 ], [ 14.749202911619646, 55.264907669430372 ], [ 14.749309235246587, 55.26503186070213 ], [ 14.749386928768988, 55.265133189226788 ], [ 14.749472740884846, 55.265219064763222 ], [ 14.749576043385519, 55.26531499726098 ], [ 14.74964583987933, 55.265401746449484 ], [ 14.749774439967988, 55.265543329926679 ], [ 14.74989500019162, 55.265694916334901 ], [ 14.749999709599724, 55.265823711391654 ], [ 14.750064531477205, 55.265937800493312 ], [ 14.750154758840809, 55.26607750604763 ], [ 14.750271961780832, 55.266251917859812 ], [ 14.750370104666516, 55.266405328387272 ], [ 14.750462201609391, 55.266500376466887 ], [ 14.750649952341028, 55.266645825424824 ], [ 14.750745399680323, 55.266722647951113 ], [ 14.750840806745233, 55.266804954540142 ], [ 14.750964875998593, 55.266907385293777 ], [ 14.75106034774949, 55.266980560633804 ], [ 14.751203579531071, 55.267090322377655 ], [ 14.751332408223512, 55.267196425733168 ], [ 14.751456393179811, 55.26731435249858 ], [ 14.751566083432213, 55.267414905748389 ], [ 14.751699550208409, 55.267552008541315 ], [ 14.751823338401781, 55.267701838434618 ], [ 14.751921761442508, 55.267822422345553 ], [ 14.751980578328544, 55.267878173335916 ], [ 14.752098414004818, 55.267963226769417 ], [ 14.752197151617381, 55.268029099352511 ], [ 14.752394525400483, 55.268186342820179 ], [ 14.752454893324659, 55.268254848171324 ], [ 14.752516699613603, 55.268345232431628 ], [ 14.752580050011453, 55.268452026375634 ], [ 14.752611195435051, 55.268591579729019 ], [ 14.752601274207203, 55.268643522292386 ], [ 14.752573925697318, 55.26866900355374 ], [ 14.752463423570553, 55.268687937263977 ], [ 14.752394422553484, 55.268722454028968 ], [ 14.752333286681083, 55.268777942755591 ], [ 14.752210967459682, 55.268899904812066 ], [ 14.75215309095578, 55.268942645542246 ], [ 14.752068114477153, 55.268972570040717 ], [ 14.751920750222515, 55.269004228079687 ], [ 14.751874141929235, 55.269038784339607 ], [ 14.751899488391297, 55.269077132170786 ], [ 14.751963059043105, 55.269148367043634 ], [ 14.751985193121847, 55.269192177890908 ], [ 14.751937108059225, 55.269208502870349 ], [ 14.751869876500265, 55.269212931941404 ], [ 14.751796160561767, 55.269232880871655 ], [ 14.75177187655194, 55.269278417611247 ], [ 14.751776150682364, 55.269365967258466 ], [ 14.751834881888858, 55.269439924500432 ], [ 14.751890351558163, 55.269528466114217 ], [ 14.75192828936718, 55.269606025728422 ], [ 14.751924762641039, 55.2696589082421 ], [ 14.751868331752355, 55.269729027625097 ], [ 14.751869541153518, 55.269794676190259 ], [ 14.751881830610586, 55.269883134279112 ], [ 14.751953298435616, 55.269970766682633 ], [ 14.752018381820619, 55.270061122366954 ], [ 14.752115630754201, 55.270126912472954 ], [ 14.752254487095097, 55.270191825034814 ], [ 14.752373926207721, 55.270286794835947 ], [ 14.752386559622794, 55.270320531366359 ], [ 14.752286921228054, 55.270393323476675 ], [ 14.752257834301954, 55.27043977149124 ], [ 14.752255880039833, 55.270497188729877 ], [ 14.752293847042404, 55.270574719884337 ], [ 14.752304726087473, 55.270633979060037 ], [ 14.752283605058182, 55.270687738263902 ], [ 14.752235273336936, 55.2707451061857 ], [ 14.752178829891138, 55.270820690507968 ], [ 14.752178504472784, 55.27087629336075 ], [ 14.752159010809931, 55.270928229222051 ], [ 14.752136257469244, 55.270985630346217 ], [ 14.752134407810653, 55.27103028677211 ], [ 14.752145376258561, 55.27106950323828 ], [ 14.752202622828142, 55.271134285481907 ], [ 14.752253496352518, 55.271196326261666 ], [ 14.75229789339252, 55.271268395338794 ], [ 14.752372721293431, 55.271335029076731 ], [ 14.752458760054621, 55.271401663961875 ], [ 14.752543276011378, 55.271454642693477 ], [ 14.752621432236067, 55.271497578678542 ], [ 14.752714109049252, 55.271523219475071 ], [ 14.752862787339717, 55.271547095066659 ], [ 14.75297306567996, 55.271570922376384 ], [ 14.753065760135527, 55.271592007055652 ], [ 14.753124724174635, 55.271632195213705 ], [ 14.753154936883449, 55.271662328005696 ], [ 14.753175390315443, 55.271726166643738 ], [ 14.753092022530726, 55.272019657977843 ], [ 14.753064631869316, 55.272050623525736 ], [ 14.753007036882771, 55.272050537636581 ], [ 14.752648702389127, 55.272032783111165 ], [ 14.752621184756395, 55.272084729263611 ], [ 14.752584120321204, 55.272126621327779 ], [ 14.752569354706615, 55.272189523270491 ], [ 14.75251458221754, 55.272247825864817 ], [ 14.752458285274191, 55.272297900626306 ], [ 14.752413221949539, 55.272338892441255 ], [ 14.752420886358712, 55.272395440931483 ], [ 14.752483054671027, 55.272435648991603 ], [ 14.752564426835693, 55.27247313085411 ], [ 14.75256266519906, 55.272499581048024 ], [ 14.752421658320543, 55.272529498546213 ], [ 14.752391173390709, 55.272545873873895 ], [ 14.752373281277626, 55.272591459645326 ], [ 14.752416288099433, 55.272624354626807 ], [ 14.752513633900463, 55.272668256092537 ], [ 14.752670153649749, 55.272714968577041 ], [ 14.752676420571833, 55.272736871323495 ], [ 14.752604317581444, 55.272753197551339 ], [ 14.752535380928176, 55.272775918533874 ], [ 14.752496798736987, 55.272803218003595 ], [ 14.752467698654815, 55.272846975048381 ], [ 14.752491464989291, 55.272884407298548 ], [ 14.752624004475994, 55.272929282714024 ], [ 14.752742051931035, 55.272985996551199 ], [ 14.752756295540623, 55.273014300753168 ], [ 14.752672883539992, 55.273047023161475 ], [ 14.752645388225204, 55.273092603818142 ], [ 14.75269129348033, 55.273171136996346 ], [ 14.752683046411891, 55.273208534152509 ], [ 14.752641436265874, 55.273212130435766 ], [ 14.752564863132671, 55.273176438191499 ], [ 14.752512096981238, 55.273169975390289 ], [ 14.752470310205542, 55.273196382084357 ], [ 14.752583549055037, 55.273257662360152 ], [ 14.752715979304236, 55.273316234948588 ], [ 14.75280766788927, 55.273345577315702 ], [ 14.752963397681643, 55.273404542585389 ], [ 14.752984402195246, 55.273426405786829 ], [ 14.752948189443682, 55.273484938429696 ], [ 14.753001316896611, 55.273520415501743 ], [ 14.753096114593102, 55.273564013931122 ], [ 14.753144758503852, 55.27363054383656 ], [ 14.753323280389141, 55.27373237910367 ], [ 14.753303029203993, 55.27378539519826 ], [ 14.753526220215356, 55.274037765826705 ], [ 14.753608282358089, 55.27409051792182 ], [ 14.753672358153899, 55.274099497272282 ], [ 14.753790644314623, 55.274090970227213 ], [ 14.754084478191908, 55.274050053625174 ], [ 14.754151748374504, 55.274060835129106 ], [ 14.754140950719734, 55.274097380791126 ], [ 14.753942138723849, 55.274209295931094 ], [ 14.75386610542615, 55.274285285086918 ], [ 14.753839374040046, 55.274331018951408 ], [ 14.753849490739402, 55.274383040474852 ], [ 14.753894876258084, 55.274443179714467 ], [ 14.754025378080172, 55.274541460128411 ], [ 14.754147803189211, 55.274631561366469 ], [ 14.754165838837212, 55.274675340680488 ], [ 14.754103902451993, 55.274720245587524 ], [ 14.754110814151669, 55.274774084011682 ], [ 14.754159376005232, 55.274832416618899 ], [ 14.754225874651821, 55.274927214542622 ], [ 14.754299014835997, 55.27504572483123 ], [ 14.754362046141587, 55.275113140424359 ], [ 14.754457145953038, 55.27518867184952 ], [ 14.754510455962764, 55.275243314048232 ], [ 14.75455583047408, 55.275303471614293 ], [ 14.754615486860784, 55.275352619515644 ], [ 14.754636816872129, 55.275407360518017 ], [ 14.754804344834074, 55.275532020787125 ], [ 14.754944309279299, 55.27561657490191 ], [ 14.754957028549104, 55.275607403501098 ], [ 14.755231186048521, 55.275680651438414 ], [ 14.755213934722027, 55.275713577514516 ], [ 14.755230280524021, 55.275750045951639 ], [ 14.755227464256867, 55.275789319988043 ], [ 14.7552230260619, 55.275826762292901 ], [ 14.755234509770577, 55.275855043753097 ], [ 14.755434010942139, 55.275977786146861 ], [ 14.755622669661593, 55.276137076175687 ], [ 14.755814163555051, 55.276279055968779 ], [ 14.754943002853938, 55.277169019634904 ], [ 14.754914692523437, 55.277164317963475 ], [ 14.754868844393584, 55.277226871592198 ], [ 14.754897503143638, 55.277266250642313 ], [ 14.754993214334046, 55.277298786175585 ], [ 14.755068014634002, 55.27728198007965 ], [ 14.755121624694487, 55.277248901073527 ], [ 14.755072617750558, 55.277224590479918 ], [ 14.755612820988967, 55.276672614136821 ], [ 14.755745733397738, 55.276641599715916 ], [ 14.755899248586923, 55.276657582615684 ], [ 14.756026910779724, 55.276686553733271 ], [ 14.756229630573168, 55.276760801788285 ], [ 14.756416610357526, 55.276836550181692 ], [ 14.756614233665433, 55.276931626364949 ], [ 14.756824711672783, 55.277084292420575 ], [ 14.756996778773329, 55.27724392429753 ], [ 14.757102546783619, 55.277327042097355 ], [ 14.757225812019998, 55.277403264725955 ], [ 14.757122070090448, 55.277415364857227 ], [ 14.757162970555033, 55.277467685419111 ], [ 14.757286213401846, 55.277454347680546 ], [ 14.75737402137929, 55.277544094198369 ], [ 14.757439700701607, 55.277663901106983 ], [ 14.757455577529548, 55.277899705873331 ], [ 14.757363236911198, 55.278079425090318 ], [ 14.75730844600422, 55.278228201280292 ], [ 14.757268211976672, 55.27835156919847 ], [ 14.757215799155832, 55.278400823218085 ], [ 14.757073757159173, 55.278526063321628 ], [ 14.756899054935973, 55.278626103049099 ], [ 14.756727444618315, 55.278702797984657 ], [ 14.756506865037059, 55.278785994792344 ], [ 14.756294180015916, 55.278857529228461 ], [ 14.756126609996809, 55.278900904654094 ], [ 14.75601707905065, 55.278947575304819 ], [ 14.75578485050867, 55.278849588476383 ], [ 14.755734066011483, 55.278882588121448 ], [ 14.755836985804033, 55.278925098531325 ], [ 14.755751169536898, 55.278987067116375 ], [ 14.75567586215386, 55.27901365575233 ], [ 14.755539543101536, 55.279029401505767 ], [ 14.755261546503293, 55.279014083288516 ], [ 14.755008825800891, 55.279017211689315 ], [ 14.755017486683798, 55.278832818548302 ], [ 14.755020923984281, 55.278430949175835 ], [ 14.755033641735666, 55.277801573612365 ], [ 14.755032276878778, 55.277742287731186 ], [ 14.755281516343233, 55.27774239339923 ], [ 14.755281196426949, 55.277744100910695 ], [ 14.755451355575998, 55.277771513167004 ], [ 14.755479093496861, 55.277762378656313 ], [ 14.755499366744365, 55.277721801950221 ], [ 14.755485582703601, 55.277702559303208 ], [ 14.755301258737587, 55.277677293279162 ], [ 14.755300631046554, 55.277678727279955 ], [ 14.754956348593039, 55.277630373007703 ], [ 14.754957879477866, 55.277598757486288 ], [ 14.754977542334988, 55.277598961955647 ], [ 14.754983649178895, 55.277562584024118 ], [ 14.754929788833893, 55.27753297561668 ], [ 14.754858984672525, 55.277528311844513 ], [ 14.754810431390286, 55.27755538130512 ], [ 14.75480296530951, 55.277575763866423 ], [ 14.754772707061738, 55.27767794539411 ], [ 14.754798790880427, 55.277734027975576 ], [ 14.754762724267298, 55.279378829659358 ], [ 14.754741980779286, 55.279461710991143 ], [ 14.754675291081698, 55.279632572177704 ], [ 14.75452413963702, 55.279838357799107 ], [ 14.754448920077039, 55.279930341225871 ], [ 14.754255873672729, 55.280053812246038 ], [ 14.754089445154078, 55.280129339973172 ], [ 14.753727539413585, 55.280302913727439 ], [ 14.754371455956061, 55.280316383071167 ], [ 14.754260265605945, 55.280327095312856 ], [ 14.754137511162796, 55.280373102015822 ], [ 14.75395768328459, 55.280470417784791 ], [ 14.753811318089149, 55.280555762978764 ], [ 14.75372716051359, 55.280620838269812 ], [ 14.753554815178799, 55.280665173805112 ], [ 14.753462276891582, 55.28069009994703 ], [ 14.753262836959669, 55.280744546854223 ], [ 14.75310178749829, 55.280801634747803 ], [ 14.753057297502485, 55.280820112421431 ], [ 14.752938384205541, 55.280871634554209 ], [ 14.752700607595465, 55.28101166539529 ], [ 14.752622571652617, 55.281089278390127 ], [ 14.752516590916706, 55.281177340161996 ], [ 14.752351642517656, 55.28147979930359 ], [ 14.752250169570251, 55.281616015606858 ], [ 14.752100196589481, 55.282009884214943 ], [ 14.752051970662722, 55.282231263500584 ], [ 14.751989925882235, 55.282433707424744 ], [ 14.75195936294444, 55.282665522441818 ], [ 14.751867279314094, 55.282938035244051 ], [ 14.751869959218805, 55.283213100285266 ], [ 14.751939521974029, 55.283298509800488 ], [ 14.751984721854843, 55.283435157861973 ], [ 14.752000883501454, 55.283560917463113 ], [ 14.751991058264236, 55.283699868839477 ], [ 14.751941452995883, 55.283807923777715 ], [ 14.751790938912995, 55.284004817143867 ], [ 14.75153997232864, 55.284660563808707 ], [ 14.751492459352038, 55.28498703456561 ], [ 14.751489540630066, 55.285229821818902 ], [ 14.751494143870721, 55.285607094831882 ], [ 14.751620289290354, 55.285903988890176 ], [ 14.75165232307732, 55.286026297913594 ], [ 14.751608485117698, 55.286319062529437 ], [ 14.751622564352546, 55.286479281278112 ], [ 14.751660879359587, 55.286587367383312 ], [ 14.751830945472125, 55.286897219293557 ], [ 14.75172649359811, 55.287149665551972 ], [ 14.75176587355895, 55.287240948569902 ], [ 14.75188644285684, 55.28734279824107 ], [ 14.752041571925735, 55.287434858822984 ], [ 14.752357984209748, 55.287539731885943 ], [ 14.752549629609025, 55.287560579541847 ], [ 14.75263554425336, 55.287697301788988 ], [ 14.752447703242709, 55.287744095685767 ], [ 14.752210081006533, 55.287872864682342 ], [ 14.752217692412717, 55.287996093718519 ], [ 14.752285285832766, 55.288078733684642 ], [ 14.752404087115453, 55.288179676267539 ], [ 14.752491161661416, 55.288236441880564 ], [ 14.752572518995429, 55.288273916239277 ], [ 14.752707435478385, 55.288259042102503 ], [ 14.75287144348432, 55.288127783026503 ], [ 14.752947943056862, 55.288165477724853 ], [ 14.752884799499274, 55.288270256955563 ], [ 14.752805425269443, 55.288375695213638 ], [ 14.75275292402924, 55.288563600175074 ], [ 14.752837484439608, 55.288639010558072 ], [ 14.752959399658403, 55.288687800810322 ], [ 14.7532593826078, 55.288677205168938 ], [ 14.753254321817892, 55.288739612358548 ], [ 14.753302061077173, 55.288807265670279 ], [ 14.753430069158089, 55.288891073441846 ], [ 14.753694872748053, 55.288923701930401 ], [ 14.753823415136239, 55.288910001090073 ], [ 14.75374662934397, 55.288984683736004 ], [ 14.753747867056527, 55.289006905250645 ], [ 14.753786329937645, 55.289027592204455 ], [ 14.753768911446624, 55.289095165609503 ], [ 14.753829657076198, 55.289175256884789 ], [ 14.754049973039558, 55.289204145249585 ], [ 14.75420432105898, 55.289137399455221 ], [ 14.754266840223819, 55.28914222172881 ], [ 14.754293007477168, 55.289194042683071 ], [ 14.754233235211435, 55.289261502905184 ], [ 14.754205178533253, 55.289373149118624 ], [ 14.754257982924285, 55.28944242609095 ], [ 14.754348670578725, 55.289463731737484 ], [ 14.754428874352842, 55.289453890796736 ], [ 14.754674970148189, 55.289327624566184 ], [ 14.754771672725548, 55.28930691209905 ], [ 14.754881055064175, 55.289346921934779 ], [ 14.754884812472392, 55.289414529612849 ], [ 14.754761675487355, 55.289470690645118 ], [ 14.754696673310264, 55.289535589726412 ], [ 14.754717746048573, 55.289585779038347 ], [ 14.754642894535147, 55.289637163571783 ], [ 14.754593566071037, 55.289773850972928 ], [ 14.754658180890537, 55.289871447977639 ], [ 14.754739780972232, 55.289910772961875 ], [ 14.754979581145745, 55.28986271641331 ], [ 14.755145084614801, 55.289806631559635 ], [ 14.755269776131936, 55.289737379704711 ], [ 14.75532313289664, 55.289823373944046 ], [ 14.755388859308772, 55.289866140648797 ], [ 14.755544024311735, 55.289843914620256 ], [ 14.755597509215352, 55.289892760286008 ], [ 14.755677610946245, 55.290073316490194 ], [ 14.755737761307026, 55.290148835047638 ], [ 14.75581761557606, 55.290187314688282 ], [ 14.755960670634487, 55.290185105186538 ], [ 14.756256270410688, 55.290089280279084 ], [ 14.756309556384128, 55.290111218960014 ], [ 14.756277484728272, 55.290191485485884 ], [ 14.756264960737834, 55.290271880845538 ], [ 14.75637271676846, 55.290439273242093 ], [ 14.756425643330582, 55.290407351651389 ], [ 14.756475652169208, 55.290454515941654 ], [ 14.756572749205798, 55.290487669667073 ], [ 14.756696270444495, 55.290498346827732 ], [ 14.756943548377265, 55.290394345146325 ], [ 14.757069975286603, 55.290274921943897 ], [ 14.757168406397021, 55.290242099104546 ], [ 14.757307852370459, 55.290237304088734 ], [ 14.7574242028467, 55.290204695725784 ], [ 14.757448409613762, 55.290253845218885 ], [ 14.757554888692907, 55.290296852749208 ], [ 14.757589605476728, 55.290339077632545 ], [ 14.757710391301961, 55.290366653962266 ], [ 14.757839334346119, 55.290368827620483 ], [ 14.757959407993683, 55.290339805486354 ], [ 14.758060672388437, 55.290304120263237 ], [ 14.758123069058998, 55.290308082204511 ], [ 14.758225688723012, 55.290333636712894 ], [ 14.758247305392576, 55.290375481904491 ], [ 14.758241824951551, 55.290447217466742 ], [ 14.758381235757492, 55.290556739986187 ], [ 14.758596831713245, 55.290561961201135 ], [ 14.758861868759244, 55.290495536119259 ], [ 14.758984456672712, 55.290511944423258 ], [ 14.759133323623708, 55.290543105931114 ], [ 14.759237649143188, 55.290620673823483 ], [ 14.759281949070935, 55.290661634675033 ], [ 14.759360771961706, 55.290666817262959 ], [ 14.759463264718306, 55.290666405827146 ], [ 14.759505537796747, 55.29064054118497 ], [ 14.759700647165269, 55.290664247804933 ], [ 14.759702411366133, 55.29067812652552 ], [ 14.759647688956605, 55.290759339845124 ], [ 14.759652384344216, 55.290796323194563 ], [ 14.75970800992094, 55.290823812047272 ], [ 14.759787498913628, 55.290834553129912 ], [ 14.759966158974034, 55.290805952530768 ], [ 14.760057946442441, 55.290785495458486 ], [ 14.760143540318033, 55.290869404269088 ], [ 14.760175170664038, 55.290976886480124 ], [ 14.760091711241383, 55.290998857982359 ], [ 14.75994763128006, 55.291068834305612 ], [ 14.75994071161815, 55.291154636329772 ], [ 14.76004702665133, 55.291247935091747 ], [ 14.76020558740011, 55.291278690675384 ], [ 14.760385666499625, 55.291210017169455 ], [ 14.760630053056653, 55.291313453278974 ], [ 14.760868669847495, 55.291460759009667 ], [ 14.760901605075006, 55.291565370690847 ], [ 14.760869608512451, 55.291658688077369 ], [ 14.760737496555139, 55.291669693493432 ], [ 14.760617179256633, 55.291785194712652 ], [ 14.760684764160235, 55.291867930019578 ], [ 14.760799836948165, 55.291927353066306 ], [ 14.761085090971777, 55.29186637595037 ], [ 14.761253704856355, 55.291949559618693 ], [ 14.761172253029423, 55.291987307459586 ], [ 14.761142301289031, 55.292033150251655 ], [ 14.761205052903325, 55.29207795428195 ], [ 14.761415905452633, 55.292084124370852 ], [ 14.761447397209901, 55.292050289394133 ], [ 14.761505893578391, 55.292074823971063 ], [ 14.761480419432788, 55.292104692295183 ], [ 14.761554345439851, 55.292135095065106 ], [ 14.761630447167782, 55.292157022882819 ], [ 14.761667630907224, 55.292129462937034 ], [ 14.76176799680438, 55.292175492992861 ], [ 14.761871489980679, 55.292258553509896 ], [ 14.761767287592061, 55.2922461478299 ], [ 14.761738996274353, 55.292304929185988 ], [ 14.761824363817135, 55.29236086024585 ], [ 14.761948351697223, 55.292375237010717 ], [ 14.762057043816917, 55.292384666382738 ], [ 14.762053876074546, 55.2924739998898 ], [ 14.761965018813598, 55.292657014195619 ], [ 14.761824162932399, 55.292587595988564 ], [ 14.761540657773356, 55.292485032335769 ], [ 14.761493217335168, 55.292521368602067 ], [ 14.761476916360444, 55.292597307445362 ], [ 14.761534718438694, 55.292717557916767 ], [ 14.76190646680775, 55.292796950344453 ], [ 14.761999866216373, 55.292725265802758 ], [ 14.762213873222104, 55.292768409838658 ], [ 14.762229467414469, 55.292826302178931 ], [ 14.762316598270445, 55.292857996895776 ], [ 14.762446263883724, 55.292865622928105 ], [ 14.762594717489321, 55.292816708552913 ], [ 14.762789903799685, 55.292827182819963 ], [ 14.762889166775183, 55.293016316290959 ], [ 14.76295045841562, 55.29316335323395 ], [ 14.763040992208582, 55.293297104986294 ], [ 14.762817509283403, 55.293282236349519 ], [ 14.762761551485726, 55.293328239481497 ], [ 14.76274648237554, 55.293388330582857 ], [ 14.762762374943648, 55.293461071187451 ], [ 14.762904924193903, 55.293505319458433 ], [ 14.763124310290074, 55.293488748612937 ], [ 14.763212331645557, 55.293463732476013 ], [ 14.763259142539411, 55.293574204279743 ], [ 14.762934967707526, 55.293561672480003 ], [ 14.762760382815513, 55.293584737038209 ], [ 14.762641714602664, 55.293611968834405 ], [ 14.762562119873564, 55.293714696662015 ], [ 14.762589600893405, 55.293763735350609 ], [ 14.762758294996628, 55.293808762597685 ], [ 14.763095733657254, 55.293810512614556 ], [ 14.763274457821367, 55.293806795139936 ], [ 14.763444593095572, 55.293736526561148 ], [ 14.763502418915676, 55.293843758147986 ], [ 14.763474594370321, 55.293931342514696 ], [ 14.76328386830807, 55.293943010209013 ], [ 14.763127333332566, 55.293967183137283 ], [ 14.763009349877306, 55.294025061942655 ], [ 14.762996021890082, 55.294111122669449 ], [ 14.76311217953015, 55.294190846116877 ], [ 14.76344633524327, 55.294204822459406 ], [ 14.763578680969109, 55.294182568616058 ], [ 14.763602248509461, 55.294201104302992 ], [ 14.763476815518239, 55.294276971360382 ], [ 14.76346186937991, 55.294338010967145 ], [ 14.763575373953843, 55.294384398878016 ], [ 14.76380458824752, 55.294355316788568 ], [ 14.763894531461659, 55.294319964822115 ], [ 14.764030815301508, 55.294353318951067 ], [ 14.764248938340087, 55.294389756263392 ], [ 14.764574735815508, 55.294515571202645 ], [ 14.764643150581463, 55.294603810614447 ], [ 14.76446992195485, 55.294599888068184 ], [ 14.764195249751621, 55.294617872857081 ], [ 14.764042085211358, 55.294680965372969 ], [ 14.764063998060518, 55.294724677151322 ], [ 14.764168459986388, 55.294827224651939 ], [ 14.764384165600514, 55.294832160924003 ], [ 14.764818371115195, 55.294813084299683 ], [ 14.764938387920919, 55.295099995561806 ], [ 14.764782813129759, 55.295106498971464 ], [ 14.764514591265803, 55.295149330769725 ], [ 14.764468671084039, 55.295197749016978 ], [ 14.764442921208959, 55.295314123093974 ], [ 14.764508175245886, 55.295504821023492 ], [ 14.764574349618314, 55.295639689403025 ], [ 14.764626652662496, 55.295767697890255 ], [ 14.764785009416688, 55.295795486996994 ], [ 14.76488704832939, 55.295778195874682 ], [ 14.764948865377075, 55.295701208172297 ], [ 14.764993240008316, 55.29564075512409 ], [ 14.76501392846907, 55.295560854015847 ], [ 14.764990943007616, 55.295508803218929 ], [ 14.765066211701766, 55.295473101137958 ], [ 14.765258437567285, 55.295523645264225 ], [ 14.765377863059092, 55.295578159164485 ], [ 14.76544353774859, 55.295658165042852 ], [ 14.765507112294721, 55.295810818241222 ], [ 14.765464710670342, 55.295950225438446 ], [ 14.765508063237833, 55.296072104012218 ], [ 14.765588535579942, 55.296115220568261 ], [ 14.765684826430133, 55.296103746321748 ], [ 14.765909184654378, 55.29602365953189 ], [ 14.766325891305748, 55.296376302154535 ], [ 14.766472095267336, 55.296411083307937 ], [ 14.766577695539199, 55.296408502556424 ], [ 14.766661885593946, 55.296493311108613 ], [ 14.766866450917787, 55.296563766110687 ], [ 14.767158280103811, 55.296743063062856 ], [ 14.76735559664427, 55.296871456176049 ], [ 14.76755951596884, 55.297076756238326 ], [ 14.767716359427537, 55.297105477600475 ], [ 14.767827995931549, 55.297111944995478 ], [ 14.767980718816025, 55.297184548492993 ], [ 14.768364162754891, 55.297252088695075 ], [ 14.768459259827379, 55.297218307618074 ], [ 14.76859310267826, 55.297130847261819 ], [ 14.76866422115758, 55.29704972590676 ], [ 14.768851108301897, 55.296918161819626 ], [ 14.7690313294351, 55.29679803993524 ], [ 14.769207006559618, 55.296705994655035 ], [ 14.769326439257627, 55.296722344580225 ], [ 14.769690153654103, 55.296877190908873 ], [ 14.769800611819404, 55.296963669150401 ], [ 14.769838970696211, 55.297072712144441 ], [ 14.76977657309139, 55.297171128073813 ], [ 14.76942940627279, 55.297387573168869 ], [ 14.769355991072693, 55.29747621258673 ], [ 14.769160521941075, 55.297769925146433 ], [ 14.769170154645646, 55.297819727450474 ], [ 14.769513398833579, 55.29795495680797 ], [ 14.769637189420935, 55.297967400115432 ], [ 14.769909692405571, 55.297944771223804 ], [ 14.769937562780061, 55.298060765863589 ], [ 14.770014084920827, 55.298315085633213 ], [ 14.770091315072248, 55.298396441083604 ], [ 14.770182624626177, 55.298422351233313 ], [ 14.770404446690272, 55.298424178730585 ], [ 14.770546090570454, 55.298397767922779 ], [ 14.770548456108893, 55.298378148189826 ], [ 14.770679321181321, 55.298343813170419 ], [ 14.770977698625661, 55.298536762581264 ], [ 14.771045879375725, 55.298534835707692 ], [ 14.771273243655747, 55.298618264242521 ], [ 14.771486388708009, 55.298590731112746 ], [ 14.771731814116697, 55.298650176069735 ], [ 14.771973856858063, 55.298517297364093 ], [ 14.772210580228977, 55.298432075589311 ], [ 14.772480849692181, 55.298495157166791 ], [ 14.772625070837417, 55.29862952585421 ], [ 14.772218147769133, 55.298848308457359 ], [ 14.772234195575562, 55.29892294939939 ], [ 14.772415472115142, 55.299143152095972 ], [ 14.772576982330794, 55.299208915018873 ], [ 14.772879436743271, 55.29917954810918 ], [ 14.77305571998439, 55.299271652284617 ], [ 14.773240269432558, 55.299301141427492 ], [ 14.77345225551208, 55.299252315792259 ], [ 14.77361761288698, 55.299170115790481 ], [ 14.773641003428706, 55.298971121383602 ], [ 14.77393606856374, 55.298884452511416 ], [ 14.774058193342071, 55.29882078528864 ], [ 14.774164406398523, 55.298734548105095 ], [ 14.774320052649413, 55.298652753661287 ], [ 14.774423822208332, 55.298649370844174 ], [ 14.77461631357593, 55.298715723007291 ], [ 14.774773617900387, 55.298774264794353 ], [ 14.774897393094765, 55.29876166859767 ], [ 14.774999189942884, 55.298717464111817 ], [ 14.775147390918553, 55.298628549974651 ], [ 14.775531822911846, 55.298273217263464 ], [ 14.775690378496282, 55.298074146912484 ], [ 14.775802148449635, 55.298031376968261 ], [ 14.77587514760687, 55.29802928175458 ], [ 14.775970933695922, 55.297976008332078 ], [ 14.776096044447344, 55.297897361679922 ], [ 14.776348897635209, 55.297773395087781 ], [ 14.776615691804732, 55.297669309312397 ], [ 14.776750872092308, 55.297579984653623 ], [ 14.776833156910648, 55.297433350644326 ], [ 14.776865717375749, 55.297330603215947 ], [ 14.777322193422954, 55.29728370710864 ], [ 14.777748087577942, 55.297200856766622 ], [ 14.777923286480133, 55.297054033930948 ], [ 14.777945390230226, 55.296971245135019 ], [ 14.777801978801589, 55.296828336995688 ], [ 14.777673410715726, 55.296750872110621 ], [ 14.777542092731171, 55.296690254631621 ], [ 14.777478232297128, 55.296609133297061 ], [ 14.777472913126569, 55.296553491323287 ], [ 14.7775275156148, 55.296521435757313 ], [ 14.777603972381185, 55.29650801264755 ], [ 14.777844475915261, 55.296647888034464 ], [ 14.778006897895725, 55.296631824755792 ], [ 14.778029961568956, 55.296333892630742 ], [ 14.778045186085, 55.296220588908632 ], [ 14.778115429551551, 55.29617018240733 ], [ 14.778468996536979, 55.296028854374555 ], [ 14.77857696970257, 55.295915414821323 ], [ 14.778576174957633, 55.295869820555957 ], [ 14.778464986408483, 55.295721746730024 ], [ 14.778394256441862, 55.295598056634866 ], [ 14.77839960286035, 55.295471223368502 ], [ 14.77871272056151, 55.295372594360543 ], [ 14.778830760974763, 55.295353748525351 ], [ 14.778861687797527, 55.295263104843215 ], [ 14.778845101159799, 55.295169801579476 ], [ 14.778714782186297, 55.295052388354314 ], [ 14.778604212440756, 55.294923910052113 ], [ 14.778709680937521, 55.294870246571683 ], [ 14.778788259851385, 55.294784191402648 ], [ 14.778779899027459, 55.29469244210523 ], [ 14.778696215957599, 55.294533142398386 ], [ 14.778699657702912, 55.294483710139389 ], [ 14.778754447208289, 55.294390313266931 ], [ 14.778786403578012, 55.29428390292609 ], [ 14.778733526054584, 55.294112221194382 ], [ 14.77850051907863, 55.293754670668271 ], [ 14.778621922333624, 55.293675278733446 ], [ 14.778595560327396, 55.293572267073067 ], [ 14.778545770545579, 55.293526928189252 ], [ 14.77845894900452, 55.293509147435195 ], [ 14.778037464204244, 55.293058260657872 ], [ 14.777895340686358, 55.293039989823853 ], [ 14.777816427548258, 55.292857408731209 ], [ 14.777603035156856, 55.29270411214182 ], [ 14.777414376114789, 55.292513875717951 ], [ 14.777382023244391, 55.292442898859179 ], [ 14.777157238107652, 55.292243772184477 ], [ 14.777335263964257, 55.292033890429941 ], [ 14.777519398694885, 55.291879351779315 ], [ 14.77786749384361, 55.292007323003276 ], [ 14.778019395000186, 55.292086200341082 ], [ 14.778115652643974, 55.292088544800308 ], [ 14.77818274304502, 55.292067094680419 ], [ 14.778202213073442, 55.292042116658962 ], [ 14.778117980791086, 55.291970541921735 ], [ 14.777946569911416, 55.29185446662656 ], [ 14.777593612179016, 55.291737826124958 ], [ 14.777200375231445, 55.291669304461671 ], [ 14.7773640413749, 55.29135031376817 ], [ 14.777387024832459, 55.291249974066424 ], [ 14.777401187342988, 55.29111844644121 ], [ 14.777344579567451, 55.290837754194456 ], [ 14.777412975121697, 55.290736411339772 ], [ 14.777492468746571, 55.290658721480426 ], [ 14.777859630465443, 55.290414547213658 ], [ 14.778330108120439, 55.290165035064355 ], [ 14.778507663227385, 55.290091511385818 ], [ 14.778876365362306, 55.289897474732165 ], [ 14.779020217126423, 55.289788308382747 ], [ 14.779031682606801, 55.28978401587969 ], [ 14.777913523910675, 55.289452259220482 ], [ 14.777314828186363, 55.290047102125492 ], [ 14.776997795774029, 55.289943257666266 ], [ 14.776749706119039, 55.289814229233215 ], [ 14.775638319121397, 55.289705884922704 ], [ 14.77342846200742, 55.289562146034179 ], [ 14.773071170428505, 55.288761923433206 ], [ 14.773277212127381, 55.288554058799257 ], [ 14.773451290667532, 55.288378668220631 ], [ 14.773261396508106, 55.287951548650845 ], [ 14.772749795892191, 55.288144117381457 ], [ 14.772335780170668, 55.288634131641395 ], [ 14.771834809994608, 55.289096219956235 ], [ 14.771547984498199, 55.289884210655366 ], [ 14.771581975384949, 55.290147243526981 ], [ 14.771468010890716, 55.290403212458024 ], [ 14.771618965728035, 55.290709202911884 ], [ 14.771470972243225, 55.290928220202431 ], [ 14.771396024556841, 55.291144260023572 ], [ 14.771499085731163, 55.291515239318571 ], [ 14.771561053024495, 55.29184027571339 ], [ 14.771729044962784, 55.292346313895301 ], [ 14.772177181232415, 55.292813294928031 ], [ 14.772360147480477, 55.292953234876592 ], [ 14.772436131114189, 55.293122265572848 ], [ 14.772879252815798, 55.293380308595033 ], [ 14.773063224966247, 55.293816307208743 ], [ 14.773267319282503, 55.294102320901054 ], [ 14.773192254809455, 55.294250266291208 ], [ 14.773336270762854, 55.294620292529558 ], [ 14.772813271420382, 55.295057303884356 ], [ 14.77270526396407, 55.295009322294241 ], [ 14.772331309667935, 55.294728346700197 ], [ 14.77178923157563, 55.294598286628201 ], [ 14.771013246970089, 55.294315294906397 ], [ 14.770193157907435, 55.294141388362561 ], [ 14.769779148547846, 55.294091390161221 ], [ 14.769604137407484, 55.293928366024964 ], [ 14.769294154556169, 55.293788374623105 ], [ 14.768895093797793, 55.293436319277752 ], [ 14.76794300822022, 55.29280138125371 ], [ 14.767467014140934, 55.292348371712642 ], [ 14.767007949607729, 55.291719323562916 ], [ 14.766727851973128, 55.29124629996199 ], [ 14.766338881194581, 55.290958376464026 ], [ 14.765782767239507, 55.290715367787413 ], [ 14.765077783376995, 55.290313391021321 ], [ 14.764520720451843, 55.28988138705332 ], [ 14.764132621377557, 55.289525369156216 ], [ 14.763461660601553, 55.289133304439545 ], [ 14.763081572038578, 55.288834328577359 ], [ 14.762317470609506, 55.288580393805731 ], [ 14.761671524456791, 55.288293342279481 ], [ 14.761169500331755, 55.288131382954852 ], [ 14.760683439976239, 55.288050377900746 ], [ 14.760575389691025, 55.287979388098421 ], [ 14.759970344196429, 55.287848396596083 ], [ 14.759553335316999, 55.287683380037457 ], [ 14.758983353350876, 55.287656345807626 ], [ 14.75898268025246, 55.287656202803085 ], [ 14.758481011972203, 55.28754961844988 ], [ 14.75803856890013, 55.287322146676779 ], [ 14.757904321645823, 55.287043366285658 ], [ 14.757642224689347, 55.286732374803691 ], [ 14.757529280160281, 55.286392362717706 ], [ 14.757138108891688, 55.286133323203856 ], [ 14.756984015884138, 55.28596017094722 ], [ 14.75680620685152, 55.285760367093033 ], [ 14.756605121970194, 55.285286323729181 ], [ 14.756581083973774, 55.284861348838355 ], [ 14.756782073773881, 55.28439728451405 ], [ 14.756766057407061, 55.283924255390595 ], [ 14.756882071158095, 55.283457215280656 ], [ 14.75677989999034, 55.28310122780799 ], [ 14.756925903148534, 55.28292722607511 ], [ 14.756941863256609, 55.282495201132676 ], [ 14.757394940145074, 55.28242746332095 ], [ 14.758265679262633, 55.282143827824136 ], [ 14.759173589716132, 55.281902176886128 ], [ 14.759888997331998, 55.281319486022078 ], [ 14.759956410524671, 55.28126457772678 ], [ 14.76053128962312, 55.280795944607945 ], [ 14.760658236572779, 55.280563993192118 ], [ 14.760932264967513, 55.28042597491514 ], [ 14.761196464105442, 55.280017972054658 ], [ 14.761398339343462, 55.279783256010433 ], [ 14.761160876680025, 55.27966815280125 ], [ 14.761596848376206, 55.279498467362664 ], [ 14.761671695057336, 55.279088930596892 ], [ 14.761916805757233, 55.278622919853326 ], [ 14.762007871135392, 55.27831386124145 ], [ 14.761768582232163, 55.278153466405591 ], [ 14.762061833909252, 55.278107949523566 ], [ 14.762092547536369, 55.277674188723815 ], [ 14.762037587904565, 55.277555865921009 ], [ 14.760361649115863, 55.277561069541157 ], [ 14.760015600159921, 55.277492126367093 ], [ 14.758913655087502, 55.277499003159711 ], [ 14.758113508046625, 55.276679966379795 ], [ 14.758775060634155, 55.276535301582093 ], [ 14.761726370831536, 55.27668530919297 ], [ 14.761539617920846, 55.276468924989942 ], [ 14.761522541774601, 55.276449139305818 ], [ 14.761052445316194, 55.275968978918606 ], [ 14.760701511339738, 55.275611942041834 ], [ 14.760301558224901, 55.275384864776264 ], [ 14.759936551376684, 55.27505375187063 ], [ 14.759552895247902, 55.274871164057579 ], [ 14.759505530658735, 55.274848622320647 ], [ 14.759331450294598, 55.274686631723675 ], [ 14.75916542201529, 55.274461605532956 ], [ 14.759228463047382, 55.274378629917862 ], [ 14.759222485752586, 55.27390274886536 ], [ 14.759318364358691, 55.273640761564685 ], [ 14.759116378165812, 55.27334777919333 ], [ 14.759093295992844, 55.27299788126016 ], [ 14.759060175232433, 55.272970800268602 ], [ 14.758902372932067, 55.27284177350824 ], [ 14.758786861187236, 55.272706037923555 ], [ 14.757978030341317, 55.272188590815688 ], [ 14.758041337950022, 55.2721025694849 ], [ 14.758126900307259, 55.271997806074566 ], [ 14.758182190934512, 55.271522879193526 ], [ 14.758251352226276, 55.27119695507001 ], [ 14.758036192753806, 55.270730513042679 ], [ 14.757948578401738, 55.270250510223136 ], [ 14.757738396420487, 55.270086724371829 ], [ 14.757731400647671, 55.270071553067069 ], [ 14.75764790320507, 55.269890476268287 ], [ 14.757061222906957, 55.269516156280062 ], [ 14.75717234929011, 55.269208206760354 ], [ 14.757180750864409, 55.269184924434164 ], [ 14.75738582632756, 55.268756257779017 ], [ 14.757256445563447, 55.268223993480333 ], [ 14.757186542363097, 55.26769698103557 ], [ 14.757080270123661, 55.267511159510107 ], [ 14.75690182918089, 55.267199143548794 ], [ 14.756559904238214, 55.266729181784491 ], [ 14.756323973226369, 55.266355253216346 ], [ 14.755826163554266, 55.265927456642459 ], [ 14.755682271271819, 55.265589439670592 ], [ 14.755311455059687, 55.265195603564919 ], [ 14.755094464296549, 55.264803637422226 ], [ 14.75476170600883, 55.26437678992643 ], [ 14.754323874264099, 55.263950832707771 ], [ 14.754054944346937, 55.263573987157542 ], [ 14.753845009510313, 55.263433058302041 ], [ 14.75363501288308, 55.263153077719046 ], [ 14.753479122285192, 55.263038147282685 ], [ 14.753269155285011, 55.262670160977727 ], [ 14.753243281981687, 55.262452238999273 ], [ 14.752785346376259, 55.26206533326598 ], [ 14.752446462935652, 55.261642425008695 ], [ 14.752020613306778, 55.261419556043123 ], [ 14.751929737703843, 55.26109155139703 ], [ 14.751780726091228, 55.260987663466643 ], [ 14.751720691859024, 55.260856659308494 ], [ 14.751043866367594, 55.260467824864321 ], [ 14.750741852085264, 55.260271920131153 ], [ 14.750762080837864, 55.260052881337927 ], [ 14.750463122704575, 55.259530040615566 ], [ 14.750366224474817, 55.259181012100129 ], [ 14.750032449493816, 55.258754157092639 ], [ 14.749632617728043, 55.258368276264342 ], [ 14.749220711789823, 55.257937396690025 ], [ 14.748994841946272, 55.257358482990874 ], [ 14.748749052928616, 55.256881503618551 ], [ 14.748459215184011, 55.25641462580159 ], [ 14.748126323853047, 55.255933694895745 ], [ 14.747888500692202, 55.255482848795538 ], [ 14.74760265440089, 55.255195874760346 ], [ 14.747333742906262, 55.254724972666118 ], [ 14.746997537279704, 55.254230089789687 ], [ 14.746859782925053, 55.253804167967218 ], [ 14.746859636092593, 55.253803710875353 ], [ 14.746767545181717, 55.253517028024746 ], [ 14.746767543368041, 55.253517022378659 ], [ 14.746363091205493, 55.253032851356011 ], [ 14.7462507312454, 55.252888428090841 ], [ 14.746041839235858, 55.252624750501532 ], [ 14.745591844444711, 55.252072953881928 ], [ 14.745255882543816, 55.251601208852328 ], [ 14.744987988918025, 55.251172456057567 ], [ 14.744726752543807, 55.25086191551005 ], [ 14.74468104379446, 55.250807579384706 ], [ 14.744329647628273, 55.250436483029134 ], [ 14.743861383357709, 55.250026217624821 ], [ 14.743478273800315, 55.249752127320384 ], [ 14.743130004034304, 55.249507193251659 ], [ 14.742961399819663, 55.249388614382624 ], [ 14.742239357162891, 55.249823121384736 ], [ 14.742131766189315, 55.249887783459734 ], [ 14.741841019656224, 55.249906285667144 ], [ 14.741553414554247, 55.249931147335374 ], [ 14.741244102148514, 55.250080836618679 ], [ 14.740463206597774, 55.250436578814828 ], [ 14.740372149382255, 55.250486578085187 ] ] ], [ [ [ 14.793021884356627, 55.282506936688158 ], [ 14.793148599370225, 55.282942312572288 ], [ 14.793132898876756, 55.283090682407867 ], [ 14.793149372971362, 55.283085456546843 ], [ 14.793300288645014, 55.283115407321148 ], [ 14.793690168896022, 55.283233862645055 ], [ 14.793789328060848, 55.283239899997469 ], [ 14.794165172250803, 55.283208324261174 ], [ 14.794187966831442, 55.283142944956026 ], [ 14.79434786988436, 55.283150960192671 ], [ 14.794406830200199, 55.283119255902854 ], [ 14.794536186185152, 55.283093517376678 ], [ 14.79464503988522, 55.283103080464215 ], [ 14.794798679353734, 55.283088419554353 ], [ 14.794729068297205, 55.283244520243521 ], [ 14.794530833622019, 55.283289787390856 ], [ 14.794581397674277, 55.283353339566261 ], [ 14.794258047783611, 55.283407938833889 ], [ 14.794240461057932, 55.283529568381745 ], [ 14.794213522532814, 55.283705170557518 ], [ 14.794145298537078, 55.28377408095654 ], [ 14.793975418415503, 55.283922306377832 ], [ 14.794341718089305, 55.284042953679183 ], [ 14.794295258631694, 55.284103005021734 ], [ 14.793944255929219, 55.284179534938467 ], [ 14.793776260595008, 55.284167979305884 ], [ 14.793700749752764, 55.284255249804218 ], [ 14.793599606124097, 55.284354165026691 ], [ 14.793475907958577, 55.284447366068463 ], [ 14.793221453162628, 55.284597347511408 ], [ 14.793805628804149, 55.284832739101887 ], [ 14.793919440049262, 55.284754556038258 ], [ 14.79399894059539, 55.284679041479031 ], [ 14.794053886155469, 55.284572575764209 ], [ 14.794085442079519, 55.284442053193153 ], [ 14.794165270565571, 55.284453187612655 ], [ 14.794260154221956, 55.284499020126042 ], [ 14.794442768710335, 55.284533429036152 ], [ 14.794769960026155, 55.284515087751025 ], [ 14.794798985075536, 55.284479497236056 ], [ 14.794761112496966, 55.284436316114075 ], [ 14.794742653895424, 55.284357182867481 ], [ 14.794673105883112, 55.284264331982456 ], [ 14.795043808242152, 55.284250606978553 ], [ 14.795134895669163, 55.284340496598674 ], [ 14.795277705935648, 55.284577054840092 ], [ 14.79565463020845, 55.284264372636741 ], [ 14.795754002326944, 55.284105683863295 ], [ 14.795792828365604, 55.283976488918633 ], [ 14.79579765313575, 55.283859085671622 ], [ 14.79561635352472, 55.283468846736461 ], [ 14.795267145801521, 55.283405346033284 ], [ 14.795165893151152, 55.283437111028711 ], [ 14.795268854551075, 55.283113060224338 ], [ 14.795278886300073, 55.283019616180702 ], [ 14.795233456912761, 55.282941884283268 ], [ 14.795201948082651, 55.282820728786724 ], [ 14.795123266117772, 55.282751160863931 ], [ 14.7950891340456, 55.28259500343227 ], [ 14.795071581139874, 55.282486452736755 ], [ 14.795009099117285, 55.282370705991951 ], [ 14.794982342526581, 55.282257345204542 ], [ 14.795025302700557, 55.282217724227777 ], [ 14.795093113982659, 55.282181952201526 ], [ 14.795324239114649, 55.282131696965237 ], [ 14.795437989767048, 55.28211456844673 ], [ 14.795579304675226, 55.28211445583338 ], [ 14.795895026413849, 55.282197221495359 ], [ 14.795956779103758, 55.282242577842887 ], [ 14.796107979166601, 55.282155797156811 ], [ 14.796106360315351, 55.282088402258687 ], [ 14.796031316761654, 55.281919753738507 ], [ 14.795974979946021, 55.28180009587588 ], [ 14.795914442406101, 55.28170553831395 ], [ 14.795834933897863, 55.281619842169668 ], [ 14.795906544806947, 55.281542100178967 ], [ 14.796049935800065, 55.281462227036386 ], [ 14.795958830826846, 55.281362580595825 ], [ 14.795914676016217, 55.281314279692843 ], [ 14.795572510287633, 55.280931737804771 ], [ 14.794909389693956, 55.281257444836307 ], [ 14.794854165690211, 55.28128231887775 ], [ 14.794262168000675, 55.28157653957436 ], [ 14.794070251208053, 55.281668983272681 ], [ 14.793888801768556, 55.281763665023881 ], [ 14.79381399628554, 55.281807700314346 ], [ 14.793780177632334, 55.281829475302573 ], [ 14.793749541056094, 55.281850792722281 ], [ 14.793665044385985, 55.281921548831363 ], [ 14.793550048241785, 55.282018665975023 ], [ 14.793403048841375, 55.282144916313229 ], [ 14.793231875178984, 55.282294732754742 ], [ 14.793021884356627, 55.282506936688158 ] ] ], [ [ [ 15.106878275615923, 55.012397103312978 ], [ 15.107317334669341, 55.012687200433518 ], [ 15.108145324241331, 55.013008123783976 ], [ 15.108964034954978, 55.013385514475324 ], [ 15.109228661603513, 55.013167833070057 ], [ 15.109002632446533, 55.01314896936168 ], [ 15.109309907816844, 55.012795347627609 ], [ 15.109312443203098, 55.012580113370724 ], [ 15.109636850824511, 55.012459651296865 ], [ 15.109730229042086, 55.01242307107573 ], [ 15.110477828923996, 55.012095218804674 ], [ 15.110983847607637, 55.011873298502593 ], [ 15.111584059288045, 55.011618858962898 ], [ 15.111875563674367, 55.01149304408235 ], [ 15.112135195146134, 55.01160588772688 ], [ 15.112363617142446, 55.011705165785258 ], [ 15.112658675346895, 55.011833404249799 ], [ 15.112747876626308, 55.011872172680327 ], [ 15.112808273836357, 55.011898422278534 ], [ 15.113203688634346, 55.012070274272439 ], [ 15.113581976732581, 55.012234680147138 ], [ 15.113651658171444, 55.012264963761695 ], [ 15.113960678559431, 55.012399263233931 ], [ 15.11435580869656, 55.012570983263544 ], [ 15.114593344289556, 55.012674212750341 ], [ 15.114692690034914, 55.012452318051594 ], [ 15.114550146497439, 55.012375211467258 ], [ 15.114210033066854, 55.012231966753191 ], [ 15.113935890646156, 55.012120257865192 ], [ 15.113853993255439, 55.012087219291544 ], [ 15.113442045630071, 55.011900972173819 ], [ 15.113002985312217, 55.011701927507374 ], [ 15.112959136966412, 55.011682060568759 ], [ 15.112849856856641, 55.011632520040529 ], [ 15.112724485147181, 55.011575687141352 ], [ 15.113222394211929, 55.011397025208375 ], [ 15.112991165667326, 55.011236410319988 ], [ 15.112791435199737, 55.011097680395828 ], [ 15.112999439198402, 55.011007884269709 ], [ 15.112486966491499, 55.010734699757982 ], [ 15.110686369481193, 55.009631410957184 ], [ 15.110186755931698, 55.009325325893862 ], [ 15.109316509575059, 55.009784064392129 ], [ 15.108924479833458, 55.009548456603831 ], [ 15.108619706610664, 55.009709265473937 ], [ 15.108134634848051, 55.009438221574527 ], [ 15.10939775941004, 55.00883251079307 ], [ 15.109013979724272, 55.00858848316755 ], [ 15.108667480685833, 55.008368210346632 ], [ 15.10736633921746, 55.00752685583852 ], [ 15.106376769541813, 55.006875239231078 ], [ 15.106161422132868, 55.006733441461471 ], [ 15.10596858800978, 55.006606437482326 ], [ 15.103641478868601, 55.00543364373204 ], [ 15.103297617142271, 55.005228846147531 ], [ 15.102953411253175, 55.005023821894952 ], [ 15.102627728940181, 55.004829821540625 ], [ 15.102287972345476, 55.004627425848341 ], [ 15.101954129995745, 55.004428558281234 ], [ 15.101579987137891, 55.004205642818398 ], [ 15.101255898086603, 55.004012549355885 ], [ 15.100893774306966, 55.003796806473659 ], [ 15.100546363779147, 55.003588776891498 ], [ 15.100219874835219, 55.003389525910038 ], [ 15.100111576713427, 55.003322205603425 ], [ 15.099630483865562, 55.003008269991575 ], [ 15.098951955712865, 55.002588826474707 ], [ 15.098797143814519, 55.002693327200056 ], [ 15.098221636111392, 55.002366362790781 ], [ 15.098408810587298, 55.002234807459466 ], [ 15.09791834689811, 55.001925397949314 ], [ 15.097439085404702, 55.001615026984055 ], [ 15.097274542857177, 55.001759533626362 ], [ 15.096229886501241, 55.001040264829001 ], [ 15.097271047971232, 55.000138374151867 ], [ 15.096795462197832, 54.999754209030648 ], [ 15.096609943273762, 54.999621421453142 ], [ 15.096141645633336, 54.999304408213156 ], [ 15.095705373379932, 54.999004087882362 ], [ 15.09519270000728, 54.998657410934456 ], [ 15.093978292702632, 54.999581310186365 ], [ 15.092771850758785, 54.998734854882265 ], [ 15.093640513964329, 54.997586179604625 ], [ 15.093564036540629, 54.997545310705249 ], [ 15.093324556221713, 54.997862007019009 ], [ 15.092755606906694, 54.997324051689525 ], [ 15.092221135867177, 54.99681878321374 ], [ 15.092186578590409, 54.996786089047191 ], [ 15.091812580063232, 54.996432555303024 ], [ 15.091202902929959, 54.995856258003535 ], [ 15.090321578982474, 54.996490742571197 ], [ 15.089781599834778, 54.996112255258993 ], [ 15.089327231163148, 54.995742385566317 ], [ 15.088877731732159, 54.995389863434021 ], [ 15.08850735372237, 54.994986076914373 ], [ 15.088464056284238, 54.994951281730629 ], [ 15.089045678152162, 54.993799330253552 ], [ 15.085869058185619, 54.991663327232622 ], [ 15.085403463498853, 54.991360511500126 ], [ 15.084265052574343, 54.990620044955378 ], [ 15.083887571917824, 54.990376980426106 ], [ 15.083454523815499, 54.990125782214115 ], [ 15.080737649105293, 54.988936442961865 ], [ 15.080038722439101, 54.988686165185094 ], [ 15.07841653852101, 54.988105261801316 ], [ 15.076743799664486, 54.987759504952983 ], [ 15.075691268017659, 54.987686461920511 ], [ 15.074625607431594, 54.987706825334207 ], [ 15.072708190002423, 54.987743514289463 ], [ 15.070999785164156, 54.987846929015994 ], [ 15.068901892897323, 54.988093661069541 ], [ 15.066190692827901, 54.98853044779348 ], [ 15.065415545863322, 54.988655254624526 ], [ 15.063478703016013, 54.989116467116283 ], [ 15.06276058729518, 54.989287365747487 ], [ 15.06038588436237, 54.989997710071577 ], [ 15.05976074118251, 54.990191708939285 ], [ 15.059119781219909, 54.990388430906215 ], [ 15.055997015285698, 54.991288358708978 ], [ 15.051934688646435, 54.992227563353225 ], [ 15.051941423705999, 54.992255255602721 ], [ 15.048841495212857, 54.992721871506781 ], [ 15.046316815665833, 54.993290896287284 ], [ 15.045439202335437, 54.9934540046915 ], [ 15.044869664447996, 54.99357693821549 ], [ 15.043107252735979, 54.993899838542525 ], [ 15.038007254399284, 54.994672445313782 ], [ 15.037165007783653, 54.994761980439883 ], [ 15.035529760337306, 54.994941903118225 ], [ 15.034068244441512, 54.994971807713341 ], [ 15.033384221242446, 54.994963385817762 ], [ 15.032090488012022, 54.994887991572504 ], [ 15.031298346944929, 54.994818707727411 ], [ 15.027490766185005, 54.994462589856468 ], [ 15.024921135391976, 54.994787685197551 ], [ 15.024776860469903, 54.994806254517407 ], [ 15.023972504641264, 54.994826223982876 ], [ 15.023672640948023, 54.994834156662613 ], [ 15.02305232575266, 54.994865583451734 ], [ 15.022303690320712, 54.994944744445611 ], [ 15.022070399912831, 54.994947060748636 ], [ 15.021770496365342, 54.994956818369857 ], [ 15.021589738386668, 54.994986379786205 ], [ 15.021231610942156, 54.995090252065566 ], [ 15.019796010661832, 54.995546786551095 ], [ 15.01816243625631, 54.995855858670794 ], [ 15.017483626064971, 54.995996878937348 ], [ 15.017277437041539, 54.996041102325769 ], [ 15.016744372726437, 54.996124319892203 ], [ 15.016048073464161, 54.996274501127871 ], [ 15.015467530670405, 54.996395236832306 ], [ 15.014691819387849, 54.996540086088608 ], [ 15.014212991976338, 54.996575925796478 ], [ 15.014068549404804, 54.996593238868535 ], [ 15.013900273021623, 54.996634251886967 ], [ 15.01367642166282, 54.996673429888915 ], [ 15.013271628951104, 54.996724446321288 ], [ 15.012957269696049, 54.996795546179065 ], [ 15.012693735962111, 54.9968411203592 ], [ 15.012648727963823, 54.996851987092171 ], [ 15.012504812564918, 54.996886702835091 ], [ 15.012269888444909, 54.996893960820294 ], [ 15.012060329338656, 54.996903057568552 ], [ 15.011882569671144, 54.996889346722 ], [ 15.011719054422997, 54.996909403502471 ], [ 15.011557172434026, 54.996892960021427 ], [ 15.01105554412163, 54.996902024999329 ], [ 15.010707888789261, 54.996923882306646 ], [ 15.010509467504304, 54.9969110768807 ], [ 15.010163441406052, 54.996898278531468 ], [ 15.009677678206847, 54.99689732265098 ], [ 15.00924436314828, 54.996858039173475 ], [ 15.009030030381908, 54.996901823518783 ], [ 15.008806102650809, 54.996993054101779 ], [ 15.008590127563151, 54.997095234416165 ], [ 15.008426589591258, 54.997127163357774 ], [ 15.008278886780493, 54.99720745707689 ], [ 15.008089881205112, 54.99730234845304 ], [ 15.007850067721412, 54.997404538373686 ], [ 15.007683297724414, 54.997468399612039 ], [ 15.007443510998229, 54.997554174062572 ], [ 15.007049667892399, 54.99769377871462 ], [ 15.006908359826667, 54.997720237281861 ], [ 15.006476487670335, 54.997786824728955 ], [ 15.006116087686452, 54.997830602171895 ], [ 15.005754105037147, 54.997877094935198 ], [ 15.005446101985411, 54.997904436204216 ], [ 15.004283995078351, 54.998006459484849 ], [ 15.004016633313041, 54.998042066021348 ], [ 15.003545339751172, 54.998117996023339 ], [ 15.003364487285975, 54.998150964445948 ], [ 15.002995564059782, 54.998209496947176 ], [ 15.00263117490003, 54.998269865570251 ], [ 15.002407378262207, 54.998319985631404 ], [ 15.002332413729764, 54.998336761347169 ], [ 15.001917564015018, 54.998397987589634 ], [ 15.001666833585277, 54.998418873123505 ], [ 15.001474322687091, 54.998422335416777 ], [ 15.001305057949315, 54.998430426804525 ], [ 15.001120313447961, 54.998434818557229 ], [ 15.000812090618595, 54.998428008766538 ], [ 15.000527422877068, 54.998422139059606 ], [ 15.000268903020066, 54.998405241789108 ], [ 15.000100159209538, 54.998406877268479 ], [ 14.999754781360084, 54.998402849113099 ], [ 14.999372238605226, 54.998399029598353 ], [ 14.99911166165022, 54.99839254956693 ], [ 14.998961140156425, 54.998388798004974 ], [ 14.998551636581869, 54.998385868886423 ], [ 14.998219856474709, 54.998394830664743 ], [ 14.997899211141876, 54.998417492993056 ], [ 14.997640428270319, 54.998447474797672 ], [ 14.997341945568262, 54.998489296778004 ], [ 14.996864109680118, 54.998543807746081 ], [ 14.996759332792823, 54.998562009658066 ], [ 14.996624343584504, 54.998605735988065 ], [ 14.995952624501252, 54.998883943100338 ], [ 14.995791270331214, 54.99895265134483 ], [ 14.995709202117622, 54.998987600880845 ], [ 14.994729694817176, 54.999257407062252 ], [ 14.99401277233274, 54.999439026041621 ], [ 14.992993112632364, 54.999666083109915 ], [ 14.992225974570969, 54.999832490874311 ], [ 14.991806395820205, 54.999921033472333 ], [ 14.991458449206418, 54.999968283326922 ], [ 14.991176923356942, 54.999995728545464 ], [ 14.99085132265008, 55.000019814077497 ], [ 14.990787861179538, 55.000020348147771 ], [ 14.990690214855615, 54.999882668352711 ], [ 14.990498041971362, 54.999882674974458 ], [ 14.990142975880877, 54.999833819928533 ], [ 14.989800489762137, 54.999738785371555 ], [ 14.989511650738473, 54.99952591961825 ], [ 14.989441725695343, 54.999529518359317 ], [ 14.989376564067108, 54.999526741443198 ], [ 14.989336679512691, 54.999652705985724 ], [ 14.989034534556197, 54.999821418978463 ], [ 14.988552889118777, 54.999870412475047 ], [ 14.988228779331456, 54.999819077340909 ], [ 14.988261899116177, 55.000002613047869 ], [ 14.988038028065551, 55.000054816243178 ], [ 14.987379597762045, 55.000208377294278 ], [ 14.986582583480503, 55.00015452590393 ], [ 14.985986890910695, 55.000183049072476 ], [ 14.985881142697066, 55.00018484920426 ], [ 14.985139079107492, 55.000197807780289 ], [ 14.985111580334163, 55.000092791134101 ], [ 14.984938562327267, 55.000109993920994 ], [ 14.984762385516891, 55.000132682358611 ], [ 14.984654417835294, 55.000149923635398 ], [ 14.9844146975295, 55.000208142304992 ], [ 14.984081257640165, 55.000302768244062 ], [ 14.983851006285995, 55.000386537936905 ], [ 14.983688928411814, 55.000518729408299 ], [ 14.983625312032753, 55.000596245658571 ], [ 14.983550113511644, 55.0006930063821 ], [ 14.983312167025119, 55.000854574227041 ], [ 14.983098570973636, 55.000968617797305 ], [ 14.982942544058522, 55.001037009187115 ], [ 14.982632084061517, 55.001174721040222 ], [ 14.98246363335303, 55.001222963232308 ], [ 14.982317515835913, 55.001260289547801 ], [ 14.982286783267041, 55.001273906483974 ], [ 14.982183788943118, 55.001319548552424 ], [ 14.981946812585267, 55.001405230786531 ], [ 14.981711614686297, 55.00147534810624 ], [ 14.981484515002981, 55.001535404857528 ], [ 14.981236882695399, 55.001594529447566 ], [ 14.981017807515959, 55.001656413205581 ], [ 14.980603558687488, 55.001730886798882 ], [ 14.98035910407113, 55.001790014828622 ], [ 14.980178142895806, 55.001830029585925 ], [ 14.980040031117062, 55.00186823660642 ], [ 14.979887628438814, 55.001901890431284 ], [ 14.979747933739777, 55.001937366154543 ], [ 14.979563893003474, 55.001979737659106 ], [ 14.979390764611944, 55.002024703819188 ], [ 14.979125631579098, 55.002095689080555 ], [ 14.978900176543448, 55.002166706707449 ], [ 14.978736646783101, 55.002215862225803 ], [ 14.978492085933128, 55.002306953227254 ], [ 14.978307899430602, 55.002367048389232 ], [ 14.97815386107507, 55.002422613556007 ], [ 14.978094467604375, 55.002442243299903 ], [ 14.978018894325009, 55.002467226476661 ], [ 14.97788867716825, 55.002511866143976 ], [ 14.977720376815174, 55.002559193694196 ], [ 14.977542535874793, 55.002615643543947 ], [ 14.977369456058044, 55.002669364473945 ], [ 14.977131229196548, 55.002761373736512 ], [ 14.976905739913377, 55.002826014827775 ], [ 14.976708857104713, 55.002880620123648 ], [ 14.976500902449535, 55.002928838359708 ], [ 14.976248481187678, 55.002978852003665 ], [ 14.976118294687256, 55.003013431507476 ], [ 14.975989659290471, 55.003048015438878 ], [ 14.97580702971203, 55.003109038230448 ], [ 14.975616500821999, 55.00316457094106 ], [ 14.975487857326181, 55.003206456362975 ], [ 14.975343357050816, 55.003246521212517 ], [ 14.975222689189646, 55.003270159778857 ], [ 14.975051173506728, 55.003329364166618 ], [ 14.974935263804532, 55.00335665734697 ], [ 14.974662179508137, 55.003414870481748 ], [ 14.974447877054212, 55.003459418429891 ], [ 14.974108122879434, 55.003513920096694 ], [ 14.973876332345508, 55.003565775063727 ], [ 14.973635005107733, 55.003616703953135 ], [ 14.973319083881879, 55.0036693898249 ], [ 14.973122227308869, 55.003703010176018 ], [ 14.972877722656825, 55.003747557688797 ], [ 14.972587215710451, 55.00379295738216 ], [ 14.972350688604905, 55.003827459322835 ], [ 14.972234824411625, 55.003833752013989 ], [ 14.972152073664187, 55.003846669443064 ], [ 14.971551550104401, 55.003931024808438 ], [ 14.970851727816566, 55.004011876409507 ], [ 14.970819759075692, 55.004015557559832 ], [ 14.970354319839918, 55.003989509876249 ], [ 14.9682027342363, 55.004206587806479 ], [ 14.968175634947089, 55.004088205911252 ], [ 14.967747937229815, 55.004036548852554 ], [ 14.967239033654765, 55.004012808678638 ], [ 14.96698044339816, 55.003992817996973 ], [ 14.966810714871166, 55.00397768181724 ], [ 14.966506105793473, 55.003953904753104 ], [ 14.96638329997511, 55.003947460743198 ], [ 14.966172878029207, 55.003936423980299 ], [ 14.965911032880237, 55.003924649080737 ], [ 14.965720592764646, 55.003916733752796 ], [ 14.965565008345138, 55.003914422696596 ], [ 14.965269803892097, 55.003907087824238 ], [ 14.965007903032456, 55.003899878345713 ], [ 14.964766629573232, 55.003894552518766 ], [ 14.964491996520781, 55.003893667345707 ], [ 14.964091368915859, 55.003916148631781 ], [ 14.963891527839246, 55.003927356515703 ], [ 14.963603959673218, 55.003950162790879 ], [ 14.963411733634414, 55.003962336782621 ], [ 14.963179681424577, 55.003988965730073 ], [ 14.962928672521132, 55.004006415969123 ], [ 14.962702963409461, 55.004031255495278 ], [ 14.962559910792404, 55.004049049593753 ], [ 14.962418471471812, 55.004064108239497 ], [ 14.962146457370732, 55.004118917695578 ], [ 14.961570653200365, 55.004229322892513 ], [ 14.961357479255859, 55.004273359500296 ], [ 14.961115700159056, 55.004320953911829 ], [ 14.96084526617515, 55.004375772691773 ], [ 14.960648036938489, 55.00441255080402 ], [ 14.960418852310791, 55.004469320057296 ], [ 14.960218404893926, 55.004509739886075 ], [ 14.96003866930444, 55.004545665998634 ], [ 14.95975390649483, 55.004603158328514 ], [ 14.95955355939588, 55.00463446987866 ], [ 14.959370683127378, 55.004665822677623 ], [ 14.959175034798346, 55.0047026106418 ], [ 14.95879197228623, 55.004909459995403 ], [ 14.958640329405242, 55.004992944503812 ], [ 14.958325875152985, 55.005163504828978 ], [ 14.957856747734805, 55.005403849752014 ], [ 14.957719411985803, 55.00548371294245 ], [ 14.957499301708337, 55.005587972352593 ], [ 14.957225025502586, 55.005708460485089 ], [ 14.957009792632983, 55.00580087422005 ], [ 14.956835933682859, 55.005881531424528 ], [ 14.95663679220136, 55.005952077477183 ], [ 14.956458306711326, 55.006019960837769 ], [ 14.956329138377406, 55.006074302273504 ], [ 14.956074291754895, 55.00615927000662 ], [ 14.955883171708644, 55.006218887013389 ], [ 14.955654409331721, 55.00628597968349 ], [ 14.955512194353945, 55.006325385596192 ], [ 14.955357783155767, 55.006367785224931 ], [ 14.955211248704124, 55.006413858190975 ], [ 14.955104236546273, 55.00647648228648 ], [ 14.954799118222978, 55.006665336784593 ], [ 14.954581899276967, 55.006797880464198 ], [ 14.954458744261776, 55.006887856012511 ], [ 14.954321476446475, 55.006962246796441 ], [ 14.954195415047606, 55.007025724470182 ], [ 14.953986102405343, 55.007146462732287 ], [ 14.953773602791614, 55.007262630443194 ], [ 14.953630820935482, 55.007389095220894 ], [ 14.953485409228946, 55.007470790270034 ], [ 14.953319241401033, 55.007564290021314 ], [ 14.953167711738118, 55.007627702567461 ], [ 14.952923417931697, 55.007750156357162 ], [ 14.952811584526156, 55.007810953231122 ], [ 14.95251757010838, 55.007975262929897 ], [ 14.952333564950198, 55.008097915752508 ], [ 14.952205613689809, 55.008178760972321 ], [ 14.952100273422335, 55.008227714368218 ], [ 14.951973966689108, 55.008305822667197 ], [ 14.951850840898562, 55.00838119978183 ], [ 14.951727834152594, 55.008446523420936 ], [ 14.951542675646172, 55.008535406775771 ], [ 14.951342878105358, 55.008650703286712 ], [ 14.95116383111468, 55.008757850495535 ], [ 14.950887256025302, 55.008923118567878 ], [ 14.950815264782078, 55.008969443668171 ], [ 14.95072233824513, 55.009039448042657 ], [ 14.95055572674093, 55.0091667361649 ], [ 14.950400672574554, 55.00925752538889 ], [ 14.950280396573598, 55.00935665519274 ], [ 14.950134872397152, 55.009447489547597 ], [ 14.949874627853974, 55.009576274326953 ], [ 14.949293953185116, 55.009821759905627 ], [ 14.948869265269051, 55.01003124785408 ], [ 14.948588491275341, 55.010149909020598 ], [ 14.948256421382226, 55.010310411486998 ], [ 14.947730839918268, 55.01058986503137 ], [ 14.947563051935219, 55.010682436330754 ], [ 14.947425641550993, 55.010758671262629 ], [ 14.947331581600585, 55.010793049056474 ], [ 14.947186349785554, 55.010861033344234 ], [ 14.947015509919144, 55.010944462304344 ], [ 14.946826889192035, 55.011052477227068 ], [ 14.946659388850968, 55.011122219199876 ], [ 14.946493319857773, 55.011203819841484 ], [ 14.946357865786378, 55.011250841493045 ], [ 14.946225786625886, 55.011280501560684 ], [ 14.945980666540802, 55.011341750661693 ], [ 14.94581660470252, 55.011391407932017 ], [ 14.94561731096282, 55.011466506682773 ], [ 14.945363879800471, 55.011556944900093 ], [ 14.945217138401473, 55.011616699830974 ], [ 14.944858521623484, 55.011742382502668 ], [ 14.94470554259725, 55.011793898654595 ], [ 14.94432463733853, 55.011924066534988 ], [ 14.944075858158591, 55.0120218184408 ], [ 14.943976947272224, 55.012064399004593 ], [ 14.943865456621447, 55.012097800767471 ], [ 14.943288451943857, 55.012301247415124 ], [ 14.943057129402057, 55.012396313859142 ], [ 14.942894550377611, 55.012456013751212 ], [ 14.942699799718424, 55.012545748847742 ], [ 14.942412901515331, 55.012644275917673 ], [ 14.94204647267815, 55.012759871054833 ], [ 14.941781935461632, 55.012849369077806 ], [ 14.941560334465517, 55.012929857307824 ], [ 14.941415171073512, 55.012988701749116 ], [ 14.941188618922407, 55.013084719071863 ], [ 14.940960512533039, 55.013177976123366 ], [ 14.940774101011341, 55.01323758922134 ], [ 14.940610982851881, 55.013333828731703 ], [ 14.940508709447897, 55.013389166308265 ], [ 14.940403416552956, 55.013433550930564 ], [ 14.94010371939833, 55.013539343486947 ], [ 14.939883706104432, 55.01362075902896 ], [ 14.939659002124177, 55.013694850340265 ], [ 14.939446833091825, 55.013782687124547 ], [ 14.939209267251252, 55.013868625355599 ], [ 14.939077040281383, 55.013910159535563 ], [ 14.938914467324496, 55.013964379611927 ], [ 14.938837822267011, 55.014001552743522 ], [ 14.93865006399113, 55.014041988812217 ], [ 14.938511305735723, 55.014095375124562 ], [ 14.938296036067285, 55.014176807394129 ], [ 14.938103071130646, 55.014251024931376 ], [ 14.937922872482691, 55.014318891061819 ], [ 14.937682285628533, 55.014394746593716 ], [ 14.937397137776165, 55.014477771184509 ], [ 14.937154983075066, 55.014550884430186 ], [ 14.936970138659351, 55.014611422970958 ], [ 14.936847213948417, 55.014666696960326 ], [ 14.936617154241274, 55.014784628285362 ], [ 14.936423750205018, 55.014893544217934 ], [ 14.936312133520014, 55.0149515501476 ], [ 14.936038199688486, 55.015053721046826 ], [ 14.935815250406661, 55.01513689303443 ], [ 14.935676701187782, 55.015187510738826 ], [ 14.935517510271987, 55.01523987688411 ], [ 14.935214907409051, 55.015355621194175 ], [ 14.934939495661588, 55.015447751388521 ], [ 14.934785321791267, 55.015474572440326 ], [ 14.934624895903033, 55.015488599846456 ], [ 14.934356595699551, 55.015501342982567 ], [ 14.934073615988686, 55.015552364515791 ], [ 14.933717839904872, 55.015587608969447 ], [ 14.933423637488659, 55.015650449887815 ], [ 14.933256555221355, 55.015698229384427 ], [ 14.932984448212457, 55.015774852098815 ], [ 14.932833427747143, 55.015803514983887 ], [ 14.932653893190185, 55.01582478572827 ], [ 14.932464938127943, 55.015835983531076 ], [ 14.932293354110371, 55.01585635160518 ], [ 14.932142694390413, 55.015845787800671 ], [ 14.931937543616364, 55.015891601396604 ], [ 14.931700599768059, 55.015940041162395 ], [ 14.931420933033019, 55.01597919934634 ], [ 14.931196899615429, 55.016006704807481 ], [ 14.930969883254814, 55.016015026265869 ], [ 14.930677941038944, 55.016007598289285 ], [ 14.930440173439413, 55.015978451847005 ], [ 14.930151716300228, 55.015940917162482 ], [ 14.929798638680927, 55.01585477443134 ], [ 14.929638884717111, 55.01580035742991 ], [ 14.92925903733023, 55.015694032000233 ], [ 14.929021607124003, 55.015632014382085 ], [ 14.928839689448065, 55.015570217204058 ], [ 14.928638694444551, 55.0155128996429 ], [ 14.92834739662819, 55.015439739743705 ], [ 14.92801042399652, 55.015331728640795 ], [ 14.927643152242434, 55.015238216062016 ], [ 14.927359784725766, 55.015165998672096 ], [ 14.926847033596022, 55.015019913825761 ], [ 14.926530438418281, 55.014946635691295 ], [ 14.926181070965253, 55.014846697966668 ], [ 14.925776296975075, 55.014735584225527 ], [ 14.925118905464183, 55.014591743773636 ], [ 14.924904843088525, 55.014561770593353 ], [ 14.924827041687871, 55.014559665964811 ], [ 14.924508702591979, 55.014627031422911 ], [ 14.924222228071486, 55.014685384845492 ], [ 14.923956957405844, 55.015036387775972 ], [ 14.923868221620868, 55.015138611963067 ], [ 14.923798634979383, 55.015239909641274 ], [ 14.923695712662955, 55.015355538890454 ], [ 14.923497708008865, 55.015600512774498 ], [ 14.923293398791447, 55.015855310364358 ], [ 14.923152236475801, 55.016004461362051 ], [ 14.922900629570309, 55.016238232687016 ], [ 14.922740342956086, 55.016391045098167 ], [ 14.922087580204163, 55.016855192964023 ], [ 14.921409580992588, 55.017289067837439 ], [ 14.920861050024564, 55.017645800170712 ], [ 14.920473923699166, 55.017884579850396 ], [ 14.920193030150934, 55.018011703180932 ], [ 14.919784013888407, 55.018260380984096 ], [ 14.919463667495446, 55.01843777421422 ], [ 14.919252623422395, 55.018536529496622 ], [ 14.919033584705698, 55.018624456917408 ], [ 14.918832173978384, 55.018736983888139 ], [ 14.918540455468074, 55.018913481404837 ], [ 14.917850540509725, 55.019285876746295 ], [ 14.917712484450552, 55.01934907998541 ], [ 14.917579205532178, 55.019441849681293 ], [ 14.917222049394525, 55.019189665893741 ], [ 14.916116791246093, 55.019781433745209 ], [ 14.914002964899389, 55.020872533180551 ], [ 14.912888921278952, 55.021368087322003 ], [ 14.912513345265992, 55.021533577765574 ], [ 14.912335669263808, 55.021577531172568 ], [ 14.911081811898775, 55.021940653670192 ], [ 14.909822689563519, 55.02241335932176 ], [ 14.908541408186963, 55.022669242757168 ], [ 14.908056510721524, 55.022709178581778 ], [ 14.908018285958228, 55.022711904958683 ], [ 14.907565372310723, 55.022747498822618 ], [ 14.907527652554128, 55.022755665193458 ], [ 14.907489964439783, 55.022764046080049 ], [ 14.907290126391857, 55.022784466427716 ], [ 14.906843859644606, 55.022832193777205 ], [ 14.906384198115413, 55.022891420253977 ], [ 14.906048106667125, 55.022932770632124 ], [ 14.90596161067689, 55.022943419823179 ], [ 14.905608327586943, 55.02298200498899 ], [ 14.905421322895801, 55.022912461794803 ], [ 14.905115162867251, 55.022987607343659 ], [ 14.904878319187596, 55.023055686055272 ], [ 14.904582732563215, 55.023139210236415 ], [ 14.904080675778467, 55.023264412138644 ], [ 14.903751754540874, 55.023348782726451 ], [ 14.9034276166763, 55.023430425758065 ], [ 14.90303039543821, 55.023469809510168 ], [ 14.902620324093604, 55.023490704277705 ], [ 14.90257826521036, 55.023491346789491 ], [ 14.902466189839142, 55.023493047105831 ], [ 14.902308794879671, 55.023510898289388 ], [ 14.901975742068871, 55.023644233416832 ], [ 14.901803821900558, 55.023693985648094 ], [ 14.901601749214173, 55.023733627196798 ], [ 14.901561593193037, 55.023790120460767 ], [ 14.901428792818601, 55.023918472028171 ], [ 14.901366541355221, 55.023955729926712 ], [ 14.901267751814855, 55.023994729634907 ], [ 14.90117064326069, 55.024021853736414 ], [ 14.901060686999488, 55.024063557284109 ], [ 14.90085503772873, 55.0241579377874 ], [ 14.900577766531317, 55.024264931341541 ], [ 14.900531602094226, 55.024277593595343 ], [ 14.900353494169083, 55.024297197078006 ], [ 14.900126172146454, 55.024313027514552 ], [ 14.899956049417856, 55.024329928210314 ], [ 14.899912890453464, 55.0243626643949 ], [ 14.899871162032762, 55.024417333913718 ], [ 14.899827716057347, 55.024490227688318 ], [ 14.899789304151724, 55.024525721842977 ], [ 14.89969031433006, 55.024592089558851 ], [ 14.89965043776983, 55.024611161709835 ], [ 14.899551336648912, 55.02468847316338 ], [ 14.899490633335363, 55.024730300180352 ], [ 14.89935831514199, 55.024787449344409 ], [ 14.899232230722598, 55.024862867995012 ], [ 14.899099811946147, 55.024931887485806 ], [ 14.899043973237703, 55.024961854988035 ], [ 14.898964108108309, 55.025017325718025 ], [ 14.898890648114415, 55.025064580374199 ], [ 14.898775787625938, 55.02512450790163 ], [ 14.898702310186639, 55.025174518148411 ], [ 14.898607825063202, 55.02526828649664 ], [ 14.898540726039435, 55.025318301520997 ], [ 14.898470445761369, 55.025363744732232 ], [ 14.89833316142974, 55.025448259736471 ], [ 14.898178439210435, 55.025524511726452 ], [ 14.89812580516649, 55.025549011251265 ], [ 14.897993255635217, 55.025635357228325 ], [ 14.897862446667379, 55.025699804551238 ], [ 14.897813011428493, 55.025724319431099 ], [ 14.897721922529724, 55.025789788014528 ], [ 14.897616498093917, 55.025862516663622 ], [ 14.897469546026938, 55.025958871271641 ], [ 14.897405673368025, 55.025997934331947 ], [ 14.897318012458367, 55.026031473926494 ], [ 14.897257431870807, 55.026057781877412 ], [ 14.897117016879973, 55.026134056966036 ], [ 14.896986310765728, 55.026183904686427 ], [ 14.896876298993011, 55.026233808441539 ], [ 14.89664990008769, 55.026328109763085 ], [ 14.896527116929622, 55.026383450603312 ], [ 14.896319884381432, 55.026467762624321 ], [ 14.896236906737764, 55.02651225521236 ], [ 14.89613967527813, 55.026548500865061 ], [ 14.896067890116885, 55.026584823836771 ], [ 14.89592115991945, 55.026653788048137 ], [ 14.895752211851514, 55.026716296722888 ], [ 14.895662923459055, 55.026755297839401 ], [ 14.89545726755963, 55.026842358532477 ], [ 14.895318479529122, 55.026907694900871 ], [ 14.895189316395046, 55.026966666436472 ], [ 14.895004415110872, 55.027036431436322 ], [ 14.894859389784658, 55.027092626446859 ], [ 14.894738243664548, 55.027139747244405 ], [ 14.894510519655679, 55.02720394029032 ], [ 14.894449905669379, 55.027232066934538 ], [ 14.894320674924579, 55.027295596191045 ], [ 14.894149733386792, 55.027407390717258 ], [ 14.894095463862239, 55.027438269807355 ], [ 14.893942588544505, 55.027482574299697 ], [ 14.893881945334089, 55.027514339192571 ], [ 14.893736673175283, 55.027595167441859 ], [ 14.893599347133161, 55.027678769373068 ], [ 14.893562344025323, 55.027699833405848 ], [ 14.893525915923284, 55.027720545385336 ], [ 14.893455771106705, 55.027750476022717 ], [ 14.893288671941889, 55.027781957571975 ], [ 14.893249999763695, 55.027847567445043 ], [ 14.893088390404145, 55.027985843284952 ], [ 14.892973102706023, 55.028093221390606 ], [ 14.892877207295271, 55.028162322579277 ], [ 14.892688797336689, 55.028273144985235 ], [ 14.892605677244818, 55.028334071916227 ], [ 14.892463275191281, 55.028456892156761 ], [ 14.892380086285913, 55.028522359667917 ], [ 14.892265068680274, 55.028596890688561 ], [ 14.892143666644163, 55.028675963051704 ], [ 14.892057339599546, 55.028737792585929 ], [ 14.891980744944373, 55.028778649912134 ], [ 14.891896182591738, 55.028822234956941 ], [ 14.891763685378324, 55.028895786987697 ], [ 14.89162494578837, 55.028954724450628 ], [ 14.891467015789054, 55.029030969961177 ], [ 14.891278860371397, 55.029112590554774 ], [ 14.891165576682823, 55.029166131735657 ], [ 14.891025274514002, 55.029222344492034 ], [ 14.890849810819194, 55.029306723992789 ], [ 14.890715845746049, 55.029364789258267 ], [ 14.890585040013413, 55.029427391383692 ], [ 14.890444769332822, 55.029479037480684 ], [ 14.890247012835445, 55.029565200893416 ], [ 14.890073283480289, 55.029631354352489 ], [ 14.8899425308306, 55.029684851342907 ], [ 14.889842063813212, 55.029728378918584 ], [ 14.889778261310367, 55.029756504826878 ], [ 14.889688857605979, 55.029809182043252 ], [ 14.889498871685563, 55.029917284726508 ], [ 14.889390206314772, 55.029989991871588 ], [ 14.889316678284205, 55.030041816916544 ], [ 14.889168286529232, 55.030116263671601 ], [ 14.889066150330567, 55.0301689103892 ], [ 14.888991182564544, 55.03020339374482 ], [ 14.888885967193554, 55.030244171088079 ], [ 14.888807788869583, 55.030282294272652 ], [ 14.888611630045233, 55.030365730439627 ], [ 14.888451979262733, 55.030456558742813 ], [ 14.888314894547761, 55.030509127873721 ], [ 14.888161751860954, 55.030580815020066 ], [ 14.887981674213211, 55.030641475665469 ], [ 14.887862012461994, 55.030699554445732 ], [ 14.887723262059875, 55.030758496659011 ], [ 14.887587739847589, 55.030813815940817 ], [ 14.887455391480641, 55.030870043334652 ], [ 14.887372504073541, 55.030899931494119 ], [ 14.887259251921664, 55.030949812102641 ], [ 14.887107810639769, 55.031009648625201 ], [ 14.886989743300351, 55.031065902560428 ], [ 14.886774442440776, 55.03115841210635 ], [ 14.886641966640264, 55.0312292382213 ], [ 14.886535114560418, 55.03127458520337 ], [ 14.88645534700369, 55.031312693859292 ], [ 14.886326024450929, 55.03138354662979 ], [ 14.886147381505708, 55.031465192222406 ], [ 14.886046830058268, 55.031516940049102 ], [ 14.885947884824029, 55.031567781589246 ], [ 14.885738775697385, 55.031678552399732 ], [ 14.885557096031681, 55.031742870052881 ], [ 14.885450150567536, 55.031800068173773 ], [ 14.885279617075618, 55.031856201216222 ], [ 14.885156893762769, 55.031903316273571 ], [ 14.884984761155904, 55.031961263997907 ], [ 14.884839672429104, 55.032017449267649 ], [ 14.884688346575123, 55.032062665496483 ], [ 14.884512884521834, 55.032137951297088 ], [ 14.88421813953768, 55.032227485979675 ], [ 14.88413696005993, 55.032244613062339 ], [ 14.884041426427665, 55.032264426007302 ], [ 14.883875778329831, 55.032312343546849 ], [ 14.883705360100425, 55.032356603043773 ], [ 14.883563707211575, 55.032380849340548 ], [ 14.883347282426916, 55.032416770639301 ], [ 14.883218438783988, 55.032431023368588 ], [ 14.882935029403988, 55.032493212823312 ], [ 14.882717032201777, 55.032525482090506 ], [ 14.882594546434609, 55.032540659171303 ], [ 14.882438507181357, 55.032573992368249 ], [ 14.882354134570523, 55.032592011295357 ], [ 14.882245678465969, 55.032634605200485 ], [ 14.882067261474862, 55.032688874131004 ], [ 14.881786984116312, 55.032755653367659 ], [ 14.881551343837666, 55.032806106259265 ], [ 14.881387313512896, 55.032846721620857 ], [ 14.881225014421796, 55.032870003570068 ], [ 14.881134264389663, 55.03288526989887 ], [ 14.880970317440129, 55.03291675186091 ], [ 14.88077761325629, 55.03296277178918 ], [ 14.880507047750735, 55.033011296714108 ], [ 14.880234760747495, 55.033069870492881 ], [ 14.880038981987987, 55.033103083323532 ], [ 14.879875012845432, 55.033135492113217 ], [ 14.87970626596322, 55.033166961909465 ], [ 14.879566174927735, 55.033195791095096 ], [ 14.879429313345176, 55.033218224691659 ], [ 14.879177902945962, 55.033253124260483 ], [ 14.878924960540559, 55.033278878757706 ], [ 14.878614918911552, 55.03329536332501 ], [ 14.878370163963076, 55.033296511538644 ], [ 14.878146136171763, 55.033287670113658 ], [ 14.878058747227936, 55.033285603020104 ], [ 14.87788684624803, 55.033317061020512 ], [ 14.87768792714734, 55.033344813445822 ], [ 14.877558983078874, 55.033369084906639 ], [ 14.877504833851269, 55.033381710698677 ], [ 14.877334209795292, 55.033446947221528 ], [ 14.8772449947207, 55.033472255237925 ], [ 14.877172563195618, 55.03348857553565 ], [ 14.877088933312722, 55.033507409952193 ], [ 14.876904413471619, 55.033526063865175 ], [ 14.876809086595607, 55.033522138768255 ], [ 14.87671215002481, 55.033521874661368 ], [ 14.876675434481172, 55.033539120093359 ], [ 14.876555653210493, 55.033607221865871 ], [ 14.876477475474495, 55.033640772217794 ], [ 14.876184148386292, 55.033743992039767 ], [ 14.875943482951813, 55.033819974717517 ], [ 14.875822352107523, 55.033859791566528 ], [ 14.875661470592775, 55.033899499153385 ], [ 14.87557699276881, 55.033928474592074 ], [ 14.875514761844332, 55.033955670177342 ], [ 14.875423378556091, 55.034045757235667 ], [ 14.875306140307869, 55.034184153644226 ], [ 14.875234117270187, 55.034242342517025 ], [ 14.875119085317763, 55.034310473798428 ], [ 14.875002535999313, 55.034367632137005 ], [ 14.87488755383623, 55.034431196398842 ], [ 14.87476634123551, 55.03448104508459 ], [ 14.874676977166361, 55.034520951699257 ], [ 14.874567039770358, 55.034552581815035 ], [ 14.874390169588457, 55.034605017508618 ], [ 14.874136782172481, 55.034684619371212 ], [ 14.874082599363955, 55.034699063729867 ], [ 14.873985156243137, 55.034755376827114 ], [ 14.873892658778036, 55.034792526689088 ], [ 14.873417755489561, 55.034948915087902 ], [ 14.873234524632023, 55.034972560291706 ], [ 14.873149983370247, 55.034988528117921 ], [ 14.872975271780502, 55.035070647034438 ], [ 14.872846724809168, 55.035149369304321 ], [ 14.872702250491637, 55.035230753085614 ], [ 14.87261542745431, 55.035287784213345 ], [ 14.872473134909409, 55.035334482751558 ], [ 14.872308469132495, 55.035387449749521 ], [ 14.872150228992453, 55.035434964923496 ], [ 14.871947403583654, 55.035490453855758 ], [ 14.87178131496966, 55.035532451688113 ], [ 14.871660146873333, 55.035553702406943 ], [ 14.871499141243602, 55.035577466441254 ], [ 14.871230043386523, 55.035603383141542 ], [ 14.871088362043428, 55.035613562540689 ], [ 14.870929083622162, 55.03563094033035 ], [ 14.870785917277514, 55.035636554863423 ], [ 14.870685541122672, 55.035648776927843 ], [ 14.870562743152853, 55.035671851922459 ], [ 14.870368190088092, 55.035706393674033 ], [ 14.870114995814715, 55.035730565931267 ], [ 14.870026254224733, 55.035807673856652 ], [ 14.869932999284673, 55.035868336161997 ], [ 14.869690948395956, 55.035983867539912 ], [ 14.867661568169591, 55.036229349175251 ], [ 14.865681334725918, 55.037235700260901 ], [ 14.86547334362384, 55.037315842842332 ], [ 14.865302433165018, 55.03736514064213 ], [ 14.865147579920439, 55.037405388405773 ], [ 14.864978494384793, 55.037440085230919 ], [ 14.864866792967842, 55.037467803250401 ], [ 14.864726139683386, 55.03751360276182 ], [ 14.864582491630435, 55.037547528353905 ], [ 14.864422784187076, 55.037592313089654 ], [ 14.864271357190972, 55.037617980823562 ], [ 14.864164328702978, 55.03764935240968 ], [ 14.864003050672965, 55.037692303933156 ], [ 14.86387039675494, 55.037734510779764 ], [ 14.863750508417917, 55.037773120546554 ], [ 14.863668548339355, 55.037826551748175 ], [ 14.863586866650671, 55.037862630353366 ], [ 14.863463807210145, 55.037901213045032 ], [ 14.863342418334453, 55.037935258555912 ], [ 14.863224112773658, 55.037973872295112 ], [ 14.863144121933676, 55.03800448528461 ], [ 14.862989095255946, 55.038053849215927 ], [ 14.862902664596241, 55.038087158976971 ], [ 14.862778172974087, 55.038116618466752 ], [ 14.862634694869225, 55.038140495501715 ], [ 14.862457571298185, 55.038178782067192 ], [ 14.862317282652723, 55.038201748359157 ], [ 14.862197670541798, 55.038223004101134 ], [ 14.862106803928675, 55.038238027229148 ], [ 14.861979047236236, 55.038271100658378 ], [ 14.861876534342494, 55.038316196997066 ], [ 14.861787039570846, 55.038342190807917 ], [ 14.861675365791264, 55.038365313086246 ], [ 14.861576575136709, 55.038378468034026 ], [ 14.861477896253311, 55.038383398101878 ], [ 14.861350808100084, 55.03837813237223 ], [ 14.861201593275171, 55.038363609571277 ], [ 14.861128498912684, 55.038361379486858 ], [ 14.861050309409654, 55.038378301036545 ], [ 14.860959045232066, 55.038415227865869 ], [ 14.860823217743574, 55.038454640699513 ], [ 14.860684374395925, 55.038484917372358 ], [ 14.860582403545342, 55.038497126812572 ], [ 14.860485356250546, 55.038500248733897 ], [ 14.860395600914615, 55.038542665844943 ], [ 14.860326870003535, 55.038563271179086 ], [ 14.860253107301633, 55.038599396991152 ], [ 14.860192104408807, 55.038632844763974 ], [ 14.860118681329837, 55.038649778505658 ], [ 14.860032809623585, 55.038650217574578 ], [ 14.859934250824821, 55.038649657966708 ], [ 14.85984491937864, 55.038666504745059 ], [ 14.859624354874491, 55.038732848956712 ], [ 14.859566901038425, 55.038744401658263 ], [ 14.859377731323731, 55.038742429569211 ], [ 14.859296453185593, 55.038754754753064 ], [ 14.859181260780721, 55.038795185586324 ], [ 14.858973257378375, 55.038871634986315 ], [ 14.858901438266807, 55.038885825725337 ], [ 14.858767698266858, 55.038898730685553 ], [ 14.858683155280481, 55.038914670123525 ], [ 14.858579488880242, 55.038934152802639 ], [ 14.858525154517213, 55.038939927712889 ], [ 14.858359712828578, 55.038957514101085 ], [ 14.858122372264672, 55.038985324226374 ], [ 14.857974185685011, 55.039005452806499 ], [ 14.857838798457463, 55.039020173766993 ], [ 14.857716316177504, 55.039025817993696 ], [ 14.857601795545294, 55.039028772996566 ], [ 14.857566702221673, 55.039035878057014 ], [ 14.857478580244733, 55.039073739734945 ], [ 14.857334220720336, 55.039145069580599 ], [ 14.857291043069162, 55.039158524617271 ], [ 14.85714896074087, 55.039194229014512 ], [ 14.856773852916518, 55.039278778453337 ], [ 14.856660454728731, 55.039308254025535 ], [ 14.856555328037084, 55.039319487018105 ], [ 14.856330746910276, 55.039344633968525 ], [ 14.856165174148066, 55.03935823546589 ], [ 14.856069596285359, 55.039370447489581 ], [ 14.855972240976831, 55.03939086557719 ], [ 14.855761452106725, 55.039443523790908 ], [ 14.855616362129192, 55.039468226297551 ], [ 14.855514427444913, 55.039478566080376 ], [ 14.855443062979175, 55.039468992928441 ], [ 14.855402167731997, 55.039445885607705 ], [ 14.855276665264045, 55.039442364418633 ], [ 14.855176172871863, 55.039460952695407 ], [ 14.855102592415697, 55.039487010519643 ], [ 14.855077876546352, 55.039534395704344 ], [ 14.855074202910139, 55.039559960312452 ], [ 14.85486015736352, 55.039617158344768 ], [ 14.854713335558912, 55.039648245131772 ], [ 14.854585754009886, 55.039671228137522 ], [ 14.854328738928803, 55.039730895016348 ], [ 14.854269230516174, 55.039768921850843 ], [ 14.853834836312572, 55.039921699632274 ], [ 14.853722130272818, 55.039951967188394 ], [ 14.853601484880192, 55.039986794921049 ], [ 14.853468146164584, 55.040018012779271 ], [ 14.85332843209286, 55.04005012326062 ], [ 14.852801175659133, 55.040121006946265 ], [ 14.852693223118578, 55.040144877412409 ], [ 14.85246776231288, 55.040195347684637 ], [ 14.852218429164136, 55.040226659323132 ], [ 14.852057981956612, 55.04023139235089 ], [ 14.851179295168645, 55.040205779532606 ], [ 14.851045888201226, 55.040212321909877 ], [ 14.850968142007781, 55.040248939986199 ], [ 14.850923657366765, 55.040245332820611 ], [ 14.850772845766114, 55.040277471360788 ], [ 14.850614090358235, 55.040318752306675 ], [ 14.850431560169218, 55.040372837902254 ], [ 14.850268124129329, 55.040432394238337 ], [ 14.850109383117363, 55.04047367379912 ], [ 14.849963311189915, 55.040503071018669 ], [ 14.849401111047655, 55.040556656213148 ], [ 14.849135913923073, 55.040593470631244 ], [ 14.848961313376147, 55.040640266644267 ], [ 14.848805793653838, 55.040689761507956 ], [ 14.848609038067659, 55.040765812112582 ], [ 14.848482097050457, 55.040805232293927 ], [ 14.848401243108436, 55.040855574302427 ], [ 14.848323509397943, 55.040890371469906 ], [ 14.848169565106037, 55.040940788807411 ], [ 14.848106141867714, 55.040971925132006 ], [ 14.847998290605394, 55.041030518235985 ], [ 14.847860290603894, 55.041095533919275 ], [ 14.847652513374962, 55.04119809550717 ], [ 14.847446186236725, 55.041257707685837 ], [ 14.847426021382979, 55.041264864377396 ], [ 14.847335120566703, 55.041297108616838 ], [ 14.847149462460685, 55.041361278609131 ], [ 14.847030492781457, 55.041410746935881 ], [ 14.846949599264976, 55.041448288187453 ], [ 14.84673376560724, 55.041510661915488 ], [ 14.846594144171521, 55.041559243542089 ], [ 14.846438584825412, 55.041594134987143 ], [ 14.846340145980244, 55.041613426949354 ], [ 14.846132232300386, 55.041665749162867 ], [ 14.846021132926619, 55.041696030878704 ], [ 14.845917985447645, 55.041721725125882 ], [ 14.845817980933775, 55.041748330134183 ], [ 14.845702147556091, 55.041780442109783 ], [ 14.845557707824646, 55.041814409472117 ], [ 14.845414879532569, 55.041856617355428 ], [ 14.845306974426048, 55.041886879518273 ], [ 14.845073708452887, 55.041954762392969 ], [ 14.844999091559417, 55.041964893232532 ], [ 14.844913373381406, 55.041983274038593 ], [ 14.844853085741988, 55.042008000724763 ], [ 14.84477075163613, 55.042083024366136 ], [ 14.844696221726972, 55.042124227559846 ], [ 14.844537535942983, 55.042172833898306 ], [ 14.844394702529875, 55.042209549221504 ], [ 14.844218511239795, 55.042242640836143 ], [ 14.844145469447191, 55.042253685531897 ], [ 14.844008984659315, 55.042284927107247 ], [ 14.843597837571625, 55.042358485731 ], [ 14.843408982451299, 55.042402557022591 ], [ 14.843293096437584, 55.042414584499845 ], [ 14.842979281042391, 55.042460082422615 ], [ 14.842930857176132, 55.042466546763315 ], [ 14.842770527897395, 55.042494154947633 ], [ 14.842630808064735, 55.042507122562093 ], [ 14.842389453028259, 55.042522031688314 ], [ 14.842276739217406, 55.042534958705744 ], [ 14.842168766421725, 55.042546964117648 ], [ 14.84193382553828, 55.042583790661595 ], [ 14.8416893167438, 55.042614253539249 ], [ 14.841457564081821, 55.042648332896341 ], [ 14.841182812713694, 55.042666017913668 ], [ 14.841020856897112, 55.042674445669562 ], [ 14.840881078821372, 55.042684659268431 ], [ 14.840701627556959, 55.042693091668063 ], [ 14.840182344665831, 55.042730252770539 ], [ 14.839643895200147, 55.042740939569526 ], [ 14.839446958900762, 55.042748483240565 ], [ 14.839334161437408, 55.04275042844975 ], [ 14.839219759541479, 55.042740522461806 ], [ 14.839119713814696, 55.042745193648635 ], [ 14.838970414512657, 55.042759995422621 ], [ 14.838754399977933, 55.042769374421987 ], [ 14.838512945262122, 55.0427714789815 ], [ 14.838327104673088, 55.042775344969272 ], [ 14.838193664393037, 55.042779146748359 ], [ 14.838009357448078, 55.042772036423138 ], [ 14.837777376661512, 55.042758595442358 ], [ 14.83745161905213, 55.042735199218619 ], [ 14.837149654806273, 55.042697153612316 ], [ 14.836664945686818, 55.0426437815103 ], [ 14.836327970028151, 55.042592051023753 ], [ 14.836135605668133, 55.042552052307187 ], [ 14.835962320063686, 55.042519354802344 ], [ 14.835789048990852, 55.042486647354707 ], [ 14.835618926925966, 55.042453923232735 ], [ 14.835347091022403, 55.042401208374116 ], [ 14.835013271364064, 55.04234217454956 ], [ 14.834916249361232, 55.042308454318906 ], [ 14.834760410080975, 55.042264761262807 ], [ 14.834595025030636, 55.042221076971941 ], [ 14.8344518909384, 55.04217280241744 ], [ 14.834292829307016, 55.042122700948681 ], [ 14.834130579791379, 55.042062561783119 ], [ 14.833981127259136, 55.042021585466557 ], [ 14.833740912276902, 55.041928626916956 ], [ 14.833635828840645, 55.041872075979853 ], [ 14.833548324175711, 55.041825554682482 ], [ 14.833443262660012, 55.04176990278436 ], [ 14.833325375833725, 55.041680478045706 ], [ 14.833258506979558, 55.041638500853914 ], [ 14.832937003376122, 55.041470650706671 ], [ 14.832723680292974, 55.041362101415785 ], [ 14.832693255173634, 55.041285350765548 ], [ 14.832681736392162, 55.041175696385913 ], [ 14.832643474039115, 55.041137339929776 ], [ 14.832544824905732, 55.041101778621247 ], [ 14.832498599915802, 55.041057944334447 ], [ 14.832482516355864, 55.041008591848573 ], [ 14.832491890426848, 55.040961058297441 ], [ 14.832544164867171, 55.040911651309081 ], [ 14.832591666747877, 55.040866821934749 ], [ 14.832588279249887, 55.040808315736214 ], [ 14.832524582313848, 55.040774530982006 ], [ 14.832449823716967, 55.040757239362243 ], [ 14.83237672228732, 55.040758197043886 ], [ 14.832316405865821, 55.040776526968003 ], [ 14.832165775176954, 55.040877222938214 ], [ 14.832059477189071, 55.040927588356546 ], [ 14.831854643104686, 55.040983491626797 ], [ 14.831745114965797, 55.041019229988983 ], [ 14.831430688072373, 55.041105382377793 ], [ 14.831325834264257, 55.041121891474418 ], [ 14.831011235098831, 55.041174174771207 ], [ 14.830890507984671, 55.041197081943821 ], [ 14.830714231966713, 55.041259316733708 ], [ 14.83056655707113, 55.041311489327128 ], [ 14.830249020475273, 55.041450560343129 ], [ 14.830025192129732, 55.04155667060612 ], [ 14.829923547301847, 55.041598762237804 ], [ 14.82986001779199, 55.041619801975308 ], [ 14.829734580688472, 55.041675595158637 ], [ 14.829648805095211, 55.041707606452185 ], [ 14.829536065592675, 55.041756082448615 ], [ 14.829402679703788, 55.041813706605588 ], [ 14.829289908054951, 55.041854864913958 ], [ 14.829213686929675, 55.041891449166549 ], [ 14.829127990109194, 55.041939930758133 ], [ 14.829007339626173, 55.042000291455125 ], [ 14.828905746386695, 55.042052435427813 ], [ 14.828804252713438, 55.042129259223898 ], [ 14.828739155384415, 55.042163112118807 ], [ 14.828647052964397, 55.042201530278071 ], [ 14.828589942337381, 55.042238123226511 ], [ 14.828464573894109, 55.042309476922881 ], [ 14.82827402785021, 55.042387238519183 ], [ 14.828085013690785, 55.042449478022107 ], [ 14.82782767782235, 55.042522696238208 ], [ 14.827619571629567, 55.042573986876711 ], [ 14.827540138249717, 55.042592305317513 ], [ 14.827425847848914, 55.042644481698687 ], [ 14.827351188163377, 55.042661886530453 ], [ 14.827182814251392, 55.04271225821747 ], [ 14.826909687992842, 55.042797422843968 ], [ 14.826609646833415, 55.042916738313586 ], [ 14.826435961102918, 55.042975646251136 ], [ 14.826208076861692, 55.043059950835989 ], [ 14.826018517312848, 55.043118810223952 ], [ 14.825757433691887, 55.043181094810492 ], [ 14.825410083620767, 55.043300707314316 ], [ 14.825156514912125, 55.043416014084201 ], [ 14.824885537040148, 55.043520299933725 ], [ 14.824632345082417, 55.043590836415056 ], [ 14.82450168625771, 55.043637989139022 ], [ 14.824343657021473, 55.043725220091552 ], [ 14.824187384882972, 55.043795126841204 ], [ 14.823784163016592, 55.043945630118216 ], [ 14.823531063572201, 55.044001539818353 ], [ 14.822911815906764, 55.04414958959449 ], [ 14.822536073156835, 55.044244431121129 ], [ 14.822416562073418, 55.044284294678107 ], [ 14.822168058846623, 55.044367609236289 ], [ 14.821866954017665, 55.044466320827254 ], [ 14.821806492656938, 55.044479844922741 ], [ 14.821653462076462, 55.044540617272929 ], [ 14.821371114108482, 55.044674077051845 ], [ 14.821202249880855, 55.044730234080937 ], [ 14.820967915872451, 55.044826378805872 ], [ 14.820883377460694, 55.044866336319167 ], [ 14.820749471534601, 55.044920752458012 ], [ 14.820631584901973, 55.044960599239118 ], [ 14.820325123814898, 55.045134184613566 ], [ 14.820136941038001, 55.045220407577631 ], [ 14.819977404059955, 55.045301259047932 ], [ 14.819708016433252, 55.045410074590563 ], [ 14.819585276560993, 55.045459038446715 ], [ 14.819252497009353, 55.045551241342281 ], [ 14.819155180642436, 55.045600272684233 ], [ 14.819060901185521, 55.045667595179708 ], [ 14.818952514753317, 55.04571112568221 ], [ 14.818452095974699, 55.045902371357684 ], [ 14.818316714196374, 55.045943991003831 ], [ 14.818074722182912, 55.046010861169407 ], [ 14.817979186235995, 55.046039811832408 ], [ 14.817813508530177, 55.046092291136915 ], [ 14.817625412653229, 55.046173032333101 ], [ 14.817464558572865, 55.046222786185609 ], [ 14.817187591463663, 55.046290458246169 ], [ 14.817099964677382, 55.046322161800063 ], [ 14.816956691282437, 55.04636009814373 ], [ 14.816573280028708, 55.04642928007457 ], [ 14.816387361139515, 55.046438760113219 ], [ 14.816226855071848, 55.046446499500412 ], [ 14.816002635586052, 55.046475945751098 ], [ 14.815838609569653, 55.046525687366987 ], [ 14.815628386705985, 55.046594468519203 ], [ 14.815438663715208, 55.04667700359083 ], [ 14.815331983090765, 55.046709556056989 ], [ 14.815215950758866, 55.046720167754614 ], [ 14.815088788696357, 55.046727990891462 ], [ 14.814972730068849, 55.046743167812799 ], [ 14.814912113528996, 55.046773134076126 ], [ 14.814721762353308, 55.04693786265674 ], [ 14.814504677586459, 55.047068726824151 ], [ 14.814316676568117, 55.047137574931035 ], [ 14.814206833610696, 55.047167370131753 ], [ 14.814123919344588, 55.047206389576885 ], [ 14.813952909519779, 55.04733464866672 ], [ 14.813753299756879, 55.047466465470428 ], [ 14.81347091063421, 55.04761904662832 ], [ 14.813284393264814, 55.047699750058229 ], [ 14.813099828367653, 55.047742108627155 ], [ 14.812902626165148, 55.047771631832084 ], [ 14.812716578577122, 55.047799368990958 ], [ 14.81260341275139, 55.047847425583711 ], [ 14.812502968760649, 55.047891856827299 ], [ 14.812427751758003, 55.047963796986572 ], [ 14.812328543887409, 55.04805299156569 ], [ 14.812250279142569, 55.048107523014025 ], [ 14.812164241474202, 55.048138237434948 ], [ 14.812086167499402, 55.048164411227937 ], [ 14.811958480983391, 55.04823502044848 ], [ 14.811900686809683, 55.048301273401812 ], [ 14.811759208228176, 55.048490086702763 ], [ 14.811627251198081, 55.04867710239261 ], [ 14.811537209610796, 55.048796924288922 ], [ 14.811442704156974, 55.048885811788097 ], [ 14.811131430965723, 55.04905782015534 ], [ 14.810781801099921, 55.049257015185589 ], [ 14.810574313989523, 55.04936744483782 ], [ 14.810231147401225, 55.049556660109609 ], [ 14.809553244236268, 55.049873909090778 ], [ 14.809297768001469, 55.050003432455931 ], [ 14.808904923677018, 55.050209650918561 ], [ 14.808424234994719, 55.050445882857559 ], [ 14.807903862329992, 55.050520313944105 ], [ 14.807609728320591, 55.050548679283644 ], [ 14.807363654851748, 55.050634177003843 ], [ 14.807257720006037, 55.050694440394459 ], [ 14.807132926570073, 55.050745451627023 ], [ 14.807043498619318, 55.050773614725891 ], [ 14.806906744952405, 55.050787829474999 ], [ 14.80680919235639, 55.050825158482397 ], [ 14.806717814255029, 55.050870780134495 ], [ 14.806596421680258, 55.050910771233895 ], [ 14.80647227447986, 55.050929630546882 ], [ 14.805951958696623, 55.050996740387049 ], [ 14.805786544491559, 55.051014548800929 ], [ 14.805692417274887, 55.051039946944726 ], [ 14.805521293380801, 55.051105488380543 ], [ 14.805268582014875, 55.051224166681536 ], [ 14.80501570705707, 55.051296139251562 ], [ 14.804880589712194, 55.051312244869564 ], [ 14.804732838075715, 55.051308933611963 ], [ 14.804589903607093, 55.051297325662318 ], [ 14.804466037685328, 55.051276541246985 ], [ 14.804391355269038, 55.051282724473808 ], [ 14.804349924538597, 55.051310254910064 ], [ 14.804325751726571, 55.051407105764561 ], [ 14.804282569187739, 55.051484475723612 ], [ 14.804200205282299, 55.051546210407814 ], [ 14.804109655587098, 55.051592492528719 ], [ 14.804015905935726, 55.051624181863723 ], [ 14.803923731818466, 55.051646739442191 ], [ 14.803815648172581, 55.051654645977621 ], [ 14.803694800487529, 55.051655204887773 ], [ 14.803588283403901, 55.051654889204734 ], [ 14.803551734146071, 55.051671221061198 ], [ 14.803502596381016, 55.051737712675347 ], [ 14.803445459438048, 55.051802354280937 ], [ 14.803412187850514, 55.051853377237435 ], [ 14.803221608883963, 55.051977892571777 ], [ 14.803030967528944, 55.052055841661712 ], [ 14.802895632328479, 55.052123853653832 ], [ 14.802716442979028, 55.052186067663811 ], [ 14.802578973570531, 55.052229325995569 ], [ 14.802431907101417, 55.052273448193951 ], [ 14.802283058993217, 55.052329394394263 ], [ 14.802157996519819, 55.052386300577304 ], [ 14.801879435161565, 55.052491857762789 ], [ 14.801666922039685, 55.052551270381571 ], [ 14.801431776402607, 55.052631515723114 ], [ 14.801236962689055, 55.05268096200551 ], [ 14.800825308370664, 55.052768006330666 ], [ 14.800531334078888, 55.052848100432072 ], [ 14.800361977251084, 55.052898578896617 ], [ 14.80019455087492, 55.052961180936911 ], [ 14.800019224151949, 55.053016454406794 ], [ 14.79985680982737, 55.053049829033434 ], [ 14.799708855453467, 55.053068621782074 ], [ 14.799508475723512, 55.05308544587939 ], [ 14.79911997980437, 55.053161168771112 ], [ 14.798475014892567, 55.0532992799602 ], [ 14.798218775310845, 55.05333696477993 ], [ 14.797951415943235, 55.053374640230459 ], [ 14.797637782390025, 55.053428659584903 ], [ 14.797520035718067, 55.053442963531829 ], [ 14.797094927027672, 55.053519510786458 ], [ 14.796770089567152, 55.053581715019199 ], [ 14.796528128732156, 55.053617642783117 ], [ 14.795940872537663, 55.053695602912036 ], [ 14.795520712254111, 55.053746602785026 ], [ 14.795022508928595, 55.053812022983202 ], [ 14.79454347910537, 55.053865623769084 ], [ 14.794150397748624, 55.053904829066191 ], [ 14.793668441425227, 55.053926446047889 ], [ 14.79314824818872, 55.053950732797674 ], [ 14.792923990242814, 55.053954750312158 ], [ 14.793048657415627, 55.054050118958195 ], [ 14.792065130259429, 55.054118089263241 ], [ 14.790897302353372, 55.054146360911304 ], [ 14.79017043620208, 55.054127303359152 ], [ 14.790099525154563, 55.053912319915653 ], [ 14.789880315300756, 55.053877984480778 ], [ 14.789619769268571, 55.053845377844894 ], [ 14.789500561336618, 55.053834123270704 ], [ 14.788694339982584, 55.053795680396036 ], [ 14.788344670764346, 55.053763775725827 ], [ 14.787691279885431, 55.053725642732616 ], [ 14.787395756642036, 55.053691116770985 ], [ 14.78665259742748, 55.053578670293597 ], [ 14.786320730302503, 55.053530292085412 ], [ 14.786104762012876, 55.053501412741483 ], [ 14.785666394019275, 55.053450027052847 ], [ 14.785434723729466, 55.053404628974938 ], [ 14.784919133247755, 55.05329907426006 ], [ 14.78473970344219, 55.053277560834779 ], [ 14.784504794706981, 55.053239463154227 ], [ 14.784333206471533, 55.053228035881361 ], [ 14.784077652482493, 55.053191713712316 ], [ 14.783766311761296, 55.053169851925077 ], [ 14.783493268391362, 55.053136198603895 ], [ 14.783026803233573, 55.053055391209035 ], [ 14.78259100953032, 55.052982266657047 ], [ 14.782208534329698, 55.052925639511578 ], [ 14.781755787952871, 55.052875042103317 ], [ 14.781696049638899, 55.053025848335253 ], [ 14.781671438868401, 55.05308794772769 ], [ 14.781705503945453, 55.053264135733045 ], [ 14.781798763575566, 55.053270566802013 ], [ 14.781859710662683, 55.053583225318995 ], [ 14.781794974603947, 55.053735367981751 ], [ 14.781833583059392, 55.05391639872537 ], [ 14.782160384650954, 55.053965730259627 ], [ 14.782183559695492, 55.053969228553363 ], [ 14.782490740532142, 55.054015599983707 ], [ 14.782508320477874, 55.054018253791554 ], [ 14.782819940041705, 55.054063754382149 ], [ 14.783068669450046, 55.054100071520807 ], [ 14.783614755614407, 55.054178452505504 ], [ 14.784429027346782, 55.054295314781932 ], [ 14.784536409421539, 55.054310849440689 ], [ 14.784941864165898, 55.054369504448147 ], [ 14.784961675045418, 55.054476532388598 ], [ 14.785500208042157, 55.054579814168612 ], [ 14.785539963062883, 55.054584490347722 ], [ 14.786111220564992, 55.054693690074764 ], [ 14.786154253374244, 55.054893773700556 ], [ 14.78622748578819, 55.055236236569279 ], [ 14.785675465268106, 55.055241627280168 ], [ 14.785129516992804, 55.055247041056433 ], [ 14.784747968883421, 55.055250988927384 ], [ 14.784371627485138, 55.055255047488458 ], [ 14.784000178780717, 55.055259105724971 ], [ 14.783622229075938, 55.055263103577019 ], [ 14.783245978182547, 55.055266920259392 ], [ 14.783257260054201, 55.055313049938718 ], [ 14.783381205793056, 55.055820042656919 ], [ 14.783421715463195, 55.055985741799702 ], [ 14.783762114899229, 55.056042687893104 ], [ 14.784438928236831, 55.056133451568385 ], [ 14.785324210113245, 55.056252190229131 ], [ 14.786010119006084, 55.056347287654603 ], [ 14.786010382974792, 55.056347324251583 ], [ 14.786089279382269, 55.056358371018042 ], [ 14.786627044034056, 55.056406618597244 ], [ 14.786658209020848, 55.056399929188977 ], [ 14.786664462571377, 55.056410523655146 ], [ 14.786964191952265, 55.056437568509033 ], [ 14.787691313727745, 55.056548807814835 ], [ 14.788394387316892, 55.056602009368682 ], [ 14.788766004744748, 55.056628207359097 ], [ 14.789275652805195, 55.056664134207708 ], [ 14.790013287986335, 55.056728699819367 ], [ 14.790178596839601, 55.056743168746387 ], [ 14.790485035292795, 55.056744921685492 ], [ 14.790754496012216, 55.056649548905327 ], [ 14.790899551917839, 55.056747610806738 ], [ 14.791778513110245, 55.056753383516302 ], [ 14.792623112898069, 55.056724286008929 ], [ 14.793541371013646, 55.056736200046316 ], [ 14.794275538146577, 55.05665334453326 ], [ 14.795103022131491, 55.056605935085472 ], [ 14.795927022564289, 55.056483544441335 ], [ 14.796769981978787, 55.056387141159853 ], [ 14.797676108622918, 55.056278639655993 ], [ 14.79773755883833, 55.05626038645881 ], [ 14.798181472631804, 55.056128524727782 ], [ 14.798929669107761, 55.056044673027465 ], [ 14.799488911212956, 55.055898891449552 ], [ 14.800190559079427, 55.055829112468402 ], [ 14.800039370103159, 55.055517757193044 ], [ 14.801097435117979, 55.055364652459012 ], [ 14.801243533129492, 55.055624000693975 ], [ 14.801409528709986, 55.05558112518554 ], [ 14.801698469421979, 55.055506493051972 ], [ 14.802484691183089, 55.055337358547455 ], [ 14.803339034754117, 55.055143625390933 ], [ 14.803982000064291, 55.054887591005659 ], [ 14.804586275431843, 55.05470559328851 ], [ 14.805341393849716, 55.054435598087153 ], [ 14.80589538272346, 55.054172601869112 ], [ 14.806378408866957, 55.053999591912174 ], [ 14.806927143137068, 55.053738399492545 ], [ 14.807755791458462, 55.05355522585252 ], [ 14.808094746798956, 55.053525926791551 ], [ 14.808172234577395, 55.053519228664406 ], [ 14.808537820135266, 55.053487626360734 ], [ 14.809854968410232, 55.053102986520969 ], [ 14.8106024194767, 55.052948292998316 ], [ 14.810602419476686, 55.052948292998273 ], [ 14.810715488198113, 55.052924891638177 ], [ 14.811319853015034, 55.052732357770886 ], [ 14.811808175215956, 55.052630910219698 ], [ 14.81224616329721, 55.052332478609259 ], [ 14.812790288218089, 55.052098882036951 ], [ 14.812991506948295, 55.051824771177138 ], [ 14.813324259403675, 55.051597634114707 ], [ 14.813885994403188, 55.051274623281053 ], [ 14.814454008379961, 55.050960671183731 ], [ 14.814856939082052, 55.050755697255163 ], [ 14.814993133227379, 55.050606791159673 ], [ 14.815106450818197, 55.050482895925747 ], [ 14.815193499482863, 55.0504256309071 ], [ 14.81544745997128, 55.050258561583298 ], [ 14.815424452393925, 55.050039295316232 ], [ 14.815710067399092, 55.050031655420767 ], [ 14.815733287799251, 55.050008243568314 ], [ 14.816223928153686, 55.049879793893027 ], [ 14.816904709054148, 55.049550980244994 ], [ 14.81750618287078, 55.049138272819739 ], [ 14.818362584684152, 55.048965962515716 ], [ 14.819092344196401, 55.048770435008571 ], [ 14.819487845694454, 55.048669129443873 ], [ 14.819844375793751, 55.048577804670337 ], [ 14.820399473655119, 55.048429077915806 ], [ 14.821197746527435, 55.04807796591993 ], [ 14.821774945014146, 55.047833502929862 ], [ 14.822546225365839, 55.04754022074674 ], [ 14.82311345052463, 55.047278836927923 ], [ 14.823606468472954, 55.047125610545017 ], [ 14.82369460694529, 55.047098217421613 ], [ 14.824165875008996, 55.046862859915002 ], [ 14.824883011442658, 55.046657206886607 ], [ 14.825559197445068, 55.04644472929796 ], [ 14.826315402807989, 55.046152397623104 ], [ 14.827003438162357, 55.045976486573373 ], [ 14.827719537343745, 55.045695362345405 ], [ 14.828273024592971, 55.045515633947986 ], [ 14.828409513288333, 55.045471312709495 ], [ 14.829095502756127, 55.045277302583294 ], [ 14.829772507764828, 55.045046215910922 ], [ 14.830497538964623, 55.044737115645532 ], [ 14.831101758463445, 55.044460914691228 ], [ 14.83137653064116, 55.04460620547956 ], [ 14.832230269933994, 55.044819685571191 ], [ 14.832957906282312, 55.045063187179281 ], [ 14.833816442897213, 55.045190101185511 ], [ 14.834708039661583, 55.045312421494557 ], [ 14.835243732483734, 55.045383092511337 ], [ 14.835963278843062, 55.04546562333605 ], [ 14.836679990853323, 55.045507216960836 ], [ 14.837299891780965, 55.045543237455725 ], [ 14.838234741090444, 55.045544429207375 ], [ 14.839093438835853, 55.045515537398686 ], [ 14.839106401665408, 55.045515966510784 ], [ 14.839517900975766, 55.045529587759731 ], [ 14.839553675280676, 55.045516027594573 ], [ 14.839521806634805, 55.045491688289687 ], [ 14.839675764454046, 55.04545685634676 ], [ 14.839670848598997, 55.045431345799443 ], [ 14.840208765982606, 55.045282965041913 ], [ 14.840664712509238, 55.04545477714624 ], [ 14.840721769168255, 55.045445989684787 ], [ 14.841805745774552, 55.045278910461732 ], [ 14.842368331876033, 55.045392988802476 ], [ 14.843423208443733, 55.045386082722978 ], [ 14.844294837459694, 55.045098581495445 ], [ 14.844919678041489, 55.044978788224846 ], [ 14.845395580832713, 55.044865197147345 ], [ 14.845760544040139, 55.044778084058315 ], [ 14.846628802910969, 55.044593437657134 ], [ 14.847090548302573, 55.044487150105013 ], [ 14.847374060746308, 55.044421888235505 ], [ 14.848109699845402, 55.044193487480158 ], [ 14.848245836351317, 55.044147165911632 ], [ 14.848396055552808, 55.044096052293582 ], [ 14.848468080838336, 55.044071544844151 ], [ 14.848862471763466, 55.04393734743244 ], [ 14.849278053879029, 55.043802262364309 ], [ 14.849682147005732, 55.0436709095951 ], [ 14.849960698310305, 55.043556532661327 ], [ 14.849960751740692, 55.043556510542913 ], [ 14.850232215668079, 55.043444132701488 ], [ 14.850893192750725, 55.04317272619361 ], [ 14.851750289762021, 55.043218460526766 ], [ 14.852025217277468, 55.043234358451606 ], [ 14.852218867469048, 55.043183317468312 ], [ 14.852507759748159, 55.043110009463604 ], [ 14.852679284509618, 55.043076005495926 ], [ 14.853073104455007, 55.042983293000916 ], [ 14.853614751981322, 55.042888578049087 ], [ 14.853845228991545, 55.042884614349816 ], [ 14.854005668465248, 55.042860686074022 ], [ 14.854189847269781, 55.042805714460236 ], [ 14.854348659124419, 55.042769917825694 ], [ 14.854518294888384, 55.042669356180845 ], [ 14.854665985350945, 55.042630845867322 ], [ 14.854831188866431, 55.042605093092639 ], [ 14.855166628492986, 55.042611968829448 ], [ 14.855260368491225, 55.04259999946531 ], [ 14.855403313733852, 55.042574275865221 ], [ 14.855642751089366, 55.042442606560975 ], [ 14.856526753266403, 55.042198952016797 ], [ 14.857074740748301, 55.042070884495224 ], [ 14.857406884574321, 55.042067803110939 ], [ 14.858075970708425, 55.041899773096155 ], [ 14.858658015144959, 55.041804668667794 ], [ 14.859053091082009, 55.041736650572886 ], [ 14.858966043662358, 55.041586630839149 ], [ 14.859594112172784, 55.04146852994711 ], [ 14.860526210866924, 55.041473442951705 ], [ 14.860555246003997, 55.041558420452404 ], [ 14.861127342163307, 55.04136637606598 ], [ 14.861757306302923, 55.041175250828012 ], [ 14.861760773073771, 55.041174121139356 ], [ 14.86176638862095, 55.041172291246042 ], [ 14.862557542586231, 55.041127119999778 ], [ 14.863426554335575, 55.040944014193883 ], [ 14.863863682243235, 55.040886947281415 ], [ 14.86452569869229, 55.04068286045905 ], [ 14.865220703787841, 55.040527823805519 ], [ 14.865910883328365, 55.040319702660952 ], [ 14.866652850841296, 55.040052563279183 ], [ 14.867217862717501, 55.039862568920263 ], [ 14.867852942695565, 55.039653436941073 ], [ 14.868134359048106, 55.039570756377898 ], [ 14.868561070314925, 55.039445386076984 ], [ 14.869283175328633, 55.039130270081145 ], [ 14.869943179470187, 55.038786221970788 ], [ 14.870791292135564, 55.038579071956576 ], [ 14.871676280920299, 55.03845095695614 ], [ 14.872617466156898, 55.038245860673236 ], [ 14.872844853314131, 55.03822645465101 ], [ 14.873310488424332, 55.038186714327267 ], [ 14.874017612066265, 55.038011682642129 ], [ 14.874481657335101, 55.0378016133009 ], [ 14.875214742857256, 55.037582482210851 ], [ 14.876460798009658, 55.037305331715061 ], [ 14.876971900369963, 55.037092297476782 ], [ 14.877471921344162, 55.036763203694541 ], [ 14.878220962983571, 55.036466082068486 ], [ 14.878401361059701, 55.036326294566102 ], [ 14.878611929532408, 55.036163126995866 ], [ 14.878804025470169, 55.036153070308508 ], [ 14.879651090018779, 55.036070972289046 ], [ 14.880499231085606, 55.035995793177989 ], [ 14.881165293647244, 55.035907757319215 ], [ 14.881670025914813, 55.035786297004002 ], [ 14.881851375244157, 55.035742655864382 ], [ 14.882676370154302, 55.035534523670776 ], [ 14.88345444742958, 55.035320459760314 ], [ 14.884280668005335, 55.035137293401831 ], [ 14.885166714405001, 55.035011159020407 ], [ 14.885914062584201, 55.034840891559881 ], [ 14.886677167058792, 55.034561794466768 ], [ 14.887296984067317, 55.034359360334946 ], [ 14.887443242881817, 55.034311591011829 ], [ 14.888374486329067, 55.033939416521513 ], [ 14.888990695282237, 55.033779222345586 ], [ 14.889659704764103, 55.033493033024882 ], [ 14.890208719161038, 55.033193958980476 ], [ 14.890890867770734, 55.032890883313613 ], [ 14.891436900193636, 55.03265375225368 ], [ 14.891900521349994, 55.032421467936949 ], [ 14.89246838989853, 55.032185384593426 ], [ 14.892695708130752, 55.032090878749678 ], [ 14.893283471932484, 55.031715688075217 ], [ 14.893553174422903, 55.031568784274164 ], [ 14.893935912156149, 55.031360308687212 ], [ 14.894083705315598, 55.031294275676984 ], [ 14.894874887393467, 55.030927525746613 ], [ 14.894917564488503, 55.030907742585235 ], [ 14.894948013081535, 55.030893627980831 ], [ 14.895294735130678, 55.030719434357913 ], [ 14.895798472520626, 55.030410262716778 ], [ 14.896278129295217, 55.030120030964227 ], [ 14.896844976319652, 55.02972997525314 ], [ 14.897150011317853, 55.029501886008347 ], [ 14.897389508058772, 55.029440626900438 ], [ 14.898132842157043, 55.029122153540762 ], [ 14.898635779276365, 55.028944152218351 ], [ 14.899231691856228, 55.028647983817166 ], [ 14.899722709608604, 55.02843844085676 ], [ 14.8999114167126, 55.028357908575842 ], [ 14.900200474048633, 55.028219464204973 ], [ 14.900284969386954, 55.027974140654237 ], [ 14.900423997950252, 55.027987111508757 ], [ 14.900435289329577, 55.02795643869122 ], [ 14.900645954211262, 55.027979923723059 ], [ 14.900922148928426, 55.027801680479854 ], [ 14.901104580189193, 55.027740854845156 ], [ 14.901585147416455, 55.027580623532998 ], [ 14.902124873521275, 55.027248578498259 ], [ 14.902487742123016, 55.026913398143961 ], [ 14.903236546791385, 55.026688371755455 ], [ 14.904035398866585, 55.026226208621985 ], [ 14.904734430429871, 55.025868210198375 ], [ 14.905050058907825, 55.025791551849125 ], [ 14.906090341464635, 55.02584421531283 ], [ 14.906738099778794, 55.025932957556286 ], [ 14.907114706076475, 55.02586784560566 ], [ 14.907247296933569, 55.025844921475596 ], [ 14.907779479693472, 55.02584584642144 ], [ 14.908356886520782, 55.02565479405888 ], [ 14.90921837491241, 55.025477626858745 ], [ 14.909824024251417, 55.025448393073283 ], [ 14.910026802097818, 55.025438604607686 ], [ 14.910836186583964, 55.025271508989377 ], [ 14.911853765256843, 55.02511741507977 ], [ 14.912693327655944, 55.024892981582639 ], [ 14.91316594807104, 55.024692555126641 ], [ 14.913713251872176, 55.024570303647018 ], [ 14.913915534361015, 55.02442669272115 ], [ 14.914049495509358, 55.024331589675299 ], [ 14.914734406862825, 55.024193701178817 ], [ 14.913475034536322, 55.023920780804495 ], [ 14.913235588586739, 55.023876673620457 ], [ 14.912981766277621, 55.023834005132287 ], [ 14.912535568668742, 55.023770951173304 ], [ 14.912254223421971, 55.023745531107537 ], [ 14.911994774169036, 55.02373170112898 ], [ 14.911790050594631, 55.023728293232985 ], [ 14.911292578576269, 55.023739073138422 ], [ 14.910548479044872, 55.023757054005614 ], [ 14.910236167455723, 55.023766215056369 ], [ 14.909876947801683, 55.023776823824051 ], [ 14.909517870272806, 55.023787334565192 ], [ 14.909158495543265, 55.023797849712466 ], [ 14.908799586541951, 55.023808548162563 ], [ 14.908762820303201, 55.023553739039563 ], [ 14.90875515641741, 55.023500014057497 ], [ 14.908712137541473, 55.023206130923192 ], [ 14.908939680696159, 55.023155549171179 ], [ 14.908931862245192, 55.023074237866254 ], [ 14.90891276765676, 55.022910271235993 ], [ 14.909102463999259, 55.022856815567835 ], [ 14.909327036669914, 55.022832198053962 ], [ 14.909618220546225, 55.022815840032521 ], [ 14.909821828697924, 55.022809816786896 ], [ 14.910001516330622, 55.022808199906656 ], [ 14.910138974947412, 55.022739201315169 ], [ 14.910072818368647, 55.022584577434337 ], [ 14.910465656136703, 55.022554125586552 ], [ 14.910600777039255, 55.022687085382302 ], [ 14.91082456681889, 55.02265887502444 ], [ 14.910791553389542, 55.022552773304596 ], [ 14.911109634470352, 55.022420700827766 ], [ 14.911255699591493, 55.022406505215265 ], [ 14.911579075700184, 55.02230011972258 ], [ 14.91172681430038, 55.022423001236717 ], [ 14.911805073119076, 55.022394365445933 ], [ 14.912066989017303, 55.022227071890327 ], [ 14.912258534036779, 55.022061299693085 ], [ 14.912588008099343, 55.021941172741954 ], [ 14.912739715995027, 55.022011876731959 ], [ 14.913099695036102, 55.021979146868013 ], [ 14.9131625200025, 55.022164928835771 ], [ 14.913173471723637, 55.022197273502897 ], [ 14.913279058519159, 55.022509487084868 ], [ 14.913843920203393, 55.022296051882847 ], [ 14.914168506380006, 55.022168101286347 ], [ 14.914408384871855, 55.022083362488395 ], [ 14.914380774599051, 55.022001377934437 ], [ 14.914329204685538, 55.021850555108522 ], [ 14.914329214833414, 55.021850553733969 ], [ 14.914839147662519, 55.02178148113547 ], [ 14.914877262737029, 55.021894256434685 ], [ 14.91473762408534, 55.021960837192367 ], [ 14.914767982593311, 55.022015282748661 ], [ 14.914797590820594, 55.022066982987873 ], [ 14.915078999592815, 55.021972213725135 ], [ 14.915146100409986, 55.022014963926935 ], [ 14.915258980848037, 55.021863907933579 ], [ 14.915434880724673, 55.021818020157646 ], [ 14.915473949598766, 55.021787080066886 ], [ 14.915480166099382, 55.021784701870111 ], [ 14.915554974107168, 55.021756083124764 ], [ 14.915558247774319, 55.021754250695068 ], [ 14.915825904475387, 55.021604429456865 ], [ 14.915661988832376, 55.021488679870565 ], [ 14.916102112160017, 55.021300926333687 ], [ 14.916138655138749, 55.021326593614042 ], [ 14.916619821082477, 55.021105760946597 ], [ 14.916619828795151, 55.021105757406779 ], [ 14.916820923336031, 55.021250193776751 ], [ 14.917269594628705, 55.020996288294562 ], [ 14.917791760998634, 55.020912164338398 ], [ 14.917645745597124, 55.020807814905169 ], [ 14.917645754272966, 55.020807810648471 ], [ 14.918052383501266, 55.020608300407531 ], [ 14.918220422434954, 55.020724889957485 ], [ 14.918371046472872, 55.020650008281351 ], [ 14.918464938806254, 55.020560978528522 ], [ 14.918295354970597, 55.020440404383478 ], [ 14.918709981933443, 55.020235726061401 ], [ 14.918977242160148, 55.020427472261588 ], [ 14.918640303942757, 55.020586892433585 ], [ 14.918680043059823, 55.020614563692874 ], [ 14.918595298627254, 55.020653648979739 ], [ 14.918308544223143, 55.020786022950325 ], [ 14.918236463991391, 55.020820258558153 ], [ 14.918295748075121, 55.020861849002642 ], [ 14.917947079387398, 55.021023153967128 ], [ 14.916805194732788, 55.021552802559405 ], [ 14.917558978204754, 55.023023845911815 ], [ 14.918146558276772, 55.022719009187597 ], [ 14.918901835425627, 55.022492512385902 ], [ 14.919654523899943, 55.02216326028045 ], [ 14.920586001965846, 55.021804280040882 ], [ 14.921108510675669, 55.021512354829063 ], [ 14.921818680746235, 55.021271768797874 ], [ 14.921910886514217, 55.021240531519609 ], [ 14.921980806367735, 55.021169568026437 ], [ 14.922549500676814, 55.021091659097031 ], [ 14.923025293476659, 55.021101697304275 ], [ 14.923573981761264, 55.021028811910206 ], [ 14.924757000266624, 55.020667027418895 ], [ 14.925650445010584, 55.02039418619286 ], [ 14.92612179437992, 55.019997797799547 ], [ 14.926138999253187, 55.019983328923949 ], [ 14.926674469736042, 55.019731429154028 ], [ 14.927184987425564, 55.019294519500605 ], [ 14.927861630931529, 55.019108620318683 ], [ 14.928674488737913, 55.018787774210885 ], [ 14.928876362106191, 55.018662783385082 ], [ 14.929229381313736, 55.018691772161951 ], [ 14.929676212231504, 55.018660786370098 ], [ 14.930054542350007, 55.018706390658693 ], [ 14.930116853633002, 55.018713901598446 ], [ 14.931001363896582, 55.018694026295222 ], [ 14.931377958977556, 55.01865707008384 ], [ 14.931878683081555, 55.018671093106455 ], [ 14.932302055699063, 55.018616634802171 ], [ 14.932476264400172, 55.01859422591631 ], [ 14.93332649746592, 55.018462338100548 ], [ 14.933831116557739, 55.01838350322064 ], [ 14.934282784571193, 55.018404535148413 ], [ 14.935027806276819, 55.018202448283859 ], [ 14.935498675245022, 55.018074721890905 ], [ 14.936548619598156, 55.017814987781364 ], [ 14.937376994935077, 55.017704100510592 ], [ 14.938072229126774, 55.017405261068362 ], [ 14.938814559300209, 55.017159389699216 ], [ 14.9394908503349, 55.016933556832214 ], [ 14.940294085432051, 55.016763640727589 ], [ 14.940916509606643, 55.016477821868989 ], [ 14.941637787122975, 55.016339902216863 ], [ 14.941787717472424, 55.016243947628851 ], [ 14.942301210421364, 55.016175040004526 ], [ 14.943122293826347, 55.015814255722837 ], [ 14.94336045945915, 55.015746322220863 ], [ 14.943619848964275, 55.015672334117383 ], [ 14.943997322763776, 55.015406399977586 ], [ 14.944255110217942, 55.015351458024554 ], [ 14.944764581196276, 55.01508154457747 ], [ 14.945366849171284, 55.014828758512934 ], [ 14.946062257717884, 55.014493606317139 ], [ 14.946904459806737, 55.014206574849652 ], [ 14.947709883056493, 55.01384647133974 ], [ 14.948180043780829, 55.013620380064836 ], [ 14.948938334047238, 55.013324287187025 ], [ 14.94899908572202, 55.01330490489844 ], [ 14.949709517783274, 55.013078244199392 ], [ 14.949757332113929, 55.013049663006541 ], [ 14.949300506790882, 55.012583495983364 ], [ 14.950309601167605, 55.012453629095639 ], [ 14.950195600082081, 55.012251332182558 ], [ 14.951379824957105, 55.012096728452391 ], [ 14.951550291365947, 55.012261059706489 ], [ 14.951837070850305, 55.012103443035826 ], [ 14.951983605880915, 55.012022905299176 ], [ 14.952616797127495, 55.011788927978621 ], [ 14.952620642741833, 55.011784588242591 ], [ 14.952724110676128, 55.011667825366601 ], [ 14.953298188470757, 55.011488784406708 ], [ 14.953649923936631, 55.01122022677567 ], [ 14.953742266663989, 55.011149720366191 ], [ 14.953858999726336, 55.011060590771834 ], [ 14.95426725745976, 55.010867481575254 ], [ 14.954493353898842, 55.010760534778314 ], [ 14.954829127891115, 55.010558631168955 ], [ 14.954877708381144, 55.01052941908965 ], [ 14.955309814075294, 55.010322363025132 ], [ 14.956090105112946, 55.01003031861277 ], [ 14.956063414363939, 55.009792920010874 ], [ 14.955996198317889, 55.009211079624734 ], [ 14.957042611727463, 55.00902768751569 ], [ 14.957029623202951, 55.008919828539263 ], [ 14.956949809107318, 55.008211554706754 ], [ 14.956893012896872, 55.007728372460768 ], [ 14.9577929509881, 55.007582896798745 ], [ 14.958414263802803, 55.007488974266167 ], [ 14.959051872421062, 55.00739257297257 ], [ 14.95914326247768, 55.00738068970886 ], [ 14.959914822511031, 55.007263484145241 ], [ 14.960574806414819, 55.00716464229928 ], [ 14.961175784402299, 55.007095518335341 ], [ 14.961222720408799, 55.007090077577629 ], [ 14.961842542186877, 55.007007176212475 ], [ 14.961985908631977, 55.007463070637961 ], [ 14.962069437934142, 55.007702922740506 ], [ 14.962473637137759, 55.007554967072252 ], [ 14.962746454876472, 55.007383454544382 ], [ 14.963123441611627, 55.007349751534477 ], [ 14.96350640273989, 55.007315513157138 ], [ 14.964275324284671, 55.007056437662307 ], [ 14.964771193175462, 55.007034484001068 ], [ 14.965205958835059, 55.007076131627862 ], [ 14.965712742015766, 55.007124675957833 ], [ 14.966618655551978, 55.007020740361696 ], [ 14.967310063353924, 55.006958615876073 ], [ 14.967341335052723, 55.006955805949211 ], [ 14.969016224885314, 55.007077905618544 ], [ 14.968834673101114, 55.006435369794026 ], [ 14.968750002435529, 55.00624792237123 ], [ 14.968705781729176, 55.006149218141111 ], [ 14.968696967204288, 55.006058008213216 ], [ 14.968713632027439, 55.005985044957349 ], [ 14.968530072058876, 55.005346092042878 ], [ 14.968477432669838, 55.00516281174518 ], [ 14.968351241099239, 55.004723589186483 ], [ 14.968351253115896, 55.004723587807518 ], [ 14.968429552282167, 55.004714602315062 ], [ 14.968734781240466, 55.00469276984893 ], [ 14.968801190556725, 55.004691618899514 ], [ 14.969024642401042, 55.004687745956112 ], [ 14.969029638710643, 55.004687743062945 ], [ 14.969462257660391, 55.004666644924654 ], [ 14.969725425322157, 55.004653809892872 ], [ 14.969742448815165, 55.004650846921777 ], [ 14.970278122308672, 55.004579624909226 ], [ 14.970503848185738, 55.004556688054414 ], [ 14.970995957768478, 55.004543426337719 ], [ 14.971059753815048, 55.004541706970123 ], [ 14.971346913400128, 55.004533967314238 ], [ 14.971368936193869, 55.004528921223518 ], [ 14.971393013464901, 55.004529986178852 ], [ 14.971628509599944, 55.004503239972628 ], [ 14.972299904781192, 55.004426984341173 ], [ 14.972329081997749, 55.004541463896892 ], [ 14.972422808312201, 55.004891457871672 ], [ 14.972625481185887, 55.005648307755351 ], [ 14.972673357531022, 55.005827139690524 ], [ 14.972724930268434, 55.006019726557426 ], [ 14.972774542523716, 55.006205045334433 ], [ 14.972823294279387, 55.00638711130383 ], [ 14.972907789121443, 55.006702762327656 ], [ 14.974759684168047, 55.006458687038354 ], [ 14.976242470061228, 55.006178685609527 ], [ 14.977124312503339, 55.005986688062713 ], [ 14.977688621678872, 55.005847100227641 ], [ 14.977591742960946, 55.005476313905248 ], [ 14.977527178276249, 55.005229151976081 ], [ 14.977463144296225, 55.004984070635437 ], [ 14.977396086713322, 55.004727434090569 ], [ 14.977331844768592, 55.004481471651339 ], [ 14.977254011016816, 55.004183573146214 ], [ 14.978369453372524, 55.004090185445953 ], [ 14.978514533072792, 55.00407677413687 ], [ 14.978470671355598, 55.003904534421551 ], [ 14.978443619705583, 55.00379832415603 ], [ 14.97838515162436, 55.00356872450719 ], [ 14.978792249643567, 55.003538662650485 ], [ 14.979194766332059, 55.003508937717747 ], [ 14.979216466231259, 55.00358725851676 ], [ 14.979299420818927, 55.003571210986962 ], [ 14.979232681803383, 55.003322329353914 ], [ 14.979222519151186, 55.003284467548035 ], [ 14.979191422122293, 55.003176035036866 ], [ 14.979872069301676, 55.00310552456942 ], [ 14.979950735694265, 55.003399968507345 ], [ 14.980015841061249, 55.003378944485362 ], [ 14.980354897314085, 55.003269454509692 ], [ 14.980469663005188, 55.003232221953766 ], [ 14.981029947706103, 55.003050450564487 ], [ 14.981111733367086, 55.003023916753754 ], [ 14.981131921498426, 55.003017367082712 ], [ 14.981830481082213, 55.002895635333914 ], [ 14.981940620372368, 55.002876441912186 ], [ 14.982441192790418, 55.002698133855766 ], [ 14.982481239456851, 55.002683868745464 ], [ 14.982597679655417, 55.002642391198563 ], [ 14.983049192555928, 55.00248309252742 ], [ 14.983510638014646, 55.002320286554465 ], [ 14.983516960479463, 55.002317395551437 ], [ 14.983866734037493, 55.002157457355878 ], [ 14.98463060625056, 55.001808159770384 ], [ 14.984666622575277, 55.001782754092609 ], [ 14.984707772700041, 55.001753727015185 ], [ 14.985198882828115, 55.001407296372292 ], [ 14.985284792723879, 55.001346694464253 ], [ 14.985420209674633, 55.001290598672888 ], [ 14.985422003828027, 55.001290461598032 ], [ 14.985468476690059, 55.001286911022966 ], [ 14.986136675368572, 55.00123585791961 ], [ 14.986142977336852, 55.001235553812201 ], [ 14.986843551213205, 55.001201744897458 ], [ 14.986847298832037, 55.001201661888494 ], [ 14.987464427460162, 55.001187991040467 ], [ 14.987449389241858, 55.001147003290725 ], [ 14.987355077119297, 55.000890312347877 ], [ 14.98783771198136, 55.000884419093353 ], [ 14.98843261498398, 55.000945788364085 ], [ 14.988795865278663, 55.000914501746102 ], [ 14.989211348898079, 55.000878706859211 ], [ 14.989750615937464, 55.000828061570445 ], [ 14.989924036488231, 55.000685433395518 ], [ 14.990606486875144, 55.000527754406477 ], [ 14.990962334249243, 55.000448046773066 ], [ 14.991012657086738, 55.000571102714424 ], [ 14.99110414142203, 55.000849052991761 ], [ 14.991454947094367, 55.000837307353919 ], [ 14.991458462151011, 55.000837176239756 ], [ 14.991863179479791, 55.000822079300157 ], [ 14.991864242037273, 55.00082203966236 ], [ 14.991985022272527, 55.0008859149115 ], [ 14.991985168000616, 55.000885991980354 ], [ 14.992439288899408, 55.000892659830974 ], [ 14.992440458878853, 55.000892677007585 ], [ 14.993352603169397, 55.000839973511631 ], [ 14.993353024680225, 55.000839949155171 ], [ 14.993454115280642, 55.000816008413445 ], [ 14.993393394672571, 55.000661613413605 ], [ 14.993950851320479, 55.000564953217179 ], [ 14.993950860888205, 55.000564951558189 ], [ 14.994549074166898, 55.000455180085936 ], [ 14.994476586554569, 55.000308209947598 ], [ 14.994448858337865, 55.000255416713806 ], [ 14.995184326314307, 55.000102384486283 ], [ 14.99518433938599, 55.000102381766382 ], [ 14.995262825505202, 55.000248289603697 ], [ 14.995908667314652, 55.000192354902538 ], [ 14.995911765213526, 55.000354217549081 ], [ 14.995913262128582, 55.000469909003698 ], [ 14.995943400990452, 55.000558362169123 ], [ 14.996047433055978, 55.000865499180648 ], [ 14.996243884481116, 55.001445477324815 ], [ 14.996261267189819, 55.001476534562237 ], [ 14.996440908159085, 55.001934438780111 ], [ 14.996480885182802, 55.00202717705114 ], [ 14.996834168129539, 55.001984637422701 ], [ 14.996929222798316, 55.001973191477404 ], [ 14.996954346085031, 55.001960217312124 ], [ 14.996987343786522, 55.001956109105585 ], [ 14.997058377107313, 55.001919084704056 ], [ 14.997107351002866, 55.001916022858488 ], [ 14.99763680683319, 55.001802524950591 ], [ 14.997737474054667, 55.001761565305046 ], [ 14.997951992272597, 55.001674281231523 ], [ 14.997960136959314, 55.001672293678389 ], [ 14.99796808963629, 55.001667245466876 ], [ 14.998184542098889, 55.001000765023647 ], [ 14.999024602042715, 55.001120386302894 ], [ 14.998964726893314, 55.001299464649257 ], [ 14.999144949853314, 55.001292194109404 ], [ 14.999292998744338, 55.001302370460969 ], [ 14.999804701010708, 55.001258662305162 ], [ 15.00031556442563, 55.001303992156174 ], [ 15.001020392662447, 55.001259273222566 ], [ 15.00115343554643, 55.001229395644053 ], [ 15.002097274441564, 55.001225859853577 ], [ 15.002298802651065, 55.001194210914967 ], [ 15.00288231262701, 55.001102571613217 ], [ 15.004706899743933, 55.000816002538528 ], [ 15.004703599574933, 55.000704856562635 ], [ 15.004683946963306, 55.0003286131709 ], [ 15.004661803316678, 54.999888829902623 ], [ 15.00464330762204, 54.999444121147796 ], [ 15.004623704749962, 54.999043431002193 ], [ 15.004859744554278, 54.999016154361065 ], [ 15.005288628762587, 54.999029833685007 ], [ 15.005292417010869, 54.998993461217097 ], [ 15.005335546359863, 54.998580110764586 ], [ 15.00626805922381, 54.998615717616453 ], [ 15.006221834486901, 54.999059545596872 ], [ 15.00667160827558, 54.999074237842763 ], [ 15.007468173503558, 54.999100968737416 ], [ 15.008202692261477, 54.999125538529029 ], [ 15.008265353417233, 54.999574046128927 ], [ 15.008329305287459, 55.000032087446044 ], [ 15.008334777992543, 55.000103141565361 ], [ 15.008400635678747, 55.000588494948055 ], [ 15.008446822979508, 55.000937305335647 ], [ 15.008893071852487, 55.00095628731016 ], [ 15.009715083781034, 55.000814314718632 ], [ 15.009870829930227, 55.000761398146693 ], [ 15.009896959904014, 55.000752520150442 ], [ 15.010018272559538, 55.000711274687092 ], [ 15.010045582162427, 55.00070198958317 ], [ 15.01031814447501, 55.000609300321514 ], [ 15.010984086701644, 55.00048425788281 ], [ 15.011455222168109, 55.000220134496445 ], [ 15.011440268066654, 55.000106495939036 ], [ 15.011387194583717, 54.999683092486812 ], [ 15.011335858599232, 54.999267814049617 ], [ 15.011287134953653, 54.998873276125295 ], [ 15.011239833914468, 54.998490507228041 ], [ 15.011202485853918, 54.998197027397048 ], [ 15.012535208790991, 54.997933497058796 ], [ 15.01255843626037, 54.997928914690938 ], [ 15.012595045845378, 54.997931267518588 ], [ 15.01321183232837, 54.997971045329599 ], [ 15.013660385939572, 54.997999988332772 ], [ 15.015436037104209, 54.998159071461913 ], [ 15.016230798758674, 54.99876935048178 ], [ 15.017185405075939, 54.998791018983447 ], [ 15.017303757411685, 54.998793697681961 ], [ 15.017209435528118, 54.998053726726766 ], [ 15.017703416101494, 54.998032330226202 ], [ 15.017715127330137, 54.998123017415786 ], [ 15.018378674455034, 54.998143719266551 ], [ 15.018383968843347, 54.998190840678149 ], [ 15.018393032985394, 54.998271513521161 ], [ 15.018486136287891, 54.998273247695096 ], [ 15.019085142715056, 54.998284347004493 ], [ 15.019726555218588, 54.998296236702537 ], [ 15.020350972764314, 54.998307796566863 ], [ 15.020398842374851, 54.998308678487852 ], [ 15.020604506367215, 54.998312491845418 ], [ 15.021134263813513, 54.998240991561069 ], [ 15.021564651360636, 54.998187904145126 ], [ 15.021969277485368, 54.998137992838551 ], [ 15.022781295467791, 54.997879973412367 ], [ 15.02359726897906, 54.997983946136848 ], [ 15.024505217453804, 54.997920999626281 ], [ 15.025382786059602, 54.997919980777489 ], [ 15.025419291859151, 54.997919938256949 ], [ 15.026189258889296, 54.99780691683759 ], [ 15.026730305679894, 54.997695934998717 ], [ 15.027328342674194, 54.997902877939268 ], [ 15.02807143306595, 54.998025948701944 ], [ 15.029342455856625, 54.998132887018798 ], [ 15.029702309805788, 54.998158777194838 ], [ 15.0298463891545, 54.998150156266547 ], [ 15.029892986549731, 54.99814737022718 ], [ 15.030514239368012, 54.998110199570206 ], [ 15.03113019656525, 54.998073334177668 ], [ 15.031772820722406, 54.9980361291178 ], [ 15.03239505712229, 54.997999475987278 ], [ 15.032991522019499, 54.997964336319349 ], [ 15.033022203138163, 54.998070519374814 ], [ 15.033628331800726, 54.998026954450943 ], [ 15.034249296160992, 54.997979991889501 ], [ 15.034872070892817, 54.997932890953237 ], [ 15.035352052676494, 54.997896578683026 ], [ 15.035381464204665, 54.997949800991002 ], [ 15.036241606419347, 54.997833774988138 ], [ 15.036329232427379, 54.997823163086665 ], [ 15.036334448264697, 54.997822529583686 ], [ 15.037032693665981, 54.997737720200696 ], [ 15.038023735617902, 54.997584755621816 ], [ 15.038440272136688, 54.997536626810273 ], [ 15.038593576286356, 54.997518912859356 ], [ 15.038759686313867, 54.997499718983391 ], [ 15.039709796761365, 54.997609713600269 ], [ 15.040252748599389, 54.997580265236984 ], [ 15.040047299876951, 54.997030746333692 ], [ 15.040654909445379, 54.996953722285014 ], [ 15.040700475158623, 54.996947949206564 ], [ 15.041311940558064, 54.996870441524315 ], [ 15.041924188062209, 54.996792837681568 ], [ 15.042537477874269, 54.996715097684579 ], [ 15.043142309999782, 54.996638406413005 ], [ 15.043758896258137, 54.996560225644181 ], [ 15.04436587387598, 54.996483250084999 ], [ 15.044403434815296, 54.996585321529459 ], [ 15.044698898234246, 54.996516587118862 ], [ 15.04560089703015, 54.996304559252927 ], [ 15.045611970183218, 54.996303355775446 ], [ 15.04607443700522, 54.996253091946897 ], [ 15.04639269692675, 54.996218500349578 ], [ 15.046870832518287, 54.996166530232486 ], [ 15.047860920551217, 54.996073486073648 ], [ 15.048718021932325, 54.995850438893704 ], [ 15.050046964443581, 54.995550435145539 ], [ 15.051362971874825, 54.995258337009027 ], [ 15.052472012278464, 54.994989307746749 ], [ 15.052594562445353, 54.994974301589224 ], [ 15.053068106562, 54.994916315279369 ], [ 15.053823076878242, 54.994799271226377 ], [ 15.054633147929577, 54.994631309172881 ], [ 15.05548709621322, 54.99450128812753 ], [ 15.055791099247307, 54.994441994338125 ], [ 15.056169178455857, 54.994368251186941 ], [ 15.056837215518874, 54.994203246562321 ], [ 15.05833321193448, 54.993973169600594 ], [ 15.059005182776193, 54.993826745755527 ], [ 15.059214239629435, 54.993781190867658 ], [ 15.059643066776447, 54.993656416944191 ], [ 15.059740284630418, 54.993628129585026 ], [ 15.060267617954242, 54.993514122193048 ], [ 15.06044817556468, 54.99347508568038 ], [ 15.061133238631996, 54.993317137478606 ], [ 15.061754333367638, 54.993141027428685 ], [ 15.062539337478904, 54.992936043264308 ], [ 15.063308481212706, 54.992795661848412 ], [ 15.063942329388547, 54.992679969748693 ], [ 15.06466536302519, 54.992419006778448 ], [ 15.065432369777023, 54.992285970404673 ], [ 15.066075126860548, 54.992063547534755 ], [ 15.066192395675488, 54.992022966626962 ], [ 15.067032348911274, 54.991962945189506 ], [ 15.067359462191696, 54.992528927343891 ], [ 15.067891590274179, 54.992953946620972 ], [ 15.068582628030354, 54.993274901281637 ], [ 15.069194664948251, 54.993644926076108 ], [ 15.069721740005706, 54.993803966668722 ], [ 15.070598912958825, 54.993882913034753 ], [ 15.071483448334451, 54.994044418477948 ], [ 15.071525295928417, 54.993832992579158 ], [ 15.071993128782738, 54.993743748490438 ], [ 15.07257928005478, 54.993635735393184 ], [ 15.072822663949662, 54.993590407544282 ], [ 15.073482353634921, 54.9934670095234 ], [ 15.073487061112216, 54.993443309668876 ], [ 15.073645783478009, 54.992665421002542 ], [ 15.074570378928424, 54.992742528994967 ], [ 15.074583417637651, 54.992685160384283 ], [ 15.07459636663909, 54.992628336497255 ], [ 15.0772780025777, 54.993162643740732 ], [ 15.077264139143587, 54.993193384688155 ], [ 15.077993519513821, 54.993332855247282 ], [ 15.078224240198333, 54.992808209836952 ], [ 15.079160678435684, 54.992991348838508 ], [ 15.080652528504658, 54.993274221339043 ], [ 15.081064416707731, 54.993353491264287 ], [ 15.081479644378298, 54.993433393616868 ], [ 15.081910059979649, 54.993518114894329 ], [ 15.08235554837897, 54.993601943255328 ], [ 15.082411038681519, 54.993612601459439 ], [ 15.082689796389118, 54.993666240737504 ], [ 15.083279123127708, 54.993779619172628 ], [ 15.083584774213247, 54.993838425508471 ], [ 15.083643584500296, 54.993850213088301 ], [ 15.084042985274875, 54.993921213088726 ], [ 15.084282063129702, 54.993963712858644 ], [ 15.084425262849823, 54.993989172675754 ], [ 15.084773420307629, 54.994148069484496 ], [ 15.085242365887595, 54.994362089547572 ], [ 15.085738999331866, 54.994588741373242 ], [ 15.08563403227674, 54.99477634052684 ], [ 15.085842064510809, 54.994884217291023 ], [ 15.085842964143833, 54.994884683800741 ], [ 15.086391511129467, 54.995203241308268 ], [ 15.086879818041968, 54.995532312930784 ], [ 15.086792024492958, 54.995659129769777 ], [ 15.086846875111441, 54.995701421870017 ], [ 15.087732179731903, 54.996401620422077 ], [ 15.089299099886647, 54.99722694724138 ], [ 15.089299169606388, 54.997226983962804 ], [ 15.090113296991868, 54.99765565481465 ], [ 15.090186847700002, 54.997602707903056 ], [ 15.090721830944176, 54.997836814971137 ], [ 15.090578409614244, 54.997939715273027 ], [ 15.090628796064379, 54.997961043910195 ], [ 15.090991058053199, 54.998114266510079 ], [ 15.091301280838469, 54.998370416014396 ], [ 15.091593854502767, 54.998650141692487 ], [ 15.091732415789298, 54.998766280024967 ], [ 15.092047965883649, 54.998987152836754 ], [ 15.092310060536066, 54.999203688548647 ], [ 15.092375877756133, 54.999258590987473 ], [ 15.092817082980586, 54.999628050182281 ], [ 15.093409191030473, 55.000010290839093 ], [ 15.093936001238808, 55.000350369054431 ], [ 15.094369901132314, 55.000630463494048 ], [ 15.094864494627815, 55.000949730457947 ], [ 15.095184880179771, 55.001156539863899 ], [ 15.095184901273626, 55.001156553479944 ], [ 15.095684794568038, 55.001485316820073 ], [ 15.095520168641508, 55.001619740683438 ], [ 15.096563877079431, 55.002378075750563 ], [ 15.097019347631067, 55.002708998183302 ], [ 15.09678792589771, 55.002910702530222 ], [ 15.097196377640055, 55.00317924863181 ], [ 15.097642710201363, 55.003472694485673 ], [ 15.098794892709533, 55.004230180167959 ], [ 15.098900314849791, 55.004299486384419 ], [ 15.098940520009705, 55.004325917815279 ], [ 15.099209855242075, 55.004499529442668 ], [ 15.099544311125154, 55.004715114370441 ], [ 15.099876042738476, 55.004928939971897 ], [ 15.100207475835655, 55.005142569870159 ], [ 15.100595494360501, 55.005392668532018 ], [ 15.100868660721455, 55.005568736139153 ], [ 15.10113875108817, 55.005742818939552 ], [ 15.101415053418281, 55.005920903312358 ], [ 15.101686669002101, 55.006095964723798 ], [ 15.101686722643031, 55.006095997183728 ], [ 15.101985641786314, 55.006276881708885 ], [ 15.10198581596862, 55.006276987110866 ], [ 15.10257375939026, 55.006648978115827 ], [ 15.102269547129952, 55.006726617725739 ], [ 15.103487380030133, 55.007628529161721 ], [ 15.103738843459139, 55.007524954799017 ], [ 15.103913901074932, 55.007665985187302 ], [ 15.103914209522886, 55.007666158740641 ], [ 15.104103619255833, 55.007818702683686 ], [ 15.103852371467857, 55.007922978241972 ], [ 15.10442022568388, 55.008407047802336 ], [ 15.104810776133363, 55.008739965411948 ], [ 15.10592422437141, 55.009689065329873 ], [ 15.105924232613827, 55.009689072355457 ], [ 15.105569158286849, 55.009859970053029 ], [ 15.106055800648571, 55.010195026439618 ], [ 15.105750536198922, 55.010491110742954 ], [ 15.105680768370648, 55.010605869204504 ], [ 15.105354438423539, 55.011137639935377 ], [ 15.10527458577906, 55.01114908068827 ], [ 15.105223743869457, 55.011202405736157 ], [ 15.105281179018737, 55.011222527549855 ], [ 15.105071829450049, 55.01173661079352 ], [ 15.105686375418646, 55.011982805321587 ], [ 15.106113920501544, 55.012189586891346 ], [ 15.106878275615923, 55.012397103312978 ] ], [ [ 14.915425930091494, 55.021025415863484 ], [ 14.914894779849734, 55.021267671830003 ], [ 14.914872447675585, 55.021341891774952 ], [ 14.914175470610425, 55.021391520864647 ], [ 14.91411294592382, 55.021206733020954 ], [ 14.914693204537622, 55.021092357842107 ], [ 14.914699856384495, 55.021089695864575 ], [ 14.915231662460068, 55.020876872116375 ], [ 14.915294078619977, 55.020924622240457 ], [ 14.915425930091494, 55.021025415863484 ] ], [ [ 14.90700774307574, 55.024436600637884 ], [ 14.907013377958281, 55.024522465750231 ], [ 14.907064612805755, 55.024552137645941 ], [ 14.907107863941338, 55.024580379791637 ], [ 14.907055082628553, 55.024583130583196 ], [ 14.906374526053744, 55.024618616018628 ], [ 14.906374566734854, 55.02458798625095 ], [ 14.906210450558218, 55.024393134721642 ], [ 14.906171829829866, 55.024247683419787 ], [ 14.906024863472117, 55.024247647005929 ], [ 14.90595734473809, 55.024253959900072 ], [ 14.905745912980059, 55.023795629093776 ], [ 14.905650916477505, 55.023657325285569 ], [ 14.905597839319286, 55.023362878053625 ], [ 14.906033609707361, 55.023330098244827 ], [ 14.906463860730135, 55.023350189456941 ], [ 14.906427648724986, 55.023513761719791 ], [ 14.906610749869861, 55.023508814709956 ], [ 14.906613605139807, 55.023499384682125 ], [ 14.906629986861427, 55.023445262808863 ], [ 14.906664615102775, 55.023330860291864 ], [ 14.90693379168327, 55.023025048737082 ], [ 14.907382306030643, 55.022979795455811 ], [ 14.907435947377245, 55.023093427853354 ], [ 14.907467496851295, 55.023106628816841 ], [ 14.907499046345873, 55.023119829771609 ], [ 14.90737825430797, 55.023219190388758 ], [ 14.907440503470706, 55.023648332673943 ], [ 14.907545335983166, 55.023653029501176 ], [ 14.907994660340874, 55.023673159607164 ], [ 14.907958064214842, 55.023770913088214 ], [ 14.907986991275035, 55.023932825306026 ], [ 14.908038766843658, 55.024081785696147 ], [ 14.908109936016537, 55.024284844980549 ], [ 14.908121659051442, 55.024325092990303 ], [ 14.908281629240271, 55.024576835306377 ], [ 14.9083396218599, 55.024564269037 ], [ 14.90853436251952, 55.025037111696854 ], [ 14.908379186146474, 55.025009398033504 ], [ 14.908172082479588, 55.024948391296547 ], [ 14.907974057606355, 55.024874355935005 ], [ 14.907857991673112, 55.024793302967133 ], [ 14.907760128952262, 55.024723138978494 ], [ 14.907708725641392, 55.024689676347968 ], [ 14.907797002143216, 55.024466606222262 ], [ 14.907738516866633, 55.024433362543945 ], [ 14.907591190344473, 55.024319080963522 ], [ 14.907422447494344, 55.024351049875932 ], [ 14.907391808384173, 55.024357403809248 ], [ 14.90713446424847, 55.024410838365021 ], [ 14.90700774307574, 55.024436600637884 ] ], [ [ 14.90224649494043, 55.025696032801349 ], [ 14.902221038033954, 55.025730528187573 ], [ 14.902246494940426, 55.025696032801349 ], [ 14.9021890684919, 55.025602037744278 ], [ 14.90224649494043, 55.025696032801349 ] ] ], [ [ [ 14.93834038566993, 55.207757984248587 ], [ 14.937979157285476, 55.207878814979232 ], [ 14.937270466166781, 55.208062205095388 ], [ 14.936630414953033, 55.208235810752555 ], [ 14.936488686266092, 55.208293101227142 ], [ 14.93603428254317, 55.20847678101979 ], [ 14.935239674958247, 55.20874875761222 ], [ 14.93513493685624, 55.208778250540078 ], [ 14.934529995542194, 55.208948591801374 ], [ 14.934254082358814, 55.209074004522698 ], [ 14.933917433490143, 55.209134282092833 ], [ 14.933702103432491, 55.209226145166568 ], [ 14.933284484900295, 55.209404305329187 ], [ 14.932555512944301, 55.209687896980704 ], [ 14.931986655076852, 55.209939750299483 ], [ 14.931392290171038, 55.210341613960821 ], [ 14.931330424913261, 55.210383441856628 ], [ 14.930888551667973, 55.210603669512913 ], [ 14.930755869103521, 55.210720796471229 ], [ 14.930406861191857, 55.211028883108099 ], [ 14.929790543189114, 55.211426143526054 ], [ 14.929280273186114, 55.21170983206283 ], [ 14.929055432708003, 55.211883788298294 ], [ 14.92864672690069, 55.211973781345399 ], [ 14.928302707233765, 55.212104115849492 ], [ 14.927950197231267, 55.212237665124341 ], [ 14.927347040237779, 55.212523902357638 ], [ 14.926306983512299, 55.21297266435014 ], [ 14.92596156568778, 55.213213199147845 ], [ 14.925509557475227, 55.213538523530985 ], [ 14.92509304936203, 55.213921202635284 ], [ 14.924624491130185, 55.214211620154899 ], [ 14.924357344745804, 55.214377197774375 ], [ 14.924149307394831, 55.214623555544549 ], [ 14.924002382560619, 55.21508903903387 ], [ 14.92383660060754, 55.215149208987341 ], [ 14.923482782006001, 55.215277624815883 ], [ 14.922909534575362, 55.215538258697066 ], [ 14.924330619844792, 55.216652359663165 ], [ 14.922909534575359, 55.215538258697066 ], [ 14.922642834915013, 55.215659514885651 ], [ 14.922371911959349, 55.215765487973719 ], [ 14.921934907117535, 55.215809533796019 ], [ 14.921284854636951, 55.216077576771625 ], [ 14.920909952321566, 55.216188372656426 ], [ 14.920553839035961, 55.216293614154196 ], [ 14.920200975378249, 55.216527705259303 ], [ 14.919478978810771, 55.216861685665435 ], [ 14.919460569722229, 55.216882144598685 ], [ 14.919314570136869, 55.217044400371385 ], [ 14.91926295651794, 55.217101760516897 ], [ 14.918813101574292, 55.217225430235693 ], [ 14.917975648864161, 55.217457121026769 ], [ 14.91724595568102, 55.217592383859738 ], [ 14.917203639519629, 55.217600227823191 ], [ 14.916371783089629, 55.217715397647432 ], [ 14.916149767714471, 55.217797491828534 ], [ 14.915811796547251, 55.217922461349573 ], [ 14.916245605601596, 55.218254376985584 ], [ 14.915913557216893, 55.218392460578649 ], [ 14.915426818915842, 55.218059571767178 ], [ 14.915049056552958, 55.218002577551466 ], [ 14.914745360040861, 55.217992024249284 ], [ 14.914335168689975, 55.217977769088506 ], [ 14.913508331892055, 55.218003905746968 ], [ 14.912629681716524, 55.217987046583858 ], [ 14.911777853967578, 55.21809321628767 ], [ 14.911507509771553, 55.218169451883206 ], [ 14.910982850120334, 55.218317400548166 ], [ 14.910517895573873, 55.218407453422202 ], [ 14.910645895462729, 55.218505412855528 ], [ 14.910350879634818, 55.218634487085289 ], [ 14.910141701083814, 55.218479667642534 ], [ 14.910058793360507, 55.218515866102827 ], [ 14.909454302375677, 55.21877979015985 ], [ 14.90890234889304, 55.218920573947408 ], [ 14.908414094506801, 55.219040318823332 ], [ 14.908164234766826, 55.219101596151866 ], [ 14.907510319102045, 55.219241520940329 ], [ 14.906396347217395, 55.219474742754436 ], [ 14.90581616885162, 55.219681642944742 ], [ 14.905669575627901, 55.219733919493429 ], [ 14.905302559233583, 55.219925572811782 ], [ 14.904919771875845, 55.219957280338967 ], [ 14.904033267652144, 55.220050601404218 ], [ 14.903559729110409, 55.220066247578352 ], [ 14.902750207521255, 55.220318557295727 ], [ 14.901912368149544, 55.220482063140182 ], [ 14.901462425638353, 55.220595866243109 ], [ 14.900867950391008, 55.220902527941327 ], [ 14.90040006511942, 55.220942104817347 ], [ 14.900640762163659, 55.221038062704977 ], [ 14.900326934651634, 55.221025823977477 ], [ 14.900004420189694, 55.221017868182017 ], [ 14.899882128802933, 55.221005643265883 ], [ 14.899064618887802, 55.221130051276056 ], [ 14.898705836296648, 55.221180952490421 ], [ 14.897955540995973, 55.221287394600552 ], [ 14.897822626843793, 55.221329508065473 ], [ 14.897507159141227, 55.221429462172736 ], [ 14.897138630588341, 55.22154622665817 ], [ 14.896735654513179, 55.221587628652152 ], [ 14.896128711858623, 55.221877359899999 ], [ 14.895442621716096, 55.222102125681268 ], [ 14.895118042727267, 55.222361073610116 ], [ 14.894516496381335, 55.222452076293116 ], [ 14.893904562311057, 55.222692846207906 ], [ 14.893738111479662, 55.22281135174704 ], [ 14.89338662842534, 55.222909088756417 ], [ 14.893125857804051, 55.222902326085439 ], [ 14.892577617984884, 55.222998272618838 ], [ 14.892431648167328, 55.223023818063183 ], [ 14.891787205423034, 55.223161899529494 ], [ 14.891453228405815, 55.223303322554479 ], [ 14.891109950805667, 55.223448681961962 ], [ 14.890704243780798, 55.223610984582031 ], [ 14.890618731709095, 55.223674565194514 ], [ 14.890601950073416, 55.223661441811785 ], [ 14.890488520746185, 55.223708493563649 ], [ 14.889979954850105, 55.223864893485072 ], [ 14.889615011790269, 55.224004863981861 ], [ 14.889437581806334, 55.22402657469857 ], [ 14.88912677820263, 55.224064611659074 ], [ 14.888524826906975, 55.224234215585888 ], [ 14.887645632395008, 55.224390033900093 ], [ 14.887417122217631, 55.224511435856471 ], [ 14.886979944785196, 55.224543999057133 ], [ 14.886351494462842, 55.224651610228804 ], [ 14.886145581245179, 55.224686868456821 ], [ 14.885338919232, 55.224723112820087 ], [ 14.884717330881205, 55.224884077639594 ], [ 14.88400994652522, 55.225017383872547 ], [ 14.88332492959991, 55.225231996950299 ], [ 14.882753625919131, 55.225449405461411 ], [ 14.882045198925519, 55.225695032592895 ], [ 14.881862125819486, 55.225834769897361 ], [ 14.881411828345739, 55.225960441393759 ], [ 14.880733091132301, 55.226324721093562 ], [ 14.880511841432208, 55.226462503209852 ], [ 14.88029154863516, 55.226599311329146 ], [ 14.879741858924771, 55.226972469308784 ], [ 14.879299584897751, 55.227406007283903 ], [ 14.878934942697645, 55.227695455754166 ], [ 14.878542450886368, 55.228133524987186 ], [ 14.878310850079483, 55.228404352163501 ], [ 14.87831083572423, 55.228404368949995 ], [ 14.878176467237781, 55.228457525181454 ], [ 14.878223507950425, 55.228630876657476 ], [ 14.878087202093235, 55.228755788157684 ], [ 14.878002050671634, 55.228863417428272 ], [ 14.877908975172636, 55.228958267643165 ], [ 14.877773152332553, 55.228973718208735 ], [ 14.877591144468653, 55.228892703928238 ], [ 14.877082897988611, 55.229249522044917 ], [ 14.876471154079287, 55.229708775544509 ], [ 14.876270965858877, 55.22999490448565 ], [ 14.875759437478937, 55.230253880394507 ], [ 14.875255630460284, 55.230659891407043 ], [ 14.874580656254951, 55.23142383386331 ], [ 14.874405603781728, 55.231862329218814 ], [ 14.874376596874935, 55.23193498880898 ], [ 14.874292951427103, 55.232249638472936 ], [ 14.874244659047962, 55.232431298261169 ], [ 14.874237734037676, 55.232767829944869 ], [ 14.874119697217072, 55.232798720860224 ], [ 14.873445821420395, 55.233147001603541 ], [ 14.87274697178529, 55.233472312015131 ], [ 14.872166820118617, 55.233844876832968 ], [ 14.871839330596234, 55.234113880712691 ], [ 14.871448815103058, 55.234463078984092 ], [ 14.871339323263539, 55.234560985115763 ], [ 14.870870937509256, 55.23486303082823 ], [ 14.870526905372826, 55.235538518824107 ], [ 14.87045935549614, 55.235671146642005 ], [ 14.869881809999233, 55.235862151274205 ], [ 14.869416507903296, 55.236134279006905 ], [ 14.869298532605542, 55.23614424868282 ], [ 14.868736971637674, 55.236309385689211 ], [ 14.868035349242867, 55.236352431479212 ], [ 14.867744781784642, 55.236473492262171 ], [ 14.867396980560734, 55.236526543436021 ], [ 14.866802706194189, 55.236865659409311 ], [ 14.866546994202041, 55.236969641225265 ], [ 14.86595923993611, 55.236993750141067 ], [ 14.865901419489758, 55.237003259032583 ], [ 14.865133603767196, 55.237129527560967 ], [ 14.863693683536093, 55.237732949355085 ], [ 14.863463490018306, 55.237666315627813 ], [ 14.863295425132078, 55.237719235597794 ], [ 14.862952042327954, 55.237783646995965 ], [ 14.862606321005671, 55.237743217296291 ], [ 14.862312176529606, 55.237797921119018 ], [ 14.86179554149513, 55.237894000791037 ], [ 14.861680037165595, 55.237895885450804 ], [ 14.86167894443747, 55.237895900448976 ], [ 14.86087978258249, 55.237906866660587 ], [ 14.860464690760605, 55.237903353497913 ], [ 14.86046459240932, 55.237903352487827 ], [ 14.859910713917298, 55.237897662878041 ], [ 14.859285909261402, 55.238045671680965 ], [ 14.858499285468842, 55.238233332042057 ], [ 14.857592509542021, 55.238332462352837 ], [ 14.857278784884528, 55.238446149685551 ], [ 14.856746681556585, 55.238526759045598 ], [ 14.856738731096698, 55.2385279634562 ], [ 14.856000615132794, 55.238724676601755 ], [ 14.85593443810218, 55.238742312941156 ], [ 14.855361928091636, 55.238962648645916 ], [ 14.854047626967912, 55.238986905786732 ], [ 14.853371322957855, 55.239146310385024 ], [ 14.852648418591459, 55.239273491539102 ], [ 14.852622424308731, 55.23928217059273 ], [ 14.851889619683813, 55.239526837949406 ], [ 14.851409566787583, 55.239674601261164 ], [ 14.850789961553337, 55.240087872639734 ], [ 14.850090423799664, 55.240476392898081 ], [ 14.849976581983572, 55.240585118789454 ], [ 14.849081023611195, 55.240883356972041 ], [ 14.848509271769524, 55.241225570851583 ], [ 14.847805595019082, 55.241631839873961 ], [ 14.847246851094843, 55.242057073623556 ], [ 14.846880361206598, 55.24259597503454 ], [ 14.846691003468242, 55.242770003912305 ], [ 14.846695391162715, 55.242770372508403 ], [ 14.846940402870784, 55.242790954889507 ], [ 14.846945932615636, 55.242791419413656 ], [ 14.8469516737951, 55.242792195762974 ], [ 14.847190574387527, 55.24282450075718 ], [ 14.847196666501292, 55.242825324547724 ], [ 14.847202337700486, 55.242826393983869 ], [ 14.847435913519293, 55.242870439839216 ], [ 14.847441356046962, 55.242871466140826 ], [ 14.847446906783039, 55.242872826526096 ], [ 14.847673711428223, 55.242928411951745 ], [ 14.847678154632, 55.242929500889062 ], [ 14.847682183706013, 55.242930733433582 ], [ 14.847902677652554, 55.24299818498374 ], [ 14.847905311961265, 55.242998990844185 ], [ 14.847907789757642, 55.242999914293321 ], [ 14.848121129753793, 55.243079423546774 ], [ 14.848129011339319, 55.243082654634478 ], [ 14.84813686295073, 55.243085896165404 ], [ 14.848144701550655, 55.243089156326519 ], [ 14.848145691812803, 55.24308956784612 ], [ 14.84815252713911, 55.243092435117909 ], [ 14.848160338399467, 55.243095723600263 ], [ 14.848168119685724, 55.243099022525818 ], [ 14.848170070235621, 55.243099856008335 ], [ 14.848177822864734, 55.243103174316268 ], [ 14.848185578128398, 55.243106510502209 ], [ 14.848193303417974, 55.243109857131373 ], [ 14.848194262389105, 55.243110270155043 ], [ 14.848196558464966, 55.24311128067967 ], [ 14.848201000050096, 55.243113223143055 ], [ 14.848208682354139, 55.243116598845717 ], [ 14.848216350330111, 55.243119984239385 ], [ 14.848218272223294, 55.243120837104115 ], [ 14.848928191681741, 55.243436361864987 ], [ 14.849191364212567, 55.243234418810282 ], [ 14.849522586275105, 55.242975565280126 ], [ 14.84982222871392, 55.242795219498426 ], [ 14.850230692296897, 55.243003348545905 ], [ 14.850262449240443, 55.243030773418269 ], [ 14.850394446969231, 55.243153881694319 ], [ 14.850155842061188, 55.243314197372499 ], [ 14.849893996025747, 55.243508858772877 ], [ 14.849707335890137, 55.243649480345709 ], [ 14.849676423586244, 55.243667468681942 ], [ 14.849795100990139, 55.243716847973836 ], [ 14.850825517308298, 55.244092164870509 ], [ 14.85157013665234, 55.244350442571083 ], [ 14.851566696668492, 55.244318873487231 ], [ 14.851522434637449, 55.244262422990381 ], [ 14.851485223068348, 55.244238735798575 ], [ 14.851346505892984, 55.244196569875143 ], [ 14.851312535865558, 55.244167505203791 ], [ 14.851304277050804, 55.244108791554979 ], [ 14.851280940094851, 55.244040144181085 ], [ 14.851270156609486, 55.24399338136935 ], [ 14.851293631968652, 55.243954549292972 ], [ 14.851361375933706, 55.243873850275072 ], [ 14.851497463524684, 55.243686054698841 ], [ 14.851539897140706, 55.243627783233769 ], [ 14.851585849378719, 55.243578633142619 ], [ 14.851620900051778, 55.243536021205649 ], [ 14.851723051770259, 55.24345593531595 ], [ 14.851849319289057, 55.243381035948389 ], [ 14.851956828052895, 55.243316455636943 ], [ 14.852085507537439, 55.243221364197694 ], [ 14.852203678769509, 55.243143820081144 ], [ 14.8523411960961, 55.243072457063903 ], [ 14.852457016493549, 55.243016920074133 ], [ 14.8526982178858, 55.242906682083422 ], [ 14.852778818454961, 55.242889182879182 ], [ 14.852866603337397, 55.242893592320058 ], [ 14.852966788441856, 55.242888699505208 ], [ 14.853152203516977, 55.242821287494053 ], [ 14.853347281443011, 55.24293636083906 ], [ 14.853486678567736, 55.242844740186541 ], [ 14.853660607295609, 55.242930068967532 ], [ 14.853781773931594, 55.242883663072348 ], [ 14.853761543127501, 55.242840704043104 ], [ 14.853806970166907, 55.242792397529968 ], [ 14.853861281478414, 55.242840477321863 ], [ 14.853950351650752, 55.242850504758636 ], [ 14.853945372254218, 55.242684205408835 ], [ 14.853846588318646, 55.242645801158744 ], [ 14.853704305875032, 55.242596211406507 ], [ 14.853975271594578, 55.242308600585631 ], [ 14.854157406301308, 55.2423246638268 ], [ 14.85418871010822, 55.242310526544124 ], [ 14.854144566037514, 55.242238640841613 ], [ 14.854200091925883, 55.242191189486313 ], [ 14.854358673079597, 55.242300140509244 ], [ 14.854543709419906, 55.242302433580711 ], [ 14.854540442253821, 55.242181424873785 ], [ 14.854516032809812, 55.242083625206163 ], [ 14.854445207811278, 55.24206342936818 ], [ 14.854420680830325, 55.242004157459647 ], [ 14.854474103409636, 55.241942979208972 ], [ 14.854511544266378, 55.24183891657929 ], [ 14.854654257562458, 55.241782118901419 ], [ 14.854863755951644, 55.241723573738319 ], [ 14.855049507868944, 55.241710221016511 ], [ 14.856103178713916, 55.241860955892633 ], [ 14.856176256238173, 55.24192718968721 ], [ 14.856274397722624, 55.241927902056453 ], [ 14.856195120393053, 55.24181119211206 ], [ 14.856273157292579, 55.24179834223402 ], [ 14.856318305690293, 55.241854793432836 ], [ 14.856441365192774, 55.241869016177418 ], [ 14.856610464436013, 55.241818390835206 ], [ 14.856677401521987, 55.241726654125522 ], [ 14.856631692929476, 55.241606797636656 ], [ 14.856711692180017, 55.241627018590563 ], [ 14.856851336485054, 55.2416493189018 ], [ 14.856997899331244, 55.241625588647224 ], [ 14.857083256621836, 55.241600736349234 ], [ 14.85709645391165, 55.241524316852725 ], [ 14.856819999435, 55.241336339643411 ], [ 14.856917290691744, 55.241295725396924 ], [ 14.857177344656677, 55.241450813382542 ], [ 14.857355508467332, 55.241362425590339 ], [ 14.857541840363353, 55.241330909789923 ], [ 14.857920086557172, 55.241279770987589 ], [ 14.858049957900318, 55.24121767290459 ], [ 14.858211158479003, 55.241113860045999 ], [ 14.85847724173073, 55.241014393943615 ], [ 14.858790430239214, 55.240922696155039 ], [ 14.859096667711629, 55.24093029820488 ], [ 14.859196866320238, 55.240910797190516 ], [ 14.859348312810402, 55.240858578497097 ], [ 14.859661658972325, 55.24084516662839 ], [ 14.859916887280921, 55.240938138210701 ], [ 14.860119097548708, 55.240900109679508 ], [ 14.86025072738091, 55.240839814949943 ], [ 14.860456192028582, 55.240855122673238 ], [ 14.860675153312012, 55.24082704422824 ], [ 14.86106374595631, 55.24075393457494 ], [ 14.861233109780319, 55.240704316068275 ], [ 14.861485869774528, 55.240594925045507 ], [ 14.861577973753157, 55.240626163856426 ], [ 14.861647328188006, 55.240636388482486 ], [ 14.86167729307674, 55.240626869026713 ], [ 14.861673606451628, 55.240555250653969 ], [ 14.861885355734586, 55.240548349634864 ], [ 14.8618120193383, 55.240618737630349 ], [ 14.861579966870057, 55.24068385573689 ], [ 14.861639901178165, 55.24075343860612 ], [ 14.861729728445185, 55.24080799583713 ], [ 14.861813910548411, 55.240901905526961 ], [ 14.861932081603189, 55.240943321172431 ], [ 14.862081406797408, 55.240863734155567 ], [ 14.862185501755681, 55.240828585305962 ], [ 14.862272808311497, 55.240830202076864 ], [ 14.862400660997883, 55.240791090139595 ], [ 14.862620818978606, 55.240800581508893 ], [ 14.862726613121639, 55.24080981433783 ], [ 14.862782983027737, 55.240779044974637 ], [ 14.862869173288562, 55.240777690232655 ], [ 14.862948083697503, 55.240752001087479 ], [ 14.863120606297409, 55.240793685508834 ], [ 14.863249377057189, 55.240776269790594 ], [ 14.863383804545238, 55.240739756702219 ], [ 14.863477282887239, 55.240716587874601 ], [ 14.863695915160804, 55.240732605738387 ], [ 14.863809825935274, 55.240779410502668 ], [ 14.863881871608308, 55.240819482953917 ], [ 14.863967640968575, 55.240882174582111 ], [ 14.864081183122289, 55.240958165475305 ], [ 14.864318442197817, 55.241086321527661 ], [ 14.8644267416477, 55.241113149333557 ], [ 14.864645887373618, 55.241150441075305 ], [ 14.864832565477297, 55.241177315443217 ], [ 14.864878727482836, 55.241174090271699 ], [ 14.864897093469038, 55.241152822665704 ], [ 14.864787068986962, 55.241044550392331 ], [ 14.864762589001176, 55.240994658705482 ], [ 14.864802620266378, 55.240995051150747 ], [ 14.864921203807253, 55.241039234902196 ], [ 14.865025189158809, 55.241078135706452 ], [ 14.86500245360066, 55.241110462237842 ], [ 14.865081952773265, 55.241143593670216 ], [ 14.865151127650076, 55.241156642827704 ], [ 14.865204624313911, 55.241093736323691 ], [ 14.86520691201183, 55.241084263241888 ], [ 14.865221217802063, 55.241025695297544 ], [ 14.865252827027019, 55.24101803122236 ], [ 14.865246948901236, 55.240946554484474 ], [ 14.865282245376841, 55.240908598697949 ], [ 14.865315425735274, 55.240983467241122 ], [ 14.865351124382766, 55.240998688754665 ], [ 14.865426392588684, 55.241004349816116 ], [ 14.865523709972836, 55.241001520329263 ], [ 14.865639952058592, 55.240992088432122 ], [ 14.865690157229873, 55.240968664047465 ], [ 14.865720413817028, 55.240924325217151 ], [ 14.86576532018784, 55.240886256933287 ], [ 14.865782392909018, 55.240831066498842 ], [ 14.865782005889152, 55.240736611229408 ], [ 14.865782030395007, 55.240694432576511 ], [ 14.865811151115299, 55.240662032008977 ], [ 14.865877873216688, 55.240652188221461 ], [ 14.865968211814003, 55.240676036717041 ], [ 14.866098299618974, 55.240652720686555 ], [ 14.86615763084073, 55.240658546732135 ], [ 14.86620903444531, 55.240666276551245 ], [ 14.866283905989743, 55.240660936936941 ], [ 14.866339590308861, 55.240654875216777 ], [ 14.866414023505149, 55.2406376101261 ], [ 14.866543716027918, 55.240603302412339 ], [ 14.866562203375917, 55.2405847834873 ], [ 14.86655314979896, 55.240556456652065 ], [ 14.866474849437093, 55.240513203381106 ], [ 14.866435331001917, 55.24048151150452 ], [ 14.866456838455088, 55.240458372603769 ], [ 14.866483112563351, 55.24043518384314 ], [ 14.866497976783737, 55.240405685376878 ], [ 14.866474434166218, 55.240331648643235 ], [ 14.866427029190703, 55.240259690122869 ], [ 14.866411987187487, 55.240204157977182 ], [ 14.866438872512441, 55.240157271734255 ], [ 14.866509070181255, 55.24011166339703 ], [ 14.866657738634766, 55.240028564062413 ], [ 14.866729456153303, 55.239902704521612 ], [ 14.866815375371232, 55.239811333318855 ], [ 14.866899187892908, 55.239667100968077 ], [ 14.86703643768211, 55.239616997524415 ], [ 14.867155133928696, 55.239582616316831 ], [ 14.867193509704563, 55.239581197235495 ], [ 14.86738046674577, 55.239651690027664 ], [ 14.867465623890704, 55.239659780579288 ], [ 14.867586776317278, 55.239652153429731 ], [ 14.867630203689929, 55.239659970324304 ], [ 14.867812692726186, 55.239800232682434 ], [ 14.867920235616099, 55.239856919697026 ], [ 14.868069625500633, 55.239922345868685 ], [ 14.868216529852457, 55.23996487194723 ], [ 14.86836885870337, 55.239979813007544 ], [ 14.86841982443946, 55.239973707884644 ], [ 14.868486282127281, 55.239872318145572 ], [ 14.868459284876073, 55.239790066904916 ], [ 14.868503772921189, 55.239783202966983 ], [ 14.86856640936165, 55.239706493831797 ], [ 14.868613712727537, 55.239603327403508 ], [ 14.868669463850766, 55.239512014982324 ], [ 14.868712492068267, 55.239465744652271 ], [ 14.868762857013968, 55.239445984284593 ], [ 14.868854637050156, 55.239509228797253 ], [ 14.868930734635249, 55.239537786432471 ], [ 14.868984944239681, 55.239535404682357 ], [ 14.869060617051067, 55.239508958353085 ], [ 14.869130008098848, 55.239442249021963 ], [ 14.869159877107103, 55.239429113197744 ], [ 14.869235042619792, 55.239432922236197 ], [ 14.869295029491743, 55.239413984705521 ], [ 14.869373233205785, 55.239369167599939 ], [ 14.869459169049225, 55.239318782753934 ], [ 14.869541374195228, 55.239252859195517 ], [ 14.869621136629444, 55.239208038714473 ], [ 14.869729872155293, 55.239170246438405 ], [ 14.869794054626908, 55.239146334740376 ], [ 14.869859001822903, 55.23912216103254 ], [ 14.869908364404028, 55.239075800590548 ], [ 14.869995805058792, 55.239023560174047 ], [ 14.870040666928132, 55.238984592028608 ], [ 14.870139648214266, 55.238985378502299 ], [ 14.870343172341363, 55.238959026518557 ], [ 14.870402293943318, 55.238998404572207 ], [ 14.870456634272685, 55.238998617610577 ], [ 14.870498935594377, 55.238977076040094 ], [ 14.870594271026329, 55.238882753652938 ], [ 14.8706981263924, 55.238831998073763 ], [ 14.870705546763034, 55.238828371925734 ], [ 14.87089028627288, 55.238892583501716 ], [ 14.870930186536592, 55.238891143646065 ], [ 14.870958029991391, 55.238948290109889 ], [ 14.870990960510927, 55.238972493236112 ], [ 14.871034491410109, 55.238981969409913 ], [ 14.871085726400866, 55.238984942845384 ], [ 14.871124568851471, 55.238957059066905 ], [ 14.871124904169855, 55.238925119333388 ], [ 14.871145266246092, 55.238874648610349 ], [ 14.871218694617985, 55.238872787532273 ], [ 14.871286990029626, 55.238902917692066 ], [ 14.871328375003186, 55.238898732233153 ], [ 14.871416583299256, 55.238827295945136 ], [ 14.87150047785939, 55.238807032085546 ], [ 14.871619633837822, 55.238789972348101 ], [ 14.871663274931384, 55.238803071061291 ], [ 14.871706421416919, 55.238882831590892 ], [ 14.871737522626216, 55.238901586180035 ], [ 14.871891406868521, 55.238914169972134 ], [ 14.871951053380387, 55.238887829285218 ], [ 14.87188160294084, 55.238789262734365 ], [ 14.871879954070653, 55.238747317751454 ], [ 14.871933386847079, 55.238725625359528 ], [ 14.872213324655139, 55.238693645393255 ], [ 14.872182618054175, 55.238725079921316 ], [ 14.872183795815623, 55.238794415856809 ], [ 14.872202114395217, 55.238853516396247 ], [ 14.872225759476462, 55.238885135603574 ], [ 14.872264348533005, 55.238891023792121 ], [ 14.872176772982616, 55.238938708072325 ], [ 14.87216214938408, 55.238972679081115 ], [ 14.872241034538009, 55.238987154906162 ], [ 14.872306376138175, 55.238983558976138 ], [ 14.872347193063794, 55.238964771208842 ], [ 14.872385565222009, 55.23892593541953 ], [ 14.872368502594831, 55.238898769853364 ], [ 14.872341307523145, 55.238898228338975 ], [ 14.872284983681729, 55.238888010887905 ], [ 14.872447118754474, 55.238827471803035 ], [ 14.872541496591388, 55.23879063122326 ], [ 14.87259367525145, 55.238737021493428 ], [ 14.872607222579479, 55.23867659843728 ], [ 14.872597540752633, 55.238554449135847 ], [ 14.872644255042955, 55.238524618274397 ], [ 14.87277577840616, 55.238497336318979 ], [ 14.872927629555397, 55.238459745843151 ], [ 14.873030034917113, 55.238423714580904 ], [ 14.873103227569354, 55.238377120283616 ], [ 14.873118192140208, 55.238352279417349 ], [ 14.873094349065729, 55.238315169283275 ], [ 14.873057243946183, 55.238266365847707 ], [ 14.873002180762052, 55.23820777936816 ], [ 14.872953311428439, 55.238144518467116 ], [ 14.872961990688953, 55.238121601610388 ], [ 14.872996440247535, 55.238104723541987 ], [ 14.873168842493744, 55.238022126124413 ], [ 14.873320270115803, 55.23797359025918 ], [ 14.873675242910604, 55.237906032614518 ], [ 14.873799929198265, 55.237882500696372 ], [ 14.873902215055953, 55.237868044900111 ], [ 14.874023602370711, 55.237864604069436 ], [ 14.874081215308074, 55.237837316160068 ], [ 14.874115052167905, 55.23777348220721 ], [ 14.874187136863158, 55.237730703837755 ], [ 14.874257710054792, 55.237706039856583 ], [ 14.874311909782275, 55.237687100145706 ], [ 14.874422190413529, 55.237668116503755 ], [ 14.874513170646935, 55.237675542662828 ], [ 14.874580084184766, 55.237711238381031 ], [ 14.874640720918336, 55.237717708351191 ], [ 14.874709470671702, 55.23770596104076 ], [ 14.874806863034598, 55.237709764261801 ], [ 14.874881848222996, 55.237723553447516 ], [ 14.874969769570304, 55.237706360558811 ], [ 14.875024234902305, 55.237669942424709 ], [ 14.875018006983135, 55.237634340440117 ], [ 14.874936772697499, 55.237594070127287 ], [ 14.874916164181368, 55.237557533296226 ], [ 14.874975346648613, 55.2375375603484 ], [ 14.875059892593647, 55.23756049348215 ], [ 14.875133355119246, 55.237556962814779 ], [ 14.875163813281006, 55.237534200071195 ], [ 14.875203834310145, 55.237509624960531 ], [ 14.875267847104418, 55.237484178945955 ], [ 14.875365379238421, 55.23745602431314 ], [ 14.875464365392254, 55.237461658574908 ], [ 14.875547557811723, 55.237431675766359 ], [ 14.87560363104749, 55.237395269698901 ], [ 14.875619793721796, 55.237351491895069 ], [ 14.875584826153188, 55.237317683469648 ], [ 14.875543414559445, 55.237293882271885 ], [ 14.875481263710823, 55.237266419553613 ], [ 14.875417581735944, 55.237224347341403 ], [ 14.875411494320492, 55.237161370323612 ], [ 14.875419665835908, 55.237122146850218 ], [ 14.875397552674583, 55.237071926632751 ], [ 14.875400998503981, 55.237013539600589 ], [ 14.875399690503095, 55.236952411323458 ], [ 14.87544939339965, 55.236914161407782 ], [ 14.875457635756893, 55.236847836329282 ], [ 14.875510515313625, 55.236802626867203 ], [ 14.87555533667032, 55.236767376561247 ], [ 14.875603692133712, 55.236642711560428 ], [ 14.875599079167262, 55.236590340538719 ], [ 14.875640778211993, 55.236539738353805 ], [ 14.87571122344665, 55.236487288240518 ], [ 14.875753054309651, 55.236424480958604 ], [ 14.875812351019594, 55.236378034036029 ], [ 14.875814134511188, 55.236341531872732 ], [ 14.875790466835323, 55.236288577979998 ], [ 14.87579400135597, 55.236213756673934 ], [ 14.875711072385354, 55.23619353683776 ], [ 14.875698449973356, 55.236166148195224 ], [ 14.875740092420472, 55.2361415755555 ], [ 14.875840841923756, 55.236108889689234 ], [ 14.875943320940518, 55.236047005380122 ], [ 14.8759996425966, 55.23595947862772 ], [ 14.876014420975526, 55.235881008125126 ], [ 14.875995454970486, 55.235848119244245 ], [ 14.876088443690204, 55.235765221819349 ], [ 14.876136655022258, 55.235706895544254 ], [ 14.876152824343063, 55.235661253753385 ], [ 14.876162739785565, 55.235558755846583 ], [ 14.87627807476602, 55.235472185781681 ], [ 14.876350822094315, 55.235428923809529 ], [ 14.876450992112206, 55.235369338234243 ], [ 14.876604563077313, 55.235310359221046 ], [ 14.876719786545893, 55.235260417163332 ], [ 14.876868536441288, 55.235206019069203 ], [ 14.877194432921829, 55.23518415778787 ], [ 14.877361918450186, 55.235200056241098 ], [ 14.877455684886701, 55.235271480852553 ], [ 14.877505141488356, 55.235275239622858 ], [ 14.877554658012745, 55.235262583502575 ], [ 14.87756370588593, 55.235363003811273 ], [ 14.877640207697915, 55.235387809270392 ], [ 14.877681516205364, 55.23542348031264 ], [ 14.877759727700596, 55.23542183407816 ], [ 14.877902320601969, 55.235302633511203 ], [ 14.877945545381257, 55.235273545235259 ], [ 14.87800626586008, 55.235254522661471 ], [ 14.878030434832789, 55.235210789622712 ], [ 14.877957067259283, 55.235200561399452 ], [ 14.877928505210981, 55.235171287531543 ], [ 14.877923934662896, 55.235128376345919 ], [ 14.877917783492098, 55.23508819735882 ], [ 14.877932221772324, 55.235072708057004 ], [ 14.877991043423828, 55.235108450842844 ], [ 14.878016548783682, 55.235116752022655 ], [ 14.878053331476995, 55.235099489551352 ], [ 14.878042361969621, 55.235062946479516 ], [ 14.877997776379937, 55.235043665872709 ], [ 14.877996468609844, 55.23498980271831 ], [ 14.878097542503893, 55.234883231762197 ], [ 14.878189816324163, 55.23492913319339 ], [ 14.878164171011411, 55.234955544349596 ], [ 14.878155985547187, 55.23499295020931 ], [ 14.878184480796635, 55.235035929411936 ], [ 14.878319376036096, 55.235178629739423 ], [ 14.878371946671923, 55.235194274295878 ], [ 14.878546065300425, 55.235153655449238 ], [ 14.878640307721014, 55.235128339805378 ], [ 14.87868354203238, 55.235093786126782 ], [ 14.878771301941118, 55.23509034527369 ], [ 14.878792202896674, 55.235060301140507 ], [ 14.878777981727659, 55.235031063469727 ], [ 14.878660089703729, 55.234999733824516 ], [ 14.878631555058311, 55.234962239291242 ], [ 14.878652494113025, 55.234920318733934 ], [ 14.878615923007555, 55.234895582414758 ], [ 14.878520143102268, 55.234909016737674 ], [ 14.878432724729263, 55.234852176609877 ], [ 14.878337385252557, 55.234777047619218 ], [ 14.87824362965816, 55.234713788634096 ], [ 14.878148203333804, 55.234663295185129 ], [ 14.878062320920943, 55.234589788545222 ], [ 14.878158291752918, 55.234538902977008 ], [ 14.878257555027039, 55.234478864459653 ], [ 14.878169965011812, 55.234414362144143 ], [ 14.878087177215464, 55.23435079802362 ], [ 14.878168740821188, 55.234315400260705 ], [ 14.878230828088752, 55.234367892200702 ], [ 14.878262777836065, 55.234361621506785 ], [ 14.878324886504497, 55.234404038310757 ], [ 14.878593773037972, 55.234564992320969 ], [ 14.878633643990721, 55.234569664086813 ], [ 14.87869926923047, 55.234528761472724 ], [ 14.87873915090327, 55.234523394634898 ], [ 14.878774174662675, 55.234538104636577 ], [ 14.878847612650786, 55.234523697449639 ], [ 14.878929141430996, 55.234489237134895 ], [ 14.879012431998591, 55.234426450010055 ], [ 14.879031793040651, 55.234386325174576 ], [ 14.878993732877968, 55.234348760035537 ], [ 14.879089453588428, 55.234341747113746 ], [ 14.87921537421917, 55.234355808047312 ], [ 14.879328590104762, 55.234361624342867 ], [ 14.879468778470921, 55.234390335940077 ], [ 14.879473665907367, 55.234368439069307 ], [ 14.879564578529745, 55.234369598631226 ], [ 14.879598157609777, 55.234353264770881 ], [ 14.879596978765194, 55.234276555394302 ], [ 14.879539772005611, 55.234238952768472 ], [ 14.879530442235415, 55.234195083324465 ], [ 14.879420503453829, 55.23417649596297 ], [ 14.879524276783972, 55.234158542179188 ], [ 14.879503847379205, 55.234101840273709 ], [ 14.879518554875039, 55.234044330958355 ], [ 14.879599706905505, 55.234072889544876 ], [ 14.879684364111471, 55.234050314101999 ], [ 14.879714499473023, 55.234080528814069 ], [ 14.879765438509155, 55.234098034167893 ], [ 14.879808623262781, 55.234076248318893 ], [ 14.879808883576787, 55.234026927717338 ], [ 14.879949175955014, 55.234034639313677 ], [ 14.879973302211924, 55.234000000650454 ], [ 14.879839586851023, 55.233953925516303 ], [ 14.879801659647132, 55.233899915187834 ], [ 14.879825907008659, 55.233841512464615 ], [ 14.879889823264824, 55.233818877308863 ], [ 14.880020583682281, 55.233817434725445 ], [ 14.880011639490805, 55.23371690140754 ], [ 14.880031244964192, 55.233639277138899 ], [ 14.880033201227652, 55.23355225206938 ], [ 14.879996797738952, 55.233483313609042 ], [ 14.879934734610726, 55.233444505551219 ], [ 14.879802333067975, 55.233428256005297 ], [ 14.879689036342825, 55.233429538285861 ], [ 14.879542043430069, 55.233470089974475 ], [ 14.879443127967125, 55.233463168469981 ], [ 14.87932884826245, 55.233469836556878 ], [ 14.879233859515189, 55.233460069243378 ], [ 14.879222012553321, 55.233407597823643 ], [ 14.879205491202969, 55.233348663341232 ], [ 14.879195474290539, 55.233280564725376 ], [ 14.879190153802222, 55.233217055537416 ], [ 14.879203963826878, 55.233114422912607 ], [ 14.879225576477493, 55.233010971948495 ], [ 14.879223343213077, 55.23290467654779 ], [ 14.87922742291828, 55.23287285270294 ], [ 14.879235315608613, 55.232811234519822 ], [ 14.879387249610431, 55.232740330113025 ], [ 14.87946746104409, 55.232674648498708 ], [ 14.879578357774239, 55.232559579731841 ], [ 14.879811045773989, 55.232357930949973 ], [ 14.879827189002762, 55.232339604108844 ], [ 14.879946158106311, 55.232204482679521 ], [ 14.88000066912443, 55.232164620748691 ], [ 14.880024706804594, 55.232147055528905 ], [ 14.880154550065662, 55.232046770871797 ], [ 14.880213996341901, 55.231984703513085 ], [ 14.880323994720607, 55.231779956047028 ], [ 14.880394732092373, 55.23169871594633 ], [ 14.88048784150434, 55.231605689750353 ], [ 14.88055851490271, 55.23152998031717 ], [ 14.880561677107185, 55.231525803181519 ], [ 14.880611623443569, 55.23145969358864 ], [ 14.880675951558866, 55.231376665577379 ], [ 14.880749668474442, 55.231314709082127 ], [ 14.880826626986122, 55.231244538322471 ], [ 14.88089737077204, 55.231152395241082 ], [ 14.880983904958946, 55.231081365184977 ], [ 14.881041657851735, 55.23102394363508 ], [ 14.881134457763885, 55.230962999623991 ], [ 14.881303505105663, 55.23093337981215 ], [ 14.88143586625128, 55.230910044382085 ], [ 14.881509189335675, 55.230904805747002 ], [ 14.881594993692854, 55.230933434960448 ], [ 14.881668214204396, 55.230938248261864 ], [ 14.881728909174244, 55.230917406289279 ], [ 14.881754285589745, 55.230933041111129 ], [ 14.881789047255769, 55.230972484424875 ], [ 14.881910181732694, 55.230960989911623 ], [ 14.881996083365648, 55.230975911955056 ], [ 14.8820534697141, 55.230970597547405 ], [ 14.882083961741076, 55.230939611685685 ], [ 14.882042924909246, 55.230884600109228 ], [ 14.881938570738646, 55.230779102618143 ], [ 14.881932379970538, 55.230751655559381 ], [ 14.88197903853021, 55.23068506514511 ], [ 14.882074975269873, 55.230632341199502 ], [ 14.882129223521964, 55.230620624521428 ], [ 14.882170616722608, 55.230626238716617 ], [ 14.882185091770406, 55.230607082926191 ], [ 14.882155188437828, 55.230552154065968 ], [ 14.88217919854104, 55.23053303222769 ], [ 14.882278138223255, 55.23051048413658 ], [ 14.882342042293358, 55.23048600254215 ], [ 14.882339076847925, 55.230453105867682 ], [ 14.882253338232738, 55.230407152712431 ], [ 14.882217023039626, 55.230356792311966 ], [ 14.882210943022836, 55.230318392557066 ], [ 14.882252592307548, 55.230287443143041 ], [ 14.882294198651126, 55.230262905752156 ], [ 14.882305831928974, 55.230210838283121 ], [ 14.882239790056945, 55.230131099345307 ], [ 14.882217858651352, 55.230094474626917 ], [ 14.882237218992831, 55.230064378248969 ], [ 14.88227442043406, 55.229998713270142 ], [ 14.88227802463693, 55.229954866567311 ], [ 14.882265703545738, 55.229910061644468 ], [ 14.882289786936044, 55.229885480558465 ], [ 14.882395538395652, 55.229813420784062 ], [ 14.882417870049119, 55.22979817923629 ], [ 14.882571173671034, 55.229739294858007 ], [ 14.88269708307279, 55.229715927915379 ], [ 14.882725592551743, 55.229731555009835 ], [ 14.882745888776997, 55.229771814833008 ], [ 14.882855245098863, 55.229820577324944 ], [ 14.882955518494166, 55.229816302728906 ], [ 14.883040126207584, 55.22978825338199 ], [ 14.883073887588496, 55.229751806443119 ], [ 14.883047197820988, 55.229713368429117 ], [ 14.883058473209385, 55.229696969102086 ], [ 14.88309210383178, 55.229672403122102 ], [ 14.883097312760691, 55.229626741206708 ], [ 14.883054778779734, 55.229578212365205 ], [ 14.883063346468848, 55.229510664305828 ], [ 14.883076688698068, 55.229443128341217 ], [ 14.882991833845278, 55.229321446788681 ], [ 14.882979466371378, 55.229279417017004 ], [ 14.882975084916929, 55.229235578474004 ], [ 14.882999268229392, 55.229199126754736 ], [ 14.883116382281932, 55.22909543005678 ], [ 14.88318992430705, 55.229054573804547 ], [ 14.883354401005285, 55.228991177581108 ], [ 14.883459936872326, 55.228936727600079 ], [ 14.883559127590145, 55.228879532571149 ], [ 14.883575437664007, 55.228835764274613 ], [ 14.883569326557046, 55.228804712319672 ], [ 14.883517505546671, 55.228725168314895 ], [ 14.883519414264295, 55.228687750515306 ], [ 14.883532478811833, 55.228648550600134 ], [ 14.883607916829202, 55.228576686843617 ], [ 14.883686394970654, 55.228523968865794 ], [ 14.883823854670524, 55.228456846540027 ], [ 14.884018849300485, 55.228371617491604 ], [ 14.884169106633546, 55.228303596438522 ], [ 14.884365704478776, 55.22822016179537 ], [ 14.884554300426768, 55.228140346019963 ], [ 14.884682124725021, 55.228090497079421 ], [ 14.884800455574709, 55.228038766685955 ], [ 14.884953796631326, 55.227985305893306 ], [ 14.885094407220436, 55.227933631345593 ], [ 14.885227085536426, 55.227878280265259 ], [ 14.885375648906891, 55.227831172015144 ], [ 14.885506661743246, 55.227781275870811 ], [ 14.885591347544603, 55.227751348232076 ], [ 14.885904748571962, 55.227614218910993 ], [ 14.886211657249804, 55.227493454936031 ], [ 14.886294651988365, 55.227472638418476 ], [ 14.886379047186708, 55.227476475682231 ], [ 14.886726839170185, 55.227408729330868 ], [ 14.887074700286016, 55.227332741058497 ], [ 14.887462526302672, 55.227241276677887 ], [ 14.887723998237373, 55.227208910170205 ], [ 14.888239242158672, 55.22711125595697 ], [ 14.888558215210066, 55.227054316559283 ], [ 14.888797525144378, 55.227006338679438 ], [ 14.889097324208297, 55.226957555585166 ], [ 14.889397309562458, 55.226888677470505 ], [ 14.88964147710821, 55.226832468129608 ], [ 14.889770683108202, 55.22680528770325 ], [ 14.890244998586915, 55.226677259974508 ], [ 14.890486115661513, 55.226625562987593 ], [ 14.890891539023364, 55.22653698000574 ], [ 14.891081811866794, 55.226486241396096 ], [ 14.891243337534489, 55.22643177258692 ], [ 14.891355108955493, 55.226471425634415 ], [ 14.891425371036068, 55.226483524421276 ], [ 14.891516503041895, 55.226465460952575 ], [ 14.891553383791933, 55.226416130283539 ], [ 14.891572743960019, 55.226354864476662 ], [ 14.891572899871697, 55.226295375367194 ], [ 14.891711879711757, 55.226306719425509 ], [ 14.891799803981154, 55.226287739812761 ], [ 14.891841489654597, 55.226238419313553 ], [ 14.891876738972073, 55.226197315119741 ], [ 14.89195348510847, 55.226179219097546 ], [ 14.892036580799019, 55.226180360470508 ], [ 14.892156407974275, 55.226183422145944 ], [ 14.892408910103676, 55.226164876071138 ], [ 14.892659844977834, 55.226128012660858 ], [ 14.892818114198414, 55.226095468272554 ], [ 14.892930125796527, 55.226040848758224 ], [ 14.892997296658168, 55.226007155056557 ], [ 14.893021620577786, 55.225992111943377 ], [ 14.893070911083175, 55.225961580426429 ], [ 14.893262803430522, 55.225902576206565 ], [ 14.89365790955846, 55.22572233977337 ], [ 14.893809800321916, 55.22568153248821 ], [ 14.893937722265006, 55.22564616310418 ], [ 14.894044735201229, 55.225656497060413 ], [ 14.894099009310612, 55.225674959976153 ], [ 14.89415328081714, 55.225693404989393 ], [ 14.894197992476849, 55.225694442756478 ], [ 14.894308299499913, 55.22566816438043 ], [ 14.894375407761034, 55.225668350532523 ], [ 14.894410467186592, 55.225699556412657 ], [ 14.894466104432594, 55.225804065115305 ], [ 14.894509092844437, 55.225869178385302 ], [ 14.89462883505135, 55.225896936467684 ], [ 14.894730839654004, 55.225934548107013 ], [ 14.894785111055572, 55.225931863224211 ], [ 14.894861796364983, 55.225918251670542 ], [ 14.894906446027445, 55.225921948022702 ], [ 14.894933468142257, 55.225943883360685 ], [ 14.894986195670775, 55.225934827206103 ], [ 14.895011848795781, 55.225908366669778 ], [ 14.895002457563601, 55.225870019750467 ], [ 14.894959637365869, 55.225813370141331 ], [ 14.894916648577205, 55.225790507302236 ], [ 14.894788911799756, 55.22578200698117 ], [ 14.894710681845972, 55.225759835114928 ], [ 14.894642195791334, 55.225678177338104 ], [ 14.89461673833061, 55.225635999767142 ], [ 14.894639176979993, 55.225606769214771 ], [ 14.894679101402719, 55.225616942660096 ], [ 14.894785963265855, 55.225682200531878 ], [ 14.894851441887628, 55.225697941280231 ], [ 14.894778122930788, 55.225629995092206 ], [ 14.894682373813623, 55.225585814305546 ], [ 14.894727233930441, 55.225531909430771 ], [ 14.894810426142611, 55.225490928966082 ], [ 14.894895112631861, 55.225479234221417 ], [ 14.894957393356433, 55.225492213014974 ], [ 14.895006783767291, 55.225544528841297 ], [ 14.895083400256524, 55.225574935291704 ], [ 14.89516172067755, 55.225565979747728 ], [ 14.895184154887936, 55.225532157855667 ], [ 14.895169916052854, 55.225475365088521 ], [ 14.895256297176624, 55.225438046905005 ], [ 14.895302804855049, 55.22537041362861 ], [ 14.895384296644327, 55.22536786724153 ], [ 14.895416135706844, 55.225405494942393 ], [ 14.895475223579439, 55.225417547926945 ], [ 14.895555148567674, 55.225401258043433 ], [ 14.895614231101129, 55.225408710773046 ], [ 14.895661773014874, 55.225477222039437 ], [ 14.895706094283948, 55.225552155412927 ], [ 14.8957476266143, 55.225543974804019 ], [ 14.895824705500624, 55.225442700954261 ], [ 14.895875844811529, 55.225428148642131 ], [ 14.895904437461734, 55.225455571371029 ], [ 14.895951763475905, 55.225574310811247 ], [ 14.895973032458484, 55.225459303682996 ], [ 14.895992560592354, 55.225377142268016 ], [ 14.896039092605328, 55.225322417559674 ], [ 14.896075428600446, 55.2254037158757 ], [ 14.896096324677391, 55.225368131794667 ], [ 14.896101366559297, 55.225315184733731 ], [ 14.896111027714008, 55.225296017399863 ], [ 14.896144355591099, 55.2253426115821 ], [ 14.896194985724456, 55.225432138583905 ], [ 14.896253875072041, 55.225465987683265 ], [ 14.896341845776135, 55.225425908777822 ], [ 14.896385184296607, 55.225365693998718 ], [ 14.896387065345298, 55.225307264409487 ], [ 14.89636194674533, 55.225214105679278 ], [ 14.896370254112709, 55.22514655070313 ], [ 14.896432753657335, 55.225085442790274 ], [ 14.896523980253328, 55.225029847007356 ], [ 14.89658462838624, 55.225022593726237 ], [ 14.896640196599613, 55.225088401700305 ], [ 14.896721495254093, 55.225109496212305 ], [ 14.89676147186743, 55.22509126248729 ], [ 14.896788708571197, 55.225068478922047 ], [ 14.896823829853423, 55.225057538851829 ], [ 14.896863782751637, 55.225045725264593 ], [ 14.896950407990337, 55.224946292386853 ], [ 14.897005775385532, 55.225053189901303 ], [ 14.897011928548014, 55.225107061587501 ], [ 14.897010172394376, 55.225142662954738 ], [ 14.897053175088097, 55.225163705815888 ], [ 14.897105863630562, 55.225152805009174 ], [ 14.897168303927065, 55.225111784898964 ], [ 14.897214796237758, 55.225062535343064 ], [ 14.897259730045842, 55.225005970017349 ], [ 14.897328453295756, 55.224981390392465 ], [ 14.897411446956365, 55.224982388923515 ], [ 14.89743368058873, 55.225002512312443 ], [ 14.897396739634294, 55.225055413033395 ], [ 14.897406187351937, 55.225083727915255 ], [ 14.897402864971999, 55.225113868509112 ], [ 14.897447451109498, 55.225135815749944 ], [ 14.897496920424446, 55.22513039157829 ], [ 14.897557643366341, 55.225114941594583 ], [ 14.897666258477729, 55.225094053800383 ], [ 14.897699860842314, 55.225073094951789 ], [ 14.89768729833353, 55.22502560205303 ], [ 14.897685960338922, 55.224969903334845 ], [ 14.897730941000647, 55.224904215661724 ], [ 14.897762925260679, 55.224891455836207 ], [ 14.897810674588701, 55.22491890330825 ], [ 14.897858182683713, 55.224995653036643 ], [ 14.897906021533931, 55.225007575229718 ], [ 14.898065882411354, 55.224940186580227 ], [ 14.898171420909721, 55.224894653704467 ], [ 14.898296130731657, 55.224841825793433 ], [ 14.898425627600114, 55.224787190041205 ], [ 14.898452909391253, 55.22474795568256 ], [ 14.898426053879168, 55.224689488466595 ], [ 14.898428035081341, 55.224604594541802 ], [ 14.898425533457649, 55.224571936520654 ], [ 14.898422014094484, 55.224526057670026 ], [ 14.898411089301666, 55.224471247098315 ], [ 14.898363211888253, 55.22447211103092 ], [ 14.89831056504533, 55.224470235353245 ], [ 14.898317206018291, 55.224415455001491 ], [ 14.898374852149109, 55.224372605105359 ], [ 14.89848518518899, 55.22431885381399 ], [ 14.89854917647336, 55.224283312445465 ], [ 14.89858271451139, 55.224278795644828 ], [ 14.898609568604043, 55.224337253890702 ], [ 14.898633442080394, 55.224350068230848 ], [ 14.898692432460976, 55.224361998321086 ], [ 14.89870639747374, 55.224446937978101 ], [ 14.89876185956582, 55.224535563416289 ], [ 14.898831842283792, 55.224587689099508 ], [ 14.898871779349793, 55.22457768516422 ], [ 14.898894386745095, 55.224519276308826 ], [ 14.898880301010848, 55.224457182749994 ], [ 14.898853368202465, 55.224412412702634 ], [ 14.898802526592165, 55.224362122368824 ], [ 14.898780441635306, 55.224306403745658 ], [ 14.898787020237675, 55.224260755266343 ], [ 14.898803002971212, 55.224257126030977 ], [ 14.898842725485226, 55.224297341399584 ], [ 14.89888720141211, 55.224343051975794 ], [ 14.898933377825928, 55.224363192974977 ], [ 14.898949459825944, 55.224337636964158 ], [ 14.898941673597969, 55.224291983113055 ], [ 14.898934008980573, 55.224223492133497 ], [ 14.898940556997845, 55.224186974015282 ], [ 14.898969186048161, 55.224207101976837 ], [ 14.899059772262556, 55.22429213273881 ], [ 14.8991377686059, 55.22433787358186 ], [ 14.899211056783631, 55.224359859193086 ], [ 14.899265348777027, 55.224351706511491 ], [ 14.899320012290987, 55.224263212328545 ], [ 14.899331498419368, 55.224188354534895 ], [ 14.899317370722189, 55.224139029093692 ], [ 14.899279372177142, 55.224069588001178 ], [ 14.899284479836849, 55.224003853455109 ], [ 14.899319702040374, 55.223973767659416 ], [ 14.899377013780985, 55.224005792189203 ], [ 14.8996169861531, 55.224225207809454 ], [ 14.899726723810021, 55.224303862202412 ], [ 14.89984472545161, 55.224323191854353 ], [ 14.899972391614847, 55.224322435244908 ], [ 14.900050666964699, 55.224301531846869 ], [ 14.900076452026822, 55.224245867459594 ], [ 14.900048004974542, 55.224184650877859 ], [ 14.900002013919288, 55.224120684397342 ], [ 14.899983163471555, 55.224056742454046 ], [ 14.899969105653723, 55.223990074177486 ], [ 14.899969280686534, 55.223948085365222 ], [ 14.900042528272724, 55.223985602364635 ], [ 14.900115643063337, 55.224047784592848 ], [ 14.900193614332306, 55.224099927023396 ], [ 14.900281247722583, 55.224130164769008 ], [ 14.900283017130217, 55.224082687866193 ], [ 14.900240313232478, 55.223998647644628 ], [ 14.90019437245717, 55.22392918705188 ], [ 14.900154983086505, 55.22382048020215 ], [ 14.900183813018105, 55.223792216781348 ], [ 14.900277981767335, 55.223787773490734 ], [ 14.900405681579196, 55.223776967557768 ], [ 14.90049499000996, 55.223792611245273 ], [ 14.900562051415104, 55.223785395815071 ], [ 14.900693041292026, 55.223751778727696 ], [ 14.900758423703351, 55.223764649019138 ], [ 14.90085255334164, 55.223768426789263 ], [ 14.900855544479365, 55.223813169902932 ], [ 14.900912851178964, 55.223841547817429 ], [ 14.900992758922913, 55.223814253550458 ], [ 14.901051820276278, 55.223811603411143 ], [ 14.90118767074034, 55.223769782364236 ], [ 14.901229293600821, 55.22373423570501 ], [ 14.901258296452296, 55.223673103162753 ], [ 14.901311113341103, 55.223643045127858 ], [ 14.90146449186715, 55.223599418774725 ], [ 14.901563530990092, 55.223578568948824 ], [ 14.901671990813716, 55.223592408996758 ], [ 14.901785251338206, 55.223599866985843 ], [ 14.901855337042806, 55.223625526556006 ], [ 14.901898232791375, 55.223665776028177 ], [ 14.901958911347748, 55.223661291386748 ], [ 14.902110742960913, 55.223611284225456 ], [ 14.902142801563317, 55.223575715306829 ], [ 14.902135155259225, 55.223506323218118 ], [ 14.902159234114745, 55.223469836203328 ], [ 14.902211869651937, 55.223480866646895 ], [ 14.902285081550303, 55.223522057225644 ], [ 14.902323919169573, 55.223524808520274 ], [ 14.902337719267308, 55.223525786183856 ], [ 14.902462455921128, 55.223471187871972 ], [ 14.902550421794809, 55.22342383010465 ], [ 14.902623966928333, 55.223391991019973 ], [ 14.902830059337862, 55.223345731958339 ], [ 14.90302019371549, 55.223292135647696 ], [ 14.903170411081271, 55.223250362059545 ], [ 14.903335026293673, 55.223192179260757 ], [ 14.903483637537331, 55.223147656338689 ], [ 14.903574795282157, 55.223105787616959 ], [ 14.903654756505805, 55.22306848671775 ], [ 14.90382581387637, 55.223003004204031 ], [ 14.904003364748368, 55.222915617240496 ], [ 14.904115259683074, 55.222872876239904 ], [ 14.904251152363694, 55.222821947633769 ], [ 14.904393421454442, 55.222769205760173 ], [ 14.904441388664337, 55.22275285007256 ], [ 14.904560977591391, 55.222773124326132 ], [ 14.904650311682945, 55.222780571065776 ], [ 14.904816420364305, 55.222746135259285 ], [ 14.904913797031616, 55.222742630861298 ], [ 14.905050949745954, 55.222761124401408 ], [ 14.905162623760155, 55.22276586534155 ], [ 14.905218436333941, 55.222777820532563 ], [ 14.905275656535585, 55.222827222366277 ], [ 14.905321897254206, 55.222833691462846 ], [ 14.90540668343046, 55.222792733928273 ], [ 14.905451414137026, 55.222781837716909 ], [ 14.905564620454763, 55.222803033173641 ], [ 14.90562378988511, 55.222776643896445 ], [ 14.905657271965275, 55.22278765778676 ], [ 14.905704885150628, 55.222846168802207 ], [ 14.905762301101056, 55.222851743853028 ], [ 14.905866203742033, 55.222811721111164 ], [ 14.90595910750948, 55.222738813770057 ], [ 14.906026309756459, 55.222700564442391 ], [ 14.906072632744745, 55.222692435568973 ], [ 14.906181041900028, 55.222714520669953 ], [ 14.906300741053808, 55.222715611710825 ], [ 14.906417312566042, 55.222703926403121 ], [ 14.906541917015309, 55.222673070738736 ], [ 14.906658566450655, 55.222642205243034 ], [ 14.90681835842987, 55.222594956259769 ], [ 14.906943006510469, 55.222562279461876 ], [ 14.907109149820666, 55.222528730043919 ], [ 14.90716338040068, 55.222532478533857 ], [ 14.90720635291199, 55.22256357555964 ], [ 14.907278115832002, 55.222579211354756 ], [ 14.90738348291738, 55.222570239131215 ], [ 14.907540084815913, 55.222528446858249 ], [ 14.907754288508784, 55.222453867087935 ], [ 14.90790137470392, 55.222407504033988 ], [ 14.908034089899708, 55.22235653634695 ], [ 14.908186071556461, 55.222282728293173 ], [ 14.908269258307859, 55.222243538912856 ], [ 14.908256602006638, 55.222222501902536 ], [ 14.908394153117699, 55.222165086811152 ], [ 14.908615002405398, 55.222056529647482 ], [ 14.908698138369779, 55.222036491599916 ], [ 14.908790946258542, 55.221990838369116 ], [ 14.908907834045101, 55.221924109452779 ], [ 14.909002285828608, 55.221876593585044 ], [ 14.909074358156984, 55.221835431922429 ], [ 14.909138436593548, 55.221793362280458 ], [ 14.909188094827394, 55.22176499359994 ], [ 14.909279217562469, 55.22173576214167 ], [ 14.909461458745524, 55.22169379255029 ], [ 14.90957641550567, 55.221687476294093 ], [ 14.909764763310701, 55.221695886835903 ], [ 14.909852567283922, 55.221692312483498 ], [ 14.910025098308624, 55.22167051235062 ], [ 14.910093766078324, 55.221664176745371 ], [ 14.910210329635325, 55.221658817118609 ], [ 14.910267820208954, 55.221654312117735 ], [ 14.910371736426795, 55.22162332358657 ], [ 14.910483651919396, 55.221585022881918 ], [ 14.910581164545141, 55.221558630823829 ], [ 14.910712134180944, 55.221539588217603 ], [ 14.91084796203558, 55.221509586821973 ], [ 14.910993411326013, 55.221470474735753 ], [ 14.911089301212371, 55.221446835007299 ], [ 14.911236252253602, 55.221426924864971 ], [ 14.911354603684426, 55.221384151084713 ], [ 14.911501776392711, 55.221304864563855 ], [ 14.911430053405191, 55.22127827278878 ], [ 14.91144448026254, 55.221263670883431 ], [ 14.911564391261061, 55.221223656979006 ], [ 14.911679513817832, 55.221180886789888 ], [ 14.911799532993825, 55.221114398783961 ], [ 14.911949839767569, 55.221057988773985 ], [ 14.912066601459056, 55.221000625780903 ], [ 14.912149827560972, 55.220953275007673 ], [ 14.912333713588048, 55.220883239853656 ], [ 14.912495294052452, 55.22081137209387 ], [ 14.912605562109562, 55.220781396111363 ], [ 14.912682319731667, 55.2207605400068 ], [ 14.91283102068938, 55.220709653698407 ], [ 14.91295574831609, 55.220673347394609 ], [ 14.913067658989952, 55.220643408130435 ], [ 14.91316839217331, 55.220619846242514 ], [ 14.91329936041833, 55.220610028803996 ], [ 14.913753388302071, 55.220526844258394 ], [ 14.913897248942794, 55.220514346446144 ], [ 14.914060191288328, 55.220522869499582 ], [ 14.914191070859159, 55.220564201086596 ], [ 14.914233910908207, 55.220636391557768 ], [ 14.914257349226217, 55.220758843833387 ], [ 14.914290924839291, 55.220753339417051 ], [ 14.914332444735145, 55.220761637200674 ], [ 14.914410521369655, 55.2208147199783 ], [ 14.914515775520721, 55.220867876174438 ], [ 14.914560474480062, 55.220878909188777 ], [ 14.914600543566079, 55.220857990892995 ], [ 14.914677674902398, 55.220818596273922 ], [ 14.914712685253871, 55.220800723931362 ], [ 14.914760688106956, 55.220788035457588 ], [ 14.91479903718108, 55.220794497679449 ], [ 14.914937705592106, 55.220884227551984 ], [ 14.914983981733586, 55.220902575104958 ], [ 14.915023981460747, 55.220899918005905 ], [ 14.915120113490351, 55.220855394390284 ], [ 14.915182559105951, 55.220836367292748 ], [ 14.915246537451631, 55.220831022093996 ], [ 14.915289680025799, 55.220839321641513 ], [ 14.915345414125659, 55.220885973342689 ], [ 14.915391534191684, 55.220940826276035 ], [ 14.915461743051042, 55.220971090599754 ], [ 14.915544817026229, 55.220984946816372 ], [ 14.915661702496333, 55.220956905799376 ], [ 14.915725651696604, 55.220960672750998 ], [ 14.915765324266451, 55.221020979929605 ], [ 14.915814849753728, 55.221033857349028 ], [ 14.915910844337047, 55.221023109836182 ], [ 14.915990815598494, 55.221019614983128 ], [ 14.916096336541891, 55.221021656155543 ], [ 14.9161425881149, 55.221043641670583 ], [ 14.916161529628166, 55.22109385679601 ], [ 14.916177275898987, 55.221144083342097 ], [ 14.916239353023418, 55.221203498322758 ], [ 14.916314351385779, 55.221231017314601 ], [ 14.916389454236423, 55.22123755430372 ], [ 14.916435941856758, 55.221215746881882 ], [ 14.916440855948771, 55.221193855671899 ], [ 14.916396355595294, 55.221139950617307 ], [ 14.916402884743423, 55.221114415654682 ], [ 14.916470252164677, 55.221074396598631 ], [ 14.916475265603307, 55.221032441977378 ], [ 14.916295085444641, 55.220931751380832 ], [ 14.916260117671897, 55.220886970596474 ], [ 14.916274720504799, 55.220847754443014 ], [ 14.916340477201812, 55.220808660102279 ], [ 14.91644619116796, 55.220776039206363 ], [ 14.916555060712538, 55.220747054906141 ], [ 14.916692760428074, 55.220710842689556 ], [ 14.916812790650708, 55.220685528438985 ], [ 14.916911960452437, 55.220677497534147 ], [ 14.916996637205635, 55.220686782282769 ], [ 14.917058847004681, 55.220713347622429 ], [ 14.916884580926308, 55.220716678315256 ], [ 14.916893999034409, 55.220748621633703 ], [ 14.916951375940441, 55.220787045024231 ], [ 14.917032917139819, 55.220784472398762 ], [ 14.917130612530991, 55.220743589265069 ], [ 14.917279653942323, 55.220667211422011 ], [ 14.917321275000031, 55.220657254280475 ], [ 14.917365915600094, 55.220677409108418 ], [ 14.917426437441831, 55.220721297074157 ], [ 14.917542841914504, 55.220768929446983 ], [ 14.91759715773801, 55.220776324283761 ], [ 14.917616475731796, 55.220743504630619 ], [ 14.917583089944937, 55.220707875232485 ], [ 14.917520996862514, 55.220665810383878 ], [ 14.917527574657393, 55.220630243678777 ], [ 14.91765377136524, 55.220632276547612 ], [ 14.917744982886761, 55.220606869438946 ], [ 14.917940245021047, 55.220531446225252 ], [ 14.917991167051268, 55.220527158165197 ], [ 14.918036151040946, 55.220523393178993 ], [ 14.91815424311932, 55.220548201349963 ], [ 14.918278638930058, 55.220592175985246 ], [ 14.918402986773577, 55.22063614383169 ], [ 14.918485987741347, 55.220645383074086 ], [ 14.918537216556468, 55.220622641785795 ], [ 14.918558189639516, 55.220579793122972 ], [ 14.918518386331789, 55.220552362943302 ], [ 14.918376446811902, 55.220510187806099 ], [ 14.918298348963235, 55.220470847016365 ], [ 14.918252272367189, 55.220419693202714 ], [ 14.918268354557641, 55.220397825478379 ], [ 14.918380338425614, 55.220355084415097 ], [ 14.918393253074063, 55.22032590739736 ], [ 14.918343967950747, 55.220273829440941 ], [ 14.918344114791939, 55.220240979489105 ], [ 14.918412959563582, 55.220202759972054 ], [ 14.918488270650794, 55.220148110353286 ], [ 14.918557057890174, 55.220123569047942 ], [ 14.918646500961534, 55.220112733067381 ], [ 14.918876523352909, 55.220092974073395 ], [ 14.919072983346993, 55.220076793141025 ], [ 14.919368507048196, 55.220042473751121 ], [ 14.919539414712121, 55.220017146605038 ], [ 14.91973437557672, 55.219973569508852 ], [ 14.919882958766118, 55.219943638892438 ], [ 14.920228469477248, 55.219896341100991 ], [ 14.920266312138402, 55.219891158398376 ], [ 14.920438764782634, 55.219872191852005 ], [ 14.9210797141721, 55.219752301278362 ], [ 14.921537562826746, 55.219755365461431 ], [ 14.921835186246334, 55.219757354742121 ], [ 14.92194514467497, 55.219714267743015 ], [ 14.922077399112958, 55.219658372798314 ], [ 14.922329050667926, 55.219530166059783 ], [ 14.922416372198558, 55.219434208317082 ], [ 14.922580035722717, 55.219282431569106 ], [ 14.922823183825749, 55.219061168898428 ], [ 14.92302473766866, 55.218879411373997 ], [ 14.923484287551606, 55.218465024411124 ], [ 14.923537193533761, 55.218504175748919 ], [ 14.92358987511582, 55.218495865223474 ], [ 14.923594299968936, 55.218432898793466 ], [ 14.923812109033788, 55.218394458745841 ], [ 14.924069785040667, 55.218349007151026 ], [ 14.924122724636137, 55.218392712121435 ], [ 14.924178577092103, 55.218386236496968 ], [ 14.924216585197843, 55.218325027812917 ], [ 14.924253157053457, 55.218299396910169 ], [ 14.924318748259516, 55.21831662874056 ], [ 14.924385983399949, 55.218347528009339 ], [ 14.924441906968742, 55.218351987436655 ], [ 14.924505719498601, 55.218336372876266 ], [ 14.924574173665167, 55.218297916574322 ], [ 14.924620453786615, 55.218288711116543 ], [ 14.924654068343791, 55.218305988429321 ], [ 14.924656001945257, 55.218367123596131 ], [ 14.924694482815706, 55.21839169027767 ], [ 14.924793647681886, 55.218415253502656 ], [ 14.924926192519424, 55.218415015635109 ], [ 14.925037908795289, 55.21840203605143 ], [ 14.925076099038, 55.218377334357825 ], [ 14.925079053494656, 55.218332616526574 ], [ 14.925051546148147, 55.218269693599012 ], [ 14.92496794636307, 55.218171286401791 ], [ 14.92497254566536, 55.218132952574209 ], [ 14.925036130721946, 55.218082651243229 ], [ 14.925029529436971, 55.218045241363214 ], [ 14.925093365029976, 55.21803327156627 ], [ 14.925165183723962, 55.218025837335873 ], [ 14.925268783063842, 55.217989161040435 ], [ 14.925315102842955, 55.217990892018435 ], [ 14.925401443476924, 55.21800808437591 ], [ 14.925468535874181, 55.218008874965228 ], [ 14.925492448384208, 55.21800153351424 ], [ 14.925503469251588, 55.217975959053156 ], [ 14.925495323432274, 55.217944035266626 ], [ 14.925453585564547, 55.217903962345055 ], [ 14.925435869829036, 55.217879356234874 ], [ 14.925443709996003, 55.217853783740807 ], [ 14.92547077452876, 55.217840967902156 ], [ 14.925507547248531, 55.217846369153207 ], [ 14.925539617673204, 55.217869132280015 ], [ 14.925584493369767, 55.21789824864252 ], [ 14.925632457088394, 55.217904562932695 ], [ 14.925681870267955, 55.217889865574676 ], [ 14.925736043438404, 55.217864213626235 ], [ 14.925748631276996, 55.217834997577491 ], [ 14.925738916821848, 55.21780945235809 ], [ 14.925662215875404, 55.217799560028816 ], [ 14.925540882567706, 55.217809812868673 ], [ 14.925551890383415, 55.217778765211357 ], [ 14.925593241339246, 55.217746751902254 ], [ 14.925672970189712, 55.217725625400504 ], [ 14.925746332798285, 55.217705421326627 ], [ 14.92583224220496, 55.217649602010063 ], [ 14.925865804135316, 55.217652269674467 ], [ 14.925901010942635, 55.217664067233549 ], [ 14.925950578429315, 55.21767311216292 ], [ 14.925995260409785, 55.217667558239661 ], [ 14.926033373678097, 55.217629148385463 ], [ 14.92606693217933, 55.217632743470809 ], [ 14.926145401279037, 55.21767001752854 ], [ 14.926190120184209, 55.217673581778591 ], [ 14.926236393087725, 55.217665285331194 ], [ 14.926266620044657, 55.21764516677414 ], [ 14.926266489532326, 55.217620531905247 ], [ 14.926235928570348, 55.217580436626683 ], [ 14.926264520066614, 55.217552097011904 ], [ 14.926309236653228, 55.217551105806209 ], [ 14.926363571771446, 55.217560125246884 ], [ 14.92640220046489, 55.217612080340409 ], [ 14.926438982696659, 55.217621136064231 ], [ 14.926477149476542, 55.217591852500497 ], [ 14.926496062160888, 55.217545285363727 ], [ 14.926524628252956, 55.217516037616676 ], [ 14.926569198385685, 55.217487666299881 ], [ 14.926741328314899, 55.217427130274274 ], [ 14.926802029758631, 55.217427943540748 ], [ 14.926835560188652, 55.217427866550814 ], [ 14.926840513209171, 55.217457064948618 ], [ 14.92682634377814, 55.217495415260565 ], [ 14.926796226683528, 55.217533795719397 ], [ 14.92679008041692, 55.21757578826999 ], [ 14.92681417732781, 55.217602207847783 ], [ 14.926854087483761, 55.217599398054411 ], [ 14.926914540527729, 55.217556414729479 ], [ 14.926966963942629, 55.217505206920137 ], [ 14.927000393715115, 55.217488722303543 ], [ 14.927043498717239, 55.217485900748557 ], [ 14.927109061787714, 55.217502205126387 ], [ 14.927224369371441, 55.217557669331228 ], [ 14.927262717279875, 55.217560328366169 ], [ 14.927305804517133, 55.21755569797979 ], [ 14.927302491352361, 55.217531056199036 ], [ 14.927233548996886, 55.217488294756038 ], [ 14.927094322744527, 55.217436535436342 ], [ 14.927081342815919, 55.217401876392792 ], [ 14.927167418154992, 55.217372525835323 ], [ 14.927184856809804, 55.217345116813085 ], [ 14.927170374990004, 55.217326889468602 ], [ 14.927099986509784, 55.217304203153368 ], [ 14.927077553866797, 55.217288731189669 ], [ 14.927122179874283, 55.217276787426016 ], [ 14.927198852487082, 55.217278469448637 ], [ 14.927278702368856, 55.217281076889464 ], [ 14.92733290250551, 55.217260896697347 ], [ 14.92736302846008, 55.217223424959215 ], [ 14.927364375179767, 55.217181459280084 ], [ 14.92738007848461, 55.217129430556696 ], [ 14.927413448721763, 55.217101992048676 ], [ 14.927462878514248, 55.21708731111849 ], [ 14.92752198943387, 55.217092667048775 ], [ 14.927491843232229, 55.217128312207983 ], [ 14.92750156658134, 55.217149265340268 ], [ 14.927531958704638, 55.21715834416753 ], [ 14.927591066209489, 55.217161881624541 ], [ 14.927666045438221, 55.217149889297978 ], [ 14.927717066028404, 55.217132465812455 ], [ 14.927712101656894, 55.217105095600765 ], [ 14.927649617075184, 55.217066881183271 ], [ 14.927633518091618, 55.217045941800265 ], [ 14.927641342407931, 55.217020378899882 ], [ 14.927676421306842, 55.217009359534899 ], [ 14.927757846883564, 55.217003742095741 ], [ 14.927858414782854, 55.21699808259887 ], [ 14.927925692584347, 55.217032642064183 ], [ 14.927967239831741, 55.21703711653651 ], [ 14.928021444324074, 55.217021509339439 ], [ 14.928053167811468, 55.216983140242633 ], [ 14.928049700996818, 55.216934774009914 ], [ 14.928089639575894, 55.216661907891421 ], [ 14.928143557346711, 55.216590648946479 ], [ 14.92818867109739, 55.216662634123786 ], [ 14.928236860504784, 55.216710899419724 ], [ 14.928308957687381, 55.216750004281494 ], [ 14.928358600522545, 55.216774547735504 ], [ 14.928357360094228, 55.216832947782528 ], [ 14.928381521553538, 55.21686940228247 ], [ 14.928451958323899, 55.216902123864386 ], [ 14.928546370124753, 55.216932046800544 ], [ 14.92860059477111, 55.216918265965411 ], [ 14.928611506885421, 55.2168717104256 ], [ 14.92869892879971, 55.216802211610741 ], [ 14.928703455641008, 55.216754761019644 ], [ 14.928652158000798, 55.216725670842287 ], [ 14.928556065747781, 55.216676563477989 ], [ 14.928507905010932, 55.216633770738319 ], [ 14.928462930816531, 55.216587320427806 ], [ 14.928400474288082, 55.216550032343115 ], [ 14.928270016712826, 55.216490644437094 ], [ 14.92823574897068, 55.216453998471259 ], [ 14.928260744688645, 55.216421836316897 ], [ 14.928308082637953, 55.216389656108547 ], [ 14.928365358870035, 55.216374907291616 ], [ 14.928418340231492, 55.216385837410662 ], [ 14.928514923250646, 55.216422406733486 ], [ 14.928617881717818, 55.216456216278978 ], [ 14.928702832439209, 55.216468009177319 ], [ 14.928757035875106, 55.216459685119936 ], [ 14.928823280592452, 55.216412799108014 ], [ 14.928793792019302, 55.216374308694682 ], [ 14.928749935269284, 55.216337671309866 ], [ 14.928617290233747, 55.216255279697599 ], [ 14.928619889724239, 55.216224992820614 ], [ 14.928667458221854, 55.216202911608718 ], [ 14.928649073174343, 55.216160737669831 ], [ 14.928603651089983, 55.216125004849914 ], [ 14.928508209692987, 55.216066421581125 ], [ 14.928506088860168, 55.216038903732205 ], [ 14.928535696016759, 55.215998494955301 ], [ 14.928520495135531, 55.215955391476129 ], [ 14.928455722440056, 55.215911437111593 ], [ 14.928413618379833, 55.215883059960987 ], [ 14.928420934850008, 55.215848185624189 ], [ 14.928487097783988, 55.2157957939203 ], [ 14.928575695116626, 55.215746116493321 ], [ 14.928691318072586, 55.215689080102479 ], [ 14.92877216563295, 55.215652267617571 ], [ 14.928888350975534, 55.215625498769192 ], [ 14.928956683814146, 55.215603386168155 ], [ 14.929012005506703, 55.215570267126189 ], [ 14.929062161218143, 55.215516981129369 ], [ 14.929082678482006, 55.215454913058764 ], [ 14.929112788340101, 55.215395609263048 ], [ 14.92916376094742, 55.21535540078262 ], [ 14.929229058066097, 55.215303338948857 ], [ 14.929396450643935, 55.215220108141011 ], [ 14.929528474225286, 55.215078605907692 ], [ 14.929772118644046, 55.214883142146583 ], [ 14.929878930133581, 55.214830081471597 ], [ 14.929977710936225, 55.214762458361982 ], [ 14.93016283181769, 55.2147211350904 ], [ 14.930328750973548, 55.214666154235999 ], [ 14.93058526138849, 55.2145401767078 ], [ 14.930796898091506, 55.214444198000194 ], [ 14.930929119862546, 55.214401150560242 ], [ 14.931236627666804, 55.214304077321401 ], [ 14.931326353141708, 55.214326682068283 ], [ 14.931354981611657, 55.214312978234283 ], [ 14.931311571252937, 55.214284818863128 ], [ 14.931735374388994, 55.214151109178324 ], [ 14.931888307320483, 55.214098929401722 ], [ 14.932093627547259, 55.214012043445869 ], [ 14.932236986149622, 55.213962608132967 ], [ 14.932413786777561, 55.213902186658778 ], [ 14.93259356148773, 55.21381717652384 ], [ 14.932876386165939, 55.213646362028207 ], [ 14.932990976638171, 55.213597888489126 ], [ 14.933501989614324, 55.213377412422098 ], [ 14.933613023149663, 55.213272320619097 ], [ 14.933700359813624, 55.213199193706131 ], [ 14.933763657331317, 55.213118822160318 ], [ 14.933842382964794, 55.212959965223028 ], [ 14.93389350530507, 55.212960783149079 ], [ 14.933921944272694, 55.212917873010859 ], [ 14.933907440966856, 55.212900565794754 ], [ 14.934428817178253, 55.21254120271017 ], [ 14.934708675435903, 55.212360120777113 ], [ 14.934788128378848, 55.212313414664841 ], [ 14.934929596758625, 55.212237356131013 ], [ 14.935091691274977, 55.212146641837855 ], [ 14.935210404247803, 55.212031342135205 ], [ 14.935324869598253, 55.21196995291784 ], [ 14.93551885469906, 55.2118764476457 ], [ 14.935710168252799, 55.211834119832027 ], [ 14.93609229333077, 55.211705624856563 ], [ 14.936724226300276, 55.211478968748416 ], [ 14.937073167658459, 55.211384294943933 ], [ 14.937296435512275, 55.211340989200465 ], [ 14.937474979029258, 55.211301424877441 ], [ 14.937618017335074, 55.211257013133995 ], [ 14.93774414299031, 55.211217856766886 ], [ 14.93789213704936, 55.211160985466798 ], [ 14.938215095278899, 55.211031646046919 ], [ 14.938722334900051, 55.210800644049016 ], [ 14.938918576851909, 55.21073392393987 ], [ 14.939184029041666, 55.21064368243745 ], [ 14.939407243734998, 55.210597638300158 ], [ 14.939926942558015, 55.210481702877274 ], [ 14.939962321570775, 55.210501725703338 ], [ 14.940038800871561, 55.210480594907736 ], [ 14.940040057963905, 55.210448653558053 ], [ 14.940494307950436, 55.21033739000061 ], [ 14.940645761474572, 55.210302448691301 ], [ 14.940932837897025, 55.210249904793493 ], [ 14.941604015646076, 55.210103583377105 ], [ 14.942091811665351, 55.20999317693456 ], [ 14.942399565792448, 55.209929634323508 ], [ 14.942598865205911, 55.2098891196135 ], [ 14.942734141836542, 55.209834142198417 ], [ 14.943294038046256, 55.209725608055358 ], [ 14.943328631521489, 55.20971867702017 ], [ 14.94336741144998, 55.209710893079304 ], [ 14.943578020675425, 55.209677692492654 ], [ 14.943967083512868, 55.209575040361713 ], [ 14.944270191246474, 55.209521632446304 ], [ 14.944938532822743, 55.209386504441888 ], [ 14.945246638468037, 55.209367583624328 ], [ 14.945674624815116, 55.20937015936957 ], [ 14.946037209579547, 55.209376526714763 ], [ 14.94616980043155, 55.209387102344401 ], [ 14.946390536811515, 55.209410364174801 ], [ 14.94686254420793, 55.209466079661368 ], [ 14.947185553778052, 55.209505629393185 ], [ 14.947334966174774, 55.209523924808707 ], [ 14.94747220525514, 55.209540726876298 ], [ 14.947806742025762, 55.20959122603854 ], [ 14.94800057200694, 55.209634680974744 ], [ 14.948255421405259, 55.209704500182923 ], [ 14.948415795159177, 55.209758054422792 ], [ 14.948418010678038, 55.209814629747733 ], [ 14.948388297757031, 55.209873109474486 ], [ 14.948558465400927, 55.209945811160487 ], [ 14.948750602174945, 55.209998765094241 ], [ 14.948992927735189, 55.21006556741473 ], [ 14.949209788852789, 55.210164730281441 ], [ 14.949457086354203, 55.210242227221464 ], [ 14.949708317508879, 55.210320962663012 ], [ 14.949961491929596, 55.2103926880853 ], [ 14.950053175188652, 55.21041636260059 ], [ 14.950196985951647, 55.210453475251875 ], [ 14.950753137234702, 55.210569349041684 ], [ 14.951045867753656, 55.2106276209919 ], [ 14.951265818901302, 55.210688158661725 ], [ 14.951645356390491, 55.210792615295645 ], [ 14.952180759152965, 55.210983837603024 ], [ 14.955248187867618, 55.211446360096602 ], [ 14.955467012208565, 55.211561405823183 ], [ 14.955772341158838, 55.211753989157003 ], [ 14.95604013163274, 55.211940028954871 ], [ 14.956270306123242, 55.212102306163352 ], [ 14.956423366545602, 55.212229530543588 ], [ 14.956524471484304, 55.212345435501156 ], [ 14.956654405349022, 55.212621444935131 ], [ 14.956765002661111, 55.212902480174058 ], [ 14.95701057985524, 55.213110944095966 ], [ 14.95823321595978, 55.213656556372463 ], [ 14.95964702041651, 55.213942920239909 ], [ 14.960281095069705, 55.213767478052382 ], [ 14.960598085359599, 55.214113550391446 ], [ 14.961719439613178, 55.214194730791753 ], [ 14.962969327917136, 55.214094384942683 ], [ 14.96476831337657, 55.214146133771088 ], [ 14.965721672664207, 55.21422474281411 ], [ 14.966050051077739, 55.214339921648744 ], [ 14.966341297817435, 55.213908707584814 ], [ 14.966290030738032, 55.213888274343034 ], [ 14.966205589340209, 55.21385391154314 ], [ 14.966162158374498, 55.213841097565805 ], [ 14.966039842567493, 55.213802822275206 ], [ 14.966005305320714, 55.213793659259935 ], [ 14.965920595618542, 55.213771247730442 ], [ 14.965924595051877, 55.213766945989107 ], [ 14.965890381217079, 55.213757839097532 ], [ 14.965751086115286, 55.213713968445369 ], [ 14.96555811859292, 55.213654508836967 ], [ 14.965533749810172, 55.213646998494696 ], [ 14.965469281872169, 55.213624844843508 ], [ 14.965296938088615, 55.213604590275636 ], [ 14.965106323832746, 55.213579685950805 ], [ 14.964884436220467, 55.213557918336228 ], [ 14.964692020135788, 55.213537162234687 ], [ 14.964736439235722, 55.213413664366449 ], [ 14.964757942622109, 55.213409638261183 ], [ 14.964777823275899, 55.213409698206974 ], [ 14.965037390148618, 55.213323505141908 ], [ 14.965141642783781, 55.213374056779834 ], [ 14.965079462410383, 55.213453275113018 ], [ 14.965125482313914, 55.213452394557827 ], [ 14.965360234530454, 55.213448042316166 ], [ 14.965572012452245, 55.213444105729764 ], [ 14.965565208415985, 55.213456053779943 ], [ 14.965665036130558, 55.213482783491401 ], [ 14.965713593685487, 55.213428208941096 ], [ 14.965798707738539, 55.21340034469258 ], [ 14.965873168952845, 55.213329625562167 ], [ 14.965912470173267, 55.213320701402253 ], [ 14.965989150680219, 55.213329281826176 ], [ 14.9660496283865, 55.213396079994247 ], [ 14.966072917718174, 55.213421784727167 ], [ 14.966307694527103, 55.213328333391694 ], [ 14.96622885231956, 55.213071018772254 ], [ 14.966474560188042, 55.213051343327912 ], [ 14.966598041917608, 55.213070861179098 ], [ 14.966666132165948, 55.213123438452818 ], [ 14.966624059718505, 55.213241339044188 ], [ 14.966513179156639, 55.213295695559516 ], [ 14.966645070550518, 55.213449786225645 ], [ 14.966853848932796, 55.213448524522491 ], [ 14.967018530848206, 55.213399494858933 ], [ 14.967179099402365, 55.213351702234746 ], [ 14.967336860843496, 55.213304722419501 ], [ 14.967368895206921, 55.213294803987942 ], [ 14.967497312460079, 55.213237803198417 ], [ 14.967628837559012, 55.213183989909965 ], [ 14.96769479582071, 55.213143181592862 ], [ 14.967720886821368, 55.21315094008164 ], [ 14.967846472328576, 55.21310591717387 ], [ 14.968013125258452, 55.213036054854243 ], [ 14.968185421666865, 55.212974837456855 ], [ 14.968355302948378, 55.21290907468596 ], [ 14.96851003870449, 55.212848781946192 ], [ 14.968442939347794, 55.212782264995482 ], [ 14.968350232631662, 55.212636444109179 ], [ 14.9685368438571, 55.212553338728803 ], [ 14.968671608600356, 55.212461146358166 ], [ 14.968605265959601, 55.212352691223586 ], [ 14.968360714940731, 55.212037465463879 ], [ 14.968477767037859, 55.211859621635114 ], [ 14.96850875423497, 55.21174658602758 ], [ 14.968424919218513, 55.211742563034598 ], [ 14.968404959675345, 55.211736205306558 ], [ 14.968398539474798, 55.21171662332538 ], [ 14.968383068528723, 55.211494264335208 ], [ 14.968336692003309, 55.211424596225541 ], [ 14.968318258183515, 55.211391802067915 ], [ 14.968198215343147, 55.211336959567788 ], [ 14.967962226209101, 55.21127122505419 ], [ 14.96781819003168, 55.211222475849034 ], [ 14.967663078630114, 55.211215631069862 ], [ 14.967542085106235, 55.211235723616696 ], [ 14.967420986350746, 55.211268749863862 ], [ 14.967249300009177, 55.211295814094228 ], [ 14.967070551268034, 55.211282863194732 ], [ 14.966984789430038, 55.211278897798088 ], [ 14.966986811765365, 55.211279887926409 ], [ 14.966620929088212, 55.211589677297212 ], [ 14.966377274996963, 55.211524937325393 ], [ 14.966207611851344, 55.211479856655963 ], [ 14.966084772451971, 55.211460474853801 ], [ 14.965508492511033, 55.211369546528459 ], [ 14.964964621593802, 55.211377345087435 ], [ 14.964716598860825, 55.211324241154685 ], [ 14.963957513337835, 55.211181085667455 ], [ 14.963082219906225, 55.211214470891683 ], [ 14.962229861072798, 55.211153874794796 ], [ 14.961943863124146, 55.211197953798788 ], [ 14.961428627148116, 55.211093259610337 ], [ 14.960767677272434, 55.211045921313406 ], [ 14.960664460880944, 55.211038528452612 ], [ 14.960453410078339, 55.211017617298708 ], [ 14.960177233990789, 55.210821147963465 ], [ 14.960145919538387, 55.21079887095906 ], [ 14.959800494112228, 55.210469647519616 ], [ 14.959711133053426, 55.210384476801032 ], [ 14.959211407858774, 55.210186825165295 ], [ 14.959185124654161, 55.210176429501281 ], [ 14.959054460004985, 55.210124748199675 ], [ 14.958627792452701, 55.209888323916545 ], [ 14.957715741839857, 55.209449481812484 ], [ 14.95757316249111, 55.209276270493305 ], [ 14.957180345027201, 55.209109163776937 ], [ 14.956676737789005, 55.208880167818926 ], [ 14.956160526896173, 55.208621338692573 ], [ 14.955361312310439, 55.208476460326828 ], [ 14.954513663408076, 55.208275374655827 ], [ 14.953613607000996, 55.208073203664483 ], [ 14.953355115217331, 55.208056224628265 ], [ 14.952932503993804, 55.207827992026971 ], [ 14.952476306323975, 55.207721060242932 ], [ 14.95223265802611, 55.207663948638128 ], [ 14.951814569792951, 55.207550398193327 ], [ 14.951040930183421, 55.207521830243778 ], [ 14.95048762979556, 55.207412202526292 ], [ 14.949771356672056, 55.207255458738508 ], [ 14.949456788872524, 55.207250543373135 ], [ 14.94889705060208, 55.207116140938503 ], [ 14.948373040039048, 55.206989747176024 ], [ 14.947593982727895, 55.206811529561669 ], [ 14.946917708803245, 55.206760156720641 ], [ 14.946702783468648, 55.206714327572051 ], [ 14.946278482268971, 55.206623851158632 ], [ 14.945641109732231, 55.206623389731377 ], [ 14.944954030037392, 55.206641733558236 ], [ 14.944717643797834, 55.206648043757703 ], [ 14.943775690770753, 55.206680464003945 ], [ 14.943036185071767, 55.206790958070712 ], [ 14.942241428175425, 55.206958301933334 ], [ 14.942134643254368, 55.206976829638208 ], [ 14.94211747490899, 55.20697980841971 ], [ 14.941343999510543, 55.207114006769267 ], [ 14.941260591595491, 55.207128477738102 ], [ 14.940889810051745, 55.207205916113757 ], [ 14.940387686589739, 55.207310783225616 ], [ 14.939766914024522, 55.20741811065119 ], [ 14.938947903429202, 55.207592327281588 ], [ 14.938639512186739, 55.207657925221412 ], [ 14.93834038566993, 55.207757984248587 ] ], [ [ 14.945783385829555, 55.207915427896587 ], [ 14.946548363939417, 55.207860508090548 ], [ 14.946536299898543, 55.20787416175407 ], [ 14.946493411296727, 55.207918034198826 ], [ 14.946060183659043, 55.20836123751738 ], [ 14.945527434604816, 55.208313847441921 ], [ 14.944429602244718, 55.208216183268114 ], [ 14.944370480142116, 55.208013794334477 ], [ 14.944813814811384, 55.207985083676448 ], [ 14.944980202445617, 55.207973129517605 ], [ 14.945783385829555, 55.207915427896587 ] ], [ [ 14.946559206120165, 55.207724174616992 ], [ 14.947098558726253, 55.207866697633818 ], [ 14.947828517770153, 55.2080596734504 ], [ 14.94863283321858, 55.208279518165263 ], [ 14.948442215263245, 55.208443825599879 ], [ 14.948084068502277, 55.208362477501034 ], [ 14.947785028135407, 55.208295243431188 ], [ 14.947660702871786, 55.20826623198414 ], [ 14.947705747368229, 55.208210783635991 ], [ 14.947727776862093, 55.208183659763378 ], [ 14.94700952982943, 55.207976794715179 ], [ 14.946548363939417, 55.207860508090548 ], [ 14.946559206120165, 55.207724174616992 ] ], [ [ 14.867503969947728, 55.238655393191806 ], [ 14.86764083219388, 55.238772343236626 ], [ 14.867654588308767, 55.238791548492436 ], [ 14.867759659293533, 55.238753475656118 ], [ 14.868075607962707, 55.238611510840961 ], [ 14.868746809660024, 55.238435163605509 ], [ 14.868783601988012, 55.238419839236776 ], [ 14.868875779999401, 55.238381424219646 ], [ 14.87024410910832, 55.238006966215309 ], [ 14.870428745972513, 55.238197238974934 ], [ 14.870437915135119, 55.238208427881474 ], [ 14.870182781403729, 55.238303314770754 ], [ 14.869726404202922, 55.238476747973145 ], [ 14.869600462263783, 55.238523896213927 ], [ 14.869513739424107, 55.238554873391919 ], [ 14.869464979779973, 55.238572053893897 ], [ 14.86931859811258, 55.238628551708622 ], [ 14.869175965328287, 55.238699650831968 ], [ 14.868743121232827, 55.238869054631181 ], [ 14.868560895520547, 55.238952641576901 ], [ 14.868362727398511, 55.239028570933684 ], [ 14.868177289692108, 55.239093523656379 ], [ 14.867989915291338, 55.239149638864987 ], [ 14.867857648859774, 55.23918749347078 ], [ 14.867712803740455, 55.239226269862506 ], [ 14.867544312822641, 55.239262936838955 ], [ 14.867317538202689, 55.239295312107998 ], [ 14.867322086432445, 55.239301142494249 ], [ 14.867244282797467, 55.239316797278548 ], [ 14.867133177579305, 55.2393405943834 ], [ 14.867080777484086, 55.239351809666765 ], [ 14.866868673802099, 55.239367784720642 ], [ 14.866583766254156, 55.239391988457832 ], [ 14.866425267831083, 55.239406826534506 ], [ 14.866111284263717, 55.239431945420677 ], [ 14.865988998141537, 55.239432747748232 ], [ 14.865568704792418, 55.239460273609275 ], [ 14.865334086909934, 55.239478925181643 ], [ 14.86497554804529, 55.23949872650973 ], [ 14.864816954495637, 55.239495750787938 ], [ 14.864583526045809, 55.239509977251963 ], [ 14.864279121974091, 55.23953521461479 ], [ 14.863961164847067, 55.239199585156385 ], [ 14.863957293579347, 55.239123861443829 ], [ 14.863673021867006, 55.238720437831184 ], [ 14.864653067095505, 55.238091901854609 ], [ 14.864776354100933, 55.238151460330499 ], [ 14.865029136645161, 55.238316128080363 ], [ 14.865585438234138, 55.238346674746388 ], [ 14.865743770538394, 55.238355378638047 ], [ 14.86660855476627, 55.238826253587291 ], [ 14.866675182552477, 55.238840108846922 ], [ 14.867219305342944, 55.238653479097984 ], [ 14.867378146892246, 55.238704432871387 ], [ 14.867503969947728, 55.238655393191806 ] ], [ [ 14.862017455845821, 55.239839353975242 ], [ 14.861997315290555, 55.239846365442403 ], [ 14.86194876001032, 55.239882465501836 ], [ 14.861916545500545, 55.239919434478637 ], [ 14.861879270202307, 55.23994197304733 ], [ 14.861773560962321, 55.239978126756057 ], [ 14.861656374321758, 55.240010710290932 ], [ 14.861557039881049, 55.24004586337702 ], [ 14.861394463753735, 55.240074305205475 ], [ 14.861310853090419, 55.240102839620995 ], [ 14.861211631568738, 55.240114850195035 ], [ 14.861043620436298, 55.240135721156228 ], [ 14.860755543529251, 55.240154518070462 ], [ 14.860298245265501, 55.240196133070128 ], [ 14.860250732428886, 55.240199700683057 ], [ 14.859871632244472, 55.240213896435932 ], [ 14.859871616631054, 55.24024667575722 ], [ 14.859786217172324, 55.24025476927428 ], [ 14.859294415291302, 55.240301319676874 ], [ 14.859063665145239, 55.240323166581938 ], [ 14.85906211499899, 55.240302409183784 ], [ 14.858982432540971, 55.240308993372125 ], [ 14.858925421295639, 55.240310096825233 ], [ 14.858862149631792, 55.240311321417373 ], [ 14.858796580058073, 55.240317342701822 ], [ 14.858757742751946, 55.240319483535444 ], [ 14.858616082897017, 55.240336146910288 ], [ 14.858397386413202, 55.240367611903579 ], [ 14.858205504872554, 55.240398001038201 ], [ 14.857977411205978, 55.240442134416377 ], [ 14.857918863669495, 55.240452075257387 ], [ 14.857748386046124, 55.24049725939485 ], [ 14.857354087782511, 55.240609362341111 ], [ 14.857101378451887, 55.240671208227504 ], [ 14.856833575538968, 55.240715009920898 ], [ 14.856740386168646, 55.240737277357816 ], [ 14.856541908370302, 55.240798383215676 ], [ 14.85632384972795, 55.240838867341139 ], [ 14.856287099780264, 55.240845690182169 ], [ 14.856225811428843, 55.240863010562748 ], [ 14.856175170449371, 55.240877321911022 ], [ 14.856002018965079, 55.240929186132824 ], [ 14.855983790644157, 55.240919152587452 ], [ 14.85593703551854, 55.240901048736241 ], [ 14.85592005933799, 55.24086702597176 ], [ 14.855918370843204, 55.240811237093851 ], [ 14.855918992067144, 55.24076875989946 ], [ 14.855965970426421, 55.240716047510439 ], [ 14.855980772188184, 55.24065017400936 ], [ 14.855945108899677, 55.240635164195041 ], [ 14.855941213341906, 55.24057958060547 ], [ 14.855972230917246, 55.240558173484381 ], [ 14.856002501818901, 55.240557238219658 ], [ 14.855961926290071, 55.240462548784144 ], [ 14.856004514237748, 55.240451009606616 ], [ 14.856008960753414, 55.240404450108379 ], [ 14.855935719485226, 55.240368067812504 ], [ 14.855958620732698, 55.240303910967953 ], [ 14.855976748471349, 55.240269566505191 ], [ 14.856136923072906, 55.24026541068357 ], [ 14.856196612218209, 55.240263851184551 ], [ 14.856188730980746, 55.240165003911834 ], [ 14.856205949982629, 55.240166369642793 ], [ 14.856205964487614, 55.240166370793297 ], [ 14.856577507745612, 55.240196014996144 ], [ 14.85658738544076, 55.24008789517535 ], [ 14.856672982203751, 55.240098978980207 ], [ 14.857058852192097, 55.24014895294227 ], [ 14.857281145294765, 55.240126598853031 ], [ 14.857572595744612, 55.240152669842061 ], [ 14.857602497648619, 55.24014485593645 ], [ 14.857768163404991, 55.240101560195221 ], [ 14.857990108046234, 55.239911727874819 ], [ 14.858087955731884, 55.239998166727105 ], [ 14.858136776869962, 55.239980078742839 ], [ 14.858366530252274, 55.239916563435798 ], [ 14.858571010905253, 55.239879319297806 ], [ 14.859139316598638, 55.239690526992483 ], [ 14.859290457822039, 55.239783841389155 ], [ 14.859603222312417, 55.239689559877448 ], [ 14.859733836249088, 55.239607240128208 ], [ 14.859839850507468, 55.23955061955418 ], [ 14.8598578683699, 55.239544917071505 ], [ 14.860128933392378, 55.239617247213069 ], [ 14.860303634999578, 55.239663610855267 ], [ 14.860360137917493, 55.239695449514322 ], [ 14.86043196949587, 55.239701441229251 ], [ 14.861019092016882, 55.239726680072749 ], [ 14.861270659650753, 55.239793276329593 ], [ 14.861460563541732, 55.239600831018862 ], [ 14.861555876372424, 55.239535343853106 ], [ 14.861474512104582, 55.239449184586633 ], [ 14.86170397622756, 55.239385577653856 ], [ 14.861564360235874, 55.239309959076607 ], [ 14.862146682831174, 55.239250096620751 ], [ 14.862414571808802, 55.239479445830639 ], [ 14.862462988169018, 55.239485313576104 ], [ 14.862626281575075, 55.23951009530176 ], [ 14.862708081879646, 55.239507304723176 ], [ 14.862809267298594, 55.239506154427971 ], [ 14.862924397174735, 55.239536597353691 ], [ 14.862847195889087, 55.239624430441289 ], [ 14.862832406282267, 55.239640150755349 ], [ 14.86273033623649, 55.23965868279538 ], [ 14.862644335433654, 55.239677952631588 ], [ 14.862564889591027, 55.239699895328364 ], [ 14.862496695516349, 55.239722601017228 ], [ 14.862304712709554, 55.239783322576749 ], [ 14.862208381767418, 55.239800605259944 ], [ 14.862017455845821, 55.239839353975242 ] ] ], [ [ [ 14.881403590149445, 55.232409915116264 ], [ 14.881387860532996, 55.232372198065292 ], [ 14.881333583846319, 55.2323746969046 ], [ 14.881268015069733, 55.232395513237009 ], [ 14.881298186335512, 55.232423205047311 ], [ 14.881328405431109, 55.232440793452312 ], [ 14.881365098870234, 55.232441890802072 ], [ 14.881403590149445, 55.232409915116264 ] ] ], [ [ [ 14.879740010133313, 55.232639045925303 ], [ 14.879758826463048, 55.232668466437389 ], [ 14.879819303758756, 55.232671457291175 ], [ 14.879848276436075, 55.232635828089407 ], [ 14.879837367863884, 55.232611940064956 ], [ 14.879783228249957, 55.232613558306184 ], [ 14.879740010133313, 55.232639045925303 ] ] ], [ [ [ 14.879453471423002, 55.232987098702196 ], [ 14.879463172321369, 55.23296973157084 ], [ 14.879442686630822, 55.232947656930449 ], [ 14.879404491703154, 55.232945677286622 ], [ 14.879382152614117, 55.232951096576734 ], [ 14.879383515571552, 55.23297584223463 ], [ 14.87941519294078, 55.232995197165522 ], [ 14.879453471423002, 55.232987098702196 ] ] ], [ [ [ 14.87980260069088, 55.233183179437766 ], [ 14.879846496375281, 55.233216536982646 ], [ 14.879895922982289, 55.233221385500499 ], [ 14.879943860871478, 55.233207877362545 ], [ 14.879923305919418, 55.233172887207068 ], [ 14.879863121187956, 55.233165173806732 ], [ 14.87980260069088, 55.233183179437766 ] ] ], [ [ [ 14.879565797974124, 55.233220312874671 ], [ 14.879531065126507, 55.233211818955652 ], [ 14.879497575390031, 55.233224493389237 ], [ 14.879508306844627, 55.233248462028186 ], [ 14.879557413386079, 55.233250616332889 ], [ 14.879565797974124, 55.233220312874671 ] ] ], [ [ [ 14.88062295191893, 55.233926843551657 ], [ 14.880656652053712, 55.233886754278892 ], [ 14.880655267838257, 55.233849315769675 ], [ 14.880598009214049, 55.233819026371414 ], [ 14.880535805391169, 55.233812473231794 ], [ 14.880549902541254, 55.233861828848795 ], [ 14.88056543106266, 55.233944047298102 ], [ 14.88062295191893, 55.233926843551657 ] ] ], [ [ [ 14.880412140522393, 55.233967394189101 ], [ 14.880436127365392, 55.233956502402762 ], [ 14.88042823482199, 55.233940967172344 ], [ 14.880386805532277, 55.23393172593974 ], [ 14.880394560389698, 55.233971017071163 ], [ 14.880412140522393, 55.233967394189101 ] ] ], [ [ [ 14.879645420228897, 55.234464801492145 ], [ 14.879600661981453, 55.234483836480393 ], [ 14.879600603137419, 55.2344920588273 ], [ 14.879638812013004, 55.234508595204588 ], [ 14.879697964531909, 55.234484101848707 ], [ 14.87974102776643, 55.234483307300238 ], [ 14.879741157214653, 55.234456832982438 ], [ 14.879707786383188, 55.234433922867908 ], [ 14.879653493803529, 55.23444654973293 ], [ 14.879645420228897, 55.234464801492145 ] ] ], [ [ [ 14.879586131092235, 55.234518488311537 ], [ 14.879544753030777, 55.234500124528395 ], [ 14.879492082321754, 55.234506361988068 ], [ 14.879496702023436, 55.234536504893832 ], [ 14.879558905850269, 55.234536666645241 ], [ 14.879586131092235, 55.234518488311537 ] ] ], [ [ [ 14.87871155226178, 55.234612811457751 ], [ 14.878765522170506, 55.234657710101125 ], [ 14.878848440627726, 55.234667971287642 ], [ 14.878941234197226, 55.234612548238104 ], [ 14.87887128433402, 55.234569421430066 ], [ 14.878809126475064, 55.234562865159972 ], [ 14.87871155226178, 55.234612811457751 ] ] ], [ [ [ 14.863431152161459, 55.240789059387261 ], [ 14.863412233650948, 55.240834012351108 ], [ 14.863302793985403, 55.240819086125271 ], [ 14.863240891104272, 55.240831802072137 ], [ 14.863287045442991, 55.240862139739917 ], [ 14.863378698650077, 55.240873665159143 ], [ 14.863460545594858, 55.240880774807337 ], [ 14.8635583612652, 55.240886763474535 ], [ 14.863628512173921, 55.240881247973903 ], [ 14.863604003531904, 55.240830511224807 ], [ 14.863514818139741, 55.240800699662955 ], [ 14.863431152161459, 55.240789059387261 ] ] ], [ [ [ 14.862764251893555, 55.240875321867108 ], [ 14.862868915629852, 55.240961734727378 ], [ 14.86298247484306, 55.240960167985328 ], [ 14.863091839608684, 55.2409368098618 ], [ 14.863133151436784, 55.240891560726986 ], [ 14.863015788810991, 55.240851466654881 ], [ 14.862907080248233, 55.24080787641973 ], [ 14.862836258141, 55.240836164538457 ], [ 14.862781315227798, 55.240819826322785 ], [ 14.862764251893555, 55.240875321867108 ] ] ], [ [ [ 15.118436012128186, 55.014870657780513 ], [ 15.118444998293082, 55.015074078371505 ], [ 15.118444791710335, 55.015094091172109 ], [ 15.118444209549569, 55.015150488544393 ], [ 15.118441726820684, 55.015391009863954 ], [ 15.118441724135858, 55.01539100985368 ], [ 15.118439438584339, 55.015612254096879 ], [ 15.1184370103123, 55.01584732079661 ], [ 15.118772545965109, 55.015845792909325 ], [ 15.118943898000341, 55.015846436940087 ], [ 15.118871707306424, 55.016063165110182 ], [ 15.118871707395929, 55.01606316511036 ], [ 15.11887104322301, 55.016065158786382 ], [ 15.118800836444144, 55.016277271712973 ], [ 15.118730842101913, 55.016488740791722 ], [ 15.118728067020896, 55.016497124911012 ], [ 15.118562811796732, 55.016718714852168 ], [ 15.118399651133561, 55.016937493716902 ], [ 15.118232098290839, 55.01716215939306 ], [ 15.118078999872695, 55.017367441362097 ], [ 15.117705971178298, 55.017367347292527 ], [ 15.117619232424552, 55.017367321080222 ], [ 15.117498207385998, 55.01736729604476 ], [ 15.117350681916845, 55.01736725740556 ], [ 15.117298808400735, 55.017675438782319 ], [ 15.117298807098594, 55.017675446518233 ], [ 15.116924706240868, 55.017673891372596 ], [ 15.11674349092935, 55.01767304857897 ], [ 15.11655308149888, 55.017911123376038 ], [ 15.116337293006623, 55.018180926801193 ], [ 15.115566833791112, 55.01914421174682 ], [ 15.115566790042545, 55.019144266443064 ], [ 15.115409692058963, 55.019340600782826 ], [ 15.116189864452023, 55.019346087124752 ], [ 15.116189857117266, 55.019346119964119 ], [ 15.116188189595126, 55.01935358585542 ], [ 15.116149568725525, 55.019526499975022 ], [ 15.116146037739995, 55.019542308910424 ], [ 15.116005833150341, 55.01970495648937 ], [ 15.115790912606817, 55.019954277292683 ], [ 15.115790890962696, 55.019956428853376 ], [ 15.115786011382085, 55.020441505494667 ], [ 15.115783941362041, 55.020647294668542 ], [ 15.115785129945156, 55.020650850485836 ], [ 15.115786164200085, 55.020653944607666 ], [ 15.116146212209154, 55.021726825082268 ], [ 15.116479864835441, 55.021728857401015 ], [ 15.116532144437311, 55.02188379150396 ], [ 15.116234746017874, 55.021906924706947 ], [ 15.116315493687555, 55.022064375417862 ], [ 15.116315516293122, 55.022064419496466 ], [ 15.1164449697556, 55.022317314747902 ], [ 15.116458960943785, 55.022382302732943 ], [ 15.11646389253867, 55.022405239465563 ], [ 15.116465982086355, 55.022414912489594 ], [ 15.116517589276677, 55.022655167217657 ], [ 15.116717788587984, 55.022602469378683 ], [ 15.116820523684202, 55.022846843750507 ], [ 15.116557420671123, 55.022841748381182 ], [ 15.116667629314838, 55.023356615718562 ], [ 15.1169414757199, 55.023335489285351 ], [ 15.11710491342089, 55.023323417077513 ], [ 15.117104914605282, 55.02332342497305 ], [ 15.11720494646384, 55.023990255264117 ], [ 15.117221026213816, 55.024111341353397 ], [ 15.117187121976464, 55.024485352863024 ], [ 15.117378992028527, 55.024509555086276 ], [ 15.117665680318508, 55.024547674507993 ], [ 15.117875029857514, 55.024517050522768 ], [ 15.117808630547009, 55.024324768901629 ], [ 15.11777323682468, 55.024055108405868 ], [ 15.117743589859964, 55.023746656465363 ], [ 15.117743237707403, 55.023537563239131 ], [ 15.117748425154046, 55.023275921762256 ], [ 15.117749632504932, 55.023215641487766 ], [ 15.11771387762089, 55.023062944361648 ], [ 15.117691948734617, 55.022969318776688 ], [ 15.117660769321752, 55.022847472904132 ], [ 15.117595151561087, 55.022477879327901 ], [ 15.117535089701542, 55.022255969618136 ], [ 15.117465380949628, 55.022036869683696 ], [ 15.117433077660179, 55.021967538314563 ], [ 15.117349300123852, 55.021863707184799 ], [ 15.117286492870267, 55.021794537201657 ], [ 15.11722844833824, 55.021700644785703 ], [ 15.117110555812587, 55.021403542228747 ], [ 15.117099808939892, 55.02136214339852 ], [ 15.117040443570497, 55.021133274281645 ], [ 15.116969068938364, 55.020948050566339 ], [ 15.116897753784166, 55.020777464468068 ], [ 15.116854788392788, 55.020650864687283 ], [ 15.116837642619036, 55.020600406418779 ], [ 15.116798625565723, 55.020479027891199 ], [ 15.116794959626516, 55.020442530199631 ], [ 15.11678693786677, 55.020362969627719 ], [ 15.116776818487175, 55.020235946305576 ], [ 15.116794143478501, 55.020144428140178 ], [ 15.116870499370727, 55.019956604475055 ], [ 15.117027690780811, 55.019718871615339 ], [ 15.117139962397497, 55.019541400200147 ], [ 15.117377473441227, 55.019542733707326 ], [ 15.11752838770211, 55.019372541319044 ], [ 15.117271124277222, 55.01937074607801 ], [ 15.117282285929061, 55.019353750459395 ], [ 15.117411844556999, 55.019156515942413 ], [ 15.117505493948448, 55.018980055744152 ], [ 15.118152223960026, 55.01831258841024 ], [ 15.11827265512796, 55.018191834926149 ], [ 15.118345824096192, 55.018118450830123 ], [ 15.118523262009875, 55.017921517897385 ], [ 15.118680723604689, 55.01774676144553 ], [ 15.118724218510032, 55.017682240007645 ], [ 15.118724831077902, 55.017681326691239 ], [ 15.118799767466383, 55.01757020695436 ], [ 15.118906138345071, 55.017367648802228 ], [ 15.118992843314873, 55.017165200679834 ], [ 15.11906214137724, 55.016940427466736 ], [ 15.1191457899457, 55.016721070688746 ], [ 15.119233105239239, 55.016486753035139 ], [ 15.120031957945926, 55.016483580772942 ], [ 15.120001252157413, 55.016274641892259 ], [ 15.119268620940494, 55.016276254460678 ], [ 15.119302319124671, 55.016064118817376 ], [ 15.119311864951543, 55.016003966844409 ], [ 15.119318227979969, 55.015847856772467 ], [ 15.119309792722007, 55.015642502880169 ], [ 15.119250508216956, 55.015282143852545 ], [ 15.119216203851256, 55.01509698628162 ], [ 15.119213500173412, 55.015082374035195 ], [ 15.119147797623061, 55.014873553751954 ], [ 15.119068187764499, 55.014704035955042 ], [ 15.119023589999047, 55.014635433690074 ], [ 15.11956449180512, 55.014635855424608 ], [ 15.119512387879933, 55.014481354932968 ], [ 15.119439178699672, 55.014399637387811 ], [ 15.119176899388258, 55.01415979778816 ], [ 15.117525160482097, 55.014158508986732 ], [ 15.118051961283456, 55.014398698461463 ], [ 15.118253642748396, 55.014634816980639 ], [ 15.118676726257503, 55.014635157182482 ], [ 15.118253646863572, 55.014634816984007 ], [ 15.118434971687558, 55.014847104990309 ], [ 15.118436012128186, 55.014870657780513 ] ] ], [ [ [ 15.118589931983108, 55.013871461441354 ], [ 15.118111755099797, 55.013874164047508 ], [ 15.117575568415523, 55.013599782892292 ], [ 15.117369596133488, 55.013505503808581 ], [ 15.116377119682149, 55.013140464432631 ], [ 15.115637275728476, 55.012854659091076 ], [ 15.115203132093361, 55.012698926540892 ], [ 15.115190798301304, 55.012694497396275 ], [ 15.114934415902766, 55.012577545801832 ], [ 15.114692690034914, 55.012452318051594 ], [ 15.114593343093292, 55.012674215422301 ], [ 15.114927304223311, 55.012819348697604 ], [ 15.114922147806897, 55.012994963082775 ], [ 15.114919325405303, 55.013091070840112 ], [ 15.115114223367366, 55.013171665149017 ], [ 15.115338536364838, 55.013264422370973 ], [ 15.115847173926806, 55.013461272966744 ], [ 15.115879760409676, 55.01346114176161 ], [ 15.116127742542478, 55.013460588934997 ], [ 15.116482914948909, 55.013456041308238 ], [ 15.116471921711067, 55.013639351770948 ], [ 15.116471694141973, 55.013702986088319 ], [ 15.116938992654203, 55.01388075840255 ], [ 15.117525160482097, 55.014158508986732 ], [ 15.118573101130435, 55.014159325361184 ], [ 15.119176899388258, 55.01415979778816 ], [ 15.118589931983108, 55.013871461441354 ] ] ], [ [ [ 15.113835957386984, 55.030446575199257 ], [ 15.113541070023459, 55.03057160756515 ], [ 15.113528428876567, 55.030581555017484 ], [ 15.113394188593693, 55.030687189743965 ], [ 15.113055682573002, 55.030953559744603 ], [ 15.112723175935155, 55.03121520461417 ], [ 15.112399233338904, 55.03147010653263 ], [ 15.11210793500803, 55.031699318143765 ], [ 15.111845094736326, 55.031906134430223 ], [ 15.111837538433189, 55.03191208008073 ], [ 15.111649003928362, 55.032137056202266 ], [ 15.111642863622023, 55.032144383316151 ], [ 15.111596864142978, 55.032199273551853 ], [ 15.11159686064773, 55.032199273010143 ], [ 15.111439026138287, 55.032387617191517 ], [ 15.111429702964564, 55.032395334970218 ], [ 15.111185475461147, 55.032597506681533 ], [ 15.110927594056395, 55.032810978448524 ], [ 15.110663247549777, 55.033029799135491 ], [ 15.110386567715825, 55.033258826032991 ], [ 15.110116055138874, 55.033482744834274 ], [ 15.109864925865754, 55.033690616276495 ], [ 15.109841830974787, 55.033709732867827 ], [ 15.109580462373074, 55.033955477160177 ], [ 15.109953055046359, 55.034019702753525 ], [ 15.109580459829361, 55.033955479551828 ], [ 15.109557838239638, 55.033976748687472 ], [ 15.109456709233447, 55.03406695853063 ], [ 15.109260199145904, 55.034242249558766 ], [ 15.109205899919084, 55.034290685267841 ], [ 15.109174115043327, 55.034329308948458 ], [ 15.108963959961601, 55.034584678820217 ], [ 15.108777933149614, 55.034810726355275 ], [ 15.108767410178688, 55.034822948711785 ], [ 15.108630336447526, 55.034982158153753 ], [ 15.108437830825256, 55.0352057487613 ], [ 15.108421270293487, 55.03523792998093 ], [ 15.108340455746688, 55.035394971966191 ], [ 15.108201633040121, 55.035664734891199 ], [ 15.108068738637003, 55.035922974528404 ], [ 15.108067831406432, 55.035924737442471 ], [ 15.107980310443171, 55.03606042370793 ], [ 15.10797879120579, 55.036062779017179 ], [ 15.107962043489636, 55.0363245637486 ], [ 15.107961899865812, 55.036326808736419 ], [ 15.107865648215288, 55.036514356131534 ], [ 15.107863897133496, 55.036517768117818 ], [ 15.107788567869463, 55.036651463304651 ], [ 15.107701065844548, 55.03683111581833 ], [ 15.107640238306299, 55.036955985892803 ], [ 15.107595881864256, 55.037152382809097 ], [ 15.107548861844375, 55.037360601078269 ], [ 15.107482540766711, 55.037654447272736 ], [ 15.107666588514437, 55.038629670281424 ], [ 15.107757264292724, 55.038639573065744 ], [ 15.10771526845118, 55.038690544000403 ], [ 15.107967303714627, 55.038948562337765 ], [ 15.108113318960875, 55.038805763994432 ], [ 15.107967304548353, 55.038948561672143 ], [ 15.108117745773274, 55.039102573109872 ], [ 15.108340581892888, 55.038927946348636 ], [ 15.108117749403196, 55.039102577544405 ], [ 15.108252771939359, 55.039240802443878 ], [ 15.108332661039004, 55.039320507192151 ], [ 15.108182418666726, 55.039366548706873 ], [ 15.108182768293315, 55.039366671282664 ], [ 15.108316434365328, 55.039413533204367 ], [ 15.108322995738545, 55.039415833546165 ], [ 15.108664943924101, 55.039537848457663 ], [ 15.109549050795357, 55.039835862397673 ], [ 15.109733681316293, 55.039863831969768 ], [ 15.110455356018289, 55.039973154953231 ], [ 15.110574764980509, 55.040015931444202 ], [ 15.110679840245432, 55.040044114159286 ], [ 15.110807192564794, 55.040073200210578 ], [ 15.110917034094365, 55.040092246561265 ], [ 15.111077837630511, 55.040113992224342 ], [ 15.11170717795579, 55.040468363159199 ], [ 15.111894261595932, 55.040642365641396 ], [ 15.112220564345582, 55.041104351519408 ], [ 15.11215129619165, 55.041274480690142 ], [ 15.112054057832111, 55.041431495880047 ], [ 15.112037544210265, 55.041458151764807 ], [ 15.112317263255324, 55.041573035612515 ], [ 15.11238850211352, 55.041602294022326 ], [ 15.112628666911286, 55.041701281646624 ], [ 15.112630558565129, 55.041702073013425 ], [ 15.112858019767991, 55.041797230168456 ], [ 15.112858233557228, 55.041797318735441 ], [ 15.112981258181037, 55.041848284299185 ], [ 15.112990204130714, 55.041854289296872 ], [ 15.113002282356822, 55.04185821854611 ], [ 15.113020230819927, 55.041876240403226 ], [ 15.113042241265422, 55.041891293265074 ], [ 15.113044324912392, 55.041899282894335 ], [ 15.113051243263884, 55.041906281491961 ], [ 15.113052241825081, 55.041917225124486 ], [ 15.11315343668986, 55.04196309184892 ], [ 15.113160399952744, 55.041966247951137 ], [ 15.113432969529715, 55.04208993815319 ], [ 15.113435807853509, 55.042091226157588 ], [ 15.113722502476756, 55.042219353493003 ], [ 15.113441967292955, 55.042439544212527 ], [ 15.113189581943415, 55.042637623941545 ], [ 15.113133243495964, 55.042672194048805 ], [ 15.112701357029236, 55.043002459930719 ], [ 15.113010467583278, 55.043129693373913 ], [ 15.113627988342882, 55.043375333341423 ], [ 15.11339951921205, 55.043585569829155 ], [ 15.113104370218808, 55.043857225025548 ], [ 15.112954016080906, 55.043995650527378 ], [ 15.11263059752147, 55.044293418419443 ], [ 15.112566334775099, 55.044352590500161 ], [ 15.112835760587831, 55.044521631713202 ], [ 15.113607673386483, 55.044735422743919 ], [ 15.114382717699902, 55.045015375201942 ], [ 15.114593385692592, 55.045123487478612 ], [ 15.114924607140937, 55.04529346436258 ], [ 15.115493408730767, 55.045545478096265 ], [ 15.116195532893427, 55.045896474084458 ], [ 15.116770908383849, 55.046338452150628 ], [ 15.118099988391529, 55.047040085763996 ], [ 15.118581442186832, 55.047293745998573 ], [ 15.118781398902071, 55.047469872303871 ], [ 15.119145035133013, 55.047880058891216 ], [ 15.118941303759243, 55.04824207360884 ], [ 15.118600066764539, 55.049003168991561 ], [ 15.118591077776221, 55.049023217670602 ], [ 15.11855472295032, 55.049071595001642 ], [ 15.118231255397575, 55.049502027615077 ], [ 15.118183746890386, 55.049823997540052 ], [ 15.118289311538815, 55.050168558130473 ], [ 15.1183013450926, 55.050207834943528 ], [ 15.118336202911086, 55.050315795929244 ], [ 15.118506742120983, 55.050843977234408 ], [ 15.118881984257875, 55.051263187292484 ], [ 15.118936355492217, 55.052125945766676 ], [ 15.11915624331276, 55.052438865479957 ], [ 15.121025599497166, 55.053192182049415 ], [ 15.120956202787614, 55.053719750582779 ], [ 15.120860918988189, 55.054447229111254 ], [ 15.120810730130255, 55.054831473151722 ], [ 15.120759408294212, 55.05522481445098 ], [ 15.12137632526632, 55.055602676929631 ], [ 15.121916416830896, 55.055933567672717 ], [ 15.122387910744973, 55.056222483805421 ], [ 15.122880914433452, 55.056524593068865 ], [ 15.123109527254883, 55.056664727623478 ], [ 15.123381836025532, 55.056831748310145 ], [ 15.123922699575207, 55.057163969623453 ], [ 15.124214158222403, 55.057343005784084 ], [ 15.124561376385701, 55.057556287016787 ], [ 15.12474148288179, 55.057664373043181 ], [ 15.125152902719838, 55.05756572208854 ], [ 15.125211003708216, 55.057430814540496 ], [ 15.125357294090717, 55.057345874682369 ], [ 15.12562226686579, 55.05731212658452 ], [ 15.125828413289431, 55.057244377701181 ], [ 15.125974689637964, 55.057125483120942 ], [ 15.126033787118137, 55.057041515240662 ], [ 15.126327803799734, 55.05705778442838 ], [ 15.12659285236608, 55.057007048478887 ], [ 15.126887104189521, 55.056939304707619 ], [ 15.127125555586217, 55.056873064213427 ], [ 15.12717090122611, 55.056860463934072 ], [ 15.127100152840368, 55.056736412762106 ], [ 15.127025058025046, 55.056595158073364 ], [ 15.126934144213021, 55.056493654344038 ], [ 15.126851263839216, 55.056411400846599 ], [ 15.126690325603622, 55.056272618093935 ], [ 15.126513494428538, 55.05612469729504 ], [ 15.125076851280921, 55.054945900041147 ], [ 15.123458433387105, 55.053627336484176 ], [ 15.123582314282119, 55.053577808561556 ], [ 15.12386140313691, 55.053464970092037 ], [ 15.123883378382969, 55.053456378181174 ], [ 15.124134421645984, 55.05367770275577 ], [ 15.124294052026023, 55.053818319245487 ], [ 15.124302410660681, 55.053814727755181 ], [ 15.124327880533585, 55.053837032588625 ], [ 15.124543028099817, 55.054025403876352 ], [ 15.124701458809225, 55.054164108571264 ], [ 15.124915450943288, 55.054341741669312 ], [ 15.125264495963537, 55.054631481240797 ], [ 15.125445367150775, 55.054788851989763 ], [ 15.125645520393041, 55.054961087024907 ], [ 15.125837279313297, 55.055127253723498 ], [ 15.125980800848671, 55.055251925122711 ], [ 15.126055949797065, 55.055317227593562 ], [ 15.126013139747798, 55.055324666115673 ], [ 15.126036662817171, 55.055344898962304 ], [ 15.126128432515275, 55.055423876657891 ], [ 15.126227575493481, 55.055509307043046 ], [ 15.126337695087095, 55.055604231594458 ], [ 15.126451316862729, 55.05570214863279 ], [ 15.126563994246142, 55.055799221868106 ], [ 15.126755400071373, 55.055964054529191 ], [ 15.126935689199117, 55.056119183716369 ], [ 15.12707931997233, 55.056242677938521 ], [ 15.127223769007989, 55.05636567146837 ], [ 15.127368478450501, 55.056488822773645 ], [ 15.127490402751835, 55.056592568452366 ], [ 15.127590710068651, 55.05667747083978 ], [ 15.127625787935699, 55.056722007196541 ], [ 15.127687068570232, 55.056647950960475 ], [ 15.127870509028417, 55.056426265652206 ], [ 15.127810502800504, 55.056395414444964 ], [ 15.12772620171344, 55.056362531029123 ], [ 15.127840032833232, 55.056232901308555 ], [ 15.127086659465032, 55.05609010102377 ], [ 15.126616691834672, 55.055603727334592 ], [ 15.12697375129434, 55.055606986908884 ], [ 15.127077941129306, 55.055451192628205 ], [ 15.126322477951041, 55.055309376006285 ], [ 15.12627162548576, 55.055268229255333 ], [ 15.126142885076318, 55.055147592852734 ], [ 15.126248589939472, 55.05493995798669 ], [ 15.12510509621714, 55.054179599112167 ], [ 15.12469829341287, 55.053664772900952 ], [ 15.124602548371886, 55.053493567569504 ], [ 15.124330243010132, 55.053674217590135 ], [ 15.12408466406429, 55.053228216491718 ], [ 15.123968654361803, 55.052984803297441 ], [ 15.123938376127908, 55.052873771341829 ], [ 15.123876273528946, 55.052617038537491 ], [ 15.123822240956121, 55.05237755538748 ], [ 15.12359282676225, 55.051718041963888 ], [ 15.123570457758172, 55.051663237636092 ], [ 15.123439810290568, 55.051468681216441 ], [ 15.123135791615102, 55.051026385518909 ], [ 15.123096823850254, 55.050872824435821 ], [ 15.122887098643355, 55.050567727119564 ], [ 15.122582707376782, 55.050230437271843 ], [ 15.122463831729732, 55.049763667437915 ], [ 15.122409779221407, 55.049527651586111 ], [ 15.122454346312324, 55.049000920757713 ], [ 15.122623812171854, 55.048604378520722 ], [ 15.122868048422633, 55.048335944800115 ], [ 15.12305089600965, 55.048125849994108 ], [ 15.123142144861831, 55.047983363137412 ], [ 15.123154842000337, 55.047898128348635 ], [ 15.123154206451469, 55.04761339591888 ], [ 15.123088377095934, 55.047289419328848 ], [ 15.123021535212043, 55.047124002483081 ], [ 15.122970488029665, 55.047050152552188 ], [ 15.122898653154, 55.046923399328321 ], [ 15.12278539285094, 55.046722742545562 ], [ 15.122680199497054, 55.046564006836249 ], [ 15.122614844941355, 55.046469116091721 ], [ 15.122511333252801, 55.046356891713273 ], [ 15.12234176057923, 55.046275221469116 ], [ 15.122223169656355, 55.046204510722191 ], [ 15.12209827596064, 55.046135648719407 ], [ 15.121954440150901, 55.046065050499422 ], [ 15.121752129568678, 55.04595082533568 ], [ 15.121576620274782, 55.045851967758303 ], [ 15.121286779815378, 55.045676393722133 ], [ 15.121149084226399, 55.045595895337939 ], [ 15.121022618199827, 55.045513560486306 ], [ 15.120824158564069, 55.045388190557198 ], [ 15.120724895505479, 55.045321392281025 ], [ 15.120667386902435, 55.045262859483486 ], [ 15.120412685618605, 55.044985069366057 ], [ 15.120248724228839, 55.044834258856831 ], [ 15.120073613640992, 55.04468436192635 ], [ 15.119984482306565, 55.044626776292212 ], [ 15.119892136665321, 55.04455730529871 ], [ 15.119739304196424, 55.044459516061913 ], [ 15.119576920798353, 55.044361713345047 ], [ 15.119408150520846, 55.044258443051454 ], [ 15.119217054584711, 55.044155191482552 ], [ 15.119108782784744, 55.044099471406668 ], [ 15.118908090699346, 55.043978893442414 ], [ 15.118834823719068, 55.043931401609711 ], [ 15.118712178541035, 55.043864746062994 ], [ 15.118562390513544, 55.043768881834858 ], [ 15.118321818903009, 55.043632882959656 ], [ 15.118167283911655, 55.043549845490809 ], [ 15.118007960700119, 55.04344493532539 ], [ 15.117856585409669, 55.043361017775311 ], [ 15.117698859113652, 55.043279860525125 ], [ 15.117552276752964, 55.043210557611218 ], [ 15.11731972827616, 55.043134956849052 ], [ 15.117158869143324, 55.043083022170897 ], [ 15.116994800696318, 55.043030195679961 ], [ 15.116802085180256, 55.042969170435754 ], [ 15.116598238194026, 55.042899026910682 ], [ 15.116446924891378, 55.042851670195574 ], [ 15.116266948341506, 55.042788831148457 ], [ 15.116150694968676, 55.042749664476389 ], [ 15.115876716410726, 55.042636685509713 ], [ 15.115481752650744, 55.042502794456816 ], [ 15.115292220645623, 55.042418051730223 ], [ 15.115094716070782, 55.042329667888424 ], [ 15.114637614877639, 55.04213740045752 ], [ 15.114301574765003, 55.041988874664924 ], [ 15.114128755639999, 55.041900496389601 ], [ 15.113971856400314, 55.041820247359944 ], [ 15.113831689476976, 55.041750058568404 ], [ 15.113592789057851, 55.041648902560645 ], [ 15.113337939272936, 55.041557770251458 ], [ 15.113164356157521, 55.041501294605915 ], [ 15.113030528182469, 55.041453889861586 ], [ 15.112941326548359, 55.041413779922493 ], [ 15.112793054123806, 55.041261404278366 ], [ 15.112734929326107, 55.041194309345499 ], [ 15.112703711077563, 55.041158299870993 ], [ 15.112606393661993, 55.041041487966694 ], [ 15.112485130259753, 55.040908234942556 ], [ 15.112418123339317, 55.040834312271102 ], [ 15.112327169620569, 55.040735736821837 ], [ 15.112245798190564, 55.040646303717288 ], [ 15.11223115406162, 55.040630096126783 ], [ 15.112249821619137, 55.040453693148187 ], [ 15.112247872050716, 55.04042862505348 ], [ 15.112234459629704, 55.04042283611556 ], [ 15.112249250951026, 55.040369011698893 ], [ 15.112248030355698, 55.040345635644243 ], [ 15.112223879707429, 55.040328061347033 ], [ 15.112206451239977, 55.040320719021011 ], [ 15.112209524014471, 55.040305122190574 ], [ 15.112172264044977, 55.040292872686877 ], [ 15.112115790754434, 55.04030038297045 ], [ 15.111977465347472, 55.040244442911153 ], [ 15.111881600832472, 55.040259511805154 ], [ 15.111867461764682, 55.040252147723244 ], [ 15.111862077193406, 55.040215988662702 ], [ 15.111807778157107, 55.040189606000091 ], [ 15.11186279309174, 55.040089958783653 ], [ 15.111872197281787, 55.040066236364169 ], [ 15.111872843096931, 55.040045017265903 ], [ 15.111859361781045, 55.040026464007319 ], [ 15.111811775654102, 55.040026052905915 ], [ 15.111813703890864, 55.040000195117806 ], [ 15.111825641445586, 55.039996334041177 ], [ 15.111826324949195, 55.039987673706698 ], [ 15.111790782524414, 55.039990662446307 ], [ 15.111746649525628, 55.040007923340568 ], [ 15.111667290389976, 55.040019161926537 ], [ 15.111667296469593, 55.040006889089049 ], [ 15.111807964764578, 55.039950223691029 ], [ 15.11180326679456, 55.039836577114762 ], [ 15.111789981490885, 55.039717420629167 ], [ 15.111784541447468, 55.039534174063057 ], [ 15.111721320957464, 55.03951681285799 ], [ 15.111658173435359, 55.039495414126115 ], [ 15.111656285898448, 55.039495887419292 ], [ 15.111650305004243, 55.039543244033474 ], [ 15.111646619378062, 55.039542826498973 ], [ 15.111645376009619, 55.039570396555177 ], [ 15.111645115391051, 55.039668013675836 ], [ 15.111645983995279, 55.039769121488384 ], [ 15.11164663503123, 55.039878758104315 ], [ 15.111645462042972, 55.039987334122443 ], [ 15.111645693141273, 55.040103456815167 ], [ 15.111587945843329, 55.040102936411806 ], [ 15.11158130039199, 55.04011731763358 ], [ 15.111513539349431, 55.040106262853669 ], [ 15.111517888883514, 55.04009696757538 ], [ 15.111515805755801, 55.040095442817368 ], [ 15.111497653282004, 55.040087362531573 ], [ 15.111507585007212, 55.039980695199972 ], [ 15.111516579284459, 55.039878153945821 ], [ 15.111522683736519, 55.03979702590248 ], [ 15.111527339557572, 55.03976449372459 ], [ 15.111531287155435, 55.039748771795047 ], [ 15.111540798063846, 55.039727286036829 ], [ 15.111547262404093, 55.039682579274093 ], [ 15.111535649741406, 55.039681588773611 ], [ 15.111526644506146, 55.039686067396985 ], [ 15.111510804164549, 55.039753963886625 ], [ 15.111503775461012, 55.039792207161334 ], [ 15.111432411904246, 55.039798000403643 ], [ 15.111420837432615, 55.039802185299258 ], [ 15.111388836122764, 55.039841687006323 ], [ 15.111336148647943, 55.039830052622634 ], [ 15.111352625800199, 55.039812906950424 ], [ 15.111353046265371, 55.039804268880417 ], [ 15.111262600676234, 55.039802874939539 ], [ 15.111286904495154, 55.039636344767153 ], [ 15.111455224274225, 55.039660295290979 ], [ 15.111472267661874, 55.039661939543599 ], [ 15.111494955258383, 55.039659580685822 ], [ 15.111516866343559, 55.039653884433768 ], [ 15.111522945719988, 55.039650984901691 ], [ 15.111527836286962, 55.039647487981966 ], [ 15.111532122226189, 55.039634288145848 ], [ 15.111532933653194, 55.039627593256526 ], [ 15.11151756633965, 55.03962665690586 ], [ 15.111502730679188, 55.039619246856439 ], [ 15.111445590980432, 55.039580320494608 ], [ 15.11138456965589, 55.039580019027227 ], [ 15.111302252780687, 55.039509712643337 ], [ 15.111276746603126, 55.039457504858724 ], [ 15.111236843994092, 55.039455760934516 ], [ 15.11122691960883, 55.039525745335894 ], [ 15.111219847668645, 55.039527587370998 ], [ 15.111202920611714, 55.039559540356542 ], [ 15.111212842074819, 55.039580452043666 ], [ 15.111269424156696, 55.039624863066734 ], [ 15.111265590552984, 55.039651285063087 ], [ 15.111255626833804, 55.039720190962591 ], [ 15.111248239583936, 55.039771481152314 ], [ 15.111187136303533, 55.039770337326381 ], [ 15.111151597740491, 55.039765654232319 ], [ 15.111144141968122, 55.039813931506544 ], [ 15.111082617370379, 55.039811467252505 ], [ 15.111100399942961, 55.039752377978694 ], [ 15.111049668221325, 55.039741023094464 ], [ 15.110902912630674, 55.039699562018839 ], [ 15.110916780532326, 55.039620699042544 ], [ 15.110934258785477, 55.03952523975115 ], [ 15.111097328100405, 55.03954674510161 ], [ 15.111119075732978, 55.039536285009007 ], [ 15.111135717546563, 55.039520832834725 ], [ 15.111145173214576, 55.039499394915744 ], [ 15.111136452520121, 55.039482852711792 ], [ 15.110960481301603, 55.039465257007741 ], [ 15.110868667181624, 55.03950969935439 ], [ 15.11076298965383, 55.039502400569447 ], [ 15.110721722563879, 55.039549194041705 ], [ 15.110707213759484, 55.039570706453929 ], [ 15.110724217696642, 55.039615194079524 ], [ 15.110661838294529, 55.03963874037732 ], [ 15.110578002077748, 55.039651356363201 ], [ 15.110476202283511, 55.039644708315933 ], [ 15.110347875309369, 55.039621136523465 ], [ 15.110224846735015, 55.039584214764467 ], [ 15.110097538972738, 55.0395424752178 ], [ 15.109901477731016, 55.039715641453647 ], [ 15.10978065251734, 55.039648084520088 ], [ 15.109629409422736, 55.039565123269718 ], [ 15.109447453700289, 55.039458974943358 ], [ 15.109370703745652, 55.039398093254469 ], [ 15.109287250532436, 55.03929527521727 ], [ 15.109187217288062, 55.039109464707757 ], [ 15.10914396945596, 55.039014885858016 ], [ 15.109062636918276, 55.038837047239916 ], [ 15.108983368931783, 55.038699820866128 ], [ 15.108936904827063, 55.038619387258969 ], [ 15.108886811317705, 55.038519192510293 ], [ 15.108788340766832, 55.038329728450748 ], [ 15.10869811742298, 55.038179475693752 ], [ 15.108179768312297, 55.037905714105023 ], [ 15.10795803502409, 55.03783222606252 ], [ 15.107806373272258, 55.037771091668731 ], [ 15.107685032197534, 55.037720729561279 ], [ 15.107611762241495, 55.037702927027908 ], [ 15.107559178946197, 55.037687738263543 ], [ 15.107661744935099, 55.037641532373897 ], [ 15.107773689342054, 55.037583436939443 ], [ 15.107892274612325, 55.037548093271866 ], [ 15.108159787096154, 55.037607624399719 ], [ 15.108643473991956, 55.037723436298059 ], [ 15.108644925556602, 55.037709740068493 ], [ 15.108652579952571, 55.037486171368691 ], [ 15.108669302005362, 55.037394865462701 ], [ 15.108725167338244, 55.037238649583095 ], [ 15.108792557413945, 55.037128025852802 ], [ 15.108866037667562, 55.036986346491339 ], [ 15.108985169745207, 55.036783372903123 ], [ 15.10904797643081, 55.036673646179217 ], [ 15.109200630489203, 55.036448634505085 ], [ 15.10941589328314, 55.036083778072488 ], [ 15.109513406923266, 55.035931037011693 ], [ 15.109637745861168, 55.035743512356085 ], [ 15.109744755644003, 55.035580694328367 ], [ 15.1098278419592, 55.035407925499499 ], [ 15.10989552818436, 55.035308207986972 ], [ 15.10993801073452, 55.035239626707927 ], [ 15.110220091553485, 55.034863577419785 ], [ 15.110383889173534, 55.034695592325029 ], [ 15.110513814399535, 55.034562340626351 ], [ 15.110668589865108, 55.034409405266302 ], [ 15.110897177858966, 55.034123001725938 ], [ 15.111105645667989, 55.033920619982943 ], [ 15.111315778462393, 55.033731921117322 ], [ 15.111518098061792, 55.033565153305894 ], [ 15.111813598758898, 55.033311382691409 ], [ 15.112012713808502, 55.033147368624149 ], [ 15.11233034957708, 55.032891688566046 ], [ 15.112562564466829, 55.032693788544321 ], [ 15.112846927925533, 55.032458314470325 ], [ 15.112991402298492, 55.032345791982024 ], [ 15.113113986874836, 55.032250264984839 ], [ 15.113490248526389, 55.031972501404866 ], [ 15.113746058872733, 55.031750791027434 ], [ 15.113975138736802, 55.031565696720499 ], [ 15.114234400574349, 55.031374091842338 ], [ 15.114535006437924, 55.031186038150253 ], [ 15.1148563222802, 55.030996993316272 ], [ 15.115217250879889, 55.030794127516451 ], [ 15.115885200495375, 55.030403230798228 ], [ 15.116201766404393, 55.03021969802154 ], [ 15.116516774472291, 55.030039835550447 ], [ 15.116841283877422, 55.02985446861517 ], [ 15.117100801589121, 55.029696681402548 ], [ 15.117406066309147, 55.029494050360562 ], [ 15.117648048243437, 55.029327197005081 ], [ 15.117717436686679, 55.029278369635186 ], [ 15.117099236726146, 55.029188677682143 ], [ 15.116791933808104, 55.029144095555843 ], [ 15.116304736669402, 55.029073398802801 ], [ 15.116079302552903, 55.029040694630744 ], [ 15.115701772136804, 55.02922152277872 ], [ 15.115934214564374, 55.029337349726184 ], [ 15.115701771609213, 55.029221522515869 ], [ 15.115451131905125, 55.02934157201279 ], [ 15.115261332922598, 55.029433991545055 ], [ 15.114913052489394, 55.02960357920913 ], [ 15.114883897677633, 55.029626397999309 ], [ 15.114669598358713, 55.02979412409131 ], [ 15.114669598358716, 55.02979412409131 ], [ 15.114455449298895, 55.029961730857444 ], [ 15.114242050342003, 55.030128748832247 ], [ 15.114614214661069, 55.030277801010911 ], [ 15.114242050342002, 55.030128748832247 ], [ 15.113835957386984, 55.030446575199257 ] ] ], [ [ [ 15.140783278224228, 55.071743135855698 ], [ 15.140920767530018, 55.071854476324397 ], [ 15.14116259737799, 55.072050311046283 ], [ 15.141169343979387, 55.072055774433828 ], [ 15.141354477535353, 55.072247044445625 ], [ 15.141029895801175, 55.072370507877586 ], [ 15.140859229414112, 55.072434720653341 ], [ 15.141010803950797, 55.072595103491835 ], [ 15.141075623376327, 55.072672032225583 ], [ 15.141253121861444, 55.072610971540421 ], [ 15.141605309714834, 55.072489815230028 ], [ 15.141893258895113, 55.072809853832489 ], [ 15.141519558601914, 55.072941674163097 ], [ 15.141336051975536, 55.073006404198438 ], [ 15.14149354474212, 55.073257303724972 ], [ 15.141619101153282, 55.073472046993494 ], [ 15.141717449157648, 55.073667610848965 ], [ 15.141804388278413, 55.073840305159671 ], [ 15.142060781440042, 55.074328870797721 ], [ 15.141169252226049, 55.074499835429044 ], [ 15.141077858484035, 55.074381346577574 ], [ 15.140451791242834, 55.074501095908005 ], [ 15.140991717136234, 55.074833091284468 ], [ 15.141037944526042, 55.074867399925964 ], [ 15.141405297786584, 55.075140036152661 ], [ 15.141659834701935, 55.075328941257681 ], [ 15.141883866991281, 55.07549520530322 ], [ 15.142475722721965, 55.075858457869266 ], [ 15.143135202526439, 55.076189803405477 ], [ 15.143807916530816, 55.076542833041813 ], [ 15.143984896214016, 55.076517537273958 ], [ 15.144089411803231, 55.076646759180363 ], [ 15.145071060661168, 55.076420209386903 ], [ 15.145624288453172, 55.076013207340274 ], [ 15.145879049785007, 55.076196829622845 ], [ 15.146139367053047, 55.076414602301448 ], [ 15.146336575659204, 55.076577773132676 ], [ 15.146344368463298, 55.076574668070947 ], [ 15.146525264481152, 55.076711373073394 ], [ 15.146783026695179, 55.07690250428827 ], [ 15.14685696363915, 55.076960032501788 ], [ 15.147056293917379, 55.077115026988693 ], [ 15.147063796830523, 55.077111873539145 ], [ 15.14728988093292, 55.077288545140547 ], [ 15.147283315523641, 55.077291263919889 ], [ 15.14748217880928, 55.077443201990782 ], [ 15.147666421003265, 55.077587623696346 ], [ 15.147944262986638, 55.077803802687072 ], [ 15.147979352042055, 55.077831306577657 ], [ 15.148220100022137, 55.078023045125811 ], [ 15.148466993577498, 55.078221044950617 ], [ 15.148747064174401, 55.078440630067114 ], [ 15.149026032317053, 55.078658334567614 ], [ 15.149233101174021, 55.078819948062161 ], [ 15.149243090261209, 55.078815714023186 ], [ 15.149417451320264, 55.07895601498987 ], [ 15.149637754640318, 55.079133326908867 ], [ 15.149792147059982, 55.079260736888692 ], [ 15.150021485449622, 55.079476209652853 ], [ 15.150199069796523, 55.079644331602218 ], [ 15.150190594306794, 55.07967887848239 ], [ 15.150157623499801, 55.079710398967244 ], [ 15.150044509691437, 55.079752392798333 ], [ 15.149295422951704, 55.079887102093466 ], [ 15.148779248921265, 55.079981243806927 ], [ 15.148832676315125, 55.080025631960616 ], [ 15.14912824131528, 55.080271188804723 ], [ 15.150007453817764, 55.080849796235597 ], [ 15.15037876601294, 55.081256824122221 ], [ 15.150774581091252, 55.081631814263503 ], [ 15.151263297450493, 55.08200866671524 ], [ 15.151348041097492, 55.082444041450401 ], [ 15.151140877309818, 55.083021832671506 ], [ 15.15106437752728, 55.083288190349663 ], [ 15.151009144430299, 55.083480499529429 ], [ 15.15085383693123, 55.083919021026446 ], [ 15.150676286022398, 55.08431363927351 ], [ 15.150355510181896, 55.084677167628811 ], [ 15.150294479921692, 55.085027646933916 ], [ 15.150260066634344, 55.085225270441903 ], [ 15.150334758602522, 55.085612829239139 ], [ 15.149912294230681, 55.085981843388936 ], [ 15.149845223665674, 55.086153255581578 ], [ 15.149671726058347, 55.086596656958157 ], [ 15.14918923707171, 55.087017576460141 ], [ 15.148957433463682, 55.087286336148786 ], [ 15.148800977573547, 55.087467733364029 ], [ 15.148549628892056, 55.087759146956728 ], [ 15.148382151190177, 55.088247543277149 ], [ 15.148207060514425, 55.088662985103966 ], [ 15.1482859147991, 55.089086306067244 ], [ 15.148246598246587, 55.08959673397468 ], [ 15.148458403893606, 55.090005836125364 ], [ 15.148793706782651, 55.090524106378062 ], [ 15.149307133135036, 55.090937219987765 ], [ 15.149427911508097, 55.091037308184376 ], [ 15.149772757459779, 55.091323076069614 ], [ 15.149110827752493, 55.091719627404046 ], [ 15.148579793857357, 55.092152781255031 ], [ 15.148387231609396, 55.09249197751793 ], [ 15.147763425532943, 55.092787127771921 ], [ 15.147493858634316, 55.093050274394777 ], [ 15.147493373759941, 55.093050752523247 ], [ 15.147365815521987, 55.093176535641071 ], [ 15.146842872092456, 55.093557046238701 ], [ 15.146162967861979, 55.094009290161878 ], [ 15.146061466854102, 55.094077019452982 ], [ 15.145638335116061, 55.094857913423795 ], [ 15.145557132412067, 55.09509185055925 ], [ 15.14555698753801, 55.095091954774738 ], [ 15.144810631099425, 55.095628838836859 ], [ 15.144484255523061, 55.096108021086259 ], [ 15.144150784769, 55.096713936265772 ], [ 15.143878484043627, 55.09718269813613 ], [ 15.143824571465728, 55.097289181278057 ], [ 15.143689707545825, 55.097555549631061 ], [ 15.143315200376335, 55.097871882417365 ], [ 15.143315151794107, 55.097871923500527 ], [ 15.143266114300491, 55.097913391591113 ], [ 15.143030328877552, 55.098248174265109 ], [ 15.142657506735716, 55.098538190034141 ], [ 15.142597875461169, 55.098840186507573 ], [ 15.142593648109672, 55.098861595353888 ], [ 15.142568940913657, 55.098963010684905 ], [ 15.142343027953054, 55.099890292445622 ], [ 15.142179910008833, 55.100453875936516 ], [ 15.141965595152895, 55.100966348677559 ], [ 15.141877027148411, 55.10104020852139 ], [ 15.141911946007809, 55.101071288908926 ], [ 15.142057214260754, 55.101228202765746 ], [ 15.143329077056412, 55.101278570666572 ], [ 15.143995659755989, 55.101299159481634 ], [ 15.144268318116337, 55.101312909304966 ], [ 15.144346996891612, 55.101182092065237 ], [ 15.144548510049509, 55.100822857719301 ], [ 15.144768149791481, 55.100426354972214 ], [ 15.144807053224032, 55.100348794460871 ], [ 15.144974752613253, 55.100024758080899 ], [ 15.144611587422784, 55.099986922840657 ], [ 15.144571100723919, 55.09997771732273 ], [ 15.144652339534305, 55.099813679509793 ], [ 15.144837535140031, 55.099496194984731 ], [ 15.144931118899247, 55.099373383712376 ], [ 15.145035407012628, 55.09923484015772 ], [ 15.145284290813587, 55.098904225324482 ], [ 15.145478072959056, 55.098949879164159 ], [ 15.14558293160148, 55.098928442712108 ], [ 15.145960898127942, 55.099022675360622 ], [ 15.145890123122587, 55.09915673136851 ], [ 15.145770409835176, 55.099291347633887 ], [ 15.145726202894954, 55.099310289165345 ], [ 15.145615447493494, 55.099498387208584 ], [ 15.145434274828423, 55.099766704166015 ], [ 15.145337061432702, 55.099931812596786 ], [ 15.145374677322492, 55.099935427508335 ], [ 15.146540573274308, 55.100102870303715 ], [ 15.146449552061481, 55.10032568967177 ], [ 15.146391865189262, 55.100467033893267 ], [ 15.146266031654775, 55.100836990106465 ], [ 15.146256939897938, 55.100904586402997 ], [ 15.146166108361482, 55.101164034255497 ], [ 15.146081143264297, 55.101406725118871 ], [ 15.145986711133999, 55.10167625081116 ], [ 15.145912185589747, 55.101889058919326 ], [ 15.145840385626, 55.102093976265223 ], [ 15.14564974676027, 55.102256846402284 ], [ 15.145500285208074, 55.102384558500439 ], [ 15.145449631415875, 55.102558654690881 ], [ 15.14536571364804, 55.10280441631771 ], [ 15.144908103112789, 55.102793666955399 ], [ 15.144888201520423, 55.103063451921088 ], [ 15.144872638741143, 55.10325107838365 ], [ 15.14478620638687, 55.103432514258067 ], [ 15.144368072181745, 55.10343371163259 ], [ 15.144357098410303, 55.103577218864523 ], [ 15.144292308134885, 55.103714932497788 ], [ 15.144811524844835, 55.10374609358923 ], [ 15.144761609602357, 55.103974978955399 ], [ 15.144850111290387, 55.103986642903131 ], [ 15.145005595984824, 55.104008214754082 ], [ 15.145008965155707, 55.104285924864577 ], [ 15.145011751345201, 55.104311968209359 ], [ 15.145060399647132, 55.10452524739209 ], [ 15.145599102417421, 55.105133177852835 ], [ 15.146036165409262, 55.105095901508697 ], [ 15.146099665171489, 55.105178199586099 ], [ 15.146094782195199, 55.105222045546306 ], [ 15.146218421856249, 55.105225058981489 ], [ 15.146310840001158, 55.105271604273739 ], [ 15.146760408702805, 55.105346479627592 ], [ 15.147306603206948, 55.105521278302568 ], [ 15.147159237213875, 55.105687604548635 ], [ 15.147097575489003, 55.10575720610364 ], [ 15.147071811049205, 55.10582381901569 ], [ 15.146994611914767, 55.105964845987145 ], [ 15.14697964357053, 55.105962596633169 ], [ 15.146975779702819, 55.105975947571402 ], [ 15.14694037910915, 55.106098568855181 ], [ 15.146975991802828, 55.106101069299108 ], [ 15.146963631988442, 55.106128185851482 ], [ 15.146855730947134, 55.10612081934697 ], [ 15.146848636727443, 55.106151225904306 ], [ 15.146807407776267, 55.106280058116731 ], [ 15.146667985583941, 55.106274936081086 ], [ 15.146638127318486, 55.106296635760906 ], [ 15.146704979465982, 55.106310151237139 ], [ 15.146679621719215, 55.106415903047335 ], [ 15.146668358242191, 55.106428016940015 ], [ 15.146608206694411, 55.106423130368533 ], [ 15.146560370582339, 55.106419889175079 ], [ 15.146516666179437, 55.106503609131472 ], [ 15.146497757675556, 55.106512994677949 ], [ 15.14648366643385, 55.106563943127625 ], [ 15.146492653916091, 55.106574977452127 ], [ 15.146489690909561, 55.106601924227917 ], [ 15.146523615908396, 55.106621195206955 ], [ 15.146599805057324, 55.106679610472597 ], [ 15.146580762563554, 55.106729819203998 ], [ 15.146602519529674, 55.106732193050703 ], [ 15.146582182392953, 55.106797648555741 ], [ 15.14675756842969, 55.10687165102663 ], [ 15.146748070679322, 55.106930596796275 ], [ 15.146898630511158, 55.106934902627671 ], [ 15.146885990844803, 55.107043585092001 ], [ 15.146874208576866, 55.107146110226395 ], [ 15.14715368459553, 55.107135134761883 ], [ 15.147222702504253, 55.107132422643794 ], [ 15.147181421828847, 55.106949529411857 ], [ 15.148147773319893, 55.106920807113951 ], [ 15.14920189091244, 55.106913499926733 ], [ 15.149217688601905, 55.106892800080303 ], [ 15.149231384747354, 55.106850722459768 ], [ 15.14923696723849, 55.106800024596517 ], [ 15.149226818162596, 55.106709217244962 ], [ 15.149241400751061, 55.106570793799335 ], [ 15.149206224126649, 55.106507952158843 ], [ 15.149162306971133, 55.106446075581736 ], [ 15.14908683451355, 55.106350554865152 ], [ 15.149064401553552, 55.106319951242618 ], [ 15.149049467359106, 55.106299583773364 ], [ 15.148957005583149, 55.106185438419608 ], [ 15.148839100116165, 55.106018907428478 ], [ 15.148825945014496, 55.105990210882247 ], [ 15.148810649569652, 55.105926839192868 ], [ 15.148807925785825, 55.10585291689452 ], [ 15.148822723030356, 55.105675728192672 ], [ 15.148824456767917, 55.105633275175101 ], [ 15.148831716445999, 55.105587138587332 ], [ 15.148835034106447, 55.105492191353179 ], [ 15.148826188417205, 55.105431536370432 ], [ 15.148809493825079, 55.105382318279005 ], [ 15.148786835004778, 55.10535686751733 ], [ 15.148720140059696, 55.105313387980722 ], [ 15.148625700457824, 55.105276878589706 ], [ 15.148533849810999, 55.10525360034076 ], [ 15.148408641930615, 55.105234605059046 ], [ 15.148238910007215, 55.105216730534202 ], [ 15.14814416420502, 55.105213083931204 ], [ 15.147796389534166, 55.105207072828605 ], [ 15.147637375829754, 55.105206059844221 ], [ 15.14731691026682, 55.105205435345574 ], [ 15.14699691225651, 55.10519744783074 ], [ 15.146780291973895, 55.10518756463933 ], [ 15.146672790453314, 55.105185832492211 ], [ 15.146491047671343, 55.105171643269429 ], [ 15.146401480222558, 55.105152470820293 ], [ 15.146334152724258, 55.105131370689513 ], [ 15.146250695095505, 55.10509711271439 ], [ 15.146162216284399, 55.105049629554514 ], [ 15.146112221934651, 55.105014730440395 ], [ 15.146054189456272, 55.104974853788434 ], [ 15.14598003098693, 55.104914300493377 ], [ 15.145917877192161, 55.104857353277339 ], [ 15.145873572318198, 55.104823192465005 ], [ 15.145787154322651, 55.104740244929552 ], [ 15.145715873406379, 55.104661357158221 ], [ 15.145651777144511, 55.104582006510284 ], [ 15.145608528157741, 55.104513098694376 ], [ 15.145586206224097, 55.104459230871917 ], [ 15.145567681679674, 55.104392087563035 ], [ 15.14556055506181, 55.104341844414819 ], [ 15.145559484811647, 55.104274231513166 ], [ 15.145554387518885, 55.104252762307134 ], [ 15.145556465092351, 55.104127587792917 ], [ 15.145571365666259, 55.104007868885155 ], [ 15.145581979657393, 55.103920170108204 ], [ 15.145631961559426, 55.103751087270162 ], [ 15.14568004496353, 55.10366694778007 ], [ 15.145802440298525, 55.103551600337482 ], [ 15.145907229762454, 55.103426258113544 ], [ 15.146119379315081, 55.103085634541465 ], [ 15.146125336943534, 55.103057329556464 ], [ 15.146097803107622, 55.103024066417838 ], [ 15.146042470302804, 55.102995884742391 ], [ 15.14597991932609, 55.102963152230828 ], [ 15.145849626731678, 55.102868064782911 ], [ 15.145783423208922, 55.102804785557339 ], [ 15.145767058270255, 55.102772865697467 ], [ 15.145780839798269, 55.102736321833717 ], [ 15.145962249485011, 55.102574288065682 ], [ 15.146093547140804, 55.102467619750044 ], [ 15.146254406887364, 55.102363245007645 ], [ 15.146349293627908, 55.10228099399415 ], [ 15.147474013879329, 55.101439577244449 ], [ 15.147548089439168, 55.101330727151925 ], [ 15.147558906076897, 55.101286877666062 ], [ 15.147431238228336, 55.101050823061016 ], [ 15.147314490144749, 55.100781871887484 ], [ 15.147217100331767, 55.100546624620229 ], [ 15.147070209584799, 55.100279434150309 ], [ 15.147050273966913, 55.100154302943288 ], [ 15.147076240261145, 55.100001760899183 ], [ 15.14753018332334, 55.099379055731717 ], [ 15.147909264402482, 55.098735289029101 ], [ 15.148482973856311, 55.0981831028529 ], [ 15.148613812325877, 55.098030271530142 ], [ 15.148679925029636, 55.097941543325504 ], [ 15.14872532617051, 55.097844662047891 ], [ 15.148853779335527, 55.097583215475431 ], [ 15.148778603591007, 55.097303200157356 ], [ 15.148857172216587, 55.097177922618478 ], [ 15.149288647998878, 55.096849896556989 ], [ 15.149928214943399, 55.096279481173426 ], [ 15.150206341062532, 55.095997670790162 ], [ 15.150784594070235, 55.095420389733626 ], [ 15.150831770615797, 55.095339967380532 ], [ 15.151130726451251, 55.094970891613137 ], [ 15.151213599788129, 55.094887065952783 ], [ 15.151517735608552, 55.094574867799871 ], [ 15.151593739962951, 55.094516367967834 ], [ 15.151751998353683, 55.094432178170358 ], [ 15.152027150972813, 55.094300327324291 ], [ 15.152294721030193, 55.094187643205544 ], [ 15.152476159281045, 55.094015808851729 ], [ 15.152678914869153, 55.093721632339872 ], [ 15.152870337023852, 55.093591161155224 ], [ 15.153012779331791, 55.09350778946127 ], [ 15.153119013038602, 55.093469213101486 ], [ 15.153270136557675, 55.093421688288359 ], [ 15.153982169860633, 55.093097236793611 ], [ 15.154935451878222, 55.092648423098225 ], [ 15.15500044287297, 55.09258534703222 ], [ 15.155027183335802, 55.092520510253266 ], [ 15.155070899662164, 55.092349813005015 ], [ 15.155072041339107, 55.092262224061216 ], [ 15.155074383375762, 55.092096182586388 ], [ 15.155056064442354, 55.091944803605912 ], [ 15.155033197166976, 55.091836317811882 ], [ 15.154942550685663, 55.091567553233048 ], [ 15.154893807325244, 55.091397241567599 ], [ 15.154894276290282, 55.091278711886083 ], [ 15.1557035023197, 55.091084564194027 ], [ 15.155585097726053, 55.090884425427326 ], [ 15.155560746536617, 55.090842574972122 ], [ 15.154107089073698, 55.089459757404896 ], [ 15.15352634566934, 55.089311535377639 ], [ 15.153585738952163, 55.089211655082991 ], [ 15.153664882798658, 55.089109341481482 ], [ 15.153721914000743, 55.089047200919332 ], [ 15.153810623464453, 55.08895215482611 ], [ 15.153910529085737, 55.088870776680729 ], [ 15.154037509970969, 55.088785702207915 ], [ 15.154293074602698, 55.088628302681727 ], [ 15.154478700652337, 55.088498401284085 ], [ 15.154680301890867, 55.08837488375152 ], [ 15.154853288586834, 55.088272374633434 ], [ 15.154968952061061, 55.088156276955971 ], [ 15.155050966521738, 55.087990957514272 ], [ 15.155174210928891, 55.087798190436423 ], [ 15.155183421303013, 55.087725157391695 ], [ 15.1552185960897, 55.087413867502804 ], [ 15.155217983584389, 55.087287000633403 ], [ 15.155194410720199, 55.087008666153558 ], [ 15.1551977646875, 55.086713865540027 ], [ 15.155173116308761, 55.086552362702328 ], [ 15.155179480902161, 55.086229333897194 ], [ 15.155158297988066, 55.086127164851547 ], [ 15.15512901989344, 55.086001301867746 ], [ 15.155134634637577, 55.085849861479609 ], [ 15.155130760199343, 55.08571394866491 ], [ 15.155097929979318, 55.085514232327469 ], [ 15.155052525869095, 55.085348316731881 ], [ 15.155028122024069, 55.085243474709074 ], [ 15.1550103084996, 55.085181483117765 ], [ 15.155008328987739, 55.085103984279414 ], [ 15.155025475126056, 55.085034672676294 ], [ 15.155026733705357, 55.084969930785924 ], [ 15.155128579137983, 55.084646146585115 ], [ 15.155178940282678, 55.084528471640525 ], [ 15.155327453849244, 55.084305815545385 ], [ 15.155366902376452, 55.084232824273421 ], [ 15.155420381859646, 55.084098729196398 ], [ 15.155456537234645, 55.083999288162182 ], [ 15.15552363304205, 55.083705593936749 ], [ 15.155567328565333, 55.083504885875435 ], [ 15.155669187444872, 55.083140814981597 ], [ 15.155692609667499, 55.083036779304763 ], [ 15.155758159022639, 55.082735617698411 ], [ 15.155838192331618, 55.082469054179981 ], [ 15.15589258796561, 55.082162344389943 ], [ 15.155934386029827, 55.081892128929184 ], [ 15.155906892538676, 55.081789947044491 ], [ 15.155861557258472, 55.081612043539813 ], [ 15.155840126104668, 55.081444110633065 ], [ 15.155803118819861, 55.081347408822438 ], [ 15.155730965453767, 55.081219732376887 ], [ 15.155612023256618, 55.080948793702973 ], [ 15.155498191629789, 55.08076272256605 ], [ 15.155421360697476, 55.080661503886454 ], [ 15.155323776905311, 55.08054661591791 ], [ 15.155242190707432, 55.080449060030382 ], [ 15.155139847844776, 55.080342391200872 ], [ 15.154801000999083, 55.080021522145799 ], [ 15.154641159435313, 55.079872937185385 ], [ 15.154371024601735, 55.079640506701317 ], [ 15.154097859775133, 55.079438195746569 ], [ 15.153816820289656, 55.079260541268987 ], [ 15.153676394337948, 55.079187696211193 ], [ 15.153535805785538, 55.079095662056595 ], [ 15.153415929113857, 55.079010005884399 ], [ 15.153275093883463, 55.078885091222595 ], [ 15.152960099037198, 55.078660884906334 ], [ 15.152571385472843, 55.078362790011113 ], [ 15.152435288118296, 55.078241497092293 ], [ 15.152224249624751, 55.078093812672563 ], [ 15.152092944802872, 55.07796520802701 ], [ 15.152129836444459, 55.077765278728506 ], [ 15.15219524622219, 55.077545291444515 ], [ 15.152304863491093, 55.077277914850491 ], [ 15.152381401825807, 55.0770589658771 ], [ 15.15232034799309, 55.076953190791791 ], [ 15.152271978103517, 55.076839181876274 ], [ 15.152045241388812, 55.076664109920067 ], [ 15.151716484269377, 55.076425174485095 ], [ 15.151306617023563, 55.076175277426863 ], [ 15.151027554426012, 55.076007466924281 ], [ 15.150856927727194, 55.075908993202098 ], [ 15.150248907090775, 55.075509366345209 ], [ 15.150157685128871, 55.075437949318562 ], [ 15.14995859325186, 55.075298795322489 ], [ 15.149930618892265, 55.075283348304509 ], [ 15.14973941753126, 55.075239563637574 ], [ 15.149398585202512, 55.075182454928125 ], [ 15.149299809728785, 55.075162159321302 ], [ 15.149189155295005, 55.075147373042725 ], [ 15.148832433606742, 55.075092139619393 ], [ 15.148675578877594, 55.075070627026982 ], [ 15.148511573345701, 55.075044560287367 ], [ 15.148208324090904, 55.075014735539114 ], [ 15.147807812015968, 55.074975755927646 ], [ 15.147685198724002, 55.074966463605861 ], [ 15.14751561981701, 55.074957299846787 ], [ 15.147213004730219, 55.074927404488058 ], [ 15.147105563882791, 55.074927166497957 ], [ 15.147057854647217, 55.074932762260012 ], [ 15.147002233026795, 55.074942009432128 ], [ 15.146946642858639, 55.07495808922728 ], [ 15.146790961198093, 55.074999049462114 ], [ 15.14669789685955, 55.075000657955314 ], [ 15.146664002064693, 55.074985582201847 ], [ 15.147197249801316, 55.074673615907663 ], [ 15.147053657177709, 55.074539010969339 ], [ 15.146864124506557, 55.074650416053977 ], [ 15.146793101345267, 55.074692147492968 ], [ 15.146725881602114, 55.074583503953583 ], [ 15.146632263818944, 55.074514817107989 ], [ 15.146510936203404, 55.074460329102926 ], [ 15.146463761755721, 55.074433500187638 ], [ 15.146393440400798, 55.074391681240044 ], [ 15.146228798285208, 55.074290773276118 ], [ 15.145956045299293, 55.074092954270618 ], [ 15.145635400487249, 55.073873816447119 ], [ 15.1454340206963, 55.073754310766823 ], [ 15.145111520889156, 55.073503696723343 ], [ 15.144933527397317, 55.073322992363607 ], [ 15.144740509637906, 55.073155087430472 ], [ 15.144429321745324, 55.072928165355158 ], [ 15.144213454465714, 55.072794093360919 ], [ 15.143981994464188, 55.072592099202666 ], [ 15.143853250685995, 55.072508000185529 ], [ 15.143659017444474, 55.072389372548542 ], [ 15.143480798415794, 55.072281198018757 ], [ 15.143280116278651, 55.072151641079202 ], [ 15.142921596811409, 55.071973150977477 ], [ 15.142682198383206, 55.071871503720644 ], [ 15.142366733210014, 55.071700196594968 ], [ 15.141999069040507, 55.071458705060714 ], [ 15.141632842292724, 55.071197546531444 ], [ 15.141483970224044, 55.071069623092953 ], [ 15.141194297014502, 55.070831042509042 ], [ 15.140615589627028, 55.070431364641216 ], [ 15.140433132379604, 55.070298972102869 ], [ 15.140229045902682, 55.070128244502499 ], [ 15.140164210158375, 55.070072710349791 ], [ 15.139957963679565, 55.06993487607749 ], [ 15.139599756209048, 55.069676907942366 ], [ 15.139410179883567, 55.069533574015793 ], [ 15.13913569748471, 55.069302810401091 ], [ 15.139022751303871, 55.06919445136058 ], [ 15.138767610365228, 55.069002425915251 ], [ 15.138564031762943, 55.06885952022688 ], [ 15.138335165315633, 55.068723278269367 ], [ 15.138096787645649, 55.068593441924868 ], [ 15.137719823185801, 55.068407677253923 ], [ 15.137986735346313, 55.068314233655535 ], [ 15.137970730631732, 55.06829789037976 ], [ 15.137625405251054, 55.068418144755434 ], [ 15.13747335078976, 55.068472191110111 ], [ 15.136640218701164, 55.0689150423878 ], [ 15.137249373512255, 55.069292001458692 ], [ 15.137368961236421, 55.06937018607919 ], [ 15.137471169060138, 55.069443910346543 ], [ 15.138171572808252, 55.069972039889656 ], [ 15.13851817697309, 55.070236334884513 ], [ 15.138779898162765, 55.070440706020229 ], [ 15.138917700588612, 55.070551094148868 ], [ 15.139562388324292, 55.071073580962128 ], [ 15.139548946373168, 55.071128853845146 ], [ 15.13957269304823, 55.071148388849338 ], [ 15.139833690569827, 55.070970123867916 ], [ 15.139892264724981, 55.071021563046614 ], [ 15.139958431820533, 55.071075148556801 ], [ 15.140076480808444, 55.071170750223111 ], [ 15.140194973713283, 55.071266710797332 ], [ 15.14030861213449, 55.071358739443077 ], [ 15.140501563946405, 55.071514997780305 ], [ 15.140641902860526, 55.07162864757143 ], [ 15.140783278224228, 55.071743135855698 ] ] ], [ [ [ 15.140017279042215, 55.111728091975735 ], [ 15.139615143533565, 55.111820214535356 ], [ 15.139555127469084, 55.111743085425822 ], [ 15.139266256201799, 55.111765998016423 ], [ 15.139158185570993, 55.111693118049409 ], [ 15.138889102086228, 55.112041063205872 ], [ 15.13864205156206, 55.112352056559736 ], [ 15.138579967858153, 55.112730978801608 ], [ 15.138576923234552, 55.112922139091033 ], [ 15.138573165036126, 55.113158105368939 ], [ 15.138512561609735, 55.113579110483592 ], [ 15.138535585121144, 55.113630945124903 ], [ 15.138690152427449, 55.113978930737595 ], [ 15.138923813772978, 55.114343761081486 ], [ 15.13931355848282, 55.115082980986045 ], [ 15.13980021497526, 55.115436473756375 ], [ 15.139840359637395, 55.1154656332629 ], [ 15.140117712221704, 55.115930450063772 ], [ 15.140579350391537, 55.116210946947746 ], [ 15.141082451111757, 55.116644559890851 ], [ 15.141592843063977, 55.116984977335626 ], [ 15.142093339547767, 55.117399296209442 ], [ 15.142068965238241, 55.117530235801205 ], [ 15.142017041900294, 55.117809167369352 ], [ 15.141963186661316, 55.118319569973259 ], [ 15.141977516128915, 55.118761340940402 ], [ 15.142117337386736, 55.119125151760286 ], [ 15.142246877574733, 55.11930888435527 ], [ 15.142198145059648, 55.119559498302088 ], [ 15.142238941538375, 55.120065256060656 ], [ 15.142423681298677, 55.120888073002604 ], [ 15.142662907930951, 55.121283816300995 ], [ 15.143056472411807, 55.121613870126062 ], [ 15.143315748530899, 55.121983953209408 ], [ 15.143334256971038, 55.121995159984174 ], [ 15.143776408811608, 55.122262878081386 ], [ 15.144239364171519, 55.122598862305416 ], [ 15.14449291696325, 55.122685836584509 ], [ 15.145445074690718, 55.123012439699501 ], [ 15.145693193416671, 55.123098254054078 ], [ 15.146116674526434, 55.123244717184541 ], [ 15.146263243817117, 55.123295408324054 ], [ 15.146420318091851, 55.123344695562757 ], [ 15.146817767088832, 55.12346940682523 ], [ 15.147613429792623, 55.123677104994933 ], [ 15.148069183690671, 55.12387415316752 ], [ 15.148602363971355, 55.124170674666885 ], [ 15.148876485587571, 55.124289658372724 ], [ 15.148658209771718, 55.124555499080181 ], [ 15.148160091604714, 55.124993987092246 ], [ 15.147903748829158, 55.125372713860145 ], [ 15.147857146875213, 55.125430211179349 ], [ 15.147856884011404, 55.125430535499248 ], [ 15.147500153628494, 55.126025657392574 ], [ 15.147296010806066, 55.126652283577997 ], [ 15.147245121128908, 55.127418828919033 ], [ 15.147283139680082, 55.127829426255808 ], [ 15.148536758911757, 55.127850792253348 ], [ 15.148662134063727, 55.127860929586575 ], [ 15.149264097581888, 55.127910453973001 ], [ 15.149449876310687, 55.127988520951298 ], [ 15.14933134528698, 55.128939435671654 ], [ 15.152282529362553, 55.129017693383837 ], [ 15.152314261802923, 55.128997017116944 ], [ 15.152413821746935, 55.128912869023281 ], [ 15.152446718108411, 55.128857113058935 ], [ 15.152430209244246, 55.128786806547794 ], [ 15.152378782156079, 55.128732073140128 ], [ 15.152207619990264, 55.128635450203305 ], [ 15.152054210473082, 55.128565264575379 ], [ 15.151923163228185, 55.128509640159983 ], [ 15.151855945211972, 55.128473139055984 ], [ 15.151602883265054, 55.12830432668229 ], [ 15.151485767005687, 55.12820485631088 ], [ 15.151364933840878, 55.12804056304762 ], [ 15.151380824538469, 55.127855151545255 ], [ 15.151432448087256, 55.127747329544505 ], [ 15.151563685572343, 55.127637616610002 ], [ 15.151741771381245, 55.127607261835799 ], [ 15.151881779332895, 55.127597051991806 ], [ 15.152035966968803, 55.127570383917721 ], [ 15.15216935836961, 55.127534612606368 ], [ 15.152499290721728, 55.127391670624625 ], [ 15.152562859592196, 55.12736320102897 ], [ 15.152606005376615, 55.12734413140776 ], [ 15.152673839783469, 55.127253603927834 ], [ 15.152694098259261, 55.127202414203673 ], [ 15.152695329950228, 55.127158572790229 ], [ 15.152667890637138, 55.127112942829008 ], [ 15.152592503329585, 55.127066465204827 ], [ 15.152542447690802, 55.127033533904857 ], [ 15.152481260935728, 55.126966049844476 ], [ 15.152458495065682, 55.126911295749231 ], [ 15.152441925608715, 55.126839164458083 ], [ 15.152437539281141, 55.126699459670043 ], [ 15.152431698815489, 55.126578026297103 ], [ 15.152418131185343, 55.126484006466029 ], [ 15.152398940119598, 55.126287775485714 ], [ 15.152443022127221, 55.126226518250562 ], [ 15.152493488449922, 55.126158877548924 ], [ 15.152645912242155, 55.126030918320971 ], [ 15.152901198937245, 55.125791809891844 ], [ 15.153024446618179, 55.125681095362253 ], [ 15.153144325830628, 55.125550291694857 ], [ 15.15327443324867, 55.125417042551192 ], [ 15.153516844689472, 55.125168779496001 ], [ 15.153728060609513, 55.124920908571902 ], [ 15.153819327362209, 55.124792887085604 ], [ 15.153934054757, 55.124617340029062 ], [ 15.15402052914917, 55.124489327171936 ], [ 15.154105033466372, 55.124317509015022 ], [ 15.154030525864307, 55.124169824198823 ], [ 15.153945176147012, 55.124057760795324 ], [ 15.153861488551568, 55.123954833518532 ], [ 15.153796901270907, 55.123850947006126 ], [ 15.153743510408656, 55.123750679936798 ], [ 15.153693133461863, 55.123632170393265 ], [ 15.153693985051556, 55.123544542177697 ], [ 15.153720535111228, 55.123483335629544 ], [ 15.15381566158908, 55.123438363387869 ], [ 15.153936030655411, 55.123362298166768 ], [ 15.154065784126045, 55.123268855976171 ], [ 15.154146221015081, 55.123176463967255 ], [ 15.154151918160055, 55.123099773457476 ], [ 15.154117820966762, 55.123022299911511 ], [ 15.154074009953735, 55.122926580781325 ], [ 15.153963516933715, 55.122852952894107 ], [ 15.153779421046274, 55.122737539056587 ], [ 15.153538030778861, 55.122624101711594 ], [ 15.153370259786788, 55.122556113977666 ], [ 15.153129695073359, 55.122537602588586 ], [ 15.152870131497131, 55.122533731210211 ], [ 15.15267384043343, 55.122550324891627 ], [ 15.152493898921264, 55.12255353763944 ], [ 15.152336753107626, 55.122540035407958 ], [ 15.15217537512768, 55.122507658305416 ], [ 15.152058811270679, 55.122478763736424 ], [ 15.151935809469389, 55.122432582870935 ], [ 15.151809651683099, 55.122384580867291 ], [ 15.151748633881351, 55.122322715796798 ], [ 15.151484066936856, 55.122096274381882 ], [ 15.151314406552402, 55.121986365583638 ], [ 15.151184918815717, 55.121917884838929 ], [ 15.151056975204392, 55.121850244168037 ], [ 15.150857290261717, 55.121762322874602 ], [ 15.150684971786788, 55.121694336932528 ], [ 15.150636889090482, 55.121675360825677 ], [ 15.150455007007466, 55.121622067908618 ], [ 15.150214034679868, 55.12155798277572 ], [ 15.150059333650958, 55.121526480314536 ], [ 15.149928647958046, 55.121514993200307 ], [ 15.149667538426458, 55.121518468922865 ], [ 15.149438368066631, 55.121530077848298 ], [ 15.149323826666752, 55.121540445107563 ], [ 15.149180503849797, 55.121540843679966 ], [ 15.149145195860186, 55.121506281796933 ], [ 15.149136034665791, 55.121366702031573 ], [ 15.149161380800912, 55.121331372930811 ], [ 15.149175384706657, 55.121311844609671 ], [ 15.149178109333471, 55.121257077536711 ], [ 15.149091534711971, 55.121187060312032 ], [ 15.149009923083238, 55.121138933208108 ], [ 15.148957735701183, 55.121114419643533 ], [ 15.148907597315953, 55.121090864780612 ], [ 15.148565503755746, 55.120930338981935 ], [ 15.148284278933229, 55.120812507340439 ], [ 15.148145276726265, 55.120756337088856 ], [ 15.147846282124592, 55.120612094442777 ], [ 15.147609458632077, 55.120473148751969 ], [ 15.14743697959632, 55.120411586662655 ], [ 15.14731075512046, 55.120361746782216 ], [ 15.147177897873119, 55.120279989301153 ], [ 15.14709604297342, 55.120203554864752 ], [ 15.146994662973995, 55.120077000748758 ], [ 15.146797782890536, 55.119769073664294 ], [ 15.146739614017003, 55.119670675826903 ], [ 15.146681315553268, 55.119554924278212 ], [ 15.146645370103794, 55.119450971046689 ], [ 15.14662401280772, 55.119371635214939 ], [ 15.146608481081877, 55.119283513377873 ], [ 15.146598902689169, 55.11922932437605 ], [ 15.146583314050424, 55.119079679176991 ], [ 15.146577423729857, 55.11901945065474 ], [ 15.146555651539467, 55.118796868736851 ], [ 15.146530994835995, 55.118544970872669 ], [ 15.146517396631399, 55.118443703938404 ], [ 15.146519964393534, 55.118373421584941 ], [ 15.146576363552374, 55.118261911259964 ], [ 15.146598429749922, 55.118202446231386 ], [ 15.14660280201206, 55.118190654346904 ], [ 15.146650604753704, 55.118007986216618 ], [ 15.146707119092486, 55.117727630717887 ], [ 15.146742762598569, 55.117613461481866 ], [ 15.146785181609898, 55.117545798418242 ], [ 15.146820852341778, 55.117434356068053 ], [ 15.14685723245203, 55.117219787768661 ], [ 15.146865947968706, 55.117121208783828 ], [ 15.146868200460185, 55.117011683705925 ], [ 15.146711861090273, 55.116794006926909 ], [ 15.146569222683391, 55.116683048293098 ], [ 15.146460158825015, 55.116592999250024 ], [ 15.146273013098531, 55.116494045510123 ], [ 15.145960028528364, 55.116389036873343 ], [ 15.145910241824808, 55.116349057378045 ], [ 15.145855799288135, 55.116305369713011 ], [ 15.145753028037594, 55.116205267892752 ], [ 15.145657991580915, 55.116075942721409 ], [ 15.145617512478227, 55.115998493343035 ], [ 15.145519147189338, 55.11585184131561 ], [ 15.145397096343434, 55.115730798907904 ], [ 15.145256410124327, 55.115664572359684 ], [ 15.14513829089179, 55.115632959199083 ], [ 15.145047117874906, 55.115581189926836 ], [ 15.144986171791206, 55.11553116799184 ], [ 15.144971334310977, 55.115474633936692 ], [ 15.145008756897592, 55.115379635366907 ], [ 15.145054350394988, 55.115312892740143 ], [ 15.145263842710678, 55.115232018085216 ], [ 15.145396953274007, 55.115157747270729 ], [ 15.145463100905481, 55.115073621136119 ], [ 15.145472232799859, 55.115025229077439 ], [ 15.145451195404283, 55.114985144605811 ], [ 15.14536638076204, 55.114935178708343 ], [ 15.145247940188732, 55.11486160406676 ], [ 15.145041911894918, 55.114784593599524 ], [ 15.144848835996829, 55.114733120547449 ], [ 15.144579557226031, 55.11468012002576 ], [ 15.144299227335935, 55.11462808349286 ], [ 15.144079550151986, 55.11460867828778 ], [ 15.143975027793703, 55.114467577372004 ], [ 15.143908700318214, 55.114332737068061 ], [ 15.143842330010404, 55.114187724091266 ], [ 15.143774608105675, 55.114066361662211 ], [ 15.143701056058557, 55.11398689397447 ], [ 15.14362359394187, 55.113895909602988 ], [ 15.143564927732399, 55.113803244555307 ], [ 15.143507758333689, 55.113703264305698 ], [ 15.14347713472387, 55.113588893355704 ], [ 15.143425739068624, 55.113471017537663 ], [ 15.14340654881091, 55.113263008905321 ], [ 15.143430884336206, 55.113141570395676 ], [ 15.143460207947223, 55.113042930329598 ], [ 15.143506499697708, 55.112901480618319 ], [ 15.143476052351081, 55.112850355692061 ], [ 15.143605792497199, 55.112767081972407 ], [ 15.143766411748388, 55.112655952741633 ], [ 15.143853138618706, 55.112577449025267 ], [ 15.143880894156533, 55.112551849725996 ], [ 15.143938348209224, 55.11249888697202 ], [ 15.143960074819176, 55.112435882957094 ], [ 15.143938751506097, 55.112352826422523 ], [ 15.143910955402637, 55.112257932752144 ], [ 15.143937245102597, 55.112165713054338 ], [ 15.143955670225656, 55.112088109152758 ], [ 15.143983589580399, 55.11200137158724 ], [ 15.144054792309968, 55.111957518488019 ], [ 15.144165271465967, 55.111861604547286 ], [ 15.144258557374728, 55.11179948938927 ], [ 15.144534567546161, 55.111711556740083 ], [ 15.145057510419406, 55.111642547489154 ], [ 15.145146098271518, 55.111582983535754 ], [ 15.145172057803698, 55.11145061215209 ], [ 15.145205354271422, 55.111348735949846 ], [ 15.145287475026919, 55.111203157330571 ], [ 15.145386610400108, 55.111075752243991 ], [ 15.145416304946517, 55.110987510703424 ], [ 15.145400232691935, 55.110921422689152 ], [ 15.1453457469783, 55.110840900723858 ], [ 15.145114099327188, 55.110617031745988 ], [ 15.145013952213231, 55.110514374744987 ], [ 15.144958536104522, 55.110431576641943 ], [ 15.144897234367873, 55.110331473136029 ], [ 15.144807708290994, 55.11020680312938 ], [ 15.144725843449667, 55.110102905258287 ], [ 15.14471913056831, 55.110080536328418 ], [ 15.144705875931976, 55.110044046717725 ], [ 15.144711013816808, 55.110005005242421 ], [ 15.144709516138899, 55.109971423111368 ], [ 15.144706708448405, 55.109942184324744 ], [ 15.14471916238581, 55.109925247132708 ], [ 15.144781485811848, 55.109893116335854 ], [ 15.144904692125095, 55.109839795717143 ], [ 15.14498071968238, 55.109812508657001 ], [ 15.144990824362388, 55.109796941959836 ], [ 15.144973802092322, 55.109778309489805 ], [ 15.144927303930764, 55.109758900181774 ], [ 15.144885716492334, 55.109742105607452 ], [ 15.144696927726246, 55.109667725175335 ], [ 15.144621828037989, 55.10964281237797 ], [ 15.144540196076937, 55.109608325524569 ], [ 15.144488808463548, 55.109576035356291 ], [ 15.144463574354539, 55.109537739012339 ], [ 15.144448410449105, 55.109485282426789 ], [ 15.144450619909852, 55.109423149201902 ], [ 15.144462882070599, 55.109393444690923 ], [ 15.144498330812969, 55.109373245480114 ], [ 15.144554607994984, 55.109361212233601 ], [ 15.144710830122735, 55.109330639989757 ], [ 15.144732978853369, 55.109324638414996 ], [ 15.144741550833093, 55.109314110681026 ], [ 15.144720539637486, 55.109292726721463 ], [ 15.144647484159501, 55.109249062636472 ], [ 15.144554578429759, 55.109206844599797 ], [ 15.144456894238935, 55.109165111508041 ], [ 15.144398678458929, 55.10915476820584 ], [ 15.144307641592512, 55.109132633943204 ], [ 15.144194337508878, 55.109109204636027 ], [ 15.144098605612641, 55.10909166594729 ], [ 15.144026829118353, 55.109077713869951 ], [ 15.143928737862122, 55.109062905714161 ], [ 15.143802917833625, 55.109043567216801 ], [ 15.143714750889462, 55.109019972634897 ], [ 15.143655638199945, 55.10899788780695 ], [ 15.143643480296598, 55.108982889798547 ], [ 15.143624290076987, 55.108927737566361 ], [ 15.143623335225938, 55.108870239670438 ], [ 15.143627960703164, 55.108788225866938 ], [ 15.143627698512296, 55.108788224122343 ], [ 15.143445363432793, 55.108785279205122 ], [ 15.143372075160558, 55.109129376581244 ], [ 15.143525621579759, 55.109150067480279 ], [ 15.143455318203539, 55.109312019745801 ], [ 15.143528728417888, 55.109333110894816 ], [ 15.143665413224134, 55.109343849964283 ], [ 15.14372059707072, 55.109503592707767 ], [ 15.143770834066048, 55.109650997871718 ], [ 15.14379527621249, 55.109723316512913 ], [ 15.143679433750204, 55.109767448077548 ], [ 15.143670103042218, 55.109984256717482 ], [ 15.143670061368006, 55.109985193955211 ], [ 15.143666144442774, 55.110073284112552 ], [ 15.14366640240425, 55.110074191146566 ], [ 15.143707561200678, 55.110218911480573 ], [ 15.143744204663339, 55.110347754227298 ], [ 15.143780492567078, 55.110475345844812 ], [ 15.143817069458372, 55.11060395262048 ], [ 15.143824502631269, 55.110630088032913 ], [ 15.14386403172986, 55.110723460366529 ], [ 15.143864094066393, 55.110723610695722 ], [ 15.143864181667404, 55.110723821952021 ], [ 15.14387496853826, 55.110750513853688 ], [ 15.143924611574484, 55.110863907939859 ], [ 15.143924767989439, 55.110864265220073 ], [ 15.14374082225693, 55.110888657923034 ], [ 15.143266678841584, 55.110882734628696 ], [ 15.14309821357544, 55.110881383055634 ], [ 15.143109442951312, 55.110978060720008 ], [ 15.14312429469727, 55.11112089997129 ], [ 15.143142578466716, 55.111333141429363 ], [ 15.143149733597594, 55.111417743485895 ], [ 15.143165382253049, 55.111578298806961 ], [ 15.143159235615437, 55.111790912279908 ], [ 15.143184408794887, 55.112062872484167 ], [ 15.14318720516124, 55.112092859208758 ], [ 15.143055345623635, 55.112265679060712 ], [ 15.143008272156601, 55.112302313561138 ], [ 15.142921301172182, 55.112370059906219 ], [ 15.142567264534987, 55.112281554928899 ], [ 15.142357105161109, 55.112146789050804 ], [ 15.142185496114967, 55.111895240922422 ], [ 15.14175566919247, 55.111884934901312 ], [ 15.141350404978985, 55.111862255371875 ], [ 15.141276418741677, 55.11176113519263 ], [ 15.140996108984632, 55.111893623639062 ], [ 15.14059848005275, 55.111980938329985 ], [ 15.140366208960645, 55.111799619347998 ], [ 15.140248202723814, 55.111750167703583 ], [ 15.140017279042215, 55.111728091975735 ] ], [ [ 15.143416828159022, 55.119341670051838 ], [ 15.143482096744982, 55.118680614710641 ], [ 15.143516787006243, 55.11831198947926 ], [ 15.143945184129729, 55.118191216332441 ], [ 15.143863522361055, 55.117706660978584 ], [ 15.143853975956452, 55.117635010983754 ], [ 15.144131570307421, 55.117630796717457 ], [ 15.144557161276348, 55.117624334424818 ], [ 15.145154951291184, 55.117574021844923 ], [ 15.145222032736587, 55.117786476396255 ], [ 15.145288553952978, 55.118180546837422 ], [ 15.145288774259432, 55.118181851912802 ], [ 15.145288939831467, 55.118182212706181 ], [ 15.145322358059236, 55.118440555341472 ], [ 15.145600300042803, 55.118450814248916 ], [ 15.145627070891871, 55.11876957890675 ], [ 15.145305285920108, 55.118759774630732 ], [ 15.145306943002767, 55.118996939598198 ], [ 15.145405480538978, 55.11899868222384 ], [ 15.145394823944928, 55.119419910530297 ], [ 15.145394820300714, 55.119420054577652 ], [ 15.145392285042472, 55.120222598696309 ], [ 15.14482794145464, 55.120226152064966 ], [ 15.144598213285784, 55.120068932174732 ], [ 15.144284087354226, 55.1200241698632 ], [ 15.14392352419401, 55.120056618431711 ], [ 15.143897288950331, 55.120005343298345 ], [ 15.143850549618735, 55.119913884355505 ], [ 15.143979513233891, 55.119890690539528 ], [ 15.143925596048222, 55.119626821083571 ], [ 15.143917975584404, 55.119589496903515 ], [ 15.143714051362267, 55.119611126853975 ], [ 15.143644500835967, 55.119338873178073 ], [ 15.143416828159022, 55.119341670051838 ] ], [ [ 15.143943355030105, 55.11662035301714 ], [ 15.143971904359299, 55.116613145318638 ], [ 15.143977350428315, 55.116404177854037 ], [ 15.144386189585887, 55.116301185427787 ], [ 15.144700474900658, 55.116729817595903 ], [ 15.14398472194009, 55.116953199915443 ], [ 15.143959264919747, 55.116823143176049 ], [ 15.143943355030105, 55.11662035301714 ] ], [ [ 15.142631139815716, 55.114687149886045 ], [ 15.141895048191799, 55.115001997387459 ], [ 15.141697661178094, 55.11441746081379 ], [ 15.142795633808547, 55.114091973421225 ], [ 15.142973757670184, 55.114039270656477 ], [ 15.143001015472901, 55.114084677350078 ], [ 15.14307480123272, 55.114225434592328 ], [ 15.143101151355349, 55.114288301440332 ], [ 15.143190333670164, 55.114453950592505 ], [ 15.143178813068738, 55.114456766684299 ], [ 15.143243169891347, 55.114578930017814 ], [ 15.143289107807492, 55.114714703485014 ], [ 15.143301898924115, 55.114763579568098 ], [ 15.143410413042337, 55.115017797616055 ], [ 15.143328880958668, 55.11502655208367 ], [ 15.143269636942895, 55.115023355414017 ], [ 15.142788024673417, 55.115013115724047 ], [ 15.142631139815716, 55.114687149886045 ] ] ], [ [ [ 15.144112105772637, 55.139079646049495 ], [ 15.144096095891706, 55.139235455633255 ], [ 15.143791715521225, 55.139217576928743 ], [ 15.143581350600041, 55.139203791973046 ], [ 15.143560106811263, 55.139396522607441 ], [ 15.143728843274827, 55.139681335319146 ], [ 15.143693482609072, 55.139831847901235 ], [ 15.143016733084449, 55.139783265352783 ], [ 15.142911349685585, 55.139791901222083 ], [ 15.14265475428641, 55.139773330965681 ], [ 15.142698154727936, 55.139598982989845 ], [ 15.142948363133831, 55.139619361944021 ], [ 15.142969175745559, 55.139468676203826 ], [ 15.142530255536091, 55.139491258492612 ], [ 15.142556407757235, 55.139432911568385 ], [ 15.142468096265842, 55.139308996167436 ], [ 15.142307254242787, 55.139315664689164 ], [ 15.142283814197858, 55.139269857163761 ], [ 15.142250694387187, 55.139087836627802 ], [ 15.142240304212097, 55.139015130573313 ], [ 15.142010796220818, 55.139028675726735 ], [ 15.141749971336864, 55.139039329339013 ], [ 15.141670052291127, 55.138905256998754 ], [ 15.141566270462537, 55.13892644206787 ], [ 15.141143995919634, 55.139013953607034 ], [ 15.14106831498791, 55.138863745421133 ], [ 15.140825791004628, 55.138908182885942 ], [ 15.140665576974239, 55.138639548610264 ], [ 15.140557629879664, 55.138569515968953 ], [ 15.140468894495083, 55.138452076806722 ], [ 15.140413076341215, 55.138378210331659 ], [ 15.140318030414885, 55.138263368276462 ], [ 15.140203781728552, 55.138095714842663 ], [ 15.140084692665811, 55.138046693906084 ], [ 15.14006654809468, 55.138020337560199 ], [ 15.139819488985715, 55.138025725927712 ], [ 15.139885919771046, 55.138104926772222 ], [ 15.139927534239931, 55.138183428517408 ], [ 15.139856291752205, 55.138195413856799 ], [ 15.139894788054889, 55.138261431325049 ], [ 15.13986193857702, 55.138267153273055 ], [ 15.139887725848173, 55.138315363678771 ], [ 15.139956451252939, 55.138431077740677 ], [ 15.140008961069384, 55.138456956993878 ], [ 15.140117580036431, 55.138601844426866 ], [ 15.140255240118014, 55.138785548239767 ], [ 15.14099279344653, 55.139509991146156 ], [ 15.140993414933988, 55.139510610722567 ], [ 15.141098267515789, 55.13952224221741 ], [ 15.141228543417281, 55.139549266408203 ], [ 15.141698254735067, 55.139768048285191 ], [ 15.141833847430922, 55.139838734702273 ], [ 15.142136086594123, 55.139971386961186 ], [ 15.142410625833893, 55.140070152024009 ], [ 15.142709955685035, 55.140217555025131 ], [ 15.142798834482662, 55.140246230561651 ], [ 15.143122451902482, 55.140242122795257 ], [ 15.143345305419425, 55.140260409291976 ], [ 15.143463597062315, 55.14035403876035 ], [ 15.143542412706967, 55.140419185940694 ], [ 15.144108853282145, 55.140842459411793 ], [ 15.144200596513585, 55.140892140077064 ], [ 15.144498124247404, 55.140926248384964 ], [ 15.144841616570506, 55.140977893400645 ], [ 15.144951383324317, 55.140989302722538 ], [ 15.145067871221212, 55.140976105292474 ], [ 15.145175468310496, 55.140793050810196 ], [ 15.145198545605972, 55.140615110979113 ], [ 15.145056166757332, 55.140416397576701 ], [ 15.145061149198462, 55.140401819630448 ], [ 15.145102612999988, 55.140398334622517 ], [ 15.145229700392417, 55.140425335927098 ], [ 15.145278522414733, 55.140470272648791 ], [ 15.145389344934477, 55.140523696092416 ], [ 15.145451608939261, 55.140512999356929 ], [ 15.145540533081073, 55.140413845921522 ], [ 15.145647912548764, 55.140242651569281 ], [ 15.14574307610239, 55.140150835807184 ], [ 15.145657344797014, 55.14000347075833 ], [ 15.145419718356921, 55.139774236623666 ], [ 15.145401358568268, 55.139713900709424 ], [ 15.145454072440279, 55.139702237581709 ], [ 15.145798847196659, 55.139774893747379 ], [ 15.145907138820039, 55.139778083840895 ], [ 15.145923554851509, 55.13973888571995 ], [ 15.145701461997998, 55.139538922200927 ], [ 15.145861274164902, 55.13936791916808 ], [ 15.145953009959362, 55.139291601952579 ], [ 15.145998265422334, 55.139238824349256 ], [ 15.14596454007039, 55.139130030829584 ], [ 15.145670058290442, 55.138849397215111 ], [ 15.145695838999556, 55.138824852338161 ], [ 15.145776927632475, 55.138837063932641 ], [ 15.146032346902389, 55.138923038996815 ], [ 15.146151437452163, 55.138953658518552 ], [ 15.146336135527626, 55.138958995570754 ], [ 15.146358804265329, 55.138928034939404 ], [ 15.146356027444865, 55.138894238356173 ], [ 15.146172765883318, 55.138767468923895 ], [ 15.146268411894326, 55.138626329762559 ], [ 15.146210996966968, 55.138494594941626 ], [ 15.146142246365237, 55.138401053768412 ], [ 15.146056878180151, 55.13830239285187 ], [ 15.14598014707417, 55.138211524627245 ], [ 15.1459267239353, 55.138107086736802 ], [ 15.145864293448994, 55.138017214442357 ], [ 15.14580813592638, 55.137934687262465 ], [ 15.145793815393182, 55.137912816840526 ], [ 15.145084469429325, 55.137942697463558 ], [ 15.14510798952888, 55.138131497349505 ], [ 15.145114677212302, 55.138214205325085 ], [ 15.145098114504615, 55.138216475217355 ], [ 15.14511227693394, 55.138325025357815 ], [ 15.1450816648562, 55.138439938403891 ], [ 15.145022345227348, 55.138440455261367 ], [ 15.144987356275831, 55.138551348764054 ], [ 15.14504397173501, 55.1385574518577 ], [ 15.145002992618243, 55.138643364508944 ], [ 15.144960804486814, 55.138775764364674 ], [ 15.144679646705157, 55.138743638548263 ], [ 15.14458721480336, 55.13899280898697 ], [ 15.143811056151696, 55.139033001336387 ], [ 15.143807638955353, 55.139064563113301 ], [ 15.144112105772637, 55.139079646049495 ] ] ], [ [ [ 15.122783724888004, 55.140630810561007 ], [ 15.122228868770748, 55.140719951127004 ], [ 15.121515898489763, 55.140607668694656 ], [ 15.121255311013432, 55.140618279029638 ], [ 15.120844281627123, 55.140635013760246 ], [ 15.12011181240824, 55.140626515176066 ], [ 15.119464162445993, 55.1405979535811 ], [ 15.119312548439376, 55.140599759259374 ], [ 15.11932377333755, 55.140934047928106 ], [ 15.119346674200118, 55.14161619878017 ], [ 15.119357153050078, 55.141927915709822 ], [ 15.119377148721865, 55.142050021459063 ], [ 15.119067328251925, 55.142112211973171 ], [ 15.118448784086052, 55.142213043541538 ], [ 15.118265605626243, 55.142238435160671 ], [ 15.117903708442009, 55.142301886759618 ], [ 15.117510418805898, 55.142386943843967 ], [ 15.117344777136443, 55.142434212980191 ], [ 15.117258250555878, 55.14247021219478 ], [ 15.117227572344412, 55.142479366064904 ], [ 15.117328360583418, 55.142624711573248 ], [ 15.117475755825708, 55.142725299776679 ], [ 15.117580595231006, 55.142917289433285 ], [ 15.117630211252244, 55.142969940114689 ], [ 15.117630203695583, 55.142969942639958 ], [ 15.117427828604772, 55.143037572663772 ], [ 15.117261201838579, 55.143032883492147 ], [ 15.116671544011076, 55.143180377311893 ], [ 15.116662620464231, 55.143182357481727 ], [ 15.116651118956819, 55.143347756989854 ], [ 15.115156382798558, 55.14377775239339 ], [ 15.115193544951845, 55.143824863340164 ], [ 15.115078669845341, 55.143853383342801 ], [ 15.11505183445224, 55.144072039556072 ], [ 15.115264967011525, 55.144131223872755 ], [ 15.115087392833443, 55.144311180668531 ], [ 15.115121713610618, 55.144440453061961 ], [ 15.114665834196899, 55.144483640440178 ], [ 15.114555773355878, 55.144491100012338 ], [ 15.114499601706687, 55.144599654369486 ], [ 15.113965988039118, 55.144911464254477 ], [ 15.112008765649868, 55.145318951872106 ], [ 15.112153551151845, 55.145494912912348 ], [ 15.112313417843215, 55.145460361677848 ], [ 15.112394889478201, 55.145453541824409 ], [ 15.112458796257721, 55.145462264651577 ], [ 15.1127001879945, 55.145610315173386 ], [ 15.112959063297831, 55.145682039959254 ], [ 15.113003844344421, 55.145716414442049 ], [ 15.1130471146537, 55.145851179486876 ], [ 15.113067924782342, 55.145909342832944 ], [ 15.113122274009298, 55.145956687748935 ], [ 15.11335071513318, 55.145937021571001 ], [ 15.113499265004979, 55.145906718136608 ], [ 15.113601466148991, 55.145865943992391 ], [ 15.113745130682529, 55.145770210343358 ], [ 15.113569230946243, 55.145614299734319 ], [ 15.113628309987151, 55.145593506476757 ], [ 15.113863134165079, 55.145605203330184 ], [ 15.114299391105188, 55.145766562841175 ], [ 15.114365905097952, 55.145875540067244 ], [ 15.114432584624646, 55.146092936243228 ], [ 15.114460528243407, 55.146170828380534 ], [ 15.114512394063462, 55.146242437741599 ], [ 15.114988398944096, 55.146305341838364 ], [ 15.115147710377814, 55.146307044322327 ], [ 15.115315175893977, 55.146161650194941 ], [ 15.115353122574904, 55.146112467819322 ], [ 15.115247122344426, 55.146072568958338 ], [ 15.115225969985911, 55.146037698732044 ], [ 15.115335333118928, 55.145921207126044 ], [ 15.115201470131487, 55.14581531561776 ], [ 15.115021845175079, 55.145696421312934 ], [ 15.114926907803584, 55.145612340297312 ], [ 15.114922050983411, 55.145569023028436 ], [ 15.115001869376199, 55.145541908385425 ], [ 15.115492109974468, 55.145475163754512 ], [ 15.115522452504036, 55.14545878800147 ], [ 15.115498426277904, 55.145416255992572 ], [ 15.115332176569291, 55.145331336398186 ], [ 15.115140491797712, 55.145293222107249 ], [ 15.114635765560182, 55.145299070688949 ], [ 15.114506380459552, 55.14527978854457 ], [ 15.11456380996801, 55.145238728602443 ], [ 15.114895941537519, 55.145172779798749 ], [ 15.115042801533273, 55.145127702692932 ], [ 15.115148144764136, 55.145085094169019 ], [ 15.115170389660115, 55.145006952954716 ], [ 15.115182903669236, 55.144814517484335 ], [ 15.115222767510099, 55.144770560004304 ], [ 15.115585093689729, 55.144572097021644 ], [ 15.115791973467667, 55.144437737055945 ], [ 15.115841008359451, 55.14437805552609 ], [ 15.115762111442955, 55.144274339803353 ], [ 15.115724701544549, 55.14419018959817 ], [ 15.115735905387227, 55.144097378336845 ], [ 15.115770328940092, 55.144066120281217 ], [ 15.11601526530033, 55.143946104679372 ], [ 15.116369028857184, 55.14383416755679 ], [ 15.11669690402506, 55.143764547035879 ], [ 15.1168647418178, 55.14374055200102 ], [ 15.117122187313955, 55.143691495609858 ], [ 15.117271159115663, 55.143638619703914 ], [ 15.1175406858033, 55.143504855400899 ], [ 15.117725414716011, 55.143391650848884 ], [ 15.11788270938656, 55.143321634210437 ], [ 15.117960918502797, 55.143311004018315 ], [ 15.117990200274019, 55.143311077512557 ], [ 15.118029511192326, 55.143311149958393 ], [ 15.118588501004583, 55.143287947808425 ], [ 15.118939597656842, 55.143300385068081 ], [ 15.119336546283728, 55.143333372255675 ], [ 15.120023115761374, 55.143452599739902 ], [ 15.120232513162062, 55.143488769016493 ], [ 15.120459732799134, 55.143510479474187 ], [ 15.120797314439802, 55.143440043229944 ], [ 15.121116671356678, 55.143402219200176 ], [ 15.121455380066021, 55.143354477706126 ], [ 15.1222550692101, 55.143345669178899 ], [ 15.122415462020234, 55.143366242983895 ], [ 15.122768706432076, 55.143473446565366 ], [ 15.122982987294701, 55.143537484872716 ], [ 15.123120482121585, 55.143522700506409 ], [ 15.123652878431493, 55.143410027033767 ], [ 15.124194931559554, 55.143376658928354 ], [ 15.124865001080007, 55.143367175671962 ], [ 15.125463072946639, 55.14332773491013 ], [ 15.126136369102481, 55.143317361492095 ], [ 15.126839029452212, 55.143341636521299 ], [ 15.126801868317589, 55.143493340772174 ], [ 15.127034354486476, 55.143505516979239 ], [ 15.127583443632524, 55.143451564283815 ], [ 15.128020380690874, 55.143439897648769 ], [ 15.128228998571933, 55.143452753787443 ], [ 15.128292353983163, 55.143477712604685 ], [ 15.128411267983264, 55.143620730631682 ], [ 15.128480315701369, 55.143793673883337 ], [ 15.128573106327387, 55.14397676413509 ], [ 15.12866963141928, 55.144126080280451 ], [ 15.12880925170283, 55.144271033380704 ], [ 15.128913181594934, 55.144351877045189 ], [ 15.129058922154195, 55.144411017307625 ], [ 15.129111665424372, 55.144401214965178 ], [ 15.129170709035909, 55.144294623803681 ], [ 15.129225546506069, 55.144151498833551 ], [ 15.129296742891107, 55.144082417917019 ], [ 15.129398729948878, 55.144084725707174 ], [ 15.129508236087906, 55.144116286654175 ], [ 15.130046626221731, 55.144385491970205 ], [ 15.130210480360201, 55.144442906152811 ], [ 15.130380980113873, 55.144479347040424 ], [ 15.13054404171082, 55.144462750344871 ], [ 15.13091861134386, 55.144376821984345 ], [ 15.131080140655275, 55.144352009047545 ], [ 15.131513788081103, 55.144558631761448 ], [ 15.131681642805168, 55.144636911851237 ], [ 15.1318754525002, 55.144709162949312 ], [ 15.132139358079201, 55.144776082343633 ], [ 15.132346563454913, 55.144787976449166 ], [ 15.132404219569121, 55.144770874283843 ], [ 15.132432006327123, 55.144721703797934 ], [ 15.132449407804687, 55.144612216363811 ], [ 15.132440954826063, 55.144278803467465 ], [ 15.132505354279976, 55.143977791380351 ], [ 15.132574955680864, 55.143889501924214 ], [ 15.132632645846627, 55.14387150647805 ], [ 15.132892769390017, 55.143890091458445 ], [ 15.133493018398751, 55.143988733639596 ], [ 15.133629972571891, 55.144006694873163 ], [ 15.133728944403112, 55.144001668814475 ], [ 15.134069130858549, 55.143973986537198 ], [ 15.134504099278219, 55.143897430630702 ], [ 15.13464953706691, 55.143878909275685 ], [ 15.134781864168225, 55.14388499228987 ], [ 15.135249487249707, 55.143874315587695 ], [ 15.135539620756786, 55.143892072040977 ], [ 15.135771231746348, 55.143991715798926 ], [ 15.135921773990116, 55.144065435364688 ], [ 15.136137792011287, 55.144254485921707 ], [ 15.136334938210295, 55.144304672176311 ], [ 15.136506905610782, 55.144330090266472 ], [ 15.136923150402746, 55.14434109247459 ], [ 15.137379948073132, 55.144303888024837 ], [ 15.137861949394951, 55.144175491655247 ], [ 15.137958635278872, 55.144107467000161 ], [ 15.138147676046627, 55.143935763478993 ], [ 15.138296737471912, 55.143773031783212 ], [ 15.138528957035335, 55.143482864243566 ], [ 15.138589256341886, 55.143392754103878 ], [ 15.138711039864081, 55.143242674028542 ], [ 15.139266939681018, 55.142630825901257 ], [ 15.139356581265011, 55.142497028957109 ], [ 15.139397517454862, 55.142422367103222 ], [ 15.139369530014774, 55.142370197853197 ], [ 15.13932218144504, 55.142334386699474 ], [ 15.1391057988198, 55.14228959907112 ], [ 15.13888899616307, 55.142273096609223 ], [ 15.138263649329238, 55.142254726350927 ], [ 15.138158485165821, 55.14224054807778 ], [ 15.13808237923979, 55.142203668913325 ], [ 15.138125511467019, 55.142085189986702 ], [ 15.138361401826462, 55.141761251203022 ], [ 15.138509236938406, 55.141537253151938 ], [ 15.138672391374245, 55.14137361921393 ], [ 15.138767058365675, 55.141337534749319 ], [ 15.138939882605428, 55.141317371330508 ], [ 15.139158723546297, 55.141327548585188 ], [ 15.139294547560624, 55.141327299768818 ], [ 15.13945447737091, 55.141313433184536 ], [ 15.139542590718206, 55.141289195866023 ], [ 15.139551754120506, 55.141181465018299 ], [ 15.139504774300136, 55.141092645359009 ], [ 15.139396133942327, 55.141001720749998 ], [ 15.13937672898953, 55.140918530196494 ], [ 15.139404596061205, 55.140704891280812 ], [ 15.139401251234766, 55.140517817187053 ], [ 15.139370815199245, 55.140381600125131 ], [ 15.139376671682982, 55.14032616204971 ], [ 15.139382887157513, 55.140218985459889 ], [ 15.139411833981244, 55.140073769198068 ], [ 15.139474841196193, 55.140013721752055 ], [ 15.139603317555489, 55.1399530653336 ], [ 15.139820247114395, 55.139835207448847 ], [ 15.140074462488911, 55.139661465304741 ], [ 15.140148022978178, 55.139583514640279 ], [ 15.140172987948137, 55.139450322036431 ], [ 15.140158074321597, 55.139410053140637 ], [ 15.140151493574511, 55.139392440126862 ], [ 15.13989574087706, 55.139137550135828 ], [ 15.13982177127677, 55.139023748037957 ], [ 15.13977269238994, 55.138948803080559 ], [ 15.139773028782511, 55.138948748404403 ], [ 15.139465615286925, 55.138359235589341 ], [ 15.139304430948318, 55.138389265510277 ], [ 15.139181702257272, 55.138415478050661 ], [ 15.139079108125669, 55.138435873236254 ], [ 15.13909601772064, 55.138520225433354 ], [ 15.139186941389038, 55.138564665540059 ], [ 15.139239880473095, 55.138628224169551 ], [ 15.139205771816886, 55.138734631976071 ], [ 15.139161783696457, 55.138794158951036 ], [ 15.139061645427267, 55.138786426746655 ], [ 15.138988794756679, 55.138814610434132 ], [ 15.139048419173667, 55.138919520783936 ], [ 15.138951347802527, 55.138941185336598 ], [ 15.138999956641495, 55.139005611303482 ], [ 15.138826690095007, 55.139055385358219 ], [ 15.138679123026099, 55.139095161839002 ], [ 15.138514226931001, 55.139117445527809 ], [ 15.138489911822415, 55.139125310851881 ], [ 15.138449988325233, 55.139138278245028 ], [ 15.138395630919542, 55.139141728469866 ], [ 15.138379967504155, 55.139148003867035 ], [ 15.137867675161285, 55.138742921596069 ], [ 15.137802168236099, 55.138737354649749 ], [ 15.137575249750274, 55.138516668514562 ], [ 15.137517224276225, 55.138462622672087 ], [ 15.13746466446416, 55.138482126224751 ], [ 15.137435182064772, 55.138456135495211 ], [ 15.137307798526059, 55.138602355626524 ], [ 15.1369492231323, 55.138581058222762 ], [ 15.136923654080125, 55.138657733877444 ], [ 15.136845682661527, 55.138960182651196 ], [ 15.136794282934982, 55.139051012760049 ], [ 15.136808644109871, 55.139051079333235 ], [ 15.136742974947728, 55.139176936676307 ], [ 15.136725127440871, 55.139238536143502 ], [ 15.136675690654178, 55.139409170477762 ], [ 15.136499966938931, 55.139525894610486 ], [ 15.136433639361497, 55.139560833349044 ], [ 15.136519327471241, 55.139625070190398 ], [ 15.136519888908598, 55.139720369541443 ], [ 15.136520183606537, 55.139768824388689 ], [ 15.136440685530093, 55.139979533850443 ], [ 15.136160624458421, 55.139939832252978 ], [ 15.136138475019791, 55.140015659561385 ], [ 15.136109417329889, 55.140115219919949 ], [ 15.135485411762268, 55.140112570851002 ], [ 15.135427652310877, 55.140127419856924 ], [ 15.135848252048245, 55.140512924203605 ], [ 15.135618060144331, 55.140661122591524 ], [ 15.135588413740825, 55.140827100634162 ], [ 15.135137538138549, 55.140942021648954 ], [ 15.134649469921998, 55.141045619706553 ], [ 15.134457701253533, 55.14107036270768 ], [ 15.134466797216088, 55.141087173275579 ], [ 15.134378510162996, 55.141113054369818 ], [ 15.134288834812521, 55.141132675568201 ], [ 15.133932049452225, 55.141197574581902 ], [ 15.13387292966245, 55.141204621826553 ], [ 15.133843498447339, 55.14123900086377 ], [ 15.133958874680776, 55.141356503471172 ], [ 15.133740649604924, 55.14142464935798 ], [ 15.133648713581085, 55.14132901333253 ], [ 15.133611323455751, 55.141290761193034 ], [ 15.133503882406764, 55.141322111211842 ], [ 15.133351825207091, 55.141352410104119 ], [ 15.133200418489746, 55.141354564816716 ], [ 15.132952767074974, 55.141375743876139 ], [ 15.132895518351724, 55.141380652178455 ], [ 15.132633913256649, 55.141394206419726 ], [ 15.132555701551556, 55.141404162108579 ], [ 15.132363881498406, 55.14142858915983 ], [ 15.132266679384676, 55.141429139849222 ], [ 15.132218653183509, 55.141439840010165 ], [ 15.132082106174732, 55.141491054132537 ], [ 15.132011730406445, 55.141503513112184 ], [ 15.131836603292575, 55.141569100931441 ], [ 15.131713721655325, 55.141587056387465 ], [ 15.131605119752113, 55.141561745848996 ], [ 15.131603448447558, 55.141577749658083 ], [ 15.131498744436197, 55.141542220536685 ], [ 15.131439817619592, 55.141555838890262 ], [ 15.131378366677813, 55.141553872343856 ], [ 15.131344657369853, 55.141536359449383 ], [ 15.131245310865276, 55.141541465657198 ], [ 15.131119037683165, 55.141545554210978 ], [ 15.131114437534153, 55.141531595865331 ], [ 15.131066693310345, 55.141537491090197 ], [ 15.130919650299113, 55.141607440268047 ], [ 15.128564703537222, 55.142244640292219 ], [ 15.128362231515418, 55.141629896695072 ], [ 15.128358314874919, 55.141604126312096 ], [ 15.128308339483961, 55.141481157217193 ], [ 15.128177546654177, 55.141499193153763 ], [ 15.127998731042133, 55.141518760977256 ], [ 15.127892146043818, 55.141527498221798 ], [ 15.126911127578765, 55.141609531787509 ], [ 15.126894976810538, 55.141502458738273 ], [ 15.126848269604338, 55.141506616180877 ], [ 15.126517378455551, 55.141566215600491 ], [ 15.126317952641219, 55.140935675588182 ], [ 15.126023592215114, 55.140565742042689 ], [ 15.12595555445491, 55.140551796394647 ], [ 15.125610655178427, 55.140536798396063 ], [ 15.125604768243381, 55.140536539040781 ], [ 15.125201614247448, 55.1405187769641 ], [ 15.124246699069296, 55.140625998965817 ], [ 15.123684683438157, 55.140580373113785 ], [ 15.123630407963747, 55.140583411754591 ], [ 15.122783724888004, 55.140630810561007 ] ] ], [ [ [ 15.054199105223132, 55.16566501934529 ], [ 15.054295111023629, 55.165702984514397 ], [ 15.054380639838762, 55.165640512769656 ], [ 15.05450473163269, 55.16560801929959 ], [ 15.054537583347766, 55.165542113265737 ], [ 15.054414848718521, 55.165545367002714 ], [ 15.054314767025677, 55.165585055277774 ], [ 15.054169817454344, 55.165601192789325 ], [ 15.054002681408056, 55.165630194670037 ], [ 15.053915477660048, 55.165684448151069 ], [ 15.053841042333003, 55.165736822755484 ], [ 15.053774649330512, 55.165797404115686 ], [ 15.053843398815015, 55.165819962924829 ], [ 15.053967589248826, 55.165803005575242 ], [ 15.054084981984385, 55.165739486362199 ], [ 15.054199105223132, 55.16566501934529 ] ] ], [ [ [ 15.052191603021095, 55.166127080059681 ], [ 15.052315566462035, 55.166088238678086 ], [ 15.052340512743818, 55.166028759697014 ], [ 15.052225858572957, 55.166040171146896 ], [ 15.05210339943989, 55.166069870737864 ], [ 15.052067255794814, 55.16612573876661 ], [ 15.052191603021095, 55.166127080059681 ] ] ], [ [ [ 15.044897358428608, 55.169870589189422 ], [ 15.044808710098472, 55.169939394366054 ], [ 15.044676428243584, 55.169946264176886 ], [ 15.04457633326208, 55.169981334638685 ], [ 15.044524016902168, 55.170015315410261 ], [ 15.044519416461041, 55.170032669311219 ], [ 15.04457370476741, 55.170041610053012 ], [ 15.044672516038432, 55.170034857042978 ], [ 15.044788737071856, 55.170016172188745 ], [ 15.044901671910631, 55.169987449548323 ], [ 15.045000147963748, 55.169947831466843 ], [ 15.045101804620483, 55.169906371349285 ], [ 15.045196963835641, 55.169851233705778 ], [ 15.045303718838596, 55.16984355367611 ], [ 15.045383217890292, 55.169818601182115 ], [ 15.045538741456902, 55.169740435263982 ], [ 15.045563215002936, 55.169631677293424 ], [ 15.045465864137439, 55.169624735800539 ], [ 15.04536583734947, 55.169672570796827 ], [ 15.045267377234662, 55.169713115789847 ], [ 15.045155819069858, 55.169718063577015 ], [ 15.045087476907568, 55.169743874357998 ], [ 15.045057453603064, 55.169773216671757 ], [ 15.044977934971513, 55.169793587044637 ], [ 15.044897358428608, 55.169870589189422 ] ] ], [ [ [ 15.043155004606144, 55.170565540413591 ], [ 15.043237930694394, 55.170565215070155 ], [ 15.043297249705359, 55.170598792331198 ], [ 15.043458193686789, 55.170590885482568 ], [ 15.043605984910313, 55.170541936651802 ], [ 15.04368706373117, 55.17051970689436 ], [ 15.043873491090718, 55.170507146400482 ], [ 15.044070916493842, 55.170477201582258 ], [ 15.044188291246714, 55.170416484764324 ], [ 15.044173596161633, 55.170380930992117 ], [ 15.043979115074594, 55.17038530311126 ], [ 15.043802445741461, 55.170415196641571 ], [ 15.043660691801387, 55.17042941531794 ], [ 15.043584367842003, 55.17045343435948 ], [ 15.043514672206635, 55.170499353718789 ], [ 15.04340638265686, 55.170510718926671 ], [ 15.043278730809559, 55.170500231840883 ], [ 15.043202392645641, 55.170519704480192 ], [ 15.043155004606144, 55.170565540413591 ] ] ], [ [ [ 15.072214764938183, 55.153430971005982 ], [ 15.071933554126575, 55.153133235256291 ], [ 15.0709936812433, 55.153271558637485 ], [ 15.07097234594251, 55.153274698511069 ], [ 15.070376651539828, 55.15345968003615 ], [ 15.069693348217818, 55.153828879119843 ], [ 15.068944290573473, 55.15415421547393 ], [ 15.068661211176575, 55.154387701727593 ], [ 15.068415529675026, 55.154857361926972 ], [ 15.068232246976612, 55.15498431880048 ], [ 15.067963951514795, 55.155170160701687 ], [ 15.067753290833481, 55.155499481679321 ], [ 15.067638477059338, 55.155678965099384 ], [ 15.06731650837864, 55.155958581150998 ], [ 15.066482395738143, 55.156162789194546 ], [ 15.066310009745058, 55.156293796612658 ], [ 15.06606172626304, 55.15637704732827 ], [ 15.065611846430457, 55.156826555472584 ], [ 15.065577787248511, 55.156848106018138 ], [ 15.065326468080944, 55.157007124269199 ], [ 15.065212003829537, 55.157079549148051 ], [ 15.065004562548944, 55.157138872446239 ], [ 15.06483964377038, 55.157186034942541 ], [ 15.064772348334222, 55.15720527959828 ], [ 15.064573500205645, 55.157377879529989 ], [ 15.064275322324924, 55.157428880745911 ], [ 15.063796754987038, 55.157402792275533 ], [ 15.062981396048132, 55.157305358388207 ], [ 15.062919845068329, 55.157298002916221 ], [ 15.06222036358862, 55.15735249806972 ], [ 15.06151660515145, 55.157321774645418 ], [ 15.060852074906835, 55.157391021609165 ], [ 15.060259972072849, 55.157550272631326 ], [ 15.060028100479531, 55.157577929747042 ], [ 15.059520327656159, 55.157638494067221 ], [ 15.05905308798981, 55.15772632272369 ], [ 15.058448254418055, 55.157979426931242 ], [ 15.058404950301851, 55.157997548135398 ], [ 15.057753720087172, 55.158145023285499 ], [ 15.057043415289087, 55.15834115264142 ], [ 15.056392338986567, 55.158678816853239 ], [ 15.055621560258643, 55.159092142827596 ], [ 15.055239105891307, 55.159389604381197 ], [ 15.054817603399023, 55.159998289645493 ], [ 15.054414254300413, 55.160341592341595 ], [ 15.054118964481834, 55.160817571403406 ], [ 15.053483516540714, 55.161184691959569 ], [ 15.053160648610351, 55.161299714501808 ], [ 15.052815126151414, 55.161422806125671 ], [ 15.052583054487936, 55.161662848211421 ], [ 15.052324771125898, 55.161768851629972 ], [ 15.052079597867454, 55.162040887371617 ], [ 15.051708388357962, 55.162261919722468 ], [ 15.051496100759646, 55.162701946033422 ], [ 15.051363992452169, 55.162757912480551 ], [ 15.050675538498698, 55.16301203149041 ], [ 15.050440436306626, 55.163202051111497 ], [ 15.050060224972665, 55.163318119704584 ], [ 15.049209929434475, 55.163519298887607 ], [ 15.04849744508742, 55.163774421359548 ], [ 15.047708097168039, 55.163951612318058 ], [ 15.047221926360084, 55.16411372435892 ], [ 15.046492460832656, 55.16450975927809 ], [ 15.045958085774728, 55.164725910397067 ], [ 15.04552579450246, 55.165002966936328 ], [ 15.045226536807387, 55.16526881894027 ], [ 15.044976482257399, 55.16535791933871 ], [ 15.044667232283459, 55.165598606500161 ], [ 15.044398065369483, 55.165700658508584 ], [ 15.044091726268707, 55.165838523934539 ], [ 15.043713600243779, 55.166008694155927 ], [ 15.043084292132182, 55.1663406148432 ], [ 15.042589880481332, 55.166596503101822 ], [ 15.042173601874973, 55.166842443723574 ], [ 15.041550252450611, 55.16708051127744 ], [ 15.041091422107787, 55.1674700386111 ], [ 15.040394344708849, 55.167797931043516 ], [ 15.03995078095241, 55.168166809399935 ], [ 15.039903378233586, 55.16820623016568 ], [ 15.039356986050279, 55.16841929190722 ], [ 15.039133677450355, 55.168623935274162 ], [ 15.038714514823955, 55.168796905607252 ], [ 15.038320128391916, 55.16923288212358 ], [ 15.038024238119577, 55.169391817643103 ], [ 15.037566649382688, 55.169518001702514 ], [ 15.037011763559757, 55.169933398894294 ], [ 15.036631270266533, 55.170040586078386 ], [ 15.03617395972528, 55.170075219750601 ], [ 15.035809349321191, 55.170151488965054 ], [ 15.035259449625308, 55.17015239053184 ], [ 15.034410320744355, 55.170371994615444 ], [ 15.033672375162649, 55.170435926431544 ], [ 15.033358739090067, 55.170517800708595 ], [ 15.033000552987616, 55.170611303331249 ], [ 15.032161303021468, 55.170695904497286 ], [ 15.03166493718261, 55.170806055966921 ], [ 15.031501976423382, 55.170842218982706 ], [ 15.030611707719801, 55.170979879237734 ], [ 15.029943208178636, 55.171205275820938 ], [ 15.029555164304156, 55.171336108953263 ], [ 15.029139999854438, 55.171456264895824 ], [ 15.028648878457025, 55.171474684270081 ], [ 15.028251668071197, 55.171626791274505 ], [ 15.027890478359955, 55.171681995834049 ], [ 15.027397262947089, 55.171787778181702 ], [ 15.027041086695338, 55.171864167490185 ], [ 15.026181713964027, 55.172009346138722 ], [ 15.025976188684744, 55.172038616895691 ], [ 15.025556695874588, 55.172098359548031 ], [ 15.025274857358859, 55.172138497067117 ], [ 15.024493765619178, 55.17241193569005 ], [ 15.023847583093884, 55.172696795448751 ], [ 15.023447118384746, 55.17283715354462 ], [ 15.022691957033702, 55.17294810358208 ], [ 15.022164478890261, 55.173156205906331 ], [ 15.022012920973387, 55.173215998200376 ], [ 15.02167742786591, 55.173464377772909 ], [ 15.02120799437011, 55.173521721141768 ], [ 15.020899441771844, 55.173681194727159 ], [ 15.02031274200991, 55.173762198759682 ], [ 15.020082340246097, 55.173794008844744 ], [ 15.01928239723027, 55.174017809260128 ], [ 15.018624480067283, 55.174189893339189 ], [ 15.018512341971936, 55.174248908973681 ], [ 15.0181854826742, 55.174420925763279 ], [ 15.017417828058216, 55.174704022837766 ], [ 15.017232869825808, 55.174807936193638 ], [ 15.016680715242011, 55.17511814327235 ], [ 15.016370034850574, 55.175307169991108 ], [ 15.016065845568605, 55.175492244896148 ], [ 15.01582602327143, 55.175734511055978 ], [ 15.0157411126374, 55.175820286168069 ], [ 15.015354465940607, 55.176129360026508 ], [ 15.015110612452988, 55.176579363394531 ], [ 15.014820289337864, 55.177081047776397 ], [ 15.014786520905169, 55.17713939952025 ], [ 15.014655345069235, 55.177212692719095 ], [ 15.01442310022972, 55.177342456239614 ], [ 15.013917567717977, 55.177453606043841 ], [ 15.013785746207649, 55.177457322893872 ], [ 15.013489331866932, 55.17746568009305 ], [ 15.01257545470936, 55.177660822676792 ], [ 15.012254283934999, 55.177710269125875 ], [ 15.011632744267823, 55.177805956699878 ], [ 15.011481621011677, 55.177864313996643 ], [ 15.011068447689585, 55.178023861954266 ], [ 15.010953899430122, 55.178068094598409 ], [ 15.010323030972852, 55.1783561713304 ], [ 15.009807591053915, 55.178635222245362 ], [ 15.009425744014074, 55.179010717710064 ], [ 15.008865539783342, 55.17942143015123 ], [ 15.008633751032717, 55.179807725087294 ], [ 15.008634262415844, 55.180030752008463 ], [ 15.008561854506429, 55.180161704718735 ], [ 15.008392322919988, 55.180236803449489 ], [ 15.008081925733164, 55.180588956744124 ], [ 15.007958601218871, 55.180728869595782 ], [ 15.007389086457389, 55.181126934490351 ], [ 15.006950114440686, 55.181302027756573 ], [ 15.006821616450898, 55.181458989940367 ], [ 15.006387361275705, 55.181763137626497 ], [ 15.005462404271722, 55.182144251082939 ], [ 15.004732759113706, 55.182408303563243 ], [ 15.004216969695625, 55.182784258792793 ], [ 15.00370711869839, 55.183081173994381 ], [ 15.003361405428759, 55.183348760417893 ], [ 15.003155571013945, 55.183508076741653 ], [ 15.002782376304234, 55.183856722926151 ], [ 15.002257645500167, 55.18439006757346 ], [ 15.002167401359477, 55.184586127275949 ], [ 15.001732968332544, 55.18479430660998 ], [ 15.001036103784411, 55.18501858639312 ], [ 15.000174552666746, 55.185274942709398 ], [ 14.999506687134337, 55.185524260487696 ], [ 14.9990631282819, 55.185729467867056 ], [ 14.998220886766745, 55.186036842073577 ], [ 14.997742585501038, 55.186276063399937 ], [ 14.99713921682671, 55.186650401681561 ], [ 14.996665600546752, 55.186914632763042 ], [ 14.996064670615949, 55.187361655402512 ], [ 14.995653582262277, 55.187580724069434 ], [ 14.995355658132826, 55.187852685535297 ], [ 14.994893601345131, 55.18828171321357 ], [ 14.994614611500189, 55.18846572971475 ], [ 14.9941729158715, 55.188622103479275 ], [ 14.994165512671852, 55.188624724414687 ], [ 14.993422501317951, 55.188773723484829 ], [ 14.992814546412406, 55.189074769731327 ], [ 14.992085536284854, 55.189179736533298 ], [ 14.991544627836639, 55.18935775222112 ], [ 14.990917501772852, 55.189594765137358 ], [ 14.990425487575155, 55.189800850677663 ], [ 14.989779558260407, 55.190126801155024 ], [ 14.989117515228005, 55.190346843102077 ], [ 14.988305456967048, 55.190535837803225 ], [ 14.988252493826678, 55.19056237952659 ], [ 14.987830441916003, 55.19077388279036 ], [ 14.987278535699623, 55.191101893972977 ], [ 14.986796498772819, 55.191433897384925 ], [ 14.986603561889837, 55.191581900029831 ], [ 14.986346520345231, 55.19164497114734 ], [ 14.985791451261559, 55.191901923241836 ], [ 14.98570767038979, 55.191959738727675 ], [ 14.985272555173895, 55.192259999419178 ], [ 14.984725421837572, 55.192568954869756 ], [ 14.984521577804014, 55.192860419425706 ], [ 14.984515552358641, 55.192869034788032 ], [ 14.984170526088041, 55.193125017347811 ], [ 14.98394544938027, 55.193584015508414 ], [ 14.983681456934439, 55.193981050402428 ], [ 14.983548163182014, 55.194482604591414 ], [ 14.983526521457247, 55.194564036454594 ], [ 14.983476504019146, 55.195157099685062 ], [ 14.983606518048459, 55.195508131365017 ], [ 14.983546599548582, 55.195819148386583 ], [ 14.983499570949688, 55.195886956439928 ], [ 14.983499482258155, 55.195887084319338 ], [ 14.98342654980102, 55.195992142392171 ], [ 14.983288646194003, 55.196469121436259 ], [ 14.983264621877897, 55.196611152277612 ], [ 14.983264524924444, 55.196611733573313 ], [ 14.983242610062325, 55.196743126351208 ], [ 14.983242144309646, 55.196746127911837 ], [ 14.98324152323857, 55.19675013042734 ], [ 14.982983640064116, 55.196874187413933 ], [ 14.98255056587004, 55.197309163007326 ], [ 14.982457773076188, 55.19764240642921 ], [ 14.982457552066654, 55.197643200126841 ], [ 14.982433561977397, 55.197727202566277 ], [ 14.982049018256944, 55.197992577487241 ], [ 14.981784970608523, 55.198218771640249 ], [ 14.981741553832109, 55.198196554386286 ], [ 14.981621495210971, 55.198201841722614 ], [ 14.981311592523221, 55.198330192468944 ], [ 14.980644636683136, 55.198537271335127 ], [ 14.980040504439655, 55.198832233951435 ], [ 14.979762578208987, 55.199139271597417 ], [ 14.979710241208691, 55.199169688053352 ], [ 14.979103514026546, 55.199522292018813 ], [ 14.978822548748232, 55.199814324127999 ], [ 14.978635583978757, 55.200176059163752 ], [ 14.978616110961189, 55.200213734732984 ], [ 14.978608584861346, 55.20022829589346 ], [ 14.978344574581117, 55.200744341282189 ], [ 14.978222818820765, 55.200932295554239 ], [ 14.978063383578759, 55.201144584090414 ], [ 14.977982672593694, 55.201535407583393 ], [ 14.978047691770513, 55.201831335642865 ], [ 14.977964558063524, 55.202107423086439 ], [ 14.978163700135974, 55.202523030265134 ], [ 14.978169619930345, 55.202535384657956 ], [ 14.978216689371285, 55.202586378248462 ], [ 14.978389651505051, 55.202454391065878 ], [ 14.978442638416622, 55.202407380635769 ], [ 14.978528719011544, 55.20234040272674 ], [ 14.978651649745148, 55.202247348317762 ], [ 14.978704657284913, 55.202213355527846 ], [ 14.978944572928372, 55.202038387629479 ], [ 14.97919361426659, 55.201865392191067 ], [ 14.979485585177297, 55.201648355905377 ], [ 14.979638666538387, 55.20155536573013 ], [ 14.979702625162718, 55.20150439366806 ], [ 14.97979560875741, 55.201434356157016 ], [ 14.979816624955708, 55.201418349723234 ], [ 14.979929572925082, 55.201361321072184 ], [ 14.980110691941791, 55.201231306728673 ], [ 14.980278640448834, 55.201116300372419 ], [ 14.980414616281143, 55.201024312777356 ], [ 14.980651135392826, 55.201125964178772 ], [ 14.981436918734202, 55.201724004356386 ], [ 14.982435513771897, 55.202474292346878 ], [ 14.982465062361731, 55.202472414878969 ], [ 14.982476458340207, 55.20250117784186 ], [ 14.98264279041082, 55.202623386475743 ], [ 14.982830888117821, 55.202775260969773 ], [ 14.983532554496097, 55.202968623957744 ], [ 14.983548417226057, 55.202947144422104 ], [ 14.98354894556546, 55.202909232372214 ], [ 14.983472381432636, 55.202821194306395 ], [ 14.983395762506936, 55.202722643001778 ], [ 14.983367181996027, 55.202632729047451 ], [ 14.983370838746541, 55.202585686680493 ], [ 14.983389522061481, 55.202513073425564 ], [ 14.983402677066231, 55.202447763905639 ], [ 14.98339839734302, 55.202405307768124 ], [ 14.983386217967505, 55.202379293442782 ], [ 14.98341141739356, 55.202321737120485 ], [ 14.983397390047115, 55.20226011553742 ], [ 14.983388200973296, 55.20220030854783 ], [ 14.983374903992543, 55.202126802621713 ], [ 14.983351571220025, 55.201988489518016 ], [ 14.983330728346109, 55.20186431513163 ], [ 14.983329395280014, 55.201782126279276 ], [ 14.983334640780983, 55.201617287094635 ], [ 14.983338210870446, 55.201553349733103 ], [ 14.983342004075162, 55.201391517124613 ], [ 14.983371053294315, 55.201322202001727 ], [ 14.983430805866176, 55.201228353923369 ], [ 14.983462042870809, 55.201118974268617 ], [ 14.9835446663329, 55.200958591014228 ], [ 14.983637211140701, 55.200759013927396 ], [ 14.983687140799669, 55.200693415546219 ], [ 14.983749534922568, 55.200661587267554 ], [ 14.983913955616098, 55.200613490962944 ], [ 14.983965232919587, 55.200597749619838 ], [ 14.984253965360915, 55.200509094953517 ], [ 14.984335457654078, 55.200477298436773 ], [ 14.984436147544022, 55.200434580959595 ], [ 14.984579106777685, 55.20037892417033 ], [ 14.984704533764189, 55.200330090664025 ], [ 14.984777974669637, 55.200305568817186 ], [ 14.984909077506249, 55.20027206741662 ], [ 14.984984270672372, 55.200251240563247 ], [ 14.98504032030092, 55.200219417864915 ], [ 14.98525514962069, 55.200026332524963 ], [ 14.985320711456923, 55.200024661660905 ], [ 14.985355774989838, 55.200049395859487 ], [ 14.98540532151501, 55.200051340646745 ], [ 14.985519456840199, 55.200030405454847 ], [ 14.985538053224225, 55.200026995753859 ], [ 14.985672291463269, 55.200034619439549 ], [ 14.985761913542772, 55.200001944372644 ], [ 14.985905785515088, 55.199989493075456 ], [ 14.985902731785059, 55.199948399117829 ], [ 14.985942764345717, 55.199923847190185 ], [ 14.986019557412881, 55.199903931239746 ], [ 14.986165043644215, 55.199893317836953 ], [ 14.986222646214122, 55.199872447178244 ], [ 14.986288393679844, 55.199816908586264 ], [ 14.986365242410894, 55.199777812523806 ], [ 14.986507586502157, 55.199745286231575 ], [ 14.986562050703085, 55.199711623152425 ], [ 14.986560580503486, 55.199671432565822 ], [ 14.98651754760176, 55.199640293690166 ], [ 14.986386666845782, 55.199584283649813 ], [ 14.986479455057344, 55.199561670878495 ], [ 14.986549806263849, 55.199552713811627 ], [ 14.986631284004432, 55.199558379327634 ], [ 14.986785982470829, 55.199660087429493 ], [ 14.986870639786201, 55.199673068965147 ], [ 14.986928216790378, 55.199661337618984 ], [ 14.986952339422434, 55.199620300564192 ], [ 14.986923740289848, 55.199576404373943 ], [ 14.986832827425976, 55.199513195167874 ], [ 14.986785002687665, 55.199479294294925 ], [ 14.986765977831269, 55.199435421673201 ], [ 14.986793256075831, 55.199403529686109 ], [ 14.986852416303204, 55.199396357112121 ], [ 14.986992867770264, 55.199456027764441 ], [ 14.987095088637057, 55.199470872018146 ], [ 14.987112731864928, 55.199449007116861 ], [ 14.987033049992892, 55.199391286093757 ], [ 14.986982193769235, 55.199301704808782 ], [ 14.986889742079532, 55.199233916722783 ], [ 14.986893007368128, 55.199208348415794 ], [ 14.987017821831481, 55.199172111203744 ], [ 14.987105700956034, 55.199172311145013 ], [ 14.98720001141143, 55.199167971646325 ], [ 14.987300912903811, 55.1991097644283 ], [ 14.987307763630929, 55.198975556027484 ], [ 14.987304763699591, 55.198918937630886 ], [ 14.987346369905108, 55.198900772084251 ], [ 14.987419772979205, 55.198936554887965 ], [ 14.987450216136075, 55.198911052265792 ], [ 14.987423207765559, 55.198863503496256 ], [ 14.987445702088062, 55.198827966552734 ], [ 14.987501751255479, 55.198797943308598 ], [ 14.987433138265056, 55.198768569072485 ], [ 14.987377185080147, 55.198770271993553 ], [ 14.987343660006799, 55.198760147069414 ], [ 14.987316901615376, 55.198637732047501 ], [ 14.987422487698895, 55.198605106554311 ], [ 14.987422605885705, 55.19857222946905 ], [ 14.987369936248941, 55.198548381170696 ], [ 14.987267849162288, 55.198526255904127 ], [ 14.987267956668227, 55.198513483846803 ], [ 14.987379698937517, 55.198500002383454 ], [ 14.987410183012994, 55.198469023705755 ], [ 14.987356671248305, 55.198382292417449 ], [ 14.987339532746423, 55.198341226041492 ], [ 14.987384390768742, 55.19830754955241 ], [ 14.987499219419139, 55.198285821904065 ], [ 14.987586762544694, 55.19828777564657 ], [ 14.987688900107631, 55.198280655231983 ], [ 14.987786485303761, 55.198251664752959 ], [ 14.98783774103366, 55.198219815703055 ], [ 14.987823697557575, 55.198137631614983 ], [ 14.987836805317011, 55.198095687443256 ], [ 14.987894270191841, 55.198079360378522 ], [ 14.987942051642083, 55.198094058755736 ], [ 14.987962724454079, 55.198128801641658 ], [ 14.988001004124024, 55.198152629347526 ], [ 14.988079332775444, 55.198147329812436 ], [ 14.988116058172, 55.198156549573845 ], [ 14.988125494956046, 55.198196743834863 ], [ 14.98809815571145, 55.198245988655422 ], [ 14.9881060740876, 55.198270663901305 ], [ 14.988152422452995, 55.198272603015191 ], [ 14.988187633807833, 55.198258074452305 ], [ 14.98819094629113, 55.198218818649821 ], [ 14.988114668205139, 55.198095368176531 ], [ 14.988033337982994, 55.19804038504671 ], [ 14.988031931966393, 55.197993834906406 ], [ 14.988067399245407, 55.197944630819016 ], [ 14.988204894897589, 55.197877345124049 ], [ 14.988229026135363, 55.197848191770191 ], [ 14.988193173194613, 55.197763336827606 ], [ 14.988192223914114, 55.197691284664273 ], [ 14.988154405081227, 55.197645637181132 ], [ 14.988051487434088, 55.197583488581039 ], [ 14.98804229939662, 55.197542435749178 ], [ 14.988076116048104, 55.19749962432774 ], [ 14.988149720996663, 55.197455960021699 ], [ 14.988212287880923, 55.197402233535769 ], [ 14.988265738555706, 55.197299257594118 ], [ 14.988285813262682, 55.197189859026132 ], [ 14.988276642536514, 55.19714515899323 ], [ 14.988202775158241, 55.197039272454475 ], [ 14.988199914597365, 55.197001878369726 ], [ 14.988232036649507, 55.196970917775772 ], [ 14.988310056864574, 55.196968289219726 ], [ 14.988554969588746, 55.196995990049146 ], [ 14.988653408512212, 55.197026207860837 ], [ 14.988702427359286, 55.197060940456055 ], [ 14.988700005345471, 55.19715669355044 ], [ 14.98873799580128, 55.197179544890489 ], [ 14.988804921738696, 55.197172330755805 ], [ 14.988845118121377, 55.197128619518537 ], [ 14.988795266324598, 55.19700453359075 ], [ 14.988759032969631, 55.196959798543666 ], [ 14.988700441759882, 55.196928706817594 ], [ 14.988579661357255, 55.196902101800148 ], [ 14.98848895665717, 55.196900142566633 ], [ 14.988337512261706, 55.196925467001968 ], [ 14.988283610529615, 55.196898024483055 ], [ 14.98826358556285, 55.196822320452164 ], [ 14.988280516295031, 55.196708350015967 ], [ 14.988311693427608, 55.196604427672277 ], [ 14.988363421946422, 55.1965160499281 ], [ 14.988435527811117, 55.196462339473094 ], [ 14.988490954021461, 55.196442943321571 ], [ 14.988560072452589, 55.196418730950803 ], [ 14.988773731132728, 55.196380743068005 ], [ 14.988870999367268, 55.19636264326131 ], [ 14.988949002933767, 55.196362734099324 ], [ 14.98900971280451, 55.196335469499864 ], [ 14.989030313033929, 55.196167703025289 ], [ 14.989041712269689, 55.195957966065826 ], [ 14.989059752761783, 55.195898726264751 ], [ 14.988873468271178, 55.195722454241775 ], [ 14.988797391372156, 55.195620386356545 ], [ 14.988847783279303, 55.195349017754587 ], [ 14.988877615559066, 55.195268894344963 ], [ 14.988881660308154, 55.195215170021392 ], [ 14.98886988861452, 55.195160514422554 ], [ 14.988807424242824, 55.195101280072706 ], [ 14.988720193910082, 55.195010736864162 ], [ 14.988678937534488, 55.194971408278064 ], [ 14.988683995348657, 55.194926709442186 ], [ 14.988849839903629, 55.194699809687883 ], [ 14.98903964731978, 55.1944656605638 ], [ 14.989102594776856, 55.194356282903499 ], [ 14.989285996785345, 55.194127589884431 ], [ 14.989622354298785, 55.193942119593089 ], [ 14.989764798999341, 55.193884914673696 ], [ 14.989889449975671, 55.19385963016741 ], [ 14.989955134951154, 55.193821432779252 ], [ 14.990038468064759, 55.193769580755053 ], [ 14.990076890746588, 55.193747771581272 ], [ 14.990093034045886, 55.193722243666421 ], [ 14.990160481704311, 55.193656670052363 ], [ 14.990335276799595, 55.193524708523313 ], [ 14.990364251041134, 55.193485520259813 ], [ 14.990370948689661, 55.193436256794172 ], [ 14.99038564145669, 55.193384276383775 ], [ 14.990477132115378, 55.193300492117721 ], [ 14.990818045655056, 55.193152454747988 ], [ 14.990839006902515, 55.193119630575907 ], [ 14.990820161600979, 55.193068492984793 ], [ 14.990857136673757, 55.193024750636262 ], [ 14.991105464137103, 55.192879259459801 ], [ 14.991295914132943, 55.192795683116572 ], [ 14.991417477973162, 55.192755783567094 ], [ 14.991538803800564, 55.192750558644072 ], [ 14.991684003539564, 55.192760893895873 ], [ 14.991784530332083, 55.192766579840608 ], [ 14.992030511765641, 55.192736967824871 ], [ 14.99235099532501, 55.192640694229219 ], [ 14.992454788804871, 55.192590658641542 ], [ 14.992701537041755, 55.192422310209523 ], [ 14.992869425290882, 55.192329516860049 ], [ 14.992917519035464, 55.19229493119353 ], [ 14.992968259600593, 55.192194769343459 ], [ 14.993335196169408, 55.192041056518882 ], [ 14.993417598054013, 55.192040207088844 ], [ 14.993471212246314, 55.192054795574258 ], [ 14.993559837559649, 55.192062138338954 ], [ 14.993628487941828, 55.192030293 ], [ 14.993651534263631, 55.191977485942786 ], [ 14.993787272024253, 55.191911990483312 ], [ 14.994037776338439, 55.191804658922337 ], [ 14.994260330724996, 55.191758325870758 ], [ 14.99457627308758, 55.191720242919644 ], [ 14.99499373034037, 55.191673118065637 ], [ 14.995192223109315, 55.191645913959796 ], [ 14.995372991965587, 55.191637797760869 ], [ 14.995519060723538, 55.191619670719419 ], [ 14.99559889261799, 55.191601777072492 ], [ 14.995762461016675, 55.191565166742969 ], [ 14.995992371108684, 55.191483399255212 ], [ 14.996166665116199, 55.191391518463028 ], [ 14.996324702762967, 55.191337020340043 ], [ 14.996470034342879, 55.191279772651988 ], [ 14.996677831915409, 55.191178810150909 ], [ 14.996730824088358, 55.191125073982093 ], [ 14.996933592154049, 55.191053287143959 ], [ 14.997051479585684, 55.191038862663824 ], [ 14.997168409051701, 55.190954204685468 ], [ 14.997326161322286, 55.190888230900448 ], [ 14.997222116090558, 55.19081931223279 ], [ 14.997311692967193, 55.190764715764352 ], [ 14.997283529319569, 55.190709960293383 ], [ 14.997360192330408, 55.190680877493243 ], [ 14.997386274085308, 55.190607950207642 ], [ 14.997749454822866, 55.190577422243038 ], [ 14.997862929750138, 55.19052195202844 ], [ 14.997981756005993, 55.190584108360937 ], [ 14.998139775778622, 55.190532345645593 ], [ 14.998254987340188, 55.190461366474281 ], [ 14.998322328506196, 55.19040491355188 ], [ 14.998492049140962, 55.190288405437556 ], [ 14.998588113288502, 55.190221954363395 ], [ 14.998666716384438, 55.190152214505098 ], [ 14.998727661003109, 55.190098120839735 ], [ 14.998869786513907, 55.190040848252572 ], [ 14.998910197385024, 55.189969770218589 ], [ 14.999022372571677, 55.18988055512834 ], [ 14.999150409952319, 55.189798641974065 ], [ 14.999209655591548, 55.189756768523047 ], [ 14.999257442455724, 55.189733350513144 ], [ 14.999371096502191, 55.189677635838812 ], [ 14.999405156575605, 55.189601081918099 ], [ 14.999530237108289, 55.189493627508064 ], [ 14.999698566224907, 55.189352498807004 ], [ 14.999945531781991, 55.189133956476304 ], [ 15.000198343265165, 55.188980165731543 ], [ 15.000484457553792, 55.188833715484456 ], [ 15.000678002548685, 55.188722708169351 ], [ 15.000969137389315, 55.188550727132125 ], [ 15.001452109247637, 55.188278679158721 ], [ 15.001810290475859, 55.18808124540503 ], [ 15.002026147827294, 55.187966621834427 ], [ 15.002254754731261, 55.187874867120378 ], [ 15.002745945868075, 55.187654060363727 ], [ 15.00297770615621, 55.187624416279291 ], [ 15.003089547619517, 55.187629236518561 ], [ 15.003203095019524, 55.187598435769232 ], [ 15.00348280968919, 55.18756435098711 ], [ 15.003709736778697, 55.187546585705483 ], [ 15.004015041370947, 55.187509812893552 ], [ 15.004251595517346, 55.187482018281287 ], [ 15.004373065773967, 55.187464933363742 ], [ 15.004564853006574, 55.187448002330399 ], [ 15.004597175772243, 55.187443731211545 ], [ 15.005164273846894, 55.187368954085244 ], [ 15.005162782928476, 55.18733332903863 ], [ 15.005301833068161, 55.187313555745774 ], [ 15.005247591860057, 55.187289693957673 ], [ 15.005185301118233, 55.187282247078613 ], [ 15.005110167363618, 55.187290317529296 ], [ 15.005025511038012, 55.18728555137271 ], [ 15.00502238804817, 55.187260901162084 ], [ 15.005078338673421, 55.187251887974078 ], [ 15.005028957881205, 55.187198821785891 ], [ 15.004965148369024, 55.187166717344716 ], [ 15.004907682252327, 55.187146508112896 ], [ 15.004816646125986, 55.18713992324821 ], [ 15.004639498156122, 55.187062837548481 ], [ 15.004738729290629, 55.187010080970445 ], [ 15.004853801447876, 55.186998470655205 ], [ 15.004981866082638, 55.186912912047298 ], [ 15.005105933017511, 55.186900532886746 ], [ 15.005411799290984, 55.186870022057214 ], [ 15.00579230042441, 55.186793226534 ], [ 15.005613531802259, 55.186727089525263 ], [ 15.005853278804297, 55.186702969321694 ], [ 15.005861351700689, 55.186676496311122 ], [ 15.005666705191116, 55.186575643449487 ], [ 15.005751704615353, 55.186473557061689 ], [ 15.005858899316936, 55.186424475487755 ], [ 15.005967629384969, 55.186392757641904 ], [ 15.006013917981575, 55.186405640754458 ], [ 15.005980296482551, 55.186435699364509 ], [ 15.005903526908847, 55.18645835578144 ], [ 15.005956196457323, 55.186477649144187 ], [ 15.006012122870729, 55.186470464391164 ], [ 15.00604422136578, 55.186423959685222 ], [ 15.006151465221153, 55.186355716034143 ], [ 15.006092634677588, 55.186261530312244 ], [ 15.006176024119478, 55.186160360476009 ], [ 15.006152325425987, 55.186067175451136 ], [ 15.006262393996451, 55.186130422746992 ], [ 15.006417096770253, 55.186222066622143 ], [ 15.006499956174407, 55.186298948315084 ], [ 15.00655576856516, 55.186334679469091 ], [ 15.006641822136467, 55.186411556256338 ], [ 15.006697672313468, 55.186438155966627 ], [ 15.006751814167538, 55.186501277136493 ], [ 15.006804424833661, 55.186538832090172 ], [ 15.00690179408743, 55.186574651774237 ], [ 15.006976920914704, 55.186556541640115 ], [ 15.006993014238072, 55.186520974721418 ], [ 15.006958002840982, 55.186471583668585 ], [ 15.006942144974234, 55.186435030145454 ], [ 15.006856081038084, 55.186356317359746 ], [ 15.00684025121762, 55.186305149808419 ], [ 15.006766912064347, 55.186252035089382 ], [ 15.006811796443969, 55.186204655056457 ], [ 15.006736814539147, 55.186164316418512 ], [ 15.00675131459024, 55.186121427436085 ], [ 15.00674222121572, 55.185959796457375 ], [ 15.00675833997761, 55.18590595126846 ], [ 15.006844529338538, 55.185934436536414 ], [ 15.00719227387137, 55.186131511483417 ], [ 15.007332658259001, 55.186206683420167 ], [ 15.007409255152904, 55.186236975024684 ], [ 15.007495462884819, 55.186258175141276 ], [ 15.007586534468867, 55.186259273082619 ], [ 15.007624992164194, 55.186220088476198 ], [ 15.007585163831555, 55.186182568214477 ], [ 15.007515102682854, 55.186097500608604 ], [ 15.007400165153266, 55.186066214336698 ], [ 15.007245449496278, 55.185973662961082 ], [ 15.007162511229637, 55.185926902271405 ], [ 15.007121063920874, 55.1858930362854 ], [ 15.007039714217502, 55.185843558975492 ], [ 15.006985595724171, 55.185778609086888 ], [ 15.006956982346233, 55.185723751800339 ], [ 15.006977941283754, 55.18565715249013 ], [ 15.007050096897808, 55.185568727970889 ], [ 15.007130278675232, 55.18550042555448 ], [ 15.007155980966518, 55.185478582073394 ], [ 15.00729930756644, 55.185309083226215 ], [ 15.007415205586289, 55.185179700086593 ], [ 15.007474831822137, 55.185103140005104 ], [ 15.007582472718262, 55.185005677037651 ], [ 15.007750653194581, 55.184919302415729 ], [ 15.00778916866372, 55.184889262395352 ], [ 15.007995346170903, 55.184836734661893 ], [ 15.008255840267637, 55.184766071035497 ], [ 15.008406139639114, 55.184725308818379 ], [ 15.008503531038807, 55.184711804979599 ], [ 15.008640665342549, 55.184713901723065 ], [ 15.008790721073101, 55.18469778458558 ], [ 15.008901002379682, 55.184669714661865 ], [ 15.008915549022266, 55.184646009463656 ], [ 15.008807249722429, 55.184624795377921 ], [ 15.008956262551337, 55.184540204089984 ], [ 15.008993246880035, 55.184502847508 ], [ 15.009150123113638, 55.184431048219444 ], [ 15.009244968791361, 55.184339960576615 ], [ 15.009322537061601, 55.18421324513524 ], [ 15.009457405595889, 55.184103053448766 ], [ 15.00953665985349, 55.184163454936851 ], [ 15.009608360507842, 55.184169992939196 ], [ 15.009758755319423, 55.184112801869858 ], [ 15.009838428045102, 55.184121178333825 ], [ 15.009867381038362, 55.184092015675496 ], [ 15.009851816608194, 55.184045436099844 ], [ 15.009769526181989, 55.183964936126422 ], [ 15.009752482924641, 55.183913981956742 ], [ 15.009808494222652, 55.183888532070213 ], [ 15.010147378133377, 55.18398030868206 ], [ 15.010251048859635, 55.183978701537654 ], [ 15.010318255083691, 55.183952364578637 ], [ 15.010308917035271, 55.183922214577045 ], [ 15.010223099946716, 55.183884619887067 ], [ 15.010247261036136, 55.183857278747226 ], [ 15.010379688518197, 55.183847505556116 ], [ 15.010467378284245, 55.183854062512076 ], [ 15.01052206936366, 55.183793942112487 ], [ 15.010517592032256, 55.183756492964122 ], [ 15.01042024191746, 55.183764522335963 ], [ 15.010292744770194, 55.183754226037266 ], [ 15.010294471606327, 55.183735971584277 ], [ 15.010353674218553, 55.183711444004949 ], [ 15.010350687591584, 55.18368677810718 ], [ 15.010280803552114, 55.183664970829184 ], [ 15.010282565355283, 55.183648614383301 ], [ 15.010333756260533, 55.183627715326246 ], [ 15.010334207662311, 55.183583206754328 ], [ 15.010250599386252, 55.183513981634754 ], [ 15.010297482414208, 55.18348633596014 ], [ 15.01037103218767, 55.18349824714258 ], [ 15.010421998801917, 55.183498571359934 ], [ 15.010463183504934, 55.183489034378645 ], [ 15.010428388935937, 55.183430359969009 ], [ 15.01044938834506, 55.183374697119199 ], [ 15.01041427665907, 55.183303298454739 ], [ 15.010402407240996, 55.183272535382571 ], [ 15.010442016266918, 55.183194865892034 ], [ 15.010554181154951, 55.183155446795915 ], [ 15.010584523701382, 55.183159654171249 ], [ 15.010641263679291, 55.183201739022884 ], [ 15.010731205634814, 55.183234357503139 ], [ 15.010705299509551, 55.183284617930994 ], [ 15.010772081601743, 55.183279333820778 ], [ 15.010805677746694, 55.183286225308954 ], [ 15.010828308100166, 55.183300519875644 ], [ 15.010827633893678, 55.183339592371276 ], [ 15.01077771694448, 55.183385584396113 ], [ 15.010811549452896, 55.183402476077539 ], [ 15.010897758692032, 55.183410591509087 ], [ 15.011003849507903, 55.183383978312044 ], [ 15.011077811343261, 55.183344980931437 ], [ 15.01107554791041, 55.183315939582045 ], [ 15.011025617487379, 55.183291957226729 ], [ 15.011010392991283, 55.183253049942216 ], [ 15.010953457415171, 55.183202799754717 ], [ 15.010937306859933, 55.18319390189945 ], [ 15.010846390229334, 55.183187639990024 ], [ 15.010754922716943, 55.183158671443415 ], [ 15.010725630395745, 55.183131732364089 ], [ 15.010862055920773, 55.183107508289368 ], [ 15.010979997434777, 55.183111641048953 ], [ 15.011198206900183, 55.18311102972428 ], [ 15.01125138795085, 55.183068630491164 ], [ 15.011263082846218, 55.183023979846553 ], [ 15.011276324746978, 55.182977487986008 ], [ 15.01135271131294, 55.18297391626443 ], [ 15.011410663999444, 55.182932379327042 ], [ 15.011479536409841, 55.182879804073686 ], [ 15.011587290128473, 55.182786833309486 ], [ 15.011666130474252, 55.182752330017316 ], [ 15.011695721678082, 55.182722928207944 ], [ 15.011790408792757, 55.182685525021896 ], [ 15.0119378815007, 55.182655702171459 ], [ 15.012104266334818, 55.182619316248747 ], [ 15.012142833467536, 55.182602669355518 ], [ 15.012220971567274, 55.182568938712237 ], [ 15.012264564121615, 55.182524843556102 ], [ 15.012267617813745, 55.182450296535151 ], [ 15.01225517266143, 55.182395009552764 ], [ 15.012345220410419, 55.182362211146149 ], [ 15.012346010202023, 55.182327661646262 ], [ 15.012406528326304, 55.182257924328198 ], [ 15.012415879066383, 55.182180589761401 ], [ 15.012362161063662, 55.182131225434368 ], [ 15.012384195996136, 55.181981955537715 ], [ 15.012402421928721, 55.181944508521212 ], [ 15.012452832929167, 55.181919406423162 ], [ 15.012511582925756, 55.181911484532804 ], [ 15.012604611234472, 55.181938609794905 ], [ 15.012750360834842, 55.181973309207727 ], [ 15.012861893041446, 55.181973885690972 ], [ 15.013085371488321, 55.181993186936317 ], [ 15.013192331938063, 55.18200380317132 ], [ 15.013292348373438, 55.181988148580906 ], [ 15.013329572131807, 55.181945025420227 ], [ 15.013454558622382, 55.181770087416659 ], [ 15.013508488449657, 55.181691338879965 ], [ 15.013507155040879, 55.181634106540621 ], [ 15.013479057636445, 55.1815908216278 ], [ 15.013485182600908, 55.181510792447632 ], [ 15.013557943494499, 55.181350098385536 ], [ 15.013569105444192, 55.181250408355261 ], [ 15.013542709620118, 55.181188293947812 ], [ 15.013630573212215, 55.181018848280864 ], [ 15.013605439835558, 55.180934999964364 ], [ 15.013577512972512, 55.180874726027263 ], [ 15.01332314556994, 55.180710854554704 ], [ 15.013719551257211, 55.180388727828628 ], [ 15.013880143504522, 55.180316584809965 ], [ 15.014147610924377, 55.180239953167344 ], [ 15.014460593535382, 55.180184135036612 ], [ 15.014648497565483, 55.18022357916869 ], [ 15.01470119917095, 55.18023957174924 ], [ 15.014965469856303, 55.180425431949814 ], [ 15.015065468087542, 55.180437372456844 ], [ 15.015197240163802, 55.180440933317733 ], [ 15.015359188481263, 55.180432520079869 ], [ 15.015459226180395, 55.180416412347689 ], [ 15.01559578823499, 55.180388277343326 ], [ 15.015892852653854, 55.180275774061791 ], [ 15.016286786007631, 55.180138188883582 ], [ 15.016469578723751, 55.180092619918071 ], [ 15.016569594534735, 55.18003943579842 ], [ 15.016752528965165, 55.17999304004784 ], [ 15.016796635260748, 55.179968104137977 ], [ 15.016906514623409, 55.179905967991694 ], [ 15.016995448257923, 55.179858266191886 ], [ 15.017055758418591, 55.179814385675634 ], [ 15.017238459708626, 55.179731707465571 ], [ 15.017321113576891, 55.179684100299959 ], [ 15.01754353081137, 55.17959844640712 ], [ 15.017540397109055, 55.179561390001936 ], [ 15.017650011461383, 55.179541627866115 ], [ 15.017778719739617, 55.179481043349831 ], [ 15.017953504573123, 55.179409290183138 ], [ 15.018050856959672, 55.179377530015486 ], [ 15.01818871936479, 55.179332643993675 ], [ 15.018277676831756, 55.17928948678513 ], [ 15.018299875228573, 55.17926669778771 ], [ 15.018493761488589, 55.179193925672827 ], [ 15.018635217975373, 55.179135986034012 ], [ 15.018685970138703, 55.179097584031425 ], [ 15.018829010850826, 55.179043257129649 ], [ 15.018900502435622, 55.178985739603363 ], [ 15.019024524511719, 55.178852799257513 ], [ 15.019118311388411, 55.178769813581901 ], [ 15.019030991009378, 55.178761372108873 ], [ 15.019051671805075, 55.178725954135793 ], [ 15.019151709818214, 55.178712589268699 ], [ 15.019239128299674, 55.178647727961881 ], [ 15.01926459531507, 55.178592364093923 ], [ 15.019345651962826, 55.178530275819675 ], [ 15.019434623332156, 55.178496174558198 ], [ 15.019375910012062, 55.178465815094214 ], [ 15.019387042638199, 55.178440395808472 ], [ 15.019514122283086, 55.17840059811892 ], [ 15.019504627295118, 55.178361750031961 ], [ 15.019566602591063, 55.178317884683857 ], [ 15.019668339914176, 55.178206764729694 ], [ 15.019696989116159, 55.178136873440828 ], [ 15.019676420017593, 55.178088156898497 ], [ 15.019741531997244, 55.178069607074406 ], [ 15.019749521153669, 55.178013425310766 ], [ 15.019744849578657, 55.17792929354264 ], [ 15.019800482104991, 55.177859208842406 ], [ 15.019810082312148, 55.17779578943717 ], [ 15.019846439623326, 55.177737752031462 ], [ 15.019821922210321, 55.177707031136336 ], [ 15.019821498985404, 55.177681040863689 ], [ 15.01985271033606, 55.177634746924866 ], [ 15.019880607399433, 55.177581000180034 ], [ 15.019903932151298, 55.177445547697594 ], [ 15.019963478961619, 55.177371496482301 ], [ 15.020018535092355, 55.177315080581771 ], [ 15.020096016073866, 55.177260578785116 ], [ 15.020287355931991, 55.177127587853597 ], [ 15.020681531977784, 55.176881050221255 ], [ 15.020844536332465, 55.176776563053124 ], [ 15.020963482647835, 55.176715909311042 ], [ 15.020980840899156, 55.176685895648447 ], [ 15.021009531626829, 55.176691271595644 ], [ 15.021028088722016, 55.176659199729237 ], [ 15.021178388175786, 55.176651157450237 ], [ 15.02141182217656, 55.176636708187949 ], [ 15.021627561175274, 55.176623531576809 ], [ 15.021770466310208, 55.176559033570328 ], [ 15.021901841336531, 55.176475938260317 ], [ 15.022052902162764, 55.176421677892044 ], [ 15.02227666549916, 55.176503224979555 ], [ 15.022399332602978, 55.176567705876046 ], [ 15.022537177024489, 55.176646398288767 ], [ 15.022715002392504, 55.176617947191474 ], [ 15.022815036554515, 55.176596386079233 ], [ 15.022872230104603, 55.176569718612889 ], [ 15.022892909638148, 55.176519768180178 ], [ 15.02299452720769, 55.176501810879152 ], [ 15.023129534484795, 55.176419344434386 ], [ 15.023220184932406, 55.176348053263695 ], [ 15.023313945644118, 55.176304797992486 ], [ 15.023517354473846, 55.176175975152859 ], [ 15.023591525468097, 55.176115863746226 ], [ 15.023745438594407, 55.176040247362359 ], [ 15.023965657855667, 55.175913786552499 ], [ 15.024090310242766, 55.175905841658185 ], [ 15.024442972962918, 55.175837467953862 ], [ 15.024490551130095, 55.175872419680914 ], [ 15.024474648338026, 55.175900597057442 ], [ 15.024541311634072, 55.175905529931548 ], [ 15.02453333875904, 55.175957200598035 ], [ 15.024569855711016, 55.175969588584074 ], [ 15.024561882093231, 55.175993195155684 ], [ 15.024684128042212, 55.175985044845085 ], [ 15.024679414646894, 55.175938009800724 ], [ 15.024647665042828, 55.175930094329303 ], [ 15.0246413493056, 55.175892115298069 ], [ 15.024598501656518, 55.175878852765941 ], [ 15.024603298450868, 55.17584350999217 ], [ 15.024563631042804, 55.175807607839928 ], [ 15.024666854982113, 55.175766088101426 ], [ 15.024839954463951, 55.175694191739133 ], [ 15.024914583142523, 55.175674635861441 ], [ 15.025071772801718, 55.175650823844833 ], [ 15.025197224663206, 55.175604626963867 ], [ 15.025328988557296, 55.175587342538506 ], [ 15.025395711195449, 55.175542482208208 ], [ 15.025511593669645, 55.175530757047611 ], [ 15.025648181655942, 55.17547270792231 ], [ 15.025973719140536, 55.175361647308534 ], [ 15.026107082153137, 55.1753162815602 ], [ 15.026210321327687, 55.175268439161755 ], [ 15.026250042158756, 55.175205676898941 ], [ 15.026251657295191, 55.175140500894052 ], [ 15.026272595168507, 55.175047094660464 ], [ 15.026301543370925, 55.174991214205448 ], [ 15.026341063794451, 55.174962558408531 ], [ 15.026384301432804, 55.174975593887609 ], [ 15.026389800130618, 55.17511320201902 ], [ 15.026454866860137, 55.175126298218068 ], [ 15.02646765064941, 55.174992240042656 ], [ 15.026477622810191, 55.174951400364435 ], [ 15.026556814856429, 55.174927295353022 ], [ 15.026610527138526, 55.174986647842118 ], [ 15.02661208790372, 55.175041834424107 ], [ 15.026610471998277, 55.1751043004084 ], [ 15.026618359598421, 55.175161271005976 ], [ 15.026586578966509, 55.175238441455221 ], [ 15.026608766942077, 55.175317022623581 ], [ 15.026770697557293, 55.175315806272756 ], [ 15.026880261317832, 55.175306824167123 ], [ 15.026959640097493, 55.175291740238194 ], [ 15.026970773960308, 55.175242784673259 ], [ 15.027027967367415, 55.1751418715561 ], [ 15.027037549090625, 55.175044958841895 ], [ 15.027045533875174, 55.174918179413631 ], [ 15.027063042311342, 55.174838394468573 ], [ 15.02726941162066, 55.174804243752249 ], [ 15.027318643977271, 55.17476223070198 ], [ 15.027440889231391, 55.174753168167982 ], [ 15.027583796578037, 55.174737606288787 ], [ 15.027713970577389, 55.174710368041843 ], [ 15.027818742719948, 55.174697805231794 ], [ 15.027909239671402, 55.174699843098438 ], [ 15.027942592650637, 55.174672438100338 ], [ 15.028044233873018, 55.174650837756403 ], [ 15.028175998349548, 55.174632649731329 ], [ 15.028307786463941, 55.174602674682696 ], [ 15.028450685852983, 55.17459797048754 ], [ 15.028709544327405, 55.174548940986725 ], [ 15.028977911395359, 55.174521560926273 ], [ 15.029260934716378, 55.174490616830433 ], [ 15.029378921734768, 55.17449810515032 ], [ 15.02949064067063, 55.17451561929925 ], [ 15.029568647285036, 55.174504266153946 ], [ 15.029574633858729, 55.17446060771919 ], [ 15.029630301070943, 55.17444665366839 ], [ 15.029691042977147, 55.174465364915783 ], [ 15.030031680801637, 55.174413390451939 ], [ 15.030298207034251, 55.174360789644226 ], [ 15.030327813970265, 55.174555256640616 ], [ 15.030418765255135, 55.174386597719668 ], [ 15.030456162787505, 55.174292769708558 ], [ 15.030662148988558, 55.174159781470017 ], [ 15.030777059487068, 55.174173651610474 ], [ 15.030790675038963, 55.174269008266428 ], [ 15.030848760949318, 55.174173225833854 ], [ 15.031237605890635, 55.174129209152206 ], [ 15.031331172773436, 55.174118604030681 ], [ 15.031636822005916, 55.174065399600742 ], [ 15.031856261360174, 55.17400979366564 ], [ 15.031897340723079, 55.173974017705937 ], [ 15.031968887247723, 55.173952746575885 ], [ 15.032066210176939, 55.173956963423038 ], [ 15.032183896898994, 55.173928224335327 ], [ 15.032357550871048, 55.173913885280768 ], [ 15.032572390080071, 55.173874748924547 ], [ 15.032603738974153, 55.173828957618724 ], [ 15.032545910554797, 55.173792627140479 ], [ 15.032531014084672, 55.173748834874388 ], [ 15.03247084030585, 55.173648560073516 ], [ 15.032422136226911, 55.173565939096306 ], [ 15.032467821644904, 55.17351385376336 ], [ 15.032650472386711, 55.17345914549405 ], [ 15.032717211864645, 55.173442389288802 ], [ 15.03281241604769, 55.173402746032068 ], [ 15.032923841225768, 55.173393008595419 ], [ 15.033170254818796, 55.173334503105224 ], [ 15.03368550975156, 55.173227541271203 ], [ 15.033779248157181, 55.173202519867381 ], [ 15.033887972028992, 55.173228615053006 ], [ 15.033961873433753, 55.173277679111266 ], [ 15.034073212066284, 55.173385973448639 ], [ 15.034137703616043, 55.173446948357714 ], [ 15.034252294413086, 55.173565273144483 ], [ 15.034335351391867, 55.173580505832327 ], [ 15.034374999816324, 55.173562077996998 ], [ 15.034400141861447, 55.173533674324979 ], [ 15.03483534726538, 55.173409632885523 ], [ 15.035306870451414, 55.173265346300504 ], [ 15.035429342285724, 55.173246612382869 ], [ 15.035707394328423, 55.173181622960612 ], [ 15.035824949230681, 55.173151941373405 ], [ 15.036055424504577, 55.173106313549404 ], [ 15.036208252683144, 55.17309751431096 ], [ 15.03648634568683, 55.173037995219005 ], [ 15.036780461475189, 55.172986628963798 ], [ 15.037064856770954, 55.172922518626841 ], [ 15.037398917735011, 55.172881978154251 ], [ 15.037602506546969, 55.17285470924346 ], [ 15.037812601131332, 55.172838389242827 ], [ 15.03804043273079, 55.172839338746137 ], [ 15.038241166571527, 55.172839500697613 ], [ 15.038416265988435, 55.172826953696031 ], [ 15.038994169925124, 55.17279005473516 ], [ 15.039204066504537, 55.172752736606 ], [ 15.039412350301573, 55.172712671123953 ], [ 15.039660156214563, 55.172644142818392 ], [ 15.039872837262289, 55.172567546159804 ], [ 15.040149429098808, 55.172504410546324 ], [ 15.040230392808919, 55.172475787374758 ], [ 15.040346996959332, 55.172500926814315 ], [ 15.040523533707908, 55.17246738973612 ], [ 15.040758772915321, 55.172409883124686 ], [ 15.040743773155521, 55.172347846354278 ], [ 15.040797769955219, 55.172330287545535 ], [ 15.040863800851763, 55.17239305531789 ], [ 15.04095607147916, 55.172378095240845 ], [ 15.040944951346415, 55.172230204693655 ], [ 15.04092925032311, 55.172103331386872 ], [ 15.040913615267456, 55.1719810376674 ], [ 15.040980087131251, 55.171936954925471 ], [ 15.041155033740843, 55.171898868028492 ], [ 15.041344127727436, 55.171840611449866 ], [ 15.041618464316056, 55.172010347341143 ], [ 15.041814030354111, 55.171963950151806 ], [ 15.042063356025876, 55.171871706479983 ], [ 15.042214503415412, 55.171841923496089 ], [ 15.042313005605976, 55.171809581456763 ], [ 15.042412549532687, 55.171723381556255 ], [ 15.04253547855269, 55.171585958050557 ], [ 15.042817618172862, 55.171267141799504 ], [ 15.042766683050168, 55.171115757340438 ], [ 15.042730077099879, 55.170962498696511 ], [ 15.042581663869623, 55.170945714472005 ], [ 15.042304279627059, 55.170946752065049 ], [ 15.042200680425951, 55.170950787987827 ], [ 15.042167021588794, 55.170931744494894 ], [ 15.042297603290727, 55.170915724307022 ], [ 15.042404291025163, 55.170904367764543 ], [ 15.042546144213757, 55.170902912891535 ], [ 15.042634989480849, 55.170857851432061 ], [ 15.042677650508811, 55.170820246101137 ], [ 15.042637426094652, 55.170784791454956 ], [ 15.042540055418906, 55.170768718806819 ], [ 15.042542285001076, 55.170672844813424 ], [ 15.042584878280257, 55.170627022525231 ], [ 15.042706850617687, 55.170546216432214 ], [ 15.042788952271449, 55.170465547565357 ], [ 15.042948937819155, 55.17035994511712 ], [ 15.043026319119038, 55.17028569638471 ], [ 15.043091673219678, 55.170284534467505 ], [ 15.043075032266042, 55.170374993835715 ], [ 15.043362012174137, 55.170375745980671 ], [ 15.043677734607378, 55.1703800466613 ], [ 15.043774726093506, 55.170352289306045 ], [ 15.044158713831184, 55.170325290307559 ], [ 15.044335549269656, 55.170308200222536 ], [ 15.044395899503746, 55.170284237111552 ], [ 15.044496215418814, 55.170269261065307 ], [ 15.04463130740152, 55.17022402200341 ], [ 15.044748592919193, 55.170152369558437 ], [ 15.044717766146661, 55.170097702312965 ], [ 15.044626762391866, 55.170086158564715 ], [ 15.044521487596953, 55.170083806253423 ], [ 15.044365118841986, 55.170071588800027 ], [ 15.044132434788379, 55.170082507768889 ], [ 15.043922151427346, 55.170102450044546 ], [ 15.043686299623268, 55.170116127802203 ], [ 15.043555854559594, 55.170144009626213 ], [ 15.043401288651138, 55.170153715247523 ], [ 15.04319892934725, 55.170164519501405 ], [ 15.043314950796937, 55.170129387288817 ], [ 15.043673211845062, 55.170079656683946 ], [ 15.043856352088374, 55.170056131131197 ], [ 15.044082413638613, 55.170022420693634 ], [ 15.04430365044286, 55.169983250528389 ], [ 15.044451356362387, 55.169921537595997 ], [ 15.044584754445419, 55.169864425935209 ], [ 15.044663967222975, 55.169811171568597 ], [ 15.044841747898497, 55.169728333725857 ], [ 15.044962411749099, 55.169672206366506 ], [ 15.045082869220906, 55.169595974901206 ], [ 15.045193792879331, 55.169522531647203 ], [ 15.045279714863151, 55.169504867726928 ], [ 15.045471530495645, 55.169383650056162 ], [ 15.045505988905859, 55.169319611783138 ], [ 15.045782003898953, 55.169164329370666 ], [ 15.045910405223404, 55.169085324706387 ], [ 15.046033857774374, 55.168986271843437 ], [ 15.046166559112365, 55.168856154982358 ], [ 15.046283672063248, 55.168762594463338 ], [ 15.046323976662844, 55.168809028449012 ], [ 15.046400901465523, 55.168848021551135 ], [ 15.046515828065777, 55.168860399088821 ], [ 15.046636989937364, 55.168855422176499 ], [ 15.046738509841628, 55.168801182120419 ], [ 15.046807985861102, 55.168728800783029 ], [ 15.046793080324427, 55.168669505997038 ], [ 15.046726060136711, 55.168665170614553 ], [ 15.046656121704665, 55.168689153019393 ], [ 15.046563756136994, 55.168701349302445 ], [ 15.04657266494972, 55.168632837932215 ], [ 15.046664176668186, 55.168544917998638 ], [ 15.046777437681133, 55.168534427733327 ], [ 15.04689168511471, 55.168476483774072 ], [ 15.046996253369281, 55.168407631794331 ], [ 15.047000702643878, 55.168371998772187 ], [ 15.047051159124109, 55.16831337622606 ], [ 15.047184462514595, 55.168245344687506 ], [ 15.04733510579428, 55.168160792410276 ], [ 15.047371271412365, 55.168107707063072 ], [ 15.047472944674023, 55.168068990073586 ], [ 15.047657307942076, 55.168009895980539 ], [ 15.047813007684653, 55.167951805344394 ], [ 15.047935098560982, 55.167882872493472 ], [ 15.048061808059373, 55.167795684151301 ], [ 15.048111876512301, 55.167697770230347 ], [ 15.04816845548655, 55.167615378683969 ], [ 15.048189861544804, 55.167519404885319 ], [ 15.048230715973228, 55.16745899088076 ], [ 15.048270182854871, 55.167419570560355 ], [ 15.048356115812828, 55.16740191276174 ], [ 15.048415619335684, 55.16745741135464 ], [ 15.048274906307457, 55.167576648210371 ], [ 15.048295947126164, 55.167609436613162 ], [ 15.048482286831964, 55.16759142575102 ], [ 15.048612634724266, 55.167556250145729 ], [ 15.048685408447332, 55.167497533100743 ], [ 15.048764382115113, 55.167421445276318 ], [ 15.048756691700344, 55.167288123055172 ], [ 15.048801948273615, 55.167185676405389 ], [ 15.048855280488318, 55.167094145305562 ], [ 15.04889917494293, 55.167020002072952 ], [ 15.049006500537841, 55.166909098590409 ], [ 15.049091722822903, 55.166819283838862 ], [ 15.049151876093507, 55.166778860160981 ], [ 15.049282219143064, 55.166739119108534 ], [ 15.049420741031478, 55.166723082587623 ], [ 15.049586524429559, 55.16672611779164 ], [ 15.049779401896, 55.166726317903311 ], [ 15.049969003990022, 55.166718316367749 ], [ 15.050113998464258, 55.166713202352632 ], [ 15.05025787463722, 55.166756511846522 ], [ 15.050292474437507, 55.16687602377754 ], [ 15.0503726181201, 55.166922327137293 ], [ 15.050647589706641, 55.166840915211949 ], [ 15.050791873542902, 55.16676365293219 ], [ 15.050934978304177, 55.166727479168529 ], [ 15.050966184464738, 55.166657946707602 ], [ 15.050822201003726, 55.166602758472678 ], [ 15.050916409421836, 55.166454438717516 ], [ 15.050968233074352, 55.16642742133633 ], [ 15.051135290576807, 55.166340335660742 ], [ 15.051216890428003, 55.166206653463178 ], [ 15.0513118167174, 55.166133226597204 ], [ 15.051369199586004, 55.166132439084102 ], [ 15.051405850153566, 55.166131945973866 ], [ 15.051468937562426, 55.166060456097796 ], [ 15.051675711796051, 55.166014897194579 ], [ 15.05171838318954, 55.166144442045429 ], [ 15.051794983456949, 55.166155122154152 ], [ 15.051897997877104, 55.166092591560407 ], [ 15.052098109715113, 55.166014176072494 ], [ 15.05237509832552, 55.165978371438698 ], [ 15.052728085876092, 55.165883811815142 ], [ 15.052730220446584, 55.165944093515158 ], [ 15.052794548637836, 55.166001402523655 ], [ 15.052950520982614, 55.165975200544381 ], [ 15.053128642604729, 55.16593154393658 ], [ 15.053180585484226, 55.165858258405692 ], [ 15.053235562356377, 55.165773999175926 ], [ 15.053314565867822, 55.165696943184358 ], [ 15.053470876455261, 55.165704523679238 ], [ 15.053642867793634, 55.165687381631137 ], [ 15.053809891218553, 55.165642845414482 ], [ 15.053966432683104, 55.16560736686813 ], [ 15.054015117522937, 55.165596342105111 ], [ 15.054342523982305, 55.165468270947478 ], [ 15.054657402936614, 55.165320717859096 ], [ 15.054870530953606, 55.16522628842246 ], [ 15.055004266114665, 55.165202299491192 ], [ 15.05521744118357, 55.165123389525576 ], [ 15.055282653245484, 55.165089499246406 ], [ 15.055368358783671, 55.165005354897239 ], [ 15.055425526492709, 55.164963248925112 ], [ 15.055689701201917, 55.164886072668047 ], [ 15.055829638980446, 55.164816430685619 ], [ 15.056276383913209, 55.164580059153771 ], [ 15.05632715008413, 55.164522452259462 ], [ 15.056321845483636, 55.164385535490069 ], [ 15.056415660483331, 55.164338801786641 ], [ 15.056463655397989, 55.164389837259471 ], [ 15.05645122972944, 55.164471094398095 ], [ 15.056408601349315, 55.164568857562458 ], [ 15.056418345929297, 55.164623609790468 ], [ 15.056448712032655, 55.164648188761298 ], [ 15.056506135553846, 55.164663603491249 ], [ 15.056644600301807, 55.164628644395123 ], [ 15.056797144524518, 55.164521547330125 ], [ 15.056926745295545, 55.1642602341349 ], [ 15.056864730638162, 55.163876065468791 ], [ 15.056776179601277, 55.163629770889997 ], [ 15.056888494748902, 55.163428735320842 ], [ 15.056918770791162, 55.163414062256329 ], [ 15.057688315674538, 55.163041074176469 ], [ 15.057700861180825, 55.162988118693868 ], [ 15.057963100707433, 55.162834249413827 ], [ 15.057932058249488, 55.162631673113594 ], [ 15.058349079559816, 55.162537756271441 ], [ 15.058433260124678, 55.162476429018781 ], [ 15.058472652314956, 55.162364987567422 ], [ 15.058696614690879, 55.162196602667663 ], [ 15.058685287042403, 55.162155543216066 ], [ 15.058736030857849, 55.162086978670516 ], [ 15.058780329385062, 55.162012955148306 ], [ 15.058993302063588, 55.161886571108951 ], [ 15.059024673205711, 55.161759637844703 ], [ 15.05914680293837, 55.161622478181656 ], [ 15.059298026387538, 55.161596621396136 ], [ 15.059441215313569, 55.161549799242707 ], [ 15.059655793948096, 55.161426142988844 ], [ 15.059593308117066, 55.161335899892599 ], [ 15.059705973281655, 55.1612252326223 ], [ 15.059669277234955, 55.161209793951905 ], [ 15.059616523882788, 55.161192284072364 ], [ 15.059584810318256, 55.161152025530015 ], [ 15.059689652638721, 55.161048033131664 ], [ 15.059872562540646, 55.160981878646929 ], [ 15.059937834401037, 55.16091899944329 ], [ 15.060034266136039, 55.160892327547792 ], [ 15.060228782202511, 55.160838684978565 ], [ 15.060368827875449, 55.160825377446656 ], [ 15.060420229509026, 55.160816132173458 ], [ 15.06049290832258, 55.160803061166014 ], [ 15.060704291490469, 55.160654117607649 ], [ 15.061079702575519, 55.160552632681252 ], [ 15.061321870469971, 55.160576708267207 ], [ 15.061498714098352, 55.160579102594888 ], [ 15.061701222235648, 55.160628908442654 ], [ 15.062248318810676, 55.160681469729788 ], [ 15.062305269877466, 55.160686469802499 ], [ 15.062360359772629, 55.160728928466995 ], [ 15.062870338501369, 55.160734971060329 ], [ 15.063691468880373, 55.160761404934853 ], [ 15.063869709663907, 55.160751796045254 ], [ 15.064060298916877, 55.160783411103239 ], [ 15.064495013276982, 55.160855537475108 ], [ 15.065080546318187, 55.160817200583239 ], [ 15.06517465510491, 55.16082103733477 ], [ 15.065493670863074, 55.160763789829005 ], [ 15.065698606158918, 55.160664517910064 ], [ 15.065845200444599, 55.160665202037912 ], [ 15.066048853211033, 55.160604385791544 ], [ 15.066397565866014, 55.160500228577298 ], [ 15.066637663339415, 55.160407059271442 ], [ 15.066811366969466, 55.16026694617004 ], [ 15.067235296922361, 55.160131234912349 ], [ 15.067756578749059, 55.159863291101502 ], [ 15.068139326352778, 55.15967037947118 ], [ 15.068434882745617, 55.159566701568274 ], [ 15.06848752477072, 55.159539716298895 ], [ 15.068689998184015, 55.159435933985201 ], [ 15.069069497900323, 55.159169971315286 ], [ 15.069349848020197, 55.159100175880397 ], [ 15.06949616485158, 55.159048521019415 ], [ 15.069675417630064, 55.158985252957066 ], [ 15.06982290773314, 55.158816057020495 ], [ 15.06994186773562, 55.158722874334785 ], [ 15.069918511646803, 55.158675600835998 ], [ 15.070268563440184, 55.158447219948805 ], [ 15.070698521797985, 55.15808852053749 ], [ 15.071126589325406, 55.157858569803999 ], [ 15.071436341749909, 55.157679811734482 ], [ 15.071568132494871, 55.157519834682027 ], [ 15.071691076033757, 55.157462214225674 ], [ 15.071793089768976, 55.157181930316369 ], [ 15.071900419593433, 55.157138145682978 ], [ 15.071981127011139, 55.157044342849446 ], [ 15.072405786022486, 55.156945914659033 ], [ 15.072677481461822, 55.156775673492895 ], [ 15.072644630601648, 55.156730288765814 ], [ 15.072708346285596, 55.156660366734791 ], [ 15.073261323067792, 55.15646043928065 ], [ 15.073873724548237, 55.15635406796391 ], [ 15.074317480275045, 55.156256379539904 ], [ 15.074985118992192, 55.155987979702878 ], [ 15.07540025860229, 55.1557499614891 ], [ 15.075817301815107, 55.155528368600791 ], [ 15.076098643398312, 55.155432944980667 ], [ 15.076338811267135, 55.155418175260337 ], [ 15.076707395211344, 55.155307436986973 ], [ 15.07674215016047, 55.155224096087899 ], [ 15.076742154414957, 55.154639195190327 ], [ 15.07700280227759, 55.154665519528322 ], [ 15.077067872880587, 55.155120092963266 ], [ 15.077119656182086, 55.155156182741713 ], [ 15.077858866669313, 55.15502595119122 ], [ 15.07793794850741, 55.154930370456739 ], [ 15.078354719301393, 55.154768126468426 ], [ 15.079260054474616, 55.154449458639469 ], [ 15.080591568777891, 55.154054984166386 ], [ 15.081001977788157, 55.153996918016027 ], [ 15.081000748049703, 55.153868890113415 ], [ 15.081136509609784, 55.153895272335021 ], [ 15.081255071424531, 55.153862351507982 ], [ 15.081268928370202, 55.15378267549449 ], [ 15.081378056540066, 55.153753468268711 ], [ 15.081481092900747, 55.15366305130069 ], [ 15.081796156093922, 55.153859056378231 ], [ 15.081980704591505, 55.153840208198112 ], [ 15.082011681141786, 55.153776890272155 ], [ 15.082137676583415, 55.153732008288564 ], [ 15.082185153166677, 55.153685925891658 ], [ 15.082307133192986, 55.153768163867745 ], [ 15.082459135569474, 55.153798854547873 ], [ 15.082685681119283, 55.153675608712206 ], [ 15.082834246947465, 55.153765644719634 ], [ 15.083138890416295, 55.153715695248252 ], [ 15.083213543778157, 55.153777135599711 ], [ 15.083208109345556, 55.153818249527227 ], [ 15.083251889970192, 55.153852567649196 ], [ 15.083370215074885, 55.153873490953856 ], [ 15.083469580568266, 55.153829788268304 ], [ 15.083450341968915, 55.153755100983467 ], [ 15.083403431891444, 55.153723559813201 ], [ 15.083479250080163, 55.153695550813637 ], [ 15.083514853024596, 55.153510907076772 ], [ 15.083694443086566, 55.153494816667497 ], [ 15.083691602274566, 55.15343916169914 ], [ 15.083762858522638, 55.153421231288611 ], [ 15.083838800769284, 55.153469902179879 ], [ 15.083990333676853, 55.153479608315649 ], [ 15.084088950215206, 55.153403942672554 ], [ 15.084211664813152, 55.153408420191411 ], [ 15.084386330107737, 55.153262729916449 ], [ 15.084270673105683, 55.153152940367953 ], [ 15.084852460990414, 55.152959068213839 ], [ 15.085077937543225, 55.153020424551791 ], [ 15.08515854734209, 55.152964001095391 ], [ 15.085161817915335, 55.152863353448261 ], [ 15.085364101000582, 55.152873657514533 ], [ 15.085455347089619, 55.15283910269634 ], [ 15.085518973328206, 55.152694066913284 ], [ 15.085650348117568, 55.152797323270676 ], [ 15.085759998128239, 55.152779079588107 ], [ 15.085895016868999, 55.152857608410976 ], [ 15.086055486619468, 55.152864586115875 ], [ 15.086272279838331, 55.152775064328928 ], [ 15.086192735398409, 55.152616502389414 ], [ 15.086423172352404, 55.152544250436421 ], [ 15.086691461904511, 55.152425954788519 ], [ 15.087011669899457, 55.152559732795382 ], [ 15.087288388932718, 55.152450512472633 ], [ 15.087412709921924, 55.152471482414697 ], [ 15.087434861288855, 55.152364269786197 ], [ 15.087383588547603, 55.152295141249965 ], [ 15.087447417059142, 55.152256205507392 ], [ 15.087439665528898, 55.152125451679836 ], [ 15.087537493876999, 55.152094482004991 ], [ 15.087619729255417, 55.152038029317588 ], [ 15.087721063895774, 55.152047284413293 ], [ 15.08787593674796, 55.152003055636449 ], [ 15.088143073734853, 55.152097910606727 ], [ 15.088491500562508, 55.152014616798979 ], [ 15.08854594127005, 55.151844027180083 ], [ 15.08845036314859, 55.151787159489992 ], [ 15.088342923431053, 55.151784351745043 ], [ 15.08822074761772, 55.151672794662936 ], [ 15.088137184384715, 55.151667061114246 ], [ 15.088151703683447, 55.151567226928137 ], [ 15.088100083060297, 55.151525551136224 ], [ 15.088112823784755, 55.15142117808476 ], [ 15.088034636427109, 55.151314006731553 ], [ 15.088150433507488, 55.151236954015111 ], [ 15.088124747612095, 55.151117561759513 ], [ 15.088232573890078, 55.151054198316551 ], [ 15.088282534297047, 55.150966210464972 ], [ 15.088385156101127, 55.15091879262922 ], [ 15.088343712749969, 55.150823861683818 ], [ 15.088197618091991, 55.150702068682982 ], [ 15.088498248399965, 55.150530086590862 ], [ 15.088822736417532, 55.150463487311228 ], [ 15.0890532084101, 55.150449888856471 ], [ 15.089198030938041, 55.150446103572968 ], [ 15.08929430886143, 55.150416956834647 ], [ 15.089406233013429, 55.150432666555304 ], [ 15.089535797681558, 55.150395926077877 ], [ 15.089550621266898, 55.150361868221211 ], [ 15.089687427095098, 55.150411058357989 ], [ 15.089824080666695, 55.150385208055425 ], [ 15.089906304495234, 55.15036255505111 ], [ 15.090030198665751, 55.150420459773464 ], [ 15.09010765063603, 55.150414208002715 ], [ 15.090159330683086, 55.150396832054 ], [ 15.090211520686212, 55.150379295451046 ], [ 15.090334557755883, 55.150373287771814 ], [ 15.090421716765446, 55.150404095515526 ], [ 15.090507380023988, 55.150418230852445 ], [ 15.090535116103808, 55.15036199686925 ], [ 15.090627507159127, 55.150348566775733 ], [ 15.090692632322918, 55.150343238928279 ], [ 15.090754327016542, 55.150338200133071 ], [ 15.090852279260389, 55.150330190478222 ], [ 15.091069108418681, 55.150346238070235 ], [ 15.091160866175652, 55.150322601824378 ], [ 15.091230134848667, 55.150241351586054 ], [ 15.091471774404226, 55.150344482967505 ], [ 15.091747958613366, 55.150295677133407 ], [ 15.092140849413475, 55.150371357969341 ], [ 15.092193140769194, 55.150467976670335 ], [ 15.092455673842521, 55.150477632429414 ], [ 15.092790734373793, 55.150373602714254 ], [ 15.092777704144655, 55.150276185173723 ], [ 15.092728196239699, 55.150229327049459 ], [ 15.092785444093112, 55.150222457382569 ], [ 15.092955659262453, 55.15020203294003 ], [ 15.092968453373963, 55.150197690455251 ], [ 15.093160690992381, 55.150132527656382 ], [ 15.093311505646396, 55.150106665185348 ], [ 15.093432854370562, 55.150104016473399 ], [ 15.093574064647369, 55.14999625819177 ], [ 15.0935820700726, 55.149955680808738 ], [ 15.093634604873236, 55.149970728761701 ], [ 15.093915453724394, 55.150050998885412 ], [ 15.094251504052743, 55.15000907872389 ], [ 15.094385142634049, 55.150000130848085 ], [ 15.094490006610146, 55.149921495330375 ], [ 15.094522247677283, 55.149847269365651 ], [ 15.094824526568861, 55.149931954448 ], [ 15.09504671822436, 55.149855227889873 ], [ 15.095109080944665, 55.149734758287352 ], [ 15.095450565989642, 55.149831016202718 ], [ 15.095709165354876, 55.149747589960576 ], [ 15.095862785102046, 55.149771204405567 ], [ 15.09604454669353, 55.149689716204328 ], [ 15.096185400850459, 55.149786993333677 ], [ 15.096300602162099, 55.149785172515649 ], [ 15.096398183046198, 55.149640487388503 ], [ 15.096511562249784, 55.149709457150387 ], [ 15.097105709287362, 55.149645388707427 ], [ 15.097259390004504, 55.149745712360875 ], [ 15.097408284048791, 55.149846087070635 ], [ 15.097945226469347, 55.149724865816346 ], [ 15.09800198316235, 55.149606449753463 ], [ 15.097877114612221, 55.149505886914383 ], [ 15.097954816025581, 55.149456812510593 ], [ 15.098068742896968, 55.149429419586639 ], [ 15.098091407705878, 55.149367963777422 ], [ 15.09812577915422, 55.149350318877566 ], [ 15.098353103684627, 55.149483913837216 ], [ 15.098507606027566, 55.149534852785884 ], [ 15.098647626952818, 55.149450540295291 ], [ 15.098643981407085, 55.149374666550408 ], [ 15.098683636307614, 55.149334129115701 ], [ 15.098914630230372, 55.149345147379506 ], [ 15.099030927007364, 55.149267419178891 ], [ 15.099190893721225, 55.149299111401554 ], [ 15.099217035246737, 55.149509266646042 ], [ 15.099165797116875, 55.149675199496876 ], [ 15.099247463301298, 55.14970932022355 ], [ 15.099301186969454, 55.149728114753081 ], [ 15.099715611512798, 55.149693831315361 ], [ 15.10008243829791, 55.149570294333834 ], [ 15.100105522584196, 55.149419200077645 ], [ 15.100000072474602, 55.149290138701147 ], [ 15.099902198325513, 55.149218655550577 ], [ 15.099908329444498, 55.149114342291412 ], [ 15.100073610010311, 55.149092030518496 ], [ 15.100120768507546, 55.14904229174882 ], [ 15.100254223595867, 55.149056810943982 ], [ 15.100736748725268, 55.148950672639977 ], [ 15.101113169992708, 55.14879211990727 ], [ 15.101327151495184, 55.148701936602684 ], [ 15.101259084998732, 55.148580875582169 ], [ 15.101338376225533, 55.148569418805899 ], [ 15.101856331471181, 55.148494594628716 ], [ 15.10198875126839, 55.148474138250059 ], [ 15.102096673612737, 55.148472650519736 ], [ 15.102196840473987, 55.148469490451014 ], [ 15.102328459314057, 55.148526832689043 ], [ 15.102460565849459, 55.148516647115081 ], [ 15.102597772347497, 55.148479922377057 ], [ 15.102724784948903, 55.148495392831634 ], [ 15.102834619789579, 55.148584172755086 ], [ 15.103032562954734, 55.148547879993878 ], [ 15.10357603218541, 55.14867991241065 ], [ 15.103544465744422, 55.148393865065586 ], [ 15.103788427642376, 55.148380982780104 ], [ 15.103822957309921, 55.148564568353912 ], [ 15.104399931656049, 55.148362448176087 ], [ 15.10462147354963, 55.147903505599331 ], [ 15.104622484931035, 55.147648604488815 ], [ 15.104801383743403, 55.147651091924182 ], [ 15.104980021497003, 55.147686754096036 ], [ 15.104982567200963, 55.147939819714807 ], [ 15.105289481484313, 55.148133158722253 ], [ 15.106006818819733, 55.147975639377449 ], [ 15.106447123026468, 55.147812083566876 ], [ 15.106640108975169, 55.147763905520087 ], [ 15.106871021418112, 55.147973379795971 ], [ 15.107157169050495, 55.147731458194976 ], [ 15.107492478677603, 55.147545859944735 ], [ 15.107280778340463, 55.14731896127978 ], [ 15.107151749114459, 55.147220183531338 ], [ 15.106968857673698, 55.147036072584235 ], [ 15.106950725837303, 55.146961791534146 ], [ 15.106343434052299, 55.146773926138067 ], [ 15.10614390491496, 55.146705848425739 ], [ 15.106062075081166, 55.146755892400463 ], [ 15.105931226209394, 55.146800396293216 ], [ 15.105915585539723, 55.14695631335676 ], [ 15.105921112489312, 55.147035451151012 ], [ 15.105916081477472, 55.147170737757733 ], [ 15.105915191003637, 55.147191185693991 ], [ 15.105909228901888, 55.147227060433359 ], [ 15.105930724540753, 55.147264219868795 ], [ 15.105914288833251, 55.147390436541002 ], [ 15.105983234268589, 55.14740330347724 ], [ 15.10594238680636, 55.147471284806365 ], [ 15.105878390706957, 55.147508555641288 ], [ 15.10570068785823, 55.147538280178061 ], [ 15.105444101015811, 55.14753081274403 ], [ 15.105301806290393, 55.147496142497396 ], [ 15.105221514660327, 55.147478073973588 ], [ 15.105189699892398, 55.147462619688596 ], [ 15.105092490886953, 55.147425052406213 ], [ 15.105023289509969, 55.14740374304192 ], [ 15.10479355711545, 55.147370226207414 ], [ 15.104794442123557, 55.147352713885695 ], [ 15.104726972932918, 55.147343013531163 ], [ 15.10466925685837, 55.147337865142468 ], [ 15.104591327671647, 55.147340440773142 ], [ 15.104527703610575, 55.14734485444334 ], [ 15.104248316783687, 55.147409680451958 ], [ 15.104138119206093, 55.147395788594075 ], [ 15.104103371042589, 55.147392069667795 ], [ 15.10398261213984, 55.147420676305458 ], [ 15.103902707360394, 55.147418875778371 ], [ 15.103833746881516, 55.147406008429641 ], [ 15.10381902769991, 55.147470622820109 ], [ 15.103781484191988, 55.14752982040693 ], [ 15.103621745202389, 55.147565878235071 ], [ 15.103452953160344, 55.147574352270382 ], [ 15.103436695606661, 55.147577420326868 ], [ 15.103321504421992, 55.147599173522067 ], [ 15.103208375445806, 55.147602679850628 ], [ 15.103067174237184, 55.147622030258837 ], [ 15.102999114981076, 55.147635363883538 ], [ 15.103001278367898, 55.147609566676095 ], [ 15.102896362977289, 55.14761855759275 ], [ 15.102835240087494, 55.14760605215789 ], [ 15.10277288971877, 55.147602774474016 ], [ 15.102724320597758, 55.147584676926513 ], [ 15.102656136886788, 55.147594324960359 ], [ 15.102546585750924, 55.147607024072563 ], [ 15.102482401903373, 55.147597319456388 ], [ 15.102420734658276, 55.147610610687018 ], [ 15.102376565812655, 55.147622878568107 ], [ 15.102294837527493, 55.147613281072864 ], [ 15.101676215655237, 55.147669025385525 ], [ 15.101728383967854, 55.147908099257826 ], [ 15.10172837244115, 55.147908100285974 ], [ 15.10102687671451, 55.14797066914555 ], [ 15.101026864967135, 55.147970670193267 ], [ 15.101068417511264, 55.147888347952126 ], [ 15.101062684186312, 55.147822069282299 ], [ 15.10024986734777, 55.14792997960766 ], [ 15.100377750529331, 55.148057715772495 ], [ 15.100063253413621, 55.148149107535744 ], [ 15.100061180904266, 55.148149709795668 ], [ 15.100060722432925, 55.148149795851886 ], [ 15.099747644994933, 55.148241298470744 ], [ 15.099740288825766, 55.148222930595594 ], [ 15.099694435132434, 55.148115474746064 ], [ 15.099668929378154, 55.148016361081588 ], [ 15.099681406812861, 55.147961395212803 ], [ 15.099663809784017, 55.147923786889343 ], [ 15.099616692299087, 55.147760740727215 ], [ 15.099609808515655, 55.147688883324861 ], [ 15.099577732918519, 55.147558666632904 ], [ 15.099563419216249, 55.147498554456391 ], [ 15.099554347271548, 55.147353469314346 ], [ 15.099540116398986, 55.147261965008859 ], [ 15.099607163460092, 55.147226822450207 ], [ 15.099732881431576, 55.147200402253851 ], [ 15.100256837403602, 55.147090329573743 ], [ 15.100285031129532, 55.147084411381471 ], [ 15.101172505908403, 55.146897971358804 ], [ 15.10122846365114, 55.146873991687436 ], [ 15.101723563507861, 55.146661689842048 ], [ 15.101791812989561, 55.146706468296919 ], [ 15.10189803146916, 55.146666997226049 ], [ 15.101921056821611, 55.146658439025003 ], [ 15.10230186813221, 55.146517012090698 ], [ 15.102396762138689, 55.146481720198871 ], [ 15.102647719289688, 55.146353353942821 ], [ 15.102995567756619, 55.146175557081847 ], [ 15.103075885955983, 55.146142104604451 ], [ 15.103322258545679, 55.146016164215496 ], [ 15.103576633572969, 55.145885517165468 ], [ 15.103603483165926, 55.145854724553779 ], [ 15.103658876224229, 55.145789830732923 ], [ 15.103796196400422, 55.145671522120359 ], [ 15.10390378249601, 55.145602735330293 ], [ 15.103614821560631, 55.145049572500696 ], [ 15.103160079213527, 55.144784532027082 ], [ 15.10292310955165, 55.144943485709298 ], [ 15.102476147668684, 55.145152545879775 ], [ 15.10162510708488, 55.145467580289107 ], [ 15.101015107575245, 55.145572536994848 ], [ 15.100781611112552, 55.145611238247511 ], [ 15.100110025545698, 55.145722548405558 ], [ 15.099359815908226, 55.145805906498943 ], [ 15.099312100021134, 55.145819026734991 ], [ 15.099085825793381, 55.14588943004587 ], [ 15.098142975203938, 55.146477602909059 ], [ 15.097415985487496, 55.146678680273595 ], [ 15.09659497233141, 55.14677669535353 ], [ 15.095746943529853, 55.146803695735748 ], [ 15.095198287914092, 55.146907504137417 ], [ 15.094927145074818, 55.146958804625136 ], [ 15.094631326458163, 55.147036939266968 ], [ 15.094205461871034, 55.147046019587584 ], [ 15.093121482765577, 55.147252062903576 ], [ 15.092161423450095, 55.147425102300936 ], [ 15.091556404122997, 55.147465084630831 ], [ 15.091368454054166, 55.147415103562501 ], [ 15.091166560007483, 55.147425111213728 ], [ 15.090480902668693, 55.147459095910683 ], [ 15.090463166590027, 55.14745997494979 ], [ 15.089556274252605, 55.14744005553748 ], [ 15.088829163918584, 55.147569126257558 ], [ 15.088578229778783, 55.147668036459876 ], [ 15.087803141291673, 55.147800055346941 ], [ 15.087271120209085, 55.147892073163739 ], [ 15.086400442150278, 55.148033384918371 ], [ 15.086551666438359, 55.148154283328665 ], [ 15.08597809658106, 55.148317887833151 ], [ 15.085308632604356, 55.148508948230656 ], [ 15.084762481562219, 55.148791186131781 ], [ 15.084092747725679, 55.149261167290426 ], [ 15.083742706395975, 55.149690478097192 ], [ 15.083463546394537, 55.15011379727467 ], [ 15.082845364439788, 55.150377267838941 ], [ 15.082426788249032, 55.150656706171191 ], [ 15.082229926584429, 55.150718274309789 ], [ 15.081919164982711, 55.150770980058695 ], [ 15.081173406630912, 55.150897458300577 ], [ 15.080955896600569, 55.150919112155385 ], [ 15.080324228605198, 55.150981994503013 ], [ 15.079748939531655, 55.151165858568405 ], [ 15.079965979523124, 55.151385079337473 ], [ 15.08109563154151, 55.15229259896612 ], [ 15.081327494478231, 55.152453414514063 ], [ 15.081396605727882, 55.152473238190197 ], [ 15.081521840633986, 55.152561589563398 ], [ 15.08153580596576, 55.152598886765531 ], [ 15.081573689480432, 55.152625289139429 ], [ 15.08163621149836, 55.152668888787161 ], [ 15.081679023665609, 55.152698735942785 ], [ 15.081389320317927, 55.152767715410249 ], [ 15.081261220569761, 55.152794063957849 ], [ 15.081148291923615, 55.152817311763151 ], [ 15.081091573052582, 55.152971236995278 ], [ 15.081165928043877, 55.153121273798078 ], [ 15.081082249803718, 55.153142705848531 ], [ 15.080880541160852, 55.153194348695358 ], [ 15.080953701696222, 55.153276628054208 ], [ 15.080193492829926, 55.153421580692729 ], [ 15.080096342598516, 55.153467141579995 ], [ 15.079602275452778, 55.153620196533758 ], [ 15.079090938506036, 55.153778597671476 ], [ 15.078815523117997, 55.153863911708996 ], [ 15.078485564934063, 55.153966119913605 ], [ 15.078052107049734, 55.15410038617717 ], [ 15.077843009913886, 55.154165154448769 ], [ 15.077325787184547, 55.154325362855019 ], [ 15.077089831418858, 55.154398448405978 ], [ 15.077089478202959, 55.154398557811454 ], [ 15.07698581337238, 55.154326338157958 ], [ 15.076853497130775, 55.15431366291385 ], [ 15.076520401059943, 55.154336837569758 ], [ 15.076381683936201, 55.1543901112653 ], [ 15.076222078924921, 55.154425926781151 ], [ 15.0759218648311, 55.154412438741609 ], [ 15.075941369132005, 55.154601507737318 ], [ 15.075572526368747, 55.154663518802366 ], [ 15.075361216725705, 55.154477680793839 ], [ 15.075296025776364, 55.154495570097893 ], [ 15.075295985228122, 55.1544955812249 ], [ 15.074616280582839, 55.154684099877933 ], [ 15.074440186280428, 55.154732939402159 ], [ 15.074559853967514, 55.154848659805694 ], [ 15.074341074510944, 55.154917352005995 ], [ 15.074096800038507, 55.154692487397782 ], [ 15.073990312302378, 55.154719466916184 ], [ 15.073832306891703, 55.154756306672923 ], [ 15.073870775448844, 55.15477048189701 ], [ 15.074012191982742, 55.154826121937575 ], [ 15.074072313184672, 55.154928037367192 ], [ 15.074072304565821, 55.154928038178355 ], [ 15.073678914054991, 55.154965060294742 ], [ 15.073716929095278, 55.155045031422318 ], [ 15.073716881809657, 55.155045037586916 ], [ 15.072894784460251, 55.155152210272448 ], [ 15.072792929173641, 55.155074701477126 ], [ 15.07275327088046, 55.155044576548953 ], [ 15.072754177711012, 55.15503856165688 ], [ 15.072487644621535, 55.155070570226925 ], [ 15.072685686536689, 55.155220694423228 ], [ 15.072722294219291, 55.155332798893703 ], [ 15.072653262890107, 55.155336674567657 ], [ 15.072402995673315, 55.155350725160098 ], [ 15.072143754930071, 55.155465951054033 ], [ 15.071371592428058, 55.155829381965809 ], [ 15.071140150220538, 55.155672593133467 ], [ 15.071137741317626, 55.155670961230662 ], [ 15.071091407249165, 55.15543388036857 ], [ 15.071090921566158, 55.155431395221513 ], [ 15.070725353972282, 55.154860464617066 ], [ 15.072065689127349, 55.154392786494519 ], [ 15.072045510166692, 55.154273116718059 ], [ 15.071707708705409, 55.15409195494717 ], [ 15.071799644638935, 55.154019857296895 ], [ 15.071775470814091, 55.153945451449211 ], [ 15.071695580400844, 55.153699471382559 ], [ 15.072667396919361, 55.153494913442941 ], [ 15.072550538824506, 55.153416633017919 ], [ 15.072214764938183, 55.153430971005982 ] ], [ [ 15.031375140595941, 55.173554821136904 ], [ 15.031399569306837, 55.173609205749493 ], [ 15.031170624912169, 55.173661456194296 ], [ 15.031116047868281, 55.173584699530394 ], [ 15.030200336026937, 55.173692411638598 ], [ 15.030147714912298, 55.173333159457805 ], [ 15.030301691755504, 55.1732847938978 ], [ 15.030900156764748, 55.173094905499013 ], [ 15.031362498628898, 55.172948101095201 ], [ 15.031863006874588, 55.173119073345994 ], [ 15.031731261209023, 55.173138173987248 ], [ 15.031812522344504, 55.173263431640038 ], [ 15.031645872098702, 55.173303622800077 ], [ 15.031584049320731, 55.173344831235404 ], [ 15.031496045726351, 55.173533206854565 ], [ 15.031375140595941, 55.173554821136904 ] ], [ [ 15.05922015210581, 55.160289853676083 ], [ 15.059332775706171, 55.160403076600495 ], [ 15.058832661166594, 55.16055142808225 ], [ 15.058936371627279, 55.160633258601862 ], [ 15.058676871548222, 55.160857520348678 ], [ 15.058609945754563, 55.160875021285285 ], [ 15.05851567942605, 55.160817948017716 ], [ 15.058086337288334, 55.16081256667686 ], [ 15.058085454037561, 55.160812555604714 ], [ 15.058019723906495, 55.160830680866695 ], [ 15.058014270648904, 55.16091711886201 ], [ 15.058025219544154, 55.161110847078405 ], [ 15.057443818816884, 55.161133502037984 ], [ 15.057352632679732, 55.160899323367751 ], [ 15.057391209930435, 55.160900361924377 ], [ 15.057398631285785, 55.160870063347588 ], [ 15.057053874275654, 55.160821950209865 ], [ 15.057227706729444, 55.160543412536612 ], [ 15.057412616765296, 55.160536604915364 ], [ 15.057316280836092, 55.160416391563281 ], [ 15.057430886036984, 55.160383269207308 ], [ 15.057633660437352, 55.160432078010771 ], [ 15.058083978401495, 55.160150006056412 ], [ 15.05818408743826, 55.160215521863321 ], [ 15.058550617662107, 55.160379990881061 ], [ 15.058699390174949, 55.160446266493658 ], [ 15.05922015210581, 55.160289853676083 ] ], [ [ 15.011697492000119, 55.181254118013797 ], [ 15.011683026470195, 55.181248558238934 ], [ 15.011484058055061, 55.18143279949301 ], [ 15.011438647578229, 55.181470483786846 ], [ 15.011164771835679, 55.18169755938964 ], [ 15.010741869958444, 55.181545477091461 ], [ 15.01102411187467, 55.181318780929757 ], [ 15.011064663384689, 55.181286217056737 ], [ 15.011851389456194, 55.180651093659897 ], [ 15.012223837902551, 55.180786787969723 ], [ 15.012218841758312, 55.180791104753254 ], [ 15.012160374782292, 55.180821611325477 ], [ 15.011943186010491, 55.181002280206187 ], [ 15.011973207093858, 55.181013741913105 ], [ 15.011697492000119, 55.181254118013797 ] ], [ [ 15.015136449177659, 55.179355291318146 ], [ 15.015613079419092, 55.179012124563315 ], [ 15.016068532107489, 55.179223360782736 ], [ 15.015798038133099, 55.179340266472046 ], [ 15.015722792081645, 55.179390882141199 ], [ 15.015509067842762, 55.179476399374906 ], [ 15.015496132948721, 55.179466289532925 ], [ 15.015451778990304, 55.179480117876452 ], [ 15.015281890586374, 55.179539434148197 ], [ 15.01473439813541, 55.179695826759549 ], [ 15.014466636487395, 55.179753305903795 ], [ 15.014357959749375, 55.179815821394712 ], [ 15.014319899520943, 55.179821225619172 ], [ 15.014122940263277, 55.179849269370457 ], [ 15.014010267468773, 55.179885349926451 ], [ 15.01387681289169, 55.179925817229517 ], [ 15.013748699907062, 55.179969774478302 ], [ 15.013623878389277, 55.180007716407125 ], [ 15.01352775742261, 55.180044012735173 ], [ 15.013357025538301, 55.180111002888658 ], [ 15.013092364225539, 55.180212766745782 ], [ 15.012985184350494, 55.180270633062776 ], [ 15.012855693285948, 55.180327973690368 ], [ 15.012833607946297, 55.180369339232975 ], [ 15.012788003955164, 55.180388963639551 ], [ 15.012734406527651, 55.18040775008636 ], [ 15.012725536263694, 55.180430679764598 ], [ 15.012533163117093, 55.180548555926478 ], [ 15.01246970838513, 55.18060946219191 ], [ 15.012370070378028, 55.180658734541126 ], [ 15.012260326430964, 55.180755667170352 ], [ 15.011371991802591, 55.180440134980515 ], [ 15.011614322416762, 55.180294354290666 ], [ 15.012282529007292, 55.179892447367301 ], [ 15.012448607656962, 55.179979585857915 ], [ 15.012816318685539, 55.179646961285158 ], [ 15.013030185334326, 55.17941095734102 ], [ 15.013724993298929, 55.179508923663121 ], [ 15.013868932538159, 55.179405732327503 ], [ 15.014285905663272, 55.179058969142183 ], [ 15.015136449177659, 55.179355291318146 ] ], [ [ 15.017635755513425, 55.178279525474949 ], [ 15.017556798274914, 55.178329812989574 ], [ 15.017149200781303, 55.178592787412782 ], [ 15.017055840975269, 55.178653961779943 ], [ 15.016994409642324, 55.178685734093641 ], [ 15.016603369702432, 55.178922991824571 ], [ 15.016543492516165, 55.17894548533134 ], [ 15.015688268575595, 55.178557334714796 ], [ 15.016034748353999, 55.178373210166136 ], [ 15.016305084082564, 55.178235324382804 ], [ 15.016928757801487, 55.177956863237867 ], [ 15.017356643035603, 55.178213783970513 ], [ 15.017531464896512, 55.178103395303665 ], [ 15.017769094294181, 55.177952873231057 ], [ 15.018366018783579, 55.177501168536992 ], [ 15.018617472678761, 55.177605102126677 ], [ 15.018657076949607, 55.1776216786674 ], [ 15.018489544110015, 55.177751830956659 ], [ 15.018474920742594, 55.177746369855285 ], [ 15.018451271902721, 55.177763099343565 ], [ 15.018315388438836, 55.177826651161276 ], [ 15.017983943268122, 55.178041226238349 ], [ 15.01795559452643, 55.178063707562643 ], [ 15.017635755513425, 55.178279525474949 ] ], [ [ 15.09279061114338, 55.149275340904254 ], [ 15.09271524429283, 55.149291097090909 ], [ 15.092483817382909, 55.149336642677575 ], [ 15.092452317541662, 55.149342445706573 ], [ 15.092255029908257, 55.149378786967944 ], [ 15.092188399073992, 55.149384641428348 ], [ 15.091595452043823, 55.149498516381477 ], [ 15.091300898545386, 55.149560614750115 ], [ 15.091003327852349, 55.149617587377357 ], [ 15.091006653711501, 55.149623606297503 ], [ 15.090871478894046, 55.149661368128527 ], [ 15.090698166213068, 55.149693091907189 ], [ 15.090680129204978, 55.149661501176261 ], [ 15.090558223337101, 55.149683632644255 ], [ 15.090143458894328, 55.149766423862047 ], [ 15.090046816814422, 55.14977929244025 ], [ 15.089973919287647, 55.149742312957358 ], [ 15.08977332893299, 55.149648582537381 ], [ 15.089448504525313, 55.149510532698791 ], [ 15.089466852750599, 55.149361515791007 ], [ 15.089508317481076, 55.149024021676944 ], [ 15.090548041142123, 55.149066408947625 ], [ 15.091069387631418, 55.149051139801877 ], [ 15.091199890754895, 55.14911403314408 ], [ 15.091599512414854, 55.149069526103531 ], [ 15.091951747484638, 55.148966113682455 ], [ 15.092404064582229, 55.148861560411547 ], [ 15.09274698295547, 55.148782266360719 ], [ 15.093272981512122, 55.148646245080045 ], [ 15.093767847171057, 55.149041550326324 ], [ 15.093789484521889, 55.149058841773524 ], [ 15.093085013753941, 55.149213516483492 ], [ 15.09279061114338, 55.149275340904254 ] ], [ [ 15.08342582220034, 55.152080502733646 ], [ 15.083602884274965, 55.151967600178416 ], [ 15.083863514757157, 55.151801409149684 ], [ 15.08386471832204, 55.151796396683068 ], [ 15.083901588670166, 55.151642842836367 ], [ 15.084430637719166, 55.1513848939952 ], [ 15.084691153417063, 55.151257872137357 ], [ 15.084812450994338, 55.151193422818977 ], [ 15.085159760782359, 55.151034183424009 ], [ 15.085086197983552, 55.150940140511878 ], [ 15.085078751356395, 55.150894998773701 ], [ 15.085568866106801, 55.15076468192018 ], [ 15.086018242314834, 55.151049783762652 ], [ 15.086024226928705, 55.151053553650755 ], [ 15.085393140115624, 55.151333809981004 ], [ 15.085169946103285, 55.151432339824879 ], [ 15.08490493793407, 55.151549252226786 ], [ 15.084766151210417, 55.151618818650221 ], [ 15.084703393515342, 55.151650262051831 ], [ 15.084724644363636, 55.151665863673315 ], [ 15.08406865701706, 55.151956562086561 ], [ 15.083777198186477, 55.152085736588965 ], [ 15.083632249511888, 55.152150189910799 ], [ 15.083530967129663, 55.152158873592022 ], [ 15.08342582220034, 55.152080502733646 ] ], [ [ 15.087812202644207, 55.150313365693293 ], [ 15.087631152918091, 55.150385540284717 ], [ 15.087386133681509, 55.150460632724226 ], [ 15.087159459300514, 55.150568425902577 ], [ 15.08715007785945, 55.150557872395609 ], [ 15.086670126677483, 55.150017949913696 ], [ 15.087421555210643, 55.149768876693074 ], [ 15.087578020257125, 55.149869270548272 ], [ 15.08820966509461, 55.149654009319981 ], [ 15.088315801517226, 55.149821960631527 ], [ 15.088583207801971, 55.149708323472993 ], [ 15.089241120059585, 55.149931213460746 ], [ 15.089053743741159, 55.149975345059907 ], [ 15.088740784326424, 55.150028572504844 ], [ 15.088619554942781, 55.150063885837518 ], [ 15.088544483041336, 55.150083442230503 ], [ 15.088485878608004, 55.150099336806662 ], [ 15.088419638634202, 55.150117324874081 ], [ 15.0882557835622, 55.150153036895048 ], [ 15.088052039072755, 55.150217129780621 ], [ 15.087812202644207, 55.150313365693293 ] ], [ [ 15.025147791868115, 55.174950159422359 ], [ 15.024445786563113, 55.175044609007479 ], [ 15.024413639702807, 55.174991635107887 ], [ 15.024402839666836, 55.174973836540737 ], [ 15.024311602544691, 55.174823489913798 ], [ 15.023255815710119, 55.175064107347623 ], [ 15.023157421698496, 55.174991284295267 ], [ 15.023215079806031, 55.174954293495475 ], [ 15.02329033446383, 55.174906031219045 ], [ 15.023238148888876, 55.174851742738511 ], [ 15.02318667764831, 55.174827938881187 ], [ 15.023119758410559, 55.174796990725639 ], [ 15.023189151079581, 55.174758850993562 ], [ 15.023354159838743, 55.174715935110768 ], [ 15.023449483799707, 55.174688439406857 ], [ 15.023618388428517, 55.174648193143746 ], [ 15.02377865710287, 55.17461003144809 ], [ 15.024055483406162, 55.174736528160103 ], [ 15.024114559258926, 55.174728034934034 ], [ 15.024260542473366, 55.174739335214696 ], [ 15.025130289719101, 55.174640854173596 ], [ 15.025147791868115, 55.174950159422359 ] ] ], [ [ [ 15.031255920015152, 55.174210926168527 ], [ 15.031284331187591, 55.174209164680512 ], [ 15.031336460675245, 55.174165124297893 ], [ 15.031270723515062, 55.174130788469391 ], [ 15.031238877196323, 55.174134899351465 ], [ 15.030925294050311, 55.174175513366919 ], [ 15.030887659650192, 55.174215862871826 ], [ 15.030897598494306, 55.174221446968907 ], [ 15.03105165821699, 55.174223856764655 ], [ 15.031255920015152, 55.174210926168527 ] ] ] ] }, { "type": "MultiLineString", "coordinates": [ [ [ 15.118441726820684, 55.015391009863954 ], [ 15.118773175360827, 55.01539227891395 ] ], [ [ 15.108316434365328, 55.039413533204367 ], [ 15.108667099260956, 55.039308767146245 ] ] ] } ] } }
]
}
