{
"type": "FeatureCollection",
"name": "built_low_selection",
"crs": { "type": "name", "properties": { "name": "urn:ogc:def:crs:OGC:1.3:CRS84" } },
"features": [
{ "type": "Feature", "properties": { "layer_id": "built_low_selection", "label": "Built - Low (Selection)", "tooltip_title": "Source layer: Built - Low (Selection)", "tooltip_body": "Selection-based low built area proxy.<br>Clipped to Bornholm DAGI Landsdel landmass." }, "geometry": { "type": "Polygon", "coordinates": [ [ [ 15.029576650161564, 55.150297677615498, 92.4 ], [ 15.029277168218545, 55.151266925301599, 90.28 ], [ 15.030141686463578, 55.151386073249661, 91.48 ], [ 15.030270597406437, 55.150379643223829, 91.24 ], [ 15.029576650161564, 55.150297677615498, 92.4 ] ] ] } },
{ "type": "Feature", "properties": { "layer_id": "built_low_selection", "label": "Built - Low (Selection)", "tooltip_title": "Source layer: Built - Low (Selection)", "tooltip_body": "Selection-based low built area proxy.<br>Clipped to Bornholm DAGI Landsdel landmass." }, "geometry": { "type": "Polygon", "coordinates": [ [ [ 15.027387600208163, 55.173679697443006, 16.17 ], [ 15.027145804282192, 55.174203186165911, 7.39 ], [ 15.028025402159377, 55.174148564870706, 8.16 ], [ 15.027924859964214, 55.173770360250771, 13.83 ], [ 15.027387600208163, 55.173679697443006, 16.17 ] ] ] } },
{ "type": "Feature", "properties": { "layer_id": "built_low_selection", "label": "Built - Low (Selection)", "tooltip_title": "Source layer: Built - Low (Selection)", "tooltip_body": "Selection-based low built area proxy.<br>Clipped to Bornholm DAGI Landsdel landmass." }, "geometry": { "type": "Polygon", "coordinates": [ [ [ 14.994782354849425, 55.19050132138667, 11.97 ], [ 14.992918794570373, 55.191407318350798, 10.96 ], [ 14.993103555695333, 55.191559818221215, 9.37 ], [ 14.994524025474288, 55.1912202904998, 7.63 ], [ 14.995132596216882, 55.190720113538092, 8.54 ], [ 14.994782354849425, 55.19050132138667, 11.97 ] ] ] } },
{ "type": "Feature", "properties": { "layer_id": "built_low_selection", "label": "Built - Low (Selection)", "tooltip_title": "Source layer: Built - Low (Selection)", "tooltip_body": "Selection-based low built area proxy.<br>Clipped to Bornholm DAGI Landsdel landmass." }, "geometry": { "type": "Polygon", "coordinates": [ [ [ 15.010402671112457, 55.182412386776711, 10.68 ], [ 15.01090558058014, 55.181993967980375, 10.6 ], [ 15.010458382641344, 55.181768762674245, 13.76 ], [ 15.009915751032789, 55.182036715119082, 15.0 ], [ 15.010402671112457, 55.182412386776711, 10.68 ] ] ] } },
{ "type": "Feature", "properties": { "layer_id": "built_low_selection", "label": "Built - Low (Selection)", "tooltip_title": "Source layer: Built - Low (Selection)", "tooltip_body": "Selection-based low built area proxy.<br>Clipped to Bornholm DAGI Landsdel landmass." }, "geometry": { "type": "Polygon", "coordinates": [ [ [ 15.019429081971877, 55.176027924595374, 11.76 ], [ 15.02006650360695, 55.176389619127981, 5.83 ], [ 15.020548838242958, 55.175626258810354, 11.08 ], [ 15.018645793646026, 55.175783475829007, 16.07 ], [ 15.018701034361735, 55.176161228984775, 10.73 ], [ 15.019429081971877, 55.176027924595374, 11.76 ] ] ] } },
{ "type": "Feature", "properties": { "layer_id": "built_low_selection", "label": "Built - Low (Selection)", "tooltip_title": "Source layer: Built - Low (Selection)", "tooltip_body": "Selection-based low built area proxy.<br>Clipped to Bornholm DAGI Landsdel landmass." }, "geometry": { "type": "Polygon", "coordinates": [ [ [ 15.018341242941382, 55.176872773199207, 11.54 ], [ 15.019066043062045, 55.176852086428411, 8.99 ], [ 15.019131104670086, 55.17636483307016, 9.2 ], [ 15.018017205978236, 55.176576580296924, 13.79 ], [ 15.018341242941382, 55.176872773199207, 11.54 ] ] ] } },
{ "type": "Feature", "properties": { "layer_id": "built_low_selection", "label": "Built - Low (Selection)", "tooltip_title": "Source layer: Built - Low (Selection)", "tooltip_body": "Selection-based low built area proxy.<br>Clipped to Bornholm DAGI Landsdel landmass." }, "geometry": { "type": "Polygon", "coordinates": [ [ [ 15.021242621748653, 55.1758311937173, 8.72 ], [ 15.021300392667175, 55.176304528707064, 2.82 ], [ 15.022339999020415, 55.176107237248374, 4.09 ], [ 15.021743916994676, 55.175532282045829, 10.39 ], [ 15.021242621748653, 55.1758311937173, 8.72 ] ] ] } },
{ "type": "Feature", "properties": { "layer_id": "built_low_selection", "label": "Built - Low (Selection)", "tooltip_title": "Source layer: Built - Low (Selection)", "tooltip_body": "Selection-based low built area proxy.<br>Clipped to Bornholm DAGI Landsdel landmass." }, "geometry": { "type": "Polygon", "coordinates": [ [ [ 15.021112764386185, 55.175218274575322, 14.44 ], [ 15.021627388701955, 55.175509696021997, 9.9 ], [ 15.022896988040513, 55.174765738764528, 15.25 ], [ 15.022150422968645, 55.174216072457071, 23.81 ], [ 15.021314071986632, 55.174638733698544, 22.93 ], [ 15.021112764386185, 55.175218274575322, 14.44 ] ] ] } },
{ "type": "Feature", "properties": { "layer_id": "built_low_selection", "label": "Built - Low (Selection)", "tooltip_title": "Source layer: Built - Low (Selection)", "tooltip_body": "Selection-based low built area proxy.<br>Clipped to Bornholm DAGI Landsdel landmass." }, "geometry": { "type": "Polygon", "coordinates": [ [ [ 14.996275168031371, 55.189733782516186, 12.37 ], [ 14.997544228642933, 55.189990691060771, 8.64 ], [ 14.998507078614729, 55.189252157142057, 10.51 ], [ 14.99790849999227, 55.18890391759944, 12.4 ], [ 14.996275168031371, 55.189733782516186, 12.37 ] ] ] } },
{ "type": "Feature", "properties": { "layer_id": "built_low_selection", "label": "Built - Low (Selection)", "tooltip_title": "Source layer: Built - Low (Selection)", "tooltip_body": "Selection-based low built area proxy.<br>Clipped to Bornholm DAGI Landsdel landmass." }, "geometry": { "type": "Polygon", "coordinates": [ [ [ 15.032432490300511, 55.150154253284484, 85.49 ], [ 15.030644085396897, 55.150170493515766, 91.59 ], [ 15.030741583125725, 55.150722075369913, 90.34 ], [ 15.033146226469144, 55.150598335588136, 85.23 ], [ 15.033180051688715, 55.151260762349168, 85.82 ], [ 15.034015451984843, 55.151157499164285, 86.72 ], [ 15.033477006233809, 55.149560264028608, 85.26 ], [ 15.033112348719564, 55.14960232741246, 84.01 ], [ 15.033331572758536, 55.150486127618827, 84.01 ], [ 15.032432490300511, 55.150154253284484, 85.49 ] ] ] } },
{ "type": "Feature", "properties": { "layer_id": "built_low_selection", "label": "Built - Low (Selection)", "tooltip_title": "Source layer: Built - Low (Selection)", "tooltip_body": "Selection-based low built area proxy.<br>Clipped to Bornholm DAGI Landsdel landmass." }, "geometry": { "type": "Polygon", "coordinates": [ [ [ 15.031918554054043, 55.149336138885069, 88.5 ], [ 15.030437243740671, 55.1492403369462, 91.44 ], [ 15.030492837147859, 55.149697930939006, 92.1 ], [ 15.031416526366055, 55.149669173049361, 90.36 ], [ 15.031918554054043, 55.149336138885069, 88.5 ] ] ] } },
{ "type": "Feature", "properties": { "layer_id": "built_low_selection", "label": "Built - Low (Selection)", "tooltip_title": "Source layer: Built - Low (Selection)", "tooltip_body": "Selection-based low built area proxy.<br>Clipped to Bornholm DAGI Landsdel landmass." }, "geometry": { "type": "Polygon", "coordinates": [ [ [ 14.945613991011101, 55.159324109902194, 104.71 ], [ 14.94477863866201, 55.160140066682501, 104.32 ], [ 14.945426166236386, 55.16033057657291, 103.63 ], [ 14.94585025887203, 55.159858675625955, 103.61 ], [ 14.946790880609749, 55.160125944977658, 103.02 ], [ 14.947028623128773, 55.159876264915319, 102.76 ], [ 14.945613991011101, 55.159324109902194, 104.71 ] ] ] } },
{ "type": "Feature", "properties": { "layer_id": "built_low_selection", "label": "Built - Low (Selection)", "tooltip_title": "Source layer: Built - Low (Selection)", "tooltip_body": "Selection-based low built area proxy.<br>Clipped to Bornholm DAGI Landsdel landmass." }, "geometry": { "type": "Polygon", "coordinates": [ [ [ 14.968586123920916, 55.165694930827861, 94.39 ], [ 14.970152404783899, 55.164526510373761, 95.46 ], [ 14.970767532767004, 55.164504834447932, 95.96 ], [ 14.970666094290538, 55.163729777383374, 96.11 ], [ 14.96917841726232, 55.163304189900025, 95.78 ], [ 14.969423993267625, 55.162833768340064, 95.08 ], [ 14.96866569160796, 55.162428875800757, 94.1 ], [ 14.969555301450781, 55.161314770267111, 96.34 ], [ 14.968396944264816, 55.16107754712727, 95.81 ], [ 14.968234280934071, 55.161964795034656, 94.59 ], [ 14.966467985409366, 55.162087745785776, 91.97 ], [ 14.966303248264339, 55.162319116254359, 91.77 ], [ 14.96817013703785, 55.162796964751834, 94.32 ], [ 14.968106472944168, 55.163626049703275, 94.29 ], [ 14.965168959731136, 55.163698649659253, 90.82 ], [ 14.964811304130658, 55.164082640975515, 91.62 ], [ 14.963551610210054, 55.164130975600337, 89.62 ], [ 14.963372173020106, 55.164465969749436, 89.22 ], [ 14.961913772651597, 55.163850060011725, 94.26 ], [ 14.96151510821516, 55.164492914565741, 93.65 ], [ 14.957784150269852, 55.163390634731151, 97.17 ], [ 14.957985083350399, 55.162890017574952, 95.37 ], [ 14.957171482075946, 55.16266549065724, 95.97 ], [ 14.956773652927419, 55.163082037136931, 97.69 ], [ 14.955734470938612, 55.162784471075561, 98.07 ], [ 14.956197507912906, 55.162445309773005, 96.37 ], [ 14.954787674253314, 55.162028788860582, 98.16 ], [ 14.954455428893155, 55.162395026155956, 99.67 ], [ 14.954967654143351, 55.162590857944764, 98.79 ], [ 14.953887038524773, 55.1632854751943, 100.29 ], [ 14.955109651092277, 55.164034578237583, 100.22 ], [ 14.956531549361085, 55.163459976387927, 98.48 ], [ 14.959783916305879, 55.16452446014749, 94.73 ], [ 14.959656801831768, 55.165090514180775, 95.16 ], [ 14.960263324718316, 55.165362188113271, 94.87 ], [ 14.959919344962495, 55.166209877335099, 96.79 ], [ 14.960647523712421, 55.1663012801043, 95.13 ], [ 14.960344895579643, 55.167071134915389, 95.66 ], [ 14.961053323581108, 55.16729207031581, 94.4 ], [ 14.961297837085711, 55.166563778633297, 91.1 ], [ 14.961938956561196, 55.166857245912276, 87.56 ], [ 14.962503129458277, 55.165661213686661, 88.53 ], [ 14.963393652583584, 55.165506137341353, 89.33 ], [ 14.966839590891048, 55.165781889363757, 93.22 ], [ 14.967218403028989, 55.166001870415627, 93.75 ], [ 14.966737323725823, 55.166286411331178, 93.08 ], [ 14.967742876908982, 55.166993205961859, 93.81 ], [ 14.96833880404486, 55.166652241093018, 94.51 ], [ 14.969248686335547, 55.167176996412614, 93.77 ], [ 14.968582641139333, 55.167629359260729, 94.52 ], [ 14.968947431789681, 55.167817522681759, 94.82 ], [ 14.969692635405172, 55.167436805707041, 93.6 ], [ 14.969999774344439, 55.167614924055641, 93.19 ], [ 14.970351455599305, 55.166562988840568, 93.92 ], [ 14.968586123920916, 55.165694930827861, 94.39 ] ], [ [ 14.965262626650929, 55.164751119452632, 93.59 ], [ 14.967662551257709, 55.164643074138141, 94.29 ], [ 14.967742557572326, 55.165145396480632, 93.84 ], [ 14.965989654896328, 55.16536392330206, 93.23 ], [ 14.965358207685155, 55.165124561977379, 93.93 ], [ 14.965262626650929, 55.164751119452632, 93.59 ] ] ] } },
{ "type": "Feature", "properties": { "layer_id": "built_low_selection", "label": "Built - Low (Selection)", "tooltip_title": "Source layer: Built - Low (Selection)", "tooltip_body": "Selection-based low built area proxy.<br>Clipped to Bornholm DAGI Landsdel landmass." }, "geometry": { "type": "Polygon", "coordinates": [ [ [ 15.026631499114394, 55.174718132722731, 3.2 ], [ 15.026178394913767, 55.174243068753391, 10.92 ], [ 15.024659629905983, 55.174717515778539, 11.16 ], [ 15.023857593209573, 55.174559203970112, 14.35 ], [ 15.02314496243271, 55.174800354782299, 13.22 ], [ 15.02365923545924, 55.175186052593084, 10.05 ], [ 15.024476764299092, 55.175133814652206, 8.13 ], [ 15.024691813396146, 55.175495449268944, 2.74 ], [ 15.026631499114394, 55.174718132722731, 3.2 ] ] ] } },
{ "type": "Feature", "properties": { "layer_id": "built_low_selection", "label": "Built - Low (Selection)", "tooltip_title": "Source layer: Built - Low (Selection)", "tooltip_body": "Selection-based low built area proxy.<br>Clipped to Bornholm DAGI Landsdel landmass." }, "geometry": { "type": "Polygon", "coordinates": [ [ [ 15.018394950491803, 55.177950897463823, 4.94 ], [ 15.018876766024235, 55.177958723944656, 2.32 ], [ 15.018357110721345, 55.177465590374176, 8.05 ], [ 15.01796256110844, 55.178046232562522, 5.89 ], [ 15.017312944875043, 55.178239658081516, 8.06 ], [ 15.016939228880233, 55.177959337672107, 9.53 ], [ 15.015590716353678, 55.178604133563269, 9.67 ], [ 15.015934409185951, 55.178846148944039, 8.3 ], [ 15.015143973503859, 55.17934878225622, 8.77 ], [ 15.014373374301506, 55.179085489576359, 10.04 ], [ 15.014318343557427, 55.179772750522169, 5.25 ], [ 15.013957617948432, 55.179446130295595, 6.05 ], [ 15.013064165871151, 55.17940679466561, 11.96 ], [ 15.011384473858186, 55.180447066291748, 17.92 ], [ 15.011864070345256, 55.180599357284976, 13.87 ], [ 15.010729179436078, 55.18155116869994, 12.78 ], [ 15.011216462023729, 55.181724060485671, 10.34 ], [ 15.012851686263993, 55.18038914756702, 7.19 ], [ 15.015653931512583, 55.179466692410209, 4.86 ], [ 15.018394950491803, 55.177950897463823, 4.94 ] ] ] } },
{ "type": "Feature", "properties": { "layer_id": "built_low_selection", "label": "Built - Low (Selection)", "tooltip_title": "Source layer: Built - Low (Selection)", "tooltip_body": "Selection-based low built area proxy.<br>Clipped to Bornholm DAGI Landsdel landmass." }, "geometry": { "type": "Polygon", "coordinates": [ [ [ 15.096814258291385, 55.148457404015566, 13.92 ], [ 15.097272958039182, 55.14901576385391, 6.39 ], [ 15.097560873691794, 55.149059204557233, 4.42 ], [ 15.097243042914258, 55.148334492860542, 13.73 ], [ 15.096814258291385, 55.148457404015566, 13.92 ] ] ] } },
{ "type": "Feature", "properties": { "layer_id": "built_low_selection", "label": "Built - Low (Selection)", "tooltip_title": "Source layer: Built - Low (Selection)", "tooltip_body": "Selection-based low built area proxy.<br>Clipped to Bornholm DAGI Landsdel landmass." }, "geometry": { "type": "Polygon", "coordinates": [ [ [ 15.070983932957395, 55.156281368792328, 14.49 ], [ 15.070717138971979, 55.156524121114217, 14.72 ], [ 15.071167105572073, 55.156463815145003, 13.74 ], [ 15.070983932957395, 55.156281368792328, 14.49 ] ] ] } },
{ "type": "Feature", "properties": { "layer_id": "built_low_selection", "label": "Built - Low (Selection)", "tooltip_title": "Source layer: Built - Low (Selection)", "tooltip_body": "Selection-based low built area proxy.<br>Clipped to Bornholm DAGI Landsdel landmass." }, "geometry": { "type": "Polygon", "coordinates": [ [ [ 15.054234518594985, 55.16093269958612, 38.43 ], [ 15.05345395112786, 55.161307709836166, 41.8 ], [ 15.053435029111885, 55.161804938853585, 36.18 ], [ 15.054116848889054, 55.162026756491805, 29.64 ], [ 15.05481223579678, 55.161840294631858, 27.85 ], [ 15.054234518594985, 55.16093269958612, 38.43 ] ] ] } },
{ "type": "Feature", "properties": { "layer_id": "built_low_selection", "label": "Built - Low (Selection)", "tooltip_title": "Source layer: Built - Low (Selection)", "tooltip_body": "Selection-based low built area proxy.<br>Clipped to Bornholm DAGI Landsdel landmass." }, "geometry": { "type": "Polygon", "coordinates": [ [ [ 15.075799044018868, 55.152214771373387, 27.05 ], [ 15.073743135948375, 55.15205000433334, 34.28 ], [ 15.074313921380627, 55.152832797358805, 30.72 ], [ 15.074684262613337, 55.152700196542504, 30.06 ], [ 15.075174792980221, 55.153062828027259, 26.65 ], [ 15.074198021124154, 55.153429606960287, 24.27 ], [ 15.072922611909352, 55.15372298179107, 25.24 ], [ 15.07264974774067, 55.153492620177211, 27.47 ], [ 15.072473339768717, 55.153831971261241, 23.12 ], [ 15.071651789772549, 55.153923823988713, 14.34 ], [ 15.071237760353156, 55.153495588508612, 16.79 ], [ 15.071615136329941, 55.154865387457868, 17.01 ], [ 15.070873291879044, 55.15447865757514, 26.19 ], [ 15.070708883108304, 55.154821547612578, 26.83 ], [ 15.071690432383862, 55.155247888491445, 12.15 ], [ 15.070797570167883, 55.156105834531999, 16.2 ], [ 15.071750227048621, 55.156304291879579, 5.56 ], [ 15.072406529949223, 55.155680110036684, 5.11 ], [ 15.074196606616733, 55.155395670388607, 4.07 ], [ 15.074092309885366, 55.155006697160523, 7.85 ], [ 15.07542083392404, 55.154581988824738, 7.98 ], [ 15.078707964817919, 55.15435764726093, 4.27 ], [ 15.07911293525871, 55.153772024907447, 7.84 ], [ 15.081187954302706, 55.153201298631046, 5.37 ], [ 15.080983200734163, 55.15293125873675, 9.2 ], [ 15.081698344149849, 55.152761653702925, 8.81 ], [ 15.081093687545877, 55.152279066903397, 11.61 ], [ 15.077913258428806, 55.15296138826362, 13.28 ], [ 15.077515822850865, 55.152291938840932, 20.19 ], [ 15.076255625954339, 55.152690834854219, 22.74 ], [ 15.075799044018868, 55.152214771373387, 27.05 ] ] ] } },
{ "type": "Feature", "properties": { "layer_id": "built_low_selection", "label": "Built - Low (Selection)", "tooltip_title": "Source layer: Built - Low (Selection)", "tooltip_body": "Selection-based low built area proxy.<br>Clipped to Bornholm DAGI Landsdel landmass." }, "geometry": { "type": "Polygon", "coordinates": [ [ [ 15.101885099729241, 55.079783117982423, 61.01 ], [ 15.099794815788329, 55.07962439858602, 59.91 ], [ 15.100133473576243, 55.081027754290005, 61.35 ], [ 15.10091220922747, 55.08107567147934, 65.54 ], [ 15.10100077597383, 55.080407173157894, 63.52 ], [ 15.102180106855407, 55.080856146852959, 72.04 ], [ 15.101885099729241, 55.079783117982423, 61.01 ] ] ] } },
{ "type": "Feature", "properties": { "layer_id": "built_low_selection", "label": "Built - Low (Selection)", "tooltip_title": "Source layer: Built - Low (Selection)", "tooltip_body": "Selection-based low built area proxy.<br>Clipped to Bornholm DAGI Landsdel landmass." }, "geometry": { "type": "Polygon", "coordinates": [ [ [ 15.143049638530595, 55.102703403783757, 20.72 ], [ 15.142374440011366, 55.102477444036275, 21.24 ], [ 15.141875462957735, 55.102655587989297, 23.47 ], [ 15.143049638530595, 55.102703403783757, 20.72 ] ] ] } },
{ "type": "Feature", "properties": { "layer_id": "built_low_selection", "label": "Built - Low (Selection)", "tooltip_title": "Source layer: Built - Low (Selection)", "tooltip_body": "Selection-based low built area proxy.<br>Clipped to Bornholm DAGI Landsdel landmass." }, "geometry": { "type": "Polygon", "coordinates": [ [ [ 15.142845577148623, 55.102123593303659, 20.49 ], [ 15.142126728395455, 55.101931266579086, 23.27 ], [ 15.142135023046833, 55.102114713587852, 22.34 ], [ 15.142845577148623, 55.102123593303659, 20.49 ] ] ] } },
{ "type": "Feature", "properties": { "layer_id": "built_low_selection", "label": "Built - Low (Selection)", "tooltip_title": "Source layer: Built - Low (Selection)", "tooltip_body": "Selection-based low built area proxy.<br>Clipped to Bornholm DAGI Landsdel landmass." }, "geometry": { "type": "Polygon", "coordinates": [ [ [ 15.110036638975489, 55.097564175778103, 83.26 ], [ 15.110269105764997, 55.098961517774534, 80.95 ], [ 15.110916565507731, 55.098938283903223, 80.06 ], [ 15.111384331564423, 55.097787781683095, 83.17 ], [ 15.110036638975489, 55.097564175778103, 83.26 ] ] ] } },
{ "type": "Feature", "properties": { "layer_id": "built_low_selection", "label": "Built - Low (Selection)", "tooltip_title": "Source layer: Built - Low (Selection)", "tooltip_body": "Selection-based low built area proxy.<br>Clipped to Bornholm DAGI Landsdel landmass." }, "geometry": { "type": "Polygon", "coordinates": [ [ [ 15.14482750644072, 55.07555919576977, 12.69 ], [ 15.142301319934388, 55.07452124390943, 9.66 ], [ 15.141449505139216, 55.075307125430079, 14.35 ], [ 15.144076644659947, 55.076234993940652, 17.31 ], [ 15.14482750644072, 55.07555919576977, 12.69 ] ] ] } },
{ "type": "Feature", "properties": { "layer_id": "built_low_selection", "label": "Built - Low (Selection)", "tooltip_title": "Source layer: Built - Low (Selection)", "tooltip_body": "Selection-based low built area proxy.<br>Clipped to Bornholm DAGI Landsdel landmass." }, "geometry": { "type": "Polygon", "coordinates": [ [ [ 15.09879064343634, 55.078766011971076, 58.68 ], [ 15.095210876138387, 55.07829039881576, 57.19 ], [ 15.095227885653541, 55.078953046853876, 59.15 ], [ 15.095647213628393, 55.078957013011696, 58.99 ], [ 15.095217742732816, 55.079091227052174, 60.6 ], [ 15.095594546169854, 55.079426334670664, 63.17 ], [ 15.097330351684919, 55.079513709644573, 56.12 ], [ 15.097406791507778, 55.079843736158836, 55.44 ], [ 15.099381434647272, 55.079656343745135, 58.96 ], [ 15.09879064343634, 55.078766011971076, 58.68 ] ] ] } },
{ "type": "Feature", "properties": { "layer_id": "built_low_selection", "label": "Built - Low (Selection)", "tooltip_title": "Source layer: Built - Low (Selection)", "tooltip_body": "Selection-based low built area proxy.<br>Clipped to Bornholm DAGI Landsdel landmass." }, "geometry": { "type": "Polygon", "coordinates": [ [ [ 15.100015683582974, 55.078710194298672, 60.0 ], [ 15.100989097512992, 55.078685924847811, 55.75 ], [ 15.100783171258204, 55.077825862040875, 51.32 ], [ 15.100611346456351, 55.078434257743503, 55.3 ], [ 15.099965790399056, 55.078490393886973, 58.9 ], [ 15.100015683582974, 55.078710194298672, 60.0 ] ] ] } },
{ "type": "Feature", "properties": { "layer_id": "built_low_selection", "label": "Built - Low (Selection)", "tooltip_title": "Source layer: Built - Low (Selection)", "tooltip_body": "Selection-based low built area proxy.<br>Clipped to Bornholm DAGI Landsdel landmass." }, "geometry": { "type": "Polygon", "coordinates": [ [ [ 14.774364335316827, 55.285101830142708, 34.27 ], [ 14.775496864859738, 55.285177906094262, 35.6 ], [ 14.77585106546347, 55.284885182213223, 38.48 ], [ 14.774717633280268, 55.284616596670375, 40.67 ], [ 14.774364335316827, 55.285101830142708, 34.27 ] ] ] } },
{ "type": "Feature", "properties": { "layer_id": "built_low_selection", "label": "Built - Low (Selection)", "tooltip_title": "Source layer: Built - Low (Selection)", "tooltip_body": "Selection-based low built area proxy.<br>Clipped to Bornholm DAGI Landsdel landmass." }, "geometry": { "type": "Polygon", "coordinates": [ [ [ 14.759412271364685, 55.279816149752961, 15.09 ], [ 14.758996069147132, 55.279611873297554, 18.19 ], [ 14.758562951688026, 55.279869931253529, 18.14 ], [ 14.758885649821304, 55.280056938649764, 14.12 ], [ 14.759412271364685, 55.279816149752961, 15.09 ] ] ] } },
{ "type": "Feature", "properties": { "layer_id": "built_low_selection", "label": "Built - Low (Selection)", "tooltip_title": "Source layer: Built - Low (Selection)", "tooltip_body": "Selection-based low built area proxy.<br>Clipped to Bornholm DAGI Landsdel landmass." }, "geometry": { "type": "Polygon", "coordinates": [ [ [ 14.760555159934468, 55.279372091182985, 17.04 ], [ 14.760934403887948, 55.27884426318532, 22.06 ], [ 14.760133374057949, 55.278700515661711, 21.57 ], [ 14.760480153736248, 55.278413860561507, 24.44 ], [ 14.759254745059918, 55.277849722526874, 33.39 ], [ 14.759011960430538, 55.278745033341693, 25.15 ], [ 14.760555159934468, 55.279372091182985, 17.04 ] ] ] } },
{ "type": "Feature", "properties": { "layer_id": "built_low_selection", "label": "Built - Low (Selection)", "tooltip_title": "Source layer: Built - Low (Selection)", "tooltip_body": "Selection-based low built area proxy.<br>Clipped to Bornholm DAGI Landsdel landmass." }, "geometry": { "type": "Polygon", "coordinates": [ [ [ 14.81093781913683, 55.261588242819712, 35.61 ], [ 14.810568770365576, 55.261557975385664, 36.49 ], [ 14.810616930646372, 55.261293707049219, 38.07 ], [ 14.809819906274756, 55.261058906956983, 44.86 ], [ 14.809665262211883, 55.261643521492687, 42.61 ], [ 14.810534088130007, 55.261801254720972, 36.33 ], [ 14.810501897749313, 55.262045405293982, 36.89 ], [ 14.81093781913683, 55.261588242819712, 35.61 ] ] ] } },
{ "type": "Feature", "properties": { "layer_id": "built_low_selection", "label": "Built - Low (Selection)", "tooltip_title": "Source layer: Built - Low (Selection)", "tooltip_body": "Selection-based low built area proxy.<br>Clipped to Bornholm DAGI Landsdel landmass." }, "geometry": { "type": "Polygon", "coordinates": [ [ [ 14.803163897761181, 55.267137938403899, 49.05 ], [ 14.803525970496008, 55.267882175283589, 40.96 ], [ 14.804294359787299, 55.267946440960692, 36.58 ], [ 14.805161699809656, 55.267382120494595, 37.22 ], [ 14.804253480841679, 55.26721875342394, 44.52 ], [ 14.803957124900197, 55.267491705916846, 42.63 ], [ 14.803163897761181, 55.267137938403899, 49.05 ] ] ] } },
{ "type": "Feature", "properties": { "layer_id": "built_low_selection", "label": "Built - Low (Selection)", "tooltip_title": "Source layer: Built - Low (Selection)", "tooltip_body": "Selection-based low built area proxy.<br>Clipped to Bornholm DAGI Landsdel landmass." }, "geometry": { "type": "Polygon", "coordinates": [ [ [ 14.81234274796023, 55.26175114603177, 31.94 ], [ 14.812562573383879, 55.260475362816742, 30.59 ], [ 14.811106077158842, 55.261605863466571, 35.29 ], [ 14.81234274796023, 55.26175114603177, 31.94 ] ] ] } },
{ "type": "Feature", "properties": { "layer_id": "built_low_selection", "label": "Built - Low (Selection)", "tooltip_title": "Source layer: Built - Low (Selection)", "tooltip_body": "Selection-based low built area proxy.<br>Clipped to Bornholm DAGI Landsdel landmass." }, "geometry": { "type": "Polygon", "coordinates": [ [ [ 14.756987018453733, 55.279463776628653, 8.06 ], [ 14.757127428788291, 55.279918219723235, 11.75 ], [ 14.758176266962449, 55.279227025728751, 14.53 ], [ 14.757116737388076, 55.279177586897227, 7.92 ], [ 14.757200416630649, 55.278800223621793, 4.11 ], [ 14.756616877166843, 55.278832507140478, 2.18 ], [ 14.756330282236465, 55.279139619175346, 2.5 ], [ 14.7550361949516, 55.279129972381369, 2.27 ], [ 14.754651526864276, 55.279872014732995, 2.27 ], [ 14.756227940741066, 55.279928447426414, 4.61 ], [ 14.756279177339085, 55.279211261970275, 3.74 ], [ 14.756987018453733, 55.279463776628653, 8.06 ] ] ] } },
{ "type": "Feature", "properties": { "layer_id": "built_low_selection", "label": "Built - Low (Selection)", "tooltip_title": "Source layer: Built - Low (Selection)", "tooltip_body": "Selection-based low built area proxy.<br>Clipped to Bornholm DAGI Landsdel landmass." }, "geometry": { "type": "Polygon", "coordinates": [ [ [ 14.766028946527459, 55.285717092569939, 23.44 ], [ 14.766696087102622, 55.285369692619113, 20.22 ], [ 14.765724707782626, 55.285007916395109, 21.33 ], [ 14.765283952219155, 55.285404451904057, 23.0 ], [ 14.766028946527459, 55.285717092569939, 23.44 ] ] ] } },
{ "type": "Feature", "properties": { "layer_id": "built_low_selection", "label": "Built - Low (Selection)", "tooltip_title": "Source layer: Built - Low (Selection)", "tooltip_body": "Selection-based low built area proxy.<br>Clipped to Bornholm DAGI Landsdel landmass." }, "geometry": { "type": "Polygon", "coordinates": [ [ [ 14.807719841096857, 55.264483549616898, 42.62 ], [ 14.807530832080802, 55.264863827245264, 38.98 ], [ 14.808354594093313, 55.264852233990723, 37.44 ], [ 14.806563813970984, 55.267072157222742, 38.57 ], [ 14.808044386207525, 55.267512557798739, 37.68 ], [ 14.808144625745998, 55.268072309570357, 29.16 ], [ 14.808845831878243, 55.267732577684789, 34.03 ], [ 14.809604008059813, 55.267875617812329, 26.59 ], [ 14.809603202825647, 55.267328583844979, 28.09 ], [ 14.809060214825108, 55.267102442028346, 30.08 ], [ 14.81023670722853, 55.266040167516621, 27.4 ], [ 14.810569111838385, 55.266277440453166, 24.67 ], [ 14.809882953080221, 55.266831620880566, 19.76 ], [ 14.810387112481502, 55.266981022675552, 17.79 ], [ 14.810273863389414, 55.267291790073813, 15.4 ], [ 14.811085236167377, 55.266978922246246, 16.54 ], [ 14.81176482452458, 55.267438983809207, 9.81 ], [ 14.813301265126997, 55.267050776656269, 11.55 ], [ 14.813490516466544, 55.266851064784817, 12.24 ], [ 14.812917516659244, 55.266621422434774, 13.47 ], [ 14.812438204095811, 55.266835349666465, 10.46 ], [ 14.811575936351158, 55.266526254392708, 17.87 ], [ 14.811886560979215, 55.265998103644357, 19.82 ], [ 14.809541482132071, 55.265320137165794, 33.48 ], [ 14.809816172237241, 55.264982487055413, 33.45 ], [ 14.811630943920555, 55.265251864441467, 26.05 ], [ 14.811897320614513, 55.265014712440028, 26.85 ], [ 14.809476797741738, 55.264357274182061, 35.15 ], [ 14.810002304535928, 55.263453373323827, 37.56 ], [ 14.813146131282807, 55.26401115821686, 20.49 ], [ 14.813202424832541, 55.263331220877475, 21.61 ], [ 14.813663088842691, 55.262874126367457, 20.84 ], [ 14.814678469943235, 55.262809581575645, 11.59 ], [ 14.815040703734446, 55.262054255318041, 6.27 ], [ 14.814149184906315, 55.261943010134544, 20.36 ], [ 14.813861514655706, 55.262405794479925, 19.67 ], [ 14.810599118587398, 55.262130155728705, 36.92 ], [ 14.810289422188665, 55.262513861525321, 38.22 ], [ 14.80936209297052, 55.262211821229137, 43.11 ], [ 14.809149710176644, 55.262603480709799, 43.53 ], [ 14.808139911025755, 55.262301227602883, 49.64 ], [ 14.807914838577128, 55.262612739423865, 48.66 ], [ 14.809797946532688, 55.263130044643447, 39.2 ], [ 14.808500665559261, 55.264712836628668, 38.02 ], [ 14.807719841096857, 55.264483549616898, 42.62 ] ] ] } },
{ "type": "Feature", "properties": { "layer_id": "built_low_selection", "label": "Built - Low (Selection)", "tooltip_title": "Source layer: Built - Low (Selection)", "tooltip_body": "Selection-based low built area proxy.<br>Clipped to Bornholm DAGI Landsdel landmass." }, "geometry": { "type": "Polygon", "coordinates": [ [ [ 14.813735772779726, 55.264140527265177, 15.8 ], [ 14.813148929880366, 55.26402272758255, 20.39 ], [ 14.812917613718922, 55.2643807298466, 22.23 ], [ 14.813997669740873, 55.26486485708385, 13.54 ], [ 14.813735772779726, 55.264140527265177, 15.8 ] ] ] } },
{ "type": "Feature", "properties": { "layer_id": "built_low_selection", "label": "Built - Low (Selection)", "tooltip_title": "Source layer: Built - Low (Selection)", "tooltip_body": "Selection-based low built area proxy.<br>Clipped to Bornholm DAGI Landsdel landmass." }, "geometry": { "type": "Polygon", "coordinates": [ [ [ 14.806603333905166, 55.273392425216606, 2.03 ], [ 14.806231049336901, 55.272998242318742, 3.9 ], [ 14.807517933052491, 55.271768601139513, 4.22 ], [ 14.806765714295521, 55.271133554890298, 13.02 ], [ 14.807079212716088, 55.270690083752321, 16.35 ], [ 14.80796531169298, 55.27039374824335, 11.22 ], [ 14.809240369160309, 55.270974840644293, 4.19 ], [ 14.809726584642439, 55.269926981077631, 8.2 ], [ 14.804479681492539, 55.268280949127977, 32.24 ], [ 14.803705174064142, 55.26869112793586, 33.11 ], [ 14.803317304429648, 55.268519678170861, 34.95 ], [ 14.803871903003788, 55.268176525570333, 35.1 ], [ 14.802847218395875, 55.267689128267897, 39.31 ], [ 14.802850716814122, 55.267331479892363, 42.91 ], [ 14.80264509896026, 55.266915206392575, 47.95 ], [ 14.802075072447954, 55.26730590116842, 45.73 ], [ 14.800701489793077, 55.266903360215856, 47.62 ], [ 14.800624289607466, 55.267152803032516, 45.84 ], [ 14.799678460242335, 55.267083558681506, 47.43 ], [ 14.798740757163344, 55.268057914414932, 45.41 ], [ 14.800934807762072, 55.268292004109078, 41.17 ], [ 14.802376039102768, 55.269345335200256, 33.87 ], [ 14.800706635613267, 55.270522666896561, 32.7 ], [ 14.800086061432077, 55.271690677203509, 31.64 ], [ 14.798727828491977, 55.271332570441857, 35.34 ], [ 14.79852519502195, 55.270812532048559, 37.11 ], [ 14.799644018882034, 55.268919686314746, 40.09 ], [ 14.798403341221213, 55.2685485935732, 41.47 ], [ 14.797683939219686, 55.268936031305415, 41.68 ], [ 14.797093580083134, 55.268802927002689, 42.71 ], [ 14.796267783699786, 55.269708643809047, 46.71 ], [ 14.795674722710661, 55.269531189942377, 48.28 ], [ 14.7952432844182, 55.270040200597656, 52.67 ], [ 14.796379826898315, 55.270085903208411, 48.82 ], [ 14.79653547113489, 55.269788256011033, 45.89 ], [ 14.798413993696357, 55.270691438848665, 37.68 ], [ 14.797697167224776, 55.270767724330888, 41.74 ], [ 14.794933038663428, 55.274242196912674, 42.99 ], [ 14.795431395934656, 55.274567482248486, 42.22 ], [ 14.794710506721596, 55.275979606890843, 39.3 ], [ 14.794049649770869, 55.275678709355184, 41.29 ], [ 14.794360270431257, 55.275334167304159, 41.02 ], [ 14.793818235529635, 55.275033732727948, 43.13 ], [ 14.792442502733611, 55.275546274382378, 41.22 ], [ 14.792444991507326, 55.276351496897732, 39.55 ], [ 14.792064151511322, 55.276185167267428, 41.65 ], [ 14.790350887844077, 55.27760496881772, 41.17 ], [ 14.791217607913849, 55.277941911940772, 37.66 ], [ 14.7899577402702, 55.278412899547156, 40.94 ], [ 14.790623981388716, 55.278786211602757, 39.43 ], [ 14.790142146691927, 55.279192001672634, 36.03 ], [ 14.791453617211406, 55.279447828608944, 29.9 ], [ 14.791849219944959, 55.279190262856488, 30.3 ], [ 14.792783425540511, 55.279530015797789, 26.65 ], [ 14.793418849978245, 55.279347721078715, 24.83 ], [ 14.795545124743686, 55.280853478399443, 8.84 ], [ 14.79686173673341, 55.280796445400846, 6.41 ], [ 14.797128424847847, 55.281228994899543, 2.19 ], [ 14.797326576715497, 55.281263937382491, 2.38 ], [ 14.798147081948967, 55.281184609954401, 0.86 ], [ 14.797352991534105, 55.281232081914425, 0.0 ], [ 14.797267454686306, 55.281032154363345, 0.02 ], [ 14.798271611336292, 55.280843342213032, 0.94 ], [ 14.798302739515078, 55.281175933782897, 1.1 ], [ 14.79855872597566, 55.280719835124934, 2.85 ], [ 14.79931754238731, 55.281028646399008, 2.71 ], [ 14.800383944512793, 55.280146284630803, 4.46 ], [ 14.801329295169529, 55.278050861788778, 3.43 ], [ 14.80459986377442, 55.276765299664007, 2.87 ], [ 14.805203308833086, 55.275645524247111, 1.98 ], [ 14.804828934436857, 55.27476414115506, 3.31 ], [ 14.806603333905166, 55.273392425216606, 2.03 ] ], [ [ 14.800056145948552, 55.272461978874702, 29.9 ], [ 14.801702316610372, 55.272839203005603, 22.01 ], [ 14.80154480695424, 55.273043052469326, 22.15 ], [ 14.801016658713893, 55.272955251807758, 24.25 ], [ 14.80016731067267, 55.27343784001485, 28.07 ], [ 14.79963079791791, 55.273258338544622, 29.68 ], [ 14.800056145948552, 55.272461978874702, 29.9 ] ], [ [ 14.797106047966167, 55.278403797163044, 20.73 ], [ 14.797775904325908, 55.278660049850856, 15.74 ], [ 14.797634591276619, 55.278874644468956, 13.76 ], [ 14.795558785114132, 55.278064736631379, 25.24 ], [ 14.794872802337622, 55.277486419138626, 30.68 ], [ 14.795191353995154, 55.277164813341535, 31.38 ], [ 14.798440613138213, 55.277673059302657, 20.93 ], [ 14.798212048557797, 55.277891631874809, 20.31 ], [ 14.797936899136142, 55.277617928228601, 22.48 ], [ 14.797563880817686, 55.277762090920447, 22.59 ], [ 14.797106047966167, 55.278403797163044, 20.73 ] ] ] } },
{ "type": "Feature", "properties": { "layer_id": "built_low_selection", "label": "Built - Low (Selection)", "tooltip_title": "Source layer: Built - Low (Selection)", "tooltip_body": "Selection-based low built area proxy.<br>Clipped to Bornholm DAGI Landsdel landmass." }, "geometry": { "type": "Polygon", "coordinates": [ [ [ 14.773128938809919, 55.285808677716496, 22.69 ], [ 14.772146251170389, 55.285173642696748, 23.11 ], [ 14.772772719772197, 55.284304662415131, 37.4 ], [ 14.770947336062989, 55.283591386929047, 34.83 ], [ 14.770011810350855, 55.283938752534944, 20.87 ], [ 14.769333308999281, 55.283264700301466, 27.81 ], [ 14.770058229803279, 55.282945238438039, 36.44 ], [ 14.769789667360509, 55.28272652566698, 36.85 ], [ 14.768487008232043, 55.283406897431327, 13.22 ], [ 14.768025916411414, 55.283267612103629, 9.33 ], [ 14.773429199113274, 55.287141605668324, 7.72 ], [ 14.773069282303128, 55.288803457651547, 22.18 ], [ 14.773992951139657, 55.290874698614182, 13.52 ], [ 14.775766510260386, 55.290964297347685, 5.28 ], [ 14.776192701999621, 55.289795848860763, 3.23 ], [ 14.776752793073591, 55.289838675398777, 3.55 ], [ 14.777261206666788, 55.289257401767379, 3.29 ], [ 14.780936526830756, 55.289013044845106, 5.27 ], [ 14.782065142963202, 55.289089518507737, 3.42 ], [ 14.781993202110845, 55.289301426591656, 0.9 ], [ 14.782409502503086, 55.28952209897065, 0.87 ], [ 14.782159878998014, 55.289189623614888, 0.87 ], [ 14.78279580931963, 55.289271129804717, 0.85 ], [ 14.782381828881837, 55.288994985083555, 1.16 ], [ 14.782838522652025, 55.28883078376149, 1.14 ], [ 14.782790081767784, 55.289728183465421, 0.0 ], [ 14.782507361655414, 55.289727931560172, 0.0 ], [ 14.782509753661792, 55.289856809004448, 1.86 ], [ 14.782858504118527, 55.289787397667389, 2.64 ], [ 14.782897439746485, 55.288823753565204, 2.48 ], [ 14.783786814935793, 55.288542757341403, 0.9 ], [ 14.783822420989907, 55.287946740292625, 8.37 ], [ 14.784735900457797, 55.287737058783534, 5.72 ], [ 14.784616916178001, 55.287414583335696, 6.59 ], [ 14.788605370974713, 55.286926539828379, 4.05 ], [ 14.790480293575447, 55.285877267544286, 3.25 ], [ 14.790313743023061, 55.285596579438966, 7.54 ], [ 14.791332118813516, 55.285550557661871, 3.33 ], [ 14.793135277300999, 55.28471053713551, 2.21 ], [ 14.79352270258631, 55.28418301853592, 3.89 ], [ 14.794321856787771, 55.284101764267, 2.28 ], [ 14.793592320687393, 55.283902795294352, 4.38 ], [ 14.793661713908179, 55.283278876651046, 8.81 ], [ 14.794587001664089, 55.283356087029077, 4.12 ], [ 14.794267106739639, 55.282517272879929, 5.5 ], [ 14.79465791463371, 55.282155590365761, 2.34 ], [ 14.793818379428545, 55.281722760961522, 9.66 ], [ 14.793665856068092, 55.280991927014412, 12.76 ], [ 14.791565593648484, 55.280413211633629, 26.28 ], [ 14.790534626589777, 55.281237180809867, 26.57 ], [ 14.79173043245172, 55.281670272366632, 20.02 ], [ 14.791361892517457, 55.281985874086566, 19.95 ], [ 14.79185988474244, 55.282383751248908, 16.87 ], [ 14.79134095803335, 55.282669690185394, 17.55 ], [ 14.789717285250836, 55.282005786723289, 25.59 ], [ 14.787228355154475, 55.284339878094819, 24.65 ], [ 14.786231288060247, 55.284462542134804, 26.46 ], [ 14.786513768699933, 55.284112339650321, 28.51 ], [ 14.783488930742093, 55.283041986465676, 38.34 ], [ 14.782803298817926, 55.284439027338792, 37.41 ], [ 14.781719177305723, 55.285343848966555, 33.01 ], [ 14.780722679943183, 55.285073674485055, 37.48 ], [ 14.781012729493433, 55.2844753865906, 37.33 ], [ 14.780314229265743, 55.284308173186595, 39.96 ], [ 14.779901588359095, 55.284832701646003, 41.34 ], [ 14.777068807954397, 55.284419230555599, 49.44 ], [ 14.776783539481908, 55.28601850066778, 29.95 ], [ 14.77719433051176, 55.286157441160796, 28.66 ], [ 14.775951012569712, 55.285865724916917, 29.3 ], [ 14.775306216819256, 55.286179799601712, 25.12 ], [ 14.776705574976909, 55.286861472140103, 19.34 ], [ 14.776159436661004, 55.286959588183699, 17.55 ], [ 14.774445066646306, 55.28591170392891, 27.28 ], [ 14.773596781738659, 55.285996146124774, 21.95 ], [ 14.773640377482266, 55.285595823443181, 27.86 ], [ 14.773128938809919, 55.285808677716496, 22.69 ] ] ] } },
{ "type": "Feature", "properties": { "layer_id": "built_low_selection", "label": "Built - Low (Selection)", "tooltip_title": "Source layer: Built - Low (Selection)", "tooltip_body": "Selection-based low built area proxy.<br>Clipped to Bornholm DAGI Landsdel landmass." }, "geometry": { "type": "Polygon", "coordinates": [ [ [ 14.722957059090474, 55.204332871315486, 78.86 ], [ 14.722375145274938, 55.205234248828958, 77.39 ], [ 14.72311478488365, 55.205356700354884, 79.45 ], [ 14.724213789020196, 55.203684632251893, 82.91 ], [ 14.722352135769468, 55.204142326635733, 77.52 ], [ 14.722957059090474, 55.204332871315486, 78.86 ] ] ] } },
{ "type": "Feature", "properties": { "layer_id": "built_low_selection", "label": "Built - Low (Selection)", "tooltip_title": "Source layer: Built - Low (Selection)", "tooltip_body": "Selection-based low built area proxy.<br>Clipped to Bornholm DAGI Landsdel landmass." }, "geometry": { "type": "Polygon", "coordinates": [ [ [ 14.702708081686279, 55.180593790770601, 7.06 ], [ 14.703086749222535, 55.18156459728452, 7.17 ], [ 14.703598349826748, 55.180684347216577, 7.57 ], [ 14.702866910718464, 55.184229886134432, 2.47 ], [ 14.703288777877107, 55.185195524958736, 0.0 ], [ 14.702820913893742, 55.185287867969535, 0.0 ], [ 14.703800622349375, 55.185741591121626, 0.0 ], [ 14.702969837657097, 55.186114164023536, 0.885000006546907 ], [ 14.703693765990666, 55.186016918089187, 1.26 ], [ 14.704048067738263, 55.186590998406643, 0.0 ], [ 14.703145311979389, 55.186957678660534, 0.85500021339975 ], [ 14.704332950513136, 55.187110984917062, 0.0 ], [ 14.704205305761658, 55.187566161868645, 0.0 ], [ 14.703026918399487, 55.187577420682878, 1.82 ], [ 14.703169262114573, 55.187903177469146, 1.62 ], [ 14.70400658509951, 55.188035916474881, 1.5 ], [ 14.703610655308305, 55.189113368765348, 1.47 ], [ 14.703327093007484, 55.18933047168116, 1.73 ], [ 14.701942758645199, 55.189001761853909, 3.01 ], [ 14.703863833262004, 55.189812718737194, 2.05 ], [ 14.70412695645412, 55.189547424015416, 7.41 ], [ 14.703991189656753, 55.190354319964271, 15.04 ], [ 14.705149077170226, 55.190458508921843, 22.8 ], [ 14.70521258948, 55.190050989347554, 21.6 ], [ 14.70819373824072, 55.190366630298158, 24.81 ], [ 14.708039284416756, 55.189169264859181, 24.8 ], [ 14.706451138824908, 55.189139941932559, 21.8 ], [ 14.706598343955365, 55.188295777767543, 22.54 ], [ 14.70764301826023, 55.18767791272667, 25.68 ], [ 14.709190974243743, 55.188179809196825, 27.65 ], [ 14.709962516606289, 55.1871148487865, 27.32 ], [ 14.709365457199709, 55.186918656808203, 26.42 ], [ 14.709782881051572, 55.186468136281256, 27.46 ], [ 14.710699023444581, 55.186785084123358, 27.72 ], [ 14.711352313103694, 55.186410524718092, 27.87 ], [ 14.711119864928374, 55.186090989593303, 27.78 ], [ 14.712093166801287, 55.18491751458064, 26.67 ], [ 14.709542305969974, 55.184002775056292, 24.44 ], [ 14.710121162028173, 55.182728028148595, 21.41 ], [ 14.711435581063117, 55.182585891403086, 21.83 ], [ 14.711097909724206, 55.18186504979257, 20.51 ], [ 14.712214117002368, 55.181735186787201, 20.2 ], [ 14.714196794257964, 55.182040420604665, 23.23 ], [ 14.714682225676919, 55.181269909913546, 23.21 ], [ 14.718574833913818, 55.180918330647742, 28.49 ], [ 14.71962236509864, 55.179571879866678, 28.5 ], [ 14.720323177485357, 55.179732981072902, 29.11 ], [ 14.721082445525806, 55.178800213216547, 29.1 ], [ 14.720437379972081, 55.17862632110225, 28.13 ], [ 14.721420917707759, 55.177462540347122, 28.23 ], [ 14.71732349193832, 55.176486272701204, 21.41 ], [ 14.717735314158912, 55.175999165904102, 21.3 ], [ 14.718958095368123, 55.175761691892419, 23.25 ], [ 14.717056682959802, 55.174891186572168, 20.49 ], [ 14.715682131735472, 55.176018226937103, 20.85 ], [ 14.715342062631233, 55.175554691240109, 20.52 ], [ 14.714960107186739, 55.175703267122692, 20.52 ], [ 14.714406358129473, 55.175454927081134, 20.89 ], [ 14.712782329218168, 55.175875497051301, 20.25 ], [ 14.71359434107217, 55.17508045772859, 21.25 ], [ 14.712552205595609, 55.175301015683992, 20.03 ], [ 14.712337052853128, 55.175752755631578, 19.91 ], [ 14.711832597869041, 55.17552009112832, 19.84 ], [ 14.712065479188782, 55.175182021893967, 19.86 ], [ 14.710778409708356, 55.175517505211829, 17.93 ], [ 14.711856712379468, 55.175615817245784, 19.25 ], [ 14.710799854349892, 55.176060655866564, 18.27 ], [ 14.711329273956112, 55.17621077544608, 18.66 ], [ 14.710388024310856, 55.176631634031004, 18.38 ], [ 14.710608905050274, 55.176923626948728, 19.04 ], [ 14.711651855906192, 55.176969321782721, 19.72 ], [ 14.713660514675199, 55.176394221236102, 20.05 ], [ 14.711184440666669, 55.177320570384239, 19.23 ], [ 14.713115969286932, 55.17768970189676, 20.23 ], [ 14.712651659734254, 55.1783376896663, 20.64 ], [ 14.714551573190398, 55.17880280467385, 22.23 ], [ 14.7139519399732, 55.179759440227699, 22.14 ], [ 14.709862348373118, 55.178714137142101, 19.05 ], [ 14.710350475363837, 55.177549780047073, 19.1 ], [ 14.711119541267452, 55.177308946818926, 19.14 ], [ 14.70877629710982, 55.177323963993544, 15.81 ], [ 14.708400808948944, 55.177902949460815, 15.34 ], [ 14.705421115957106, 55.17729237034937, 10.15 ], [ 14.703946471695913, 55.179673318784552, 9.27 ], [ 14.702624907515261, 55.179575094554906, 9.26 ], [ 14.702787380133167, 55.180318307837751, 8.08 ], [ 14.703492128660733, 55.180445833873272, 7.9 ], [ 14.702708081686279, 55.180593790770601, 7.06 ] ] ] } },
{ "type": "Feature", "properties": { "layer_id": "built_low_selection", "label": "Built - Low (Selection)", "tooltip_title": "Source layer: Built - Low (Selection)", "tooltip_body": "Selection-based low built area proxy.<br>Clipped to Bornholm DAGI Landsdel landmass." }, "geometry": { "type": "Polygon", "coordinates": [ [ [ 14.704571640198047, 55.16073894379776, 2.29 ], [ 14.704892285991635, 55.161681318721691, 4.07 ], [ 14.705440433405457, 55.161692582686939, 7.7 ], [ 14.705414365027526, 55.161203210590465, 7.86 ], [ 14.70712226202761, 55.16110168152202, 10.94 ], [ 14.70705890308809, 55.160526653361515, 10.8 ], [ 14.704958437828591, 55.160256025525797, 4.59 ], [ 14.704571640198047, 55.16073894379776, 2.29 ] ] ] } },
{ "type": "Feature", "properties": { "layer_id": "built_low_selection", "label": "Built - Low (Selection)", "tooltip_title": "Source layer: Built - Low (Selection)", "tooltip_body": "Selection-based low built area proxy.<br>Clipped to Bornholm DAGI Landsdel landmass." }, "geometry": { "type": "Polygon", "coordinates": [ [ [ 14.942891833852018, 55.160406767991134, 104.41 ], [ 14.942531085833526, 55.160280184474892, 104.05 ], [ 14.942266693512931, 55.160530618226488, 102.24 ], [ 14.94259790932151, 55.160672151756032, 102.04 ], [ 14.942891833852018, 55.160406767991134, 104.41 ] ] ] } },
{ "type": "Feature", "properties": { "layer_id": "built_low_selection", "label": "Built - Low (Selection)", "tooltip_title": "Source layer: Built - Low (Selection)", "tooltip_body": "Selection-based low built area proxy.<br>Clipped to Bornholm DAGI Landsdel landmass." }, "geometry": { "type": "Polygon", "coordinates": [ [ [ 14.943987031298876, 55.159815434171833, 105.2 ], [ 14.943629416647404, 55.15931156075969, 106.35 ], [ 14.943245060407779, 55.159696880372373, 106.02 ], [ 14.943987031298876, 55.159815434171833, 105.2 ] ] ] } },
{ "type": "Feature", "properties": { "layer_id": "built_low_selection", "label": "Built - Low (Selection)", "tooltip_title": "Source layer: Built - Low (Selection)", "tooltip_body": "Selection-based low built area proxy.<br>Clipped to Bornholm DAGI Landsdel landmass." }, "geometry": { "type": "Polygon", "coordinates": [ [ [ 14.942803287251031, 55.159588936586381, 106.19 ], [ 14.9431279436215, 55.158343051796429, 106.31 ], [ 14.942710289141338, 55.158644289284595, 106.83 ], [ 14.940825870915237, 55.15800000098227, 106.4 ], [ 14.940450683580977, 55.158316169460171, 105.75 ], [ 14.941461526988173, 55.15860354272921, 106.7 ], [ 14.941150532402419, 55.158962129567463, 104.02 ], [ 14.942803287251031, 55.159588936586381, 106.19 ] ] ] } },
{ "type": "Feature", "properties": { "layer_id": "built_low_selection", "label": "Built - Low (Selection)", "tooltip_title": "Source layer: Built - Low (Selection)", "tooltip_body": "Selection-based low built area proxy.<br>Clipped to Bornholm DAGI Landsdel landmass." }, "geometry": { "type": "Polygon", "coordinates": [ [ [ 15.013096033083587, 55.04989784130354, 38.46 ], [ 15.011909277258352, 55.050098467474932, 38.75 ], [ 15.011547551230597, 55.049490742264211, 37.81 ], [ 15.011057924102177, 55.05026553554957, 39.33 ], [ 15.010316445051004, 55.050411397560268, 39.09 ], [ 15.010975387310799, 55.05087024728369, 39.66 ], [ 15.013670612244727, 55.050743417069036, 38.9 ], [ 15.013096033083587, 55.04989784130354, 38.46 ] ] ] } },
{ "type": "Feature", "properties": { "layer_id": "built_low_selection", "label": "Built - Low (Selection)", "tooltip_title": "Source layer: Built - Low (Selection)", "tooltip_body": "Selection-based low built area proxy.<br>Clipped to Bornholm DAGI Landsdel landmass." }, "geometry": { "type": "Polygon", "coordinates": [ [ [ 15.024062117800815, 55.129860315392762, 90.81 ], [ 15.02331379711821, 55.129790384560749, 91.77 ], [ 15.02339538901226, 55.130121359719432, 90.55 ], [ 15.024068699043429, 55.130126404315511, 90.62 ], [ 15.024062117800815, 55.129860315392762, 90.81 ] ] ] } },
{ "type": "Feature", "properties": { "layer_id": "built_low_selection", "label": "Built - Low (Selection)", "tooltip_title": "Source layer: Built - Low (Selection)", "tooltip_body": "Selection-based low built area proxy.<br>Clipped to Bornholm DAGI Landsdel landmass." }, "geometry": { "type": "Polygon", "coordinates": [ [ [ 15.025165799534067, 55.130877882296602, 87.64 ], [ 15.026001932632674, 55.130946415816055, 87.13 ], [ 15.02607889615425, 55.13034845061761, 86.49 ], [ 15.025540664824153, 55.130359673485799, 87.96 ], [ 15.025165799534067, 55.130877882296602, 87.64 ] ] ] } },
{ "type": "Feature", "properties": { "layer_id": "built_low_selection", "label": "Built - Low (Selection)", "tooltip_title": "Source layer: Built - Low (Selection)", "tooltip_body": "Selection-based low built area proxy.<br>Clipped to Bornholm DAGI Landsdel landmass." }, "geometry": { "type": "Polygon", "coordinates": [ [ [ 15.003737679193669, 55.138055410989779, 98.33 ], [ 15.00037145412939, 55.137477912128396, 94.62 ], [ 15.00011899840994, 55.137935874660847, 93.2 ], [ 15.003764225009572, 55.138542535615258, 99.43 ], [ 15.003737679193669, 55.138055410989779, 98.33 ] ] ] } },
{ "type": "Feature", "properties": { "layer_id": "built_low_selection", "label": "Built - Low (Selection)", "tooltip_title": "Source layer: Built - Low (Selection)", "tooltip_body": "Selection-based low built area proxy.<br>Clipped to Bornholm DAGI Landsdel landmass." }, "geometry": { "type": "Polygon", "coordinates": [ [ [ 15.023802531835296, 55.130871147743477, 88.61 ], [ 15.022884675554762, 55.131647044489249, 86.01 ], [ 15.022020898876706, 55.131538083600923, 86.71 ], [ 15.021745510382839, 55.132022355726782, 85.21 ], [ 15.023154942986615, 55.132032767010614, 84.05 ], [ 15.023158631966112, 55.13143420760462, 86.6 ], [ 15.02401714692054, 55.131532256999726, 85.69 ], [ 15.023802531835296, 55.130871147743477, 88.61 ] ] ] } },
{ "type": "Feature", "properties": { "layer_id": "built_low_selection", "label": "Built - Low (Selection)", "tooltip_title": "Source layer: Built - Low (Selection)", "tooltip_body": "Selection-based low built area proxy.<br>Clipped to Bornholm DAGI Landsdel landmass." }, "geometry": { "type": "Polygon", "coordinates": [ [ [ 15.020848171094254, 55.138720019693004, 97.76 ], [ 15.022099117709539, 55.139367114641658, 98.84 ], [ 15.022222736586986, 55.139037937193535, 98.32 ], [ 15.023872327285618, 55.139156904896474, 98.35 ], [ 15.024140797937699, 55.13846246830353, 96.23 ], [ 15.019137829527233, 55.138149704096776, 98.36 ], [ 15.019072636427797, 55.138579702808372, 98.74 ], [ 15.020848171094254, 55.138720019693004, 97.76 ] ] ] } },
{ "type": "Feature", "properties": { "layer_id": "built_low_selection", "label": "Built - Low (Selection)", "tooltip_title": "Source layer: Built - Low (Selection)", "tooltip_body": "Selection-based low built area proxy.<br>Clipped to Bornholm DAGI Landsdel landmass." }, "geometry": { "type": "Polygon", "coordinates": [ [ [ 15.022106624971627, 55.132684936336958, 83.45 ], [ 15.02301154943185, 55.132784203360586, 85.52 ], [ 15.023098591891188, 55.132597924227426, 85.01 ], [ 15.02222742073498, 55.132481768046787, 83.74 ], [ 15.022106624971627, 55.132684936336958, 83.45 ] ] ] } },
{ "type": "Feature", "properties": { "layer_id": "built_low_selection", "label": "Built - Low (Selection)", "tooltip_title": "Source layer: Built - Low (Selection)", "tooltip_body": "Selection-based low built area proxy.<br>Clipped to Bornholm DAGI Landsdel landmass." }, "geometry": { "type": "Polygon", "coordinates": [ [ [ 15.006794334476849, 55.14429987498481, 106.79 ], [ 15.00967257543418, 55.14491828563677, 107.95 ], [ 15.009904611720879, 55.143693855027131, 106.03 ], [ 15.010642425943756, 55.143622770014268, 105.1 ], [ 15.010865232069454, 55.143267900092233, 105.95 ], [ 15.012104671544432, 55.143433620275815, 104.18 ], [ 15.012300815686226, 55.142794836409514, 105.83 ], [ 15.014040003071742, 55.143243175926408, 103.75 ], [ 15.01436177912586, 55.143081835223413, 104.22 ], [ 15.015223987870884, 55.143598523388384, 102.91 ], [ 15.016537860653491, 55.142853677800787, 101.18 ], [ 15.016458272426439, 55.142290128599022, 102.23 ], [ 15.014786580334905, 55.142078515121788, 103.01 ], [ 15.014775339836023, 55.142332070441917, 102.94 ], [ 15.013220957802471, 55.141934285615463, 106.49 ], [ 15.014566394943554, 55.140997744065764, 103.36 ], [ 15.016527548046135, 55.141301891715024, 101.59 ], [ 15.018462056504072, 55.140180539107433, 102.44 ], [ 15.017253849047355, 55.139982816582368, 102.76 ], [ 15.017624502523097, 55.13922319110101, 101.49 ], [ 15.018078450628652, 55.139235900891492, 100.74 ], [ 15.018142536551981, 55.138197949545791, 98.88 ], [ 15.01727916773717, 55.138344451287949, 100.02 ], [ 15.017031570251014, 55.138141084559258, 99.05 ], [ 15.015769717388922, 55.138649541595797, 102.96 ], [ 15.015699716499782, 55.137675587475336, 99.66 ], [ 15.015310287092996, 55.137653911276978, 99.31 ], [ 15.01485460879271, 55.138713685378441, 103.89 ], [ 15.014074650238582, 55.138634006099018, 104.97 ], [ 15.01343716879637, 55.139427719562264, 106.75 ], [ 15.012310395319695, 55.139268323125158, 107.23 ], [ 15.012528596775494, 55.137873683214053, 104.34 ], [ 15.011446637879938, 55.137596366389886, 103.24 ], [ 15.010303665538459, 55.138427597649063, 104.53 ], [ 15.009409139294545, 55.138297827030591, 103.32 ], [ 15.009629182432022, 55.13773295443243, 102.41 ], [ 15.008997040968231, 55.137644217753397, 102.19 ], [ 15.007400334320549, 55.137591670732284, 100.98 ], [ 15.00692065234966, 55.13842057765531, 101.48 ], [ 15.004587424631346, 55.138096772253952, 99.02 ], [ 15.004347018989453, 55.138585390936974, 99.39 ], [ 15.006775186817221, 55.139267795683416, 103.17 ], [ 15.006149097094386, 55.140264291500273, 103.21 ], [ 15.008163852462621, 55.140845479034226, 105.9 ], [ 15.006828760827769, 55.142342709947485, 105.43 ], [ 15.007342062011828, 55.142524761632679, 106.14 ], [ 15.006794334476849, 55.14429987498481, 106.79 ] ] ] } },
{ "type": "Feature", "properties": { "layer_id": "built_low_selection", "label": "Built - Low (Selection)", "tooltip_title": "Source layer: Built - Low (Selection)", "tooltip_body": "Selection-based low built area proxy.<br>Clipped to Bornholm DAGI Landsdel landmass." }, "geometry": { "type": "Polygon", "coordinates": [ [ [ 14.94103148301733, 55.0534219522741, 51.47 ], [ 14.941001878488398, 55.053157271069566, 51.41 ], [ 14.940074660622781, 55.052921416584333, 51.56 ], [ 14.939867599871402, 55.053449951129004, 51.89 ], [ 14.939323527365785, 55.053472896145983, 51.89 ], [ 14.939466018662067, 55.054161857467122, 53.43 ], [ 14.94103148301733, 55.0534219522741, 51.47 ] ] ] } },
{ "type": "Feature", "properties": { "layer_id": "built_low_selection", "label": "Built - Low (Selection)", "tooltip_title": "Source layer: Built - Low (Selection)", "tooltip_body": "Selection-based low built area proxy.<br>Clipped to Bornholm DAGI Landsdel landmass." }, "geometry": { "type": "Polygon", "coordinates": [ [ [ 15.120504209626532, 55.071849068913238, 22.43 ], [ 15.119856034415807, 55.07123482061467, 23.2 ], [ 15.119367464691205, 55.071428831675924, 22.92 ], [ 15.120038770613094, 55.072054791569833, 22.39 ], [ 15.120504209626532, 55.071849068913238, 22.43 ] ] ] } },
{ "type": "Feature", "properties": { "layer_id": "built_low_selection", "label": "Built - Low (Selection)", "tooltip_title": "Source layer: Built - Low (Selection)", "tooltip_body": "Selection-based low built area proxy.<br>Clipped to Bornholm DAGI Landsdel landmass." }, "geometry": { "type": "Polygon", "coordinates": [ [ [ 15.097447954468556, 55.063662414494125, 31.48 ], [ 15.097443705322057, 55.062998134393126, 31.23 ], [ 15.096987249266018, 55.062984159555825, 31.11 ], [ 15.097027606358125, 55.063693895646878, 32.52 ], [ 15.097447954468556, 55.063662414494125, 31.48 ] ] ] } },
{ "type": "Feature", "properties": { "layer_id": "built_low_selection", "label": "Built - Low (Selection)", "tooltip_title": "Source layer: Built - Low (Selection)", "tooltip_body": "Selection-based low built area proxy.<br>Clipped to Bornholm DAGI Landsdel landmass." }, "geometry": { "type": "Polygon", "coordinates": [ [ [ 15.096358594117046, 55.063671872420386, 32.27 ], [ 15.096264891069234, 55.062920877788692, 30.85 ], [ 15.095466062999012, 55.062671990579922, 30.06 ], [ 15.094899922246329, 55.062935528864706, 31.05 ], [ 15.094818074083749, 55.063638348550995, 32.8 ], [ 15.096358594117046, 55.063671872420386, 32.27 ] ] ] } },
{ "type": "Feature", "properties": { "layer_id": "built_low_selection", "label": "Built - Low (Selection)", "tooltip_title": "Source layer: Built - Low (Selection)", "tooltip_body": "Selection-based low built area proxy.<br>Clipped to Bornholm DAGI Landsdel landmass." }, "geometry": { "type": "Polygon", "coordinates": [ [ [ 15.137391657290658, 55.068921466690163, 1.62 ], [ 15.137616008054621, 55.068658808940583, 1.56 ], [ 15.137185417880909, 55.068539046289047, 2.1 ], [ 15.136916324866609, 55.068678988057151, 1.95 ], [ 15.137391657290658, 55.068921466690163, 1.62 ] ] ] } },
{ "type": "Feature", "properties": { "layer_id": "built_low_selection", "label": "Built - Low (Selection)", "tooltip_title": "Source layer: Built - Low (Selection)", "tooltip_body": "Selection-based low built area proxy.<br>Clipped to Bornholm DAGI Landsdel landmass." }, "geometry": { "type": "Polygon", "coordinates": [ [ [ 15.137574502518076, 55.071233053164441, 5.15 ], [ 15.137346187405186, 55.071555789045895, 5.78 ], [ 15.138075036676616, 55.071665864862503, 6.35 ], [ 15.138209583356426, 55.07143449231836, 5.75 ], [ 15.137574502518076, 55.071233053164441, 5.15 ] ] ] } },
{ "type": "Feature", "properties": { "layer_id": "built_low_selection", "label": "Built - Low (Selection)", "tooltip_title": "Source layer: Built - Low (Selection)", "tooltip_body": "Selection-based low built area proxy.<br>Clipped to Bornholm DAGI Landsdel landmass." }, "geometry": { "type": "Polygon", "coordinates": [ [ [ 15.132897049425681, 55.058944858571202, 2.85 ], [ 15.132308626664162, 55.058584906161634, 3.02 ], [ 15.132082634994388, 55.058718157386146, 2.76 ], [ 15.132556692763755, 55.059068855808093, 2.91 ], [ 15.132897049425681, 55.058944858571202, 2.85 ] ] ] } },
{ "type": "Feature", "properties": { "layer_id": "built_low_selection", "label": "Built - Low (Selection)", "tooltip_title": "Source layer: Built - Low (Selection)", "tooltip_body": "Selection-based low built area proxy.<br>Clipped to Bornholm DAGI Landsdel landmass." }, "geometry": { "type": "Polygon", "coordinates": [ [ [ 15.135542526504118, 55.062580776026024, 0.39 ], [ 15.135291009505904, 55.062245394725345, 1.83 ], [ 15.135400684957988, 55.062613341939226, 1.62 ], [ 15.135542526504118, 55.062580776026024, 0.39 ] ] ] } },
{ "type": "Feature", "properties": { "layer_id": "built_low_selection", "label": "Built - Low (Selection)", "tooltip_title": "Source layer: Built - Low (Selection)", "tooltip_body": "Selection-based low built area proxy.<br>Clipped to Bornholm DAGI Landsdel landmass." }, "geometry": { "type": "Polygon", "coordinates": [ [ [ 15.071556642496741, 55.061458105997566, 54.42 ], [ 15.071250181820858, 55.06226812100337, 54.4 ], [ 15.072446619155158, 55.062449542306297, 53.79 ], [ 15.072473966762756, 55.061478370545679, 53.94 ], [ 15.071556642496741, 55.061458105997566, 54.42 ] ] ] } },
{ "type": "Feature", "properties": { "layer_id": "built_low_selection", "label": "Built - Low (Selection)", "tooltip_title": "Source layer: Built - Low (Selection)", "tooltip_body": "Selection-based low built area proxy.<br>Clipped to Bornholm DAGI Landsdel landmass." }, "geometry": { "type": "Polygon", "coordinates": [ [ [ 15.10075511495568, 55.063722506657477, 31.0 ], [ 15.097680913642904, 55.063772349175686, 32.32 ], [ 15.097821631586285, 55.064263736560726, 31.66 ], [ 15.100827221508967, 55.064220493270248, 30.24 ], [ 15.10075511495568, 55.063722506657477, 31.0 ] ] ] } },
{ "type": "Feature", "properties": { "layer_id": "built_low_selection", "label": "Built - Low (Selection)", "tooltip_title": "Source layer: Built - Low (Selection)", "tooltip_body": "Selection-based low built area proxy.<br>Clipped to Bornholm DAGI Landsdel landmass." }, "geometry": { "type": "Polygon", "coordinates": [ [ [ 15.123669087124192, 55.059234939213148, 5.69 ], [ 15.118907993508456, 55.060556587892108, 12.76 ], [ 15.118305730424265, 55.061504213353949, 12.93 ], [ 15.118661208258956, 55.063174283163718, 13.98 ], [ 15.11758272822507, 55.063311152211675, 14.24 ], [ 15.116873220356798, 55.06270592846279, 13.85 ], [ 15.115774091831311, 55.063028676601625, 14.17 ], [ 15.115930986901175, 55.063509508646518, 14.67 ], [ 15.116549811617325, 55.06343517934588, 14.61 ], [ 15.117085191638633, 55.064343799591327, 16.35 ], [ 15.119101868775326, 55.064113604826765, 15.04 ], [ 15.119689395362467, 55.066241172604435, 19.19 ], [ 15.124094377348205, 55.065687352140522, 13.28 ], [ 15.124441143663356, 55.066870818302689, 14.5 ], [ 15.121778909278163, 55.067093068149433, 18.75 ], [ 15.122249723987284, 55.068849875118758, 19.31 ], [ 15.121877269535336, 55.068882896635394, 19.95 ], [ 15.122393502730713, 55.069557727107494, 20.77 ], [ 15.120342043808042, 55.070392190136594, 22.58 ], [ 15.120564587306248, 55.070546098712569, 22.68 ], [ 15.119591834650736, 55.070665581311438, 22.91 ], [ 15.120941009951345, 55.071748336570451, 22.56 ], [ 15.123448853577065, 55.070743072900157, 19.99 ], [ 15.12531059403983, 55.072099838863593, 19.59 ], [ 15.12720930853488, 55.070882405058271, 14.92 ], [ 15.127405336028605, 55.071389073191149, 15.71 ], [ 15.128168032458829, 55.071162543694292, 14.88 ], [ 15.129117964646277, 55.071791310359622, 14.89 ], [ 15.127944139758554, 55.072319632035644, 18.09 ], [ 15.127187417035154, 55.071789328686087, 17.91 ], [ 15.126168249834617, 55.072407426684045, 19.24 ], [ 15.126693014604649, 55.072926309416026, 20.25 ], [ 15.128776812941455, 55.074023929343987, 20.55 ], [ 15.131282351092509, 55.074450552873607, 19.68 ], [ 15.131725423584776, 55.071351432079723, 8.66 ], [ 15.133002943845488, 55.071879243529523, 7.25 ], [ 15.134153736897424, 55.070919383540392, 6.13 ], [ 15.134806145803939, 55.070877210624914, 5.74 ], [ 15.13265018888659, 55.069541579881303, 6.72 ], [ 15.13440491937709, 55.068559648976112, 3.77 ], [ 15.134982430015148, 55.068694141979691, 3.29 ], [ 15.135232267971913, 55.069881677537261, 3.7 ], [ 15.135862074568918, 55.070205311823742, 3.47 ], [ 15.134019214419032, 55.071746827518773, 6.71 ], [ 15.134873843006492, 55.072077198762095, 6.72 ], [ 15.135498392106367, 55.071315104558906, 5.49 ], [ 15.136451140822738, 55.07179591518252, 5.63 ], [ 15.138030406560976, 55.070837213516988, 4.17 ], [ 15.13898094394829, 55.071553667092594, 6.1 ], [ 15.138738740088561, 55.071822723131504, 6.0 ], [ 15.140409021615696, 55.07250589765335, 6.83 ], [ 15.140761592685324, 55.072230081268721, 5.73 ], [ 15.14145909741398, 55.07300776737447, 6.97 ], [ 15.143617363845378, 55.072638001448198, 3.34 ], [ 15.142337379881598, 55.071819765587556, 2.51 ], [ 15.142018828756758, 55.071983022421065, 1.79 ], [ 15.140258366807073, 55.070689715324789, 0.84 ], [ 15.139501429842165, 55.071180936051199, 4.37 ], [ 15.136107051864183, 55.068711999538991, 2.67 ], [ 15.135305956696813, 55.066965271564293, 3.02 ], [ 15.135833444375006, 55.066910050027168, 2.81 ], [ 15.135777376041105, 55.066563342614863, 2.64 ], [ 15.134379678263103, 55.066574239304053, 2.91 ], [ 15.134116229254241, 55.06834617004683, 3.8 ], [ 15.133614664688922, 55.067770139591737, 4.28 ], [ 15.13219517382117, 55.067667938686597, 3.8 ], [ 15.132137420353645, 55.065265480405408, 4.8 ], [ 15.131213539046954, 55.064530705145373, 6.82 ], [ 15.130010656723169, 55.064181894723319, 5.98 ], [ 15.130194943657376, 55.063925867967065, 6.54 ], [ 15.128335265962242, 55.063655160711463, 7.58 ], [ 15.1282598675805, 55.063226950069392, 7.49 ], [ 15.127693827343727, 55.063302635517658, 7.76 ], [ 15.127590989946013, 55.063080114987159, 6.86 ], [ 15.129843304164913, 55.062556094474189, 4.6 ], [ 15.128711223363089, 55.061327410197336, 4.23 ], [ 15.126828572041687, 55.060385143758246, 4.96 ], [ 15.12961207618692, 55.059582987024321, 3.35 ], [ 15.129304217631388, 55.058881811565136, 3.4 ], [ 15.128080767071161, 55.058852863385063, 2.23 ], [ 15.127971508417081, 55.058242588660768, 1.82 ], [ 15.127227526883834, 55.05774649507736, 2.47 ], [ 15.125088506113377, 55.058648958979873, 4.47 ], [ 15.12426646408548, 55.058168404844679, 2.03 ], [ 15.12457368489869, 55.05754655494507, 0.62 ], [ 15.123916636372867, 55.057165988107521, 1.14 ], [ 15.123389940585762, 55.057487732868147, 2.06 ], [ 15.122150262095422, 55.056896787400774, 2.01 ], [ 15.121419198780121, 55.057306813384898, 4.9 ], [ 15.120563659574357, 55.056814960454744, 4.7 ], [ 15.119995128412361, 55.057138170457421, 5.45 ], [ 15.123669087124192, 55.059234939213148, 5.69 ] ], [ [ 15.125547849252419, 55.062833130012933, 6.3 ], [ 15.125342177456902, 55.062412487009809, 6.3 ], [ 15.125820601516713, 55.062342497418285, 6.29 ], [ 15.126236126602709, 55.062727960747736, 6.31 ], [ 15.125547849252419, 55.062833130012933, 6.3 ] ] ] } },
{ "type": "Feature", "properties": { "layer_id": "built_low_selection", "label": "Built - Low (Selection)", "tooltip_title": "Source layer: Built - Low (Selection)", "tooltip_body": "Selection-based low built area proxy.<br>Clipped to Bornholm DAGI Landsdel landmass." }, "geometry": { "type": "Polygon", "coordinates": [ [ [ 15.035674253461863, 55.0370879337557, 38.39 ], [ 15.03545131285569, 55.037662474501907, 38.23 ], [ 15.03640835825167, 55.037737924458327, 38.18 ], [ 15.036395339486294, 55.037089591480687, 38.45 ], [ 15.035674253461863, 55.0370879337557, 38.39 ] ] ] } },
{ "type": "Feature", "properties": { "layer_id": "built_low_selection", "label": "Built - Low (Selection)", "tooltip_title": "Source layer: Built - Low (Selection)", "tooltip_body": "Selection-based low built area proxy.<br>Clipped to Bornholm DAGI Landsdel landmass." }, "geometry": { "type": "Polygon", "coordinates": [ [ [ 15.034952444255225, 55.0367988223935, 38.34 ], [ 15.035371544636012, 55.036798135454291, 38.46 ], [ 15.035417396693784, 55.036282197505479, 38.44 ], [ 15.034500306781137, 55.036233384090174, 38.35 ], [ 15.034952444255225, 55.0367988223935, 38.34 ] ] ] } },
{ "type": "Feature", "properties": { "layer_id": "built_low_selection", "label": "Built - Low (Selection)", "tooltip_title": "Source layer: Built - Low (Selection)", "tooltip_body": "Selection-based low built area proxy.<br>Clipped to Bornholm DAGI Landsdel landmass." }, "geometry": { "type": "Polygon", "coordinates": [ [ [ 15.038878894044618, 55.037228591584757, 35.77 ], [ 15.038879786628661, 55.036608286769933, 35.39 ], [ 15.03739320989402, 55.03680924894627, 37.77 ], [ 15.037553696399765, 55.037237935724235, 37.51 ], [ 15.038878894044618, 55.037228591584757, 35.77 ] ] ] } },
{ "type": "Feature", "properties": { "layer_id": "built_low_selection", "label": "Built - Low (Selection)", "tooltip_title": "Source layer: Built - Low (Selection)", "tooltip_body": "Selection-based low built area proxy.<br>Clipped to Bornholm DAGI Landsdel landmass." }, "geometry": { "type": "Polygon", "coordinates": [ [ [ 15.049607854294475, 55.060610328651684, 47.07 ], [ 15.048629133282404, 55.060587280201574, 46.63 ], [ 15.048431007456855, 55.061212290531046, 45.82 ], [ 15.049441143668581, 55.061204422422733, 46.52 ], [ 15.049607854294475, 55.060610328651684, 47.07 ] ] ] } },
{ "type": "Feature", "properties": { "layer_id": "built_low_selection", "label": "Built - Low (Selection)", "tooltip_title": "Source layer: Built - Low (Selection)", "tooltip_body": "Selection-based low built area proxy.<br>Clipped to Bornholm DAGI Landsdel landmass." }, "geometry": { "type": "Polygon", "coordinates": [ [ [ 15.038763681416892, 55.05412262652262, 48.52 ], [ 15.03868190125741, 55.055111695303069, 48.5 ], [ 15.03947156361656, 55.055125955824842, 49.19 ], [ 15.03995433474676, 55.054127365513679, 47.52 ], [ 15.038763681416892, 55.05412262652262, 48.52 ] ] ] } },
{ "type": "Feature", "properties": { "layer_id": "built_low_selection", "label": "Built - Low (Selection)", "tooltip_title": "Source layer: Built - Low (Selection)", "tooltip_body": "Selection-based low built area proxy.<br>Clipped to Bornholm DAGI Landsdel landmass." }, "geometry": { "type": "Polygon", "coordinates": [ [ [ 15.038570351100882, 55.053645333804305, 47.45 ], [ 15.036882859463145, 55.053396549478101, 47.04 ], [ 15.037214444314785, 55.054365764794561, 47.66 ], [ 15.037934044102984, 55.054453119840282, 48.41 ], [ 15.038406265847138, 55.054158065344424, 48.31 ], [ 15.038570351100882, 55.053645333804305, 47.45 ] ] ] } },
{ "type": "Feature", "properties": { "layer_id": "built_low_selection", "label": "Built - Low (Selection)", "tooltip_title": "Source layer: Built - Low (Selection)", "tooltip_body": "Selection-based low built area proxy.<br>Clipped to Bornholm DAGI Landsdel landmass." }, "geometry": { "type": "Polygon", "coordinates": [ [ [ 15.050615303587179, 55.059900925514611, 47.46 ], [ 15.050479318953396, 55.061541339945087, 47.16 ], [ 15.051942250044631, 55.061627106083044, 47.06 ], [ 15.052290414314003, 55.060706664755088, 47.75 ], [ 15.051132201691885, 55.060679265382454, 47.39 ], [ 15.051572250429194, 55.060492007354178, 47.41 ], [ 15.051638676269349, 55.059686463119718, 47.39 ], [ 15.051525325450555, 55.059971772680527, 47.43 ], [ 15.050615303587179, 55.059900925514611, 47.46 ] ] ] } },
{ "type": "Feature", "properties": { "layer_id": "built_low_selection", "label": "Built - Low (Selection)", "tooltip_title": "Source layer: Built - Low (Selection)", "tooltip_body": "Selection-based low built area proxy.<br>Clipped to Bornholm DAGI Landsdel landmass." }, "geometry": { "type": "Polygon", "coordinates": [ [ [ 14.920222397398277, 55.077796877637098, 84.62 ], [ 14.922134068501974, 55.077522109187484, 81.33 ], [ 14.921916857370482, 55.077166197385353, 80.5 ], [ 14.920122735227535, 55.077413441596455, 83.99 ], [ 14.920222397398277, 55.077796877637098, 84.62 ] ] ] } },
{ "type": "Feature", "properties": { "layer_id": "built_low_selection", "label": "Built - Low (Selection)", "tooltip_title": "Source layer: Built - Low (Selection)", "tooltip_body": "Selection-based low built area proxy.<br>Clipped to Bornholm DAGI Landsdel landmass." }, "geometry": { "type": "Polygon", "coordinates": [ [ [ 14.908572568145216, 55.075350614752246, 75.25 ], [ 14.907698985527821, 55.075009529673935, 74.47 ], [ 14.90783451647043, 55.075563181895639, 74.84 ], [ 14.908572568145216, 55.075350614752246, 75.25 ] ] ] } },
{ "type": "Feature", "properties": { "layer_id": "built_low_selection", "label": "Built - Low (Selection)", "tooltip_title": "Source layer: Built - Low (Selection)", "tooltip_body": "Selection-based low built area proxy.<br>Clipped to Bornholm DAGI Landsdel landmass." }, "geometry": { "type": "Polygon", "coordinates": [ [ [ 14.905962768495627, 55.07694223518655, 76.2 ], [ 14.906684763884158, 55.076913760497533, 76.55 ], [ 14.906477658737879, 55.076565795373938, 75.94 ], [ 14.905782087335137, 55.076607387744581, 74.78 ], [ 14.905962768495627, 55.07694223518655, 76.2 ] ] ] } },
{ "type": "Feature", "properties": { "layer_id": "built_low_selection", "label": "Built - Low (Selection)", "tooltip_title": "Source layer: Built - Low (Selection)", "tooltip_body": "Selection-based low built area proxy.<br>Clipped to Bornholm DAGI Landsdel landmass." }, "geometry": { "type": "Polygon", "coordinates": [ [ [ 14.915239077214371, 55.076291946737982, 76.32 ], [ 14.914566363306511, 55.076151877161792, 75.13 ], [ 14.91436099430048, 55.076671451304598, 76.81 ], [ 14.91533788147013, 55.076646617981218, 76.91 ], [ 14.915239077214371, 55.076291946737982, 76.32 ] ] ] } },
{ "type": "Feature", "properties": { "layer_id": "built_low_selection", "label": "Built - Low (Selection)", "tooltip_title": "Source layer: Built - Low (Selection)", "tooltip_body": "Selection-based low built area proxy.<br>Clipped to Bornholm DAGI Landsdel landmass." }, "geometry": { "type": "Polygon", "coordinates": [ [ [ 14.92125337183416, 55.076073380054865, 78.34 ], [ 14.922948630617118, 55.075886850915872, 76.02 ], [ 14.922841706666205, 55.074513623881941, 75.02 ], [ 14.921487828907825, 55.074659188267923, 75.24 ], [ 14.922003286661941, 55.07508589519307, 75.17 ], [ 14.921158051877457, 55.075138031190825, 75.36 ], [ 14.92125337183416, 55.076073380054865, 78.34 ] ] ] } },
{ "type": "Feature", "properties": { "layer_id": "built_low_selection", "label": "Built - Low (Selection)", "tooltip_title": "Source layer: Built - Low (Selection)", "tooltip_body": "Selection-based low built area proxy.<br>Clipped to Bornholm DAGI Landsdel landmass." }, "geometry": { "type": "Polygon", "coordinates": [ [ [ 14.913543158403334, 55.081286949227646, 89.8 ], [ 14.915003543858456, 55.081655488471654, 85.47 ], [ 14.914642645911222, 55.081156668438013, 86.27 ], [ 14.915604097819518, 55.080961172063411, 82.21 ], [ 14.915593142420736, 55.080511019178665, 82.8 ], [ 14.914898677300622, 55.080499041136314, 85.32 ], [ 14.915043004208755, 55.080153226977608, 83.89 ], [ 14.9160164732284, 55.080299702708594, 82.76 ], [ 14.915172972420928, 55.079554679885831, 83.19 ], [ 14.915735264551303, 55.078163509061191, 82.49 ], [ 14.91350883460772, 55.078574600805212, 82.12 ], [ 14.914488460824575, 55.079711559856783, 81.74 ], [ 14.91442029511726, 55.080254877264139, 84.8 ], [ 14.9133171390891, 55.080618871139635, 87.53 ], [ 14.913543158403334, 55.081286949227646, 89.8 ] ] ] } },
{ "type": "Feature", "properties": { "layer_id": "built_low_selection", "label": "Built - Low (Selection)", "tooltip_title": "Source layer: Built - Low (Selection)", "tooltip_body": "Selection-based low built area proxy.<br>Clipped to Bornholm DAGI Landsdel landmass." }, "geometry": { "type": "Polygon", "coordinates": [ [ [ 14.911236997399397, 55.074657733069941, 74.21 ], [ 14.911286147592749, 55.07535792602561, 76.24 ], [ 14.911965435844927, 55.075087700317702, 74.65 ], [ 14.912344794252382, 55.075290961350348, 74.79 ], [ 14.911724526173609, 55.074605896216937, 73.92 ], [ 14.911236997399397, 55.074657733069941, 74.21 ] ] ] } },
{ "type": "Feature", "properties": { "layer_id": "built_low_selection", "label": "Built - Low (Selection)", "tooltip_title": "Source layer: Built - Low (Selection)", "tooltip_body": "Selection-based low built area proxy.<br>Clipped to Bornholm DAGI Landsdel landmass." }, "geometry": { "type": "Polygon", "coordinates": [ [ [ 14.928555195026682, 55.072154497195861, 71.4 ], [ 14.927777375178794, 55.071090076512512, 72.12 ], [ 14.928421746955824, 55.071289975761609, 71.62 ], [ 14.930145862757756, 55.070899812318707, 70.32 ], [ 14.928992372660478, 55.067705368874321, 73.06 ], [ 14.928563780707144, 55.067776275886231, 73.42 ], [ 14.927227659998858, 55.06593183074186, 75.48 ], [ 14.927827518629826, 55.065966539482282, 74.79 ], [ 14.927920946699096, 55.065528210681066, 73.34 ], [ 14.927067780878284, 55.06543556237299, 74.19 ], [ 14.927619159342045, 55.064191513021214, 68.71 ], [ 14.928209556536306, 55.064276828147364, 69.06 ], [ 14.929154496151522, 55.063318563722596, 64.79 ], [ 14.928242465979935, 55.063169291320371, 64.7 ], [ 14.928522679494877, 55.06256896481014, 63.06 ], [ 14.92573129801041, 55.063109372169542, 66.28 ], [ 14.925526613312114, 55.062795260401415, 66.15 ], [ 14.925174153994879, 55.062870451304704, 66.9 ], [ 14.925325357255719, 55.06323966267631, 67.16 ], [ 14.924531387648772, 55.063494143109708, 68.7 ], [ 14.923820301880159, 55.062994443541328, 69.71 ], [ 14.92430545238458, 55.062848226813763, 68.25 ], [ 14.924071396766697, 55.062573989643191, 69.14 ], [ 14.927403297857433, 55.061953198736546, 62.1 ], [ 14.927317034621176, 55.061243474941421, 61.09 ], [ 14.924899789127675, 55.061304184944703, 63.0 ], [ 14.92467029623019, 55.06196234531749, 65.65 ], [ 14.923815022587291, 55.060727661231653, 61.63 ], [ 14.92339214702864, 55.060722377391187, 61.81 ], [ 14.923571078763258, 55.061720265023624, 68.95 ], [ 14.923367338557927, 55.061527734308967, 68.23 ], [ 14.922497610549446, 55.061728101143601, 69.76 ], [ 14.923418628848831, 55.062611619599423, 70.98 ], [ 14.921358212173141, 55.063024228358238, 74.97 ], [ 14.921858871709427, 55.064259490469375, 73.5 ], [ 14.923847803267954, 55.063609714940981, 70.29 ], [ 14.924147147190164, 55.064240794345658, 71.35 ], [ 14.925311394248283, 55.064076632013659, 69.82 ], [ 14.925705121731159, 55.06433262628012, 70.4 ], [ 14.924310447767118, 55.064675768242957, 72.85 ], [ 14.924483095199012, 55.065312402618936, 76.82 ], [ 14.92251418026853, 55.065613965157588, 78.14 ], [ 14.92226623123428, 55.065076615469899, 74.51 ], [ 14.921415570501397, 55.065207169163422, 75.6 ], [ 14.921576673096043, 55.065688888730911, 78.03 ], [ 14.9224235191241, 55.065621451100775, 78.43 ], [ 14.922522556468445, 55.066859297525816, 82.82 ], [ 14.924278428024216, 55.066555173448165, 81.34 ], [ 14.924481890450167, 55.067075785652015, 80.75 ], [ 14.922012844790839, 55.067700833271545, 82.6 ], [ 14.922531698957481, 55.067932995878209, 81.98 ], [ 14.921201498754662, 55.068835096506433, 82.2 ], [ 14.921159345035674, 55.067922722314762, 83.15 ], [ 14.920245615066522, 55.067743400756804, 83.1 ], [ 14.920221363826579, 55.06728741366895, 82.82 ], [ 14.918955808570306, 55.067356172797069, 82.34 ], [ 14.918929938475461, 55.066440033919726, 79.05 ], [ 14.918081584216976, 55.066501668141868, 78.93 ], [ 14.917177999859495, 55.065919038171096, 79.0 ], [ 14.916563085972284, 55.066238196175654, 80.47 ], [ 14.916040395282415, 55.065418034702127, 80.2 ], [ 14.913741760978617, 55.066020199717613, 81.14 ], [ 14.913700133570776, 55.066641089243831, 82.2 ], [ 14.912634533988887, 55.066811133649949, 81.54 ], [ 14.912130820741689, 55.066223748041573, 78.5 ], [ 14.909831968349412, 55.066642637712789, 74.76 ], [ 14.909391263244233, 55.066437587162405, 74.07 ], [ 14.908338578947932, 55.0665634804731, 72.01 ], [ 14.908663480633335, 55.067454882276976, 74.69 ], [ 14.907347726491729, 55.067652184003997, 72.06 ], [ 14.906534698018215, 55.066681456640339, 69.32 ], [ 14.905592359495998, 55.066974539728335, 67.12 ], [ 14.906217703194507, 55.067820805231804, 69.87 ], [ 14.904245935319382, 55.068116350763383, 66.21 ], [ 14.90391612571144, 55.067712503364241, 65.23 ], [ 14.903266104096701, 55.067818220066933, 64.67 ], [ 14.904418757251458, 55.069973066500218, 68.43 ], [ 14.905815366167282, 55.069709744170268, 70.37 ], [ 14.907571862359084, 55.069738315228307, 73.23 ], [ 14.907712721963007, 55.069999203828935, 73.21 ], [ 14.9096651710041, 55.069846249892052, 76.03 ], [ 14.909711455145006, 55.070077531126671, 76.26 ], [ 14.913436258461354, 55.069926600200432, 80.85 ], [ 14.914269108904682, 55.070703118254016, 80.33 ], [ 14.912546440346516, 55.071498382434669, 79.39 ], [ 14.911067976672467, 55.071389897749839, 79.07 ], [ 14.911017026116829, 55.07098607830897, 80.17 ], [ 14.910595227783556, 55.071012114695115, 79.7 ], [ 14.910629620602865, 55.071236142392884, 79.73 ], [ 14.909802113409153, 55.071218825199672, 78.95 ], [ 14.907162191242959, 55.072003937423517, 75.67 ], [ 14.907894830921817, 55.072726136202476, 74.86 ], [ 14.907191228237153, 55.07296871365633, 74.17 ], [ 14.907925484965828, 55.07386512994529, 74.65 ], [ 14.906115994649795, 55.074485545242354, 73.4 ], [ 14.905741348466695, 55.074053813414309, 72.58 ], [ 14.903413693281765, 55.074834444410342, 69.38 ], [ 14.902810270801627, 55.074229363844843, 69.51 ], [ 14.902325516747375, 55.074325503759688, 69.32 ], [ 14.902585970638167, 55.074655755288241, 68.75 ], [ 14.901818590355656, 55.074862149281387, 67.93 ], [ 14.902095333239751, 55.075195390915951, 68.95 ], [ 14.901612932472393, 55.075361725481805, 68.19 ], [ 14.902346840482165, 55.075282370781366, 69.36 ], [ 14.902714861881993, 55.075649253999146, 70.24 ], [ 14.900578777855861, 55.076380806551597, 68.32 ], [ 14.900794347774605, 55.076627086842862, 68.45 ], [ 14.903376411559574, 55.076254659130605, 71.27 ], [ 14.903692883206229, 55.076613423929324, 71.78 ], [ 14.904519737712565, 55.076277364723587, 72.74 ], [ 14.903943871070121, 55.075441735187695, 70.86 ], [ 14.905682061731222, 55.075138844291075, 72.79 ], [ 14.90624493841432, 55.075869404711689, 73.89 ], [ 14.907438387272897, 55.075698421862064, 75.47 ], [ 14.906920687634203, 55.074832064841445, 73.8 ], [ 14.908382605953145, 55.074507469247699, 74.87 ], [ 14.909154301481285, 55.074800483230099, 74.63 ], [ 14.909723343335951, 55.074649434882602, 74.19 ], [ 14.908446773104759, 55.073687242733101, 74.85 ], [ 14.912392690183031, 55.072268240066641, 77.45 ], [ 14.912848310746833, 55.072632896925633, 75.5 ], [ 14.914435155229331, 55.072666576512908, 77.06 ], [ 14.915362477197162, 55.07388034868989, 78.68 ], [ 14.918953281573728, 55.074109410227841, 76.06 ], [ 14.918980346345409, 55.074318579223473, 75.54 ], [ 14.921254241553937, 55.073972405641733, 75.2 ], [ 14.92147523830312, 55.074563650925214, 75.38 ], [ 14.923127952782744, 55.074352004532365, 74.84 ], [ 14.922557739166766, 55.073558042452973, 74.54 ], [ 14.925594778500137, 55.072389028081709, 73.33 ], [ 14.927717185730348, 55.071829732258244, 71.68 ], [ 14.927924987435938, 55.072293409626681, 71.76 ], [ 14.928555195026682, 55.072154497195861, 71.4 ] ], [ [ 14.923300733108368, 55.070869052665742, 81.94 ], [ 14.923282154438182, 55.071554455807139, 80.49 ], [ 14.922787969061197, 55.070682510204108, 83.42 ], [ 14.922309868456733, 55.07098916732464, 83.45 ], [ 14.922657498559765, 55.071677944588991, 81.47 ], [ 14.921841141885871, 55.071601555883404, 82.77 ], [ 14.921885682381861, 55.071179033769091, 84.15 ], [ 14.921253645065031, 55.07121140542084, 84.51 ], [ 14.921081242168894, 55.071527088644601, 83.63 ], [ 14.919803842215289, 55.071375948821313, 84.42 ], [ 14.920577361477035, 55.069902150480303, 83.7 ], [ 14.920959752256541, 55.06974790878963, 83.24 ], [ 14.921353875277495, 55.070034958874999, 83.96 ], [ 14.924477412797156, 55.069447750098902, 78.98 ], [ 14.924842755387051, 55.070130975375875, 78.36 ], [ 14.924224619396185, 55.070250643442016, 80.74 ], [ 14.924169605398172, 55.070902894270247, 80.15 ], [ 14.923300733108368, 55.070869052665742, 81.94 ] ] ] } },
{ "type": "Feature", "properties": { "layer_id": "built_low_selection", "label": "Built - Low (Selection)", "tooltip_title": "Source layer: Built - Low (Selection)", "tooltip_body": "Selection-based low built area proxy.<br>Clipped to Bornholm DAGI Landsdel landmass." }, "geometry": { "type": "Polygon", "coordinates": [ [ [ 14.966193668029414, 55.204417407417097, 54.45 ], [ 14.966288710740834, 55.203704818008042, 52.91 ], [ 14.965310031268388, 55.203677673489587, 56.11 ], [ 14.964948777895575, 55.20424135720679, 58.52 ], [ 14.966193668029414, 55.204417407417097, 54.45 ] ] ] } },
{ "type": "Feature", "properties": { "layer_id": "built_low_selection", "label": "Built - Low (Selection)", "tooltip_title": "Source layer: Built - Low (Selection)", "tooltip_body": "Selection-based low built area proxy.<br>Clipped to Bornholm DAGI Landsdel landmass." }, "geometry": { "type": "Polygon", "coordinates": [ [ [ 14.96737174085353, 55.209094475630614, 44.8 ], [ 14.966654393221093, 55.208859319673557, 51.04 ], [ 14.96621230532026, 55.208907667281281, 57.34 ], [ 14.967003704091198, 55.209329879665951, 53.89 ], [ 14.96737174085353, 55.209094475630614, 44.8 ] ] ] } },
{ "type": "Feature", "properties": { "layer_id": "built_low_selection", "label": "Built - Low (Selection)", "tooltip_title": "Source layer: Built - Low (Selection)", "tooltip_body": "Selection-based low built area proxy.<br>Clipped to Bornholm DAGI Landsdel landmass." }, "geometry": { "type": "Polygon", "coordinates": [ [ [ 14.947047410347087, 55.207934198496538, 31.02 ], [ 14.946071624603004, 55.208564792740127, 11.11 ], [ 14.946617137395474, 55.207847929777998, 29.73 ], [ 14.944718962850351, 55.207929334337656, 27.35 ], [ 14.944116280967584, 55.20919277100095, 5.04 ], [ 14.946565706609707, 55.2092543926641, 6.21 ], [ 14.947611261320446, 55.208330300414971, 26.95 ], [ 14.949320012040834, 55.208780933604451, 31.3 ], [ 14.949572441443626, 55.208524594570981, 37.04 ], [ 14.947047410347087, 55.207934198496538, 31.02 ] ] ] } },
{ "type": "Feature", "properties": { "layer_id": "built_low_selection", "label": "Built - Low (Selection)", "tooltip_title": "Source layer: Built - Low (Selection)", "tooltip_body": "Selection-based low built area proxy.<br>Clipped to Bornholm DAGI Landsdel landmass." }, "geometry": { "type": "Polygon", "coordinates": [ [ [ 14.967006518136769, 55.215210479139088, 2.65 ], [ 14.970530386903333, 55.213987420327499, 2.58 ], [ 14.970311935521741, 55.213125462474352, 2.99 ], [ 14.970942133625481, 55.212902472030315, 3.15 ], [ 14.970616518321135, 55.212686630345644, 3.45 ], [ 14.971424962447948, 55.21217236027276, 2.99 ], [ 14.972733144759776, 55.211916865634578, 6.86 ], [ 14.972259847389658, 55.211307098211208, 21.06 ], [ 14.973550687200007, 55.211623703983236, 14.4 ], [ 14.975472550228501, 55.211030649864448, 17.18 ], [ 14.976673112005981, 55.208906904803548, 20.67 ], [ 14.97618960484896, 55.20777591316871, 22.82 ], [ 14.979313457717822, 55.206502554641496, 8.59 ], [ 14.979373771251469, 55.205828570940298, 5.07 ], [ 14.980873004916416, 55.205134755548372, 2.84 ], [ 14.980975721628031, 55.204187143752286, 3.88 ], [ 14.982067502559902, 55.203722776650011, 3.38 ], [ 14.982497308972205, 55.202595204209665, 2.61 ], [ 14.981873960017907, 55.202221903266015, 2.87 ], [ 14.981497682144438, 55.202321000208372, 3.5 ], [ 14.981597962887038, 55.201964215407585, 3.74 ], [ 14.98068323635645, 55.201600205616501, 8.72 ], [ 14.981375343215836, 55.201481608289036, 7.1 ], [ 14.980538010903823, 55.201059589197477, 12.82 ], [ 14.977305885934031, 55.203407637536515, 16.55 ], [ 14.971435560021522, 55.202342522871689, 36.36 ], [ 14.971115538707876, 55.202973617097577, 37.6 ], [ 14.97217042262397, 55.203058552681469, 34.46 ], [ 14.97195055128662, 55.203780973646872, 38.35 ], [ 14.972541880739305, 55.204104038313332, 37.38 ], [ 14.97335940839249, 55.204449927293183, 37.7 ], [ 14.973647666385887, 55.204068607911282, 33.81 ], [ 14.975601423559612, 55.204739657629446, 26.6 ], [ 14.976091095307131, 55.204356803393345, 23.5 ], [ 14.977041833807309, 55.204813612313295, 21.9 ], [ 14.976460769955246, 55.205886024723377, 26.92 ], [ 14.975741937759079, 55.205780282955786, 29.17 ], [ 14.975487804906674, 55.206144534395655, 30.15 ], [ 14.974187060826198, 55.20584473615893, 34.77 ], [ 14.973186389930168, 55.206610482786722, 39.57 ], [ 14.972204986605824, 55.20589189455314, 41.43 ], [ 14.971442195942695, 55.206302553865946, 43.68 ], [ 14.970713635274025, 55.205347892504442, 43.62 ], [ 14.969535435907122, 55.205651997200064, 47.78 ], [ 14.969575965632352, 55.205877879249073, 49.01 ], [ 14.968766337029983, 55.204573721047623, 48.12 ], [ 14.966465594690165, 55.205435291375338, 58.56 ], [ 14.962510678553667, 55.20383473568792, 68.51 ], [ 14.96213693025283, 55.204182045429441, 70.62 ], [ 14.964685436051502, 55.205739992125487, 69.32 ], [ 14.963813001463064, 55.206409872330447, 66.09 ], [ 14.964186016293201, 55.206853076709166, 65.67 ], [ 14.966547030477816, 55.207833538356248, 57.5 ], [ 14.966043264927842, 55.208100270306822, 53.93 ], [ 14.967090001574816, 55.208651390903057, 48.04 ], [ 14.96710490010893, 55.20826712147278, 48.31 ], [ 14.968082807151472, 55.208657483353086, 46.37 ], [ 14.968779274875711, 55.208518670744567, 46.37 ], [ 14.969427329114318, 55.209776925740009, 44.14 ], [ 14.968819567120986, 55.210124943303427, 44.51 ], [ 14.969209699447669, 55.2104760010928, 27.63 ], [ 14.968475482012662, 55.21080717750479, 38.33 ], [ 14.968747152650678, 55.211083383710204, 32.8 ], [ 14.968136995413358, 55.211473289866426, 38.66 ], [ 14.968685335868601, 55.211981342021183, 32.13 ], [ 14.968534733634538, 55.212895183410787, 12.43 ], [ 14.966886542396612, 55.213403474950766, 14.01 ], [ 14.966362772258137, 55.213053836297128, 22.7 ], [ 14.965924762816277, 55.213528284711224, 12.74 ], [ 14.96495552496552, 55.213353735091452, 14.05 ], [ 14.965138131638229, 55.212966279392553, 21.57 ], [ 14.962371045268158, 55.212867307546723, 30.61 ], [ 14.962047131390523, 55.21323981060609, 21.86 ], [ 14.966037273905888, 55.213851921663498, 6.5 ], [ 14.967297755369524, 55.214797790889477, 1.3 ], [ 14.967006518136769, 55.215210479139088, 2.65 ] ] ] } },
{ "type": "Feature", "properties": { "layer_id": "built_low_selection", "label": "Built - Low (Selection)", "tooltip_title": "Source layer: Built - Low (Selection)", "tooltip_body": "Selection-based low built area proxy.<br>Clipped to Bornholm DAGI Landsdel landmass." }, "geometry": { "type": "Polygon", "coordinates": [ [ [ 14.78978907124775, 55.157527812920137, 75.84 ], [ 14.788715278079255, 55.158197786684475, 72.8 ], [ 14.790954327105442, 55.159245813790022, 74.89 ], [ 14.790635116333091, 55.158400862919436, 75.43 ], [ 14.78978907124775, 55.157527812920137, 75.84 ] ] ] } },
{ "type": "Feature", "properties": { "layer_id": "built_low_selection", "label": "Built - Low (Selection)", "tooltip_title": "Source layer: Built - Low (Selection)", "tooltip_body": "Selection-based low built area proxy.<br>Clipped to Bornholm DAGI Landsdel landmass." }, "geometry": { "type": "Polygon", "coordinates": [ [ [ 14.856201869492823, 55.238734448793018, 30.08 ], [ 14.856638063597297, 55.238856857387383, 28.91 ], [ 14.85616618526406, 55.240943336091888, 8.48 ], [ 14.861937741886727, 55.23993763103433, 13.92 ], [ 14.86131409705453, 55.239493337349458, 20.5 ], [ 14.858208156200178, 55.240087793690613, 14.6 ], [ 14.856463430093145, 55.238218608880686, 33.22 ], [ 14.856201869492823, 55.238734448793018, 30.08 ] ] ] } },
{ "type": "Feature", "properties": { "layer_id": "built_low_selection", "label": "Built - Low (Selection)", "tooltip_title": "Source layer: Built - Low (Selection)", "tooltip_body": "Selection-based low built area proxy.<br>Clipped to Bornholm DAGI Landsdel landmass." }, "geometry": { "type": "Polygon", "coordinates": [ [ [ 14.893993271336388, 55.206656814005136, 102.87 ], [ 14.893550861610441, 55.207156761911591, 101.83 ], [ 14.893999781961172, 55.207382485835744, 101.21 ], [ 14.894458900174033, 55.206850846402851, 102.99 ], [ 14.893993271336388, 55.206656814005136, 102.87 ] ] ] } },
{ "type": "Feature", "properties": { "layer_id": "built_low_selection", "label": "Built - Low (Selection)", "tooltip_title": "Source layer: Built - Low (Selection)", "tooltip_body": "Selection-based low built area proxy.<br>Clipped to Bornholm DAGI Landsdel landmass." }, "geometry": { "type": "Polygon", "coordinates": [ [ [ 14.875749841886982, 55.208012641646285, 97.48 ], [ 14.878602776415955, 55.209754225912931, 99.83 ], [ 14.87957086728162, 55.208312888115593, 90.57 ], [ 14.87886849916501, 55.208099548533163, 90.0 ], [ 14.87818237274753, 55.208639128387439, 95.06 ], [ 14.877451764898691, 55.208228365820254, 93.3 ], [ 14.877786712121237, 55.207730616721527, 89.26 ], [ 14.877129914490711, 55.20747716287751, 88.35 ], [ 14.87658798570391, 55.208122206558095, 94.64 ], [ 14.876046619897606, 55.207809330923666, 97.07 ], [ 14.875749841886982, 55.208012641646285, 97.48 ] ] ] } },
{ "type": "Feature", "properties": { "layer_id": "built_low_selection", "label": "Built - Low (Selection)", "tooltip_title": "Source layer: Built - Low (Selection)", "tooltip_body": "Selection-based low built area proxy.<br>Clipped to Bornholm DAGI Landsdel landmass." }, "geometry": { "type": "Polygon", "coordinates": [ [ [ 14.877200585759605, 55.234063837458535, 7.31 ], [ 14.878570112933133, 55.233547059647314, 4.74 ], [ 14.878088679825364, 55.232904037642285, 7.23 ], [ 14.876602196439949, 55.233537375461594, 13.23 ], [ 14.877200585759605, 55.234063837458535, 7.31 ] ] ] } },
{ "type": "Feature", "properties": { "layer_id": "built_low_selection", "label": "Built - Low (Selection)", "tooltip_title": "Source layer: Built - Low (Selection)", "tooltip_body": "Selection-based low built area proxy.<br>Clipped to Bornholm DAGI Landsdel landmass." }, "geometry": { "type": "Polygon", "coordinates": [ [ [ 14.847465870643719, 55.228904177218794, 83.49 ], [ 14.848429727068815, 55.228431557311652, 87.5 ], [ 14.847290366055642, 55.228358148393028, 86.76 ], [ 14.847465870643719, 55.228904177218794, 83.49 ] ] ] } },
{ "type": "Feature", "properties": { "layer_id": "built_low_selection", "label": "Built - Low (Selection)", "tooltip_title": "Source layer: Built - Low (Selection)", "tooltip_body": "Selection-based low built area proxy.<br>Clipped to Bornholm DAGI Landsdel landmass." }, "geometry": { "type": "Polygon", "coordinates": [ [ [ 14.83781714567905, 55.245081233996856, 24.83 ], [ 14.838489891408527, 55.245314159212583, 23.69 ], [ 14.838134810186308, 55.245479833200257, 22.04 ], [ 14.838623343394989, 55.24563337441267, 22.02 ], [ 14.838825356514805, 55.245114766043919, 26.13 ], [ 14.838142015073323, 55.244840849723936, 28.98 ], [ 14.83781714567905, 55.245081233996856, 24.83 ] ] ] } },
{ "type": "Feature", "properties": { "layer_id": "built_low_selection", "label": "Built - Low (Selection)", "tooltip_title": "Source layer: Built - Low (Selection)", "tooltip_body": "Selection-based low built area proxy.<br>Clipped to Bornholm DAGI Landsdel landmass." }, "geometry": { "type": "Polygon", "coordinates": [ [ [ 14.875613743742647, 55.233751864683541, 17.8 ], [ 14.875296983295737, 55.233196215551793, 24.69 ], [ 14.875003290723189, 55.233304481942945, 23.94 ], [ 14.875613743742647, 55.233751864683541, 17.8 ] ] ] } },
{ "type": "Feature", "properties": { "layer_id": "built_low_selection", "label": "Built - Low (Selection)", "tooltip_title": "Source layer: Built - Low (Selection)", "tooltip_body": "Selection-based low built area proxy.<br>Clipped to Bornholm DAGI Landsdel landmass." }, "geometry": { "type": "Polygon", "coordinates": [ [ [ 14.862971972206221, 55.240249417682527, 9.92 ], [ 14.863579510652247, 55.2400317050312, 12.87 ], [ 14.863190315905317, 55.239700714244613, 17.71 ], [ 14.862843864705523, 55.239748833991854, 16.98 ], [ 14.862971972206221, 55.240249417682527, 9.92 ] ] ] } },
{ "type": "Feature", "properties": { "layer_id": "built_low_selection", "label": "Built - Low (Selection)", "tooltip_title": "Source layer: Built - Low (Selection)", "tooltip_body": "Selection-based low built area proxy.<br>Clipped to Bornholm DAGI Landsdel landmass." }, "geometry": { "type": "Polygon", "coordinates": [ [ [ 14.849885602934245, 55.235529741112771, 59.74 ], [ 14.849792202055848, 55.2350218072053, 63.6 ], [ 14.849230610720229, 55.234938535863833, 64.65 ], [ 14.848675654931357, 55.236055704880627, 60.49 ], [ 14.849769516847548, 55.236217629422228, 59.09 ], [ 14.85003508342621, 55.23581729544194, 58.56 ], [ 14.850986977938533, 55.236282762386729, 59.87 ], [ 14.852161112713928, 55.235323583359524, 60.95 ], [ 14.851285899762386, 55.234930508499403, 64.4 ], [ 14.850517447806, 55.235720902056805, 60.35 ], [ 14.849885602934245, 55.235529741112771, 59.74 ] ] ] } },
{ "type": "Feature", "properties": { "layer_id": "built_low_selection", "label": "Built - Low (Selection)", "tooltip_title": "Source layer: Built - Low (Selection)", "tooltip_body": "Selection-based low built area proxy.<br>Clipped to Bornholm DAGI Landsdel landmass." }, "geometry": { "type": "Polygon", "coordinates": [ [ [ 14.874166446444057, 55.234046666364335, 21.54 ], [ 14.873790328950095, 55.233868213288801, 25.04 ], [ 14.87310986347503, 55.234189432689391, 24.71 ], [ 14.873561399390429, 55.234745780229623, 22.72 ], [ 14.874166446444057, 55.234046666364335, 21.54 ] ] ] } },
{ "type": "Feature", "properties": { "layer_id": "built_low_selection", "label": "Built - Low (Selection)", "tooltip_title": "Source layer: Built - Low (Selection)", "tooltip_body": "Selection-based low built area proxy.<br>Clipped to Bornholm DAGI Landsdel landmass." }, "geometry": { "type": "Polygon", "coordinates": [ [ [ 14.863883276571645, 55.237750462971761, 26.78 ], [ 14.863966425446657, 55.239181026592966, 20.7 ], [ 14.865549335958772, 55.239498656182207, 9.85 ], [ 14.867866577615247, 55.239226185715779, 4.78 ], [ 14.87021115430022, 55.238333055998481, 4.99 ], [ 14.869994719830927, 55.238154265549703, 7.16 ], [ 14.867670728726811, 55.238825202439379, 8.74 ], [ 14.867496322200266, 55.238646090665696, 9.91 ], [ 14.865957465517765, 55.238835642901833, 12.29 ], [ 14.864737942646137, 55.238578100283505, 17.53 ], [ 14.863883276571645, 55.237750462971761, 26.78 ] ] ] } },
{ "type": "Feature", "properties": { "layer_id": "built_low_selection", "label": "Built - Low (Selection)", "tooltip_title": "Source layer: Built - Low (Selection)", "tooltip_body": "Selection-based low built area proxy.<br>Clipped to Bornholm DAGI Landsdel landmass." }, "geometry": { "type": "Polygon", "coordinates": [ [ [ 14.894076026301873, 55.206535405057181, 103.17 ], [ 14.894501038651123, 55.206265420299545, 104.15 ], [ 14.893816630658847, 55.206075873133308, 103.14 ], [ 14.893475471633856, 55.206299837284341, 103.09 ], [ 14.894076026301873, 55.206535405057181, 103.17 ] ] ] } },
{ "type": "Feature", "properties": { "layer_id": "built_low_selection", "label": "Built - Low (Selection)", "tooltip_title": "Source layer: Built - Low (Selection)", "tooltip_body": "Selection-based low built area proxy.<br>Clipped to Bornholm DAGI Landsdel landmass." }, "geometry": { "type": "Polygon", "coordinates": [ [ [ 14.862095382386581, 55.239662834997972, 17.96 ], [ 14.862184701553591, 55.239247559480582, 22.54 ], [ 14.86158357029187, 55.239332527667088, 22.4 ], [ 14.862095382386581, 55.239662834997972, 17.96 ] ] ] } },
{ "type": "Feature", "properties": { "layer_id": "built_low_selection", "label": "Built - Low (Selection)", "tooltip_title": "Source layer: Built - Low (Selection)", "tooltip_body": "Selection-based low built area proxy.<br>Clipped to Bornholm DAGI Landsdel landmass." }, "geometry": { "type": "Polygon", "coordinates": [ [ [ 14.847440101556778, 55.229528483211475, 79.51 ], [ 14.84552569187303, 55.228614392087906, 87.07 ], [ 14.844770426920498, 55.228917348103046, 88.7 ], [ 14.84657019955632, 55.229855237451005, 80.36 ], [ 14.845939700594863, 55.230242947937377, 80.32 ], [ 14.844919280875608, 55.229679641348021, 87.7 ], [ 14.844471476196013, 55.229915242863449, 88.74 ], [ 14.846362076885011, 55.230832116621066, 79.01 ], [ 14.847924341805815, 55.229470989276145, 77.72 ], [ 14.847440101556778, 55.229528483211475, 79.51 ] ] ] } },
{ "type": "Feature", "properties": { "layer_id": "built_low_selection", "label": "Built - Low (Selection)", "tooltip_title": "Source layer: Built - Low (Selection)", "tooltip_body": "Selection-based low built area proxy.<br>Clipped to Bornholm DAGI Landsdel landmass." }, "geometry": { "type": "Polygon", "coordinates": [ [ [ 14.897653039930496, 55.207612242896978, 104.08 ], [ 14.898338469109349, 55.207816844761929, 103.65 ], [ 14.898722586293752, 55.207472934922478, 104.4 ], [ 14.897901850554232, 55.207169116264495, 105.93 ], [ 14.897207901708448, 55.207618081537966, 102.83 ], [ 14.895323340280125, 55.206761665400748, 103.93 ], [ 14.894885107695407, 55.20701680922955, 103.16 ], [ 14.895877888563613, 55.20777180860027, 101.06 ], [ 14.897141884601906, 55.208143088428429, 100.13 ], [ 14.897128008589002, 55.20845922098988, 98.86 ], [ 14.89777710799463, 55.208520732828198, 98.61 ], [ 14.897911949947455, 55.208238974349491, 101.31 ], [ 14.897312883685032, 55.208168734330783, 100.14 ], [ 14.897653039930496, 55.207612242896978, 104.08 ] ] ] } },
{ "type": "Feature", "properties": { "layer_id": "built_low_selection", "label": "Built - Low (Selection)", "tooltip_title": "Source layer: Built - Low (Selection)", "tooltip_body": "Selection-based low built area proxy.<br>Clipped to Bornholm DAGI Landsdel landmass." }, "geometry": { "type": "Polygon", "coordinates": [ [ [ 14.876053971308144, 55.23522504689344, 2.64 ], [ 14.877501536112561, 55.234811554513009, 1.22 ], [ 14.877402879976742, 55.234478089794521, 4.01 ], [ 14.875757986552317, 55.233764251695689, 17.51 ], [ 14.874920206366323, 55.234655571591169, 15.5 ], [ 14.876053971308144, 55.23522504689344, 2.64 ] ] ] } },
{ "type": "Feature", "properties": { "layer_id": "built_low_selection", "label": "Built - Low (Selection)", "tooltip_title": "Source layer: Built - Low (Selection)", "tooltip_body": "Selection-based low built area proxy.<br>Clipped to Bornholm DAGI Landsdel landmass." }, "geometry": { "type": "Polygon", "coordinates": [ [ [ 14.894345858593839, 55.211786183147424, 89.24 ], [ 14.893070801189129, 55.211969621382821, 88.7 ], [ 14.890004723694302, 55.210974482700067, 91.37 ], [ 14.889672143413252, 55.211237631244579, 91.53 ], [ 14.889284210414607, 55.211043237218583, 92.0 ], [ 14.889625905739672, 55.210788470941381, 91.83 ], [ 14.888310062261521, 55.21018095953832, 93.63 ], [ 14.887099087897019, 55.210822444313912, 93.12 ], [ 14.89068900057573, 55.212130600287232, 90.75 ], [ 14.889400830735562, 55.212980211146807, 95.11 ], [ 14.88956789527518, 55.213263989074939, 96.27 ], [ 14.890625601081053, 55.213622645483269, 97.15 ], [ 14.89141589655954, 55.213116117323231, 92.39 ], [ 14.893202597063411, 55.215250161465292, 89.8 ], [ 14.895431840865637, 55.214388552450345, 83.0 ], [ 14.895098687265488, 55.214131830577955, 83.52 ], [ 14.895409829382265, 55.214009790385596, 82.77 ], [ 14.896230982410772, 55.214471608535845, 80.98 ], [ 14.896759078526694, 55.214289977864155, 80.73 ], [ 14.896208130450761, 55.213704054777224, 83.32 ], [ 14.896717918177201, 55.21305732507242, 86.26 ], [ 14.898131205074693, 55.212587154673734, 89.41 ], [ 14.897908658589659, 55.212268356655933, 90.58 ], [ 14.898613629849041, 55.21238657400778, 90.09 ], [ 14.898733913830968, 55.212841684010662, 86.73 ], [ 14.900150715240462, 55.212884391541657, 86.67 ], [ 14.899198964914961, 55.212520855594526, 89.36 ], [ 14.898505504267527, 55.211762970981532, 93.13 ], [ 14.896390488173489, 55.212209743250213, 90.82 ], [ 14.895410759295451, 55.211712403276827, 91.57 ], [ 14.8960111717653, 55.211018608293301, 94.77 ], [ 14.897448188709243, 55.210774615158954, 97.17 ], [ 14.89709675991902, 55.210481603995063, 98.7 ], [ 14.897398622240582, 55.209865301849959, 99.27 ], [ 14.896226964227258, 55.209677524177927, 97.14 ], [ 14.894345858593839, 55.211786183147424, 89.24 ] ] ] } },
{ "type": "Feature", "properties": { "layer_id": "built_low_selection", "label": "Built - Low (Selection)", "tooltip_title": "Source layer: Built - Low (Selection)", "tooltip_body": "Selection-based low built area proxy.<br>Clipped to Bornholm DAGI Landsdel landmass." }, "geometry": { "type": "Polygon", "coordinates": [ [ [ 14.847062877757573, 55.243163794873965, 25.02 ], [ 14.846207253480353, 55.243656939963927, 23.27 ], [ 14.847693270684205, 55.245424191198929, 10.73 ], [ 14.84885329684708, 55.245885885934953, 6.17 ], [ 14.850172275782599, 55.244831724607032, 8.79 ], [ 14.849801624369894, 55.244692455629597, 10.16 ], [ 14.850425177178046, 55.244493757892279, 9.48 ], [ 14.850548493540721, 55.244028155161693, 9.61 ], [ 14.849561690177394, 55.243644661933239, 15.8 ], [ 14.850057377904253, 55.243277644916624, 15.76 ], [ 14.85084414820048, 55.243658512499998, 4.77 ], [ 14.851013149387905, 55.243334032629861, 5.48 ], [ 14.849790493225282, 55.242780574820067, 20.18 ], [ 14.848917739703047, 55.243427787558709, 19.31 ], [ 14.846344264392672, 55.242770355369977, 28.0 ], [ 14.847062877757573, 55.243163794873965, 25.02 ] ] ] } },
{ "type": "Feature", "properties": { "layer_id": "built_low_selection", "label": "Built - Low (Selection)", "tooltip_title": "Source layer: Built - Low (Selection)", "tooltip_body": "Selection-based low built area proxy.<br>Clipped to Bornholm DAGI Landsdel landmass." }, "geometry": { "type": "Polygon", "coordinates": [ [ [ 15.108863919051924, 55.116822735051713, 59.24 ], [ 15.108448845424169, 55.116424572860176, 58.73 ], [ 15.107675732708364, 55.116574942357779, 61.23 ], [ 15.107912641847491, 55.117000709669107, 61.49 ], [ 15.108863919051924, 55.116822735051713, 59.24 ] ] ] } },
{ "type": "Feature", "properties": { "layer_id": "built_low_selection", "label": "Built - Low (Selection)", "tooltip_title": "Source layer: Built - Low (Selection)", "tooltip_body": "Selection-based low built area proxy.<br>Clipped to Bornholm DAGI Landsdel landmass." }, "geometry": { "type": "Polygon", "coordinates": [ [ [ 15.106667184080557, 55.117367883489379, 63.07 ], [ 15.10607589648717, 55.117212052351192, 63.8 ], [ 15.105556266587417, 55.117796167888272, 64.94 ], [ 15.10604710613582, 55.117915635489283, 63.47 ], [ 15.106223133935895, 55.11764323330793, 63.48 ], [ 15.107057976404187, 55.117876312090814, 62.11 ], [ 15.1072946093732, 55.117157500048549, 62.57 ], [ 15.106667184080557, 55.117367883489379, 63.07 ] ] ] } },
{ "type": "Feature", "properties": { "layer_id": "built_low_selection", "label": "Built - Low (Selection)", "tooltip_title": "Source layer: Built - Low (Selection)", "tooltip_body": "Selection-based low built area proxy.<br>Clipped to Bornholm DAGI Landsdel landmass." }, "geometry": { "type": "Polygon", "coordinates": [ [ [ 15.103917750656226, 55.116967896195149, 64.61 ], [ 15.105253162783589, 55.116802419490007, 65.22 ], [ 15.105122624312949, 55.116343745967498, 64.69 ], [ 15.103831794232114, 55.116294394963866, 64.17 ], [ 15.103917750656226, 55.116967896195149, 64.61 ] ] ] } },
{ "type": "Feature", "properties": { "layer_id": "built_low_selection", "label": "Built - Low (Selection)", "tooltip_title": "Source layer: Built - Low (Selection)", "tooltip_body": "Selection-based low built area proxy.<br>Clipped to Bornholm DAGI Landsdel landmass." }, "geometry": { "type": "Polygon", "coordinates": [ [ [ 15.138797260612654, 55.110141935470672, 21.99 ], [ 15.138921730085865, 55.109481032724297, 20.06 ], [ 15.137490622881778, 55.109603107165633, 23.15 ], [ 15.137600071236452, 55.110179696088515, 23.9 ], [ 15.138797260612654, 55.110141935470672, 21.99 ] ] ] } },
{ "type": "Feature", "properties": { "layer_id": "built_low_selection", "label": "Built - Low (Selection)", "tooltip_title": "Source layer: Built - Low (Selection)", "tooltip_body": "Selection-based low built area proxy.<br>Clipped to Bornholm DAGI Landsdel landmass." }, "geometry": { "type": "Polygon", "coordinates": [ [ [ 15.151598415028289, 55.13068989530916, 5.37 ], [ 15.152134088321276, 55.130129517461526, 2.6 ], [ 15.15167697205187, 55.129636912621685, 3.13 ], [ 15.151103733184852, 55.130172809027556, 7.74 ], [ 15.150132982755242, 55.130275472292332, 11.12 ], [ 15.150404032692727, 55.13099019011262, 8.51 ], [ 15.151598415028289, 55.13068989530916, 5.37 ] ] ] } },
{ "type": "Feature", "properties": { "layer_id": "built_low_selection", "label": "Built - Low (Selection)", "tooltip_title": "Source layer: Built - Low (Selection)", "tooltip_body": "Selection-based low built area proxy.<br>Clipped to Bornholm DAGI Landsdel landmass." }, "geometry": { "type": "Polygon", "coordinates": [ [ [ 15.12851393629653, 55.138474651811237, 24.97 ], [ 15.129265148307425, 55.138087643255446, 25.91 ], [ 15.128889508292223, 55.137722935811652, 24.27 ], [ 15.128103669699303, 55.138263950221813, 24.13 ], [ 15.12851393629653, 55.138474651811237, 24.97 ] ] ] } },
{ "type": "Feature", "properties": { "layer_id": "built_low_selection", "label": "Built - Low (Selection)", "tooltip_title": "Source layer: Built - Low (Selection)", "tooltip_body": "Selection-based low built area proxy.<br>Clipped to Bornholm DAGI Landsdel landmass." }, "geometry": { "type": "Polygon", "coordinates": [ [ [ 15.151675419786384, 55.131243810824074, 6.5 ], [ 15.151483052129496, 55.131887280913787, 6.2 ], [ 15.152839204547826, 55.131754182176216, 6.05 ], [ 15.152450039402751, 55.131376182526779, 4.79 ], [ 15.151675419786384, 55.131243810824074, 6.5 ] ] ] } },
{ "type": "Feature", "properties": { "layer_id": "built_low_selection", "label": "Built - Low (Selection)", "tooltip_title": "Source layer: Built - Low (Selection)", "tooltip_body": "Selection-based low built area proxy.<br>Clipped to Bornholm DAGI Landsdel landmass." }, "geometry": { "type": "Polygon", "coordinates": [ [ [ 15.133486969742721, 55.137376711346732, 29.45 ], [ 15.134091875682723, 55.137732615146568, 27.94 ], [ 15.134660933643911, 55.137418613029176, 27.7 ], [ 15.134170111210102, 55.137047224254971, 29.02 ], [ 15.133486969742721, 55.137376711346732, 29.45 ] ] ] } },
{ "type": "Feature", "properties": { "layer_id": "built_low_selection", "label": "Built - Low (Selection)", "tooltip_title": "Source layer: Built - Low (Selection)", "tooltip_body": "Selection-based low built area proxy.<br>Clipped to Bornholm DAGI Landsdel landmass." }, "geometry": { "type": "Polygon", "coordinates": [ [ [ 15.145297292575657, 55.120193957688826, 5.71 ], [ 15.145283394423998, 55.119553286927967, 4.76 ], [ 15.14425401301582, 55.119649062742276, 7.94 ], [ 15.144195856430224, 55.119338927922833, 7.93 ], [ 15.14626681618585, 55.119292889874707, 1.33 ], [ 15.145662470218362, 55.118193270203093, 2.65 ], [ 15.145033842323187, 55.118182683502454, 4.43 ], [ 15.145122041762077, 55.117445000950902, 4.71 ], [ 15.144024671719016, 55.117554933012009, 6.81 ], [ 15.144130597563622, 55.118189414803574, 6.94 ], [ 15.143500062868895, 55.118309208314301, 7.9 ], [ 15.143409196654755, 55.119301034019792, 8.7 ], [ 15.143908400196048, 55.120081561477967, 8.07 ], [ 15.145297292575657, 55.120193957688826, 5.71 ] ] ] } },
{ "type": "Feature", "properties": { "layer_id": "built_low_selection", "label": "Built - Low (Selection)", "tooltip_title": "Source layer: Built - Low (Selection)", "tooltip_body": "Selection-based low built area proxy.<br>Clipped to Bornholm DAGI Landsdel landmass." }, "geometry": { "type": "Polygon", "coordinates": [ [ [ 15.151669804250631, 55.132288775705661, 3.22 ], [ 15.151244828662103, 55.132161375823898, 3.09 ], [ 15.151130886850433, 55.132346694379862, 2.41 ], [ 15.151669804250631, 55.132288775705661, 3.22 ] ] ] } },
{ "type": "Feature", "properties": { "layer_id": "built_low_selection", "label": "Built - Low (Selection)", "tooltip_title": "Source layer: Built - Low (Selection)", "tooltip_body": "Selection-based low built area proxy.<br>Clipped to Bornholm DAGI Landsdel landmass." }, "geometry": { "type": "Polygon", "coordinates": [ [ [ 15.099813800195111, 55.148393675220774, 6.35 ], [ 15.100297012405663, 55.148525624072299, 3.79 ], [ 15.100723060229182, 55.148377716593835, 3.44 ], [ 15.100507445673037, 55.148176052760768, 7.26 ], [ 15.101707998647196, 55.147913600534878, 6.12 ], [ 15.101577394003336, 55.147409904521702, 14.75 ], [ 15.100026120412206, 55.147779202124639, 13.14 ], [ 15.099510389318189, 55.147253069530571, 20.43 ], [ 15.099813800195111, 55.148393675220774, 6.35 ] ] ] } },
{ "type": "Feature", "properties": { "layer_id": "built_low_selection", "label": "Built - Low (Selection)", "tooltip_title": "Source layer: Built - Low (Selection)", "tooltip_body": "Selection-based low built area proxy.<br>Clipped to Bornholm DAGI Landsdel landmass." }, "geometry": { "type": "Polygon", "coordinates": [ [ [ 15.119077502524265, 55.141767842602732, 13.54 ], [ 15.118164544876276, 55.141428106829714, 14.46 ], [ 15.118764594967013, 55.141310713275601, 17.87 ], [ 15.117828123277775, 55.140601730885699, 23.22 ], [ 15.117682458866701, 55.139639686639967, 26.33 ], [ 15.115274872059707, 55.139547559401514, 24.23 ], [ 15.114764761339723, 55.139037143646654, 26.31 ], [ 15.11400971241339, 55.139280275793283, 23.74 ], [ 15.116235735015948, 55.140436403716706, 19.18 ], [ 15.116522784887511, 55.141125706363106, 21.83 ], [ 15.117656197196704, 55.141123086678043, 19.69 ], [ 15.117145948204099, 55.141975908846184, 8.6 ], [ 15.115432190093173, 55.141299758178583, 12.21 ], [ 15.113911974841223, 55.14148912810316, 20.52 ], [ 15.113950994327904, 55.141713706501186, 19.9 ], [ 15.110238735066835, 55.141632681392643, 25.52 ], [ 15.11081119622119, 55.142570282714225, 21.42 ], [ 15.112094969452155, 55.142916351221196, 18.52 ], [ 15.111770103399142, 55.14321597006311, 17.16 ], [ 15.10770587252852, 55.144558020280513, 17.94 ], [ 15.106601643888716, 55.144185498730899, 24.24 ], [ 15.106272788702306, 55.144426595681637, 21.62 ], [ 15.10782746871608, 55.144678501692155, 15.48 ], [ 15.107763821740898, 55.145246707262238, 10.95 ], [ 15.105383520724525, 55.145199193358565, 20.23 ], [ 15.106017599253692, 55.145663256677253, 11.47 ], [ 15.105554606505107, 55.146007798919364, 11.6 ], [ 15.104163215554369, 55.146175436978609, 14.87 ], [ 15.103955455420502, 55.145770613539788, 20.3 ], [ 15.100244206928989, 55.14707511905732, 25.31 ], [ 15.100431102906718, 55.147358271424501, 19.98 ], [ 15.101965717875702, 55.146817738265561, 21.53 ], [ 15.10256913388667, 55.147144337775991, 13.53 ], [ 15.102041005151255, 55.147271269721436, 14.73 ], [ 15.102343001051834, 55.14777202607911, 12.72 ], [ 15.104456131600998, 55.147146205398769, 5.02 ], [ 15.105643173931536, 55.147552941975519, 2.93 ], [ 15.106621349363996, 55.146285242426458, 3.72 ], [ 15.109028392450606, 55.145587112645529, 3.37 ], [ 15.110148462548461, 55.145868775937757, 1.69 ], [ 15.111329008904107, 55.145572025457568, 1.41 ], [ 15.111861182647129, 55.145977979598172, 1.38 ], [ 15.111626253950421, 55.14534943268805, 3.66 ], [ 15.115180988861699, 55.144433679278769, 3.31 ], [ 15.114916515500738, 55.143794199752328, 7.83 ], [ 15.117480100012525, 55.142993288170096, 3.28 ], [ 15.117009505429978, 55.14245918935849, 6.6 ], [ 15.119077502524265, 55.141767842602732, 13.54 ] ] ] } },
{ "type": "Feature", "properties": { "layer_id": "built_low_selection", "label": "Built - Low (Selection)", "tooltip_title": "Source layer: Built - Low (Selection)", "tooltip_body": "Selection-based low built area proxy.<br>Clipped to Bornholm DAGI Landsdel landmass." }, "geometry": { "type": "Polygon", "coordinates": [ [ [ 15.099796205160873, 55.100592029020092, 77.75 ], [ 15.098701920474181, 55.101462601216305, 74.32 ], [ 15.098815219756951, 55.102208021396279, 73.67 ], [ 15.099409006306312, 55.102272995570083, 74.16 ], [ 15.101033724404839, 55.101891144539543, 77.11 ], [ 15.10080313495456, 55.100716727543059, 76.19 ], [ 15.100326485712177, 55.100902217308686, 74.78 ], [ 15.099796205160873, 55.100592029020092, 77.75 ] ] ] } },
{ "type": "Feature", "properties": { "layer_id": "built_low_selection", "label": "Built - Low (Selection)", "tooltip_title": "Source layer: Built - Low (Selection)", "tooltip_body": "Selection-based low built area proxy.<br>Clipped to Bornholm DAGI Landsdel landmass." }, "geometry": { "type": "Polygon", "coordinates": [ [ [ 15.145224984733247, 55.107469181110886, 3.45 ], [ 15.147177533154426, 55.10748736404809, 2.06 ], [ 15.146726532826273, 55.106674427401188, 5.77 ], [ 15.147358099611862, 55.105513754840658, 3.56 ], [ 15.145545680417491, 55.105149561437514, 5.71 ], [ 15.144812335143291, 55.103743937704706, 11.6 ], [ 15.144212206419523, 55.103704807009549, 15.92 ], [ 15.145285690598513, 55.102986483688454, 5.88 ], [ 15.146487222267833, 55.101273806060917, 5.2 ], [ 15.146564123089846, 55.100136813398571, 5.02 ], [ 15.145225595072935, 55.099911507532497, 14.12 ], [ 15.145779544886539, 55.099013914790746, 12.6 ], [ 15.145283043946993, 55.098906963859264, 19.5 ], [ 15.14493753250489, 55.099383856229103, 16.45 ], [ 15.144365113317717, 55.099160178307535, 18.38 ], [ 15.144366703826007, 55.098687103882, 21.42 ], [ 15.144245101282372, 55.099899291161044, 19.12 ], [ 15.145154607558627, 55.100032787708926, 14.29 ], [ 15.144352173077314, 55.102134581221335, 15.08 ], [ 15.143928222780175, 55.102076805842913, 18.09 ], [ 15.141082001647487, 55.105311921557487, 23.79 ], [ 15.139943518215064, 55.107788508096903, 24.57 ], [ 15.139908425636548, 55.10822788923182, 24.05 ], [ 15.142642645382441, 55.107999865192696, 11.96 ], [ 15.142990850455087, 55.10845271516191, 4.87 ], [ 15.141776025522169, 55.109143768940349, 8.4 ], [ 15.139421630115317, 55.109797099307023, 19.76 ], [ 15.140136923367395, 55.109738947346671, 18.72 ], [ 15.141486397253173, 55.111878877128802, 10.32 ], [ 15.141961946125926, 55.11181204526337, 5.67 ], [ 15.143036404191662, 55.112469189606962, 4.15 ], [ 15.143178549490125, 55.110951531523092, 8.16 ], [ 15.144184528619926, 55.110848029434969, 6.29 ], [ 15.143965776500551, 55.110002976931142, 7.36 ], [ 15.143424221834442, 55.109839947784089, 6.94 ], [ 15.143826885279653, 55.109639661906101, 2.96 ], [ 15.143304304099438, 55.109111269659266, 3.34 ], [ 15.143606939997943, 55.108080001438324, 3.46 ], [ 15.145224984733247, 55.107469181110886, 3.45 ] ], [ [ 15.143312834499065, 55.105626550274792, 14.86 ], [ 15.142695242548443, 55.106131071671989, 16.74 ], [ 15.141558169881755, 55.105828082919601, 21.5 ], [ 15.141906456341529, 55.105306401154074, 21.1 ], [ 15.143312834499065, 55.105626550274792, 14.86 ] ] ] } },
{ "type": "Feature", "properties": { "layer_id": "built_low_selection", "label": "Built - Low (Selection)", "tooltip_title": "Source layer: Built - Low (Selection)", "tooltip_body": "Selection-based low built area proxy.<br>Clipped to Bornholm DAGI Landsdel landmass." }, "geometry": { "type": "Polygon", "coordinates": [ [ [ 15.139467728652585, 55.138392769845588, 7.13 ], [ 15.140084169983611, 55.138599672290226, 6.36 ], [ 15.139796212383834, 55.138195715714104, 8.78 ], [ 15.14020053425145, 55.138081806672346, 13.71 ], [ 15.14081878530463, 55.138900182472064, 9.38 ], [ 15.142233897333423, 55.13905812704251, 8.3 ], [ 15.142304560931253, 55.139366640175318, 5.81 ], [ 15.143018968133832, 55.139476729394424, 5.39 ], [ 15.142696317047104, 55.139815584604527, 3.83 ], [ 15.143683289701935, 55.139797167109414, 4.61 ], [ 15.144181741363575, 55.13895012690994, 6.28 ], [ 15.145026258623213, 55.138780700976795, 5.2 ], [ 15.145164819704416, 55.137578551204619, 4.71 ], [ 15.145543791517198, 55.137572517334597, 5.07 ], [ 15.145256234161678, 55.13676480052581, 4.4 ], [ 15.145689018110708, 55.136551285231221, 3.69 ], [ 15.144282124704151, 55.136741792591934, 4.96 ], [ 15.144012768685894, 55.135402531111829, 5.25 ], [ 15.145045793199817, 55.13474777838907, 6.28 ], [ 15.144924366321666, 55.133995944053375, 5.87 ], [ 15.146309266518848, 55.133230355981055, 3.56 ], [ 15.14965171262733, 55.132175626148943, 4.11 ], [ 15.148525569380357, 55.131743006674192, 7.77 ], [ 15.149206142015245, 55.131177196185426, 11.59 ], [ 15.149538084328986, 55.128069657989222, 9.1 ], [ 15.149213402953901, 55.127706842279991, 9.06 ], [ 15.14869238656431, 55.127621667137888, 10.62 ], [ 15.148537221686672, 55.127848419758607, 12.38 ], [ 15.148998880989112, 55.130109788835135, 12.52 ], [ 15.148234080897849, 55.130095845422211, 13.85 ], [ 15.148254110863824, 55.129719352132206, 14.15 ], [ 15.147341564062767, 55.129710273861114, 16.86 ], [ 15.147403403484416, 55.129203352906067, 17.22 ], [ 15.146903172666189, 55.129199056177136, 19.06 ], [ 15.146178844606357, 55.130015136650577, 19.4 ], [ 15.144051865637717, 55.13055571647314, 25.39 ], [ 15.141972888202153, 55.13162129839818, 27.26 ], [ 15.143028884333487, 55.133373498874654, 17.9 ], [ 15.142735258723311, 55.134062503273441, 16.97 ], [ 15.140236419700221, 55.133671333251073, 22.94 ], [ 15.140058979812054, 55.134228304738635, 23.65 ], [ 15.140798511681833, 55.134467425418428, 21.33 ], [ 15.139447980997941, 55.13557436030181, 21.54 ], [ 15.136719508940484, 55.134655823942836, 25.93 ], [ 15.135586138589332, 55.134586140995772, 26.03 ], [ 15.135151702532367, 55.13543026795795, 26.55 ], [ 15.133790239363272, 55.135094942959221, 25.9 ], [ 15.133290296977624, 55.135267596123668, 26.63 ], [ 15.132844845136287, 55.136237608261645, 27.5 ], [ 15.133934994941363, 55.136352991705046, 27.62 ], [ 15.135250132196491, 55.137057848933452, 26.77 ], [ 15.133976138947371, 55.138500127845404, 26.39 ], [ 15.134307273240681, 55.138778557885388, 25.53 ], [ 15.133297740379632, 55.138936163466731, 27.31 ], [ 15.1333613229477, 55.139399279703916, 26.83 ], [ 15.131229711553589, 55.140148927849012, 24.86 ], [ 15.129804930075348, 55.139390583609682, 27.46 ], [ 15.129849944265921, 55.139116114747239, 28.03 ], [ 15.128290720751652, 55.138618638966371, 24.87 ], [ 15.127144655180425, 55.139827566789194, 23.49 ], [ 15.127194612296819, 55.140648207182224, 20.66 ], [ 15.127496957460222, 55.141120887046291, 16.18 ], [ 15.128219270207728, 55.141015734824904, 17.83 ], [ 15.127754746946664, 55.141245552411291, 15.14 ], [ 15.12792733969837, 55.141587915571911, 13.21 ], [ 15.128343860796658, 55.141539613014579, 13.75 ], [ 15.128555234918901, 55.142258733979297, 9.44 ], [ 15.131029437192318, 55.141538122002657, 17.62 ], [ 15.133507636093229, 55.141319870049195, 19.26 ], [ 15.133668594201305, 55.141503619593486, 15.37 ], [ 15.134059634923581, 55.141406250665177, 15.02 ], [ 15.133842256499065, 55.141176638806499, 19.7 ], [ 15.135587608948958, 55.140826800488149, 15.49 ], [ 15.135427515005375, 55.140136252281671, 22.89 ], [ 15.136479179076785, 55.140059159157467, 17.93 ], [ 15.136923268540841, 55.138605043940636, 16.27 ], [ 15.138421162932087, 55.139155665219747, 7.32 ], [ 15.139467728652585, 55.138392769845588, 7.13 ] ] ] } },
{ "type": "Feature", "properties": { "layer_id": "built_low_selection", "label": "Built - Low (Selection)", "tooltip_title": "Source layer: Built - Low (Selection)", "tooltip_body": "Selection-based low built area proxy.<br>Clipped to Bornholm DAGI Landsdel landmass." }, "geometry": { "type": "Polygon", "coordinates": [ [ [ 14.836206326308387, 55.158730379426679, 99.06 ], [ 14.835452288421591, 55.159020466191215, 101.24 ], [ 14.836261584436755, 55.159330711956052, 99.16 ], [ 14.836644617936727, 55.159055021668379, 99.53 ], [ 14.836206326308387, 55.158730379426679, 99.06 ] ] ] } },
{ "type": "Feature", "properties": { "layer_id": "built_low_selection", "label": "Built - Low (Selection)", "tooltip_title": "Source layer: Built - Low (Selection)", "tooltip_body": "Selection-based low built area proxy.<br>Clipped to Bornholm DAGI Landsdel landmass." }, "geometry": { "type": "Polygon", "coordinates": [ [ [ 14.837524591005444, 55.1578851845277, 96.65 ], [ 14.836780647148716, 55.157655981570954, 97.6 ], [ 14.836102803195676, 55.157987335136653, 99.13 ], [ 14.83666482998442, 55.158369951355866, 98.91 ], [ 14.837524591005444, 55.1578851845277, 96.65 ] ] ] } },
{ "type": "Feature", "properties": { "layer_id": "built_low_selection", "label": "Built - Low (Selection)", "tooltip_title": "Source layer: Built - Low (Selection)", "tooltip_body": "Selection-based low built area proxy.<br>Clipped to Bornholm DAGI Landsdel landmass." }, "geometry": { "type": "Polygon", "coordinates": [ [ [ 14.839653278013484, 55.157623278635903, 91.1 ], [ 14.840652999040234, 55.157525081171535, 89.02 ], [ 14.839632991876519, 55.157016224187011, 91.83 ], [ 14.838893109816967, 55.157375692924674, 93.7 ], [ 14.839653278013484, 55.157623278635903, 91.1 ] ] ] } },
{ "type": "Feature", "properties": { "layer_id": "built_low_selection", "label": "Built - Low (Selection)", "tooltip_title": "Source layer: Built - Low (Selection)", "tooltip_body": "Selection-based low built area proxy.<br>Clipped to Bornholm DAGI Landsdel landmass." }, "geometry": { "type": "Polygon", "coordinates": [ [ [ 14.807311811107073, 55.183537876692988, 113.67 ], [ 14.806513440278918, 55.183404614783001, 113.62 ], [ 14.806628506948281, 55.183919362072892, 114.38 ], [ 14.806222970798052, 55.183828096379699, 114.46 ], [ 14.806036146835853, 55.184139228596322, 115.16 ], [ 14.807189307225812, 55.184364111766861, 113.67 ], [ 14.807311811107073, 55.183537876692988, 113.67 ] ] ] } },
{ "type": "Feature", "properties": { "layer_id": "built_low_selection", "label": "Built - Low (Selection)", "tooltip_title": "Source layer: Built - Low (Selection)", "tooltip_body": "Selection-based low built area proxy.<br>Clipped to Bornholm DAGI Landsdel landmass." }, "geometry": { "type": "Polygon", "coordinates": [ [ [ 14.825255866884065, 55.1803101185141, 110.51 ], [ 14.825011722830789, 55.181237816892406, 111.53 ], [ 14.826157016681581, 55.181343164730734, 109.48 ], [ 14.826375226841735, 55.180911210390974, 109.51 ], [ 14.825478358676085, 55.180715636799512, 110.79 ], [ 14.825602952579068, 55.180333003145741, 110.81 ], [ 14.825255866884065, 55.1803101185141, 110.51 ] ] ] } },
{ "type": "Feature", "properties": { "layer_id": "built_low_selection", "label": "Built - Low (Selection)", "tooltip_title": "Source layer: Built - Low (Selection)", "tooltip_body": "Selection-based low built area proxy.<br>Clipped to Bornholm DAGI Landsdel landmass." }, "geometry": { "type": "Polygon", "coordinates": [ [ [ 14.834459234582768, 55.159546637308416, 102.37 ], [ 14.835171690212036, 55.159903131977408, 100.69 ], [ 14.835527648123199, 55.159657193686527, 101.38 ], [ 14.83472202541174, 55.159366662082618, 102.02 ], [ 14.834459234582768, 55.159546637308416, 102.37 ] ] ] } },
{ "type": "Feature", "properties": { "layer_id": "built_low_selection", "label": "Built - Low (Selection)", "tooltip_title": "Source layer: Built - Low (Selection)", "tooltip_body": "Selection-based low built area proxy.<br>Clipped to Bornholm DAGI Landsdel landmass." }, "geometry": { "type": "Polygon", "coordinates": [ [ [ 14.812086585715559, 55.176742612567388, 111.8 ], [ 14.812512435229495, 55.176902293840058, 111.69 ], [ 14.812923782045145, 55.176552233581539, 111.73 ], [ 14.812454735067051, 55.17637463452747, 111.65 ], [ 14.812086585715559, 55.176742612567388, 111.8 ] ] ] } },
{ "type": "Feature", "properties": { "layer_id": "built_low_selection", "label": "Built - Low (Selection)", "tooltip_title": "Source layer: Built - Low (Selection)", "tooltip_body": "Selection-based low built area proxy.<br>Clipped to Bornholm DAGI Landsdel landmass." }, "geometry": { "type": "Polygon", "coordinates": [ [ [ 14.796548669798732, 55.170681384692486, 89.31 ], [ 14.796475986441298, 55.169421563387139, 85.77 ], [ 14.797251956131211, 55.169440993269319, 92.24 ], [ 14.797384540040646, 55.16908132924992, 90.15 ], [ 14.795467662076868, 55.169109923411689, 85.42 ], [ 14.795970654169992, 55.170333288655897, 87.69 ], [ 14.796548669798732, 55.170681384692486, 89.31 ] ] ] } },
{ "type": "Feature", "properties": { "layer_id": "built_low_selection", "label": "Built - Low (Selection)", "tooltip_title": "Source layer: Built - Low (Selection)", "tooltip_body": "Selection-based low built area proxy.<br>Clipped to Bornholm DAGI Landsdel landmass." }, "geometry": { "type": "Polygon", "coordinates": [ [ [ 14.807570639299431, 55.182751039590869, 113.94 ], [ 14.807328701326091, 55.181686011021064, 110.37 ], [ 14.806802381123202, 55.18198194728906, 111.22 ], [ 14.806990917697107, 55.182689704957625, 112.5 ], [ 14.807570639299431, 55.182751039590869, 113.94 ] ] ] } },
{ "type": "Feature", "properties": { "layer_id": "built_low_selection", "label": "Built - Low (Selection)", "tooltip_title": "Source layer: Built - Low (Selection)", "tooltip_body": "Selection-based low built area proxy.<br>Clipped to Bornholm DAGI Landsdel landmass." }, "geometry": { "type": "Polygon", "coordinates": [ [ [ 14.84171286998208, 55.156075585801169, 88.31 ], [ 14.842554236410839, 55.156606699665552, 88.36 ], [ 14.843742768201983, 55.1561292121769, 88.16 ], [ 14.842856089209267, 55.15551323110472, 87.55 ], [ 14.84171286998208, 55.156075585801169, 88.31 ] ] ] } },
{ "type": "Feature", "properties": { "layer_id": "built_low_selection", "label": "Built - Low (Selection)", "tooltip_title": "Source layer: Built - Low (Selection)", "tooltip_body": "Selection-based low built area proxy.<br>Clipped to Bornholm DAGI Landsdel landmass." }, "geometry": { "type": "Polygon", "coordinates": [ [ [ 14.814132000219951, 55.17776269252299, 109.66 ], [ 14.814737082080734, 55.177233483040524, 112.17 ], [ 14.81416850816767, 55.177020771470801, 111.97 ], [ 14.814595373335191, 55.176646736699745, 112.41 ], [ 14.813871380909182, 55.176381143751954, 111.9 ], [ 14.812908555968876, 55.177469131929016, 111.75 ], [ 14.814132000219951, 55.17776269252299, 109.66 ] ] ] } },
{ "type": "Feature", "properties": { "layer_id": "built_low_selection", "label": "Built - Low (Selection)", "tooltip_title": "Source layer: Built - Low (Selection)", "tooltip_body": "Selection-based low built area proxy.<br>Clipped to Bornholm DAGI Landsdel landmass." }, "geometry": { "type": "Polygon", "coordinates": [ [ [ 14.807611644089956, 55.181212202625012, 110.18 ], [ 14.808114815006443, 55.18177862180999, 111.69 ], [ 14.809408871148598, 55.181518455186932, 113.21 ], [ 14.807985851753775, 55.180936944819628, 111.96 ], [ 14.807611644089956, 55.181212202625012, 110.18 ] ] ] } },
{ "type": "Feature", "properties": { "layer_id": "built_low_selection", "label": "Built - Low (Selection)", "tooltip_title": "Source layer: Built - Low (Selection)", "tooltip_body": "Selection-based low built area proxy.<br>Clipped to Bornholm DAGI Landsdel landmass." }, "geometry": { "type": "Polygon", "coordinates": [ [ [ 14.839528574902332, 55.157001077107793, 92.38 ], [ 14.841071072335925, 55.156253453301773, 89.41 ], [ 14.840151121452722, 55.156039754749585, 90.91 ], [ 14.838853841701129, 55.156758117672034, 93.2 ], [ 14.839528574902332, 55.157001077107793, 92.38 ] ] ] } },
{ "type": "Feature", "properties": { "layer_id": "built_low_selection", "label": "Built - Low (Selection)", "tooltip_title": "Source layer: Built - Low (Selection)", "tooltip_body": "Selection-based low built area proxy.<br>Clipped to Bornholm DAGI Landsdel landmass." }, "geometry": { "type": "Polygon", "coordinates": [ [ [ 14.826913615529698, 55.180844888885915, 110.03 ], [ 14.827770887190034, 55.180989146303652, 110.12 ], [ 14.82762449994995, 55.181299097607074, 110.8 ], [ 14.828048053818319, 55.18136710219683, 111.19 ], [ 14.82843395554082, 55.181160805905627, 109.78 ], [ 14.829421211935149, 55.181293417001413, 109.91 ], [ 14.829575294079712, 55.180985614781648, 109.44 ], [ 14.82704432014966, 55.180569629620003, 110.32 ], [ 14.826913615529698, 55.180844888885915, 110.03 ] ] ] } },
{ "type": "Feature", "properties": { "layer_id": "built_low_selection", "label": "Built - Low (Selection)", "tooltip_title": "Source layer: Built - Low (Selection)", "tooltip_body": "Selection-based low built area proxy.<br>Clipped to Bornholm DAGI Landsdel landmass." }, "geometry": { "type": "Polygon", "coordinates": [ [ [ 14.805276258121241, 55.171238295475668, 99.5 ], [ 14.806059294783815, 55.170656607490386, 98.76 ], [ 14.805058971879943, 55.170379051280307, 98.2 ], [ 14.804776296472753, 55.170638677051365, 99.07 ], [ 14.801575753224213, 55.170925914485338, 95.21 ], [ 14.801366783056613, 55.169112835716447, 96.09 ], [ 14.805213100229714, 55.166550655878034, 86.34 ], [ 14.80484502130802, 55.166465882776833, 86.37 ], [ 14.803297002098638, 55.167607853182929, 93.46 ], [ 14.802818743438534, 55.167323893108481, 93.19 ], [ 14.802138306846722, 55.167928569076764, 97.19 ], [ 14.802049962554634, 55.167632020304296, 94.96 ], [ 14.800037507677077, 55.167883917400275, 96.04 ], [ 14.800335763493811, 55.168403787636898, 96.27 ], [ 14.799496628795351, 55.169032496072298, 96.43 ], [ 14.800326622566546, 55.168958584846166, 96.02 ], [ 14.798904502182156, 55.170874712052871, 94.11 ], [ 14.798510729604351, 55.170544572661932, 99.18 ], [ 14.797626057739031, 55.170598573363044, 91.82 ], [ 14.797911219645504, 55.171401205246958, 92.08 ], [ 14.798720489945582, 55.171016185978381, 93.46 ], [ 14.799017085306286, 55.171471682518614, 95.97 ], [ 14.799752484621868, 55.171488712210667, 96.95 ], [ 14.79919759667397, 55.17173808857855, 94.41 ], [ 14.800206425296857, 55.172839536537872, 95.91 ], [ 14.801789671525762, 55.172662687748463, 101.62 ], [ 14.801927819655637, 55.173759594150965, 106.73 ], [ 14.80082458067537, 55.174045507104942, 100.06 ], [ 14.800997348291716, 55.174795073618, 99.48 ], [ 14.801716610515603, 55.174871468128266, 108.87 ], [ 14.802438143507281, 55.175660552159655, 109.02 ], [ 14.801899404150547, 55.175673488756942, 105.32 ], [ 14.8019641806127, 55.176242042303741, 101.68 ], [ 14.803182933524274, 55.176473008382359, 108.26 ], [ 14.803621443955105, 55.176160934661581, 109.94 ], [ 14.803750481292804, 55.176477415437965, 108.17 ], [ 14.804333671914495, 55.17639492064734, 106.15 ], [ 14.805122371639861, 55.17519118118576, 106.35 ], [ 14.807092448189451, 55.175194198279421, 104.61 ], [ 14.807266705161487, 55.175461433064086, 104.62 ], [ 14.806585953360212, 55.175683728611084, 104.31 ], [ 14.808774689642378, 55.177010417931328, 105.02 ], [ 14.809220147182469, 55.176726798447547, 108.16 ], [ 14.808740648606571, 55.176594966692996, 106.87 ], [ 14.80987950438522, 55.175596994560252, 109.73 ], [ 14.812281144914074, 55.176309387210154, 111.56 ], [ 14.812833034991364, 55.175731507744203, 111.51 ], [ 14.812301102838003, 55.175336448388151, 110.22 ], [ 14.812548821956776, 55.175175792008815, 110.29 ], [ 14.810855200633821, 55.175032262582164, 109.24 ], [ 14.811413674170776, 55.174641683869694, 109.58 ], [ 14.810658083140954, 55.174306825694998, 109.61 ], [ 14.811156102301268, 55.173961179382722, 109.71 ], [ 14.810847812119869, 55.173818919358276, 110.19 ], [ 14.812092263106997, 55.172965493243076, 109.24 ], [ 14.81092903495831, 55.17196802402816, 106.0 ], [ 14.810482506152024, 55.171606954660497, 104.34 ], [ 14.810049303546441, 55.171797360430773, 105.4 ], [ 14.809917370202966, 55.171439703202608, 104.35 ], [ 14.807498142216305, 55.171388253279694, 102.44 ], [ 14.806028983984026, 55.17150571410388, 101.53 ], [ 14.806139922116682, 55.172007604702856, 101.77 ], [ 14.805523145009479, 55.171998450327237, 101.04 ], [ 14.805336617883722, 55.172337205627841, 103.06 ], [ 14.80414161596681, 55.171946869117477, 101.29 ], [ 14.804146507565809, 55.17137732942625, 98.59 ], [ 14.803676485699164, 55.17115995523605, 97.46 ], [ 14.805276258121241, 55.171238295475668, 99.5 ] ] ] } },
{ "type": "Feature", "properties": { "layer_id": "built_low_selection", "label": "Built - Low (Selection)", "tooltip_title": "Source layer: Built - Low (Selection)", "tooltip_body": "Selection-based low built area proxy.<br>Clipped to Bornholm DAGI Landsdel landmass." }, "geometry": { "type": "Polygon", "coordinates": [ [ [ 14.719924253540613, 55.147216941276554, 12.38 ], [ 14.71713613511039, 55.147187392632851, 11.35 ], [ 14.717094737049905, 55.150855243893574, 10.34 ], [ 14.717529835745646, 55.152319982673603, 7.48 ], [ 14.718120178009812, 55.152187962032947, 7.37 ], [ 14.718009282584818, 55.151887298418544, 10.32 ], [ 14.719067025768105, 55.151715273257928, 10.76 ], [ 14.719264524309688, 55.150977548735277, 10.91 ], [ 14.722695862621974, 55.151150768342696, 14.11 ], [ 14.722862509611838, 55.149931629671485, 13.01 ], [ 14.720159722331463, 55.149686493533203, 11.27 ], [ 14.719667705440928, 55.147711697153802, 12.04 ], [ 14.72111818500877, 55.147627744476495, 12.02 ], [ 14.721470500695078, 55.147933780879129, 11.88 ], [ 14.723986724240524, 55.148027621105797, 11.54 ], [ 14.72118693663259, 55.145065011762057, 10.8 ], [ 14.719865824875995, 55.144509957848399, 10.2 ], [ 14.719624936296304, 55.143890359286928, 10.95 ], [ 14.717562099396529, 55.144034352400325, 9.63 ], [ 14.71710588167354, 55.143097666562873, 11.64 ], [ 14.716331283646992, 55.143268870955978, 6.7 ], [ 14.716690567660457, 55.144976265450119, 9.81 ], [ 14.717982963697072, 55.144993945178982, 13.93 ], [ 14.720686131322966, 55.146734400381483, 11.81 ], [ 14.720782490879772, 55.14715277009514, 12.07 ], [ 14.719932464612466, 55.146891948338506, 13.11 ], [ 14.719924253540613, 55.147216941276554, 12.38 ] ] ] } },
{ "type": "Feature", "properties": { "layer_id": "built_low_selection", "label": "Built - Low (Selection)", "tooltip_title": "Source layer: Built - Low (Selection)", "tooltip_body": "Selection-based low built area proxy.<br>Clipped to Bornholm DAGI Landsdel landmass." }, "geometry": { "type": "Polygon", "coordinates": [ [ [ 14.749951049751596, 55.139490384560453, 43.29 ], [ 14.7505438104189, 55.139578633374555, 43.56 ], [ 14.750601577535166, 55.139025876081504, 43.02 ], [ 14.750054700753374, 55.138976775206977, 43.03 ], [ 14.749951049751596, 55.139490384560453, 43.29 ] ] ] } },
{ "type": "Feature", "properties": { "layer_id": "built_low_selection", "label": "Built - Low (Selection)", "tooltip_title": "Source layer: Built - Low (Selection)", "tooltip_body": "Selection-based low built area proxy.<br>Clipped to Bornholm DAGI Landsdel landmass." }, "geometry": { "type": "Polygon", "coordinates": [ [ [ 14.767509087091581, 55.142342902216427, 52.83 ], [ 14.765333398925112, 55.142286654758806, 49.08 ], [ 14.765713256069287, 55.142892922792171, 49.64 ], [ 14.766553363625357, 55.142430670621522, 50.95 ], [ 14.767509087091581, 55.142342902216427, 52.83 ] ] ] } },
{ "type": "Feature", "properties": { "layer_id": "built_low_selection", "label": "Built - Low (Selection)", "tooltip_title": "Source layer: Built - Low (Selection)", "tooltip_body": "Selection-based low built area proxy.<br>Clipped to Bornholm DAGI Landsdel landmass." }, "geometry": { "type": "Polygon", "coordinates": [ [ [ 14.73996882867662, 55.152573538593181, 18.27 ], [ 14.737871601516693, 55.152772964525255, 17.81 ], [ 14.738380598146506, 55.153485646462087, 17.79 ], [ 14.740221086692966, 55.153273766218071, 19.48 ], [ 14.73996882867662, 55.152573538593181, 18.27 ] ] ] } },
{ "type": "Feature", "properties": { "layer_id": "built_low_selection", "label": "Built - Low (Selection)", "tooltip_title": "Source layer: Built - Low (Selection)", "tooltip_body": "Selection-based low built area proxy.<br>Clipped to Bornholm DAGI Landsdel landmass." }, "geometry": { "type": "Polygon", "coordinates": [ [ [ 14.762033525962401, 55.141672451719351, 46.3 ], [ 14.760593495443569, 55.141912772291249, 45.1 ], [ 14.760951501198786, 55.142206367451095, 45.12 ], [ 14.762033525962401, 55.141672451719351, 46.3 ] ] ] } },
{ "type": "Feature", "properties": { "layer_id": "built_low_selection", "label": "Built - Low (Selection)", "tooltip_title": "Source layer: Built - Low (Selection)", "tooltip_body": "Selection-based low built area proxy.<br>Clipped to Bornholm DAGI Landsdel landmass." }, "geometry": { "type": "Polygon", "coordinates": [ [ [ 14.723149430845643, 55.156065304653247, 13.68 ], [ 14.723295948305941, 55.154135876724652, 12.59 ], [ 14.720216864308863, 55.153559096601789, 9.31 ], [ 14.719949956626881, 55.153254796328277, 7.39 ], [ 14.718896378365322, 55.153414479795508, 10.65 ], [ 14.718853986559276, 55.152989877988638, 7.26 ], [ 14.716851011167831, 55.153049293494639, 10.43 ], [ 14.71742175515849, 55.153569390802524, 10.74 ], [ 14.716442865476251, 55.155295095801819, 16.56 ], [ 14.717437175127685, 55.155308088302064, 12.75 ], [ 14.717327864110262, 55.156339709764246, 6.13 ], [ 14.718598377521383, 55.156711653451204, 6.59 ], [ 14.717247662784622, 55.156634242182179, 11.61 ], [ 14.717663028006488, 55.15806606369528, 13.23 ], [ 14.718450427098048, 55.157492503488427, 12.17 ], [ 14.719077916676405, 55.157807113328168, 11.95 ], [ 14.718625180718407, 55.158312358389871, 12.33 ], [ 14.719020620870625, 55.158514113485936, 13.26 ], [ 14.719127372749416, 55.158026771026456, 12.11 ], [ 14.719706739065302, 55.158070707014097, 12.45 ], [ 14.720031519061378, 55.157600736645229, 6.84 ], [ 14.720871386882473, 55.158021284198249, 6.88 ], [ 14.722230365140877, 55.157527549745133, 13.68 ], [ 14.723089473245683, 55.158017300906565, 12.03 ], [ 14.72295262783347, 55.158278408331512, 10.41 ], [ 14.724057929840949, 55.158184670080288, 11.97 ], [ 14.724425209444526, 55.157565504251821, 13.59 ], [ 14.725492559484245, 55.157520709984908, 13.73 ], [ 14.725475921680008, 55.15669278161964, 13.95 ], [ 14.723149430845643, 55.156065304653247, 13.68 ] ] ] } },
{ "type": "Feature", "properties": { "layer_id": "built_low_selection", "label": "Built - Low (Selection)", "tooltip_title": "Source layer: Built - Low (Selection)", "tooltip_body": "Selection-based low built area proxy.<br>Clipped to Bornholm DAGI Landsdel landmass." }, "geometry": { "type": "Polygon", "coordinates": [ [ [ 14.750562767475119, 55.139701333635479, 43.3 ], [ 14.752123564496781, 55.140389643342964, 41.68 ], [ 14.754343652163175, 55.142243708208547, 40.87 ], [ 14.757878932139315, 55.141581093939543, 44.5 ], [ 14.758110504642914, 55.141401059801396, 45.16 ], [ 14.757552712593878, 55.141077586529946, 45.96 ], [ 14.758400079359296, 55.14082839695255, 46.57 ], [ 14.758770401928821, 55.141225927980457, 45.4 ], [ 14.760316227537322, 55.140582451149562, 46.13 ], [ 14.763119788376235, 55.140296270006466, 47.61 ], [ 14.763530847184866, 55.140827426380611, 48.6 ], [ 14.764864841255829, 55.14068122201224, 49.77 ], [ 14.766178718471172, 55.141787699144615, 50.72 ], [ 14.766897337292734, 55.141543929803433, 52.56 ], [ 14.766263481314907, 55.141009135487565, 50.91 ], [ 14.76763324771084, 55.140932049155531, 52.69 ], [ 14.768242839228405, 55.142347044728268, 53.26 ], [ 14.768979071504113, 55.142286879961297, 54.62 ], [ 14.768683322376637, 55.140943765439253, 54.43 ], [ 14.770077867785226, 55.141014009609542, 56.07 ], [ 14.769533885023801, 55.139975525470106, 55.05 ], [ 14.770577842568095, 55.139938633715843, 56.23 ], [ 14.770827444403555, 55.139473250108637, 56.14 ], [ 14.770494658613318, 55.13882335131369, 55.96 ], [ 14.769589570897626, 55.13911812987412, 55.29 ], [ 14.768239922806417, 55.138290112920828, 54.28 ], [ 14.76737793886088, 55.138376679972346, 53.38 ], [ 14.767395011593496, 55.139218106266306, 53.94 ], [ 14.765484872543247, 55.139075711322484, 51.58 ], [ 14.765352785037884, 55.139523892784496, 51.57 ], [ 14.763723510611245, 55.139324210045537, 50.19 ], [ 14.762579059747182, 55.138565795329484, 49.16 ], [ 14.763213994939948, 55.138190175148161, 49.4 ], [ 14.762338111370637, 55.137851207256851, 48.21 ], [ 14.762057577256774, 55.138293462684189, 48.73 ], [ 14.757890551598363, 55.137094101037512, 45.75 ], [ 14.758022677206693, 55.136811025404825, 45.64 ], [ 14.756625823876357, 55.136358979220908, 43.36 ], [ 14.756894841678003, 55.136987986579022, 44.99 ], [ 14.75025015946385, 55.136687584913595, 42.26 ], [ 14.750124356590591, 55.137728500553365, 43.04 ], [ 14.751702882819458, 55.137837774894642, 43.1 ], [ 14.751819547153353, 55.139349991363645, 43.71 ], [ 14.750562767475119, 55.139701333635479, 43.3 ] ] ] } },
{ "type": "Feature", "properties": { "layer_id": "built_low_selection", "label": "Built - Low (Selection)", "tooltip_title": "Source layer: Built - Low (Selection)", "tooltip_body": "Selection-based low built area proxy.<br>Clipped to Bornholm DAGI Landsdel landmass." }, "geometry": { "type": "Polygon", "coordinates": [ [ [ 14.751241370865946, 55.100659791640787, 54.02 ], [ 14.750491696348963, 55.102462302268194, 56.95 ], [ 14.751022515695565, 55.102717305296913, 57.88 ], [ 14.751632243424451, 55.100790260645063, 54.22 ], [ 14.751241370865946, 55.100659791640787, 54.02 ] ] ] } },
{ "type": "Feature", "properties": { "layer_id": "built_low_selection", "label": "Built - Low (Selection)", "tooltip_title": "Source layer: Built - Low (Selection)", "tooltip_body": "Selection-based low built area proxy.<br>Clipped to Bornholm DAGI Landsdel landmass." }, "geometry": { "type": "Polygon", "coordinates": [ [ [ 14.706522382170926, 55.087478469845102, 14.96 ], [ 14.704738830341958, 55.087519439452748, 14.71 ], [ 14.703431590404053, 55.089128887584124, 14.76 ], [ 14.705094237593743, 55.089590247464209, 14.87 ], [ 14.706522382170926, 55.087478469845102, 14.96 ] ] ] } },
{ "type": "Feature", "properties": { "layer_id": "built_low_selection", "label": "Built - Low (Selection)", "tooltip_title": "Source layer: Built - Low (Selection)", "tooltip_body": "Selection-based low built area proxy.<br>Clipped to Bornholm DAGI Landsdel landmass." }, "geometry": { "type": "Polygon", "coordinates": [ [ [ 14.690046494465827, 55.100494029087976, 1.99 ], [ 14.690468077938254, 55.100162995731289, 1.92 ], [ 14.690575732985565, 55.100054791533758, 1.95 ], [ 14.690035861714, 55.100091162129779, 2.13 ], [ 14.690046494465827, 55.100494029087976, 1.99 ] ] ] } },
{ "type": "Feature", "properties": { "layer_id": "built_low_selection", "label": "Built - Low (Selection)", "tooltip_title": "Source layer: Built - Low (Selection)", "tooltip_body": "Selection-based low built area proxy.<br>Clipped to Bornholm DAGI Landsdel landmass." }, "geometry": { "type": "Polygon", "coordinates": [ [ [ 14.700062723672112, 55.106259592565948, 9.71 ], [ 14.699598946811221, 55.105903557551891, 9.65 ], [ 14.698900100571223, 55.106060848899013, 4.26 ], [ 14.699591452469713, 55.106713164814813, 4.7 ], [ 14.700062723672112, 55.106259592565948, 9.71 ] ] ] } },
{ "type": "Feature", "properties": { "layer_id": "built_low_selection", "label": "Built - Low (Selection)", "tooltip_title": "Source layer: Built - Low (Selection)", "tooltip_body": "Selection-based low built area proxy.<br>Clipped to Bornholm DAGI Landsdel landmass." }, "geometry": { "type": "Polygon", "coordinates": [ [ [ 14.752179512275768, 55.100026350668649, 54.32 ], [ 14.751129088703848, 55.099474953645327, 53.22 ], [ 14.751520450826668, 55.100177747683759, 53.84 ], [ 14.752179512275768, 55.100026350668649, 54.32 ] ] ] } },
{ "type": "Feature", "properties": { "layer_id": "built_low_selection", "label": "Built - Low (Selection)", "tooltip_title": "Source layer: Built - Low (Selection)", "tooltip_body": "Selection-based low built area proxy.<br>Clipped to Bornholm DAGI Landsdel landmass." }, "geometry": { "type": "Polygon", "coordinates": [ [ [ 14.746917882469164, 55.08564933257054, 35.44 ], [ 14.74819272415268, 55.08554180627614, 35.1 ], [ 14.747672189828807, 55.085226716720754, 35.31 ], [ 14.73850693817589, 55.088327391917282, 32.87 ], [ 14.739050717950407, 55.088792473943066, 32.97 ], [ 14.738162292447772, 55.089050604329856, 32.53 ], [ 14.738680030884979, 55.089485142100813, 32.52 ], [ 14.739419888416851, 55.089134560042041, 33.29 ], [ 14.739349149227108, 55.088582213874517, 33.51 ], [ 14.740432559297913, 55.08801995099271, 33.69 ], [ 14.742281402845618, 55.087165550051324, 34.19 ], [ 14.742799186981536, 55.087529313071194, 34.24 ], [ 14.743311906553856, 55.087285860736237, 34.33 ], [ 14.742895527880012, 55.086886246206973, 34.2 ], [ 14.743897739440756, 55.086535916634141, 33.8 ], [ 14.74434192890341, 55.086787299720605, 34.72 ], [ 14.746917882469164, 55.08564933257054, 35.44 ] ] ] } },
{ "type": "Feature", "properties": { "layer_id": "built_low_selection", "label": "Built - Low (Selection)", "tooltip_title": "Source layer: Built - Low (Selection)", "tooltip_body": "Selection-based low built area proxy.<br>Clipped to Bornholm DAGI Landsdel landmass." }, "geometry": { "type": "Polygon", "coordinates": [ [ [ 14.726225137771406, 55.103272033395953, 19.43 ], [ 14.723819064522745, 55.10537641243257, 18.13 ], [ 14.724190886958571, 55.105507956931575, 18.13 ], [ 14.723932837840788, 55.105818352286157, 20.65 ], [ 14.722287523337711, 55.107116275269163, 18.57 ], [ 14.724922196973635, 55.107339119642432, 25.08 ], [ 14.72586890875106, 55.10681081453528, 25.09 ], [ 14.727345329296615, 55.107074530454042, 29.39 ], [ 14.727320299193218, 55.106281834958544, 28.76 ], [ 14.727912331479818, 55.105913730015729, 27.56 ], [ 14.728988597951322, 55.103829342043745, 25.35 ], [ 14.726225137771406, 55.103272033395953, 19.43 ] ] ] } },
{ "type": "Feature", "properties": { "layer_id": "built_low_selection", "label": "Built - Low (Selection)", "tooltip_title": "Source layer: Built - Low (Selection)", "tooltip_body": "Selection-based low built area proxy.<br>Clipped to Bornholm DAGI Landsdel landmass." }, "geometry": { "type": "Polygon", "coordinates": [ [ [ 14.742172644716028, 55.096903887781103, 38.76 ], [ 14.741975136470112, 55.097310844930348, 38.04 ], [ 14.742349878000468, 55.097404927092946, 38.75 ], [ 14.742575112029002, 55.096951738136319, 38.55 ], [ 14.742172644716028, 55.096903887781103, 38.76 ] ] ] } },
{ "type": "Feature", "properties": { "layer_id": "built_low_selection", "label": "Built - Low (Selection)", "tooltip_title": "Source layer: Built - Low (Selection)", "tooltip_body": "Selection-based low built area proxy.<br>Clipped to Bornholm DAGI Landsdel landmass." }, "geometry": { "type": "Polygon", "coordinates": [ [ [ 14.741223605183862, 55.097447924855388, 38.54 ], [ 14.743307021782929, 55.095321790656371, 42.87 ], [ 14.741830263392146, 55.095599311382578, 41.5 ], [ 14.741235154665063, 55.094664603195547, 38.94 ], [ 14.740465529798533, 55.094913529236628, 37.32 ], [ 14.740598903894838, 55.095224362216818, 38.53 ], [ 14.739905824813468, 55.09531465161939, 36.38 ], [ 14.741223605183862, 55.097447924855388, 38.54 ] ] ] } },
{ "type": "Feature", "properties": { "layer_id": "built_low_selection", "label": "Built - Low (Selection)", "tooltip_title": "Source layer: Built - Low (Selection)", "tooltip_body": "Selection-based low built area proxy.<br>Clipped to Bornholm DAGI Landsdel landmass." }, "geometry": { "type": "Polygon", "coordinates": [ [ [ 14.692342461554052, 55.100891687863218, 2.43 ], [ 14.693492843154473, 55.100194585046381, 2.34 ], [ 14.69208270908759, 55.100149972458638, 2.06 ], [ 14.691534019459217, 55.100679515393566, 1.86 ], [ 14.689952819831648, 55.101001072114876, 1.85 ], [ 14.690004975208302, 55.101582927167641, 1.74 ], [ 14.691293484608723, 55.102901692831452, 1.79 ], [ 14.692983114089188, 55.10227654074351, 1.59 ], [ 14.692789255636338, 55.101087683605684, 2.57 ], [ 14.692342461554052, 55.100891687863218, 2.43 ] ] ] } },
{ "type": "Feature", "properties": { "layer_id": "built_low_selection", "label": "Built - Low (Selection)", "tooltip_title": "Source layer: Built - Low (Selection)", "tooltip_body": "Selection-based low built area proxy.<br>Clipped to Bornholm DAGI Landsdel landmass." }, "geometry": { "type": "Polygon", "coordinates": [ [ [ 14.756170263832081, 55.1106562427398, 68.41 ], [ 14.756259709300803, 55.110155000272513, 69.2 ], [ 14.755870588301191, 55.110632998457604, 68.59 ], [ 14.753261327390744, 55.110097153907155, 68.44 ], [ 14.753372221505261, 55.111834692341496, 68.53 ], [ 14.755370433659978, 55.111879720179559, 68.24 ], [ 14.759287131849529, 55.112727290649978, 68.62 ], [ 14.759379948118848, 55.111361777512258, 68.76 ], [ 14.756170263832081, 55.1106562427398, 68.41 ] ] ] } },
{ "type": "Feature", "properties": { "layer_id": "built_low_selection", "label": "Built - Low (Selection)", "tooltip_title": "Source layer: Built - Low (Selection)", "tooltip_body": "Selection-based low built area proxy.<br>Clipped to Bornholm DAGI Landsdel landmass." }, "geometry": { "type": "Polygon", "coordinates": [ [ [ 14.748965056158131, 55.10958225790295, 67.46 ], [ 14.747709125541292, 55.109450235652275, 66.63 ], [ 14.747485423842873, 55.11006782775803, 65.94 ], [ 14.74893795731743, 55.11012123032269, 66.4 ], [ 14.748965056158131, 55.10958225790295, 67.46 ] ] ] } },
{ "type": "Feature", "properties": { "layer_id": "built_low_selection", "label": "Built - Low (Selection)", "tooltip_title": "Source layer: Built - Low (Selection)", "tooltip_body": "Selection-based low built area proxy.<br>Clipped to Bornholm DAGI Landsdel landmass." }, "geometry": { "type": "Polygon", "coordinates": [ [ [ 14.7464453356092, 55.109216669977897, 65.75 ], [ 14.746350964225956, 55.109685638139432, 65.73 ], [ 14.746936795159266, 55.109757297724443, 65.66 ], [ 14.746815145333061, 55.108297440666526, 66.08 ], [ 14.746079361944535, 55.108076241970167, 65.69 ], [ 14.746377286735997, 55.107454960421734, 66.12 ], [ 14.745576022300909, 55.107216153139149, 65.15 ], [ 14.744332605922009, 55.107571953065928, 62.95 ], [ 14.743958482780117, 55.107438146638181, 62.19 ], [ 14.744266186146193, 55.107124636084635, 62.8 ], [ 14.742700436610964, 55.107297352615966, 61.74 ], [ 14.742061106991299, 55.107067428228326, 61.09 ], [ 14.740143179687006, 55.106179049896554, 58.81 ], [ 14.740684685689384, 55.105618735657934, 59.53 ], [ 14.740082920922003, 55.105179170807688, 58.39 ], [ 14.739531747571785, 55.105149231296643, 56.08 ], [ 14.739386027036202, 55.105430858205253, 56.28 ], [ 14.739896525861225, 55.105539327694785, 58.49 ], [ 14.739622335833779, 55.105981230733398, 58.32 ], [ 14.73786470409245, 55.105484118235658, 52.12 ], [ 14.737619031888128, 55.106144225987116, 53.98 ], [ 14.7464453356092, 55.109216669977897, 65.75 ] ] ] } },
{ "type": "Feature", "properties": { "layer_id": "built_low_selection", "label": "Built - Low (Selection)", "tooltip_title": "Source layer: Built - Low (Selection)", "tooltip_body": "Selection-based low built area proxy.<br>Clipped to Bornholm DAGI Landsdel landmass." }, "geometry": { "type": "Polygon", "coordinates": [ [ [ 14.754797902097799, 55.103624171245201, 58.44 ], [ 14.755215979774812, 55.102997799456823, 57.61 ], [ 14.754339561909411, 55.1029344618671, 57.46 ], [ 14.753797867415368, 55.103050781659, 57.52 ], [ 14.753859224727114, 55.103389321179563, 58.31 ], [ 14.752739283985063, 55.103499187293004, 58.63 ], [ 14.752655166130097, 55.102993928034913, 57.91 ], [ 14.751889435057473, 55.103035153535565, 57.73 ], [ 14.751958750532429, 55.103576132120139, 58.54 ], [ 14.752568740024596, 55.10351527862867, 58.66 ], [ 14.752732915541701, 55.10385155809697, 58.39 ], [ 14.754797902097799, 55.103624171245201, 58.44 ] ] ] } },
{ "type": "Feature", "properties": { "layer_id": "built_low_selection", "label": "Built - Low (Selection)", "tooltip_title": "Source layer: Built - Low (Selection)", "tooltip_body": "Selection-based low built area proxy.<br>Clipped to Bornholm DAGI Landsdel landmass." }, "geometry": { "type": "Polygon", "coordinates": [ [ [ 14.773650221969987, 55.124144145205932, 42.63 ], [ 14.774925301424929, 55.124381676748136, 43.56 ], [ 14.775009563940927, 55.124106525661723, 43.56 ], [ 14.775886719053426, 55.124384031983851, 43.53 ], [ 14.775996828383345, 55.124744103008837, 44.65 ], [ 14.777022061929006, 55.12450044640368, 44.59 ], [ 14.776974629785261, 55.123653438981513, 42.9 ], [ 14.776226498120762, 55.123491243727109, 42.83 ], [ 14.777439577068405, 55.12266197064929, 43.49 ], [ 14.777159899365913, 55.1223024948915, 45.39 ], [ 14.775792891905388, 55.122290002616964, 44.91 ], [ 14.775142756587147, 55.124045639568756, 43.75 ], [ 14.773650221969987, 55.124144145205932, 42.63 ] ] ] } },
{ "type": "Feature", "properties": { "layer_id": "built_low_selection", "label": "Built - Low (Selection)", "tooltip_title": "Source layer: Built - Low (Selection)", "tooltip_body": "Selection-based low built area proxy.<br>Clipped to Bornholm DAGI Landsdel landmass." }, "geometry": { "type": "Polygon", "coordinates": [ [ [ 14.694451679272941, 55.099800268556351, 2.45 ], [ 14.697046574404579, 55.099123147480178, 9.79 ], [ 14.699304573859321, 55.09644269387325, 12.28 ], [ 14.699371803137309, 55.094943991042911, 7.9 ], [ 14.698884518319005, 55.094032843377285, 11.7 ], [ 14.702680175304824, 55.094450369584976, 12.15 ], [ 14.70304209374464, 55.094861134189038, 13.25 ], [ 14.702729447621369, 55.095632955450945, 13.8 ], [ 14.705308325771783, 55.095983590539738, 16.13 ], [ 14.704760662360293, 55.096689045225666, 16.69 ], [ 14.705239773895547, 55.096784817703522, 16.68 ], [ 14.706943064678608, 55.099735670745083, 19.66 ], [ 14.707608087857739, 55.099672187510777, 20.1 ], [ 14.707625178929622, 55.100844855436442, 20.66 ], [ 14.706288231179188, 55.102653761801335, 18.19 ], [ 14.703430875048452, 55.102693300079302, 14.35 ], [ 14.703481954710444, 55.103710169290594, 13.66 ], [ 14.705587710194219, 55.104750782327756, 13.84 ], [ 14.707034821231588, 55.106987685759485, 9.97 ], [ 14.702314112228189, 55.108145623183376, 9.58 ], [ 14.701914199320525, 55.107495030818392, 9.94 ], [ 14.701310615514675, 55.107613656225823, 9.08 ], [ 14.70150621313018, 55.107917823941406, 9.2 ], [ 14.700355751416517, 55.108156456314283, 6.14 ], [ 14.701357048187015, 55.110116300402616, 7.48 ], [ 14.700988485520433, 55.110141433819521, 6.1 ], [ 14.700605553444687, 55.111999723876117, 8.67 ], [ 14.703576304437368, 55.111567777884261, 10.18 ], [ 14.703677558078937, 55.111805979928, 10.25 ], [ 14.704167478437993, 55.111726709337972, 9.48 ], [ 14.704594108463406, 55.112764647101777, 9.47 ], [ 14.703820360613181, 55.11290180797198, 8.93 ], [ 14.703840675904578, 55.113672394130106, 9.16 ], [ 14.703271229346274, 55.113770070186341, 8.61 ], [ 14.702556469641999, 55.11308277295592, 9.09 ], [ 14.702072190652443, 55.11316429217058, 8.27 ], [ 14.702745394457414, 55.113865245629832, 5.16 ], [ 14.702890785880655, 55.1149331373609, 9.27 ], [ 14.70263890835462, 55.116053079141359, 11.57 ], [ 14.701071069973418, 55.11840196258995, 11.95 ], [ 14.702088671975803, 55.118661423189387, 13.41 ], [ 14.701292423259227, 55.119743273546334, 13.49 ], [ 14.704778830109259, 55.119842424481504, 15.29 ], [ 14.704638593410012, 55.119357065032396, 14.26 ], [ 14.705696871648181, 55.119186732201889, 14.82 ], [ 14.704911579380511, 55.118068694060455, 12.98 ], [ 14.705405074441174, 55.117976559884063, 13.39 ], [ 14.705961285226788, 55.118654638883257, 14.65 ], [ 14.70656845044852, 55.118524843590265, 14.16 ], [ 14.711604670075506, 55.124609807965562, 20.09 ], [ 14.712446601796016, 55.124410973945032, 19.35 ], [ 14.71230622781971, 55.12417335669447, 20.1 ], [ 14.716273807934096, 55.124041615064968, 21.91 ], [ 14.717008248423493, 55.12492334514674, 24.59 ], [ 14.720379653851985, 55.124537861213341, 27.09 ], [ 14.72032014823489, 55.123873176905491, 26.71 ], [ 14.717063394275701, 55.123926047894074, 22.44 ], [ 14.716889647096513, 55.123513840417061, 22.13 ], [ 14.716063179732791, 55.123575871072951, 21.47 ], [ 14.714353757082401, 55.120986456450517, 19.89 ], [ 14.71688386596249, 55.119757831160697, 22.54 ], [ 14.716469397347636, 55.119445621758722, 21.7 ], [ 14.714074608367531, 55.120471903156094, 19.21 ], [ 14.713073311141672, 55.118060072226626, 16.4 ], [ 14.721714321781688, 55.116906241609797, 26.51 ], [ 14.721319125529, 55.115801878145014, 25.03 ], [ 14.721791170217561, 55.11422222987764, 25.33 ], [ 14.720213708096736, 55.114393487838598, 22.84 ], [ 14.720233516609243, 55.113530358333541, 22.45 ], [ 14.720639872307405, 55.112699521822208, 21.92 ], [ 14.722253526772095, 55.112991407093965, 25.58 ], [ 14.722953337980671, 55.111776217847776, 25.79 ], [ 14.720422072727624, 55.11128091814502, 21.07 ], [ 14.72122030994268, 55.109995209722982, 22.07 ], [ 14.720716942889783, 55.10953336299233, 21.16 ], [ 14.719781599090583, 55.109442842735206, 18.84 ], [ 14.718915321019486, 55.110477533094354, 19.16 ], [ 14.718369943234674, 55.110366746523702, 18.27 ], [ 14.724920123144003, 55.10293145225414, 19.06 ], [ 14.725554639290468, 55.103100567391522, 19.17 ], [ 14.725975852106625, 55.102571740184111, 20.27 ], [ 14.725410334451256, 55.102433761313833, 19.97 ], [ 14.726324351639956, 55.101753869275342, 19.6 ], [ 14.72594589563561, 55.10151786299415, 21.34 ], [ 14.72774346842786, 55.100456290727564, 21.67 ], [ 14.727717555335396, 55.099631140064837, 23.32 ], [ 14.72879519600153, 55.09916450482973, 26.02 ], [ 14.729739603987882, 55.098109841303348, 26.6 ], [ 14.733394833675707, 55.096328298811969, 28.12 ], [ 14.732840047078318, 55.095501473205978, 26.56 ], [ 14.732379025494266, 55.095541963759253, 26.66 ], [ 14.7305220117831, 55.095799848429039, 25.66 ], [ 14.730416551267059, 55.096940865425097, 26.97 ], [ 14.728276963519619, 55.096881860133195, 26.24 ], [ 14.728649439025318, 55.094344298286352, 25.49 ], [ 14.726728225558663, 55.094613976380472, 25.65 ], [ 14.725821614945174, 55.093433019016736, 24.76 ], [ 14.730807788137408, 55.092094770713231, 26.85 ], [ 14.731551032623324, 55.093200768124341, 25.99 ], [ 14.730642299521689, 55.093493375461279, 25.32 ], [ 14.732235942719701, 55.093316155341491, 27.11 ], [ 14.732075832208018, 55.092846973306131, 26.75 ], [ 14.732706674593803, 55.092675408835802, 27.23 ], [ 14.733064235261985, 55.093441872147658, 27.95 ], [ 14.733774897259458, 55.093370325322212, 28.68 ], [ 14.733701774152642, 55.093117944028705, 28.27 ], [ 14.735217038249807, 55.092878221188798, 28.32 ], [ 14.735121237445837, 55.092649416593801, 28.52 ], [ 14.734337618937044, 55.092768076759519, 28.31 ], [ 14.734096958292497, 55.092328356682451, 27.85 ], [ 14.735410208924641, 55.091965302770802, 28.67 ], [ 14.735016662123677, 55.090944080639247, 29.16 ], [ 14.731025510511463, 55.092038043995579, 27.21 ], [ 14.73061835829628, 55.091471418342579, 25.99 ], [ 14.733021040824386, 55.090818683642119, 29.18 ], [ 14.732273188203832, 55.089693648829368, 28.23 ], [ 14.730322359381043, 55.090201538240223, 25.3 ], [ 14.730168528513286, 55.089656622238735, 27.18 ], [ 14.727599363706567, 55.089874982327487, 25.16 ], [ 14.727469476969617, 55.088228273981485, 22.13 ], [ 14.72978173492525, 55.08803914266133, 26.82 ], [ 14.729268055571461, 55.08742965134433, 25.58 ], [ 14.728498582957982, 55.08736072900502, 25.55 ], [ 14.728486623054902, 55.087996286564646, 25.8 ], [ 14.726200202345789, 55.088141235486518, 23.54 ], [ 14.725163917288537, 55.088540910460623, 23.78 ], [ 14.724164595320987, 55.088045488245562, 21.97 ], [ 14.72317259396341, 55.088427934709443, 21.65 ], [ 14.723428720237949, 55.088744428602297, 22.27 ], [ 14.721735716551612, 55.089425551626256, 22.74 ], [ 14.720083719417753, 55.088436136062931, 21.35 ], [ 14.718926615690293, 55.088435285285058, 20.74 ], [ 14.719688030153069, 55.088009546987919, 20.36 ], [ 14.718392710950686, 55.087235013924641, 18.37 ], [ 14.719275349847631, 55.086740825108478, 17.54 ], [ 14.718937558499437, 55.086540873471229, 17.17 ], [ 14.720747276144433, 55.085543274322156, 17.03 ], [ 14.716269340132941, 55.082664052684386, 13.81 ], [ 14.721148636314464, 55.081912549249772, 17.18 ], [ 14.721640754051327, 55.082393729904652, 17.75 ], [ 14.72412784374068, 55.0818652803191, 19.56 ], [ 14.723768128552869, 55.080399364112616, 18.26 ], [ 14.724431719835549, 55.080224224315096, 18.98 ], [ 14.724690656764176, 55.080772019992956, 20.22 ], [ 14.724723539781712, 55.079971013403089, 18.8 ], [ 14.725273553088375, 55.080000886276643, 20.35 ], [ 14.726058905366557, 55.078810884361189, 2.29 ], [ 14.721679793728947, 55.080480436775787, 5.17 ], [ 14.720314798801214, 55.080494534143014, 3.17 ], [ 14.719283141730536, 55.081189744493578, 15.76 ], [ 14.717964198475375, 55.081393114089124, 13.99 ], [ 14.717072280496355, 55.081216466626429, 3.27 ], [ 14.716659211971743, 55.081567996123063, 11.6 ], [ 14.715888912985038, 55.081204946345345, 12.37 ], [ 14.714256600717537, 55.081701275240306, 12.68 ], [ 14.712760639989376, 55.08166996049566, 9.79 ], [ 14.713207309351922, 55.082183017546569, 13.15 ], [ 14.712824864339971, 55.081922679453577, 12.33 ], [ 14.711182143669486, 55.082040389489741, 14.47 ], [ 14.71097382325706, 55.082965131828985, 15.63 ], [ 14.713559251244341, 55.082495560340142, 13.95 ], [ 14.714092983992799, 55.082793244579136, 13.95 ], [ 14.709229072335599, 55.085710553435916, 16.71 ], [ 14.704860299413113, 55.091137840117035, 14.98 ], [ 14.703735318901167, 55.090665621372828, 13.87 ], [ 14.702272919281441, 55.091233278864486, 13.9 ], [ 14.701576868051269, 55.091061987356703, 13.6 ], [ 14.701612877430064, 55.090732632991362, 13.27 ], [ 14.700252245146006, 55.090642230471985, 13.96 ], [ 14.699741496434854, 55.090935630080864, 14.14 ], [ 14.699728160017507, 55.091565837219534, 11.28 ], [ 14.697511376495164, 55.091541786074536, 7.89 ], [ 14.697747308022278, 55.092363823915015, 7.47 ], [ 14.697049212744297, 55.092533587301247, 1.74 ], [ 14.698782811857779, 55.094633441170629, 5.86 ], [ 14.698173187108635, 55.094831644131638, 2.18 ], [ 14.698795552302244, 55.095418963935373, 2.83 ], [ 14.698756122647367, 55.09613699179576, 2.99 ], [ 14.697089215099542, 55.09834159826196, 2.17 ], [ 14.694451679272941, 55.099800268556351, 2.45 ] ], [ [ 14.722392669899005, 55.08133405800789, 17.95 ], [ 14.723540590120619, 55.081146264520136, 19.25 ], [ 14.723479988812617, 55.0818196703514, 19.28 ], [ 14.722357839720853, 55.081744924157078, 18.87 ], [ 14.722392669899005, 55.08133405800789, 17.95 ] ], [ [ 14.707122581028422, 55.111991696870128, 9.14 ], [ 14.706590149544894, 55.112219525788497, 9.22 ], [ 14.706732313335648, 55.112573456591875, 9.47 ], [ 14.706101018944189, 55.112661270143697, 9.68 ], [ 14.705499093952943, 55.11203737155224, 9.35 ], [ 14.706972424072461, 55.111742202565935, 9.14 ], [ 14.707122581028422, 55.111991696870128, 9.14 ] ], [ [ 14.706215868632707, 55.090626841384221, 16.49 ], [ 14.707186309115187, 55.089460508155192, 16.16 ], [ 14.710005146514048, 55.090367947361649, 18.41 ], [ 14.708055070657652, 55.093060796050793, 17.46 ], [ 14.707613072262953, 55.092960860546036, 17.39 ], [ 14.70722688472577, 55.093276702473446, 17.03 ], [ 14.705762459803474, 55.092971415108998, 15.95 ], [ 14.705436845481003, 55.092275396924947, 15.93 ], [ 14.706047376045307, 55.092111499730059, 16.32 ], [ 14.706612944222456, 55.091333091432986, 16.9 ], [ 14.705787023802793, 55.091052704958678, 16.27 ], [ 14.706503047194593, 55.090844059558513, 16.76 ], [ 14.706215868632707, 55.090626841384221, 16.49 ] ], [ [ 14.725019822180275, 55.092612769698071, 24.93 ], [ 14.722824853116142, 55.090843501776078, 24.46 ], [ 14.725785620679259, 55.090188910780292, 24.85 ], [ 14.725022852793993, 55.088807176384172, 24.48 ], [ 14.726258792558651, 55.088579473987984, 23.93 ], [ 14.728062661486037, 55.092518763647789, 25.87 ], [ 14.727467342092243, 55.092871365995926, 25.66 ], [ 14.726906960054004, 55.092272438857712, 25.12 ], [ 14.725019822180275, 55.092612769698071, 24.93 ] ], [ [ 14.706529622617492, 55.113115165142311, 9.85 ], [ 14.709347600996965, 55.112187056562711, 10.31 ], [ 14.710790424060265, 55.113528990202134, 10.91 ], [ 14.711469588955078, 55.115680347992566, 12.16 ], [ 14.708593973536244, 55.115979735411329, 11.55 ], [ 14.708232480625396, 55.114923894035428, 10.72 ], [ 14.706529622617492, 55.113115165142311, 9.85 ] ], [ [ 14.716753865812127, 55.11256843207255, 16.54 ], [ 14.714497180099821, 55.114944444236009, 16.95 ], [ 14.712713446753751, 55.115280139219522, 16.41 ], [ 14.711062328943774, 55.112562734521198, 11.54 ], [ 14.709679401016253, 55.11172595958201, 9.9 ], [ 14.70834647584932, 55.111372285851616, 8.36 ], [ 14.71032809532084, 55.109957844964647, 10.58 ], [ 14.716758716934386, 55.110711307458423, 15.53 ], [ 14.716187713599391, 55.112491469659147, 16.43 ], [ 14.716753865812127, 55.11256843207255, 16.54 ] ], [ [ 14.715602028935875, 55.099104435945648, 20.42 ], [ 14.710773733878492, 55.096117340042454, 18.55 ], [ 14.71036293002547, 55.096503663373099, 18.88 ], [ 14.711142514986269, 55.097067057493966, 19.25 ], [ 14.708395467207586, 55.097220988023743, 18.5 ], [ 14.708339402659814, 55.096085438892089, 18.37 ], [ 14.709323310591115, 55.096233707705203, 18.76 ], [ 14.709234695728755, 55.09573359448364, 17.84 ], [ 14.710136726259609, 55.094547500582571, 17.45 ], [ 14.710507754074317, 55.094327691050239, 17.81 ], [ 14.711077033778865, 55.094635872476388, 17.9 ], [ 14.715918333702529, 55.093654248155119, 20.85 ], [ 14.716387163427388, 55.094024745828413, 21.36 ], [ 14.718628824015052, 55.09378613997265, 23.15 ], [ 14.718808964243449, 55.094208843348802, 23.28 ], [ 14.716897666300868, 55.094456022477793, 21.76 ], [ 14.718226154696845, 55.095853111475236, 23.1 ], [ 14.719408482814359, 55.0955277296109, 23.52 ], [ 14.721550098426963, 55.097123229891764, 23.43 ], [ 14.721733754819006, 55.099055554893148, 22.03 ], [ 14.721316504186984, 55.099308723599172, 21.2 ], [ 14.720381973168479, 55.099249591924234, 20.94 ], [ 14.71640388172829, 55.098670069290471, 20.57 ], [ 14.715858476128163, 55.09922460127499, 20.51 ], [ 14.716397267427348, 55.099472533056563, 21.12 ], [ 14.716083487176643, 55.100717313225019, 18.99 ], [ 14.713981643689554, 55.100467956211759, 19.97 ], [ 14.71378766184492, 55.10082815463803, 18.69 ], [ 14.712638429182476, 55.100508470916012, 18.69 ], [ 14.712510127242666, 55.100847213395788, 18.69 ], [ 14.711044720746996, 55.100708561560602, 19.16 ], [ 14.71101388551047, 55.09944489984737, 19.89 ], [ 14.715602028935875, 55.099104435945648, 20.42 ] ] ] } },
{ "type": "Feature", "properties": { "layer_id": "built_low_selection", "label": "Built - Low (Selection)", "tooltip_title": "Source layer: Built - Low (Selection)", "tooltip_body": "Selection-based low built area proxy.<br>Clipped to Bornholm DAGI Landsdel landmass." }, "geometry": { "type": "Polygon", "coordinates": [ [ [ 15.065819133951937, 55.001267295580085, 14.73 ], [ 15.066686261234711, 55.001273513203721, 14.42 ], [ 15.066668224614938, 55.000994127907902, 14.24 ], [ 15.065690926497666, 55.000993693206901, 14.48 ], [ 15.065819133951937, 55.001267295580085, 14.73 ] ] ] } },
{ "type": "Feature", "properties": { "layer_id": "built_low_selection", "label": "Built - Low (Selection)", "tooltip_title": "Source layer: Built - Low (Selection)", "tooltip_body": "Selection-based low built area proxy.<br>Clipped to Bornholm DAGI Landsdel landmass." }, "geometry": { "type": "Polygon", "coordinates": [ [ [ 15.061748929082244, 55.013299046980244, 20.41 ], [ 15.061621551924661, 55.0151649624435, 20.82 ], [ 15.063042583982588, 55.015358620199819, 20.15 ], [ 15.063776832287468, 55.013966202173258, 19.33 ], [ 15.065912656722251, 55.014271735883227, 15.83 ], [ 15.066123141600954, 55.013082879097674, 15.86 ], [ 15.065565344504089, 55.012846975652607, 16.12 ], [ 15.064884331599167, 55.013388407429574, 16.76 ], [ 15.063904640435691, 55.013385549143656, 17.65 ], [ 15.063735919180283, 55.013649514774045, 18.38 ], [ 15.063087742685157, 55.013566862518068, 18.77 ], [ 15.063364961155548, 55.012958840040945, 17.23 ], [ 15.062460861018812, 55.012820824954872, 17.91 ], [ 15.062329274631901, 55.013269039403248, 19.46 ], [ 15.061748929082244, 55.013299046980244, 20.41 ] ] ] } },
{ "type": "Feature", "properties": { "layer_id": "built_low_selection", "label": "Built - Low (Selection)", "tooltip_title": "Source layer: Built - Low (Selection)", "tooltip_body": "Selection-based low built area proxy.<br>Clipped to Bornholm DAGI Landsdel landmass." }, "geometry": { "type": "Polygon", "coordinates": [ [ [ 15.068039662062642, 55.001921304851834, 13.9 ], [ 15.068084336195765, 55.001657868426761, 14.5 ], [ 15.067157808046147, 55.001611145321064, 14.05 ], [ 15.067087707127579, 55.002050077208153, 13.18 ], [ 15.068039662062642, 55.001921304851834, 13.9 ] ] ] } },
{ "type": "Feature", "properties": { "layer_id": "built_low_selection", "label": "Built - Low (Selection)", "tooltip_title": "Source layer: Built - Low (Selection)", "tooltip_body": "Selection-based low built area proxy.<br>Clipped to Bornholm DAGI Landsdel landmass." }, "geometry": { "type": "Polygon", "coordinates": [ [ [ 15.065259653393131, 55.001516693058001, 14.06 ], [ 15.063310454793021, 55.001425394584942, 14.51 ], [ 15.06299915330651, 55.001939233375474, 13.11 ], [ 15.06561779011547, 55.001786084190265, 13.37 ], [ 15.065259653393131, 55.001516693058001, 14.06 ] ] ] } },
{ "type": "Feature", "properties": { "layer_id": "built_low_selection", "label": "Built - Low (Selection)", "tooltip_title": "Source layer: Built - Low (Selection)", "tooltip_body": "Selection-based low built area proxy.<br>Clipped to Bornholm DAGI Landsdel landmass." }, "geometry": { "type": "Polygon", "coordinates": [ [ [ 15.073879004095717, 55.002934058232334, 16.01 ], [ 15.074686988719009, 55.003154232613568, 15.85 ], [ 15.075214978300441, 55.002139781897448, 14.48 ], [ 15.074325339169011, 55.002020404348897, 14.99 ], [ 15.073879004095717, 55.002934058232334, 16.01 ] ] ] } },
{ "type": "Feature", "properties": { "layer_id": "built_low_selection", "label": "Built - Low (Selection)", "tooltip_title": "Source layer: Built - Low (Selection)", "tooltip_body": "Selection-based low built area proxy.<br>Clipped to Bornholm DAGI Landsdel landmass." }, "geometry": { "type": "Polygon", "coordinates": [ [ [ 15.069537147482094, 55.001227954538066, 14.34 ], [ 15.069066796299923, 55.002089217876218, 13.69 ], [ 15.071177174795293, 55.002146061237681, 15.41 ], [ 15.071309520963304, 55.001860764773951, 15.07 ], [ 15.0739058239997, 55.002340352358267, 15.81 ], [ 15.07420204187145, 55.001644279861736, 14.57 ], [ 15.070056354371163, 55.001690773582425, 15.29 ], [ 15.07008949830681, 55.001253149498744, 15.39 ], [ 15.069537147482094, 55.001227954538066, 14.34 ] ] ] } },
{ "type": "Feature", "properties": { "layer_id": "built_low_selection", "label": "Built - Low (Selection)", "tooltip_title": "Source layer: Built - Low (Selection)", "tooltip_body": "Selection-based low built area proxy.<br>Clipped to Bornholm DAGI Landsdel landmass." }, "geometry": { "type": "Polygon", "coordinates": [ [ [ 15.047745148452814, 55.130712060514227, 78.24 ], [ 15.04854892724288, 55.130952310620316, 78.09 ], [ 15.048986485531513, 55.130446384828538, 79.23 ], [ 15.048301305863513, 55.13021616697425, 79.36 ], [ 15.047745148452814, 55.130712060514227, 78.24 ] ] ] } },
{ "type": "Feature", "properties": { "layer_id": "built_low_selection", "label": "Built - Low (Selection)", "tooltip_title": "Source layer: Built - Low (Selection)", "tooltip_body": "Selection-based low built area proxy.<br>Clipped to Bornholm DAGI Landsdel landmass." }, "geometry": { "type": "Polygon", "coordinates": [ [ [ 15.046376583558235, 55.129953585668453, 77.6 ], [ 15.047088007960316, 55.130319633323474, 77.98 ], [ 15.047529199672105, 55.130040605452592, 78.44 ], [ 15.046772876165882, 55.129645823603163, 77.88 ], [ 15.046376583558235, 55.129953585668453, 77.6 ] ] ] } },
{ "type": "Feature", "properties": { "layer_id": "built_low_selection", "label": "Built - Low (Selection)", "tooltip_title": "Source layer: Built - Low (Selection)", "tooltip_body": "Selection-based low built area proxy.<br>Clipped to Bornholm DAGI Landsdel landmass." }, "geometry": { "type": "Polygon", "coordinates": [ [ [ 15.045530010345052, 55.130568642065448, 73.81 ], [ 15.045514460270319, 55.131577919301996, 73.5 ], [ 15.046286813702066, 55.131663805140157, 72.47 ], [ 15.047218639566854, 55.131183875349059, 74.05 ], [ 15.045473860864101, 55.130471946830539, 74.67 ], [ 15.045856231738375, 55.130154166807301, 76.87 ], [ 15.045497480392676, 55.129908580652447, 76.88 ], [ 15.044453739167743, 55.130109462059735, 76.42 ], [ 15.045530010345052, 55.130568642065448, 73.81 ] ] ] } },
{ "type": "Feature", "properties": { "layer_id": "built_low_selection", "label": "Built - Low (Selection)", "tooltip_title": "Source layer: Built - Low (Selection)", "tooltip_body": "Selection-based low built area proxy.<br>Clipped to Bornholm DAGI Landsdel landmass." }, "geometry": { "type": "Polygon", "coordinates": [ [ [ 14.991834279925865, 55.028615342171427, 35.85 ], [ 14.991812777097005, 55.028342972434679, 36.42 ], [ 14.990991674396589, 55.028359858797948, 36.47 ], [ 14.991024485321038, 55.028641843714006, 35.76 ], [ 14.991834279925865, 55.028615342171427, 35.85 ] ] ] } },
{ "type": "Feature", "properties": { "layer_id": "built_low_selection", "label": "Built - Low (Selection)", "tooltip_title": "Source layer: Built - Low (Selection)", "tooltip_body": "Selection-based low built area proxy.<br>Clipped to Bornholm DAGI Landsdel landmass." }, "geometry": { "type": "Polygon", "coordinates": [ [ [ 14.990108352198927, 55.033933531121001, 39.49 ], [ 14.991545831095728, 55.033937974991858, 40.19 ], [ 14.991316205525022, 55.032771949070522, 38.96 ], [ 14.990041429869814, 55.032820600625996, 38.55 ], [ 14.990108352198927, 55.033933531121001, 39.49 ] ] ] } },
{ "type": "Feature", "properties": { "layer_id": "built_low_selection", "label": "Built - Low (Selection)", "tooltip_title": "Source layer: Built - Low (Selection)", "tooltip_body": "Selection-based low built area proxy.<br>Clipped to Bornholm DAGI Landsdel landmass." }, "geometry": { "type": "Polygon", "coordinates": [ [ [ 14.998907860599942, 55.031588897211947, 38.19 ], [ 14.99916419777221, 55.031061312844777, 37.09 ], [ 14.998245178278792, 55.031120724877489, 37.46 ], [ 14.998193183776944, 55.031531960731563, 38.46 ], [ 14.998907860599942, 55.031588897211947, 38.19 ] ] ] } },
{ "type": "Feature", "properties": { "layer_id": "built_low_selection", "label": "Built - Low (Selection)", "tooltip_title": "Source layer: Built - Low (Selection)", "tooltip_body": "Selection-based low built area proxy.<br>Clipped to Bornholm DAGI Landsdel landmass." }, "geometry": { "type": "Polygon", "coordinates": [ [ [ 14.976822781564172, 55.026992441754665, 40.51 ], [ 14.975684020732988, 55.026747938805897, 39.18 ], [ 14.974495795480228, 55.027009774957364, 39.57 ], [ 14.976477303349615, 55.027698398069525, 38.33 ], [ 14.976822781564172, 55.026992441754665, 40.51 ] ] ] } },
{ "type": "Feature", "properties": { "layer_id": "built_low_selection", "label": "Built - Low (Selection)", "tooltip_title": "Source layer: Built - Low (Selection)", "tooltip_body": "Selection-based low built area proxy.<br>Clipped to Bornholm DAGI Landsdel landmass." }, "geometry": { "type": "Polygon", "coordinates": [ [ [ 14.973200118032167, 55.025855547393697, 39.69 ], [ 14.972603153505821, 55.025903765426165, 38.95 ], [ 14.972701593218103, 55.026355472315529, 39.16 ], [ 14.971096848042842, 55.026396050237672, 39.67 ], [ 14.971268066965846, 55.027477462795822, 39.62 ], [ 14.974501251360033, 55.026544487627817, 39.69 ], [ 14.974311838300272, 55.026273006990458, 39.74 ], [ 14.973264013646478, 55.026340376767209, 39.69 ], [ 14.973200118032167, 55.025855547393697, 39.69 ] ] ] } },
{ "type": "Feature", "properties": { "layer_id": "built_low_selection", "label": "Built - Low (Selection)", "tooltip_title": "Source layer: Built - Low (Selection)", "tooltip_body": "Selection-based low built area proxy.<br>Clipped to Bornholm DAGI Landsdel landmass." }, "geometry": { "type": "Polygon", "coordinates": [ [ [ 14.991211221243697, 55.028029843925715, 37.43 ], [ 14.992262205413331, 55.027672524524306, 38.01 ], [ 14.992071823735682, 55.026646994630383, 37.12 ], [ 14.992578946893744, 55.026607981402158, 36.9 ], [ 14.992344020094464, 55.025279709079122, 36.42 ], [ 14.99210656810221, 55.025807154761409, 36.55 ], [ 14.990984801858652, 55.025896519526391, 36.4 ], [ 14.991211221243697, 55.028029843925715, 37.43 ] ] ] } },
{ "type": "Feature", "properties": { "layer_id": "built_low_selection", "label": "Built - Low (Selection)", "tooltip_title": "Source layer: Built - Low (Selection)", "tooltip_body": "Selection-based low built area proxy.<br>Clipped to Bornholm DAGI Landsdel landmass." }, "geometry": { "type": "Polygon", "coordinates": [ [ [ 14.992207698892855, 55.033141790869678, 40.2 ], [ 14.99282266878021, 55.033197477702117, 40.48 ], [ 14.992790319370135, 55.032027017617843, 38.41 ], [ 14.993143244190492, 55.032013989846945, 38.55 ], [ 14.998059963539934, 55.032661363286344, 40.72 ], [ 14.99979218697065, 55.033146228156163, 40.6 ], [ 14.999639190700927, 55.033660508580653, 40.86 ], [ 15.000713274955876, 55.033786988694423, 40.46 ], [ 15.000858040298986, 55.033473980014215, 40.03 ], [ 14.997444993503022, 55.031523314959649, 38.63 ], [ 14.997437061237749, 55.031032211883463, 37.61 ], [ 14.996888317823309, 55.031231041631351, 38.23 ], [ 14.994240377818386, 55.030409297958123, 36.45 ], [ 14.994328982761036, 55.029970145491681, 36.12 ], [ 14.993507016019027, 55.029919745604055, 36.2 ], [ 14.9928984446847, 55.028739496665018, 36.18 ], [ 14.990473581514491, 55.028845072684391, 35.48 ], [ 14.990477961894035, 55.029324555065969, 35.16 ], [ 14.989104756629494, 55.029312787126258, 34.17 ], [ 14.989695453604355, 55.03027902535041, 35.09 ], [ 14.990814478765193, 55.030290918848181, 35.52 ], [ 14.990839553322646, 55.031858155103528, 37.34 ], [ 14.989969525924618, 55.031898427181375, 37.47 ], [ 14.989988516451049, 55.032179204154161, 37.69 ], [ 14.992149229485651, 55.03193390713119, 38.33 ], [ 14.992207698892855, 55.033141790869678, 40.2 ] ] ] } },
{ "type": "Feature", "properties": { "layer_id": "built_low_selection", "label": "Built - Low (Selection)", "tooltip_title": "Source layer: Built - Low (Selection)", "tooltip_body": "Selection-based low built area proxy.<br>Clipped to Bornholm DAGI Landsdel landmass." }, "geometry": { "type": "Polygon", "coordinates": [ [ [ 14.994819496192783, 55.023165545022728, 32.76 ], [ 14.992297838219676, 55.023272350013933, 33.16 ], [ 14.992215343541325, 55.023664471372278, 34.37 ], [ 14.991050678670737, 55.023745334058482, 32.57 ], [ 14.990694397750044, 55.025427475377697, 35.77 ], [ 14.991675828683739, 55.025463350858402, 36.25 ], [ 14.993321859103526, 55.024282701873403, 34.68 ], [ 14.995135738740203, 55.023616466352301, 32.97 ], [ 14.994819496192783, 55.023165545022728, 32.76 ] ] ] } },
{ "type": "Feature", "properties": { "layer_id": "built_low_selection", "label": "Built - Low (Selection)", "tooltip_title": "Source layer: Built - Low (Selection)", "tooltip_body": "Selection-based low built area proxy.<br>Clipped to Bornholm DAGI Landsdel landmass." }, "geometry": { "type": "Polygon", "coordinates": [ [ [ 15.102413024382532, 55.042530128144541, 7.66 ], [ 15.102922242206825, 55.042188554428861, 10.09 ], [ 15.102691648501967, 55.042081034883914, 9.81 ], [ 15.102206958746082, 55.042354203626104, 7.85 ], [ 15.102413024382532, 55.042530128144541, 7.66 ] ] ] } },
{ "type": "Feature", "properties": { "layer_id": "built_low_selection", "label": "Built - Low (Selection)", "tooltip_title": "Source layer: Built - Low (Selection)", "tooltip_body": "Selection-based low built area proxy.<br>Clipped to Bornholm DAGI Landsdel landmass." }, "geometry": { "type": "Polygon", "coordinates": [ [ [ 15.120030808483904, 55.056380565265435, 3.54 ], [ 15.120842421698436, 55.056308099153959, 1.87 ], [ 15.120509005609248, 55.056092346820066, 1.55 ], [ 15.120030808483904, 55.056380565265435, 3.54 ] ] ] } },
{ "type": "Feature", "properties": { "layer_id": "built_low_selection", "label": "Built - Low (Selection)", "tooltip_title": "Source layer: Built - Low (Selection)", "tooltip_body": "Selection-based low built area proxy.<br>Clipped to Bornholm DAGI Landsdel landmass." }, "geometry": { "type": "Polygon", "coordinates": [ [ [ 15.085172052526691, 55.04519087056255, 10.5 ], [ 15.085661562426901, 55.044950486482122, 10.62 ], [ 15.084981218462316, 55.044980659558263, 10.78 ], [ 15.085172052526691, 55.04519087056255, 10.5 ] ] ] } },
{ "type": "Feature", "properties": { "layer_id": "built_low_selection", "label": "Built - Low (Selection)", "tooltip_title": "Source layer: Built - Low (Selection)", "tooltip_body": "Selection-based low built area proxy.<br>Clipped to Bornholm DAGI Landsdel landmass." }, "geometry": { "type": "Polygon", "coordinates": [ [ [ 15.116648987985835, 55.047341490337352, 2.71 ], [ 15.117805105450293, 55.047822435219793, 1.92 ], [ 15.11849929479088, 55.047275804766642, 3.01 ], [ 15.118071373748451, 55.047055721368132, 2.72 ], [ 15.116888373885148, 55.047193365691463, 2.42 ], [ 15.116648987985835, 55.047341490337352, 2.71 ] ] ] } },
{ "type": "Feature", "properties": { "layer_id": "built_low_selection", "label": "Built - Low (Selection)", "tooltip_title": "Source layer: Built - Low (Selection)", "tooltip_body": "Selection-based low built area proxy.<br>Clipped to Bornholm DAGI Landsdel landmass." }, "geometry": { "type": "Polygon", "coordinates": [ [ [ 15.06210637130709, 55.043032323651218, 20.62 ], [ 15.062967381003508, 55.043029443059623, 19.81 ], [ 15.063003452202828, 55.04279471225356, 19.59 ], [ 15.062111274973214, 55.042787446133808, 20.14 ], [ 15.06210637130709, 55.043032323651218, 20.62 ] ] ] } },
{ "type": "Feature", "properties": { "layer_id": "built_low_selection", "label": "Built - Low (Selection)", "tooltip_title": "Source layer: Built - Low (Selection)", "tooltip_body": "Selection-based low built area proxy.<br>Clipped to Bornholm DAGI Landsdel landmass." }, "geometry": { "type": "Polygon", "coordinates": [ [ [ 15.112097277606988, 55.044526320409048, 5.29 ], [ 15.113466048557576, 55.04466163492252, 5.37 ], [ 15.113160791875675, 55.044303983044394, 4.92 ], [ 15.112449332871092, 55.044449511205897, 5.03 ], [ 15.112093702817701, 55.04413257287807, 5.58 ], [ 15.112912904336826, 55.043378884052018, 5.14 ], [ 15.113474642958289, 55.043362904941269, 4.72 ], [ 15.112102022093309, 55.043098487387404, 5.61 ], [ 15.113879887581408, 55.042126386876916, 3.93 ], [ 15.112028660076701, 55.041383219353172, 4.52 ], [ 15.111491155897449, 55.04002260148863, 0.75 ], [ 15.108688081390259, 55.039598821817705, 3.06 ], [ 15.108333819861883, 55.039408402198866, 2.83 ], [ 15.109053397027726, 55.039142013312237, 1.68 ], [ 15.108234914683482, 55.038740241913942, 1.42 ], [ 15.106734597945458, 55.038719456235661, 3.14 ], [ 15.106690795034153, 55.037671612101448, 2.3 ], [ 15.105565044032792, 55.037210022629608, 2.77 ], [ 15.10393853185405, 55.037849518549571, 3.64 ], [ 15.102758820662203, 55.036234595312102, 3.2 ], [ 15.102166645948753, 55.03900089037554, 5.81 ], [ 15.102558045892433, 55.040198447195181, 7.68 ], [ 15.10336408462739, 55.040693533844617, 7.93 ], [ 15.10303758207759, 55.041466841701052, 9.7 ], [ 15.104105560004868, 55.042646463709055, 9.61 ], [ 15.10351636561675, 55.043547884994162, 7.84 ], [ 15.104302080003361, 55.04354768895066, 7.72 ], [ 15.104759253360248, 55.043097347173102, 9.42 ], [ 15.104181010950272, 55.042226500648496, 9.44 ], [ 15.10463175090919, 55.041534814990577, 8.33 ], [ 15.103943712278509, 55.041125818055299, 8.34 ], [ 15.104428514962885, 55.040895675171328, 7.44 ], [ 15.107544810288436, 55.042911271758349, 7.84 ], [ 15.107047640207528, 55.043566679873841, 7.77 ], [ 15.107949095375249, 55.04313438091895, 7.83 ], [ 15.110181079833565, 55.044359054326819, 7.35 ], [ 15.109290818535817, 55.045486638601574, 7.3 ], [ 15.110700939499949, 55.046227945906871, 6.3 ], [ 15.109941543815193, 55.04689540699912, 5.47 ], [ 15.11041438010108, 55.047281450852367, 5.28 ], [ 15.110757858167734, 55.047008791026002, 5.55 ], [ 15.110999481787097, 55.047149145797661, 5.55 ], [ 15.110687455565422, 55.04740698576169, 4.98 ], [ 15.111340258171836, 55.047758657783106, 4.44 ], [ 15.112210231927737, 55.047409401284071, 4.53 ], [ 15.111869003557027, 55.048138908125665, 4.35 ], [ 15.113075936169176, 55.048491910058353, 3.84 ], [ 15.11283580694368, 55.048713267110543, 3.69 ], [ 15.111511668043626, 55.048374272186159, 3.6 ], [ 15.111349731013986, 55.048588084475725, 3.31 ], [ 15.112594195810676, 55.04891263834125, 3.43 ], [ 15.112003478641231, 55.049627976443354, 1.31 ], [ 15.113106109048939, 55.049913932495159, 0.54 ], [ 15.113622623723867, 55.049151365768225, 2.15 ], [ 15.113057036505216, 55.048950899553219, 3.06 ], [ 15.114438585933872, 55.048196590625928, 3.92 ], [ 15.114846469781673, 55.048406711910879, 3.25 ], [ 15.116041985955974, 55.047576583638886, 3.93 ], [ 15.115431869061718, 55.047241782360267, 4.23 ], [ 15.114221498192451, 55.04808246780226, 4.02 ], [ 15.113554212056984, 55.047730640191482, 4.64 ], [ 15.114154454076919, 55.047004098082532, 4.52 ], [ 15.113672300118486, 55.046987074320988, 4.77 ], [ 15.113160834198801, 55.047524015679009, 4.95 ], [ 15.110884638567875, 55.046324848283113, 6.26 ], [ 15.111587475549181, 55.045847695124138, 4.75 ], [ 15.111813625801787, 55.045219971185261, 5.57 ], [ 15.111456384830866, 55.045021785589476, 6.19 ], [ 15.112594059400282, 55.044842357730055, 5.26 ], [ 15.112097277606988, 55.044526320409048, 5.29 ] ], [ [ 15.10241219769857, 55.039409021757209, 6.74 ], [ 15.102302993801175, 55.038990248048712, 5.61 ], [ 15.102297793383176, 55.038790710894602, 5.42 ], [ 15.102914750642164, 55.039081558562508, 5.93 ], [ 15.10241219769857, 55.039409021757209, 6.74 ] ] ] } },
{ "type": "Feature", "properties": { "layer_id": "built_low_selection", "label": "Built - Low (Selection)", "tooltip_title": "Source layer: Built - Low (Selection)", "tooltip_body": "Selection-based low built area proxy.<br>Clipped to Bornholm DAGI Landsdel landmass." }, "geometry": { "type": "Polygon", "coordinates": [ [ [ 15.063057150503877, 55.042612132495293, 19.14 ], [ 15.063961166112358, 55.042595119711073, 17.96 ], [ 15.063869351670046, 55.041912001406864, 16.84 ], [ 15.062983211608234, 55.041918576316228, 17.7 ], [ 15.063057150503877, 55.042612132495293, 19.14 ] ] ] } },
{ "type": "Feature", "properties": { "layer_id": "built_low_selection", "label": "Built - Low (Selection)", "tooltip_title": "Source layer: Built - Low (Selection)", "tooltip_body": "Selection-based low built area proxy.<br>Clipped to Bornholm DAGI Landsdel landmass." }, "geometry": { "type": "Polygon", "coordinates": [ [ [ 15.106450024831867, 55.044953767968941, 6.63 ], [ 15.106994052786964, 55.045121493171003, 7.0 ], [ 15.107235287142347, 55.044833372490451, 8.14 ], [ 15.106910463727733, 55.044679912502822, 7.98 ], [ 15.106450024831867, 55.044953767968941, 6.63 ] ] ] } },
{ "type": "Feature", "properties": { "layer_id": "built_low_selection", "label": "Built - Low (Selection)", "tooltip_title": "Source layer: Built - Low (Selection)", "tooltip_body": "Selection-based low built area proxy.<br>Clipped to Bornholm DAGI Landsdel landmass." }, "geometry": { "type": "Polygon", "coordinates": [ [ [ 15.102262096427243, 55.043081383939459, 7.4 ], [ 15.101142239637573, 55.043646810085427, 5.03 ], [ 15.102416107852235, 55.044047507925015, 6.21 ], [ 15.102883028396905, 55.043641343379505, 7.1 ], [ 15.101825233778051, 55.043342329992342, 7.34 ], [ 15.102262096427243, 55.043081383939459, 7.4 ] ] ] } },
{ "type": "Feature", "properties": { "layer_id": "built_low_selection", "label": "Built - Low (Selection)", "tooltip_title": "Source layer: Built - Low (Selection)", "tooltip_body": "Selection-based low built area proxy.<br>Clipped to Bornholm DAGI Landsdel landmass." }, "geometry": { "type": "Polygon", "coordinates": [ [ [ 15.105246739350088, 55.044501296274298, 7.09 ], [ 15.105799613771779, 55.04440764460989, 7.34 ], [ 15.104595287808884, 55.044227590960894, 7.34 ], [ 15.104255382542297, 55.044562810951632, 6.62 ], [ 15.105043776029714, 55.044784424860417, 5.42 ], [ 15.105246739350088, 55.044501296274298, 7.09 ] ] ] } },
{ "type": "Feature", "properties": { "layer_id": "built_low_selection", "label": "Built - Low (Selection)", "tooltip_title": "Source layer: Built - Low (Selection)", "tooltip_body": "Selection-based low built area proxy.<br>Clipped to Bornholm DAGI Landsdel landmass." }, "geometry": { "type": "Polygon", "coordinates": [ [ [ 15.10669140637434, 55.044527969424301, 8.27 ], [ 15.10702477459272, 55.044293826322729, 8.72 ], [ 15.107459756635427, 55.044522775021022, 8.59 ], [ 15.108352727367432, 55.04404714111223, 7.65 ], [ 15.10732644637705, 55.043794668890136, 8.29 ], [ 15.106881027437964, 55.044218137297619, 8.79 ], [ 15.105815383582, 55.043658526221485, 9.11 ], [ 15.105603590459886, 55.043885825337831, 8.17 ], [ 15.10669140637434, 55.044527969424301, 8.27 ] ] ] } },
{ "type": "Feature", "properties": { "layer_id": "built_low_selection", "label": "Built - Low (Selection)", "tooltip_title": "Source layer: Built - Low (Selection)", "tooltip_body": "Selection-based low built area proxy.<br>Clipped to Bornholm DAGI Landsdel landmass." }, "geometry": { "type": "Polygon", "coordinates": [ [ [ 15.115618312673485, 55.048817550207453, 3.08 ], [ 15.116036307681654, 55.049038323046531, 2.92 ], [ 15.117265021697891, 55.048208939579531, 2.79 ], [ 15.116772034229287, 55.047943871261829, 2.94 ], [ 15.115618312673485, 55.048817550207453, 3.08 ] ] ] } },
{ "type": "Feature", "properties": { "layer_id": "built_low_selection", "label": "Built - Low (Selection)", "tooltip_title": "Source layer: Built - Low (Selection)", "tooltip_body": "Selection-based low built area proxy.<br>Clipped to Bornholm DAGI Landsdel landmass." }, "geometry": { "type": "Polygon", "coordinates": [ [ [ 15.101709158045672, 55.037894086903719, 4.4 ], [ 15.101882249141685, 55.037499466490715, 3.56 ], [ 15.101386427264011, 55.037212154243733, 4.56 ], [ 15.100955574151609, 55.037700237201179, 5.43 ], [ 15.101709158045672, 55.037894086903719, 4.4 ] ] ] } },
{ "type": "Feature", "properties": { "layer_id": "built_low_selection", "label": "Built - Low (Selection)", "tooltip_title": "Source layer: Built - Low (Selection)", "tooltip_body": "Selection-based low built area proxy.<br>Clipped to Bornholm DAGI Landsdel landmass." }, "geometry": { "type": "Polygon", "coordinates": [ [ [ 15.103436944047136, 55.044113461995643, 6.88 ], [ 15.102416107852235, 55.044047507925015, 6.21 ], [ 15.10245539632437, 55.044496091510332, 5.34 ], [ 15.10317580803183, 55.044690524190848, 5.7 ], [ 15.103436944047136, 55.044113461995643, 6.88 ] ] ] } },
{ "type": "Feature", "properties": { "layer_id": "built_low_selection", "label": "Built - Low (Selection)", "tooltip_title": "Source layer: Built - Low (Selection)", "tooltip_body": "Selection-based low built area proxy.<br>Clipped to Bornholm DAGI Landsdel landmass." }, "geometry": { "type": "Polygon", "coordinates": [ [ [ 15.0636436294656, 55.053756053608801, 46.01 ], [ 15.064429869920087, 55.053369383117278, 44.02 ], [ 15.063332750467083, 55.052803506867953, 45.43 ], [ 15.063232954879194, 55.052278892904305, 41.8 ], [ 15.062108023595746, 55.052316389079181, 43.23 ], [ 15.062327726829984, 55.053228475926439, 46.37 ], [ 15.059511451768273, 55.052740458172643, 46.31 ], [ 15.05943522885638, 55.053041569766521, 46.76 ], [ 15.061944435158164, 55.053625789262732, 47.38 ], [ 15.062621092948005, 55.053546503619224, 47.12 ], [ 15.062908838875964, 55.054078741349564, 47.01 ], [ 15.062168851948257, 55.053996964450448, 47.69 ], [ 15.061976871613126, 55.054281353545434, 47.68 ], [ 15.063307864107404, 55.054428402200656, 47.68 ], [ 15.0636436294656, 55.053756053608801, 46.01 ] ] ] } },
{ "type": "Feature", "properties": { "layer_id": "built_low_selection", "label": "Built - Low (Selection)", "tooltip_title": "Source layer: Built - Low (Selection)", "tooltip_body": "Selection-based low built area proxy.<br>Clipped to Bornholm DAGI Landsdel landmass." }, "geometry": { "type": "Polygon", "coordinates": [ [ [ 15.072016977628188, 55.060629493613227, 52.35 ], [ 15.072635379612903, 55.060656524317857, 51.68 ], [ 15.072777826549821, 55.060244671344599, 50.74 ], [ 15.071759397378003, 55.06014726525104, 52.26 ], [ 15.072110796721237, 55.0595846751824, 51.51 ], [ 15.070815745437582, 55.059164454309318, 50.62 ], [ 15.071678026528962, 55.060224989182238, 52.34 ], [ 15.071266101130835, 55.060272526643033, 52.4 ], [ 15.071430457676342, 55.061324501738248, 55.1 ], [ 15.072347745413138, 55.061330092744562, 54.26 ], [ 15.072016977628188, 55.060629493613227, 52.35 ] ] ] } },
{ "type": "Feature", "properties": { "layer_id": "built_low_selection", "label": "Built - Low (Selection)", "tooltip_title": "Source layer: Built - Low (Selection)", "tooltip_body": "Selection-based low built area proxy.<br>Clipped to Bornholm DAGI Landsdel landmass." }, "geometry": { "type": "Polygon", "coordinates": [ [ [ 15.059435902343456, 55.043148930258589, 22.74 ], [ 15.060383929474327, 55.043092200126466, 21.46 ], [ 15.060107225965577, 55.043824075546411, 22.98 ], [ 15.060552920800708, 55.043798654647794, 22.69 ], [ 15.06046851146143, 55.043534470273123, 22.25 ], [ 15.062121242131166, 55.043488341636817, 21.14 ], [ 15.062091790411666, 55.043032332120056, 20.63 ], [ 15.061248812996464, 55.042990727102435, 20.62 ], [ 15.061587834884511, 55.042072237131904, 18.16 ], [ 15.060368607635757, 55.04212191023111, 19.24 ], [ 15.060405035165838, 55.042784477475664, 21.0 ], [ 15.059132818796048, 55.042731891500161, 21.54 ], [ 15.059201083751425, 55.043137971870046, 22.66 ], [ 15.058213836543873, 55.04319043906888, 22.95 ], [ 15.058318827570561, 55.043608190922626, 24.35 ], [ 15.059504091663143, 55.043573111883866, 23.76 ], [ 15.059435902343456, 55.043148930258589, 22.74 ] ] ] } },
{ "type": "Feature", "properties": { "layer_id": "built_low_selection", "label": "Built - Low (Selection)", "tooltip_title": "Source layer: Built - Low (Selection)", "tooltip_body": "Selection-based low built area proxy.<br>Clipped to Bornholm DAGI Landsdel landmass." }, "geometry": { "type": "Polygon", "coordinates": [ [ [ 15.087854647144617, 55.044811254200702, 11.01 ], [ 15.087001395830182, 55.045411421590607, 10.78 ], [ 15.087464886455297, 55.045688260292806, 11.36 ], [ 15.089431533235677, 55.045697044708199, 9.48 ], [ 15.089711270242328, 55.045423056277315, 9.56 ], [ 15.0896718307696, 55.044957102218433, 10.19 ], [ 15.089136671229049, 55.044916081234319, 11.02 ], [ 15.089009572744942, 55.043463465844177, 10.79 ], [ 15.087847644427232, 55.043485958596342, 10.77 ], [ 15.087879748880273, 55.043801915367183, 10.75 ], [ 15.08736298698695, 55.043827042688676, 11.64 ], [ 15.087749669529442, 55.043946564729389, 10.78 ], [ 15.087854647144617, 55.044811254200702, 11.01 ] ] ] } },
{ "type": "Feature", "properties": { "layer_id": "built_low_selection", "label": "Built - Low (Selection)", "tooltip_title": "Source layer: Built - Low (Selection)", "tooltip_body": "Selection-based low built area proxy.<br>Clipped to Bornholm DAGI Landsdel landmass." }, "geometry": { "type": "Polygon", "coordinates": [ [ [ 15.114941771456008, 55.058121451116257, 10.92 ], [ 15.116970661002213, 55.059751274182993, 13.16 ], [ 15.116540257169664, 55.059352846172239, 13.33 ], [ 15.117436032335801, 55.059033500570493, 11.9 ], [ 15.116002235953212, 55.058092209000193, 9.98 ], [ 15.114910952097306, 55.058101484975417, 10.4 ], [ 15.114478482016874, 55.056816703329616, 8.31 ], [ 15.113978277779333, 55.056867037641084, 7.79 ], [ 15.114081343255343, 55.057317268905841, 7.96 ], [ 15.112848651841944, 55.057460251382217, 8.51 ], [ 15.112830623064497, 55.058043903212237, 10.37 ], [ 15.113838450464534, 55.058056140155735, 10.44 ], [ 15.113814968413084, 55.058488168626894, 11.59 ], [ 15.114799653891867, 55.058501834346288, 11.56 ], [ 15.114941771456008, 55.058121451116257, 10.92 ] ] ] } },
{ "type": "Feature", "properties": { "layer_id": "built_low_selection", "label": "Built - Low (Selection)", "tooltip_title": "Source layer: Built - Low (Selection)", "tooltip_body": "Selection-based low built area proxy.<br>Clipped to Bornholm DAGI Landsdel landmass." }, "geometry": { "type": "Polygon", "coordinates": [ [ [ 15.101296549671714, 55.042466006541829, 6.99 ], [ 15.102785604556182, 55.04135787739736, 9.78 ], [ 15.102543561884147, 55.04065738981982, 8.67 ], [ 15.101477799241414, 55.040971588609501, 9.82 ], [ 15.100462010082277, 55.042144945976609, 6.28 ], [ 15.101296549671714, 55.042466006541829, 6.99 ] ] ] } },
{ "type": "Feature", "properties": { "layer_id": "built_low_selection", "label": "Built - Low (Selection)", "tooltip_title": "Source layer: Built - Low (Selection)", "tooltip_body": "Selection-based low built area proxy.<br>Clipped to Bornholm DAGI Landsdel landmass." }, "geometry": { "type": "Polygon", "coordinates": [ [ [ 15.109838850057493, 55.047725801336796, 2.99 ], [ 15.110090677511362, 55.047310003999364, 4.42 ], [ 15.108977966143552, 55.046862998093218, 4.92 ], [ 15.108940174901955, 55.047322847211554, 3.83 ], [ 15.10843983557101, 55.047161123146076, 3.33 ], [ 15.108245308469472, 55.04745526761598, 2.66 ], [ 15.109838850057493, 55.047725801336796, 2.99 ] ] ] } },
{ "type": "Feature", "properties": { "layer_id": "built_low_selection", "label": "Built - Low (Selection)", "tooltip_title": "Source layer: Built - Low (Selection)", "tooltip_body": "Selection-based low built area proxy.<br>Clipped to Bornholm DAGI Landsdel landmass." }, "geometry": { "type": "Polygon", "coordinates": [ [ [ 15.128207694435892, 55.057380844171341, 2.35 ], [ 15.128506310042887, 55.057218899567914, 2.16 ], [ 15.127897318641221, 55.056778569020011, 2.46 ], [ 15.129491333531769, 55.056102585092582, 2.53 ], [ 15.129160015335785, 55.055840468040408, 2.77 ], [ 15.129961393109255, 55.055500943325654, 2.25 ], [ 15.128735394916719, 55.055461868467724, 1.69 ], [ 15.128623156891159, 55.056200928311831, 1.63 ], [ 15.127978200862268, 55.056151035088199, 1.9 ], [ 15.127589069021159, 55.056628014395365, 3.06 ], [ 15.123880632715833, 55.053407049695842, 2.83 ], [ 15.123450370361651, 55.053566535068128, 3.33 ], [ 15.128207694435892, 55.057380844171341, 2.35 ] ] ] } },
{ "type": "Feature", "properties": { "layer_id": "built_low_selection", "label": "Built - Low (Selection)", "tooltip_title": "Source layer: Built - Low (Selection)", "tooltip_body": "Selection-based low built area proxy.<br>Clipped to Bornholm DAGI Landsdel landmass." }, "geometry": { "type": "Polygon", "coordinates": [ [ [ 15.10989277654374, 55.016706396850132, 4.92 ], [ 15.110658765075591, 55.016819600430729, 5.01 ], [ 15.110780997333759, 55.016509643078734, 5.08 ], [ 15.110003801047037, 55.016326053385534, 5.01 ], [ 15.10989277654374, 55.016706396850132, 4.92 ] ] ] } },
{ "type": "Feature", "properties": { "layer_id": "built_low_selection", "label": "Built - Low (Selection)", "tooltip_title": "Source layer: Built - Low (Selection)", "tooltip_body": "Selection-based low built area proxy.<br>Clipped to Bornholm DAGI Landsdel landmass." }, "geometry": { "type": "Polygon", "coordinates": [ [ [ 15.098816325472944, 55.023067060553359, 11.92 ], [ 15.098461628652448, 55.023956486016836, 10.86 ], [ 15.099581745540732, 55.024082924712751, 10.85 ], [ 15.100218493545841, 55.023456538270224, 11.32 ], [ 15.098816325472944, 55.023067060553359, 11.92 ] ] ] } },
{ "type": "Feature", "properties": { "layer_id": "built_low_selection", "label": "Built - Low (Selection)", "tooltip_title": "Source layer: Built - Low (Selection)", "tooltip_body": "Selection-based low built area proxy.<br>Clipped to Bornholm DAGI Landsdel landmass." }, "geometry": { "type": "Polygon", "coordinates": [ [ [ 15.07337141998072, 55.021554649306523, 19.78 ], [ 15.073665127543432, 55.020996106005455, 19.46 ], [ 15.072907739757101, 55.020952737697257, 19.58 ], [ 15.072919638573751, 55.022544288812561, 21.15 ], [ 15.073648934839424, 55.022511812050737, 20.84 ], [ 15.073751904499414, 55.021635083106851, 19.45 ], [ 15.07337141998072, 55.021554649306523, 19.78 ] ] ] } },
{ "type": "Feature", "properties": { "layer_id": "built_low_selection", "label": "Built - Low (Selection)", "tooltip_title": "Source layer: Built - Low (Selection)", "tooltip_body": "Selection-based low built area proxy.<br>Clipped to Bornholm DAGI Landsdel landmass." }, "geometry": { "type": "Polygon", "coordinates": [ [ [ 15.069566633775915, 55.021467307999714, 21.23 ], [ 15.069948560962558, 55.021468447801062, 21.02 ], [ 15.070055526533581, 55.020704341773175, 20.91 ], [ 15.069601837776542, 55.020700131932308, 21.17 ], [ 15.069566633775915, 55.021467307999714, 21.23 ] ] ] } },
{ "type": "Feature", "properties": { "layer_id": "built_low_selection", "label": "Built - Low (Selection)", "tooltip_title": "Source layer: Built - Low (Selection)", "tooltip_body": "Selection-based low built area proxy.<br>Clipped to Bornholm DAGI Landsdel landmass." }, "geometry": { "type": "Polygon", "coordinates": [ [ [ 15.072048919022539, 55.021884246157398, 20.93 ], [ 15.068930752958879, 55.022229435351449, 21.45 ], [ 15.069132351589182, 55.022853032847522, 21.66 ], [ 15.068473647079804, 55.023043117278483, 21.89 ], [ 15.071456844593467, 55.022973103727999, 20.56 ], [ 15.070746176161315, 55.022758560071523, 20.6 ], [ 15.07138863721392, 55.022716668725117, 20.62 ], [ 15.071307233726531, 55.022370135947028, 20.65 ], [ 15.072039102442673, 55.02234843467663, 20.36 ], [ 15.072048919022539, 55.021884246157398, 20.93 ] ] ] } },
{ "type": "Feature", "properties": { "layer_id": "built_low_selection", "label": "Built - Low (Selection)", "tooltip_title": "Source layer: Built - Low (Selection)", "tooltip_body": "Selection-based low built area proxy.<br>Clipped to Bornholm DAGI Landsdel landmass." }, "geometry": { "type": "Polygon", "coordinates": [ [ [ 15.116550840689934, 55.027684307207608, 3.37 ], [ 15.116815367548455, 55.028109462228677, 3.22 ], [ 15.117203966344892, 55.02785025978006, 3.31 ], [ 15.116550840689934, 55.027684307207608, 3.37 ] ] ] } },
{ "type": "Feature", "properties": { "layer_id": "built_low_selection", "label": "Built - Low (Selection)", "tooltip_title": "Source layer: Built - Low (Selection)", "tooltip_body": "Selection-based low built area proxy.<br>Clipped to Bornholm DAGI Landsdel landmass." }, "geometry": { "type": "Polygon", "coordinates": [ [ [ 15.109679879393772, 55.013384369723489, 3.55 ], [ 15.110287663246794, 55.013072272068214, 7.67 ], [ 15.111181358630601, 55.013336874942183, 5.69 ], [ 15.110751166369482, 55.013767433178188, 4.1 ], [ 15.11186901345665, 55.01392060797491, 5.27 ], [ 15.112335997842504, 55.013618209099207, 6.27 ], [ 15.111730678496993, 55.013575883525263, 6.14 ], [ 15.111757097904526, 55.013355843194567, 5.95 ], [ 15.112513526497096, 55.012842382800137, 3.83 ], [ 15.108045733311757, 55.012158696795709, 5.91 ], [ 15.10770491189038, 55.012685315868353, 5.42 ], [ 15.108378495203965, 55.013153624038324, 4.24 ], [ 15.109679879393772, 55.013384369723489, 3.55 ] ] ] } },
{ "type": "Feature", "properties": { "layer_id": "built_low_selection", "label": "Built - Low (Selection)", "tooltip_title": "Source layer: Built - Low (Selection)", "tooltip_body": "Selection-based low built area proxy.<br>Clipped to Bornholm DAGI Landsdel landmass." }, "geometry": { "type": "Polygon", "coordinates": [ [ [ 15.116880005892718, 55.018213863280174, 2.85 ], [ 15.114807388834571, 55.018358301875367, 3.67 ], [ 15.114781828822382, 55.020003554490685, 2.89 ], [ 15.115953741601787, 55.020014946699206, 2.82 ], [ 15.115725723178372, 55.019129822470759, 3.51 ], [ 15.116737460912747, 55.019125875280579, 2.92 ], [ 15.116880005892718, 55.018213863280174, 2.85 ] ] ] } },
{ "type": "Feature", "properties": { "layer_id": "built_low_selection", "label": "Built - Low (Selection)", "tooltip_title": "Source layer: Built - Low (Selection)", "tooltip_body": "Selection-based low built area proxy.<br>Clipped to Bornholm DAGI Landsdel landmass." }, "geometry": { "type": "Polygon", "coordinates": [ [ [ 15.107964312705356, 55.025588351387633, 4.03 ], [ 15.107935208866747, 55.025946017010575, 4.16 ], [ 15.109720678802759, 55.026063697413882, 3.44 ], [ 15.109800815909404, 55.025692384484159, 3.43 ], [ 15.108640810784289, 55.025631706615293, 3.74 ], [ 15.108437932840266, 55.025395126617248, 3.72 ], [ 15.108401537003395, 55.023962527174248, 6.53 ], [ 15.109010367345901, 55.023873867836947, 6.34 ], [ 15.108946930893682, 55.023486018546699, 6.86 ], [ 15.11069746402589, 55.023480285669478, 6.76 ], [ 15.111115708083293, 55.025287299076282, 4.1 ], [ 15.110127077616051, 55.025416897723993, 3.25 ], [ 15.11019704334905, 55.025825847395119, 3.05 ], [ 15.111637017768043, 55.026183309348554, 3.65 ], [ 15.10971592750438, 55.026102384088837, 3.44 ], [ 15.109529474387021, 55.027353166297559, 3.63 ], [ 15.110023762902916, 55.027438920089146, 3.97 ], [ 15.108429618105795, 55.029685878936213, 5.17 ], [ 15.109953121588948, 55.029924354831259, 4.0 ], [ 15.110212146160581, 55.02937466178809, 4.02 ], [ 15.111382010843512, 55.029557645838317, 3.84 ], [ 15.112001667196692, 55.029025248099565, 3.95 ], [ 15.113986141437497, 55.029332278547024, 3.18 ], [ 15.11465175125951, 55.028838247587558, 3.51 ], [ 15.116362552797879, 55.029029380625495, 2.79 ], [ 15.118337087655432, 55.028019542757519, 1.55 ], [ 15.11551452891128, 55.028580079981339, 3.2 ], [ 15.115862692795485, 55.027957806035936, 3.76 ], [ 15.115048008128984, 55.027903901024438, 4.53 ], [ 15.115204431053709, 55.027525404595309, 4.72 ], [ 15.118642382725584, 55.027709703793555, 2.46 ], [ 15.118755917466094, 55.027166790248295, 2.93 ], [ 15.119446426268102, 55.027173362549192, 3.09 ], [ 15.119534959027259, 55.026713016794943, 3.1 ], [ 15.120401263542622, 55.027006135817821, 1.96 ], [ 15.121058801665225, 55.026546149320637, 0.84 ], [ 15.120074921913902, 55.025777340119355, 1.9 ], [ 15.117690828258599, 55.024944928431758, 2.42 ], [ 15.116356881081117, 55.02058356722317, 1.55 ], [ 15.114782085703609, 55.020622751593805, 3.09 ], [ 15.114769127581654, 55.021354445757481, 3.14 ], [ 15.113850733281426, 55.021378879559421, 4.08 ], [ 15.114246534612446, 55.022383763758988, 4.32 ], [ 15.112613429632752, 55.022415143541373, 4.19 ], [ 15.112473697831721, 55.022191864090857, 3.98 ], [ 15.113162503283572, 55.02197138340663, 3.2 ], [ 15.11267792543385, 55.021257211313745, 3.65 ], [ 15.113341195422334, 55.021121034023899, 4.22 ], [ 15.113180064152306, 55.020609894008658, 3.54 ], [ 15.112478805587992, 55.019931857883513, 5.94 ], [ 15.111015524188659, 55.019928365084922, 4.89 ], [ 15.11088809468391, 55.019114248756566, 5.64 ], [ 15.111624368353652, 55.019183384660323, 5.23 ], [ 15.111643992205085, 55.017510702851141, 5.09 ], [ 15.109826429047709, 55.016986254587017, 4.91 ], [ 15.109402076415437, 55.018895876236741, 3.69 ], [ 15.110429973486031, 55.019057382172527, 5.75 ], [ 15.110856952596189, 55.020442745131348, 4.0 ], [ 15.108887742508253, 55.020690545514064, 6.07 ], [ 15.106853664509032, 55.019582782825616, 5.27 ], [ 15.106816256668308, 55.022023497461362, 7.69 ], [ 15.106183572777311, 55.022802065320754, 8.21 ], [ 15.104737647094678, 55.022739363754418, 9.89 ], [ 15.104108250575585, 55.023300397084085, 9.87 ], [ 15.103102447270537, 55.023157892067999, 10.62 ], [ 15.103527818414785, 55.022572289300484, 10.39 ], [ 15.101247261536045, 55.0224348657745, 11.26 ], [ 15.101548070151606, 55.021780445106742, 10.31 ], [ 15.100372457080967, 55.0215548031574, 11.34 ], [ 15.099671252764644, 55.022768882483362, 11.77 ], [ 15.101058680979005, 55.022925978522359, 11.18 ], [ 15.100659048260706, 55.023605628822395, 11.19 ], [ 15.101924591655719, 55.023891302599722, 10.04 ], [ 15.101776953438161, 55.025048722849668, 7.01 ], [ 15.104801009474723, 55.025557851710971, 5.29 ], [ 15.105618318632544, 55.025389022656206, 5.39 ], [ 15.105869258788767, 55.025003890154714, 5.54 ], [ 15.106256453914117, 55.025650419368496, 4.44 ], [ 15.107964312705356, 55.025588351387633, 4.03 ] ], [ [ 15.111877208535583, 55.024269906070927, 5.9 ], [ 15.111234377724015, 55.024207764896111, 5.85 ], [ 15.111864957839309, 55.024067572165173, 6.36 ], [ 15.111877208535583, 55.024269906070927, 5.9 ] ] ] } },
{ "type": "Feature", "properties": { "layer_id": "built_low_selection", "label": "Built - Low (Selection)", "tooltip_title": "Source layer: Built - Low (Selection)", "tooltip_body": "Selection-based low built area proxy.<br>Clipped to Bornholm DAGI Landsdel landmass." }, "geometry": { "type": "Polygon", "coordinates": [ [ [ 14.730769958280845, 55.240250557032226, 81.27 ], [ 14.732443719988474, 55.239700445380656, 87.61 ], [ 14.73212876121505, 55.239156628605649, 87.5 ], [ 14.72994518902496, 55.239617057105903, 81.19 ], [ 14.730769958280845, 55.240250557032226, 81.27 ] ] ] } },
{ "type": "Feature", "properties": { "layer_id": "built_low_selection", "label": "Built - Low (Selection)", "tooltip_title": "Source layer: Built - Low (Selection)", "tooltip_body": "Selection-based low built area proxy.<br>Clipped to Bornholm DAGI Landsdel landmass." }, "geometry": { "type": "Polygon", "coordinates": [ [ [ 14.7239146129485, 55.224120070716538, 69.53 ], [ 14.720064990143722, 55.225133043029253, 53.2 ], [ 14.721999609962429, 55.225158795853034, 61.49 ], [ 14.722302661918478, 55.225508032839386, 62.35 ], [ 14.722900246336483, 55.225487837518727, 65.05 ], [ 14.722904719439555, 55.225782437838127, 65.75 ], [ 14.723915685871225, 55.22573036330693, 68.97 ], [ 14.723995776130069, 55.225313318590246, 68.24 ], [ 14.727219449241179, 55.224737122113304, 75.43 ], [ 14.726717591404995, 55.22375605385318, 74.85 ], [ 14.72472542824827, 55.224354755373859, 70.24 ], [ 14.7239146129485, 55.224120070716538, 69.53 ] ] ] } },
{ "type": "Feature", "properties": { "layer_id": "built_low_selection", "label": "Built - Low (Selection)", "tooltip_title": "Source layer: Built - Low (Selection)", "tooltip_body": "Selection-based low built area proxy.<br>Clipped to Bornholm DAGI Landsdel landmass." }, "geometry": { "type": "Polygon", "coordinates": [ [ [ 14.739051268917981, 55.244419089506472, 62.42 ], [ 14.739285835604218, 55.244908261710421, 62.96 ], [ 14.741097776612596, 55.244233317810398, 74.89 ], [ 14.741695349207292, 55.243852598597577, 74.8 ], [ 14.741037739006847, 55.243179411359606, 78.93 ], [ 14.740530623750844, 55.243777126978706, 75.85 ], [ 14.739586016860557, 55.243704942181786, 72.6 ], [ 14.739051268917981, 55.244419089506472, 62.42 ] ] ] } },
{ "type": "Feature", "properties": { "layer_id": "built_low_selection", "label": "Built - Low (Selection)", "tooltip_title": "Source layer: Built - Low (Selection)", "tooltip_body": "Selection-based low built area proxy.<br>Clipped to Bornholm DAGI Landsdel landmass." }, "geometry": { "type": "Polygon", "coordinates": [ [ [ 14.734465549773741, 55.21903018247486, 79.04 ], [ 14.733166051277067, 55.218071894274537, 76.97 ], [ 14.733412696162489, 55.217750330500252, 77.83 ], [ 14.731353827506899, 55.218453747073234, 73.61 ], [ 14.732052814061062, 55.219052287131142, 76.45 ], [ 14.733626987685897, 55.218782919409293, 75.1 ], [ 14.734465549773741, 55.21903018247486, 79.04 ] ] ] } },
{ "type": "Feature", "properties": { "layer_id": "built_low_selection", "label": "Built - Low (Selection)", "tooltip_title": "Source layer: Built - Low (Selection)", "tooltip_body": "Selection-based low built area proxy.<br>Clipped to Bornholm DAGI Landsdel landmass." }, "geometry": { "type": "Polygon", "coordinates": [ [ [ 14.747705858368697, 55.212865663798581, 115.96 ], [ 14.749435848650227, 55.212536235393259, 113.75 ], [ 14.748904279202112, 55.212017556552581, 114.24 ], [ 14.747580539922893, 55.21110476578621, 113.29 ], [ 14.746773532321068, 55.21132465783068, 113.91 ], [ 14.747348961458314, 55.212601130302311, 115.68 ], [ 14.747705858368697, 55.212865663798581, 115.96 ] ] ] } },
{ "type": "Feature", "properties": { "layer_id": "built_low_selection", "label": "Built - Low (Selection)", "tooltip_title": "Source layer: Built - Low (Selection)", "tooltip_body": "Selection-based low built area proxy.<br>Clipped to Bornholm DAGI Landsdel landmass." }, "geometry": { "type": "Polygon", "coordinates": [ [ [ 14.711838428209541, 55.222945415911617, 1.58 ], [ 14.712410368481656, 55.223119564385499, 2.46 ], [ 14.714216797413503, 55.224723175388341, 3.79 ], [ 14.711596367334618, 55.221154804655512, 5.19 ], [ 14.711413170061626, 55.221657336295763, 2.39 ], [ 14.712363277027773, 55.222869725834848, 2.22 ], [ 14.711838428209541, 55.222945415911617, 1.58 ] ] ] } },
{ "type": "Feature", "properties": { "layer_id": "built_low_selection", "label": "Built - Low (Selection)", "tooltip_title": "Source layer: Built - Low (Selection)", "tooltip_body": "Selection-based low built area proxy.<br>Clipped to Bornholm DAGI Landsdel landmass." }, "geometry": { "type": "Polygon", "coordinates": [ [ [ 14.742222637335313, 55.244729257349675, 78.43 ], [ 14.740411630012609, 55.245143657372182, 68.37 ], [ 14.740212248058427, 55.244772642776134, 67.63 ], [ 14.739416476661253, 55.244918211863215, 64.25 ], [ 14.739747959535725, 55.246175898487436, 57.71 ], [ 14.736569425885639, 55.247258600348289, 27.78 ], [ 14.737489064733735, 55.248020006178031, 21.99 ], [ 14.735428835374064, 55.246999560448756, 6.18 ], [ 14.734594814955631, 55.247136007236463, 2.88 ], [ 14.735507861869854, 55.248438933618054, 2.18 ], [ 14.735301813475331, 55.248984801973322, 1.74 ], [ 14.735831645776686, 55.248209602984446, 0.56 ], [ 14.736757482869267, 55.248826250977203, 0.0 ], [ 14.73646241944742, 55.248969701747868, 0.0 ], [ 14.736023300073438, 55.248573076507, 0.0 ], [ 14.735799636518566, 55.248683894106627, 0.274966263021275 ], [ 14.736545973131211, 55.249075756003478, 2.95 ], [ 14.737197903951273, 55.249267812423547, 2.87 ], [ 14.737735131456793, 55.249888456261182, 3.04 ], [ 14.737991031381503, 55.249764043239352, 3.47 ], [ 14.73929414124796, 55.250935123807203, 3.66 ], [ 14.742096056794868, 55.249881474361501, 56.87 ], [ 14.743828559311369, 55.248814156564734, 79.93 ], [ 14.744590526593713, 55.248928963082882, 84.65 ], [ 14.744898234498683, 55.249433937386819, 86.36 ], [ 14.746054225245766, 55.248981817460979, 89.0 ], [ 14.74567668436538, 55.24737479037563, 83.57 ], [ 14.744693037140408, 55.247496318970391, 84.24 ], [ 14.746444747577931, 55.245279218851174, 92.51 ], [ 14.746267489257681, 55.244567162733894, 95.49 ], [ 14.744273335437393, 55.244548455442654, 88.35 ], [ 14.744062229667076, 55.245142291414403, 86.14 ], [ 14.742222637335313, 55.244729257349675, 78.43 ] ] ] } },
{ "type": "Feature", "properties": { "layer_id": "built_low_selection", "label": "Built - Low (Selection)", "tooltip_title": "Source layer: Built - Low (Selection)", "tooltip_body": "Selection-based low built area proxy.<br>Clipped to Bornholm DAGI Landsdel landmass." }, "geometry": { "type": "Polygon", "coordinates": [ [ [ 14.744331981150131, 55.208596566413121, 113.93 ], [ 14.743349215728387, 55.208493106767371, 113.81 ], [ 14.743375898510159, 55.208145990746239, 114.55 ], [ 14.744422501454126, 55.208171627727857, 114.35 ], [ 14.744380411199586, 55.207262436153272, 112.63 ], [ 14.743261865321687, 55.207469837772862, 115.6 ], [ 14.743216493229994, 55.208136596242255, 114.47 ], [ 14.742475864502, 55.208122604947945, 114.09 ], [ 14.741735273882709, 55.207872305858309, 114.47 ], [ 14.741951880038597, 55.207519102684579, 115.26 ], [ 14.740263132291767, 55.207575882437858, 114.15 ], [ 14.739145605154661, 55.207070693140345, 112.02 ], [ 14.738605211299678, 55.207934639219886, 112.74 ], [ 14.739893795818309, 55.207677035762515, 113.92 ], [ 14.741658440844814, 55.208754165212056, 112.37 ], [ 14.742366453620308, 55.20845067244386, 113.67 ], [ 14.742090651325675, 55.208808202072071, 112.93 ], [ 14.743910387153386, 55.210393381871377, 113.56 ], [ 14.744948048211398, 55.211040934806057, 112.05 ], [ 14.745751669475922, 55.21063091309842, 114.79 ], [ 14.74618113070963, 55.210911915966598, 114.37 ], [ 14.7467159270549, 55.210349944267968, 117.46 ], [ 14.745878916429188, 55.210241235804311, 116.04 ], [ 14.745559402406487, 55.210507488736361, 114.85 ], [ 14.744001017251973, 55.209503846654385, 113.52 ], [ 14.744561890895792, 55.209125553506475, 114.05 ], [ 14.74374966179731, 55.208793671721892, 114.22 ], [ 14.744331981150131, 55.208596566413121, 113.93 ] ] ] } },
{ "type": "Feature", "properties": { "layer_id": "built_low_selection", "label": "Built - Low (Selection)", "tooltip_title": "Source layer: Built - Low (Selection)", "tooltip_body": "Selection-based low built area proxy.<br>Clipped to Bornholm DAGI Landsdel landmass." }, "geometry": { "type": "Polygon", "coordinates": [ [ [ 14.796856726133779, 55.245151471145405, 97.42 ], [ 14.796786194299694, 55.245963506151412, 96.87 ], [ 14.796242293737382, 55.246138680629954, 94.99 ], [ 14.797389270689401, 55.246336088025011, 96.52 ], [ 14.797471825376494, 55.245166179125739, 96.99 ], [ 14.796856726133779, 55.245151471145405, 97.42 ] ] ] } },
{ "type": "Feature", "properties": { "layer_id": "built_low_selection", "label": "Built - Low (Selection)", "tooltip_title": "Source layer: Built - Low (Selection)", "tooltip_body": "Selection-based low built area proxy.<br>Clipped to Bornholm DAGI Landsdel landmass." }, "geometry": { "type": "Polygon", "coordinates": [ [ [ 14.77245136922042, 55.255382545108993, 76.2 ], [ 14.772764910400049, 55.255081670901326, 75.91 ], [ 14.77248565296525, 55.254612586409401, 79.81 ], [ 14.772028453770581, 55.2546311269668, 85.22 ], [ 14.771363669551656, 55.255463583077159, 84.98 ], [ 14.77245136922042, 55.255382545108993, 76.2 ] ] ] } },
{ "type": "Feature", "properties": { "layer_id": "built_low_selection", "label": "Built - Low (Selection)", "tooltip_title": "Source layer: Built - Low (Selection)", "tooltip_body": "Selection-based low built area proxy.<br>Clipped to Bornholm DAGI Landsdel landmass." }, "geometry": { "type": "Polygon", "coordinates": [ [ [ 14.798977125388094, 55.239987524487134, 90.31 ], [ 14.799471508581597, 55.239917322317197, 91.43 ], [ 14.798280404542062, 55.239058214439652, 92.26 ], [ 14.798091234421181, 55.239241966049029, 91.77 ], [ 14.796574820383189, 55.238878079958731, 92.56 ], [ 14.796771881614132, 55.238345746975668, 90.74 ], [ 14.796047621397447, 55.238639166007765, 93.69 ], [ 14.795888027795158, 55.239104445820161, 94.45 ], [ 14.796861625065256, 55.239642748258248, 94.17 ], [ 14.796804712801769, 55.23996738169248, 94.17 ], [ 14.795795754197066, 55.239898251128452, 94.83 ], [ 14.795672176155913, 55.240464620252212, 95.52 ], [ 14.796380307179676, 55.240548357779474, 95.18 ], [ 14.796226193253863, 55.241181809244544, 95.85 ], [ 14.796877052602447, 55.241224972313923, 95.08 ], [ 14.796501807778991, 55.243230825394214, 98.01 ], [ 14.795931034551966, 55.243948136006203, 101.08 ], [ 14.796918942678051, 55.244188594135167, 100.07 ], [ 14.798187040859924, 55.244115193569407, 94.1 ], [ 14.798236214830835, 55.243329741473843, 93.67 ], [ 14.797326880202457, 55.243332752161294, 97.06 ], [ 14.797264158602532, 55.242768238069253, 97.1 ], [ 14.798288387927965, 55.242865887795297, 93.13 ], [ 14.798308186461401, 55.240585477038557, 92.22 ], [ 14.79963426709485, 55.240645589080955, 89.11 ], [ 14.798977125388094, 55.239987524487134, 90.31 ] ] ] } },
{ "type": "Feature", "properties": { "layer_id": "built_low_selection", "label": "Built - Low (Selection)", "tooltip_title": "Source layer: Built - Low (Selection)", "tooltip_body": "Selection-based low built area proxy.<br>Clipped to Bornholm DAGI Landsdel landmass." }, "geometry": { "type": "Polygon", "coordinates": [ [ [ 14.954118142221416, 55.039296649320299, 34.07 ], [ 14.95407272322554, 55.038881942983402, 32.92 ], [ 14.953466788803937, 55.038714335793713, 32.59 ], [ 14.951952664570598, 55.039089166716153, 34.35 ], [ 14.952363258430958, 55.039743533774882, 34.91 ], [ 14.954118142221416, 55.039296649320299, 34.07 ] ] ] } },
{ "type": "Feature", "properties": { "layer_id": "built_low_selection", "label": "Built - Low (Selection)", "tooltip_title": "Source layer: Built - Low (Selection)", "tooltip_body": "Selection-based low built area proxy.<br>Clipped to Bornholm DAGI Landsdel landmass." }, "geometry": { "type": "Polygon", "coordinates": [ [ [ 14.949851750379711, 55.0384185993776, 35.01 ], [ 14.949673850742556, 55.037849595140024, 33.77 ], [ 14.948579222248823, 55.037903822679937, 34.45 ], [ 14.948708912321534, 55.039497136361106, 35.57 ], [ 14.949774258460709, 55.039570388797728, 35.0 ], [ 14.950002423416494, 55.040006112113034, 35.28 ], [ 14.951559266004294, 55.038918053417369, 34.46 ], [ 14.950873254163316, 55.038829628683757, 35.07 ], [ 14.950802171310329, 55.038489826659863, 34.47 ], [ 14.949851750379711, 55.0384185993776, 35.01 ] ] ] } },
{ "type": "Feature", "properties": { "layer_id": "built_low_selection", "label": "Built - Low (Selection)", "tooltip_title": "Source layer: Built - Low (Selection)", "tooltip_body": "Selection-based low built area proxy.<br>Clipped to Bornholm DAGI Landsdel landmass." }, "geometry": { "type": "Polygon", "coordinates": [ [ [ 14.811446299002807, 55.244957675616703, 76.79 ], [ 14.811596847722198, 55.244181952202538, 79.38 ], [ 14.809985899762315, 55.246170013902663, 75.88 ], [ 14.810100558952934, 55.246657415983506, 73.98 ], [ 14.811035881690589, 55.247093014817388, 71.81 ], [ 14.811716871980588, 55.24637558314528, 71.45 ], [ 14.811096168238658, 55.246167754031553, 72.6 ], [ 14.81209617744674, 55.245307876199867, 72.28 ], [ 14.811446299002807, 55.244957675616703, 76.79 ] ] ] } },
{ "type": "Feature", "properties": { "layer_id": "built_low_selection", "label": "Built - Low (Selection)", "tooltip_title": "Source layer: Built - Low (Selection)", "tooltip_body": "Selection-based low built area proxy.<br>Clipped to Bornholm DAGI Landsdel landmass." }, "geometry": { "type": "Polygon", "coordinates": [ [ [ 14.811900699938583, 55.211270758564524, 95.85 ], [ 14.813833868566901, 55.21219866726809, 99.47 ], [ 14.814086925348038, 55.211969700169313, 97.41 ], [ 14.813772667690264, 55.211647768039342, 96.07 ], [ 14.814091691582863, 55.211400522666764, 94.37 ], [ 14.813056042790405, 55.210873888967541, 94.45 ], [ 14.811900699938583, 55.211270758564524, 95.85 ] ] ] } },
{ "type": "Feature", "properties": { "layer_id": "built_low_selection", "label": "Built - Low (Selection)", "tooltip_title": "Source layer: Built - Low (Selection)", "tooltip_body": "Selection-based low built area proxy.<br>Clipped to Bornholm DAGI Landsdel landmass." }, "geometry": { "type": "Polygon", "coordinates": [ [ [ 14.811401559511399, 55.210980614001855, 93.99 ], [ 14.811665656746023, 55.210834666271154, 93.82 ], [ 14.810637754762009, 55.210310073428907, 90.83 ], [ 14.810511165930443, 55.21036923680321, 91.48 ], [ 14.811401559511399, 55.210980614001855, 93.99 ] ] ] } },
{ "type": "Feature", "properties": { "layer_id": "built_low_selection", "label": "Built - Low (Selection)", "tooltip_title": "Source layer: Built - Low (Selection)", "tooltip_body": "Selection-based low built area proxy.<br>Clipped to Bornholm DAGI Landsdel landmass." }, "geometry": { "type": "Polygon", "coordinates": [ [ [ 14.816547892931581, 55.25114037308537, 51.26 ], [ 14.817324474463925, 55.251243227295326, 47.85 ], [ 14.817742403736425, 55.251039862951693, 47.01 ], [ 14.81686709109775, 55.250766546003064, 52.88 ], [ 14.816547892931581, 55.25114037308537, 51.26 ] ] ] } },
{ "type": "Feature", "properties": { "layer_id": "built_low_selection", "label": "Built - Low (Selection)", "tooltip_title": "Source layer: Built - Low (Selection)", "tooltip_body": "Selection-based low built area proxy.<br>Clipped to Bornholm DAGI Landsdel landmass." }, "geometry": { "type": "Polygon", "coordinates": [ [ [ 14.818117769988978, 55.252978311046597, 32.05 ], [ 14.817541419388546, 55.253299891313382, 32.88 ], [ 14.817261714324223, 55.253612055545567, 31.74 ], [ 14.817951560302504, 55.253736789101218, 26.43 ], [ 14.818594211882036, 55.253229917496647, 28.96 ], [ 14.818117769988978, 55.252978311046597, 32.05 ] ] ] } },
{ "type": "Feature", "properties": { "layer_id": "built_low_selection", "label": "Built - Low (Selection)", "tooltip_title": "Source layer: Built - Low (Selection)", "tooltip_body": "Selection-based low built area proxy.<br>Clipped to Bornholm DAGI Landsdel landmass." }, "geometry": { "type": "Polygon", "coordinates": [ [ [ 14.812869605243504, 55.253527525539305, 50.6 ], [ 14.811478683882285, 55.253126754510077, 63.8 ], [ 14.810667216573483, 55.253922612648424, 62.29 ], [ 14.812396992013285, 55.254583667211918, 54.41 ], [ 14.812459467737503, 55.254220317909272, 54.44 ], [ 14.813122181563344, 55.254228714225611, 53.44 ], [ 14.812869605243504, 55.253527525539305, 50.6 ] ] ] } },
{ "type": "Feature", "properties": { "layer_id": "built_low_selection", "label": "Built - Low (Selection)", "tooltip_title": "Source layer: Built - Low (Selection)", "tooltip_body": "Selection-based low built area proxy.<br>Clipped to Bornholm DAGI Landsdel landmass." }, "geometry": { "type": "Polygon", "coordinates": [ [ [ 14.829405725136091, 55.243420272222217, 42.82 ], [ 14.828248514905122, 55.24281566519177, 44.82 ], [ 14.827532197641629, 55.243533720841548, 47.88 ], [ 14.828029940328895, 55.243688212266768, 46.36 ], [ 14.828385050705259, 55.243381948877186, 45.26 ], [ 14.829297190841613, 55.243660887741768, 41.68 ], [ 14.829405725136091, 55.243420272222217, 42.82 ] ] ] } },
{ "type": "Feature", "properties": { "layer_id": "built_low_selection", "label": "Built - Low (Selection)", "tooltip_title": "Source layer: Built - Low (Selection)", "tooltip_body": "Selection-based low built area proxy.<br>Clipped to Bornholm DAGI Landsdel landmass." }, "geometry": { "type": "Polygon", "coordinates": [ [ [ 14.826253648919103, 55.24107536512625, 56.77 ], [ 14.824774382795251, 55.241441941623805, 56.33 ], [ 14.824471851222757, 55.240627575080907, 58.47 ], [ 14.822373052941376, 55.241203564937841, 60.21 ], [ 14.823305690295527, 55.241744346073105, 57.42 ], [ 14.822302286596841, 55.24231776022858, 58.35 ], [ 14.822702231732396, 55.242528717642486, 56.31 ], [ 14.823274171795521, 55.242217041667345, 55.9 ], [ 14.824391196256181, 55.242568759363458, 53.62 ], [ 14.824688620554475, 55.242253656298487, 53.68 ], [ 14.825169301007406, 55.242400513536182, 52.64 ], [ 14.825879628090705, 55.241586703333276, 55.35 ], [ 14.826523421543401, 55.241420289833698, 55.33 ], [ 14.826253648919103, 55.24107536512625, 56.77 ] ] ] } },
{ "type": "Feature", "properties": { "layer_id": "built_low_selection", "label": "Built - Low (Selection)", "tooltip_title": "Source layer: Built - Low (Selection)", "tooltip_body": "Selection-based low built area proxy.<br>Clipped to Bornholm DAGI Landsdel landmass." }, "geometry": { "type": "Polygon", "coordinates": [ [ [ 14.825608365665405, 55.242534328007189, 52.07 ], [ 14.825077600520812, 55.243104033730241, 52.43 ], [ 14.825537961545109, 55.24324763171623, 51.73 ], [ 14.826245604510678, 55.242729047988618, 50.87 ], [ 14.825608365665405, 55.242534328007189, 52.07 ] ] ] } },
{ "type": "Feature", "properties": { "layer_id": "built_low_selection", "label": "Built - Low (Selection)", "tooltip_title": "Source layer: Built - Low (Selection)", "tooltip_body": "Selection-based low built area proxy.<br>Clipped to Bornholm DAGI Landsdel landmass." }, "geometry": { "type": "Polygon", "coordinates": [ [ [ 14.834234247775218, 55.243309947070934, 38.98 ], [ 14.834281079910483, 55.243961100995534, 31.73 ], [ 14.832653801032061, 55.244012223295243, 29.86 ], [ 14.831853207123038, 55.244502623415926, 30.41 ], [ 14.829638652903883, 55.243765066306338, 40.09 ], [ 14.829243964084919, 55.244116171921348, 41.3 ], [ 14.83046837439433, 55.244418307970825, 35.4 ], [ 14.829617561518557, 55.245338536141368, 37.02 ], [ 14.830764391224958, 55.245871790398503, 31.43 ], [ 14.828605014418144, 55.247740928388247, 29.12 ], [ 14.827399177597623, 55.24798892112824, 24.93 ], [ 14.829186556063554, 55.249514273644373, 11.17 ], [ 14.825639816281864, 55.249978284497999, 20.89 ], [ 14.826695455613011, 55.25079052060326, 12.34 ], [ 14.825692950657121, 55.251001837397553, 11.56 ], [ 14.824062217208864, 55.250071107839432, 24.41 ], [ 14.824778606051161, 55.249479107768664, 25.78 ], [ 14.823748118581944, 55.248601465446093, 36.79 ], [ 14.823329038137979, 55.2487944641978, 33.65 ], [ 14.823964458935343, 55.248981543353132, 31.25 ], [ 14.82192106560022, 55.249273176163186, 32.52 ], [ 14.820038139620175, 55.250261804764214, 35.53 ], [ 14.819718603726871, 55.249881706178556, 35.84 ], [ 14.81947678189726, 55.250152093576041, 38.02 ], [ 14.820502971853978, 55.250522510913001, 32.39 ], [ 14.819524865589026, 55.251027257208079, 33.38 ], [ 14.820076064114103, 55.251478195448719, 28.22 ], [ 14.819289789456302, 55.251864022275804, 33.6 ], [ 14.818411254129805, 55.251364639776952, 42.16 ], [ 14.817952691104241, 55.25173055234324, 41.48 ], [ 14.820044269800926, 55.252554423303408, 26.66 ], [ 14.819545860282224, 55.252933411170844, 24.5 ], [ 14.81994801746068, 55.253218994104735, 24.15 ], [ 14.821540955064872, 55.25369300564055, 11.41 ], [ 14.820858030856236, 55.254146455720303, 11.15 ], [ 14.819771354605205, 55.253670543589593, 23.13 ], [ 14.819235310754131, 55.254302496985432, 21.58 ], [ 14.820151403047506, 55.254739312461133, 12.15 ], [ 14.819911866743348, 55.254957736893175, 12.28 ], [ 14.818802063678628, 55.254423056220766, 21.24 ], [ 14.818193045383998, 55.254792834048331, 24.09 ], [ 14.817234518488236, 55.25412226086128, 29.01 ], [ 14.81766042756731, 55.253909693658976, 27.37 ], [ 14.816253544623029, 55.253174580508578, 39.66 ], [ 14.815989816841849, 55.253397934452934, 44.3 ], [ 14.815285756697856, 55.25323740986876, 44.63 ], [ 14.814956105870753, 55.25352827953796, 47.04 ], [ 14.815264725588747, 55.253611293548332, 47.68 ], [ 14.814907401423032, 55.254065078390461, 45.38 ], [ 14.815491133364512, 55.254511151339663, 41.38 ], [ 14.815103147089351, 55.255148340295278, 31.13 ], [ 14.814760155631626, 55.254842629279892, 33.87 ], [ 14.814306442142549, 55.255083971706284, 38.26 ], [ 14.812418507658089, 55.254597133074441, 54.25 ], [ 14.812442140224508, 55.255050173015334, 49.51 ], [ 14.813371459823152, 55.255651959808624, 45.72 ], [ 14.811958267244385, 55.255636747133288, 54.13 ], [ 14.811837407464639, 55.255862988454787, 53.98 ], [ 14.812697282128619, 55.255949652099559, 54.11 ], [ 14.813172821911632, 55.256352202595771, 51.64 ], [ 14.814336290918968, 55.256150586348156, 40.51 ], [ 14.815120191381999, 55.256952501669119, 29.9 ], [ 14.814603813584181, 55.257509672219498, 28.79 ], [ 14.816535745475504, 55.258500941599422, 11.48 ], [ 14.816044188310812, 55.258826290696021, 13.35 ], [ 14.814746133191887, 55.258274463653187, 24.82 ], [ 14.813726063000241, 55.257298022268323, 36.05 ], [ 14.811162657438645, 55.256168711271094, 52.71 ], [ 14.810673840808576, 55.257985596581044, 49.17 ], [ 14.810042456770034, 55.258047347868747, 45.95 ], [ 14.810575248558381, 55.258240210475975, 48.81 ], [ 14.810427108323784, 55.258696862624596, 48.26 ], [ 14.809674494126618, 55.258253608274984, 46.59 ], [ 14.808953275822077, 55.258816212454356, 50.32 ], [ 14.809858230421682, 55.259151190553709, 48.81 ], [ 14.810125105866152, 55.259664813545406, 46.64 ], [ 14.81263481395702, 55.260421858467247, 30.14 ], [ 14.81301640240067, 55.260152551814052, 28.0 ], [ 14.815527257211707, 55.261416948224308, 9.39 ], [ 14.815758661466663, 55.260624210914479, 9.22 ], [ 14.815080805128254, 55.260476653156587, 12.99 ], [ 14.815848539127217, 55.259206811344519, 13.5 ], [ 14.8165926888752, 55.25952287045493, 7.39 ], [ 14.819901946586981, 55.256070278106705, 3.32 ], [ 14.821594644768835, 55.255319512750724, 2.37 ], [ 14.822600255316049, 55.253490080117267, 4.2 ], [ 14.8221704014833, 55.253305937785321, 10.09 ], [ 14.824274293632712, 55.252530499921093, 3.31 ], [ 14.823816790366536, 55.252248120422962, 9.84 ], [ 14.824436459896972, 55.251889235196074, 10.29 ], [ 14.825656870941232, 55.251460438715512, 10.66 ], [ 14.826002512275634, 55.251889056668169, 2.71 ], [ 14.827633398193345, 55.251579038843609, 3.41 ], [ 14.828317172835602, 55.251732181865954, 3.33 ], [ 14.828382222718318, 55.251379860316341, 3.65 ], [ 14.829115085764142, 55.251177210644535, 3.67 ], [ 14.828553652829532, 55.250706635893913, 9.07 ], [ 14.829139366387977, 55.250450719500748, 6.5 ], [ 14.830140097112809, 55.250619182172798, 4.2 ], [ 14.831663555583379, 55.24953446273571, 2.76 ], [ 14.833700219577276, 55.248734076826118, 2.97 ], [ 14.834099378364353, 55.248982757894225, 1.82 ], [ 14.83489978605053, 55.248662230349602, 1.8 ], [ 14.83423391801634, 55.247974509137208, 4.69 ], [ 14.835704967940559, 55.247537005578195, 3.55 ], [ 14.836117144709588, 55.247869949009981, 1.66 ], [ 14.836912934961891, 55.24758257787839, 1.22 ], [ 14.839546662980412, 55.247915842047135, 1.56 ], [ 14.83994064774121, 55.24749496585973, 3.66 ], [ 14.84237708900967, 55.24698969211039, 4.16 ], [ 14.844352646903612, 55.246975364477485, 9.25 ], [ 14.844792955988112, 55.247301977063195, 5.55 ], [ 14.845475283547094, 55.247275131759586, 4.46 ], [ 14.847945352195364, 55.24629045218191, 3.51 ], [ 14.847653091266661, 55.245468074703055, 10.71 ], [ 14.846115079689659, 55.244010128848601, 20.37 ], [ 14.845541728428783, 55.244008335514387, 21.74 ], [ 14.844909313349829, 55.243475796885242, 27.06 ], [ 14.844330155958199, 55.243829517232648, 28.16 ], [ 14.843856579510563, 55.243605240709471, 29.43 ], [ 14.844076405519608, 55.243264916335434, 28.69 ], [ 14.840273183756198, 55.243178138471187, 37.87 ], [ 14.841599149578229, 55.245694139526307, 18.39 ], [ 14.839745493814547, 55.246112546121601, 21.77 ], [ 14.839151947943263, 55.24585899084493, 21.9 ], [ 14.83872820535025, 55.246132121463909, 18.66 ], [ 14.838247340411909, 55.245885036537899, 19.7 ], [ 14.837907164759068, 55.246067459162155, 18.62 ], [ 14.837341553368189, 55.245760520227364, 19.93 ], [ 14.837882285942102, 55.245577836685662, 21.24 ], [ 14.83768376386678, 55.245354019284434, 21.6 ], [ 14.835690821777167, 55.244622317617726, 27.84 ], [ 14.836202302945006, 55.2440713123029, 33.21 ], [ 14.834921002635944, 55.243964525506293, 31.93 ], [ 14.835492278915913, 55.243064509161599, 42.06 ], [ 14.834234247775218, 55.243309947070934, 38.98 ] ] ] } },
{ "type": "Feature", "properties": { "layer_id": "built_low_selection", "label": "Built - Low (Selection)", "tooltip_title": "Source layer: Built - Low (Selection)", "tooltip_body": "Selection-based low built area proxy.<br>Clipped to Bornholm DAGI Landsdel landmass." }, "geometry": { "type": "Polygon", "coordinates": [ [ [ 14.83921143394404, 55.072840470855361, 57.05 ], [ 14.841006858919343, 55.072566373660273, 58.08 ], [ 14.840744288190365, 55.072198654022721, 55.87 ], [ 14.839116590736062, 55.072624112509267, 56.11 ], [ 14.83921143394404, 55.072840470855361, 57.05 ] ] ] } },
{ "type": "Feature", "properties": { "layer_id": "built_low_selection", "label": "Built - Low (Selection)", "tooltip_title": "Source layer: Built - Low (Selection)", "tooltip_body": "Selection-based low built area proxy.<br>Clipped to Bornholm DAGI Landsdel landmass." }, "geometry": { "type": "Polygon", "coordinates": [ [ [ 14.841727426949447, 55.072463093536186, 59.01 ], [ 14.842000639112284, 55.072016021314845, 58.02 ], [ 14.841487680202347, 55.0721828615197, 57.64 ], [ 14.841727426949447, 55.072463093536186, 59.01 ] ] ] } },
{ "type": "Feature", "properties": { "layer_id": "built_low_selection", "label": "Built - Low (Selection)", "tooltip_title": "Source layer: Built - Low (Selection)", "tooltip_body": "Selection-based low built area proxy.<br>Clipped to Bornholm DAGI Landsdel landmass." }, "geometry": { "type": "Polygon", "coordinates": [ [ [ 14.843141775456706, 55.072081990516395, 58.69 ], [ 14.843953620922061, 55.071894899873378, 58.96 ], [ 14.843750119365625, 55.071466725699835, 58.29 ], [ 14.842872957254555, 55.071674874750876, 57.78 ], [ 14.843141775456706, 55.072081990516395, 58.69 ] ] ] } },
{ "type": "Feature", "properties": { "layer_id": "built_low_selection", "label": "Built - Low (Selection)", "tooltip_title": "Source layer: Built - Low (Selection)", "tooltip_body": "Selection-based low built area proxy.<br>Clipped to Bornholm DAGI Landsdel landmass." }, "geometry": { "type": "Polygon", "coordinates": [ [ [ 14.826877075193194, 55.07103204833323, 51.54 ], [ 14.827327599833966, 55.070032212772318, 52.34 ], [ 14.826499679552041, 55.070186743584252, 51.54 ], [ 14.826371371565303, 55.070971343523233, 51.23 ], [ 14.826877075193194, 55.07103204833323, 51.54 ] ] ] } },
{ "type": "Feature", "properties": { "layer_id": "built_low_selection", "label": "Built - Low (Selection)", "tooltip_title": "Source layer: Built - Low (Selection)", "tooltip_body": "Selection-based low built area proxy.<br>Clipped to Bornholm DAGI Landsdel landmass." }, "geometry": { "type": "Polygon", "coordinates": [ [ [ 14.833973654759244, 55.072022142355834, 55.46 ], [ 14.833348829294199, 55.071711972131716, 56.49 ], [ 14.83313552717965, 55.072189632262386, 55.49 ], [ 14.833794975411427, 55.072279109368552, 55.26 ], [ 14.833973654759244, 55.072022142355834, 55.46 ] ] ] } },
{ "type": "Feature", "properties": { "layer_id": "built_low_selection", "label": "Built - Low (Selection)", "tooltip_title": "Source layer: Built - Low (Selection)", "tooltip_body": "Selection-based low built area proxy.<br>Clipped to Bornholm DAGI Landsdel landmass." }, "geometry": { "type": "Polygon", "coordinates": [ [ [ 14.83399592138197, 55.067290272329146, 58.75 ], [ 14.833850251877859, 55.068107497393179, 60.37 ], [ 14.834811772167276, 55.068134643071403, 60.82 ], [ 14.834587188248429, 55.067008877835704, 58.6 ], [ 14.834022492742838, 55.067027383111046, 58.56 ], [ 14.834572999605427, 55.066040173333782, 57.11 ], [ 14.831871609164612, 55.066430370715999, 57.81 ], [ 14.831778325946775, 55.066865081004899, 58.4 ], [ 14.83399592138197, 55.067290272329146, 58.75 ] ] ] } },
{ "type": "Feature", "properties": { "layer_id": "built_low_selection", "label": "Built - Low (Selection)", "tooltip_title": "Source layer: Built - Low (Selection)", "tooltip_body": "Selection-based low built area proxy.<br>Clipped to Bornholm DAGI Landsdel landmass." }, "geometry": { "type": "Polygon", "coordinates": [ [ [ 14.844814996692785, 55.074848202872523, 63.66 ], [ 14.84510589366826, 55.074521085549442, 63.91 ], [ 14.845051846115554, 55.074014325007333, 64.15 ], [ 14.844307963303661, 55.074215794429065, 64.16 ], [ 14.844259249144189, 55.074739836836606, 63.99 ], [ 14.844814996692785, 55.074848202872523, 63.66 ] ] ] } },
{ "type": "Feature", "properties": { "layer_id": "built_low_selection", "label": "Built - Low (Selection)", "tooltip_title": "Source layer: Built - Low (Selection)", "tooltip_body": "Selection-based low built area proxy.<br>Clipped to Bornholm DAGI Landsdel landmass." }, "geometry": { "type": "Polygon", "coordinates": [ [ [ 14.836026809789168, 55.072123827015737, 56.02 ], [ 14.836113448104891, 55.071723371499331, 55.78 ], [ 14.835450609561649, 55.07203396037027, 56.13 ], [ 14.834383218715626, 55.071871198236643, 56.3 ], [ 14.835086657338769, 55.073320268551576, 54.01 ], [ 14.834311931840665, 55.073332215903406, 53.48 ], [ 14.834081817895212, 55.072786654527896, 53.54 ], [ 14.833361029418011, 55.072667177963922, 53.59 ], [ 14.833403834092039, 55.073168898839029, 53.24 ], [ 14.832177062674443, 55.073105332045039, 52.69 ], [ 14.831961811568982, 55.073920225436204, 54.04 ], [ 14.832289643112599, 55.073897090293841, 54.28 ], [ 14.832482594005642, 55.074945967839383, 58.85 ], [ 14.831352113739964, 55.075125421708279, 59.26 ], [ 14.831592140108503, 55.075947607151775, 61.75 ], [ 14.833402473042764, 55.075376730031266, 60.72 ], [ 14.833542639562097, 55.075598475955175, 60.98 ], [ 14.835283091380754, 55.075639856119821, 60.34 ], [ 14.834912007110558, 55.076154453164136, 62.3 ], [ 14.835342869566599, 55.076107181698113, 62.32 ], [ 14.835380410826973, 55.076596282095082, 63.78 ], [ 14.834241894516337, 55.07680153546854, 64.14 ], [ 14.834312036537817, 55.077015393573554, 64.91 ], [ 14.834850893238352, 55.076952219962266, 64.69 ], [ 14.834903649961905, 55.07729519889638, 65.81 ], [ 14.83698402941274, 55.077004587170066, 65.02 ], [ 14.836989110941056, 55.076346620853052, 62.31 ], [ 14.838108938877744, 55.076200486030679, 62.66 ], [ 14.836557554718871, 55.075683455186493, 60.56 ], [ 14.836616189645691, 55.075335120030729, 59.71 ], [ 14.837283860253738, 55.07554274701431, 60.8 ], [ 14.84072564056358, 55.074973495177233, 62.89 ], [ 14.840989676053463, 55.075275966626315, 63.53 ], [ 14.842817452178119, 55.074913413707911, 63.91 ], [ 14.842401009866141, 55.074197504706589, 63.11 ], [ 14.843404208619981, 55.074414153315509, 63.74 ], [ 14.842998150203931, 55.073699546799226, 62.59 ], [ 14.842758412043965, 55.073921657233591, 63.03 ], [ 14.841109646696061, 55.073282438029509, 59.94 ], [ 14.841689860053961, 55.072961660596434, 59.71 ], [ 14.841298126612037, 55.072697836093603, 58.9 ], [ 14.84014539030915, 55.073310476213464, 58.77 ], [ 14.838073130169688, 55.072556647586737, 55.77 ], [ 14.837496089399469, 55.071347370852919, 56.39 ], [ 14.836855701686586, 55.072265906396737, 56.02 ], [ 14.836026809789168, 55.072123827015737, 56.02 ] ], [ [ 14.833468033975073, 55.073821463071177, 55.2 ], [ 14.832865536797492, 55.073558019661704, 54.34 ], [ 14.833444005580535, 55.073550473283575, 54.52 ], [ 14.833468033975073, 55.073821463071177, 55.2 ] ], [ [ 14.841677445009015, 55.074917964829716, 63.18 ], [ 14.841608142857192, 55.074531941579259, 62.9 ], [ 14.84204964884138, 55.074172376094992, 62.86 ], [ 14.842602449991414, 55.074719946754115, 63.67 ], [ 14.841677445009015, 55.074917964829716, 63.18 ] ] ] } },
{ "type": "Feature", "properties": { "layer_id": "built_low_selection", "label": "Built - Low (Selection)", "tooltip_title": "Source layer: Built - Low (Selection)", "tooltip_body": "Selection-based low built area proxy.<br>Clipped to Bornholm DAGI Landsdel landmass." }, "geometry": { "type": "Polygon", "coordinates": [ [ [ 14.901084871893639, 55.024922833475081, 5.27 ], [ 14.901303745046125, 55.025634662483689, 6.74 ], [ 14.90202120048586, 55.025784669866134, 3.31 ], [ 14.90146672371832, 55.02451857166507, 2.13 ], [ 14.901084871893639, 55.024922833475081, 5.27 ] ] ] } },
{ "type": "Feature", "properties": { "layer_id": "built_low_selection", "label": "Built - Low (Selection)", "tooltip_title": "Source layer: Built - Low (Selection)", "tooltip_body": "Selection-based low built area proxy.<br>Clipped to Bornholm DAGI Landsdel landmass." }, "geometry": { "type": "Polygon", "coordinates": [ [ [ 14.885949323394067, 55.047202906084891, 38.53 ], [ 14.88553009314767, 55.045941611590095, 39.84 ], [ 14.882800880271196, 55.0464035736738, 39.22 ], [ 14.883108694693833, 55.04719259264747, 38.81 ], [ 14.884735525046235, 55.046974600410351, 38.95 ], [ 14.885949323394067, 55.047202906084891, 38.53 ] ] ] } },
{ "type": "Feature", "properties": { "layer_id": "built_low_selection", "label": "Built - Low (Selection)", "tooltip_title": "Source layer: Built - Low (Selection)", "tooltip_body": "Selection-based low built area proxy.<br>Clipped to Bornholm DAGI Landsdel landmass." }, "geometry": { "type": "Polygon", "coordinates": [ [ [ 14.899806698474205, 55.025269146313676, 7.48 ], [ 14.899663094627559, 55.024726508457469, 1.18 ], [ 14.899421959693068, 55.02486607820493, 1.18 ], [ 14.899806698474205, 55.025269146313676, 7.48 ] ] ] } },
{ "type": "Feature", "properties": { "layer_id": "built_low_selection", "label": "Built - Low (Selection)", "tooltip_title": "Source layer: Built - Low (Selection)", "tooltip_body": "Selection-based low built area proxy.<br>Clipped to Bornholm DAGI Landsdel landmass." }, "geometry": { "type": "Polygon", "coordinates": [ [ [ 14.899924036284897, 55.026627638825666, 15.02 ], [ 14.900539039858291, 55.026266505965957, 14.92 ], [ 14.900460818610997, 55.026062255692004, 11.62 ], [ 14.900148614258345, 55.026280007808985, 15.04 ], [ 14.899924036284897, 55.026627638825666, 15.02 ] ] ] } },
{ "type": "Feature", "properties": { "layer_id": "built_low_selection", "label": "Built - Low (Selection)", "tooltip_title": "Source layer: Built - Low (Selection)", "tooltip_body": "Selection-based low built area proxy.<br>Clipped to Bornholm DAGI Landsdel landmass." }, "geometry": { "type": "Polygon", "coordinates": [ [ [ 14.915436424340527, 55.035183409536408, 23.1 ], [ 14.916482469137577, 55.034875177483485, 22.66 ], [ 14.915805138927926, 55.034066169598113, 21.85 ], [ 14.914679526055011, 55.0342803243228, 21.47 ], [ 14.915204566477763, 55.035568158018577, 23.45 ], [ 14.915436424340527, 55.035183409536408, 23.1 ] ] ] } },
{ "type": "Feature", "properties": { "layer_id": "built_low_selection", "label": "Built - Low (Selection)", "tooltip_title": "Source layer: Built - Low (Selection)", "tooltip_body": "Selection-based low built area proxy.<br>Clipped to Bornholm DAGI Landsdel landmass." }, "geometry": { "type": "Polygon", "coordinates": [ [ [ 14.907476353424755, 55.023433295883862, 2.33 ], [ 14.908689734827853, 55.023093656632007, 3.74 ], [ 14.908783262148226, 55.0238578567674, 10.37 ], [ 14.91067679620325, 55.023703198775337, 13.81 ], [ 14.910337684006016, 55.023233028484043, 14.6 ], [ 14.908990258072986, 55.023322723126341, 13.32 ], [ 14.908930756421158, 55.023074621552212, 4.43 ], [ 14.909462307584811, 55.023021623588519, 6.11 ], [ 14.909114670099699, 55.02273453445634, 1.84 ], [ 14.906955481798915, 55.023040482325641, 3.49 ], [ 14.905347264902556, 55.022847363705701, 2.2 ], [ 14.9037196188554, 55.023318230620426, 2.84 ], [ 14.904802755845708, 55.023134418741279, 4.09 ], [ 14.905099884541956, 55.024337049875768, 12.13 ], [ 14.906043756853409, 55.024241574062437, 10.72 ], [ 14.906377004780969, 55.02461706059281, 11.49 ], [ 14.907545222076704, 55.024337431944645, 6.46 ], [ 14.90852105438498, 55.025050909959681, 10.38 ], [ 14.908100803521275, 55.023779288350354, 8.46 ], [ 14.907493462416292, 55.023704259549532, 4.33 ], [ 14.907476353424755, 55.023433295883862, 2.33 ] ] ] } },
{ "type": "Feature", "properties": { "layer_id": "built_low_selection", "label": "Built - Low (Selection)", "tooltip_title": "Source layer: Built - Low (Selection)", "tooltip_body": "Selection-based low built area proxy.<br>Clipped to Bornholm DAGI Landsdel landmass." }, "geometry": { "type": "Polygon", "coordinates": [ [ [ 14.840592873759682, 55.044843172903548, 12.11 ], [ 14.840290011527873, 55.044518087948745, 10.77 ], [ 14.839813658137182, 55.04470567373771, 11.24 ], [ 14.840011680380583, 55.045072986780674, 12.0 ], [ 14.840592873759682, 55.044843172903548, 12.11 ] ] ] } },
{ "type": "Feature", "properties": { "layer_id": "built_low_selection", "label": "Built - Low (Selection)", "tooltip_title": "Source layer: Built - Low (Selection)", "tooltip_body": "Selection-based low built area proxy.<br>Clipped to Bornholm DAGI Landsdel landmass." }, "geometry": { "type": "Polygon", "coordinates": [ [ [ 14.84054032196955, 55.045505496637062, 12.05 ], [ 14.839487659976358, 55.04547109345453, 8.8 ], [ 14.839716405950787, 55.045759956824341, 9.3 ], [ 14.84054032196955, 55.045505496637062, 12.05 ] ] ] } },
{ "type": "Feature", "properties": { "layer_id": "built_low_selection", "label": "Built - Low (Selection)", "tooltip_title": "Source layer: Built - Low (Selection)", "tooltip_body": "Selection-based low built area proxy.<br>Clipped to Bornholm DAGI Landsdel landmass." }, "geometry": { "type": "Polygon", "coordinates": [ [ [ 14.864919705752987, 55.145869997267262, 120.88 ], [ 14.865356787235898, 55.146341699655572, 121.62 ], [ 14.866926370435831, 55.146374297530748, 120.83 ], [ 14.86661053480727, 55.145710930088235, 118.83 ], [ 14.867330673464894, 55.145496906763988, 120.65 ], [ 14.867138386692899, 55.145291570506188, 120.21 ], [ 14.867783819956692, 55.145356994084977, 121.16 ], [ 14.868061825542002, 55.145837001386553, 120.14 ], [ 14.868942414859921, 55.145652668666294, 117.28 ], [ 14.868989298627985, 55.145163088805255, 120.74 ], [ 14.873165515172936, 55.145743672274335, 120.77 ], [ 14.873325612374277, 55.146321197248696, 115.84 ], [ 14.87362672765804, 55.145952922169414, 120.91 ], [ 14.875150215631715, 55.146387182222391, 115.5 ], [ 14.875963122974657, 55.145878282471543, 118.72 ], [ 14.874990997158108, 55.145603634526935, 116.46 ], [ 14.874761023754294, 55.145810385372499, 119.12 ], [ 14.872187128705983, 55.144878098266979, 118.92 ], [ 14.872606783702729, 55.14425508084188, 115.4 ], [ 14.871861472714446, 55.144197662108184, 114.75 ], [ 14.871399181290673, 55.144762869590025, 118.28 ], [ 14.870233498723181, 55.14461430492419, 118.48 ], [ 14.870621544771341, 55.143945108346657, 115.09 ], [ 14.869238241310862, 55.143681554470874, 113.8 ], [ 14.868436049843559, 55.144757688812547, 118.87 ], [ 14.866899326125827, 55.14443219892248, 114.32 ], [ 14.866527614529453, 55.144956550477751, 117.87 ], [ 14.86509717303308, 55.144808478901773, 120.23 ], [ 14.865477262690279, 55.145281761897408, 120.95 ], [ 14.864991265872611, 55.145312789257709, 120.8 ], [ 14.865280670615793, 55.145738055768049, 120.75 ], [ 14.864919705752987, 55.145869997267262, 120.88 ] ] ] } },
{ "type": "Feature", "properties": { "layer_id": "built_low_selection", "label": "Built - Low (Selection)", "tooltip_title": "Source layer: Built - Low (Selection)", "tooltip_body": "Selection-based low built area proxy.<br>Clipped to Bornholm DAGI Landsdel landmass." }, "geometry": { "type": "Polygon", "coordinates": [ [ [ 14.800748852423899, 55.072580176703397, 50.0 ], [ 14.801011243170098, 55.072987052641736, 50.74 ], [ 14.804419466098022, 55.072321329582287, 51.8 ], [ 14.803640570416396, 55.071341856442011, 50.23 ], [ 14.801218829031194, 55.071748678330785, 50.25 ], [ 14.80142976912421, 55.07206159798335, 50.39 ], [ 14.800748852423899, 55.072580176703397, 50.0 ] ] ] } },
{ "type": "Feature", "properties": { "layer_id": "built_low_selection", "label": "Built - Low (Selection)", "tooltip_title": "Source layer: Built - Low (Selection)", "tooltip_body": "Selection-based low built area proxy.<br>Clipped to Bornholm DAGI Landsdel landmass." }, "geometry": { "type": "Polygon", "coordinates": [ [ [ 14.790706156071025, 55.076867491745702, 47.69 ], [ 14.790238070528837, 55.07719202666793, 48.69 ], [ 14.790951181591716, 55.077145313886682, 48.47 ], [ 14.790706156071025, 55.076867491745702, 47.69 ] ] ] } },
{ "type": "Feature", "properties": { "layer_id": "built_low_selection", "label": "Built - Low (Selection)", "tooltip_title": "Source layer: Built - Low (Selection)", "tooltip_body": "Selection-based low built area proxy.<br>Clipped to Bornholm DAGI Landsdel landmass." }, "geometry": { "type": "Polygon", "coordinates": [ [ [ 14.781788640262679, 55.056777694997557, 16.53 ], [ 14.782022720903264, 55.057018062911744, 15.44 ], [ 14.782817995890008, 55.05677851861175, 15.02 ], [ 14.782485034630565, 55.056570140615008, 15.44 ], [ 14.781788640262679, 55.056777694997557, 16.53 ] ] ] } },
{ "type": "Feature", "properties": { "layer_id": "built_low_selection", "label": "Built - Low (Selection)", "tooltip_title": "Source layer: Built - Low (Selection)", "tooltip_body": "Selection-based low built area proxy.<br>Clipped to Bornholm DAGI Landsdel landmass." }, "geometry": { "type": "Polygon", "coordinates": [ [ [ 14.788207849994336, 55.058664347662742, 17.59 ], [ 14.789495991244079, 55.05874612499494, 21.87 ], [ 14.789360406155247, 55.058409788726721, 17.31 ], [ 14.788207849994336, 55.058664347662742, 17.59 ] ] ] } },
{ "type": "Feature", "properties": { "layer_id": "built_low_selection", "label": "Built - Low (Selection)", "tooltip_title": "Source layer: Built - Low (Selection)", "tooltip_body": "Selection-based low built area proxy.<br>Clipped to Bornholm DAGI Landsdel landmass." }, "geometry": { "type": "Polygon", "coordinates": [ [ [ 14.789082820562939, 55.059134476932904, 22.61 ], [ 14.789066228282339, 55.059614546804312, 24.18 ], [ 14.78858259391029, 55.059765448686925, 24.57 ], [ 14.789128456955652, 55.060481913169475, 24.4 ], [ 14.790450081596848, 55.060047246964643, 24.87 ], [ 14.789082820562939, 55.059134476932904, 22.61 ] ] ] } },
{ "type": "Feature", "properties": { "layer_id": "built_low_selection", "label": "Built - Low (Selection)", "tooltip_title": "Source layer: Built - Low (Selection)", "tooltip_body": "Selection-based low built area proxy.<br>Clipped to Bornholm DAGI Landsdel landmass." }, "geometry": { "type": "Polygon", "coordinates": [ [ [ 14.789232622504036, 55.075675938890626, 45.01 ], [ 14.787812038853582, 55.076043009719456, 45.48 ], [ 14.788559554136523, 55.077090600393042, 47.47 ], [ 14.789370846287596, 55.077051187676105, 47.91 ], [ 14.788960698154286, 55.076519453229174, 46.07 ], [ 14.789496019861478, 55.076169480840385, 45.58 ], [ 14.789232622504036, 55.075675938890626, 45.01 ] ] ] } },
{ "type": "Feature", "properties": { "layer_id": "built_low_selection", "label": "Built - Low (Selection)", "tooltip_title": "Source layer: Built - Low (Selection)", "tooltip_body": "Selection-based low built area proxy.<br>Clipped to Bornholm DAGI Landsdel landmass." }, "geometry": { "type": "Polygon", "coordinates": [ [ [ 14.78456821149784, 55.054548977147654, 15.77 ], [ 14.781498578629369, 55.053748687590542, 14.56 ], [ 14.78179856675883, 55.053249806828454, 13.73 ], [ 14.78081741897282, 55.053169621544285, 13.32 ], [ 14.780836971260472, 55.053543540739113, 14.25 ], [ 14.781799250683331, 55.054242624954163, 13.54 ], [ 14.781951509714549, 55.054784863434122, 10.87 ], [ 14.781402125012159, 55.05417053413322, 7.78 ], [ 14.779489213625611, 55.054635337392547, 15.73 ], [ 14.7799301594761, 55.054036305879777, 15.32 ], [ 14.781092818101428, 55.053889098623479, 7.44 ], [ 14.780360641671237, 55.053127375899372, 5.05 ], [ 14.781202156616621, 55.052995554482273, 4.47 ], [ 14.777533664638677, 55.05286024166913, 4.17 ], [ 14.776169185604974, 55.053086518780333, 14.16 ], [ 14.777154710435083, 55.054138225918095, 13.14 ], [ 14.775897356935838, 55.054672223424468, 13.48 ], [ 14.776967635823571, 55.055042486555578, 13.95 ], [ 14.777402494860089, 55.055563533535427, 15.85 ], [ 14.779034770677663, 55.054972866642906, 15.55 ], [ 14.779965260356866, 55.056023753979851, 13.81 ], [ 14.781477748396323, 55.055634016524991, 13.1 ], [ 14.782387139617455, 55.056307440484169, 14.68 ], [ 14.783271808338766, 55.055971540666818, 14.81 ], [ 14.783290897974561, 55.055276201886208, 12.62 ], [ 14.786232185230599, 55.055147240340354, 14.57 ], [ 14.785877831570376, 55.054532001727473, 15.05 ], [ 14.78456821149784, 55.054548977147654, 15.77 ] ] ] } },
{ "type": "Feature", "properties": { "layer_id": "built_low_selection", "label": "Built - Low (Selection)", "tooltip_title": "Source layer: Built - Low (Selection)", "tooltip_body": "Selection-based low built area proxy.<br>Clipped to Bornholm DAGI Landsdel landmass." }, "geometry": { "type": "Polygon", "coordinates": [ [ [ 14.812217181380159, 55.075206202686921, 60.59 ], [ 14.812331527671805, 55.075688114354357, 61.14 ], [ 14.814843633825339, 55.075330938159304, 59.85 ], [ 14.814632371813355, 55.075927743316278, 60.1 ], [ 14.815666075252382, 55.075687547934479, 59.12 ], [ 14.814931051935122, 55.075304154138941, 59.86 ], [ 14.814582924793539, 55.074480641314729, 58.6 ], [ 14.815591980461749, 55.074349474842236, 56.96 ], [ 14.8152828436279, 55.072291041183647, 50.46 ], [ 14.814594412293779, 55.072300708418091, 50.64 ], [ 14.814492050058103, 55.073021570398403, 52.74 ], [ 14.813300106108867, 55.072996475112838, 52.77 ], [ 14.812893100306237, 55.071767792125264, 51.7 ], [ 14.813595598757505, 55.071342631815916, 51.23 ], [ 14.813269133626473, 55.070588837657859, 51.68 ], [ 14.810914084970584, 55.071049917647692, 52.23 ], [ 14.80981208387837, 55.070342697105026, 51.98 ], [ 14.809884006466367, 55.070658297065904, 52.51 ], [ 14.808937338041783, 55.070869523338985, 52.0 ], [ 14.80925483551445, 55.071373311486937, 52.46 ], [ 14.804856951753205, 55.07223549997812, 51.83 ], [ 14.806213212118719, 55.074479090567884, 52.11 ], [ 14.812285557668144, 55.073129596613455, 52.96 ], [ 14.812637044656853, 55.073977710151048, 55.77 ], [ 14.813627682211624, 55.073840780219349, 55.62 ], [ 14.813939993362798, 55.074596242496391, 58.82 ], [ 14.812217181380159, 55.075206202686921, 60.59 ] ] ] } },
{ "type": "Feature", "properties": { "layer_id": "built_low_selection", "label": "Built - Low (Selection)", "tooltip_title": "Source layer: Built - Low (Selection)", "tooltip_body": "Selection-based low built area proxy.<br>Clipped to Bornholm DAGI Landsdel landmass." }, "geometry": { "type": "Polygon", "coordinates": [ [ [ 14.826308400231177, 55.109494148944371, 81.81 ], [ 14.82679956489911, 55.109260463991063, 82.02 ], [ 14.826215490934628, 55.108870687304744, 81.08 ], [ 14.825887151704404, 55.109192433724466, 81.15 ], [ 14.826308400231177, 55.109494148944371, 81.81 ] ] ] } },
{ "type": "Feature", "properties": { "layer_id": "built_low_selection", "label": "Built - Low (Selection)", "tooltip_title": "Source layer: Built - Low (Selection)", "tooltip_body": "Selection-based low built area proxy.<br>Clipped to Bornholm DAGI Landsdel landmass." }, "geometry": { "type": "Polygon", "coordinates": [ [ [ 14.819495532790011, 55.144760404762245, 110.51 ], [ 14.819043544914525, 55.143874794675348, 107.6 ], [ 14.81736639472893, 55.144139848179364, 107.83 ], [ 14.817427399690263, 55.144804363564106, 108.67 ], [ 14.818319264101172, 55.14476705341756, 110.02 ], [ 14.818358581996121, 55.145519750544011, 110.93 ], [ 14.819263043205956, 55.145490022690844, 110.67 ], [ 14.819495532790011, 55.144760404762245, 110.51 ] ] ] } },
{ "type": "Feature", "properties": { "layer_id": "built_low_selection", "label": "Built - Low (Selection)", "tooltip_title": "Source layer: Built - Low (Selection)", "tooltip_body": "Selection-based low built area proxy.<br>Clipped to Bornholm DAGI Landsdel landmass." }, "geometry": { "type": "Polygon", "coordinates": [ [ [ 14.824952982983014, 55.11065684269991, 80.66 ], [ 14.825445001405015, 55.110528901359054, 80.85 ], [ 14.825034418958396, 55.110057155701121, 80.57 ], [ 14.824622801999766, 55.110258209548775, 80.3 ], [ 14.824952982983014, 55.11065684269991, 80.66 ] ] ] } },
{ "type": "Feature", "properties": { "layer_id": "built_low_selection", "label": "Built - Low (Selection)", "tooltip_title": "Source layer: Built - Low (Selection)", "tooltip_body": "Selection-based low built area proxy.<br>Clipped to Bornholm DAGI Landsdel landmass." }, "geometry": { "type": "Polygon", "coordinates": [ [ [ 14.828839007204207, 55.105718065410265, 84.1 ], [ 14.828491129155674, 55.105216494252289, 85.44 ], [ 14.827525093963899, 55.10545380456908, 87.12 ], [ 14.827057882321739, 55.104810137121206, 85.44 ], [ 14.82559010850019, 55.10508249291567, 85.69 ], [ 14.825958951293806, 55.105715041177653, 87.13 ], [ 14.824267477109613, 55.106061220126264, 85.86 ], [ 14.824374139043911, 55.105503085072094, 85.33 ], [ 14.823856582069387, 55.105360915569214, 84.2 ], [ 14.823435587127777, 55.105894515351771, 84.74 ], [ 14.822506729907655, 55.106151247070457, 83.81 ], [ 14.822242541179437, 55.10583964856427, 83.95 ], [ 14.820250594225699, 55.106114385005455, 83.58 ], [ 14.820571994431123, 55.106685935040133, 82.78 ], [ 14.820075540929134, 55.106798315744456, 82.14 ], [ 14.819101719357699, 55.107004331453716, 81.81 ], [ 14.818632075630342, 55.106453025435343, 81.93 ], [ 14.817757176177656, 55.106671934613438, 81.5 ], [ 14.818508387480342, 55.107523935070645, 80.88 ], [ 14.816964016127342, 55.107938669428485, 78.97 ], [ 14.817444080232455, 55.108335271745403, 78.88 ], [ 14.819485392561125, 55.107537790450451, 82.01 ], [ 14.821011831825091, 55.109118004655642, 82.45 ], [ 14.823510509029694, 55.109230638384396, 81.89 ], [ 14.823631845946718, 55.109569251586805, 80.85 ], [ 14.823004362344577, 55.109598533771013, 80.26 ], [ 14.823181094565705, 55.110352292936227, 79.04 ], [ 14.825654640177305, 55.109012107479344, 81.32 ], [ 14.824450109748923, 55.10674348545205, 85.56 ], [ 14.826052642347161, 55.106449375155229, 86.57 ], [ 14.826234751398493, 55.106804065234542, 86.27 ], [ 14.827024345682005, 55.106647523285531, 86.62 ], [ 14.826914486709267, 55.106443578755112, 87.04 ], [ 14.827671083590408, 55.106256837245596, 86.11 ], [ 14.827527649339988, 55.105981044777415, 86.61 ], [ 14.828839007204207, 55.105718065410265, 84.1 ] ] ] } }
]
}
