{
"type": "FeatureCollection",
"name": "cultural_conservation_values",
"crs": { "type": "name", "properties": { "name": "urn:ogc:def:crs:OGC:1.3:CRS84" } },
"features": [
{ "type": "Feature", "properties": { "layer_id": "cultural_conservation_values", "label": "Cultural conservation values", "tooltip_title": "Source layer: Cultural conservation values", "tooltip_body": "Cultural and historical conservation values.<br>Clipped to Bornholm DAGI Landsdel landmass." }, "geometry": { "type": "Polygon", "coordinates": [ [ [ 14.805389136150183, 55.178213310455867, 0.0 ], [ 14.80420429951522, 55.176362039794462, 0.0 ], [ 14.80368464307835, 55.176344095069744, 0.0 ], [ 14.804118633964116, 55.176248110633345, 0.0 ], [ 14.803291361558001, 55.174963826542957, 0.0 ], [ 14.802996889836843, 55.174830969777062, 0.0 ], [ 14.802222017830955, 55.174669825416167, 0.0 ], [ 14.802080147874127, 55.174697933916917, 0.0 ], [ 14.80328131264173, 55.174966106844792, 0.0 ], [ 14.803410339647, 55.175487570816372, 0.0 ], [ 14.801858245572454, 55.175569147076011, 0.0 ], [ 14.801326755017783, 55.175029534381451, 0.0 ], [ 14.80198352089975, 55.174599380583643, 0.0 ], [ 14.8016802717374, 55.17266206950319, 0.0 ], [ 14.800077171806377, 55.172656217698005, 0.0 ], [ 14.798922831876371, 55.171099895238982, 0.0 ], [ 14.797837082429503, 55.171353259711495, 0.0 ], [ 14.796554348696189, 55.170669601446114, 0.0 ], [ 14.795337940161426, 55.171666640608507, 0.0 ], [ 14.795480433584366, 55.177691270495551, 0.0 ], [ 14.801259590719624, 55.178128359139741, 0.0 ], [ 14.804804767606029, 55.179339594220124, 0.0 ], [ 14.805389136150183, 55.178213310455867, 0.0 ] ] ] } },
{ "type": "Feature", "properties": { "layer_id": "cultural_conservation_values", "label": "Cultural conservation values", "tooltip_title": "Source layer: Cultural conservation values", "tooltip_body": "Cultural and historical conservation values.<br>Clipped to Bornholm DAGI Landsdel landmass." }, "geometry": { "type": "Polygon", "coordinates": [ [ [ 15.044255474433436, 55.023366862471626, 0.0 ], [ 15.044447639319614, 55.021847819435578, 0.0 ], [ 15.042789964838937, 55.019557076626292, 0.0 ], [ 15.037083752540228, 55.019500797610931, 0.0 ], [ 15.036195553842434, 55.022612008251507, 0.0 ], [ 15.039043192913152, 55.022848644312873, 0.0 ], [ 15.038516353319483, 55.023383856336515, 0.0 ], [ 15.04021875594735, 55.023621488596511, 0.0 ], [ 15.039995499792687, 55.024064333670211, 0.0 ], [ 15.040966942081949, 55.024135510873222, 0.0 ], [ 15.040895939481187, 55.024373232822576, 0.0 ], [ 15.044710837162949, 55.024844084526549, 0.0 ], [ 15.045192102545053, 55.023461799778048, 0.0 ], [ 15.044255474433436, 55.023366862471626, 0.0 ] ], [ [ 15.040928963252313, 55.022970170462379, 0.0 ], [ 15.039738056484326, 55.022900471219522, 0.0 ], [ 15.040113616508098, 55.022356762412628, 0.0 ], [ 15.041086986611115, 55.022554162700352, 0.0 ], [ 15.040928963252313, 55.022970170462379, 0.0 ] ] ] } },
{ "type": "Feature", "properties": { "layer_id": "cultural_conservation_values", "label": "Cultural conservation values", "tooltip_title": "Source layer: Cultural conservation values", "tooltip_body": "Cultural and historical conservation values.<br>Clipped to Bornholm DAGI Landsdel landmass." }, "geometry": { "type": "Polygon", "coordinates": [ [ [ 14.822167689066383, 55.100786145692815, 0.0 ], [ 14.818698570804592, 55.10100358444658, 0.0 ], [ 14.819018201728559, 55.103771355066584, 0.0 ], [ 14.817612376611494, 55.103508964017344, 0.0 ], [ 14.817490163435137, 55.103881306627542, 0.0 ], [ 14.824152461961976, 55.105577556495618, 0.0 ], [ 14.824293476886947, 55.104513458114589, 0.0 ], [ 14.824433696205352, 55.104783556375345, 0.0 ], [ 14.825394605543353, 55.104615475318965, 0.0 ], [ 14.825635846698656, 55.105073107458729, 0.0 ], [ 14.826103754468457, 55.10498484890114, 0.0 ], [ 14.825909057490275, 55.104576118105257, 0.0 ], [ 14.828237094078432, 55.10417253284627, 0.0 ], [ 14.828029569188534, 55.103257763382523, 0.0 ], [ 14.829077929735687, 55.101534242401378, 0.0 ], [ 14.822167689066383, 55.100786145692815, 0.0 ] ] ] } },
{ "type": "Feature", "properties": { "layer_id": "cultural_conservation_values", "label": "Cultural conservation values", "tooltip_title": "Source layer: Cultural conservation values", "tooltip_body": "Cultural and historical conservation values.<br>Clipped to Bornholm DAGI Landsdel landmass." }, "geometry": { "type": "Polygon", "coordinates": [ [ [ 14.966846894301382, 55.172433404901938, 0.0 ], [ 14.964415746926862, 55.170886451735903, 0.0 ], [ 14.964261536301818, 55.17022148096229, 0.0 ], [ 14.963526369597133, 55.169844588708131, 0.0 ], [ 14.961561702369972, 55.169491831992339, 0.0 ], [ 14.963949147821946, 55.16974370862291, 0.0 ], [ 14.963243235413682, 55.168242137851266, 0.0 ], [ 14.960476697680638, 55.167041724031513, 0.0 ], [ 14.960049842752616, 55.167401004157853, 0.0 ], [ 14.955583755741824, 55.166353706746435, 0.0 ], [ 14.957972877921296, 55.169250028676537, 0.0 ], [ 14.957224559678888, 55.17076180205769, 0.0 ], [ 14.956332248730156, 55.172606723105943, 0.0 ], [ 14.95712099726363, 55.175279903805567, 0.0 ], [ 14.96506823091743, 55.174206771825261, 0.0 ], [ 14.965667514988228, 55.174350212458179, 0.0 ], [ 14.966846894301382, 55.172433404901938, 0.0 ] ], [ [ 14.957266165090891, 55.170767594950185, 0.0 ], [ 14.957262381195902, 55.170774892984603, 0.0 ], [ 14.957224559678888, 55.17076180205769, 0.0 ], [ 14.957266165090891, 55.170767594950185, 0.0 ] ], [ [ 14.963065566341296, 55.171373802751397, 0.0 ], [ 14.961425343143638, 55.171862494002823, 0.0 ], [ 14.96060369853137, 55.171633968000769, 0.0 ], [ 14.960564960978111, 55.171288074698026, 0.0 ], [ 14.962890513925919, 55.171002187954102, 0.0 ], [ 14.963065566341296, 55.171373802751397, 0.0 ] ] ] } },
{ "type": "Feature", "properties": { "layer_id": "cultural_conservation_values", "label": "Cultural conservation values", "tooltip_title": "Source layer: Cultural conservation values", "tooltip_body": "Cultural and historical conservation values.<br>Clipped to Bornholm DAGI Landsdel landmass." }, "geometry": { "type": "Polygon", "coordinates": [ [ [ 14.757905825083265, 55.216184329609362, 0.0 ], [ 14.751884137129331, 55.21471354643311, 0.0 ], [ 14.751901660522831, 55.214393956118393, 0.0 ], [ 14.750275259464065, 55.213995568517298, 0.0 ], [ 14.748493436734533, 55.212603754978588, 0.0 ], [ 14.744560673759119, 55.215026956828616, 0.0 ], [ 14.747947592595317, 55.215732095482316, 0.0 ], [ 14.746984328007411, 55.217890659347695, 0.0 ], [ 14.748587952094272, 55.218669605177887, 0.0 ], [ 14.751880897851699, 55.215861997046041, 0.0 ], [ 14.757905825083265, 55.216184329609362, 0.0 ] ] ] } },
{ "type": "Feature", "properties": { "layer_id": "cultural_conservation_values", "label": "Cultural conservation values", "tooltip_title": "Source layer: Cultural conservation values", "tooltip_body": "Cultural and historical conservation values.<br>Clipped to Bornholm DAGI Landsdel landmass." }, "geometry": { "type": "MultiPolygon", "coordinates": [ [ [ [ 14.959948289394335, 55.169830366441076, 0.0 ], [ 14.959926207284475, 55.169808941621895, 0.0 ], [ 14.959910575017746, 55.169817991353888, 0.0 ], [ 14.959948289394335, 55.169830366441076, 0.0 ] ] ], [ [ [ 14.693188515270217, 55.101229924956982, 0.0 ], [ 14.693172770280755, 55.101214190034035, 0.0 ], [ 14.693166993422896, 55.101226523143673, 0.0 ], [ 14.693188515270217, 55.101229924956982, 0.0 ] ] ], [ [ [ 14.693299787873285, 55.101247302314555, 0.0 ], [ 14.693284354729762, 55.101231552784164, 0.0 ], [ 14.693278577904591, 55.101243885898377, 0.0 ], [ 14.693299787873285, 55.101247302314555, 0.0 ] ] ], [ [ [ 14.693467203987879, 55.101270868916032, 0.0 ], [ 14.69345147162557, 55.101255223451211, 0.0 ], [ 14.693445838046056, 55.101267459841431, 0.0 ], [ 14.693467203987879, 55.101270868916032, 0.0 ] ] ], [ [ [ 14.694022666735746, 55.102927692079945, 0.0 ], [ 14.694007089417543, 55.102912039396386, 0.0 ], [ 14.694001156656133, 55.102924379856255, 0.0 ], [ 14.694022666735746, 55.102927692079945, 0.0 ] ] ], [ [ [ 14.694738783799375, 55.101305761082891, 0.0 ], [ 14.694723206883344, 55.101290108481066, 0.0 ], [ 14.694717430500116, 55.101302441653779, 0.0 ], [ 14.694738783799375, 55.101305761082891, 0.0 ] ] ], [ [ [ 14.694762438664004, 55.101133709402106, 0.0 ], [ 14.694746693108877, 55.101117974696287, 0.0 ], [ 14.694740916754219, 55.101130307869553, 0.0 ], [ 14.694762438664004, 55.101133709402106, 0.0 ] ] ], [ [ [ 14.694776456043318, 55.101479617629032, 0.0 ], [ 14.694760866285552, 55.101463875615288, 0.0 ], [ 14.694754933944028, 55.101476216103336, 0.0 ], [ 14.694776456043318, 55.101479617629032, 0.0 ] ] ], [ [ [ 14.695858126832011, 55.101482896453192, 0.0 ], [ 14.695842549413152, 55.101467244006713, 0.0 ], [ 14.695836773357497, 55.101479577225227, 0.0 ], [ 14.695858126832011, 55.101482896453192, 0.0 ] ] ], [ [ [ 14.696639030286569, 55.101419260140311, 0.0 ], [ 14.696623296647196, 55.101403615116077, 0.0 ], [ 14.696617520843127, 55.101415948366125, 0.0 ], [ 14.696639030286569, 55.101419260140311, 0.0 ] ] ], [ [ [ 14.696955972512992, 55.10068416406542, 0.0 ], [ 14.696940395006649, 55.100668511761398, 0.0 ], [ 14.696934619392264, 55.100680845022673, 0.0 ], [ 14.696955972512992, 55.10068416406542, 0.0 ] ] ], [ [ [ 14.697221539291307, 55.09992465218717, 0.0 ], [ 14.697205793298693, 55.099908917809742, 0.0 ], [ 14.697200017860862, 55.099921251080076, 0.0 ], [ 14.697221539291307, 55.09992465218717, 0.0 ] ] ], [ [ [ 14.69738571485971, 55.099660400368471, 0.0 ], [ 14.697370124856025, 55.099644658694501, 0.0 ], [ 14.697364349502092, 55.099656991970889, 0.0 ], [ 14.69738571485971, 55.099660400368471, 0.0 ] ] ], [ [ [ 14.697443244643345, 55.099801728595871, 0.0 ], [ 14.697427654558467, 55.099785986931224, 0.0 ], [ 14.697421879205057, 55.099798320210276, 0.0 ], [ 14.697443244643345, 55.099801728595871, 0.0 ] ] ], [ [ [ 14.697478769652193, 55.098557824603589, 0.0 ], [ 14.697463036896051, 55.098542179666325, 0.0 ], [ 14.6974572489477, 55.098554423525506, 0.0 ], [ 14.697478769652193, 55.098557824603589, 0.0 ] ] ], [ [ [ 14.697554541374537, 55.098504669847784, 0.0 ], [ 14.697538808611757, 55.09848902492044, 0.0 ], [ 14.697533033453025, 55.098501358201091, 0.0 ], [ 14.697554541374537, 55.098504669847784, 0.0 ] ] ], [ [ [ 14.697627895770589, 55.099851485852128, 0.0 ], [ 14.697612318354134, 55.099835833631808, 0.0 ], [ 14.697606530291861, 55.099848077499978, 0.0 ], [ 14.697627895770589, 55.099851485852128, 0.0 ] ] ], [ [ [ 14.697676144904893, 55.098683589257689, 0.0 ], [ 14.697660567957119, 55.098667937032133, 0.0 ], [ 14.697654780054412, 55.098680180899628, 0.0 ], [ 14.697676144904893, 55.098683589257689, 0.0 ] ] ], [ [ [ 14.697724127376565, 55.099995588914702, 0.0 ], [ 14.697708393921141, 55.099979944026117, 0.0 ], [ 14.697702761812833, 55.099992180581481, 0.0 ], [ 14.697724127376565, 55.099995588914702, 0.0 ] ] ], [ [ [ 14.697749065881311, 55.100088936812419, 0.0 ], [ 14.697733488319377, 55.100073284611128, 0.0 ], [ 14.697727700265252, 55.100085528484783, 0.0 ], [ 14.697749065881311, 55.100088936812419, 0.0 ] ] ], [ [ [ 14.697806704515701, 55.098497338613136, 0.0 ], [ 14.697790971659458, 55.098481693720643, 0.0 ], [ 14.69778518382023, 55.098493937593034, 0.0 ], [ 14.697806704515701, 55.098497338613136, 0.0 ] ] ], [ [ [ 14.697887610695508, 55.098727676950126, 0.0 ], [ 14.697871877711318, 55.09871203207117, 0.0 ], [ 14.697866089868638, 55.098724275947397, 0.0 ], [ 14.697887610695508, 55.098727676950126, 0.0 ] ] ], [ [ [ 14.69802607165424, 55.098275594514405, 0.0 ], [ 14.698010481982067, 55.098259852914282, 0.0 ], [ 14.698004706998834, 55.098272186213563, 0.0 ], [ 14.69802607165424, 55.098275594514405, 0.0 ] ] ], [ [ [ 14.698078450583361, 55.098174027643665, 0.0 ], [ 14.698062717759194, 55.098158382785471, 0.0 ], [ 14.698056942804781, 55.098170716086621, 0.0 ], [ 14.698078450583361, 55.098174027643665, 0.0 ] ] ], [ [ [ 14.698113192615446, 55.098109475300888, 0.0 ], [ 14.698097602979068, 55.098093733711025, 0.0 ], [ 14.698091828043516, 55.098106067013447, 0.0 ], [ 14.698113192615446, 55.098109475300888, 0.0 ] ] ], [ [ [ 14.698146377503242, 55.098589510197236, 0.0 ], [ 14.69813078765362, 55.098573768616824, 0.0 ], [ 14.69812501266922, 55.098586101921683, 0.0 ], [ 14.698146377503242, 55.098589510197236, 0.0 ] ] ], [ [ [ 14.698173679385587, 55.098498121779514, 0.0 ], [ 14.698158102324543, 55.098482469620315, 0.0 ], [ 14.698152171423851, 55.098494810243551, 0.0 ], [ 14.698173679385587, 55.098498121779514, 0.0 ] ] ], [ [ [ 14.698199804018492, 55.098044289229115, 0.0 ], [ 14.698184071202485, 55.098028644386389, 0.0 ], [ 14.698178452236261, 55.098040970374683, 0.0 ], [ 14.698199804018492, 55.098044289229115, 0.0 ] ] ], [ [ [ 14.698367931152656, 55.09847109264345, 0.0 ], [ 14.698352185331222, 55.098455358409993, 0.0 ], [ 14.698346410430538, 55.098467691723549, 0.0 ], [ 14.698367931152656, 55.09847109264345, 0.0 ] ] ], [ [ [ 14.698372091829556, 55.098259356888242, 0.0 ], [ 14.698356514792094, 55.098243704753827, 0.0 ], [ 14.698350727157598, 55.098255948648742, 0.0 ], [ 14.698372091829556, 55.098259356888242, 0.0 ] ] ], [ [ [ 14.698353503662261, 55.103827795082111, 0.0 ], [ 14.698337755588225, 55.103812060901618, 0.0 ], [ 14.698331980022239, 55.103824394226599, 0.0 ], [ 14.698353503662261, 55.103827795082111, 0.0 ] ] ], [ [ [ 14.698853980128375, 55.105024043194739, 0.0 ], [ 14.698838231357174, 55.105008309095879, 0.0 ], [ 14.698832455799847, 55.105020642443847, 0.0 ], [ 14.698853980128375, 55.105024043194739, 0.0 ] ] ], [ [ [ 14.69896307098508, 55.10504583887672, 0.0 ], [ 14.698947334928475, 55.105030194211366, 0.0 ], [ 14.698941702598072, 55.105042430826536, 0.0 ], [ 14.69896307098508, 55.10504583887672, 0.0 ] ] ], [ [ [ 14.699002465185755, 55.102496501448449, 0.0 ], [ 14.698986730187743, 55.102480856762448, 0.0 ], [ 14.698980954988604, 55.102493190110771, 0.0 ], [ 14.699002465185755, 55.102496501448449, 0.0 ] ] ], [ [ [ 14.699029942193953, 55.10124937290496, 0.0 ], [ 14.699014363657112, 55.101233720891145, 0.0 ], [ 14.699008575856286, 55.101245964819562, 0.0 ], [ 14.699029942193953, 55.10124937290496, 0.0 ] ] ], [ [ [ 14.699021642003688, 55.104584002109462, 0.0 ], [ 14.699006218038171, 55.104568342809245, 0.0 ], [ 14.699000273862314, 55.104580594063989, 0.0 ], [ 14.699021642003688, 55.104584002109462, 0.0 ] ] ], [ [ [ 14.699050323972831, 55.105059837618242, 0.0 ], [ 14.699034731072251, 55.105044096227751, 0.0 ], [ 14.69902895557186, 55.105056429583776, 0.0 ], [ 14.699050323972831, 55.105059837618242, 0.0 ] ] ], [ [ [ 14.699113215465381, 55.104777832570733, 0.0 ], [ 14.699097466698138, 55.104762098505248, 0.0 ], [ 14.699091691252132, 55.104774431863206, 0.0 ], [ 14.699113215465381, 55.104777832570733, 0.0 ] ] ], [ [ [ 14.699153231269678, 55.10485246928959, 0.0 ], [ 14.699137495221697, 55.104836824648579, 0.0 ], [ 14.699131862973388, 55.104849061270848, 0.0 ], [ 14.699153231269678, 55.10485246928959, 0.0 ] ] ], [ [ [ 14.699157699447747, 55.105081713632202, 0.0 ], [ 14.6991419633015, 55.105066068994176, 0.0 ], [ 14.699136175065625, 55.105078312936449, 0.0 ], [ 14.699157699447747, 55.105081713632202, 0.0 ] ] ], [ [ [ 14.699271482223063, 55.105103378866666, 0.0 ], [ 14.699255901985566, 55.105087726925106, 0.0 ], [ 14.699250126548851, 55.105100060290198, 0.0 ], [ 14.699271482223063, 55.105103378866666, 0.0 ] ] ], [ [ [ 14.699323741863886, 55.100253495374659, 0.0 ], [ 14.69930816362994, 55.100237843391035, 0.0 ], [ 14.699302388807826, 55.100250176747352, 0.0 ], [ 14.699323741863886, 55.100253495374659, 0.0 ] ] ], [ [ [ 14.699547716217504, 55.097340015059061, 0.0 ], [ 14.699532139113094, 55.097324363076567, 0.0 ], [ 14.699526351956747, 55.097336607017262, 0.0 ], [ 14.699547716217504, 55.097340015059061, 0.0 ] ] ], [ [ [ 14.699629518878442, 55.097466610405569, 0.0 ], [ 14.699613941689881, 55.09745095843558, 0.0 ], [ 14.699608011375242, 55.097463299117315, 0.0 ], [ 14.699629518878442, 55.097466610405569, 0.0 ] ] ], [ [ [ 14.699676320984624, 55.097176448180548, 0.0 ], [ 14.699660731135493, 55.097160706795847, 0.0 ], [ 14.699655112733446, 55.097173032840253, 0.0 ], [ 14.699676320984624, 55.097176448180548, 0.0 ] ] ], [ [ [ 14.69992664378867, 55.097911751576966, 0.0 ], [ 14.699911066300592, 55.097896099652239, 0.0 ], [ 14.699905279190904, 55.097908343609639, 0.0 ], [ 14.69992664378867, 55.097911751576966, 0.0 ] ] ], [ [ [ 14.700140051695742, 55.103379378354852, 0.0 ], [ 14.700124315890289, 55.10336373383538, 0.0 ], [ 14.700118528169753, 55.103375977813812, 0.0 ], [ 14.700140051695742, 55.103379378354852, 0.0 ] ] ], [ [ [ 14.700289322095351, 55.105159215708994, 0.0 ], [ 14.700273585483089, 55.105143571228439, 0.0 ], [ 14.700267953549856, 55.105155807896139, 0.0 ], [ 14.700289322095351, 55.105159215708994, 0.0 ] ] ], [ [ [ 14.700521328641504, 55.097384328501036, 0.0 ], [ 14.70050573837994, 55.097368587234492, 0.0 ], [ 14.700499964285491, 55.097380920632929, 0.0 ], [ 14.700521328641504, 55.097384328501036, 0.0 ] ] ], [ [ [ 14.700466036314104, 55.104961884190686, 0.0 ], [ 14.70045059886931, 55.104946135672606, 0.0 ], [ 14.700444823823076, 55.104958469085851, 0.0 ], [ 14.700466036314104, 55.104961884190686, 0.0 ] ] ], [ [ [ 14.700490775509202, 55.105086747181325, 0.0 ], [ 14.700475038850319, 55.105071102727912, 0.0 ], [ 14.700469406988168, 55.105083339403429, 0.0 ], [ 14.700490775509202, 55.105086747181325, 0.0 ] ] ], [ [ [ 14.70062531287047, 55.101754200334433, 0.0 ], [ 14.700609590331602, 55.101738645283461, 0.0 ], [ 14.700603958910801, 55.101750881957045, 0.0 ], [ 14.70062531287047, 55.101754200334433, 0.0 ] ] ], [ [ [ 14.700686718703851, 55.094810979042236, 0.0 ], [ 14.700671142217919, 55.094795327190276, 0.0 ], [ 14.700665368492356, 55.094807660589645, 0.0 ], [ 14.700686718703851, 55.094810979042236, 0.0 ] ] ], [ [ [ 14.700618508061025, 55.105224778904329, 0.0 ], [ 14.700602927256641, 55.105209127148797, 0.0 ], [ 14.700596996263918, 55.105221467890019, 0.0 ], [ 14.700618508061025, 55.105224778904329, 0.0 ] ] ], [ [ [ 14.70065705216377, 55.105281390801643, 0.0 ], [ 14.700641328128926, 55.105265835791144, 0.0 ], [ 14.700635553102803, 55.105278169212859, 0.0 ], [ 14.70065705216377, 55.105281390801643, 0.0 ] ] ], [ [ [ 14.70068514505023, 55.105334082451947, 0.0 ], [ 14.700669564174694, 55.105318430706646, 0.0 ], [ 14.700663776381116, 55.105330674711674, 0.0 ], [ 14.70068514505023, 55.105334082451947, 0.0 ] ] ], [ [ [ 14.700718526082802, 55.105382024986092, 0.0 ], [ 14.700702945174461, 55.105366373245865, 0.0 ], [ 14.700697014192981, 55.105378713991641, 0.0 ], [ 14.700718526082802, 55.105382024986092, 0.0 ] ] ], [ [ [ 14.700752662684431, 55.103553070007841, 0.0 ], [ 14.700736926571237, 55.103537425574977, 0.0 ], [ 14.700731139019085, 55.103549669578726, 0.0 ], [ 14.700752662684431, 55.103553070007841, 0.0 ] ] ], [ [ [ 14.700837024875169, 55.103594118298631, 0.0 ], [ 14.700821444667531, 55.103578466556492, 0.0 ], [ 14.700815669905799, 55.103590799981696, 0.0 ], [ 14.700837024875169, 55.103594118298631, 0.0 ] ] ], [ [ [ 14.700835491784268, 55.105466641549555, 0.0 ], [ 14.700819910795794, 55.105450989826238, 0.0 ], [ 14.700814123032407, 55.105463233837696, 0.0 ], [ 14.700835491784268, 55.105466641549555, 0.0 ] ] ], [ [ [ 14.70089458881854, 55.101007917339182, 0.0 ], [ 14.700878853722882, 55.100992272899894, 0.0 ], [ 14.70087307929805, 55.101004606321609, 0.0 ], [ 14.70089458881854, 55.101007917339182, 0.0 ] ] ], [ [ [ 14.700913602240604, 55.103635622019318, 0.0 ], [ 14.700897853261512, 55.103619888191702, 0.0 ], [ 14.700892078518526, 55.103632221620082, 0.0 ], [ 14.700913602240604, 55.103635622019318, 0.0 ] ] ], [ [ [ 14.700934985731351, 55.103400572974266, 0.0 ], [ 14.700919249612568, 55.103384928565085, 0.0 ], [ 14.700913462135816, 55.103397172575917, 0.0 ], [ 14.700934985731351, 55.103400572974266, 0.0 ] ] ], [ [ [ 14.700995001615217, 55.103676809300666, 0.0 ], [ 14.700979408542839, 55.103661068163177, 0.0 ], [ 14.700973633820231, 55.103673401594939, 0.0 ], [ 14.700995001615217, 55.103676809300666, 0.0 ] ] ], [ [ [ 14.701014704298874, 55.103360733481075, 0.0 ], [ 14.700999124120534, 55.10334508176097, 0.0 ], [ 14.700993349443058, 55.103357415192825, 0.0 ], [ 14.701014704298874, 55.103360733481075, 0.0 ] ] ], [ [ [ 14.701019912422478, 55.106344565068227, 0.0 ], [ 14.70100417503112, 55.10632892070096, 0.0 ], [ 14.700998399987139, 55.10634125413975, 0.0 ], [ 14.701019912422478, 55.106344565068227, 0.0 ] ] ], [ [ [ 14.701082285730459, 55.10332605462861, 0.0 ], [ 14.701066705540695, 55.103310402917394, 0.0 ], [ 14.701060762164792, 55.103322654255706, 0.0 ], [ 14.701082285730459, 55.10332605462861, 0.0 ] ] ], [ [ [ 14.701158769188588, 55.103291047818253, 0.0 ], [ 14.701143033030244, 55.103275403438943, 0.0 ], [ 14.701137245636421, 55.103287647458615, 0.0 ], [ 14.701158769188588, 55.103291047818253, 0.0 ] ] ], [ [ [ 14.701153033208158, 55.105456145223464, 0.0 ], [ 14.701137452102369, 55.105440493543597, 0.0 ], [ 14.701131677209604, 55.105452826985783, 0.0 ], [ 14.701153033208158, 55.105456145223464, 0.0 ] ] ], [ [ [ 14.70118291225921, 55.105144272521436, 0.0 ], [ 14.701167474462403, 55.105128524102732, 0.0 ], [ 14.701161543656358, 55.105140864867366, 0.0 ], [ 14.70118291225921, 55.105144272521436, 0.0 ] ] ], [ [ [ 14.701217460829008, 55.10311716927356, 0.0 ], [ 14.701201724721418, 55.103101524900595, 0.0 ], [ 14.701195950137237, 55.103113858340123, 0.0 ], [ 14.701217460829008, 55.10311716927356, 0.0 ] ] ], [ [ [ 14.701243037430233, 55.103255585451201, 0.0 ], [ 14.7012272884845, 55.103239851665364, 0.0 ], [ 14.701221513891237, 55.103252185106228, 0.0 ], [ 14.701243037430233, 55.103255585451201, 0.0 ] ] ], [ [ [ 14.701290811943307, 55.10308221940987, 0.0 ], [ 14.701275231775384, 55.103066567724809, 0.0 ], [ 14.701269613171545, 55.10307889384535, 0.0 ], [ 14.701290811943307, 55.10308221940987, 0.0 ] ] ], [ [ [ 14.701322017795579, 55.103224872155927, 0.0 ], [ 14.701306424785958, 55.103209131058755, 0.0 ], [ 14.701300650221196, 55.103221464502788, 0.0 ], [ 14.701322017795579, 55.103224872155927, 0.0 ] ] ], [ [ [ 14.701330508964141, 55.103580042211064, 0.0 ], [ 14.701314759847907, 55.103564308440653, 0.0 ], [ 14.701308985241939, 55.103576641885816, 0.0 ], [ 14.701330508964141, 55.103580042211064, 0.0 ] ] ], [ [ [ 14.70142301576168, 55.103539602045494, 0.0 ], [ 14.701407279397454, 55.103523957705299, 0.0 ], [ 14.701401492054767, 55.103536201736311, 0.0 ], [ 14.70142301576168, 55.103539602045494, 0.0 ] ] ], [ [ [ 14.701510104220276, 55.103504097106757, 0.0 ], [ 14.701494355066892, 55.103488363360469, 0.0 ], [ 14.701488580526362, 55.103500696812738, 0.0 ], [ 14.701510104220276, 55.103504097106757, 0.0 ] ] ], [ [ [ 14.701522353980703, 55.104435202119866, 0.0 ], [ 14.701506760388218, 55.104419461062498, 0.0 ], [ 14.701500985736715, 55.104431794517374, 0.0 ], [ 14.701522353980703, 55.104435202119866, 0.0 ] ] ], [ [ [ 14.701569185038903, 55.103636349297012, 0.0 ], [ 14.701553591762112, 55.103620608237975, 0.0 ], [ 14.701547817223767, 55.103632941692943, 0.0 ], [ 14.701569185038903, 55.103636349297012, 0.0 ] ] ], [ [ [ 14.701567419290566, 55.104482505824556, 0.0 ], [ 14.7015518384323, 55.104466854191642, 0.0 ], [ 14.701545907830567, 55.104479194970821, 0.0 ], [ 14.701567419290566, 55.104482505824556, 0.0 ] ] ], [ [ [ 14.701591706612346, 55.103464258794411, 0.0 ], [ 14.701575970215266, 55.103448614476832, 0.0 ], [ 14.701570182934196, 55.103460858514545, 0.0 ], [ 14.701591706612346, 55.103464258794411, 0.0 ] ] ], [ [ [ 14.701637366653605, 55.104546824784812, 0.0 ], [ 14.701621617011508, 55.104531091066868, 0.0 ], [ 14.701615998340786, 55.104543417204184, 0.0 ], [ 14.701637366653605, 55.104546824784812, 0.0 ] ] ], [ [ [ 14.701670048538992, 55.103429074380713, 0.0 ], [ 14.701654468081005, 55.10341342275121, 0.0 ], [ 14.701648680828622, 55.103425666792027, 0.0 ], [ 14.701670048538992, 55.103429074380713, 0.0 ] ] ], [ [ [ 14.70172000990287, 55.104637372801861, 0.0 ], [ 14.701704428921504, 55.104621721191442, 0.0 ], [ 14.701698654306767, 55.104634054654795, 0.0 ], [ 14.70172000990287, 55.104637372801861, 0.0 ] ] ], [ [ [ 14.701887709206128, 55.118321239101206, 0.0 ], [ 14.701872122447494, 55.118305587652749, 0.0 ], [ 14.701866333417815, 55.118317831736078, 0.0 ], [ 14.701887709206128, 55.118321239101206, 0.0 ] ] ], [ [ [ 14.702009017259909, 55.10495695746058, 0.0 ], [ 14.701993267301713, 55.104941223798349, 0.0 ], [ 14.701987492737748, 55.104953557274129, 0.0 ], [ 14.702009017259909, 55.10495695746058, 0.0 ] ] ], [ [ [ 14.702077523747381, 55.104728697173805, 0.0 ], [ 14.70206177385905, 55.104712963518736, 0.0 ], [ 14.70205599934463, 55.104725296996747, 0.0 ], [ 14.702077523747381, 55.104728697173805, 0.0 ] ] ], [ [ [ 14.70225501863543, 55.104913900272024, 0.0 ], [ 14.702239424560533, 55.104898159320143, 0.0 ], [ 14.702233806038691, 55.10491048548252, 0.0 ], [ 14.70225501863543, 55.104913900272024, 0.0 ] ] ], [ [ [ 14.702302208012151, 55.098772494375595, 0.0 ], [ 14.702286460548594, 55.098756760690563, 0.0 ], [ 14.702280686838833, 55.098769094164318, 0.0 ], [ 14.702302208012151, 55.098772494375595, 0.0 ] ] ], [ [ [ 14.7026224571737, 55.117471995914691, 0.0 ], [ 14.70260687048806, 55.117456344558434, 0.0 ], [ 14.702601094571373, 55.117468678087171, 0.0 ], [ 14.7026224571737, 55.117471995914691, 0.0 ] ] ], [ [ [ 14.702860098888419, 55.100150566926153, 0.0 ], [ 14.702844350629055, 55.100134833332596, 0.0 ], [ 14.702838576923542, 55.100147166832059, 0.0 ], [ 14.702860098888419, 55.100150566926153, 0.0 ] ] ], [ [ [ 14.702811782110979, 55.117629638945523, 0.0 ], [ 14.702796195286908, 55.117613987616856, 0.0 ], [ 14.702790419409904, 55.117626321153658, 0.0 ], [ 14.702811782110979, 55.117629638945523, 0.0 ] ] ], [ [ [ 14.702862774485755, 55.117429296245476, 0.0 ], [ 14.702847031717321, 55.117413652246938, 0.0 ], [ 14.70284124310054, 55.117425896367955, 0.0 ], [ 14.702862774485755, 55.117429296245476, 0.0 ] ] ], [ [ [ 14.703009567516483, 55.10035949909642, 0.0 ], [ 14.702993987826057, 55.100343847619463, 0.0 ], [ 14.702988357310886, 55.100356084383996, 0.0 ], [ 14.703009567516483, 55.10035949909642, 0.0 ] ] ], [ [ [ 14.702974536731979, 55.117910142934804, 0.0 ], [ 14.702958949728353, 55.117894491631304, 0.0 ], [ 14.702953173867561, 55.117906825175332, 0.0 ], [ 14.702974536731979, 55.117910142934804, 0.0 ] ] ], [ [ [ 14.703031762063295, 55.11804239214807, 0.0 ], [ 14.703016174982491, 55.118026740853779, 0.0 ], [ 14.703010399123247, 55.1180390744004, 0.0 ], [ 14.703031762063295, 55.11804239214807, 0.0 ] ] ], [ [ [ 14.70304656324906, 55.118172312532387, 0.0 ], [ 14.70303082009697, 55.11815666856694, 0.0 ], [ 14.703025031445117, 55.118168912697094, 0.0 ], [ 14.70304656324906, 55.118172312532387, 0.0 ] ] ], [ [ [ 14.703104001741842, 55.117386373324592, 0.0 ], [ 14.703088258899079, 55.117370729359024, 0.0 ], [ 14.703082483143339, 55.117383062907095, 0.0 ], [ 14.703104001741842, 55.117386373324592, 0.0 ] ] ], [ [ [ 14.703233634199282, 55.100389483375722, 0.0 ], [ 14.703218054410497, 55.100373831929822, 0.0 ], [ 14.703212280792178, 55.100386165444981, 0.0 ], [ 14.703233634199282, 55.100389483375722, 0.0 ] ] ], [ [ [ 14.703224105239524, 55.117560768696194, 0.0 ], [ 14.703208362277229, 55.117545124749071, 0.0 ], [ 14.703202573756217, 55.11755736888508, 0.0 ], [ 14.703224105239524, 55.117560768696194, 0.0 ] ] ], [ [ [ 14.703265843726189, 55.117860457423255, 0.0 ], [ 14.703250256631632, 55.117844806159233, 0.0 ], [ 14.703244468086476, 55.11785705029763, 0.0 ], [ 14.703265843726189, 55.117860457423255, 0.0 ] ] ], [ [ [ 14.70340321870373, 55.099886422030643, 0.0 ], [ 14.703387639059862, 55.099870770602877, 0.0 ], [ 14.703381696843172, 55.099883022030546, 0.0 ], [ 14.70340321870373, 55.099886422030643, 0.0 ] ] ], [ [ [ 14.703321680879407, 55.117997272580759, 0.0 ], [ 14.703306106487977, 55.117981710743067, 0.0 ], [ 14.703300317943185, 55.117993954884049, 0.0 ], [ 14.703321680879407, 55.117997272580759, 0.0 ] ] ], [ [ [ 14.703341992883315, 55.117348282781577, 0.0 ], [ 14.703326237184008, 55.117332549431268, 0.0 ], [ 14.703320461507316, 55.11734488298891, 0.0 ], [ 14.703341992883315, 55.117348282781577, 0.0 ] ] ], [ [ [ 14.703440438134932, 55.105834921388734, 0.0 ], [ 14.703424855994456, 55.105819270026522, 0.0 ], [ 14.703419224956221, 55.105831506819953, 0.0 ], [ 14.703440438134932, 55.105834921388734, 0.0 ] ] ], [ [ [ 14.703417890673219, 55.118114368444218, 0.0 ], [ 14.703402303414306, 55.118098717203623, 0.0 ], [ 14.703396514884846, 55.118110961348798, 0.0 ], [ 14.703417890673219, 55.118114368444218, 0.0 ] ] ], [ [ [ 14.703477995113095, 55.117517430478891, 0.0 ], [ 14.703462408080465, 55.11750177924047, 0.0 ], [ 14.703456619643617, 55.117514023386732, 0.0 ], [ 14.703477995113095, 55.117517430478891, 0.0 ] ] ], [ [ [ 14.703637435699282, 55.10001494803025, 0.0 ], [ 14.703621699971595, 55.099999303960544, 0.0 ], [ 14.703615913751607, 55.100011548073738, 0.0 ], [ 14.703637435699282, 55.10001494803025, 0.0 ] ] ], [ [ [ 14.703584155121758, 55.117305314974793, 0.0 ], [ 14.703568568137019, 55.117289663748814, 0.0 ], [ 14.703562792541321, 55.117301997316183, 0.0 ], [ 14.703584155121758, 55.117305314974793, 0.0 ] ] ], [ [ [ 14.703116585998986, 55.181172260778709, 0.0 ], [ 14.703100816210384, 55.181156617467835, 0.0 ], [ 14.703095032567475, 55.181168951159471, 0.0 ], [ 14.703116585998986, 55.181172260778709, 0.0 ] ] ], [ [ [ 14.703170658845737, 55.18090408225428, 0.0 ], [ 14.703154889149854, 55.180888438948152, 0.0 ], [ 14.703149092745862, 55.180900683224976, 0.0 ], [ 14.703170658845737, 55.18090408225428, 0.0 ] ] ], [ [ [ 14.703795798486127, 55.100169631067004, 0.0 ], [ 14.703780218573684, 55.100153979695989, 0.0 ], [ 14.703774432383684, 55.10016622381594, 0.0 ], [ 14.703795798486127, 55.100169631067004, 0.0 ] ] ], [ [ [ 14.703263538823192, 55.179783597735245, 0.0 ], [ 14.703247913006694, 55.17976785768294, 0.0 ], [ 14.703242129582016, 55.179780191377432, 0.0 ], [ 14.703263538823192, 55.179783597735245, 0.0 ] ] ], [ [ [ 14.7037323245588, 55.117469480179253, 0.0 ], [ 14.703716568657924, 55.117453746884323, 0.0 ], [ 14.703710793088204, 55.117466080458044, 0.0 ], [ 14.7037323245588, 55.117469480179253, 0.0 ] ] ], [ [ [ 14.703822429400148, 55.117262619274435, 0.0 ], [ 14.703806842341896, 55.1172469680807, 0.0 ], [ 14.703801054043444, 55.117259212240405, 0.0 ], [ 14.703822429400148, 55.117262619274435, 0.0 ] ] ], [ [ [ 14.703366348281193, 55.180233272275828, 0.0 ], [ 14.703350735047605, 55.180217621658606, 0.0 ], [ 14.703344951599362, 55.180229955358271, 0.0 ], [ 14.703366348281193, 55.180233272275828, 0.0 ] ] ], [ [ [ 14.703373395937424, 55.180007987895365, 0.0 ], [ 14.703357769984283, 55.17999224786044, 0.0 ], [ 14.703351830313425, 55.180004588891222, 0.0 ], [ 14.703373395937424, 55.180007987895365, 0.0 ] ] ], [ [ [ 14.70347126044954, 55.182591399051582, 0.0 ], [ 14.703455477111406, 55.182575666388033, 0.0 ], [ 14.703449849666438, 55.182587992765562, 0.0 ], [ 14.70347126044954, 55.182591399051582, 0.0 ] ] ], [ [ [ 14.704010879983947, 55.117433894231048, 0.0 ], [ 14.703995292781903, 55.117418243064897, 0.0 ], [ 14.703989517303631, 55.11743057664988, 0.0 ], [ 14.704010879983947, 55.117433894231048, 0.0 ] ] ], [ [ [ 14.704258306207374, 55.094197654667738, 0.0 ], [ 14.704242728609094, 55.094182003299508, 0.0 ], [ 14.704237099219061, 55.09419424009986, 0.0 ], [ 14.704258306207374, 55.094197654667738, 0.0 ] ] ], [ [ [ 14.704175798239071, 55.117709704285083, 0.0 ], [ 14.704160198075137, 55.117693963727199, 0.0 ], [ 14.704154422614344, 55.117706297319472, 0.0 ], [ 14.704175798239071, 55.117709704285083, 0.0 ] ] ], [ [ [ 14.703750192600843, 55.184518098822338, 0.0 ], [ 14.703734577423115, 55.184502448301266, 0.0 ], [ 14.703728949834089, 55.184514774693923, 0.0 ], [ 14.703750192600843, 55.184518098822338, 0.0 ] ] ], [ [ [ 14.704247692098928, 55.117841264113267, 0.0 ], [ 14.704232104635942, 55.117825612983779, 0.0 ], [ 14.704226329181362, 55.11783794657925, 0.0 ], [ 14.704247692098928, 55.117841264113267, 0.0 ] ] ], [ [ [ 14.7042751211624, 55.117970501355899, 0.0 ], [ 14.704259377624702, 55.117954857558523, 0.0 ], [ 14.704253589378887, 55.117967101738238, 0.0 ], [ 14.7042751211624, 55.117970501355899, 0.0 ] ] ], [ [ [ 14.704420608708093, 55.100126778185647, 0.0 ], [ 14.704404872633463, 55.100111134225557, 0.0 ], [ 14.704399242583097, 55.1001233710452, 0.0 ], [ 14.704420608708093, 55.100126778185647, 0.0 ] ] ], [ [ [ 14.704306182966805, 55.117185889795458, 0.0 ], [ 14.704290595755136, 55.117170238667335, 0.0 ], [ 14.704284807616219, 55.117182482846559, 0.0 ], [ 14.704306182966805, 55.117185889795458, 0.0 ] ] ], [ [ [ 14.704484254734046, 55.094241050042911, 0.0 ], [ 14.704468677031114, 55.094225398706094, 0.0 ], [ 14.704462891788042, 55.094237642840646, 0.0 ], [ 14.704484254734046, 55.094241050042911, 0.0 ] ] ], [ [ [ 14.704382762404116, 55.117357917405933, 0.0 ], [ 14.704367006299675, 55.117342184200012, 0.0 ], [ 14.704361230946905, 55.117354517799882, 0.0 ], [ 14.704382762404116, 55.117357917405933, 0.0 ] ] ], [ [ [ 14.704470506335952, 55.117655265175934, 0.0 ], [ 14.704454918865226, 55.117639614075117, 0.0 ], [ 14.704449143503206, 55.117651947679221, 0.0 ], [ 14.704470506335952, 55.117655265175934, 0.0 ] ] ], [ [ [ 14.70453868341248, 55.117143463822799, 0.0 ], [ 14.704522940122462, 55.11712782005344, 0.0 ], [ 14.704517320851831, 55.117140146331849, 0.0 ], [ 14.70453868341248, 55.117143463822799, 0.0 ] ] ], [ [ [ 14.704709436910006, 55.094284571031402, 0.0 ], [ 14.704693703184811, 55.094268927051417, 0.0 ], [ 14.704687918006085, 55.094281171195242, 0.0 ], [ 14.704709436910006, 55.094284571031402, 0.0 ] ] ], [ [ [ 14.704541024923856, 55.117791480339477, 0.0 ], [ 14.704525437369199, 55.117775829249744, 0.0 ], [ 14.704519506002896, 55.117788170184348, 0.0 ], [ 14.704541024923856, 55.117791480339477, 0.0 ] ] ], [ [ [ 14.704065203363212, 55.1827434754004, 0.0 ], [ 14.704049588808566, 55.182727824904575, 0.0 ], [ 14.704043961531196, 55.182740151305801, 0.0 ], [ 14.704065203363212, 55.1827434754004, 0.0 ] ] ], [ [ [ 14.704717942386166, 55.100099307257658, 0.0 ], [ 14.704702193432954, 55.100083573921104, 0.0 ], [ 14.704696420313738, 55.100095907495771, 0.0 ], [ 14.704717942386166, 55.100099307257658, 0.0 ] ] ], [ [ [ 14.70463289260953, 55.117314663265539, 0.0 ], [ 14.704617149211252, 55.11729901951098, 0.0 ], [ 14.704611361157658, 55.117311263703783, 0.0 ], [ 14.70463289260953, 55.117314663265539, 0.0 ] ] ], [ [ [ 14.704147254685747, 55.185566265717526, 0.0 ], [ 14.704131795190074, 55.185550607928803, 0.0 ], [ 14.704125842235193, 55.185562859588757, 0.0 ], [ 14.704147254685747, 55.185566265717526, 0.0 ] ] ], [ [ [ 14.704168521856371, 55.18274321814868, 0.0 ], [ 14.704152907262122, 55.182727567667058, 0.0 ], [ 14.704146954676256, 55.18273981932127, 0.0 ], [ 14.704168521856371, 55.18274321814868, 0.0 ] ] ], [ [ [ 14.7046480023768, 55.117908069570653, 0.0 ], [ 14.704632258722558, 55.117892425824252, 0.0 ], [ 14.704626626610048, 55.117904662691515, 0.0 ], [ 14.7046480023768, 55.117908069570653, 0.0 ] ] ], [ [ [ 14.704841670794515, 55.098486590483745, 0.0 ], [ 14.704825935249406, 55.098470946565136, 0.0 ], [ 14.704820318301829, 55.098483272815166, 0.0 ], [ 14.704841670794515, 55.098486590483745, 0.0 ] ] ], [ [ [ 14.704853603525335, 55.098693160336644, 0.0 ], [ 14.704838023823642, 55.098677509095744, 0.0 ], [ 14.704832082209188, 55.098689760581472, 0.0 ], [ 14.704853603525335, 55.098693160336644, 0.0 ] ] ], [ [ [ 14.70487274277677, 55.098773276971762, 0.0 ], [ 14.704857163034326, 55.098757625734301, 0.0 ], [ 14.704851377350913, 55.09876986989493, 0.0 ], [ 14.70487274277677, 55.098773276971762, 0.0 ] ] ], [ [ [ 14.704884120757335, 55.098817751208514, 0.0 ], [ 14.704868540991974, 55.098802099973042, 0.0 ], [ 14.704862612147155, 55.098814440877725, 0.0 ], [ 14.704884120757335, 55.098817751208514, 0.0 ] ] ], [ [ [ 14.704770899307396, 55.117105641653566, 0.0 ], [ 14.70475514315986, 55.11708990849889, 0.0 ], [ 14.704749367959467, 55.117102242113901, 0.0 ], [ 14.704770899307396, 55.117105641653566, 0.0 ] ] ], [ [ [ 14.704941142559818, 55.094327605071705, 0.0 ], [ 14.704925564645769, 55.094311953798453, 0.0 ], [ 14.704919792307638, 55.094324287369204, 0.0 ], [ 14.704941142559818, 55.094327605071705, 0.0 ] ] ], [ [ [ 14.70490221882997, 55.100077147216957, 0.0 ], [ 14.704886482591846, 55.100061503323047, 0.0 ], [ 14.704880709532882, 55.100073836905132, 0.0 ], [ 14.70490221882997, 55.100077147216957, 0.0 ] ] ], [ [ [ 14.704289409032832, 55.185816055322569, 0.0 ], [ 14.704273636828326, 55.185800412221688, 0.0 ], [ 14.704267840160746, 55.185812656555186, 0.0 ], [ 14.704289409032832, 55.185816055322569, 0.0 ] ] ], [ [ [ 14.704887702461843, 55.11727118878904, 0.0 ], [ 14.704871946199427, 55.117255455652248, 0.0 ], [ 14.704866327022465, 55.117267781944626, 0.0 ], [ 14.704887702461843, 55.11727118878904, 0.0 ] ] ], [ [ [ 14.70516523424287, 55.094371176473047, 0.0 ], [ 14.705149487532147, 55.09435544313969, 0.0 ], [ 14.70514371525854, 55.094367776719608, 0.0 ], [ 14.70516523424287, 55.094371176473047, 0.0 ] ] ], [ [ [ 14.705002293905105, 55.117063176691119, 0.0 ], [ 14.704986550471322, 55.11704753298514, 0.0 ], [ 14.704980775348444, 55.117059866609459, 0.0 ], [ 14.705002293905105, 55.117063176691119, 0.0 ] ] ], [ [ [ 14.70451341148196, 55.183627209330105, 0.0 ], [ 14.704497796384471, 55.183611558904794, 0.0 ], [ 14.704492000059043, 55.183623803242497, 0.0 ], [ 14.70451341148196, 55.183627209330105, 0.0 ] ] ], [ [ [ 14.704534562375462, 55.183239141301407, 0.0 ], [ 14.704518947432579, 55.183223490875086, 0.0 ], [ 14.704512994896943, 55.18323574254584, 0.0 ], [ 14.704534562375462, 55.183239141301407, 0.0 ] ] ], [ [ [ 14.705127990275363, 55.117228305885568, 0.0 ], [ 14.705112402730901, 55.117212654870627, 0.0 ], [ 14.705106627626957, 55.117224988500439, 0.0 ], [ 14.705127990275363, 55.117228305885568, 0.0 ] ] ], [ [ [ 14.705392120142692, 55.094414526156854, 0.0 ], [ 14.705376386101463, 55.094398882272735, 0.0 ], [ 14.705370613893326, 55.09441121586196, 0.0 ], [ 14.705392120142692, 55.094414526156854, 0.0 ] ] ], [ [ [ 14.705319661547247, 55.10529205877382, 0.0 ], [ 14.705303910172542, 55.105276325573968, 0.0 ], [ 14.705298292561531, 55.105288651857478, 0.0 ], [ 14.705319661547247, 55.10529205877382, 0.0 ] ] ], [ [ [ 14.705241390835598, 55.117033942125694, 0.0 ], [ 14.705225803328844, 55.117018291124324, 0.0 ], [ 14.705220028284316, 55.117030624758293, 0.0 ], [ 14.705241390835598, 55.117033942125694, 0.0 ] ] ], [ [ [ 14.704790244307366, 55.185427982029324, 0.0 ], [ 14.704774628348288, 55.185412331660288, 0.0 ], [ 14.704768844701826, 55.185424665429416, 0.0 ], [ 14.704790244307366, 55.185427982029324, 0.0 ] ] ], [ [ [ 14.7056199420191, 55.094457831445183, 0.0 ], [ 14.70560435101507, 55.094442090849078, 0.0 ], [ 14.705598578872758, 55.094454424447633, 0.0 ], [ 14.7056199420191, 55.094457831445183, 0.0 ] ] ], [ [ [ 14.705624170122709, 55.100907396110806, 0.0 ], [ 14.705608576423169, 55.100891655580938, 0.0 ], [ 14.705602803487292, 55.100903989194158, 0.0 ], [ 14.705624170122709, 55.100907396110806, 0.0 ] ] ], [ [ [ 14.705849778526904, 55.094500951626436, 0.0 ], [ 14.705834200192493, 55.09448530047959, 0.0 ], [ 14.705828415340424, 55.094497544670283, 0.0 ], [ 14.705849778526904, 55.094500951626436, 0.0 ] ] ], [ [ [ 14.705244180936564, 55.184060915740034, 0.0 ], [ 14.705228565376329, 55.184045265419471, 0.0 ], [ 14.70522278204152, 55.184057599203946, 0.0 ], [ 14.705244180936564, 55.184060915740034, 0.0 ] ] ], [ [ [ 14.705811489830314, 55.10990035849369, 0.0 ], [ 14.705795892300614, 55.109884618081026, 0.0 ], [ 14.705790118314297, 55.109896951722078, 0.0 ], [ 14.705811489830314, 55.10990035849369, 0.0 ] ] ], [ [ [ 14.705921569006174, 55.098174798941045, 0.0 ], [ 14.705905989111606, 55.098159147841379, 0.0 ], [ 14.705900203827305, 55.098171392043326, 0.0 ], [ 14.705921569006174, 55.098174798941045, 0.0 ] ] ], [ [ [ 14.705498667800814, 55.1828083490377, 0.0 ], [ 14.705483052668029, 55.182792698739355, 0.0 ], [ 14.705477256750818, 55.18280494311535, 0.0 ], [ 14.705498667800814, 55.1828083490377, 0.0 ] ] ], [ [ [ 14.706043010700942, 55.109857974583541, 0.0 ], [ 14.706027413099708, 55.109842234202283, 0.0 ], [ 14.70602163919092, 55.109854567852601, 0.0 ], [ 14.706043010700942, 55.109857974583541, 0.0 ] ] ], [ [ [ 14.70607262139939, 55.110036528618018, 0.0 ], [ 14.706056880517341, 55.110020884988259, 0.0 ], [ 14.706051106595721, 55.110033218640183, 0.0 ], [ 14.70607262139939, 55.110036528618018, 0.0 ] ] ], [ [ [ 14.706205514247229, 55.094367301229717, 0.0 ], [ 14.706189767137616, 55.09435156804053, 0.0 ], [ 14.706184151106996, 55.094363894335189, 0.0 ], [ 14.706205514247229, 55.094367301229717, 0.0 ] ] ], [ [ [ 14.7063305723775, 55.094226397479467, 0.0 ], [ 14.706314993973445, 55.094210746395795, 0.0 ], [ 14.706309209304322, 55.094222990605438, 0.0 ], [ 14.7063305723775, 55.094226397479467, 0.0 ] ] ], [ [ [ 14.706330124533356, 55.094559393893846, 0.0 ], [ 14.706314390072087, 55.094543750141099, 0.0 ], [ 14.706308618138864, 55.094556083768651, 0.0 ], [ 14.706330124533356, 55.094559393893846, 0.0 ] ] ], [ [ [ 14.705698342538449, 55.184093700392658, 0.0 ], [ 14.705682570521841, 55.184078057469442, 0.0 ], [ 14.705676774506697, 55.184090301856472, 0.0 ], [ 14.705698342538449, 55.184093700392658, 0.0 ] ] ], [ [ [ 14.706274531052522, 55.109815590243073, 0.0 ], [ 14.70625894616415, 55.109799939310136, 0.0 ], [ 14.706253172332888, 55.109812272969762, 0.0 ], [ 14.706274531052522, 55.109815590243073, 0.0 ] ] ], [ [ [ 14.706417759518319, 55.094096185176184, 0.0 ], [ 14.706402181135186, 55.094080534103163, 0.0 ], [ 14.706396409286434, 55.094092867733224, 0.0 ], [ 14.706417759518319, 55.094096185176184, 0.0 ] ] ], [ [ [ 14.706312721563528, 55.109993741106493, 0.0 ], [ 14.706297136586137, 55.109978090180633, 0.0 ], [ 14.706291349960265, 55.10999033442522, 0.0 ], [ 14.706312721563528, 55.109993741106493, 0.0 ] ] ], [ [ [ 14.706508089994145, 55.093966005100178, 0.0 ], [ 14.706492511630715, 55.093950354038185, 0.0 ], [ 14.706486882964986, 55.093962590926708, 0.0 ], [ 14.706508089994145, 55.093966005100178, 0.0 ] ] ], [ [ [ 14.705899217768826, 55.185344518629833, 0.0 ], [ 14.70588360141849, 55.185328868412235, 0.0 ], [ 14.705877805310175, 55.185341112810285, 0.0 ], [ 14.705899217768826, 55.185344518629833, 0.0 ] ] ], [ [ [ 14.706572030202747, 55.094570529355885, 0.0 ], [ 14.706556295644191, 55.094554885636747, 0.0 ], [ 14.706550511007276, 55.094567129856969, 0.0 ], [ 14.706572030202747, 55.094570529355885, 0.0 ] ] ], [ [ [ 14.705906066695624, 55.186221869034661, 0.0 ], [ 14.70589044997468, 55.186206218826896, 0.0 ], [ 14.705884653759295, 55.186218463227192, 0.0 ], [ 14.705906066695624, 55.186221869034661, 0.0 ] ] ], [ [ [ 14.706602757549572, 55.093831030201258, 0.0 ], [ 14.706587023290606, 55.093815386478788, 0.0 ], [ 14.706581238754678, 55.093827630698605, 0.0 ], [ 14.706602757549572, 55.093831030201258, 0.0 ] ] ], [ [ [ 14.705952810459262, 55.184099759804404, 0.0 ], [ 14.705937194610369, 55.184084109581548, 0.0 ], [ 14.705931255224586, 55.184096450729861, 0.0 ], [ 14.705952810459262, 55.184099759804404, 0.0 ] ] ], [ [ [ 14.706507922617773, 55.109773117521982, 0.0 ], [ 14.70649218168001, 55.109757473949827, 0.0 ], [ 14.706486563904546, 55.109769800289641, 0.0 ], [ 14.706507922617773, 55.109773117521982, 0.0 ] ] ], [ [ [ 14.706630222602302, 55.094297831341002, 0.0 ], [ 14.706614488136291, 55.094282187627137, 0.0 ], [ 14.70660871632896, 55.094294521266264, 0.0 ], [ 14.706630222602302, 55.094297831341002, 0.0 ] ] ], [ [ [ 14.70599916872283, 55.184525167561645, 0.0 ], [ 14.705983539858384, 55.184509427933541, 0.0 ], [ 14.705977600432734, 55.184521769084789, 0.0 ], [ 14.70599916872283, 55.184525167561645, 0.0 ] ] ], [ [ [ 14.706551885312855, 55.109950997107411, 0.0 ], [ 14.706536300261648, 55.109935346213923, 0.0 ], [ 14.706530513715224, 55.109947590468153, 0.0 ], [ 14.706551885312855, 55.109950997107411, 0.0 ] ] ], [ [ [ 14.706016576022401, 55.184722299261743, 0.0 ], [ 14.706000803617481, 55.184706656389075, 0.0 ], [ 14.705995176712978, 55.184718982871246, 0.0 ], [ 14.706016576022401, 55.184722299261743, 0.0 ] ] ], [ [ [ 14.706723502428655, 55.094167422463656, 0.0 ], [ 14.706707767981847, 55.094151778761365, 0.0 ], [ 14.706701983441731, 55.094164022986845, 0.0 ], [ 14.706723502428655, 55.094167422463656, 0.0 ] ] ], [ [ [ 14.70612331919317, 55.183389618635836, 0.0 ], [ 14.706107690757491, 55.183373879013253, 0.0 ], [ 14.706101907781205, 55.183386212831913, 0.0 ], [ 14.70612331919317, 55.183389618635836, 0.0 ] ] ], [ [ [ 14.706114741019112, 55.185653874930665, 0.0 ], [ 14.706098968182134, 55.185638232081111, 0.0 ], [ 14.706093328376376, 55.185650469153302, 0.0 ], [ 14.706114741019112, 55.185653874930665, 0.0 ] ] ], [ [ [ 14.706134896308376, 55.185342367997556, 0.0 ], [ 14.706119279868354, 55.185326717812281, 0.0 ], [ 14.706113496653597, 55.185339051635822, 0.0 ], [ 14.706134896308376, 55.185342367997556, 0.0 ] ] ], [ [ [ 14.70680615133697, 55.094032922258577, 0.0 ], [ 14.706790572831459, 55.094017271238187, 0.0 ], [ 14.706784788333639, 55.094029515466737, 0.0 ], [ 14.70680615133697, 55.094032922258577, 0.0 ] ] ], [ [ [ 14.706811426031591, 55.094577281416484, 0.0 ], [ 14.706795691378559, 55.094561637730571, 0.0 ], [ 14.706789919593357, 55.09457397137767, 0.0 ], [ 14.706811426031591, 55.094577281416484, 0.0 ] ] ], [ [ [ 14.706190449146908, 55.181203449599963, 0.0 ], [ 14.706174834421221, 55.181187799380325, 0.0 ], [ 14.706169051736943, 55.181200133196832, 0.0 ], [ 14.706190449146908, 55.181203449599963, 0.0 ] ] ], [ [ [ 14.706203479011108, 55.181972488816598, 0.0 ], [ 14.706187707698327, 55.181956845941684, 0.0 ], [ 14.706181924922754, 55.181969179760429, 0.0 ], [ 14.706203479011108, 55.181972488816598, 0.0 ] ] ], [ [ [ 14.706177256316378, 55.185781556106974, 0.0 ], [ 14.706161639675877, 55.185765905931966, 0.0 ], [ 14.706155843599612, 55.185778150342323, 0.0 ], [ 14.706177256316378, 55.185781556106974, 0.0 ] ] ], [ [ [ 14.706739285951008, 55.109730739646793, 0.0 ], [ 14.706723700919936, 55.109715088776767, 0.0 ], [ 14.706717914458887, 55.109727333038151, 0.0 ], [ 14.706739285951008, 55.109730739646793, 0.0 ] ] ], [ [ [ 14.70677291876151, 55.110260263600502, 0.0 ], [ 14.706757177516963, 55.110244620070027, 0.0 ], [ 14.706751403786445, 55.110256953750842, 0.0 ], [ 14.70677291876151, 55.110260263600502, 0.0 ] ] ], [ [ [ 14.706896480397974, 55.093902741924964, 0.0 ], [ 14.70688074599639, 55.093887098243883, 0.0 ], [ 14.706874961542608, 55.093899342475801, 0.0 ], [ 14.706896480397974, 55.093902741924964, 0.0 ] ] ], [ [ [ 14.706826214705577, 55.104024033731754, 0.0 ], [ 14.70681063202349, 55.104008382815664, 0.0 ], [ 14.7068048462958, 55.104020627067662, 0.0 ], [ 14.706826214705577, 55.104024033731754, 0.0 ] ] ], [ [ [ 14.706243774586708, 55.185895456696791, 0.0 ], [ 14.706228157872859, 55.185879806532085, 0.0 ], [ 14.706222374623623, 55.185892140361275, 0.0 ], [ 14.706243774586708, 55.185895456696791, 0.0 ] ] ], [ [ [ 14.706893757534319, 55.100775631419651, 0.0 ], [ 14.706878020239524, 55.100759987808679, 0.0 ], [ 14.706872234934702, 55.100772232056066, 0.0 ], [ 14.706893757534319, 55.100775631419651, 0.0 ] ] ], [ [ [ 14.706856284790613, 55.110418287989255, 0.0 ], [ 14.706840543447536, 55.110402644471961, 0.0 ], [ 14.706834925703701, 55.110414970826838, 0.0 ], [ 14.706856284790613, 55.110418287989255, 0.0 ] ] ], [ [ [ 14.706380909033234, 55.183841027870464, 0.0 ], [ 14.706365136861422, 55.183825385039256, 0.0 ], [ 14.706359341089936, 55.183837629453521, 0.0 ], [ 14.706380909033234, 55.183841027870464, 0.0 ] ] ], [ [ [ 14.707040824662336, 55.094625010867581, 0.0 ], [ 14.707025245819947, 55.094609359885396, 0.0 ], [ 14.707019474100507, 55.094621693541917, 0.0 ], [ 14.707040824662336, 55.094625010867581, 0.0 ] ] ], [ [ [ 14.70692966354363, 55.110567959921418, 0.0 ], [ 14.706914065303803, 55.110552219669174, 0.0 ], [ 14.706908135603644, 55.110564560686818, 0.0 ], [ 14.70692966354363, 55.110567959921418, 0.0 ] ] ], [ [ [ 14.706427645095582, 55.183091687402303, 0.0 ], [ 14.706412029486938, 55.183076037234372, 0.0 ], [ 14.706406233823278, 55.183088281648878, 0.0 ], [ 14.706427645095582, 55.183091687402303, 0.0 ] ] ], [ [ [ 14.706974407608252, 55.109692685589252, 0.0 ], [ 14.706958666525731, 55.109677042080868, 0.0 ], [ 14.706952880142241, 55.109689286351696, 0.0 ], [ 14.706974407608252, 55.109692685589252, 0.0 ] ] ], [ [ [ 14.70701196176678, 55.109866365323754, 0.0 ], [ 14.706996376574573, 55.109850714492524, 0.0 ], [ 14.706990602967341, 55.109863048182156, 0.0 ], [ 14.70701196176678, 55.109866365323754, 0.0 ] ] ], [ [ [ 14.707046260378135, 55.110175404639016, 0.0 ], [ 14.707030675043747, 55.110159753815644, 0.0 ], [ 14.707024888622824, 55.1101719980905, 0.0 ], [ 14.707046260378135, 55.110175404639016, 0.0 ] ] ], [ [ [ 14.706508593919887, 55.185999958739444, 0.0 ], [ 14.706492820785121, 55.185984315948033, 0.0 ], [ 14.706487037605807, 55.185996649788187, 0.0 ], [ 14.706508593919887, 55.185999958739444, 0.0 ] ] ], [ [ [ 14.70652422833218, 55.186129840454633, 0.0 ], [ 14.706508442315156, 55.186114108250905, 0.0 ], [ 14.706502659124643, 55.186126442091989, 0.0 ], [ 14.70652422833218, 55.186129840454633, 0.0 ] ] ], [ [ [ 14.707111129214002, 55.11030729279485, 0.0 ], [ 14.707095543799683, 55.110291641981696, 0.0 ], [ 14.707089926148678, 55.110303968346372, 0.0 ], [ 14.707111129214002, 55.11030729279485, 0.0 ] ] ], [ [ [ 14.707202360914861, 55.104046864187225, 0.0 ], [ 14.707186778079107, 55.104031213322983, 0.0 ], [ 14.707180992465196, 55.104043457590308, 0.0 ], [ 14.707202360914861, 55.104046864187225, 0.0 ] ] ], [ [ [ 14.706434938913466, 55.209403505639528, 0.0 ], [ 14.706419299427113, 55.209387766323999, 0.0 ], [ 14.706413513320738, 55.209400100213635, 0.0 ], [ 14.706434938913466, 55.209403505639528, 0.0 ] ] ], [ [ [ 14.706641700899365, 55.182321079456756, 0.0 ], [ 14.706626085531607, 55.182305429310418, 0.0 ], [ 14.706620302850093, 55.182317763147744, 0.0 ], [ 14.706641700899365, 55.182321079456756, 0.0 ] ] ], [ [ [ 14.707203898199834, 55.109650394807794, 0.0 ], [ 14.707188144260844, 55.109634661913923, 0.0 ], [ 14.707182370740144, 55.109646995610817, 0.0 ], [ 14.707203898199834, 55.109650394807794, 0.0 ] ] ], [ [ [ 14.707195977982288, 55.110802903756834, 0.0 ], [ 14.707180236347011, 55.110787260290529, 0.0 ], [ 14.707174462681689, 55.110799593989718, 0.0 ], [ 14.707195977982288, 55.110802903756834, 0.0 ] ] ], [ [ [ 14.707235242395775, 55.109828957233475, 0.0 ], [ 14.707219657133614, 55.109813306432514, 0.0 ], [ 14.707213727622987, 55.109825647461207, 0.0 ], [ 14.707235242395775, 55.109828957233475, 0.0 ] ] ], [ [ [ 14.707299769241381, 55.104069291473976, 0.0 ], [ 14.707284186358946, 55.104053640623341, 0.0 ], [ 14.707278400772454, 55.104065884894673, 0.0 ], [ 14.707299769241381, 55.104069291473976, 0.0 ] ] ], [ [ [ 14.706748816094503, 55.182293546419537, 0.0 ], [ 14.706733187877191, 55.182277806871816, 0.0 ], [ 14.706727405232632, 55.182290140713398, 0.0 ], [ 14.706748816094503, 55.182293546419537, 0.0 ] ] ], [ [ [ 14.707360807796407, 55.110597208693214, 0.0 ], [ 14.707345209378147, 55.110581468500499, 0.0 ], [ 14.707339435789724, 55.110593802205898, 0.0 ], [ 14.707360807796407, 55.110597208693214, 0.0 ] ] ], [ [ [ 14.706864570861516, 55.182414046837145, 0.0 ], [ 14.706848786287699, 55.182398314642576, 0.0 ], [ 14.706843003664401, 55.182410648489132, 0.0 ], [ 14.706864570861516, 55.182414046837145, 0.0 ] ] ], [ [ [ 14.706888621250314, 55.182232882368851, 0.0 ], [ 14.706873005824646, 55.182217232255525, 0.0 ], [ 14.706867223231379, 55.182229566102656, 0.0 ], [ 14.706888621250314, 55.182232882368851, 0.0 ] ] ], [ [ [ 14.707434324139257, 55.109608059621387, 0.0 ], [ 14.707418582916249, 55.109592416175829, 0.0 ], [ 14.707412952662663, 55.109604653134852, 0.0 ], [ 14.707434324139257, 55.109608059621387, 0.0 ] ] ], [ [ [ 14.70742985753796, 55.110764907328907, 0.0 ], [ 14.707414271810405, 55.110749256564162, 0.0 ], [ 14.707408498222861, 55.110761590272737, 0.0 ], [ 14.70742985753796, 55.110764907328907, 0.0 ] ] ], [ [ [ 14.706884561892473, 55.187292066706675, 0.0 ], [ 14.706868775243631, 55.187276334564849, 0.0 ], [ 14.706862992021859, 55.187288668423157, 0.0 ], [ 14.706884561892473, 55.187292066706675, 0.0 ] ] ], [ [ [ 14.706987825887712, 55.185036776795727, 0.0 ], [ 14.706972222069806, 55.185021216140214, 0.0 ], [ 14.706966413516472, 55.185033371166192, 0.0 ], [ 14.706987825887712, 55.185036776795727, 0.0 ] ] ], [ [ [ 14.707018868876903, 55.184972397062232, 0.0 ], [ 14.70700325225228, 55.184956746994587, 0.0 ], [ 14.706997456538394, 55.184968991437401, 0.0 ], [ 14.707018868876903, 55.184972397062232, 0.0 ] ] ], [ [ [ 14.707026877064038, 55.185205977079335, 0.0 ], [ 14.707011260338376, 55.18519032701515, 0.0 ], [ 14.707005464597913, 55.185202571458831, 0.0 ], [ 14.707026877064038, 55.185205977079335, 0.0 ] ] ], [ [ [ 14.707593266691994, 55.11055477779388, 0.0 ], [ 14.707577525009123, 55.110539134380055, 0.0 ], [ 14.707571894691261, 55.110551371347398, 0.0 ], [ 14.707593266691994, 55.11055477779388, 0.0 ] ] ], [ [ [ 14.707157220761578, 55.177989530163408, 0.0 ], [ 14.707141594193084, 55.177973790628094, 0.0 ], [ 14.707135812209797, 55.177986124476618, 0.0 ], [ 14.707157220761578, 55.177989530163408, 0.0 ] ] ], [ [ [ 14.707668636190425, 55.109565451325651, 0.0 ], [ 14.707653050872185, 55.109549800581469, 0.0 ], [ 14.70764712153054, 55.109562141627656, 0.0 ], [ 14.707668636190425, 55.109565451325651, 0.0 ] ] ], [ [ [ 14.707663409183214, 55.110722424962269, 0.0 ], [ 14.707647667402828, 55.110706781559855, 0.0 ], [ 14.70764189389341, 55.110719115277803, 0.0 ], [ 14.707663409183214, 55.110722424962269, 0.0 ] ] ], [ [ [ 14.707671763261414, 55.109745429859565, 0.0 ], [ 14.707656165079339, 55.109729689700906, 0.0 ], [ 14.707650391693079, 55.109742023416985, 0.0 ], [ 14.707671763261414, 55.109745429859565, 0.0 ] ] ], [ [ [ 14.707252947232993, 55.183026026954956, 0.0 ], [ 14.707237487598153, 55.183010369563121, 0.0 ], [ 14.707231692199295, 55.183022614011108, 0.0 ], [ 14.707252947232993, 55.183026026954956, 0.0 ] ] ], [ [ [ 14.70725430427875, 55.183322931644852, 0.0 ], [ 14.707238688255417, 55.183307281592796, 0.0 ], [ 14.707232892819988, 55.183319526041487, 0.0 ], [ 14.70725430427875, 55.183322931644852, 0.0 ] ] ], [ [ [ 14.707241349566516, 55.186132182195905, 0.0 ], [ 14.707225719547058, 55.186116442754894, 0.0 ], [ 14.707219780305222, 55.186128783961905, 0.0 ], [ 14.707241349566516, 55.186132182195905, 0.0 ] ] ], [ [ [ 14.707278842186431, 55.185954797443124, 0.0 ], [ 14.707263055952057, 55.185939065342311, 0.0 ], [ 14.707257273019565, 55.185951399213614, 0.0 ], [ 14.707278842186431, 55.185954797443124, 0.0 ] ] ], [ [ [ 14.707892086998445, 55.109487525980512, 0.0 ], [ 14.707876332863062, 55.10947179318039, 0.0 ], [ 14.707870559577364, 55.109484126904825, 0.0 ], [ 14.707892086998445, 55.109487525980512, 0.0 ] ] ], [ [ [ 14.707896364668551, 55.110684561057738, 0.0 ], [ 14.707880622814898, 55.110668917687178, 0.0 ], [ 14.707874836594476, 55.110681161997796, 0.0 ], [ 14.707896364668551, 55.110684561057738, 0.0 ] ] ], [ [ [ 14.707422349170972, 55.179777345716381, 0.0 ], [ 14.707406734569833, 55.179761695651415, 0.0 ], [ 14.707400952448012, 55.179774029514704, 0.0 ], [ 14.707422349170972, 55.179777345716381, 0.0 ] ] ], [ [ [ 14.70797922241468, 55.110014445313169, 0.0 ], [ 14.707963480811712, 55.109998801947235, 0.0 ], [ 14.707957707488241, 55.110011135676388, 0.0 ], [ 14.70797922241468, 55.110014445313169, 0.0 ] ] ], [ [ [ 14.707510679841445, 55.179651764350425, 0.0 ], [ 14.707494909008835, 55.179636121632939, 0.0 ], [ 14.707489126930183, 55.179648455499546, 0.0 ], [ 14.707510679841445, 55.179651764350425, 0.0 ] ] ], [ [ [ 14.70808493308421, 55.104874053312777, 0.0 ], [ 14.708069492737062, 55.104858305830525, 0.0 ], [ 14.708063564122311, 55.10487064688315, 0.0 ], [ 14.70808493308421, 55.104874053312777, 0.0 ] ] ], [ [ [ 14.708057652638482, 55.109637275310213, 0.0 ], [ 14.708042054352862, 55.109621535203473, 0.0 ], [ 14.708036281100449, 55.109633868934949, 0.0 ], [ 14.708057652638482, 55.109637275310213, 0.0 ] ] ], [ [ [ 14.708056794614002, 55.110474480833588, 0.0 ], [ 14.708041052787443, 55.110458837483137, 0.0 ], [ 14.708035266642776, 55.11047108179978, 0.0 ], [ 14.708056794614002, 55.110474480833588, 0.0 ] ] ], [ [ [ 14.707560011251262, 55.182052831144773, 0.0 ], [ 14.707544395643071, 55.182037181121814, 0.0 ], [ 14.7075384442011, 55.182049432916969, 0.0 ], [ 14.707560011251262, 55.182052831144773, 0.0 ] ] ], [ [ [ 14.708092707837459, 55.109401491447201, 0.0 ], [ 14.708076966449354, 55.109385848090703, 0.0 ], [ 14.708071349212755, 55.109398174491922, 0.0 ], [ 14.708092707837459, 55.109401491447201, 0.0 ] ] ], [ [ [ 14.708094173238948, 55.110139658261033, 0.0 ], [ 14.708078431539189, 55.110124014912316, 0.0 ], [ 14.708072801426276, 55.11013625189851, 0.0 ], [ 14.708094173238948, 55.110139658261033, 0.0 ] ] ], [ [ [ 14.707598934657728, 55.182537099261175, 0.0 ], [ 14.707583162570044, 55.182521456585448, 0.0 ], [ 14.707577367339486, 55.182533701046403, 0.0 ], [ 14.707598934657728, 55.182537099261175, 0.0 ] ] ], [ [ [ 14.708128526991109, 55.110646643956301, 0.0 ], [ 14.708112785064515, 55.110631000617524, 0.0 ], [ 14.708106998920778, 55.110643244937499, 0.0 ], [ 14.708128526991109, 55.110646643956301, 0.0 ] ] ], [ [ [ 14.707599917518213, 55.183819805657258, 0.0 ], [ 14.707584301153666, 55.183804155657704, 0.0 ], [ 14.707578505763859, 55.183816400121586, 0.0 ], [ 14.707599917518213, 55.183819805657258, 0.0 ] ] ], [ [ [ 14.708197821832439, 55.104729129388353, 0.0 ], [ 14.70818223833046, 55.104713478667612, 0.0 ], [ 14.708176465726977, 55.104725812393745, 0.0 ], [ 14.708197821832439, 55.104729129388353, 0.0 ] ] ], [ [ [ 14.708247371015542, 55.109556253852475, 0.0 ], [ 14.708231785479333, 55.109540603187632, 0.0 ], [ 14.708225856319752, 55.109552944257977, 0.0 ], [ 14.708247371015542, 55.109556253852475, 0.0 ] ] ], [ [ [ 14.707723009820562, 55.183669997741099, 0.0 ], [ 14.707707250028466, 55.183654444509806, 0.0 ], [ 14.707701467518289, 55.183666778394034, 0.0 ], [ 14.707723009820562, 55.183669997741099, 0.0 ] ] ], [ [ [ 14.708310270202579, 55.104588816946084, 0.0 ], [ 14.708294686716078, 55.104573166239362, 0.0 ], [ 14.708288745421513, 55.10458541788401, 0.0 ], [ 14.708310270202579, 55.104588816946084, 0.0 ] ] ], [ [ [ 14.708279605949913, 55.10994631602366, 0.0 ], [ 14.708263864260616, 55.109930672698638, 0.0 ], [ 14.708258091039351, 55.109943006439792, 0.0 ], [ 14.708279605949913, 55.10994631602366, 0.0 ] ] ], [ [ [ 14.70829177809077, 55.109311208590483, 0.0 ], [ 14.708276192639859, 55.109295557929237, 0.0 ], [ 14.708270263525334, 55.109307899000896, 0.0 ], [ 14.70829177809077, 55.109311208590483, 0.0 ] ] ], [ [ [ 14.708290814523421, 55.110436386061018, 0.0 ], [ 14.708275228603057, 55.110420735411076, 0.0 ], [ 14.708269455324908, 55.1104330691538, 0.0 ], [ 14.708290814523421, 55.110436386061018, 0.0 ] ] ], [ [ [ 14.707585426970351, 55.212099552292706, 0.0 ], [ 14.707569798741025, 55.212083902578001, 0.0 ], [ 14.707564012660436, 55.212096236520381, 0.0 ], [ 14.707585426970351, 55.212099552292706, 0.0 ] ] ], [ [ [ 14.708362857018907, 55.110604123620092, 0.0 ], [ 14.708347258211454, 55.110588383565094, 0.0 ], [ 14.708341484935126, 55.110600717311144, 0.0 ], [ 14.708362857018907, 55.110604123620092, 0.0 ] ] ], [ [ [ 14.708423039786812, 55.104444168426895, 0.0 ], [ 14.708407287574438, 55.1044284356486, 0.0 ], [ 14.708401671032805, 55.104440762052079, 0.0 ], [ 14.708423039786812, 55.104444168426895, 0.0 ] ] ], [ [ [ 14.708392685745439, 55.110071616650579, 0.0 ], [ 14.708376943960028, 55.11005597334249, 0.0 ], [ 14.708371157969383, 55.110068217671895, 0.0 ], [ 14.708392685745439, 55.110071616650579, 0.0 ] ] ], [ [ [ 14.708433058814379, 55.109475601570942, 0.0 ], [ 14.708417460451624, 55.10945986151409, 0.0 ], [ 14.708411687336387, 55.109472195260452, 0.0 ], [ 14.708433058814379, 55.109475601570942, 0.0 ] ] ], [ [ [ 14.708493036618467, 55.10922964426674, 0.0 ], [ 14.708477607099487, 55.10921398630061, 0.0 ], [ 14.708471678058292, 55.109226327380483, 0.0 ], [ 14.708493036618467, 55.10922964426674, 0.0 ] ] ], [ [ [ 14.708535614266314, 55.104299258900994, 0.0 ], [ 14.708520030814331, 55.104283608222268, 0.0 ], [ 14.70851440153834, 55.10429584521313, 0.0 ], [ 14.708535614266314, 55.104299258900994, 0.0 ] ] ], [ [ [ 14.708545993246089, 55.104775865288318, 0.0 ], [ 14.708530240846457, 55.104760132530501, 0.0 ], [ 14.70852446834588, 55.10477246627083, 0.0 ], [ 14.708545993246089, 55.104775865288318, 0.0 ] ] ], [ [ [ 14.708014800095286, 55.183318730246583, 0.0 ], [ 14.70799918378143, 55.183303080298906, 0.0 ], [ 14.707993232318517, 55.18331533211613, 0.0 ], [ 14.708014800095286, 55.183318730246583, 0.0 ] ] ], [ [ [ 14.708026165501519, 55.184830584716529, 0.0 ], [ 14.708010548549215, 55.184814934785756, 0.0 ], [ 14.708004609719806, 55.18482727602261, 0.0 ], [ 14.708026165501519, 55.184830584716529, 0.0 ] ] ], [ [ [ 14.708048047353575, 55.183263158428602, 0.0 ], [ 14.708032431050251, 55.183247508484939, 0.0 ], [ 14.708026648692337, 55.183259842381439, 0.0 ], [ 14.708048047353575, 55.183263158428602, 0.0 ] ] ], [ [ [ 14.708653437074975, 55.104635697739916, 0.0 ], [ 14.708637853437413, 55.104620047080779, 0.0 ], [ 14.708631925030579, 55.104632388156617, 0.0 ], [ 14.708653437074975, 55.104635697739916, 0.0 ] ] ], [ [ [ 14.708621683813366, 55.109394630883429, 0.0 ], [ 14.708605942225562, 55.109378987600152, 0.0 ], [ 14.708600312365395, 55.109391224605496, 0.0 ], [ 14.708621683813366, 55.109394630883429, 0.0 ] ] ], [ [ [ 14.708661145031177, 55.104153830194448, 0.0 ], [ 14.708645392849567, 55.104138097446196, 0.0 ], [ 14.70863977641687, 55.104150423858385, 0.0 ], [ 14.708661145031177, 55.104153830194448, 0.0 ] ] ], [ [ [ 14.708099022706989, 55.182000606309195, 0.0 ], [ 14.708083394090725, 55.18198486694407, 0.0 ], [ 14.708077611905255, 55.181997200839817, 0.0 ], [ 14.708099022706989, 55.182000606309195, 0.0 ] ] ], [ [ [ 14.708669171446491, 55.110535714682534, 0.0 ], [ 14.70865342935959, 55.11052007141754, 0.0 ], [ 14.708647643397219, 55.110532315759237, 0.0 ], [ 14.708669171446491, 55.110535714682534, 0.0 ] ] ], [ [ [ 14.708691169242732, 55.109139404784095, 0.0 ], [ 14.708675583710487, 55.109123754175933, 0.0 ], [ 14.708669797927838, 55.109135998515349, 0.0 ], [ 14.708691169242732, 55.109139404784095, 0.0 ] ] ], [ [ [ 14.708698496178979, 55.110309291741338, 0.0 ], [ 14.708682897365387, 55.110293551729477, 0.0 ], [ 14.708677124230238, 55.110305885488422, 0.0 ], [ 14.708698496178979, 55.110309291741338, 0.0 ] ] ], [ [ [ 14.708763559773166, 55.104499995050482, 0.0 ], [ 14.708748132106571, 55.104484337073451, 0.0 ], [ 14.708742203751457, 55.104496678153581, 0.0 ], [ 14.708763559773166, 55.104499995050482, 0.0 ] ] ], [ [ [ 14.708792804269047, 55.10397660699747, 0.0 ], [ 14.7087772208532, 55.103960956350733, 0.0 ], [ 14.708771448528253, 55.103973290099297, 0.0 ], [ 14.708792804269047, 55.10397660699747, 0.0 ] ] ], [ [ [ 14.708812205321616, 55.109313750767775, 0.0 ], [ 14.708796619670187, 55.109298100177945, 0.0 ], [ 14.708790989878786, 55.109310337190657, 0.0 ], [ 14.708812205321616, 55.109313750767775, 0.0 ] ] ], [ [ [ 14.708869795634829, 55.104364564986739, 0.0 ], [ 14.708854212027539, 55.104348914354524, 0.0 ], [ 14.708848439678809, 55.104361248107061, 0.0 ], [ 14.708869795634829, 55.104364564986739, 0.0 ] ] ], [ [ [ 14.708907403582547, 55.103831601870944, 0.0 ], [ 14.708891820183318, 55.103815951238474, 0.0 ], [ 14.708886035124594, 55.103828195574671, 0.0 ], [ 14.708907403582547, 55.103831601870944, 0.0 ] ] ], [ [ [ 14.708872946445869, 55.110458532459461, 0.0 ], [ 14.708857360293143, 55.110442881889632, 0.0 ], [ 14.708851587194061, 55.110455215655996, 0.0 ], [ 14.708872946445869, 55.110458532459461, 0.0 ] ] ], [ [ [ 14.708878685968935, 55.110224216355938, 0.0 ], [ 14.708863099911854, 55.11020856578449, 0.0 ], [ 14.708857314053063, 55.11022081013401, 0.0 ], [ 14.708878685968935, 55.110224216355938, 0.0 ] ] ], [ [ [ 14.708892878390163, 55.109053317681848, 0.0 ], [ 14.708877136842341, 55.109037674432606, 0.0 ], [ 14.708871351132839, 55.109049918780059, 0.0 ], [ 14.708892878390163, 55.109053317681848, 0.0 ] ] ], [ [ [ 14.708367395346484, 55.181965499403709, 0.0 ], [ 14.708351610382216, 55.18194976741303, 0.0 ], [ 14.708345828285081, 55.181962101319577, 0.0 ], [ 14.708367395346484, 55.181965499403709, 0.0 ] ] ], [ [ [ 14.709091696983965, 55.092782341834514, 0.0 ], [ 14.709075949431279, 55.092766609029177, 0.0 ], [ 14.709070178578884, 55.092778942764625, 0.0 ], [ 14.709091696983965, 55.092782341834514, 0.0 ] ] ], [ [ [ 14.709022467170168, 55.1036821639156, 0.0 ], [ 14.70900688378922, 55.103666513297355, 0.0 ], [ 14.709001111572276, 55.103678847054553, 0.0 ], [ 14.709022467170168, 55.1036821639156, 0.0 ] ] ], [ [ [ 14.70846199780641, 55.187807710980415, 0.0 ], [ 14.708446223155946, 55.18779206847821, 0.0 ], [ 14.70844042753787, 55.187804312986245, 0.0 ], [ 14.70846199780641, 55.187807710980415, 0.0 ] ] ], [ [ [ 14.708294711286321, 55.212570359395457, 0.0 ], [ 14.708278926207409, 55.212554717123453, 0.0 ], [ 14.708273127452804, 55.212566961680544, 0.0 ], [ 14.708294711286321, 55.212570359395457, 0.0 ] ] ], [ [ [ 14.709055972545944, 55.110377914397098, 0.0 ], [ 14.709040230377406, 55.110362271184037, 0.0 ], [ 14.70903445734538, 55.110374604957649, 0.0 ], [ 14.709055972545944, 55.110377914397098, 0.0 ] ] ], [ [ [ 14.709064531418344, 55.110143555739633, 0.0 ], [ 14.709048776554519, 55.110127823108819, 0.0 ], [ 14.709043003554072, 55.110140156882245, 0.0 ], [ 14.709064531418344, 55.110143555739633, 0.0 ] ] ], [ [ [ 14.708542936881019, 55.18193466139158, 0.0 ], [ 14.708527320944624, 55.181919011502373, 0.0 ], [ 14.708521382647437, 55.181931352754098, 0.0 ], [ 14.708542936881019, 55.18193466139158, 0.0 ] ] ], [ [ [ 14.709079438741432, 55.108959030611629, 0.0 ], [ 14.709063853135698, 55.108943380054896, 0.0 ], [ 14.709058080286008, 55.108955713826248, 0.0 ], [ 14.709079438741432, 55.108959030611629, 0.0 ] ] ], [ [ [ 14.709136154722492, 55.103537381432133, 0.0 ], [ 14.709120415405753, 55.103521738160062, 0.0 ], [ 14.709114799194815, 55.103534064589539, 0.0 ], [ 14.709136154722492, 55.103537381432133, 0.0 ] ] ], [ [ [ 14.709159097149206, 55.104040312608383, 0.0 ], [ 14.70914351356641, 55.104024662012577, 0.0 ], [ 14.70913774134798, 55.104036995776084, 0.0 ], [ 14.709159097149206, 55.104040312608383, 0.0 ] ] ], [ [ [ 14.709159187351165, 55.109234426833574, 0.0 ], [ 14.709143445625022, 55.109218783623071, 0.0 ], [ 14.709137659975672, 55.109231027981778, 0.0 ], [ 14.709159187351165, 55.109234426833574, 0.0 ] ] ], [ [ [ 14.709166894766154, 55.109522121536607, 0.0 ], [ 14.709151140125096, 55.109506388913616, 0.0 ], [ 14.709145523209262, 55.109518715357254, 0.0 ], [ 14.709166894766154, 55.109522121536607, 0.0 ] ] ], [ [ [ 14.70923331314664, 55.103892884874391, 0.0 ], [ 14.709217573642915, 55.103877241619415, 0.0 ], [ 14.709211788677594, 55.103889485969013, 0.0 ], [ 14.70923331314664, 55.103892884874391, 0.0 ] ] ], [ [ [ 14.709254179757057, 55.103387803984347, 0.0 ], [ 14.709238440458138, 55.103372160727076, 0.0 ], [ 14.709232811513882, 55.103384397744257, 0.0 ], [ 14.709254179757057, 55.103387803984347, 0.0 ] ] ], [ [ [ 14.709245049782629, 55.110288009787027, 0.0 ], [ 14.709229463558497, 55.11027235926651, 0.0 ], [ 14.709223677805404, 55.110284603631086, 0.0 ], [ 14.709245049782629, 55.110288009787027, 0.0 ] ] ], [ [ [ 14.709248631910249, 55.110058385943127, 0.0 ], [ 14.709232889802596, 55.110042742753457, 0.0 ], [ 14.709227116870139, 55.110055076534159, 0.0 ], [ 14.709248631910249, 55.110058385943127, 0.0 ] ] ], [ [ [ 14.708764226213045, 55.181888262010268, 0.0 ], [ 14.708748597386808, 55.181872522735482, 0.0 ], [ 14.708742815423554, 55.181884856657952, 0.0 ], [ 14.708764226213045, 55.181888262010268, 0.0 ] ] ], [ [ [ 14.709348219700299, 55.103743453966977, 0.0 ], [ 14.709332467427158, 55.103727721309788, 0.0 ], [ 14.709326695304323, 55.103740055080301, 0.0 ], [ 14.709348219700299, 55.103743453966977, 0.0 ] ] ], [ [ [ 14.709367543815318, 55.103247357308035, 0.0 ], [ 14.709351960483643, 55.103231706732771, 0.0 ], [ 14.709346175639848, 55.103243951086348, 0.0 ], [ 14.709367543815318, 55.103247357308035, 0.0 ] ] ], [ [ [ 14.709326193919237, 55.109352510519933, 0.0 ], [ 14.709310608054638, 55.109336860001029, 0.0 ], [ 14.709304835233491, 55.109349193783281, 0.0 ], [ 14.709326193919237, 55.109352510519933, 0.0 ] ] ], [ [ [ 14.709325773329457, 55.109631675591757, 0.0 ], [ 14.709310187348457, 55.109616025075667, 0.0 ], [ 14.709304401701637, 55.109628269442041, 0.0 ], [ 14.709325773329457, 55.109631675591757, 0.0 ] ] ], [ [ [ 14.708892339904988, 55.177660410739421, 0.0 ], [ 14.708876725626556, 55.177644760854811, 0.0 ], [ 14.708870787985198, 55.177657102111183, 0.0 ], [ 14.708892339904988, 55.177660410739421, 0.0 ] ] ], [ [ [ 14.70946203658505, 55.103598485036642, 0.0 ], [ 14.709446297117783, 55.103582841810301, 0.0 ], [ 14.709440512259787, 55.103595086168525, 0.0 ], [ 14.70946203658505, 55.103598485036642, 0.0 ] ] ], [ [ [ 14.709431143373651, 55.109968699642451, 0.0 ], [ 14.709415401233894, 55.109953056477138, 0.0 ], [ 14.709409615577981, 55.109965300848565, 0.0 ], [ 14.709431143373651, 55.109968699642451, 0.0 ] ] ], [ [ [ 14.709441121526975, 55.108798088652279, 0.0 ], [ 14.70942553584983, 55.108782438143528, 0.0 ], [ 14.709419750341951, 55.108794682512695, 0.0 ], [ 14.709441121526975, 55.108798088652279, 0.0 ] ] ], [ [ [ 14.709439117475851, 55.110197870245997, 0.0 ], [ 14.709423531214981, 55.110182219751195, 0.0 ], [ 14.709417914303437, 55.110194546206998, 0.0 ], [ 14.709439117475851, 55.110197870245997, 0.0 ] ] ], [ [ [ 14.709493962813143, 55.109461646393839, 0.0 ], [ 14.709478376838675, 55.109445995899094, 0.0 ], [ 14.709472604056467, 55.109458329688394, 0.0 ], [ 14.709493962813143, 55.109461646393839, 0.0 ] ] ], [ [ [ 14.709577593724839, 55.103453614191558, 0.0 ], [ 14.709562010226586, 55.103437963647188, 0.0 ], [ 14.709556082258866, 55.103450304758887, 0.0 ], [ 14.709577593724839, 55.103453614191558, 0.0 ] ] ], [ [ [ 14.709611839242273, 55.109888280226201, 0.0 ], [ 14.709596253044483, 55.109872629751962, 0.0 ], [ 14.7095904674546, 55.109884874130543, 0.0 ], [ 14.709611839242273, 55.109888280226201, 0.0 ] ] ], [ [ [ 14.709639576490499, 55.1101030190136, 0.0 ], [ 14.709623990192407, 55.110087368545337, 0.0 ], [ 14.709618204584547, 55.110099612925552, 0.0 ], [ 14.709639576490499, 55.1101030190136, 0.0 ] ] ], [ [ [ 14.709692201555583, 55.103308697833434, 0.0 ], [ 14.709676618073907, 55.103293047303325, 0.0 ], [ 14.70967083332317, 55.103305291670267, 0.0 ], [ 14.709692201555583, 55.103308697833434, 0.0 ] ] ], [ [ [ 14.709125179194908, 55.181956826846267, 0.0 ], [ 14.709109563025466, 55.18194117703726, 0.0 ], [ 14.709103781166727, 55.18195351097453, 0.0 ], [ 14.709125179194908, 55.181956826846267, 0.0 ] ] ], [ [ [ 14.709664256728711, 55.109575254254153, 0.0 ], [ 14.709648657849689, 55.109559514367476, 0.0 ], [ 14.709642885106659, 55.109571848163931, 0.0 ], [ 14.709664256728711, 55.109575254254153, 0.0 ] ] ], [ [ [ 14.708959745141655, 55.214105540093897, 0.0 ], [ 14.708944115540746, 55.214089890588312, 0.0 ], [ 14.708938316801783, 55.214102135175963, 0.0 ], [ 14.708959745141655, 55.214105540093897, 0.0 ] ] ], [ [ [ 14.709736385257548, 55.108968653463691, 0.0 ], [ 14.709720799396028, 55.108953002997197, 0.0 ], [ 14.709715013958586, 55.108965247378769, 0.0 ], [ 14.709736385257548, 55.108968653463691, 0.0 ] ] ], [ [ [ 14.70929941220191, 55.181773198927104, 0.0 ], [ 14.709283639784518, 55.181757556479212, 0.0 ], [ 14.709278014261091, 55.181769883084087, 0.0 ], [ 14.70929941220191, 55.181773198927104, 0.0 ] ] ], [ [ [ 14.709832027493063, 55.109684389616852, 0.0 ], [ 14.709816428503736, 55.109668649754326, 0.0 ], [ 14.709810655799645, 55.109680983557816, 0.0 ], [ 14.709832027493063, 55.109684389616852, 0.0 ] ] ], [ [ [ 14.709907769458203, 55.109082209686463, 0.0 ], [ 14.70989217069142, 55.109066469828193, 0.0 ], [ 14.70988639808523, 55.109078803633444, 0.0 ], [ 14.709907769458203, 55.109082209686463, 0.0 ] ] ], [ [ [ 14.709914172813882, 55.109977586373546, 0.0 ], [ 14.70989843048539, 55.109961943275252, 0.0 ], [ 14.709892800955737, 55.109974180332784, 0.0 ], [ 14.709914172813882, 55.109977586373546, 0.0 ] ] ], [ [ [ 14.709436196696844, 55.18173976903644, 0.0 ], [ 14.709420424241074, 55.181724126607186, 0.0 ], [ 14.709414629680884, 55.181736371141177, 0.0 ], [ 14.709436196696844, 55.18173976903644, 0.0 ] ] ], [ [ [ 14.710081013541062, 55.109195588223258, 0.0 ], [ 14.7100654146601, 55.109179848389978, 0.0 ], [ 14.710059642094029, 55.109192182202449, 0.0 ], [ 14.710081013541062, 55.109195588223258, 0.0 ] ] ], [ [ [ 14.709625605718717, 55.184116255138413, 0.0 ], [ 14.709609988451287, 55.184100605420049, 0.0 ], [ 14.709604193654394, 55.184112849967107, 0.0 ], [ 14.709625605718717, 55.184116255138413, 0.0 ] ] ], [ [ [ 14.710254258613313, 55.109308966489507, 0.0 ], [ 14.710238503643334, 55.109293234015119, 0.0 ], [ 14.710232731117339, 55.109305567834873, 0.0 ], [ 14.710254258613313, 55.109308966489507, 0.0 ] ] ], [ [ [ 14.710300118575571, 55.105521467999083, 0.0 ], [ 14.710284533937253, 55.10550581757488, 0.0 ], [ 14.710278761892528, 55.105518151387976, 0.0 ], [ 14.710300118575571, 55.105521467999083, 0.0 ] ] ], [ [ [ 14.709833527185134, 55.183138797242549, 0.0 ], [ 14.709817766811817, 55.183123244298038, 0.0 ], [ 14.709811959373871, 55.18313539943604, 0.0 ], [ 14.709833527185134, 55.183138797242549, 0.0 ] ] ], [ [ [ 14.709851610737406, 55.183079526249266, 0.0 ], [ 14.709835837554978, 55.183063883891315, 0.0 ], [ 14.709830042957277, 55.183076128445236, 0.0 ], [ 14.709851610737406, 55.183079526249266, 0.0 ] ] ], [ [ [ 14.710430455411993, 55.109422115719561, 0.0 ], [ 14.710414713119887, 55.109406472687063, 0.0 ], [ 14.710408927841476, 55.109418717097896, 0.0 ], [ 14.710430455411993, 55.109422115719561, 0.0 ] ] ], [ [ [ 14.70989865187259, 55.182996210562116, 0.0 ], [ 14.709882878707365, 55.1829805682098, 0.0 ], [ 14.709877096961975, 55.182992902180793, 0.0 ], [ 14.70989865187259, 55.182996210562116, 0.0 ] ] ], [ [ [ 14.709927468011378, 55.183526052345528, 0.0 ], [ 14.709911694610788, 55.18351041000264, 0.0 ], [ 14.709905899981127, 55.183522654560669, 0.0 ], [ 14.709927468011378, 55.183526052345528, 0.0 ] ] ], [ [ [ 14.709946356356557, 55.183781625982448, 0.0 ], [ 14.709930739106207, 55.183765976304713, 0.0 ], [ 14.709924957278472, 55.183778310279415, 0.0 ], [ 14.709946356356557, 55.183781625982448, 0.0 ] ] ], [ [ [ 14.71062331214538, 55.105515361932376, 0.0 ], [ 14.710607571425797, 55.105499718886513, 0.0 ], [ 14.710601786690635, 55.105511963296351, 0.0 ], [ 14.71062331214538, 55.105515361932376, 0.0 ] ] ], [ [ [ 14.710725942392502, 55.105335000734925, 0.0 ], [ 14.710710344876651, 55.105319260950928, 0.0 ], [ 14.710704572987877, 55.105331594780843, 0.0 ], [ 14.710725942392502, 55.105335000734925, 0.0 ] ] ], [ [ [ 14.710789037191404, 55.105179003146077, 0.0 ], [ 14.710773452508707, 55.105163352785496, 0.0 ], [ 14.710767524700195, 55.105175693951878, 0.0 ], [ 14.710789037191404, 55.105179003146077, 0.0 ] ] ], [ [ [ 14.710895382288118, 55.105038885112855, 0.0 ], [ 14.710879953581209, 55.105023227431069, 0.0 ], [ 14.710874181781882, 55.105035561267208, 0.0 ], [ 14.710895382288118, 55.105038885112855, 0.0 ] ] ], [ [ [ 14.7106969613723, 55.143273059388065, 0.0 ], [ 14.710681360803665, 55.14325740940204, 0.0 ], [ 14.710675571413587, 55.14326965390039, 0.0 ], [ 14.7106969613723, 55.143273059388065, 0.0 ] ] ], [ [ [ 14.71101346486925, 55.104902895898412, 0.0 ], [ 14.710997711465705, 55.104887163484037, 0.0 ], [ 14.710992095677444, 55.10489948999011, 0.0 ], [ 14.71101346486925, 55.104902895898412, 0.0 ] ] ], [ [ [ 14.711025793894009, 55.105352315691768, 0.0 ], [ 14.711010053089018, 55.105336672700005, 0.0 ], [ 14.711004268498803, 55.105348917125802, 0.0 ], [ 14.711025793894009, 55.105352315691768, 0.0 ] ] ], [ [ [ 14.711024395803824, 55.105528006417124, 0.0 ], [ 14.711008810885241, 55.105512356092383, 0.0 ], [ 14.711003026272905, 55.105524600518585, 0.0 ], [ 14.711024395803824, 55.105528006417124, 0.0 ] ] ], [ [ [ 14.711112420667657, 55.105231308411057, 0.0 ], [ 14.711096823046189, 55.1052155686791, 0.0 ], [ 14.711090895332095, 55.105227909859096, 0.0 ], [ 14.711112420667657, 55.105231308411057, 0.0 ] ] ], [ [ [ 14.711116530378, 55.104758520991105, 0.0 ], [ 14.711100789788475, 55.104742878005823, 0.0 ], [ 14.711095005299853, 55.104755122433978, 0.0 ], [ 14.711116530378, 55.104758520991105, 0.0 ] ] ], [ [ [ 14.711216765901739, 55.105095875039041, 0.0 ], [ 14.711201012338488, 55.105080142654806, 0.0 ], [ 14.711195396590615, 55.105092469169293, 0.0 ], [ 14.711216765901739, 55.105095875039041, 0.0 ] ] ], [ [ [ 14.711249538789421, 55.104612737732637, 0.0 ], [ 14.711233954166669, 55.104597087429504, 0.0 ], [ 14.711228169737367, 55.10460933186274, 0.0 ], [ 14.711249538789421, 55.104612737732637, 0.0 ] ] ], [ [ [ 14.711323904898032, 55.104960220146907, 0.0 ], [ 14.711308164144109, 55.104944577192413, 0.0 ], [ 14.711302379694825, 55.104956821629472, 0.0 ], [ 14.711323904898032, 55.104960220146907, 0.0 ] ] ], [ [ [ 14.711351606709647, 55.104454816794274, 0.0 ], [ 14.711336022113713, 55.104439166503525, 0.0 ], [ 14.71133023773559, 55.104451410940563, 0.0 ], [ 14.711351606709647, 55.104454816794274, 0.0 ] ] ], [ [ [ 14.711357195152148, 55.105728397896854, 0.0 ], [ 14.711341597228577, 55.105712658203601, 0.0 ], [ 14.71133582548843, 55.105724992059976, 0.0 ], [ 14.711357195152148, 55.105728397896854, 0.0 ] ] ], [ [ [ 14.711430120242383, 55.104824698601838, 0.0 ], [ 14.711414535461957, 55.104809048325627, 0.0 ], [ 14.711408751062416, 55.104821292766701, 0.0 ], [ 14.711430120242383, 55.104824698601838, 0.0 ] ] ], [ [ [ 14.71145783352549, 55.104319384668159, 0.0 ], [ 14.711442248945392, 55.104303734390619, 0.0 ], [ 14.711436308661822, 55.104315986166682, 0.0 ], [ 14.71145783352549, 55.104319384668159, 0.0 ] ] ], [ [ [ 14.711534476206003, 55.104689354417062, 0.0 ], [ 14.711518735485591, 55.104673711488964, 0.0 ], [ 14.711512951135093, 55.104685955933974, 0.0 ], [ 14.711534476206003, 55.104689354417062, 0.0 ] ] ], [ [ [ 14.711566997195785, 55.104183634263251, 0.0 ], [ 14.711551412630529, 55.104167983999318, 0.0 ], [ 14.711545485191687, 55.104180325195877, 0.0 ], [ 14.711566997195785, 55.104183634263251, 0.0 ] ] ], [ [ [ 14.71164551200771, 55.104553515906751, 0.0 ], [ 14.711629771302015, 55.104537872992623, 0.0 ], [ 14.711623999796629, 55.104550206858043, 0.0 ], [ 14.71164551200771, 55.104553515906751, 0.0 ] ] ], [ [ [ 14.711245944662727, 55.160698400229784, 0.0 ], [ 14.711230336588352, 55.160682750496129, 0.0 ], [ 14.7112245452059, 55.160694995056261, 0.0 ], [ 14.711245944662727, 55.160698400229784, 0.0 ] ] ], [ [ [ 14.711677573450313, 55.104043496438649, 0.0 ], [ 14.711661820153527, 55.104027764107535, 0.0 ], [ 14.711656048721009, 55.104040097973083, 0.0 ], [ 14.711677573450313, 55.104043496438649, 0.0 ] ] ], [ [ [ 14.711304973191343, 55.156325435506012, 0.0 ], [ 14.711289197950029, 55.156309703659971, 0.0 ], [ 14.711283419946632, 55.15632203762808, 0.0 ], [ 14.711304973191343, 55.156325435506012, 0.0 ] ] ], [ [ [ 14.711751085548849, 55.104413523315621, 0.0 ], [ 14.711735344861715, 55.104397880414695, 0.0 ], [ 14.711729560612493, 55.104410124867869, 0.0 ], [ 14.711751085548849, 55.104413523315621, 0.0 ] ] ], [ [ [ 14.711770739901137, 55.105470400001167, 0.0 ], [ 14.711754985966531, 55.105454667697636, 0.0 ], [ 14.711749370346791, 55.105466994234654, 0.0 ], [ 14.711770739901137, 55.105470400001167, 0.0 ] ] ], [ [ [ 14.711813957977212, 55.103839041975235, 0.0 ], [ 14.711798360667254, 55.10382330232548, 0.0 ], [ 14.711792589302567, 55.103835636196109, 0.0 ], [ 14.711813957977212, 55.103839041975235, 0.0 ] ] ], [ [ [ 14.711861505771754, 55.10427339266186, 0.0 ], [ 14.711845921056184, 55.104257742439252, 0.0 ], [ 14.711840149652813, 55.104270076312794, 0.0 ], [ 14.711861505771754, 55.10427339266186, 0.0 ] ] ], [ [ [ 14.711900928010662, 55.10532465866175, 0.0 ], [ 14.711885342841104, 55.105309008455244, 0.0 ], [ 14.711879558525666, 55.105321252916596, 0.0 ], [ 14.711900928010662, 55.10532465866175, 0.0 ] ] ], [ [ [ 14.711969885046495, 55.104133267871433, 0.0 ], [ 14.711954287553477, 55.104117528246086, 0.0 ], [ 14.711948516201216, 55.104129862123713, 0.0 ], [ 14.711969885046495, 55.104133267871433, 0.0 ] ] ], [ [ [ 14.711990864543491, 55.101638782999096, 0.0 ], [ 14.711975124933627, 55.101623140102909, 0.0 ], [ 14.711969341101955, 55.101635384559536, 0.0 ], [ 14.711990864543491, 55.101638782999096, 0.0 ] ] ], [ [ [ 14.711990159815928, 55.103691226095656, 0.0 ], [ 14.711974575294091, 55.103675575884779, 0.0 ], [ 14.711968791208383, 55.10368782034606, 0.0 ], [ 14.711990159815928, 55.103691226095656, 0.0 ] ] ], [ [ [ 14.71211905936843, 55.105030931773172, 0.0 ], [ 14.712103474237919, 55.105015281593616, 0.0 ], [ 14.712097702821612, 55.105027615479308, 0.0 ], [ 14.71211905936843, 55.105030931773172, 0.0 ] ] ], [ [ [ 14.712132442329086, 55.103526911852086, 0.0 ], [ 14.712116701869515, 55.103511268994879, 0.0 ], [ 14.712111086594534, 55.103523595541866, 0.0 ], [ 14.712132442329086, 55.103526911852086, 0.0 ] ] ], [ [ [ 14.712164404341168, 55.105546402261233, 0.0 ], [ 14.712148818978072, 55.105530752093152, 0.0 ], [ 14.712143047512399, 55.105543085981843, 0.0 ], [ 14.712164404341168, 55.105546402261233, 0.0 ] ] ], [ [ [ 14.712216436592016, 55.1053954250619, 0.0 ], [ 14.712200682517386, 55.105379692819383, 0.0 ], [ 14.712194911086522, 55.105392026709836, 0.0 ], [ 14.712216436592016, 55.1053954250619, 0.0 ] ] ], [ [ [ 14.712226303218911, 55.104881768372458, 0.0 ], [ 14.712210562152517, 55.104866125542159, 0.0 ], [ 14.712204777992689, 55.104878370015726, 0.0 ], [ 14.712226303218911, 55.104881768372458, 0.0 ] ] ], [ [ [ 14.712245786288511, 55.103949255687219, 0.0 ], [ 14.712230344719494, 55.103933508761919, 0.0 ], [ 14.712224573476105, 55.103945842650305, 0.0 ], [ 14.712245786288511, 55.103949255687219, 0.0 ] ] ], [ [ [ 14.71226729550472, 55.10337212872701, 0.0 ], [ 14.712251711009907, 55.103356478550914, 0.0 ], [ 14.712245939844294, 55.103368812438866, 0.0 ], [ 14.71226729550472, 55.10337212872701, 0.0 ] ] ], [ [ [ 14.712315774935648, 55.105260136161725, 0.0 ], [ 14.712300020879832, 55.105244403931607, 0.0 ], [ 14.71229424949666, 55.105256737825755, 0.0 ], [ 14.712315774935648, 55.105260136161725, 0.0 ] ] ], [ [ [ 14.71176874038237, 55.181612185722692, 0.0 ], [ 14.711752954253997, 55.181596454200367, 0.0 ], [ 14.711747173265682, 55.181608788244127, 0.0 ], [ 14.71176874038237, 55.181612185722692, 0.0 ] ] ], [ [ [ 14.712332515254955, 55.104746246111567, 0.0 ], [ 14.712316787000514, 55.104730692710667, 0.0 ], [ 14.712310990094863, 55.104742847772151, 0.0 ], [ 14.712332515254955, 55.104746246111567, 0.0 ] ] ], [ [ [ 14.712368715619846, 55.100918778202931, 0.0 ], [ 14.712352976168653, 55.100903135351707, 0.0 ], [ 14.712347192543154, 55.100915379822062, 0.0 ], [ 14.712368715619846, 55.100918778202931, 0.0 ] ] ], [ [ [ 14.712437324725087, 55.09897125173417, 0.0 ], [ 14.712421586068038, 55.09895560887248, 0.0 ], [ 14.712415802704642, 55.098967853341215, 0.0 ], [ 14.712437324725087, 55.09897125173417, 0.0 ] ] ], [ [ [ 14.712417009720033, 55.105124937990098, 0.0 ], [ 14.712401580394065, 55.105109280516047, 0.0 ], [ 14.712395640305374, 55.105121532334252, 0.0 ], [ 14.712417009720033, 55.105124937990098, 0.0 ] ] ], [ [ [ 14.712504943543937, 55.104017990889893, 0.0 ], [ 14.712489202734822, 55.104002348089331, 0.0 ], [ 14.712483431563779, 55.104014681988332, 0.0 ], [ 14.712504943543937, 55.104017990889893, 0.0 ] ] ], [ [ [ 14.712529115048889, 55.103049160211164, 0.0 ], [ 14.712513530588577, 55.103033510067711, 0.0 ], [ 14.712507759544504, 55.103045843965525, 0.0 ], [ 14.712529115048889, 55.103049160211164, 0.0 ] ] ], [ [ [ 14.712517142524685, 55.104994112420194, 0.0 ], [ 14.712501401299587, 55.10497846963132, 0.0 ], [ 14.71249563001207, 55.104990803533035, 0.0 ], [ 14.712517142524685, 55.104994112420194, 0.0 ] ] ], [ [ [ 14.711680489770723, 55.221597712414493, 0.0 ], [ 14.711664699560581, 55.221582070704279, 0.0 ], [ 14.711658913584058, 55.2215944048342, 0.0 ], [ 14.711680489770723, 55.221597712414493, 0.0 ] ] ], [ [ [ 14.712542390855981, 55.104457407558463, 0.0 ], [ 14.712526637051523, 55.104441675351531, 0.0 ], [ 14.712521021793403, 55.104454001916643, 0.0 ], [ 14.712542390855981, 55.104457407558463, 0.0 ] ] ], [ [ [ 14.712620136036254, 55.103553570103614, 0.0 ], [ 14.71260438258313, 55.103537837898152, 0.0 ], [ 14.712598611505285, 55.103550171800805, 0.0 ], [ 14.712620136036254, 55.103553570103614, 0.0 ] ] ], [ [ [ 14.712615116892255, 55.104863568325356, 0.0 ], [ 14.712599518845337, 55.104847828796117, 0.0 ], [ 14.712593747604554, 55.10486016270152, 0.0 ], [ 14.712615116892255, 55.104863568325356, 0.0 ] ] ], [ [ [ 14.712648432019469, 55.104321802986846, 0.0 ], [ 14.712632846982167, 55.104306152872738, 0.0 ], [ 14.71262707581854, 55.104318486778268, 0.0 ], [ 14.712648432019469, 55.104321802986846, 0.0 ] ] ], [ [ [ 14.712716636052697, 55.104728176440133, 0.0 ], [ 14.71270090765964, 55.104712623092205, 0.0 ], [ 14.71269511087446, 55.10472477816932, 0.0 ], [ 14.712716636052697, 55.104728176440133, 0.0 ] ] ], [ [ [ 14.712742590478177, 55.103381276059046, 0.0 ], [ 14.712727005797435, 55.103365625948271, 0.0 ], [ 14.712721221983319, 55.103377870439438, 0.0 ], [ 14.712742590478177, 55.103381276059046, 0.0 ] ] ], [ [ [ 14.712750686430798, 55.104082945741425, 0.0 ], [ 14.712735101454035, 55.104067295638899, 0.0 ], [ 14.712729473509492, 55.104079532795332, 0.0 ], [ 14.712750686430798, 55.104082945741425, 0.0 ] ] ], [ [ [ 14.712762197616806, 55.102709719386944, 0.0 ], [ 14.712746613208891, 55.102694069272033, 0.0 ], [ 14.71274098543242, 55.102706306425937, 0.0 ], [ 14.712762197616806, 55.102709719386944, 0.0 ] ] ], [ [ [ 14.712816467837845, 55.104597454753382, 0.0 ], [ 14.712800882621078, 55.104581804665109, 0.0 ], [ 14.712794955520105, 55.104594145914859, 0.0 ], [ 14.712816467837845, 55.104597454753382, 0.0 ] ] ], [ [ [ 14.712913476775826, 55.10362969808542, 0.0 ], [ 14.712897891925907, 55.10361404800063, 0.0 ], [ 14.712892108134037, 55.103626292499307, 0.0 ], [ 14.712913476775826, 55.10362969808542, 0.0 ] ] ], [ [ [ 14.712917855327555, 55.104462248896638, 0.0 ], [ 14.712902257331695, 55.104446509404916, 0.0 ], [ 14.712896486234895, 55.104458843321659, 0.0 ], [ 14.712917855327555, 55.104462248896638, 0.0 ] ] ], [ [ [ 14.712941121138707, 55.102368145087063, 0.0 ], [ 14.712925380857746, 55.102352502329985, 0.0 ], [ 14.712919610026168, 55.102364836242941, 0.0 ], [ 14.712941121138707, 55.102368145087063, 0.0 ] ] ], [ [ [ 14.71301924422643, 55.104155918584937, 0.0 ], [ 14.7130036591163, 55.104140268520005, 0.0 ], [ 14.712997719338057, 55.104152520361176, 0.0 ], [ 14.71301924422643, 55.104155918584937, 0.0 ] ] ], [ [ [ 14.71305233385263, 55.103461222948702, 0.0 ], [ 14.713036736223325, 55.103445483465244, 0.0 ], [ 14.713030965291852, 55.103457817385184, 0.0 ], [ 14.71305233385263, 55.103461222948702, 0.0 ] ] ], [ [ [ 14.712631655423975, 55.163865094615787, 0.0 ], [ 14.712615889303843, 55.16384945244635, 0.0 ], [ 14.712610097958537, 55.163861697070026, 0.0 ], [ 14.712631655423975, 55.163865094615787, 0.0 ] ] ], [ [ [ 14.713223235221236, 55.103709733901965, 0.0 ], [ 14.713207637422206, 55.103693994444541, 0.0 ], [ 14.713201866513474, 55.103706328371963, 0.0 ], [ 14.713223235221236, 55.103709733901965, 0.0 ] ] ], [ [ [ 14.713280584168633, 55.104220138620711, 0.0 ], [ 14.71326499893156, 55.104204488592295, 0.0 ], [ 14.713259072023593, 55.104216829860562, 0.0 ], [ 14.713280584168633, 55.104220138620711, 0.0 ] ] ], [ [ [ 14.713320830350263, 55.102471894874419, 0.0 ], [ 14.713305245827593, 55.10245624483376, 0.0 ], [ 14.7132994623052, 55.102468489346357, 0.0 ], [ 14.713320830350263, 55.102471894874419, 0.0 ] ] ], [ [ [ 14.713362065626837, 55.103541079603659, 0.0 ], [ 14.713346480642032, 55.103525429579527, 0.0 ], [ 14.713340697000186, 55.103537674096238, 0.0 ], [ 14.713362065626837, 55.103541079603659, 0.0 ] ] ], [ [ [ 14.712606360425145, 55.223273570821583, 0.0 ], [ 14.712590725567431, 55.223257921909948, 0.0 ], [ 14.712584939673112, 55.223270256081229, 0.0 ], [ 14.712606360425145, 55.223273570821583, 0.0 ] ] ], [ [ [ 14.713517057586355, 55.10230062978232, 0.0 ], [ 14.713501473059999, 55.10228497976685, 0.0 ], [ 14.713495689619613, 55.102297224287064, 0.0 ], [ 14.713517057586355, 55.10230062978232, 0.0 ] ] ], [ [ [ 14.713532982067367, 55.103789679483761, 0.0 ], [ 14.713517552865749, 55.103774022147974, 0.0 ], [ 14.713511782043927, 55.103786356088143, 0.0 ], [ 14.713532982067367, 55.103789679483761, 0.0 ] ] ], [ [ [ 14.713661863228168, 55.102496267037729, 0.0 ], [ 14.713646265767254, 55.102480527628195, 0.0 ], [ 14.713640339197543, 55.102492868908328, 0.0 ], [ 14.713661863228168, 55.102496267037729, 0.0 ] ] ], [ [ [ 14.713671824192643, 55.103621114271782, 0.0 ], [ 14.713656226257772, 55.103605374875073, 0.0 ], [ 14.713650455500021, 55.103617708820458, 0.0 ], [ 14.713671824192643, 55.103621114271782, 0.0 ] ] ], [ [ [ 14.713857166193293, 55.102325134868963, 0.0 ], [ 14.713841581526401, 55.102309484900431, 0.0 ], [ 14.713835810986177, 55.102321818850406, 0.0 ], [ 14.713857166193293, 55.102325134868963, 0.0 ] ] ], [ [ [ 14.714001690595904, 55.10252537591662, 0.0 ], [ 14.713985937044463, 55.102509643892191, 0.0 ], [ 14.713980322472102, 55.102521970510352, 0.0 ], [ 14.714001690595904, 55.10252537591662, 0.0 ] ] ], [ [ [ 14.713625985838574, 55.181187244781746, 0.0 ], [ 14.713610224842558, 55.181171692342353, 0.0 ], [ 14.713604431653609, 55.181183937045716, 0.0 ], [ 14.713625985838574, 55.181187244781746, 0.0 ] ] ], [ [ [ 14.714198210833286, 55.102349594963279, 0.0 ], [ 14.714182626025526, 55.102333945041785, 0.0 ], [ 14.714176842790231, 55.102346189589795, 0.0 ], [ 14.714198210833286, 55.102349594963279, 0.0 ] ] ], [ [ [ 14.714548784758216, 55.102378106566462, 0.0 ], [ 14.714533199804235, 55.102362456693371, 0.0 ], [ 14.714527416674088, 55.102374701255698, 0.0 ], [ 14.714548784758216, 55.102378106566462, 0.0 ] ] ], [ [ [ 14.714077814880486, 55.181485570355946, 0.0 ], [ 14.714062197005434, 55.181469921222288, 0.0 ], [ 14.714056260500254, 55.181482262704598, 0.0 ], [ 14.714077814880486, 55.181485570355946, 0.0 ] ] ], [ [ [ 14.715705656657814, 55.156208541037429, 0.0 ], [ 14.715690048751702, 55.156192891870525, 0.0 ], [ 14.715684259311951, 55.156205136601997, 0.0 ], [ 14.715705656657814, 55.156208541037429, 0.0 ] ] ], [ [ [ 14.716000658965616, 55.12112357633417, 0.0 ], [ 14.715985065625208, 55.121107926851046, 0.0 ], [ 14.715979280625897, 55.121120171514924, 0.0 ], [ 14.716000658965616, 55.12112357633417, 0.0 ] ] ], [ [ [ 14.716559395468215, 55.12093965872797, 0.0 ], [ 14.716543645972019, 55.120924016662677, 0.0 ], [ 14.716537861168748, 55.120936261348874, 0.0 ], [ 14.716559395468215, 55.12093965872797, 0.0 ] ] ], [ [ [ 14.716569817703478, 55.123342744915682, 0.0 ], [ 14.716554210403466, 55.123327006118103, 0.0 ], [ 14.716548438119794, 55.123339340225343, 0.0 ], [ 14.716569817703478, 55.123342744915682, 0.0 ] ] ], [ [ [ 14.716871436253356, 55.082149701668513, 0.0 ], [ 14.716856001922002, 55.082133955152557, 0.0 ], [ 14.71685023480598, 55.08214628917905, 0.0 ], [ 14.716871436253356, 55.082149701668513, 0.0 ] ] ], [ [ [ 14.717059400368536, 55.122086452198317, 0.0 ], [ 14.717043637382671, 55.122070720798988, 0.0 ], [ 14.717038021429687, 55.122083047579459, 0.0 ], [ 14.717059400368536, 55.122086452198317, 0.0 ] ] ], [ [ [ 14.7173997077781, 55.122624046295435, 0.0 ], [ 14.717383957249369, 55.122608404363874, 0.0 ], [ 14.717378172498252, 55.122620649088063, 0.0 ], [ 14.7173997077781, 55.122624046295435, 0.0 ] ] ], [ [ [ 14.717473563798798, 55.121414324861483, 0.0 ], [ 14.717457969772177, 55.121398675583514, 0.0 ], [ 14.71745218519378, 55.121410920307973, 0.0 ], [ 14.717473563798798, 55.121414324861483, 0.0 ] ] ], [ [ [ 14.717482751299167, 55.12343030181956, 0.0 ], [ 14.71746715642635, 55.123414652563355, 0.0 ], [ 14.717461371601232, 55.123426897292752, 0.0 ], [ 14.717482751299167, 55.12343030181956, 0.0 ] ] ], [ [ [ 14.717585767302758, 55.123772023068874, 0.0 ], [ 14.717570172247592, 55.123756373830282, 0.0 ], [ 14.717564231382871, 55.123768625909229, 0.0 ], [ 14.717585767302758, 55.123772023068874, 0.0 ] ] ], [ [ [ 14.717464073982384, 55.150756228377965, 0.0 ], [ 14.717448454855633, 55.150740489982489, 0.0 ], [ 14.717442679467355, 55.150752824187755, 0.0 ], [ 14.717464073982384, 55.150756228377965, 0.0 ] ] ], [ [ [ 14.717741582001075, 55.121941818038181, 0.0 ], [ 14.717725987651217, 55.121926168802361, 0.0 ], [ 14.717720359112739, 55.121938406194289, 0.0 ], [ 14.717741582001075, 55.121941818038181, 0.0 ] ] ], [ [ [ 14.717973845911455, 55.123137039409116, 0.0 ], [ 14.717958250972934, 55.123121390217328, 0.0 ], [ 14.717952479153331, 55.123133724380985, 0.0 ], [ 14.717973845911455, 55.123137039409116, 0.0 ] ] ], [ [ [ 14.718134532732199, 55.122449926623446, 0.0 ], [ 14.718118925202399, 55.122434188031832, 0.0 ], [ 14.71811299749379, 55.122446529545577, 0.0 ], [ 14.718134532732199, 55.122449926623446, 0.0 ] ] ], [ [ [ 14.717971758461562, 55.157456705532375, 0.0 ], [ 14.717956149162687, 55.157441056689336, 0.0 ], [ 14.717950360271921, 55.157453301515829, 0.0 ], [ 14.717971758461562, 55.157456705532375, 0.0 ] ] ], [ [ [ 14.718618593979407, 55.123115777648259, 0.0 ], [ 14.71860298598428, 55.12310003912993, 0.0 ], [ 14.718597370395178, 55.123112365973796, 0.0 ], [ 14.718618593979407, 55.123115777648259, 0.0 ] ] ], [ [ [ 14.718784405539616, 55.122428332429088, 0.0 ], [ 14.71876864174461, 55.122412601272565, 0.0 ], [ 14.718762870265621, 55.1224249354674, 0.0 ], [ 14.718784405539616, 55.122428332429088, 0.0 ] ] ], [ [ [ 14.718912872675528, 55.121729142427526, 0.0 ], [ 14.718897109126338, 55.121713411281625, 0.0 ], [ 14.718891337773707, 55.121725745480127, 0.0 ], [ 14.718912872675528, 55.121729142427526, 0.0 ] ] ], [ [ [ 14.719257213581479, 55.123090120048282, 0.0 ], [ 14.719241462144431, 55.123074478378889, 0.0 ], [ 14.719235690731573, 55.123086812594387, 0.0 ], [ 14.719257213581479, 55.123090120048282, 0.0 ] ] ], [ [ [ 14.719423650914219, 55.1224027342355, 0.0 ], [ 14.719407899703436, 55.122387092582123, 0.0 ], [ 14.719402115607593, 55.122399337388082, 0.0 ], [ 14.719423650914219, 55.1224027342355, 0.0 ] ] ], [ [ [ 14.719900087427312, 55.123068939678284, 0.0 ], [ 14.719884322931764, 55.123053208683096, 0.0 ], [ 14.719878551722401, 55.123065542924607, 0.0 ], [ 14.719900087427312, 55.123068939678284, 0.0 ] ] ], [ [ [ 14.719978633372936, 55.121467413919667, 0.0 ], [ 14.719963025543182, 55.1214516755715, 0.0 ], [ 14.719957410575478, 55.121464002465117, 0.0 ], [ 14.719978633372936, 55.121467413919667, 0.0 ] ] ], [ [ [ 14.72006648791662, 55.122381374407659, 0.0 ], [ 14.72005073646857, 55.122365732843129, 0.0 ], [ 14.720044965395966, 55.122378067089798, 0.0 ], [ 14.72006648791662, 55.122381374407659, 0.0 ] ] ], [ [ [ 14.720391362107144, 55.121380462661577, 0.0 ], [ 14.720375610956944, 55.121364821131813, 0.0 ], [ 14.720369827287826, 55.121377065974805, 0.0 ], [ 14.720391362107144, 55.121380462661577, 0.0 ] ] ], [ [ [ 14.720198661571487, 55.178308187483786, 0.0 ], [ 14.720182873587651, 55.178292457097527, 0.0 ], [ 14.720177095647962, 55.178304791475675, 0.0 ], [ 14.720198661571487, 55.178308187483786, 0.0 ] ] ], [ [ [ 14.720238654994407, 55.179557471424594, 0.0 ], [ 14.720222892163298, 55.179541919884237, 0.0 ], [ 14.720217101232668, 55.179554164853066, 0.0 ], [ 14.720238654994407, 55.179557471424594, 0.0 ] ] ], [ [ [ 14.721011023209293, 55.122737561560903, 0.0 ], [ 14.720995258425624, 55.122721830716443, 0.0 ], [ 14.720989487604246, 55.122734165002164, 0.0 ], [ 14.721011023209293, 55.122737561560903, 0.0 ] ] ], [ [ [ 14.721153454720422, 55.120876472112634, 0.0 ], [ 14.721137859507849, 55.120860823334397, 0.0 ], [ 14.721132076137554, 55.120873068207203, 0.0 ], [ 14.721153454720422, 55.120876472112634, 0.0 ] ] ], [ [ [ 14.721172423859635, 55.121105125730224, 0.0 ], [ 14.721156672526384, 55.121089484305855, 0.0 ], [ 14.721151045151508, 55.121101721831018, 0.0 ], [ 14.721172423859635, 55.121105125730224, 0.0 ] ] ], [ [ [ 14.721545462933538, 55.121172981329224, 0.0 ], [ 14.721529867446739, 55.121157332607837, 0.0 ], [ 14.721524096985261, 55.121169666911683, 0.0 ], [ 14.721545462933538, 55.121172981329224, 0.0 ] ] ], [ [ [ 14.721535561861659, 55.122753272434444, 0.0 ], [ 14.721519965718015, 55.122737623727758, 0.0 ], [ 14.721514195058642, 55.122749958034781, 0.0 ], [ 14.721535561861659, 55.122753272434444, 0.0 ] ] ], [ [ [ 14.721921324357739, 55.12124079286901, 0.0 ], [ 14.721905728698497, 55.121225144199911, 0.0 ], [ 14.721900114364299, 55.121237471169209, 0.0 ], [ 14.721921324357739, 55.12124079286901, 0.0 ] ] ], [ [ [ 14.722296904987388, 55.121313207447784, 0.0 ], [ 14.722281309153894, 55.121297558831003, 0.0 ], [ 14.722275526084273, 55.121309803751281, 0.0 ], [ 14.722296904987388, 55.121313207447784, 0.0 ] ] ], [ [ [ 14.723159661488586, 55.138322078655641, 0.0 ], [ 14.723144045374426, 55.138306340916522, 0.0 ], [ 14.723138273302537, 55.138318675324442, 0.0 ], [ 14.723159661488586, 55.138322078655641, 0.0 ] ] ], [ [ [ 14.724650381625503, 55.195850287115192, 0.0 ], [ 14.724634584482745, 55.195834557527085, 0.0 ], [ 14.724628962074394, 55.195846884765238, 0.0 ], [ 14.724650381625503, 55.195850287115192, 0.0 ] ] ], [ [ [ 14.72480482745255, 55.231355380202658, 0.0 ], [ 14.724789028051706, 55.231339740412714, 0.0 ], [ 14.724783232095938, 55.23135198568481, 0.0 ], [ 14.72480482745255, 55.231355380202658, 0.0 ] ] ], [ [ [ 14.726505378925863, 55.182251110920255, 0.0 ], [ 14.726489599699155, 55.182235470862757, 0.0 ], [ 14.726483810382222, 55.182247716092618, 0.0 ], [ 14.726505378925863, 55.182251110920255, 0.0 ] ] ], [ [ [ 14.729047942935559, 55.132890959119223, 0.0 ], [ 14.729032326825038, 55.132875222134359, 0.0 ], [ 14.72902655726379, 55.132887556768345, 0.0 ], [ 14.729047942935559, 55.132890959119223, 0.0 ] ] ], [ [ [ 14.730017234084009, 55.099686664717453, 0.0 ], [ 14.730001644328338, 55.099671016940398, 0.0 ], [ 14.729995879158345, 55.099683351538403, 0.0 ], [ 14.730017234084009, 55.099686664717453, 0.0 ] ] ], [ [ [ 14.729812067144728, 55.193631216024762, 0.0 ], [ 14.729796594423901, 55.19361556180985, 0.0 ], [ 14.729790804721627, 55.193627807200073, 0.0 ], [ 14.729812067144728, 55.193631216024762, 0.0 ] ] ], [ [ [ 14.731973458693194, 55.144599372462984, 0.0 ], [ 14.731957693299156, 55.144583732777157, 0.0 ], [ 14.731951910350423, 55.144595978143592, 0.0 ], [ 14.731973458693194, 55.144599372462984, 0.0 ] ] ], [ [ [ 14.734845093419507, 55.148024119620693, 0.0 ], [ 14.734829637714951, 55.148008465630618, 0.0 ], [ 14.734823711981264, 55.14802080790227, 0.0 ], [ 14.734845093419507, 55.148024119620693, 0.0 ] ] ], [ [ [ 14.734874672876304, 55.247237509427244, 0.0 ], [ 14.734858862850343, 55.247221871197574, 0.0 ], [ 14.734853224560064, 55.247234109537942, 0.0 ], [ 14.734874672876304, 55.247237509427244, 0.0 ] ] ], [ [ [ 14.736160084050251, 55.24710939494318, 0.0 ], [ 14.736144430090881, 55.247093749511357, 0.0 ], [ 14.73613847920269, 55.247106002660587, 0.0 ], [ 14.736160084050251, 55.24710939494318, 0.0 ] ] ], [ [ [ 14.736451272151927, 55.248108382425031, 0.0 ], [ 14.736435461148774, 55.248092744423126, 0.0 ], [ 14.736429666733622, 55.248104990207231, 0.0 ], [ 14.736451272151927, 55.248108382425031, 0.0 ] ] ], [ [ [ 14.7365971249032, 55.248348968264509, 0.0 ], [ 14.736581470253128, 55.248333322905395, 0.0 ], [ 14.7365756758535, 55.248345568695996, 0.0 ], [ 14.7365971249032, 55.248348968264509, 0.0 ] ] ], [ [ [ 14.7372009008162, 55.248554637447143, 0.0 ], [ 14.737185402359104, 55.248538984792447, 0.0 ], [ 14.737179608122084, 55.248551230608051, 0.0 ], [ 14.7372009008162, 55.248554637447143, 0.0 ] ] ], [ [ [ 14.737330298339888, 55.248998632132363, 0.0 ], [ 14.737314643133631, 55.248982986880684, 0.0 ], [ 14.737308848881552, 55.24899523270259, 0.0 ], [ 14.737330298339888, 55.248998632132363, 0.0 ] ] ], [ [ [ 14.737598398076416, 55.249233451969452, 0.0 ], [ 14.737582742667932, 55.249217806757052, 0.0 ], [ 14.737577117906087, 55.249230134619118, 0.0 ], [ 14.737598398076416, 55.249233451969452, 0.0 ] ] ], [ [ [ 14.737655445943032, 55.249280362234813, 0.0 ], [ 14.737639790492803, 55.249264717030734, 0.0 ], [ 14.73763399630695, 55.249276962866489, 0.0 ], [ 14.737655445943032, 55.249280362234813, 0.0 ] ] ], [ [ [ 14.738603277229089, 55.144002843997441, 0.0 ], [ 14.738587665647982, 55.143987197851594, 0.0 ], [ 14.738582053807049, 55.143999525524023, 0.0 ], [ 14.738603277229089, 55.144002843997441, 0.0 ] ] ], [ [ [ 14.73815220395096, 55.249779046257878, 0.0 ], [ 14.73813639158247, 55.249763408509239, 0.0 ], [ 14.738130754006049, 55.249775646984297, 0.0 ], [ 14.73815220395096, 55.249779046257878, 0.0 ] ] ], [ [ [ 14.738302046964893, 55.231939131826181, 0.0 ], [ 14.738286385656558, 55.231923397124469, 0.0 ], [ 14.738280606746795, 55.231935732357229, 0.0 ], [ 14.738302046964893, 55.231939131826181, 0.0 ] ] ], [ [ [ 14.738409869549171, 55.249600357334607, 0.0 ], [ 14.7383942136735, 55.249584712237571, 0.0 ], [ 14.738388419682924, 55.249596958104739, 0.0 ], [ 14.738409869549171, 55.249600357334607, 0.0 ] ] ], [ [ [ 14.739328271145608, 55.153020056491854, 0.0 ], [ 14.739312499371071, 55.153004417912584, 0.0 ], [ 14.739306717663803, 55.153016663596894, 0.0 ], [ 14.739328271145608, 55.153020056491854, 0.0 ] ] ], [ [ [ 14.740315512767388, 55.234148625810619, 0.0 ], [ 14.74029986266806, 55.234132980818437, 0.0 ], [ 14.740294071196063, 55.234145226727932, 0.0 ], [ 14.740315512767388, 55.234148625810619, 0.0 ] ] ], [ [ [ 14.740966630050981, 55.232754009865303, 0.0 ], [ 14.740950823839219, 55.232738372332648, 0.0 ], [ 14.740945032743612, 55.232750618265435, 0.0 ], [ 14.740966630050981, 55.232754009865303, 0.0 ] ] ], [ [ [ 14.741811001563406, 55.127953823627848, 0.0 ], [ 14.741795395471375, 55.127938177759091, 0.0 ], [ 14.741789630507743, 55.127950512898018, 0.0 ], [ 14.741811001563406, 55.127953823627848, 0.0 ] ] ], [ [ [ 14.742429166977697, 55.240651800484642, 0.0 ], [ 14.742413500397474, 55.240636066439997, 0.0 ], [ 14.742407721702227, 55.240648401859595, 0.0 ], [ 14.742429166977697, 55.240651800484642, 0.0 ] ] ], [ [ [ 14.743658060720692, 55.181450827592165, 0.0 ], [ 14.743642431495315, 55.181435182522861, 0.0 ], [ 14.743636647611007, 55.181447428447925, 0.0 ], [ 14.743658060720692, 55.181450827592165, 0.0 ] ] ], [ [ [ 14.74483269201432, 55.210395101389373, 0.0 ], [ 14.744817050174214, 55.210379456776572, 0.0 ], [ 14.744811275981572, 55.210391792224911, 0.0 ], [ 14.74483269201432, 55.210395101389373, 0.0 ] ] ], [ [ [ 14.74538258413145, 55.234521527365352, 0.0 ], [ 14.745366762538325, 55.234505801054908, 0.0 ], [ 14.745360985530001, 55.234518136580199, 0.0 ], [ 14.74538258413145, 55.234521527365352, 0.0 ] ] ], [ [ [ 14.746751002857376, 55.211713358036931, 0.0 ], [ 14.746735359725069, 55.211697713701398, 0.0 ], [ 14.746729573047102, 55.211709959821221, 0.0 ], [ 14.746751002857376, 55.211713358036931, 0.0 ] ] ], [ [ [ 14.747292749059271, 55.211948721950186, 0.0 ], [ 14.747277105619613, 55.211933077691548, 0.0 ], [ 14.747271332006008, 55.211945413242944, 0.0 ], [ 14.747292749059271, 55.211948721950186, 0.0 ] ] ], [ [ [ 14.747345482088011, 55.237921568994338, 0.0 ], [ 14.747329814755759, 55.23790583559893, 0.0 ], [ 14.747324037942017, 55.237918171211405, 0.0 ], [ 14.747345482088011, 55.237921568994338, 0.0 ] ] ], [ [ [ 14.748045673164389, 55.138578369588672, 0.0 ], [ 14.748030060233646, 55.138562724685158, 0.0 ], [ 14.748024126941191, 55.138574978075063, 0.0 ], [ 14.748045673164389, 55.138578369588672, 0.0 ] ] ], [ [ [ 14.750131319046002, 55.215226378007756, 0.0 ], [ 14.750115673135648, 55.215210734172963, 0.0 ], [ 14.750109887073638, 55.215222980438092, 0.0 ], [ 14.750131319046002, 55.215226378007756, 0.0 ] ] ], [ [ [ 14.750517076538348, 55.168064609357685, 0.0 ], [ 14.750501281193493, 55.168048883076388, 0.0 ], [ 14.750495514011099, 55.168061218658387, 0.0 ], [ 14.750517076538348, 55.168064609357685, 0.0 ] ] ], [ [ [ 14.750766284908391, 55.173471938090053, 0.0 ], [ 14.750750500088472, 55.173456301308171, 0.0 ], [ 14.750744888531322, 55.173468629521096, 0.0 ], [ 14.750766284908391, 55.173471938090053, 0.0 ] ] ], [ [ [ 14.75144112982111, 55.139840072950868, 0.0 ], [ 14.751425502160092, 55.13982433911751, 0.0 ], [ 14.751419738744216, 55.139836674672566, 0.0 ], [ 14.75144112982111, 55.139840072950868, 0.0 ] ] ], [ [ [ 14.752581156550086, 55.15408130592153, 0.0 ], [ 14.752565379244796, 55.154065669191858, 0.0 ], [ 14.752559601522901, 55.154077915416337, 0.0 ], [ 14.752581156550086, 55.15408130592153, 0.0 ] ] ], [ [ [ 14.75507349938149, 55.169001184501987, 0.0 ], [ 14.755057714803051, 55.168985548271905, 0.0 ], [ 14.755051948931538, 55.168997884040145, 0.0 ], [ 14.75507349938149, 55.169001184501987, 0.0 ] ] ], [ [ [ 14.755341553333077, 55.231921732007741, 0.0 ], [ 14.755325728994203, 55.231906007055052, 0.0 ], [ 14.755319955432929, 55.23191834297738, 0.0 ], [ 14.755341553333077, 55.231921732007741, 0.0 ] ] ], [ [ [ 14.759079143784231, 55.279910241398355, 0.0 ], [ 14.759063467152354, 55.279894599454316, 0.0 ], [ 14.759057688814455, 55.279906935636966, 0.0 ], [ 14.759079143784231, 55.279910241398355, 0.0 ] ] ], [ [ [ 14.759234839480571, 55.279808442325567, 0.0 ], [ 14.759219149847222, 55.279792710995778, 0.0 ], [ 14.759213371570915, 55.279805047184482, 0.0 ], [ 14.759234839480571, 55.279808442325567, 0.0 ] ] ], [ [ [ 14.759501345247086, 55.286781340032618, 0.0 ], [ 14.759485665548306, 55.28676569821674, 0.0 ], [ 14.759479886489689, 55.286778034432089, 0.0 ], [ 14.759501345247086, 55.286781340032618, 0.0 ] ] ], [ [ [ 14.759561283284432, 55.286364409042577, 0.0 ], [ 14.759545447084028, 55.286348774643415, 0.0 ], [ 14.759539668096004, 55.286361110860241, 0.0 ], [ 14.759561283284432, 55.286364409042577, 0.0 ] ] ], [ [ [ 14.759654924930979, 55.278798336206314, 0.0 ], [ 14.759639235562059, 55.278782604924118, 0.0 ], [ 14.759633300918223, 55.278794948539698, 0.0 ], [ 14.759654924930979, 55.278798336206314, 0.0 ] ] ], [ [ [ 14.761270063702746, 55.140071913501558, 0.0 ], [ 14.761254445075112, 55.140056270431394, 0.0 ], [ 14.761248528623588, 55.140068613785687, 0.0 ], [ 14.761270063702746, 55.140071913501558, 0.0 ] ] ], [ [ [ 14.763165378829926, 55.140049620768082, 0.0 ], [ 14.763149746558945, 55.140033888550747, 0.0 ], [ 14.763143986783767, 55.140046224579521, 0.0 ], [ 14.763165378829926, 55.140049620768082, 0.0 ] ] ], [ [ [ 14.762870516878959, 55.269040897993619, 0.0 ], [ 14.762854830390257, 55.269025167055034, 0.0 ], [ 14.762849054592946, 55.26903750336632, 0.0 ], [ 14.762870516878959, 55.269040897993619, 0.0 ] ] ], [ [ [ 14.764068394038119, 55.169241051160718, 0.0 ], [ 14.764052592965578, 55.169225326774779, 0.0 ], [ 14.764046829880497, 55.169237662906745, 0.0 ], [ 14.764068394038119, 55.169241051160718, 0.0 ] ] ], [ [ [ 14.763725173791792, 55.262626945029886, 0.0 ], [ 14.763709502669691, 55.262611303549313, 0.0 ], [ 14.763703714950058, 55.262623550474842, 0.0 ], [ 14.763725173791792, 55.262626945029886, 0.0 ] ] ], [ [ [ 14.764666730268431, 55.139699232935918, 0.0 ], [ 14.764650954416146, 55.139683597735349, 0.0 ], [ 14.764645195153516, 55.13969593382388, 0.0 ], [ 14.764666730268431, 55.139699232935918, 0.0 ] ] ], [ [ [ 14.7641561513803, 55.249864075757763, 0.0 ], [ 14.764140315987685, 55.249848352215849, 0.0 ], [ 14.764134542971231, 55.249860688535414, 0.0 ], [ 14.7641561513803, 55.249864075757763, 0.0 ] ] ], [ [ [ 14.76517591883527, 55.131892761571962, 0.0 ], [ 14.765160289210771, 55.131877029547837, 0.0 ], [ 14.765154375018874, 55.131889373045283, 0.0 ], [ 14.76517591883527, 55.131892761571962, 0.0 ] ] ], [ [ [ 14.765477937174744, 55.140588042123014, 0.0 ], [ 14.765462160635646, 55.140572407044218, 0.0 ], [ 14.765456388586093, 55.140584653760286, 0.0 ], [ 14.765477937174744, 55.140588042123014, 0.0 ] ] ], [ [ [ 14.765243338112606, 55.202902565438855, 0.0 ], [ 14.765227535252079, 55.202886930970116, 0.0 ], [ 14.765221768383981, 55.202899267226449, 0.0 ], [ 14.765243338112606, 55.202902565438855, 0.0 ] ] ], [ [ [ 14.768188143831685, 55.139091068643346, 0.0 ], [ 14.768172510025856, 55.139075337107755, 0.0 ], [ 14.768166595864169, 55.139087680747643, 0.0 ], [ 14.768188143831685, 55.139091068643346, 0.0 ] ] ], [ [ [ 14.768259941728759, 55.140334451567043, 0.0 ], [ 14.768244307373461, 55.140318720054097, 0.0 ], [ 14.768238393076601, 55.140331063699939, 0.0 ], [ 14.768259941728759, 55.140334451567043, 0.0 ] ] ], [ [ [ 14.767875011461808, 55.238345073949922, 0.0 ], [ 14.76785933600307, 55.23832934338742, 0.0 ], [ 14.767853722043869, 55.238341672411877, 0.0 ], [ 14.767875011461808, 55.238345073949922, 0.0 ] ] ], [ [ [ 14.768574735900456, 55.139882811796717, 0.0 ], [ 14.768559114551245, 55.139867169729236, 0.0 ], [ 14.768553356488294, 55.139879505975806, 0.0 ], [ 14.768574735900456, 55.139882811796717, 0.0 ] ] ], [ [ [ 14.76887014864532, 55.140634053408107, 0.0 ], [ 14.768854357848038, 55.140618329394002, 0.0 ], [ 14.768848599785121, 55.140630665654193, 0.0 ], [ 14.76887014864532, 55.140634053408107, 0.0 ] ] ], [ [ [ 14.769062285145802, 55.139355541367969, 0.0 ], [ 14.769046663830677, 55.139339899362149, 0.0 ], [ 14.769040736970288, 55.139352153632338, 0.0 ], [ 14.769062285145802, 55.139355541367969, 0.0 ] ] ], [ [ [ 14.771937588761675, 55.140092168167087, 0.0 ], [ 14.771921966035368, 55.140076526564336, 0.0 ], [ 14.771916208998421, 55.140088862946946, 0.0 ], [ 14.771937588761675, 55.140092168167087, 0.0 ] ] ], [ [ [ 14.771326009106362, 55.285280515154021, 0.0 ], [ 14.771310168835807, 55.285264882379053, 0.0 ], [ 14.771304393681401, 55.285277219069194, 0.0 ], [ 14.771326009106362, 55.285280515154021, 0.0 ] ] ], [ [ [ 14.772745238761422, 55.285969390580888, 0.0 ], [ 14.77272939765008, 55.285953758010365, 0.0 ], [ 14.772723609838634, 55.285966005355498, 0.0 ], [ 14.772745238761422, 55.285969390580888, 0.0 ] ] ], [ [ [ 14.77286812349422, 55.298017512706672, 0.0 ], [ 14.772852433887792, 55.298001872846442, 0.0 ], [ 14.772846644613434, 55.298014120224238, 0.0 ], [ 14.77286812349422, 55.298017512706672, 0.0 ] ] ], [ [ [ 14.772985841462997, 55.297701356532002, 0.0 ], [ 14.772970138920931, 55.297685627281034, 0.0 ], [ 14.772964362746794, 55.297697964066622, 0.0 ], [ 14.772985841462997, 55.297701356532002, 0.0 ] ] ], [ [ [ 14.773497470309952, 55.286509938136255, 0.0 ], [ 14.773481628678072, 55.286494305675888, 0.0 ], [ 14.773475841034132, 55.286506553052781, 0.0 ], [ 14.773497470309952, 55.286509938136255, 0.0 ] ] ], [ [ [ 14.773633339867672, 55.286571009252661, 0.0 ], [ 14.773617498157375, 55.286555376811798, 0.0 ], [ 14.773611880220086, 55.286567706167382, 0.0 ], [ 14.773633339867672, 55.286571009252661, 0.0 ] ] ], [ [ [ 14.773772548364166, 55.286640923981473, 0.0 ], [ 14.773756863222319, 55.286625284129705, 0.0 ], [ 14.773751075647995, 55.286637531518068, 0.0 ], [ 14.773772548364166, 55.286640923981473, 0.0 ] ] ], [ [ [ 14.773834016604717, 55.298264184074242, 0.0 ], [ 14.773818326521347, 55.298248544349597, 0.0 ], [ 14.773812537517911, 55.298260791767163, 0.0 ], [ 14.773834016604717, 55.298264184074242, 0.0 ] ] ], [ [ [ 14.773905742679164, 55.28670203169677, 0.0 ], [ 14.773890070480901, 55.286686481267736, 0.0 ], [ 14.773884269919769, 55.286698639257907, 0.0 ], [ 14.773905742679164, 55.28670203169677, 0.0 ] ] ], [ [ [ 14.773856464289358, 55.297781504797989, 0.0 ], [ 14.773840617705826, 55.297765872503582, 0.0 ], [ 14.77383482876952, 55.297778119920942, 0.0 ], [ 14.773856464289358, 55.297781504797989, 0.0 ] ] ], [ [ [ 14.77403662508414, 55.286767840042373, 0.0 ], [ 14.774020783134452, 55.286752207659617, 0.0 ], [ 14.774014995626713, 55.286764455059, 0.0 ], [ 14.77403662508414, 55.286767840042373, 0.0 ] ] ], [ [ [ 14.774171437258691, 55.286833551852602, 0.0 ], [ 14.774155582207575, 55.28681783008556, 0.0 ], [ 14.774149964407801, 55.28683015946276, 0.0 ], [ 14.774171437258691, 55.286833551852602, 0.0 ] ] ], [ [ [ 14.774305296938369, 55.286899218689641, 0.0 ], [ 14.774289441807321, 55.286883496941932, 0.0 ], [ 14.77428366738887, 55.286895833756184, 0.0 ], [ 14.774305296938369, 55.286899218689641, 0.0 ] ] ], [ [ [ 14.774439445869849, 55.286960370594947, 0.0 ], [ 14.774423603682779, 55.286944738270186, 0.0 ], [ 14.774417816276822, 55.286956985686352, 0.0 ], [ 14.774439445869849, 55.286960370594947, 0.0 ] ] ], [ [ [ 14.774546601834107, 55.287013800834323, 0.0 ], [ 14.774530903213758, 55.286998071689382, 0.0 ], [ 14.77452512885702, 55.28701040851363, 0.0 ], [ 14.774546601834107, 55.287013800834323, 0.0 ] ] ], [ [ [ 14.774615568723384, 55.287046537434371, 0.0 ], [ 14.774599713409135, 55.287030815731377, 0.0 ], [ 14.774593939069971, 55.287043152558489, 0.0 ], [ 14.774615568723384, 55.287046537434371, 0.0 ] ] ], [ [ [ 14.774708877567994, 55.287091532323018, 0.0 ], [ 14.774693204897345, 55.287075982008488, 0.0 ], [ 14.774687260905715, 55.28708823686808, 0.0 ], [ 14.774708877567994, 55.287091532323018, 0.0 ] ] ], [ [ [ 14.774789977551327, 55.284805730365285, 0.0 ], [ 14.774774136148999, 55.284790098067077, 0.0 ], [ 14.77476834912081, 55.284802345492487, 0.0 ], [ 14.774789977551327, 55.284805730365285, 0.0 ] ] ], [ [ [ 14.775184707650338, 55.287082459405021, 0.0 ], [ 14.775169021777305, 55.287066819752312, 0.0 ], [ 14.775163077935538, 55.287079074631798, 0.0 ], [ 14.775184707650338, 55.287082459405021, 0.0 ] ] ], [ [ [ 14.776113671199603, 55.124463991020832, 0.0 ], [ 14.776098053421949, 55.12444834983247, 0.0 ], [ 14.77609214359328, 55.124460693767041, 0.0 ], [ 14.776113671199603, 55.124463991020832, 0.0 ] ] ], [ [ [ 14.775670297359095, 55.228342884809734, 0.0 ], [ 14.775654636101576, 55.228327244623728, 0.0 ], [ 14.775648856365187, 55.22833949195487, 0.0 ], [ 14.775670297359095, 55.228342884809734, 0.0 ] ] ], [ [ [ 14.776171017347496, 55.179329475468897, 0.0 ], [ 14.776155376526884, 55.179313834850383, 0.0 ], [ 14.776149446785173, 55.17932608951326, 0.0 ], [ 14.776171017347496, 55.179329475468897, 0.0 ] ] ], [ [ [ 14.775823551819403, 55.259415627429021, 0.0 ], [ 14.775807864381445, 55.25939989817789, 0.0 ], [ 14.775802093846519, 55.25941223499067, 0.0 ], [ 14.775823551819403, 55.259415627429021, 0.0 ] ] ], [ [ [ 14.775968957185841, 55.287193871515043, 0.0 ], [ 14.775953114309841, 55.287178239405371, 0.0 ], [ 14.77594732735232, 55.287190486884107, 0.0 ], [ 14.775968957185841, 55.287193871515043, 0.0 ] ] ], [ [ [ 14.775988625914145, 55.289637022899647, 0.0 ], [ 14.775972781987415, 55.289621390817878, 0.0 ], [ 14.775967151394916, 55.289633630868941, 0.0 ], [ 14.775988625914145, 55.289637022899647, 0.0 ] ] ], [ [ [ 14.775992196780525, 55.289573838375233, 0.0 ], [ 14.775976509542268, 55.289558198859233, 0.0 ], [ 14.775970578659582, 55.289570543181839, 0.0 ], [ 14.775992196780525, 55.289573838375233, 0.0 ] ] ], [ [ [ 14.776020858364987, 55.289513964295999, 0.0 ], [ 14.776005327803622, 55.289498317349199, 0.0 ], [ 14.775999540573453, 55.289510564835389, 0.0 ], [ 14.776020858364987, 55.289513964295999, 0.0 ] ] ], [ [ [ 14.776033070312883, 55.289454870798544, 0.0 ], [ 14.77601738310919, 55.289439231286941, 0.0 ], [ 14.776011595890145, 55.289451478773486, 0.0 ], [ 14.776033070312883, 55.289454870798544, 0.0 ] ] ], [ [ [ 14.776057815206466, 55.289395182566913, 0.0 ], [ 14.776042114991563, 55.289379453654753, 0.0 ], [ 14.776036340814601, 55.289391790545523, 0.0 ], [ 14.776057815206466, 55.289395182566913, 0.0 ] ] ], [ [ [ 14.776071399304955, 55.289331432851178, 0.0 ], [ 14.77605571213871, 55.289315793343611, 0.0 ], [ 14.776049781311983, 55.28932813766896, 0.0 ], [ 14.776071399304955, 55.289331432851178, 0.0 ] ] ], [ [ [ 14.777390566596798, 55.054663625807429, 0.0 ], [ 14.777374964593088, 55.054647894672051, 0.0 ], [ 14.777369219720068, 55.054660231077762, 0.0 ], [ 14.777390566596798, 55.054663625807429, 0.0 ] ] ], [ [ [ 14.776093180530786, 55.28927197526761, 0.0 ], [ 14.776077480354351, 55.289256246359088, 0.0 ], [ 14.776071706203796, 55.289268583251001, 0.0 ], [ 14.776093180530786, 55.28927197526761, 0.0 ] ] ], [ [ [ 14.776112128763854, 55.28921256209415, 0.0 ], [ 14.776096284970787, 55.289196930025192, 0.0 ], [ 14.77609065446801, 55.289209170080163, 0.0 ], [ 14.776112128763854, 55.28921256209415, 0.0 ] ] ], [ [ [ 14.776135150137918, 55.289152955628197, 0.0 ], [ 14.776119306361428, 55.289137323561818, 0.0 ], [ 14.776113519211808, 55.289149571051794, 0.0 ], [ 14.776135150137918, 55.289152955628197, 0.0 ] ] ], [ [ [ 14.776138996369314, 55.289085166926483, 0.0 ], [ 14.776123152620288, 55.289069534859927, 0.0 ], [ 14.776117378507259, 55.289081871753275, 0.0 ], [ 14.776138996369314, 55.289085166926483, 0.0 ] ] ], [ [ [ 14.776160475742742, 55.289030134705044, 0.0 ], [ 14.776144788669614, 55.289014495206651, 0.0 ], [ 14.776139014570214, 55.289026832100738, 0.0 ], [ 14.776160475742742, 55.289030134705044, 0.0 ] ] ], [ [ [ 14.77617827774144, 55.28896177375519, 0.0 ], [ 14.776162434029969, 55.288946141692833, 0.0 ], [ 14.776156659944599, 55.288958478587482, 0.0 ], [ 14.77617827774144, 55.28896177375519, 0.0 ] ] ], [ [ [ 14.776665619811341, 55.288335501483431, 0.0 ], [ 14.776649932837321, 55.288319862047565, 0.0 ], [ 14.776644145955183, 55.288332109557189, 0.0 ], [ 14.776665619811341, 55.288335501483431, 0.0 ] ] ], [ [ [ 14.777053796994768, 55.288029009152012, 0.0 ], [ 14.77703795334426, 55.288013377201786, 0.0 ], [ 14.777032179649927, 55.288025714129681, 0.0 ], [ 14.777053796994768, 55.288029009152012, 0.0 ] ] ], [ [ [ 14.777153284017892, 55.287853336169228, 0.0 ], [ 14.777137597059838, 55.287837696795627, 0.0 ], [ 14.777131666762815, 55.287850041162557, 0.0 ], [ 14.777153284017892, 55.287853336169228, 0.0 ] ] ], [ [ [ 14.77721065514968, 55.284533226898517, 0.0 ], [ 14.777194969573884, 55.284517587498904, 0.0 ], [ 14.777189183335354, 55.284529835021893, 0.0 ], [ 14.77721065514968, 55.284533226898517, 0.0 ] ] ], [ [ [ 14.777900440051255, 55.236861120844338, 0.0 ], [ 14.777884774344205, 55.236845481052541, 0.0 ], [ 14.777878850796434, 55.236857825329409, 0.0 ], [ 14.777900440051255, 55.236861120844338, 0.0 ] ] ], [ [ [ 14.777648631855401, 55.287631776583439, 0.0 ], [ 14.777632788145347, 55.287616144711883, 0.0 ], [ 14.777627001657702, 55.287628392259727, 0.0 ], [ 14.777648631855401, 55.287631776583439, 0.0 ] ] ], [ [ [ 14.77788268009312, 55.286972420736667, 0.0 ], [ 14.777866836574422, 55.286956788890826, 0.0 ], [ 14.777861219923935, 55.286969118413523, 0.0 ], [ 14.77788268009312, 55.286972420736667, 0.0 ] ] ], [ [ [ 14.77882761278234, 55.288057333234349, 0.0 ], [ 14.778811768436377, 55.288041701531121, 0.0 ], [ 14.778806151952491, 55.288054031093147, 0.0 ], [ 14.77882761278234, 55.288057333234349, 0.0 ] ] ], [ [ [ 14.779305984336583, 55.288106727898928, 0.0 ], [ 14.779290296441406, 55.288091088824523, 0.0 ], [ 14.779284523445718, 55.288103425843559, 0.0 ], [ 14.779305984336583, 55.288106727898928, 0.0 ] ] ], [ [ [ 14.779419083541494, 55.287678255619923, 0.0 ], [ 14.779403226095896, 55.287662534592165, 0.0 ], [ 14.779397453188873, 55.287674871614804, 0.0 ], [ 14.779419083541494, 55.287678255619923, 0.0 ] ] ], [ [ [ 14.780317772215207, 55.264148897894088, 0.0 ], [ 14.780301924473077, 55.264133176748565, 0.0 ], [ 14.780296154764001, 55.264145513753611, 0.0 ], [ 14.780317772215207, 55.264148897894088, 0.0 ] ] ], [ [ [ 14.780337267377867, 55.288228798294824, 0.0 ], [ 14.780321565997491, 55.288213069961046, 0.0 ], [ 14.780315636654571, 55.288225414461557, 0.0 ], [ 14.780337267377867, 55.288228798294824, 0.0 ] ] ], [ [ [ 14.781384143829388, 55.288782224268346, 0.0 ], [ 14.781368298188985, 55.288766592928155, 0.0 ], [ 14.781362512724423, 55.288778840630115, 0.0 ], [ 14.781384143829388, 55.288782224268346, 0.0 ] ] ], [ [ [ 14.78163784408833, 55.288365075393585, 0.0 ], [ 14.78162199852833, 55.288349444084361, 0.0 ], [ 14.781616213194908, 55.288361691795672, 0.0 ], [ 14.78163784408833, 55.288365075393585, 0.0 ] ] ], [ [ [ 14.782351811864507, 55.288542620996751, 0.0 ], [ 14.782336109570023, 55.288526892944134, 0.0 ], [ 14.78233018082104, 55.288539237529349, 0.0 ], [ 14.782351811864507, 55.288542620996751, 0.0 ] ] ], [ [ [ 14.782414812222523, 55.287711426589702, 0.0 ], [ 14.782399123296106, 55.28769578793964, 0.0 ], [ 14.782393338286683, 55.287708035680957, 0.0 ], [ 14.782414812222523, 55.287711426589702, 0.0 ] ] ], [ [ [ 14.782582282668244, 55.288257195193268, 0.0 ], [ 14.782566580405305, 55.28824146716952, 0.0 ], [ 14.782560651765376, 55.288253811763639, 0.0 ], [ 14.782582282668244, 55.288257195193268, 0.0 ] ] ], [ [ [ 14.782626406206662, 55.288525074670346, 0.0 ], [ 14.782610560197506, 55.288509443500267, 0.0 ], [ 14.78260478819408, 55.288521780654371, 0.0 ], [ 14.782626406206662, 55.288525074670346, 0.0 ] ] ], [ [ [ 14.782639541222991, 55.288074431100334, 0.0 ], [ 14.782623682360157, 55.288058710525107, 0.0 ], [ 14.782617910416743, 55.288071047678692, 0.0 ], [ 14.782639541222991, 55.288074431100334, 0.0 ] ] ], [ [ [ 14.782683728225088, 55.28879691822177, 0.0 ], [ 14.782667882077751, 55.28878128706247, 0.0 ], [ 14.782662266716647, 55.288793616776907, 0.0 ], [ 14.782683728225088, 55.28879691822177, 0.0 ] ] ], [ [ [ 14.782881187563589, 55.288022440659269, 0.0 ], [ 14.782865498325785, 55.288006802076659, 0.0 ], [ 14.782859713423266, 55.28801904983758, 0.0 ], [ 14.782881187563589, 55.288022440659269, 0.0 ] ] ], [ [ [ 14.7831870951273, 55.287530790038375, 0.0 ], [ 14.78317124932677, 55.287515158936046, 0.0 ], [ 14.783165634275813, 55.287527488667365, 0.0 ], [ 14.7831870951273, 55.287530790038375, 0.0 ] ] ], [ [ [ 14.783463526765283, 55.288390868446697, 0.0 ], [ 14.783447824104007, 55.288375140545888, 0.0 ], [ 14.78344205238054, 55.288387477733501, 0.0 ], [ 14.783463526765283, 55.288390868446697, 0.0 ] ] ], [ [ [ 14.78475384486655, 55.069593975580631, 0.0 ], [ 14.784738246732948, 55.069578335017695, 0.0 ], [ 14.784732489393306, 55.069590582348781, 0.0 ], [ 14.78475384486655, 55.069593975580631, 0.0 ] ] ], [ [ [ 14.783685520671861, 55.287858192664707, 0.0 ], [ 14.783669818150162, 55.287842464789072, 0.0 ], [ 14.783663889908516, 55.28785480942819, 0.0 ], [ 14.783685520671861, 55.287858192664707, 0.0 ] ] ], [ [ [ 14.785014687180885, 55.074348208253816, 0.0 ], [ 14.784998931143287, 55.074332575202085, 0.0 ], [ 14.784993173301507, 55.074344822554728, 0.0 ], [ 14.785014687180885, 55.074348208253816, 0.0 ] ] ], [ [ [ 14.784102331887517, 55.28708670240669, 0.0 ], [ 14.784086485924078, 55.287071071427079, 0.0 ], [ 14.784080714563107, 55.287083408637464, 0.0 ], [ 14.784102331887517, 55.28708670240669, 0.0 ] ] ], [ [ [ 14.784139142866396, 55.287332513581369, 0.0 ], [ 14.784123283739715, 55.287316793207289, 0.0 ], [ 14.784117669011685, 55.2873291229754, 0.0 ], [ 14.784139142866396, 55.287332513581369, 0.0 ] ] ], [ [ [ 14.784835336603219, 55.286813218245157, 0.0 ], [ 14.784819490474218, 55.28679758736471, 0.0 ], [ 14.784813876027238, 55.286809917158884, 0.0 ], [ 14.784835336603219, 55.286813218245157, 0.0 ] ] ], [ [ [ 14.786853404562107, 55.218849682199625, 0.0 ], [ 14.786837743004979, 55.218834043456575, 0.0 ], [ 14.786831980945431, 55.218846380621372, 0.0 ], [ 14.786853404562107, 55.218849682199625, 0.0 ] ] ], [ [ [ 14.787347606560729, 55.286356206280892, 0.0 ], [ 14.7873317596592, 55.286340575745186, 0.0 ], [ 14.787325989409279, 55.286352913084905, 0.0 ], [ 14.787347606560729, 55.286356206280892, 0.0 ] ] ], [ [ [ 14.78918401541404, 55.286327477676274, 0.0 ], [ 14.789168154762503, 55.28631175799439, 0.0 ], [ 14.789162385093638, 55.286324095408162, 0.0 ], [ 14.78918401541404, 55.286327477676274, 0.0 ] ] ], [ [ [ 14.790310770175969, 55.07710250777658, 0.0 ], [ 14.790295010953075, 55.077086875488668, 0.0 ], [ 14.790289267370696, 55.077099212465747, 0.0 ], [ 14.790310770175969, 55.07710250777658, 0.0 ] ] ], [ [ [ 14.789632092579113, 55.257305388752421, 0.0 ], [ 14.789616257194936, 55.257289758234663, 0.0 ], [ 14.789610647790912, 55.25730208815115, 0.0 ], [ 14.789632092579113, 55.257305388752421, 0.0 ] ] ], [ [ [ 14.790353883094463, 55.28517805680675, 0.0 ], [ 14.790338179122768, 55.285162329823827, 0.0 ], [ 14.790332253322591, 55.285174674734264, 0.0 ], [ 14.790353883094463, 55.28517805680675, 0.0 ] ] ], [ [ [ 14.79036857718024, 55.284745160440828, 0.0 ], [ 14.790352886443062, 55.284729522856637, 0.0 ], [ 14.790347117342742, 55.28474186031459, 0.0 ], [ 14.79036857718024, 55.284745160440828, 0.0 ] ] ], [ [ [ 14.79128327632084, 55.285142750067301, 0.0 ], [ 14.791267585062878, 55.285127112613281, 0.0 ], [ 14.791261659559718, 55.285139457562337, 0.0 ], [ 14.79128327632084, 55.285142750067301, 0.0 ] ] ], [ [ [ 14.792780845026414, 55.132289940008661, 0.0 ], [ 14.792765061540639, 55.132274308635736, 0.0 ], [ 14.792759298990793, 55.132286556436668, 0.0 ], [ 14.792780845026414, 55.132289940008661, 0.0 ] ] ], [ [ [ 14.793487173595684, 55.177393532693024, 0.0 ], [ 14.793471370723612, 55.177377901885215, 0.0 ], [ 14.793465615847763, 55.177390239221751, 0.0 ], [ 14.793487173595684, 55.177393532693024, 0.0 ] ] ], [ [ [ 14.792984224651843, 55.282271195854861, 0.0 ], [ 14.79296836426253, 55.282255476660346, 0.0 ], [ 14.792962596290993, 55.282267814218109, 0.0 ], [ 14.792984224651843, 55.282271195854861, 0.0 ] ] ], [ [ [ 14.793820735552815, 55.284076748821178, 0.0 ], [ 14.793805043768005, 55.284061111706023, 0.0 ], [ 14.793799275835985, 55.284073449301708, 0.0 ], [ 14.793820735552815, 55.284076748821178, 0.0 ] ] ], [ [ [ 14.794048046210888, 55.28330523713624, 0.0 ], [ 14.794032198031783, 55.283289607501239, 0.0 ], [ 14.794026430266715, 55.283301945104277, 0.0 ], [ 14.794048046210888, 55.28330523713624, 0.0 ] ] ], [ [ [ 14.795669008323932, 55.143499519363516, 0.0 ], [ 14.795653375070579, 55.143483881061705, 0.0 ], [ 14.795647768123008, 55.143496121559032, 0.0 ], [ 14.795669008323932, 55.143499519363516, 0.0 ] ] ], [ [ [ 14.796036248779446, 55.280545988970502, 0.0 ], [ 14.796020387945632, 55.280530270183313, 0.0 ], [ 14.79601477776907, 55.280542600401198, 0.0 ], [ 14.796036248779446, 55.280545988970502, 0.0 ] ] ], [ [ [ 14.796324745432525, 55.259205785429636, 0.0 ], [ 14.796308906662981, 55.259190155862456, 0.0 ], [ 14.796303129536589, 55.259202404101231, 0.0 ], [ 14.796324745432525, 55.259205785429636, 0.0 ] ] ], [ [ [ 14.796661909951519, 55.280430669055619, 0.0 ], [ 14.796646218614692, 55.280415032294847, 0.0 ], [ 14.796640438958489, 55.280427280596449, 0.0 ], [ 14.796661909951519, 55.280430669055619, 0.0 ] ] ], [ [ [ 14.796947174935982, 55.280115415516164, 0.0 ], [ 14.796931327002815, 55.280099786251618, 0.0 ], [ 14.796925560544127, 55.280112123964223, 0.0 ], [ 14.796947174935982, 55.280115415516164, 0.0 ] ] ], [ [ [ 14.797345097064982, 55.24003634225636, 0.0 ], [ 14.797329422536734, 55.24002070517588, 0.0 ], [ 14.797323491642871, 55.240032960868575, 0.0 ], [ 14.797345097064982, 55.24003634225636, 0.0 ] ] ], [ [ [ 14.797259226043748, 55.280033034383784, 0.0 ], [ 14.797243534645011, 55.280017397701265, 0.0 ], [ 14.797237911844121, 55.28002963856563, 0.0 ], [ 14.797259226043748, 55.280033034383784, 0.0 ] ] ], [ [ [ 14.797605977670869, 55.239609893619878, 0.0 ], [ 14.797590133710724, 55.23959417462769, 0.0 ], [ 14.797584372464291, 55.239606512273575, 0.0 ], [ 14.797605977670869, 55.239609893619878, 0.0 ] ] ], [ [ [ 14.797635378510213, 55.243690933989697, 0.0 ], [ 14.797619702327427, 55.243675296986716, 0.0 ], [ 14.797613927533435, 55.243687545242587, 0.0 ], [ 14.797635378510213, 55.243690933989697, 0.0 ] ] ], [ [ [ 14.797630578943316, 55.279443699961099, 0.0 ], [ 14.797614887650855, 55.279428063323742, 0.0 ], [ 14.797609121490202, 55.279440401062388, 0.0 ], [ 14.797630578943316, 55.279443699961099, 0.0 ] ] ], [ [ [ 14.798196109093471, 55.171101351503069, 0.0 ], [ 14.798180307085566, 55.171085721284683, 0.0 ], [ 14.798174541438302, 55.171097969394594, 0.0 ], [ 14.798196109093471, 55.171101351503069, 0.0 ] ] ], [ [ [ 14.797654668454626, 55.279487653779732, 0.0 ], [ 14.797638964063646, 55.279471927746052, 0.0 ], [ 14.797633354522327, 55.279484258024773, 0.0 ], [ 14.797654668454626, 55.279487653779732, 0.0 ] ] ], [ [ [ 14.798078324178014, 55.279728536819469, 0.0 ], [ 14.798062619520801, 55.279712810846739, 0.0 ], [ 14.798056853465685, 55.279725148604086, 0.0 ], [ 14.798078324178014, 55.279728536819469, 0.0 ] ] ], [ [ [ 14.798668668770381, 55.279970388738526, 0.0 ], [ 14.79865282023631, 55.27995475971202, 0.0 ], [ 14.798647041263672, 55.279967008093791, 0.0 ], [ 14.798668668770381, 55.279970388738526, 0.0 ] ] ], [ [ [ 14.798779607774772, 55.278727379012963, 0.0 ], [ 14.798763916342681, 55.278711742526696, 0.0 ], [ 14.798758137559116, 55.27872399091008, 0.0 ], [ 14.798779607774772, 55.278727379012963, 0.0 ] ] ], [ [ [ 14.79917851730572, 55.278348279637953, 0.0 ], [ 14.799162669268103, 55.278332650665625, 0.0 ], [ 14.799157047268372, 55.278344891601442, 0.0 ], [ 14.79917851730572, 55.278348279637953, 0.0 ] ] ], [ [ [ 14.799250425021009, 55.27997876784088, 0.0 ], [ 14.799234563184902, 55.279963049495585, 0.0 ], [ 14.799228797467293, 55.279975387300752, 0.0 ], [ 14.799250425021009, 55.27997876784088, 0.0 ] ] ], [ [ [ 14.799284284993133, 55.278248715580311, 0.0 ], [ 14.799268593569124, 55.278233079158717, 0.0 ], [ 14.799262658390674, 55.278245335024359, 0.0 ], [ 14.799284284993133, 55.278248715580311, 0.0 ] ] ], [ [ [ 14.799327219354634, 55.274006503143831, 0.0 ], [ 14.79931136004196, 55.273990784747419, 0.0 ], [ 14.799305751682379, 55.274003115079289, 0.0 ], [ 14.799327219354634, 55.274006503143831, 0.0 ] ] ], [ [ [ 14.800233285646122, 55.109293551829644, 0.0 ], [ 14.800217496041707, 55.109277831851578, 0.0 ], [ 14.800211751624497, 55.109290169301929, 0.0 ], [ 14.800233285646122, 55.109293551829644, 0.0 ] ] ], [ [ [ 14.799395193086934, 55.27814440531516, 0.0 ], [ 14.799379345052953, 55.278128776370885, 0.0 ], [ 14.799373566533889, 55.278141024777803, 0.0 ], [ 14.799395193086934, 55.27814440531516, 0.0 ] ] ], [ [ [ 14.799408220626404, 55.278409261918824, 0.0 ], [ 14.799392529086717, 55.278393625515974, 0.0 ], [ 14.799386750538876, 55.278405873924051, 0.0 ], [ 14.799408220626404, 55.278409261918824, 0.0 ] ] ], [ [ [ 14.79945303468722, 55.273545891808567, 0.0 ], [ 14.79943720166629, 55.273530352224711, 0.0 ], [ 14.799431410664477, 55.273542511223432, 0.0 ], [ 14.79945303468722, 55.273545891808567, 0.0 ] ] ], [ [ [ 14.79949529033386, 55.279435964530741, 0.0 ], [ 14.79947958525144, 55.279420238750596, 0.0 ], [ 14.799473819678022, 55.279432576564389, 0.0 ], [ 14.79949529033386, 55.279435964530741, 0.0 ] ] ], [ [ [ 14.799532447378374, 55.274244285563107, 0.0 ], [ 14.799516757552894, 55.274228649134692, 0.0 ], [ 14.799510992633303, 55.27424098693804, 0.0 ], [ 14.799532447378374, 55.274244285563107, 0.0 ] ] ], [ [ [ 14.799532324504694, 55.274843033501682, 0.0 ], [ 14.799516477827639, 55.274827404542364, 0.0 ], [ 14.799510712833913, 55.274839742347076, 0.0 ], [ 14.799532324504694, 55.274843033501682, 0.0 ] ] ], [ [ [ 14.799545151485294, 55.277997633685601, 0.0 ], [ 14.799529460067015, 55.277981997297395, 0.0 ], [ 14.799523681613039, 55.277994245710076, 0.0 ], [ 14.799545151485294, 55.277997633685601, 0.0 ] ] ], [ [ [ 14.799540861962912, 55.28041504212775, 0.0 ], [ 14.799525169523383, 55.280399405763731, 0.0 ], [ 14.799519390767832, 55.280411654181833, 0.0 ], [ 14.799540861962912, 55.28041504212775, 0.0 ] ] ], [ [ [ 14.799627417970065, 55.268086786302085, 0.0 ], [ 14.799611730712254, 55.26807114982369, 0.0 ], [ 14.799606123155609, 55.268083480154168, 0.0 ], [ 14.799627417970065, 55.268086786302085, 0.0 ] ] ], [ [ [ 14.799707836820721, 55.278111501712203, 0.0 ], [ 14.799691975605841, 55.278095783411302, 0.0 ], [ 14.799686210263038, 55.278108121230595, 0.0 ], [ 14.799707836820721, 55.278111501712203, 0.0 ] ] ], [ [ [ 14.800869289694363, 55.055915516325051, 0.0 ], [ 14.800853678144319, 55.055899788435482, 0.0 ], [ 14.800847940439644, 55.055912125787501, 0.0 ], [ 14.800869289694363, 55.055915516325051, 0.0 ] ] ], [ [ [ 14.80000385689608, 55.271489713792988, 0.0 ], [ 14.79998816805416, 55.271474077401365, 0.0 ], [ 14.79998239055133, 55.271486325817513, 0.0 ], [ 14.80000385689608, 55.271489713792988, 0.0 ] ] ], [ [ [ 14.800028156356873, 55.273793141687193, 0.0 ], [ 14.800012466531282, 55.273777505322521, 0.0 ], [ 14.800006845344228, 55.273789746281473, 0.0 ], [ 14.800028156356873, 55.273793141687193, 0.0 ] ] ], [ [ [ 14.800046857862888, 55.279661743151856, 0.0 ], [ 14.800031008929995, 55.279646114313955, 0.0 ], [ 14.800025243502006, 55.2796584521505, 0.0 ], [ 14.800046857862888, 55.279661743151856, 0.0 ] ] ], [ [ [ 14.80007859338067, 55.276090822788312, 0.0 ], [ 14.800062745960529, 55.276075193917912, 0.0 ], [ 14.800056980984209, 55.276087531747514, 0.0 ], [ 14.80007859338067, 55.276090822788312, 0.0 ] ] ], [ [ [ 14.800150306114697, 55.277532182443991, 0.0 ], [ 14.800134601584908, 55.27751645673473, 0.0 ], [ 14.80012883645292, 55.277528794570529, 0.0 ], [ 14.800150306114697, 55.277532182443991, 0.0 ] ] ], [ [ [ 14.800197591945873, 55.278583286786223, 0.0 ], [ 14.800181886952505, 55.278567561094292, 0.0 ], [ 14.800175965092443, 55.278579906398562, 0.0 ], [ 14.800197591945873, 55.278583286786223, 0.0 ] ] ], [ [ [ 14.800420214812881, 55.236036760519823, 0.0 ], [ 14.800404384344247, 55.23602113128284, 0.0 ], [ 14.800398624422053, 55.236033469033828, 0.0 ], [ 14.800420214812881, 55.236036760519823, 0.0 ] ] ], [ [ [ 14.800241802310326, 55.279026793102616, 0.0 ], [ 14.800225940497329, 55.279011074885581, 0.0 ], [ 14.800220175209182, 55.279023412728513, 0.0 ], [ 14.800241802310326, 55.279026793102616, 0.0 ] ] ], [ [ [ 14.80026441177089, 55.277490734916306, 0.0 ], [ 14.800248720289977, 55.277475098622091, 0.0 ], [ 14.800242942123452, 55.277487347062667, 0.0 ], [ 14.80026441177089, 55.277490734916306, 0.0 ] ] ], [ [ [ 14.800378990795162, 55.275153770414995, 0.0 ], [ 14.800363300258827, 55.27513813411263, 0.0 ], [ 14.800357522418231, 55.275150382552447, 0.0 ], [ 14.800378990795162, 55.275153770414995, 0.0 ] ] ], [ [ [ 14.800450147920735, 55.277661928189417, 0.0 ], [ 14.800434456295829, 55.277646291922558, 0.0 ], [ 14.80042869124205, 55.277658629770762, 0.0 ], [ 14.800450147920735, 55.277661928189417, 0.0 ] ] ], [ [ [ 14.800448596211172, 55.278823297803584, 0.0 ], [ 14.800432904095446, 55.278807661548413, 0.0 ], [ 14.800427138897531, 55.278819999399211, 0.0 ], [ 14.800448596211172, 55.278823297803584, 0.0 ] ] ], [ [ [ 14.800500562150321, 55.275609793399752, 0.0 ], [ 14.800484871374236, 55.275594157118853, 0.0 ], [ 14.800479106590101, 55.275606494964343, 0.0 ], [ 14.800500562150321, 55.275609793399752, 0.0 ] ] ], [ [ [ 14.800535344017673, 55.278945195295677, 0.0 ], [ 14.800519651816947, 55.278929559053701, 0.0 ], [ 14.800513886631226, 55.278941896908286, 0.0 ], [ 14.800535344017673, 55.278945195295677, 0.0 ] ] ], [ [ [ 14.800638654560853, 55.275636429687978, 0.0 ], [ 14.800623120321452, 55.275620785961912, 0.0 ], [ 14.800617355577492, 55.275633123813037, 0.0 ], [ 14.800638654560853, 55.275636429687978, 0.0 ] ] ], [ [ [ 14.800661245759073, 55.274483059357443, 0.0 ], [ 14.800645555397747, 55.274467423087124, 0.0 ], [ 14.800639777728511, 55.274479671536824, 0.0 ], [ 14.800661245759073, 55.274483059357443, 0.0 ] ] ], [ [ [ 14.800753953294846, 55.275405876517731, 0.0 ], [ 14.800738262507412, 55.275390240269644, 0.0 ], [ 14.800732328152275, 55.275402496189791, 0.0 ], [ 14.800753953294846, 55.275405876517731, 0.0 ] ] ], [ [ [ 14.80081563911892, 55.274574815130848, 0.0 ], [ 14.800799935583953, 55.274559089483084, 0.0 ], [ 14.800794171026862, 55.274571427338877, 0.0 ], [ 14.80081563911892, 55.274574815130848, 0.0 ] ] ], [ [ [ 14.800851568035961, 55.277030638749629, 0.0 ], [ 14.800835876523511, 55.277015002531655, 0.0 ], [ 14.800830255204019, 55.277027243530092, 0.0 ], [ 14.800851568035961, 55.277030638749629, 0.0 ] ] ], [ [ [ 14.800870367860735, 55.278573636096965, 0.0 ], [ 14.800854519075507, 55.278558007362392, 0.0 ], [ 14.800848754041024, 55.278570345229632, 0.0 ], [ 14.800870367860735, 55.278573636096965, 0.0 ] ] ], [ [ [ 14.801208456029572, 55.235670674077276, 0.0 ], [ 14.801192768800508, 55.235654948084338, 0.0 ], [ 14.801187009170953, 55.235667285866242, 0.0 ], [ 14.801208456029572, 55.235670674077276, 0.0 ] ] ], [ [ [ 14.80107153831643, 55.274720156909019, 0.0 ], [ 14.801055847696752, 55.274704520697703, 0.0 ], [ 14.801050070126134, 55.274716769164534, 0.0 ], [ 14.80107153831643, 55.274720156909019, 0.0 ] ] ], [ [ [ 14.801206196642545, 55.276509695789123, 0.0 ], [ 14.801190335532269, 55.276493977680389, 0.0 ], [ 14.801184727463125, 55.276506308091129, 0.0 ], [ 14.801206196642545, 55.276509695789123, 0.0 ] ] ], [ [ [ 14.801931877182005, 55.174564486506256, 0.0 ], [ 14.801916228476236, 55.174548849386007, 0.0 ], [ 14.801910476592964, 55.174561187055822, 0.0 ], [ 14.801931877182005, 55.174564486506256, 0.0 ] ] ], [ [ [ 14.80143490237035, 55.274765760966005, 0.0 ], [ 14.801419381265751, 55.274750206739427, 0.0 ], [ 14.801413447205361, 55.274762462686461, 0.0 ], [ 14.80143490237035, 55.274765760966005, 0.0 ] ] ], [ [ [ 14.801472938285585, 55.276042363972586, 0.0 ], [ 14.801457090349361, 55.276026735295723, 0.0 ], [ 14.801451469342407, 55.276038976316286, 0.0 ], [ 14.801472938285585, 55.276042363972586, 0.0 ] ] ], [ [ [ 14.801906878870541, 55.275175460086466, 0.0 ], [ 14.80189118773645, 55.27515982399499, 0.0 ], [ 14.801885266849078, 55.275172169362214, 0.0 ], [ 14.801906878870541, 55.275175460086466, 0.0 ] ] ], [ [ [ 14.802001442669436, 55.277115358511459, 0.0 ], [ 14.801985594071542, 55.277099729919236, 0.0 ], [ 14.801979816493766, 55.27711197842924, 0.0 ], [ 14.802001442669436, 55.277115358511459, 0.0 ] ] ], [ [ [ 14.802079451767002, 55.276193404621488, 0.0 ], [ 14.802063760135749, 55.276177768564217, 0.0 ], [ 14.802057995775801, 55.276190106474679, 0.0 ], [ 14.802079451767002, 55.276193404621488, 0.0 ] ] ], [ [ [ 14.802121986648414, 55.277663342967358, 0.0 ], [ 14.802106294378811, 55.277647706931042, 0.0 ], [ 14.802100516770677, 55.277659955447199, 0.0 ], [ 14.802121986648414, 55.277663342967358, 0.0 ] ] ], [ [ [ 14.802245750673773, 55.275901903341996, 0.0 ], [ 14.802230059101788, 55.275886267304699, 0.0 ], [ 14.802224138228357, 55.27589861268774, 0.0 ], [ 14.802245750673773, 55.275901903341996, 0.0 ] ] ], [ [ [ 14.802778668815305, 55.175154309262979, 0.0 ], [ 14.802763019536524, 55.17513867226544, 0.0 ], [ 14.802757254814574, 55.175150920569862, 0.0 ], [ 14.802778668815305, 55.175154309262979, 0.0 ] ] ], [ [ [ 14.802335591225436, 55.276986988461786, 0.0 ], [ 14.802319729473789, 55.276971270515347, 0.0 ], [ 14.802313965096189, 55.276983608437959, 0.0 ], [ 14.802335591225436, 55.276986988461786, 0.0 ] ] ], [ [ [ 14.802982817285667, 55.176089713609763, 0.0 ], [ 14.80296716753513, 55.176074076649947, 0.0 ], [ 14.802961415793741, 55.176086414365578, 0.0 ], [ 14.802982817285667, 55.176089713609763, 0.0 ] ] ], [ [ [ 14.802498500259089, 55.276781170379628, 0.0 ], [ 14.802482808217706, 55.276765534386186, 0.0 ], [ 14.802477030836616, 55.276777782915538, 0.0 ], [ 14.802498500259089, 55.276781170379628, 0.0 ] ] ], [ [ [ 14.802584305655452, 55.27693002827457, 0.0 ], [ 14.802568626598498, 55.276914481693851, 0.0 ], [ 14.80256283614524, 55.276926640827654, 0.0 ], [ 14.802584305655452, 55.27693002827457, 0.0 ] ] ], [ [ [ 14.802859859345652, 55.234997656381466, 0.0 ], [ 14.802844028381944, 55.234982027473094, 0.0 ], [ 14.802838269353694, 55.234994365319942, 0.0 ], [ 14.802859859345652, 55.234997656381466, 0.0 ] ] ], [ [ [ 14.802678487703023, 55.275120665535873, 0.0 ], [ 14.802662796294868, 55.275105029550211, 0.0 ], [ 14.802656862577468, 55.275117285550017, 0.0 ], [ 14.802678487703023, 55.275120665535873, 0.0 ] ] ], [ [ [ 14.802797400458884, 55.276708313379331, 0.0 ], [ 14.80278170833318, 55.27669267742634, 0.0 ], [ 14.802775944135266, 55.276705015366929, 0.0 ], [ 14.802797400458884, 55.276708313379331, 0.0 ] ] ], [ [ [ 14.802813395262401, 55.277652882779265, 0.0 ], [ 14.802797702730849, 55.277637246838154, 0.0 ], [ 14.802791768731295, 55.277649502849684, 0.0 ], [ 14.802813395262401, 55.277652882779265, 0.0 ] ] ], [ [ [ 14.802820753914666, 55.276302096082333, 0.0 ], [ 14.802804905348676, 55.276286467595739, 0.0 ], [ 14.802799297811502, 55.276298798069007, 0.0 ], [ 14.802820753914666, 55.276302096082333, 0.0 ] ] ], [ [ [ 14.802846339131021, 55.276436000699952, 0.0 ], [ 14.802830477417178, 55.276420282818961, 0.0 ], [ 14.802824869872016, 55.276432613293551, 0.0 ], [ 14.802846339131021, 55.276436000699952, 0.0 ] ] ], [ [ [ 14.802942264358563, 55.274991057676324, 0.0 ], [ 14.80292657290364, 55.274975421725728, 0.0 ], [ 14.802920808963593, 55.274987759668207, 0.0 ], [ 14.802942264358563, 55.274991057676324, 0.0 ] ] ], [ [ [ 14.803014498857282, 55.270351335391936, 0.0 ], [ 14.802998652757555, 55.270335706870767, 0.0 ], [ 14.802993032915214, 55.27034794793903, 0.0 ], [ 14.803014498857282, 55.270351335391936, 0.0 ] ] ], [ [ [ 14.803009556978164, 55.277557917251436, 0.0 ], [ 14.802993707803163, 55.277542288804085, 0.0 ], [ 14.802987943566842, 55.277554626755197, 0.0 ], [ 14.803009556978164, 55.277557917251436, 0.0 ] ] ], [ [ [ 14.803079180858646, 55.27634387705212, 0.0 ], [ 14.803063488778593, 55.276328241134259, 0.0 ], [ 14.803057711633032, 55.276340489686085, 0.0 ], [ 14.803079180858646, 55.27634387705212, 0.0 ] ] ], [ [ [ 14.803210925383279, 55.276193467761857, 0.0 ], [ 14.80319523331611, 55.276177831860601, 0.0 ], [ 14.803189456230347, 55.276190080417422, 0.0 ], [ 14.803210925383279, 55.276193467761857, 0.0 ] ] ], [ [ [ 14.803472414072095, 55.275078305180628, 0.0 ], [ 14.803456878974202, 55.275062661835946, 0.0 ], [ 14.803451102108518, 55.27507491040074, 0.0 ], [ 14.803472414072095, 55.275078305180628, 0.0 ] ] ], [ [ [ 14.803600110100911, 55.275337783509727, 0.0 ], [ 14.803584405163893, 55.275322058254183, 0.0 ], [ 14.803578641387787, 55.275334396223961, 0.0 ], [ 14.803600110100911, 55.275337783509727, 0.0 ] ] ], [ [ [ 14.80367396904064, 55.276522476049557, 0.0 ], [ 14.803658276655881, 55.276506840215553, 0.0 ], [ 14.803652499673802, 55.276519088791851, 0.0 ], [ 14.80367396904064, 55.276522476049557, 0.0 ] ] ], [ [ [ 14.803721570252808, 55.273594455066814, 0.0 ], [ 14.803705879088554, 55.273578819209362, 0.0 ], [ 14.803699945892424, 55.273591075249023, 0.0 ], [ 14.803721570252808, 55.273594455066814, 0.0 ] ] ], [ [ [ 14.80375534766176, 55.276761747477273, 0.0 ], [ 14.803739498539684, 55.276746119125498, 0.0 ], [ 14.803733878158031, 55.276758360237082, 0.0 ], [ 14.80375534766176, 55.276761747477273, 0.0 ] ] ], [ [ [ 14.803851932325376, 55.271360255769714, 0.0 ], [ 14.803836228975445, 55.271344530508095, 0.0 ], [ 14.80383046577016, 55.271356868478826, 0.0 ], [ 14.803851932325376, 55.271360255769714, 0.0 ] ] ], [ [ [ 14.804043117183811, 55.276558974670934, 0.0 ], [ 14.804027254953992, 55.276543256957986, 0.0 ], [ 14.804021491166123, 55.276555594948405, 0.0 ], [ 14.804043117183811, 55.276558974670934, 0.0 ] ] ], [ [ [ 14.80433970013298, 55.275959588911732, 0.0 ], [ 14.804324020813882, 55.275944042562841, 0.0 ], [ 14.804318244109457, 55.275956291164746, 0.0 ], [ 14.80433970013298, 55.275959588911732, 0.0 ] ] ], [ [ [ 14.80437527661539, 55.275858956620283, 0.0 ], [ 14.80435941455625, 55.275843238946379, 0.0 ], [ 14.804353650959349, 55.275855576948572, 0.0 ], [ 14.80437527661539, 55.275858956620283, 0.0 ] ] ], [ [ [ 14.804521429118237, 55.274695098108282, 0.0 ], [ 14.804505580583839, 55.27467946984175, 0.0 ], [ 14.804499804093025, 55.274691718448075, 0.0 ], [ 14.804521429118237, 55.274695098108282, 0.0 ] ] ], [ [ [ 14.804589021663599, 55.275432764590114, 0.0 ], [ 14.804573329387427, 55.275417128871098, 0.0 ], [ 14.804567565910453, 55.275429466880958, 0.0 ], [ 14.804589021663599, 55.275432764590114, 0.0 ] ] ], [ [ [ 14.804704904941474, 55.275969176513506, 0.0 ], [ 14.804689055792348, 55.275953548285692, 0.0 ], [ 14.804683279200681, 55.275965796902391, 0.0 ], [ 14.804704904941474, 55.275969176513506, 0.0 ] ] ], [ [ [ 14.80479317129242, 55.275447423094171, 0.0 ], [ 14.804777322332145, 55.275431794873228, 0.0 ], [ 14.80477154583278, 55.2754440434923, 0.0 ], [ 14.80479317129242, 55.275447423094171, 0.0 ] ] ], [ [ [ 14.805217794979587, 55.273824665008362, 0.0 ], [ 14.805202103141601, 55.273809029359576, 0.0 ], [ 14.805196326976192, 55.273821277992063, 0.0 ], [ 14.805217794979587, 55.273824665008362, 0.0 ] ] ], [ [ [ 14.805720433296065, 55.174536692368214, 0.0 ], [ 14.805704783148137, 55.174521055769588, 0.0 ], [ 14.805698863213902, 55.174533311653271, 0.0 ], [ 14.805720433296065, 55.174536692368214, 0.0 ] ] ], [ [ [ 14.805751520824792, 55.175106854533233, 0.0 ], [ 14.805735857387011, 55.175091128544395, 0.0 ], [ 14.805729950428068, 55.175103473831115, 0.0 ], [ 14.805751520824792, 55.175106854533233, 0.0 ] ] ], [ [ [ 14.805267922996496, 55.275870391285366, 0.0 ], [ 14.805252073672829, 55.27585476313488, 0.0 ], [ 14.805246310355134, 55.275867101173091, 0.0 ], [ 14.805267922996496, 55.275870391285366, 0.0 ] ] ], [ [ [ 14.805770575843811, 55.27359583134875, 0.0 ], [ 14.805754870803712, 55.273580106374951, 0.0 ], [ 14.805749107925227, 55.273592444428154, 0.0 ], [ 14.805770575843811, 55.27359583134875, 0.0 ] ] ], [ [ [ 14.806062516454295, 55.273239724398479, 0.0 ], [ 14.806046811451932, 55.273223999461322, 0.0 ], [ 14.806041048709224, 55.273236337525432, 0.0 ], [ 14.806062516454295, 55.273239724398479, 0.0 ] ] ], [ [ [ 14.806747485579425, 55.207607178314341, 0.0 ], [ 14.806731821114065, 55.207591542196973, 0.0 ], [ 14.806726053622775, 55.207603790737245, 0.0 ], [ 14.806747485579425, 55.207607178314341, 0.0 ] ] ], [ [ [ 14.807753755522461, 55.176014949241193, 0.0 ], [ 14.807738090929432, 55.175999223537886, 0.0 ], [ 14.807732340691603, 55.176011561445158, 0.0 ], [ 14.807753755522461, 55.176014949241193, 0.0 ] ] ], [ [ [ 14.808169641235953, 55.270870672470345, 0.0 ], [ 14.808153779840406, 55.270854955273485, 0.0 ], [ 14.808148018052707, 55.270867293417005, 0.0 ], [ 14.808169641235953, 55.270870672470345, 0.0 ] ] ], [ [ [ 14.809663981765727, 55.067409363826897, 0.0 ], [ 14.809648362028453, 55.067393637267607, 0.0 ], [ 14.809642625666962, 55.067405974999268, 0.0 ], [ 14.809663981765727, 55.067409363826897, 0.0 ] ] ], [ [ [ 14.809920206880912, 55.071074553476009, 0.0 ], [ 14.8099045985084, 55.071058916391046, 0.0 ], [ 14.809898848783259, 55.071071164740324, 0.0 ], [ 14.809920206880912, 55.071074553476009, 0.0 ] ] ], [ [ [ 14.811737142714421, 55.07132317057787, 0.0 ], [ 14.811721377744311, 55.071307541206039, 0.0 ], [ 14.811715628551614, 55.071319789629044, 0.0 ], [ 14.811737142714421, 55.07132317057787, 0.0 ] ] ], [ [ [ 14.812511893294875, 55.071702157980504, 0.0 ], [ 14.812496283669386, 55.071686521258833, 0.0 ], [ 14.812490378869912, 55.071698777175357, 0.0 ], [ 14.812511893294875, 55.071702157980504, 0.0 ] ] ], [ [ [ 14.812721941971795, 55.073591685185143, 0.0 ], [ 14.81270633147594, 55.073576048511825, 0.0 ], [ 14.812700582310967, 55.073588296979835, 0.0 ], [ 14.812721941971795, 55.073591685185143, 0.0 ] ] ], [ [ [ 14.811943853191387, 55.259453905441525, 0.0 ], [ 14.811928008307238, 55.259438278050361, 0.0 ], [ 14.811922249115218, 55.259450616319434, 0.0 ], [ 14.811943853191387, 55.259453905441525, 0.0 ] ] ], [ [ [ 14.812815975084733, 55.266008001879534, 0.0 ], [ 14.812800283627382, 55.265992367198429, 0.0 ], [ 14.812794510802428, 55.266004616119879, 0.0 ], [ 14.812815975084733, 55.266008001879534, 0.0 ] ] ], [ [ [ 14.812903589989043, 55.266854539500137, 0.0 ], [ 14.812887741576658, 55.266838912319201, 0.0 ], [ 14.812881968674075, 55.266851161246159, 0.0 ], [ 14.812903589989043, 55.266854539500137, 0.0 ] ] ], [ [ [ 14.814105814674901, 55.075204251772881, 0.0 ], [ 14.814090047162082, 55.075188622770519, 0.0 ], [ 14.814084454042298, 55.07520086383424, 0.0 ], [ 14.814105814674901, 55.075204251772881, 0.0 ] ] ], [ [ [ 14.813580153336336, 55.265701511901227, 0.0 ], [ 14.813564305155918, 55.265685884802537, 0.0 ], [ 14.813558532607336, 55.265698133754135, 0.0 ], [ 14.813580153336336, 55.265701511901227, 0.0 ] ] ], [ [ [ 14.814663282982675, 55.078724478586054, 0.0 ], [ 14.814647513770819, 55.078708849697776, 0.0 ], [ 14.814641777590914, 55.078721187656313, 0.0 ], [ 14.814663282982675, 55.078724478586054, 0.0 ] ] ], [ [ [ 14.815004739461308, 55.073981967845171, 0.0 ], [ 14.814988972121053, 55.07396633895501, 0.0 ], [ 14.814983379424275, 55.073978580051012, 0.0 ], [ 14.815004739461308, 55.073981967845171, 0.0 ] ] ], [ [ [ 14.814356252924965, 55.260389039253297, 0.0 ], [ 14.814340563251109, 55.260373404726948, 0.0 ], [ 14.814334804701737, 55.26038574309527, 0.0 ], [ 14.814356252924965, 55.260389039253297, 0.0 ] ] ], [ [ [ 14.815549895528422, 55.260633480378523, 0.0 ], [ 14.815534205291707, 55.260617846019336, 0.0 ], [ 14.815528447087233, 55.260630184436245, 0.0 ], [ 14.815549895528422, 55.260633480378523, 0.0 ] ] ], [ [ [ 14.817083279986244, 55.236505804006924, 0.0 ], [ 14.81706759935615, 55.236490169611322, 0.0 ], [ 14.817061675070958, 55.236502426118385, 0.0 ], [ 14.817083279986244, 55.236505804006924, 0.0 ] ] ], [ [ [ 14.817108980165663, 55.257525234607598, 0.0 ], [ 14.817093134117879, 55.257509607915502, 0.0 ], [ 14.817087376786604, 55.257521946387946, 0.0 ], [ 14.817108980165663, 55.257525234607598, 0.0 ] ] ], [ [ [ 14.819011512906965, 55.119382542050076, 0.0 ], [ 14.818995880828773, 55.119366906714923, 0.0 ], [ 14.818990128006673, 55.119379155543605, 0.0 ], [ 14.819011512906965, 55.119382542050076, 0.0 ] ] ], [ [ [ 14.820098115361409, 55.255752752393732, 0.0 ], [ 14.820082268920473, 55.25573712609939, 0.0 ], [ 14.820076499637377, 55.255749375291067, 0.0 ], [ 14.820098115361409, 55.255752752393732, 0.0 ] ] ], [ [ [ 14.820118735643812, 55.253730816562253, 0.0 ], [ 14.820103046567409, 55.253715182762328, 0.0 ], [ 14.820097277541008, 55.253727431950111, 0.0 ], [ 14.820118735643812, 55.253730816562253, 0.0 ] ] ], [ [ [ 14.820243086884492, 55.254048953988963, 0.0 ], [ 14.820227384516754, 55.254033230812574, 0.0 ], [ 14.820221628598746, 55.254045569403004, 0.0 ], [ 14.820243086884492, 55.254048953988963, 0.0 ] ] ], [ [ [ 14.822403918112608, 55.106490537546051, 0.0 ], [ 14.82238813420798, 55.106474910022534, 0.0 ], [ 14.822382397060375, 55.106487248356288, 0.0 ], [ 14.822403918112608, 55.106490537546051, 0.0 ] ] ], [ [ [ 14.822091825655411, 55.250017346369312, 0.0 ], [ 14.822075980895244, 55.250001720293085, 0.0 ], [ 14.822070212943576, 55.25001396955183, 0.0 ], [ 14.822091825655411, 55.250017346369312, 0.0 ] ] ], [ [ [ 14.825021141895254, 55.105689737110161, 0.0 ], [ 14.825005513257782, 55.105674102461741, 0.0 ], [ 14.824999763978132, 55.105686351500218, 0.0 ], [ 14.825021141895254, 55.105689737110161, 0.0 ] ] ], [ [ [ 14.825196586001923, 55.251408220761839, 0.0 ], [ 14.825180895953592, 55.251392587638563, 0.0 ], [ 14.82517514191704, 55.251404926421991, 0.0 ], [ 14.825196586001923, 55.251408220761839, 0.0 ] ] ], [ [ [ 14.825613129260145, 55.241386480614125, 0.0 ], [ 14.825597443287647, 55.241370847445239, 0.0 ], [ 14.825591534156279, 55.241383193715535, 0.0 ], [ 14.825613129260145, 55.241386480614125, 0.0 ] ] ], [ [ [ 14.827123987987731, 55.119016061407471, 0.0 ], [ 14.827108196976887, 55.119000434670689, 0.0 ], [ 14.827102446717532, 55.119012683825098, 0.0 ], [ 14.827123987987731, 55.119016061407471, 0.0 ] ] ], [ [ [ 14.827732461089044, 55.162018532371341, 0.0 ], [ 14.827716807762426, 55.162002898677478, 0.0 ], [ 14.827711052415765, 55.162015147957462, 0.0 ], [ 14.827732461089044, 55.162018532371341, 0.0 ] ] ], [ [ [ 14.830655884383134, 55.146205006370316, 0.0 ], [ 14.83064022350435, 55.146189283519583, 0.0 ], [ 14.830634328002214, 55.146201629768264, 0.0 ], [ 14.830655884383134, 55.146205006370316, 0.0 ] ] ], [ [ [ 14.831183714580837, 55.145959111571571, 0.0 ], [ 14.831168222767348, 55.145943470695869, 0.0 ], [ 14.831162470465236, 55.145955720077083, 0.0 ], [ 14.831183714580837, 55.145959111571571, 0.0 ] ] ], [ [ [ 14.831717725325516, 55.249218771090732, 0.0 ], [ 14.831701877205411, 55.249203146346623, 0.0 ], [ 14.831696112354445, 55.249215395991847, 0.0 ], [ 14.831717725325516, 55.249218771090732, 0.0 ] ] ], [ [ [ 14.834230668150962, 55.246420037386422, 0.0 ], [ 14.834214963599585, 55.246404316063568, 0.0 ], [ 14.834209213014754, 55.246416655198331, 0.0 ], [ 14.834230668150962, 55.246420037386422, 0.0 ] ] ], [ [ [ 14.834264659892563, 55.245216575641869, 0.0 ], [ 14.834248799365248, 55.245200861816159, 0.0 ], [ 14.834243048939095, 55.245213200949465, 0.0 ], [ 14.834264659892563, 55.245216575641869, 0.0 ] ] ], [ [ [ 14.834519798957512, 55.245672467309689, 0.0 ], [ 14.834503951273716, 55.245656842919026, 0.0 ], [ 14.834498200871607, 55.245669182063651, 0.0 ], [ 14.834519798957512, 55.245672467309689, 0.0 ] ] ], [ [ [ 14.835537227410422, 55.074778984725285, 0.0 ], [ 14.835521594641985, 55.074763261809451, 0.0 ], [ 14.835515865457538, 55.074775600595025, 0.0 ], [ 14.835537227410422, 55.074778984725285, 0.0 ] ] ], [ [ [ 14.836454109762062, 55.247362166936, 0.0 ], [ 14.836438417093699, 55.247346535324453, 0.0 ], [ 14.83643265394924, 55.247358785156287, 0.0 ], [ 14.836454109762062, 55.247362166936, 0.0 ] ] ], [ [ [ 14.837661222697744, 55.246656063751111, 0.0 ], [ 14.837645373386758, 55.246640439808246, 0.0 ], [ 14.837639610705889, 55.246652689687046, 0.0 ], [ 14.837661222697744, 55.246656063751111, 0.0 ] ] ], [ [ [ 14.838735727592658, 55.167575992421249, 0.0 ], [ 14.838720223875171, 55.167560352798304, 0.0 ], [ 14.838714484375139, 55.167572691929571, 0.0 ], [ 14.838735727592658, 55.167575992421249, 0.0 ] ] ], [ [ [ 14.838802115294742, 55.246290720140244, 0.0 ], [ 14.838786409029499, 55.246274999447714, 0.0 ], [ 14.838780659896413, 55.246287338765697, 0.0 ], [ 14.838802115294742, 55.246290720140244, 0.0 ] ] ], [ [ [ 14.838837148113511, 55.246689650198967, 0.0 ], [ 14.838821285189105, 55.246673937026209, 0.0 ], [ 14.838815692494666, 55.246686268835674, 0.0 ], [ 14.838837148113511, 55.246689650198967, 0.0 ] ] ], [ [ [ 14.839072446337582, 55.247164491215116, 0.0 ], [ 14.839056752745678, 55.247148859962913, 0.0 ], [ 14.839050990442175, 55.247161109899807, 0.0 ], [ 14.839072446337582, 55.247164491215116, 0.0 ] ] ], [ [ [ 14.84034482511184, 55.246554254772505, 0.0 ], [ 14.840329118138195, 55.246538534295837, 0.0 ], [ 14.840323212981447, 55.246550881189108, 0.0 ], [ 14.84034482511184, 55.246554254772505, 0.0 ] ] ], [ [ [ 14.841275600361472, 55.247117232618095, 0.0 ], [ 14.841259905942151, 55.247101601669506, 0.0 ], [ 14.841254144331558, 55.247113851695048, 0.0 ], [ 14.841275600361472, 55.247117232618095, 0.0 ] ] ], [ [ [ 14.845192890656632, 55.119367457707057, 0.0 ], [ 14.845177092585406, 55.119351833487727, 0.0 ], [ 14.84517150386838, 55.119364075862052, 0.0 ], [ 14.845192890656632, 55.119367457707057, 0.0 ] ] ], [ [ [ 14.845473338819357, 55.124791582954103, 0.0 ], [ 14.845457525239938, 55.124775869435609, 0.0 ], [ 14.845451793071991, 55.124788208736327, 0.0 ], [ 14.845473338819357, 55.124791582954103, 0.0 ] ] ], [ [ [ 14.845900116208215, 55.229367023527047, 0.0 ], [ 14.845884257953482, 55.229351311158965, 0.0 ], [ 14.845878669535201, 55.229363643203776, 0.0 ], [ 14.845900116208215, 55.229367023527047, 0.0 ] ] ], [ [ [ 14.846635020394652, 55.229169739021465, 0.0 ], [ 14.846619474751762, 55.229154011715295, 0.0 ], [ 14.846613573775903, 55.229166358826724, 0.0 ], [ 14.846635020394652, 55.229169739021465, 0.0 ] ] ], [ [ [ 14.846937372397349, 55.229551315277654, 0.0 ], [ 14.846921670070392, 55.229535595536476, 0.0 ], [ 14.846915769141145, 55.229547942661334, 0.0 ], [ 14.846937372397349, 55.229551315277654, 0.0 ] ] ], [ [ [ 14.849153687820024, 55.233545408383684, 0.0 ], [ 14.849137996110006, 55.233529778382668, 0.0 ], [ 14.849132238629691, 55.233542028693471, 0.0 ], [ 14.849153687820024, 55.233545408383684, 0.0 ] ] ], [ [ [ 14.849598205878541, 55.168660440093603, 0.0 ], [ 14.849582385204426, 55.168644817001514, 0.0 ], [ 14.849576635840778, 55.16865706717698, 0.0 ], [ 14.849598205878541, 55.168660440093603, 0.0 ] ] ], [ [ [ 14.855697795815047, 55.232861393795105, 0.0 ], [ 14.855682088700675, 55.232845675299032, 0.0 ], [ 14.855676346522724, 55.232858015263069, 0.0 ], [ 14.855697795815047, 55.232861393795105, 0.0 ] ] ], [ [ [ 14.861591494389145, 55.0910064778353, 0.0 ], [ 14.861575857920776, 55.090990848076288, 0.0 ], [ 14.861570121777882, 55.091003098549088, 0.0 ], [ 14.861591494389145, 55.0910064778353, 0.0 ] ] ], [ [ [ 14.861141033332544, 55.232446143559322, 0.0 ], [ 14.861125324289723, 55.232430425811515, 0.0 ], [ 14.861119427457105, 55.232442773530749, 0.0 ], [ 14.861141033332544, 55.232446143559322, 0.0 ] ] ], [ [ [ 14.861461592962865, 55.222581719899097, 0.0 ], [ 14.861445901157069, 55.222566091484282, 0.0 ], [ 14.861440148862597, 55.222578342264228, 0.0 ], [ 14.861461592962865, 55.222581719899097, 0.0 ] ] ], [ [ [ 14.864225640530018, 55.228318273407837, 0.0 ], [ 14.864209945237379, 55.228302645434042, 0.0 ], [ 14.864204349496191, 55.228314888796959, 0.0 ], [ 14.864225640530018, 55.228318273407837, 0.0 ] ] ], [ [ [ 14.864923144318736, 55.156632422749311, 0.0 ], [ 14.864907479002508, 55.156616794130024, 0.0 ], [ 14.864901749039278, 55.156629134283698, 0.0 ], [ 14.864923144318736, 55.156632422749311, 0.0 ] ] ], [ [ [ 14.865319130056172, 55.225056090755317, 0.0 ], [ 14.865303279338155, 55.225040470441691, 0.0 ], [ 14.865297684325872, 55.225052713839666, 0.0 ], [ 14.865319130056172, 55.225056090755317, 0.0 ] ] ], [ [ [ 14.867089987729491, 55.145130431319672, 0.0 ], [ 14.86707433958467, 55.145114892271309, 0.0 ], [ 14.867068598540657, 55.145127143093404, 0.0 ], [ 14.867089987729491, 55.145130431319672, 0.0 ] ] ], [ [ [ 14.86983682527401, 55.144376638475862, 0.0 ], [ 14.869821007166117, 55.144361017949194, 0.0 ], [ 14.86981526706778, 55.144373268879669, 0.0 ], [ 14.86983682527401, 55.144376638475862, 0.0 ] ] ], [ [ [ 14.871696002931344, 55.14506092767553, 0.0 ], [ 14.871680183821312, 55.145045307415039, 0.0 ], [ 14.871674444217057, 55.145057558421684, 0.0 ], [ 14.871696002931344, 55.14506092767553, 0.0 ] ] ], [ [ [ 14.873864999485837, 55.236144554311707, 0.0 ], [ 14.873849127532759, 55.23612884591676, 0.0 ], [ 14.873843390656841, 55.236141186615789, 0.0 ], [ 14.873864999485837, 55.236144554311707, 0.0 ] ] ], [ [ [ 14.874299753629927, 55.221894773498285, 0.0 ], [ 14.874283887598946, 55.221879065015031, 0.0 ], [ 14.874278152604028, 55.221891405697761, 0.0 ], [ 14.874299753629927, 55.221894773498285, 0.0 ] ] ], [ [ [ 14.875699782957398, 55.216285868567127, 0.0 ], [ 14.87568408834367, 55.216270242053845, 0.0 ], [ 14.875678510821441, 55.21628257522395, 0.0 ], [ 14.875699782957398, 55.216285868567127, 0.0 ] ] ], [ [ [ 14.877274553075811, 55.101969806066634, 0.0 ], [ 14.877258750111968, 55.101954186132247, 0.0 ], [ 14.877253017497914, 55.101966437259605, 0.0 ], [ 14.877274553075811, 55.101969806066634, 0.0 ] ] ], [ [ [ 14.87860796213478, 55.121495181798167, 0.0 ], [ 14.878592137208559, 55.121479472864557, 0.0 ], [ 14.878586415803449, 55.121491813481491, 0.0 ], [ 14.87860796213478, 55.121495181798167, 0.0 ] ] ], [ [ [ 14.880419464908194, 55.064726254038796, 0.0 ], [ 14.88040367650699, 55.064710634152007, 0.0 ], [ 14.880398118303797, 55.064722967158488, 0.0 ], [ 14.880419464908194, 55.064726254038796, 0.0 ] ] ], [ [ [ 14.883224640527779, 55.148842452356725, 0.0 ], [ 14.883208971480158, 55.148826826183502, 0.0 ], [ 14.883203234996799, 55.148839077661229, 0.0 ], [ 14.883224640527779, 55.148842452356725, 0.0 ] ] ], [ [ [ 14.88488147974712, 55.08014764930661, 0.0 ], [ 14.884865838932564, 55.0801320226483, 0.0 ], [ 14.884860111333046, 55.080144274027873, 0.0 ], [ 14.88488147974712, 55.08014764930661, 0.0 ] ] ], [ [ [ 14.88519152486918, 55.21890134795165, 0.0 ], [ 14.885175825504817, 55.218885722777053, 0.0 ], [ 14.885169924702405, 55.218897982068732, 0.0 ], [ 14.88519152486918, 55.21890134795165, 0.0 ] ] ], [ [ [ 14.885762946779128, 55.085749730617827, 0.0 ], [ 14.885747147443421, 55.085734111695878, 0.0 ], [ 14.885741419436195, 55.085746363124137, 0.0 ], [ 14.885762946779128, 55.085749730617827, 0.0 ] ] ], [ [ [ 14.886167678274276, 55.197927053480754, 0.0 ], [ 14.8861521436713, 55.197911420656411, 0.0 ], [ 14.886146415328623, 55.197923761756542, 0.0 ], [ 14.886167678274276, 55.197927053480754, 0.0 ] ] ], [ [ [ 14.889895658312261, 55.051262058893805, 0.0 ], [ 14.889879871988271, 55.05124644018548, 0.0 ], [ 14.889874162614596, 55.051258781084869, 0.0 ], [ 14.889895658312261, 55.051262058893805, 0.0 ] ] ], [ [ [ 14.890404085996007, 55.213350791681648, 0.0 ], [ 14.890388386977223, 55.213335167169944, 0.0 ], [ 14.89038265808084, 55.213347508475835, 0.0 ], [ 14.890404085996007, 55.213350791681648, 0.0 ] ] ], [ [ [ 14.890603327487376, 55.212836981748559, 0.0 ], [ 14.890587628609339, 55.212821357259038, 0.0 ], [ 14.890582042921068, 55.212833601611337, 0.0 ], [ 14.890603327487376, 55.212836981748559, 0.0 ] ] ], [ [ [ 14.890966448712271, 55.213120891878148, 0.0 ], [ 14.890950749574801, 55.213105267441804, 0.0 ], [ 14.890944864552528, 55.213117616344213, 0.0 ], [ 14.890966448712271, 55.213120891878148, 0.0 ] ] ], [ [ [ 14.891178018032043, 55.136762464978013, 0.0 ], [ 14.891162337814089, 55.136746750390529, 0.0 ], [ 14.891156618486916, 55.136759091545059, 0.0 ], [ 14.891178018032043, 55.136762464978013, 0.0 ] ] ], [ [ [ 14.891901135527894, 55.045123897493596, 0.0 ], [ 14.891885351032974, 55.045108279000161, 0.0 ], [ 14.891879785533828, 55.045120523015605, 0.0 ], [ 14.891901135527894, 55.045123897493596, 0.0 ] ] ], [ [ [ 14.892007279697456, 55.21230980874298, 0.0 ], [ 14.8919915672539, 55.21229409505608, 0.0 ], [ 14.891985838987692, 55.212306436423482, 0.0 ], [ 14.892007279697456, 55.21230980874298, 0.0 ] ] ], [ [ [ 14.892530631833985, 55.044674693203817, 0.0 ], [ 14.892515002962124, 55.044659067231983, 0.0 ], [ 14.892509282037182, 55.044671318832094, 0.0 ], [ 14.892530631833985, 55.044674693203817, 0.0 ] ] ], [ [ [ 14.892556170117398, 55.213741662898897, 0.0 ], [ 14.892540313774806, 55.213726046265435, 0.0 ], [ 14.892534728587011, 55.213738290695552, 0.0 ], [ 14.892556170117398, 55.213741662898897, 0.0 ] ] ], [ [ [ 14.892621704489729, 55.219162591971909, 0.0 ], [ 14.892606002161774, 55.219146967827065, 0.0 ], [ 14.892600259997447, 55.21915921984948, 0.0 ], [ 14.892621704489729, 55.219162591971909, 0.0 ] ] ], [ [ [ 14.89378504938349, 55.214429332309678, 0.0 ], [ 14.893769179021517, 55.214413626469216, 0.0 ], [ 14.893763451054392, 55.214425967912604, 0.0 ], [ 14.89378504938349, 55.214429332309678, 0.0 ] ] ], [ [ [ 14.894240909762088, 55.052455474083565, 0.0 ], [ 14.894225121277003, 55.052439855993086, 0.0 ], [ 14.894219413114767, 55.052452197068241, 0.0 ], [ 14.894240909762088, 55.052455474083565, 0.0 ] ] ], [ [ [ 14.896329438398551, 55.051512318574865, 0.0 ], [ 14.896313805214563, 55.051496693198622, 0.0 ], [ 14.896308084637596, 55.051508944966933, 0.0 ], [ 14.896329438398551, 55.051512318574865, 0.0 ] ] ], [ [ [ 14.896216128420669, 55.210584196999392, 0.0 ], [ 14.896200428340578, 55.210568573262378, 0.0 ], [ 14.896194532028611, 55.210580832989422, 0.0 ], [ 14.896216128420669, 55.210584196999392, 0.0 ] ] ], [ [ [ 14.898088680942408, 55.207499921691827, 0.0 ], [ 14.898072825141275, 55.207484305764929, 0.0 ], [ 14.898067099370085, 55.207496647363534, 0.0 ], [ 14.898088680942408, 55.207499921691827, 0.0 ] ] ], [ [ [ 14.899476407794568, 55.0801324171074, 0.0 ], [ 14.899460748210586, 55.080116703077152, 0.0 ], [ 14.89945503833923, 55.080129044426862, 0.0 ], [ 14.899476407794568, 55.0801324171074, 0.0 ] ] ], [ [ [ 14.900937715137649, 55.201550409488618, 0.0 ], [ 14.900922003800375, 55.201534696925826, 0.0 ], [ 14.900916279648417, 55.201547038623865, 0.0 ], [ 14.900937715137649, 55.201550409488618, 0.0 ] ] ], [ [ [ 14.901768448634119, 55.045405012142069, 0.0 ], [ 14.901752647070214, 55.04538930563934, 0.0 ], [ 14.901746942106628, 55.045401646996972, 0.0 ], [ 14.901768448634119, 55.045405012142069, 0.0 ] ] ], [ [ [ 14.902034860283567, 55.218836578162559, 0.0 ], [ 14.902019154479355, 55.218820955315842, 0.0 ], [ 14.902013272213914, 55.218833304688189, 0.0 ], [ 14.902034860283567, 55.218836578162559, 0.0 ] ] ], [ [ [ 14.903844106619271, 55.109719528747377, 0.0 ], [ 14.903828602064223, 55.109703897433697, 0.0 ], [ 14.903822720829854, 55.109716157224177, 0.0 ], [ 14.903844106619271, 55.109719528747377, 0.0 ] ] ], [ [ [ 14.905932430198659, 55.110108532798748, 0.0 ], [ 14.905916768758836, 55.110092909359359, 0.0 ], [ 14.90591105727853, 55.110105251037737, 0.0 ], [ 14.905932430198659, 55.110108532798748, 0.0 ] ] ], [ [ [ 14.906445960302607, 55.12152639898823, 0.0 ], [ 14.906430280627303, 55.121510686353744, 0.0 ], [ 14.906424567924839, 55.121523028079899, 0.0 ], [ 14.906445960302607, 55.12152639898823, 0.0 ] ] ], [ [ [ 14.906631178692182, 55.111042442365353, 0.0 ], [ 14.906615516592549, 55.111026819032269, 0.0 ], [ 14.906609791985328, 55.111039071355528, 0.0 ], [ 14.906631178692182, 55.111042442365353, 0.0 ] ] ], [ [ [ 14.906728012509337, 55.086617316399092, 0.0 ], [ 14.906712360634982, 55.08660169282475, 0.0 ], [ 14.906706652244724, 55.08661403447843, 0.0 ], [ 14.906728012509337, 55.086617316399092, 0.0 ] ] ], [ [ [ 14.907526555939283, 55.109896027261058, 0.0 ], [ 14.907510738056871, 55.109880411626172, 0.0 ], [ 14.90750501386688, 55.109892663982428, 0.0 ], [ 14.907526555939283, 55.109896027261058, 0.0 ] ] ], [ [ [ 14.908929323007531, 55.111475297188278, 0.0 ], [ 14.90891364660957, 55.111459584792463, 0.0 ], [ 14.908907935900817, 55.111471926593318, 0.0 ], [ 14.908929323007531, 55.111475297188278, 0.0 ] ] ], [ [ [ 14.909044814576404, 55.105064024071424, 0.0 ], [ 14.90902916730218, 55.105048490394324, 0.0 ], [ 14.909023430935809, 55.105060653414711, 0.0 ], [ 14.909044814576404, 55.105064024071424, 0.0 ] ] ], [ [ [ 14.909262000660624, 55.107425807335531, 0.0 ], [ 14.909246325839355, 55.107410094943489, 0.0 ], [ 14.909240615724666, 55.107422436747846, 0.0 ], [ 14.909262000660624, 55.107425807335531, 0.0 ] ] ], [ [ [ 14.911703602388704, 55.124912055786297, 0.0 ], [ 14.911687919264269, 55.1248963439146, 0.0 ], [ 14.911682207796277, 55.124908685858031, 0.0 ], [ 14.911703602388704, 55.124912055786297, 0.0 ] ] ], [ [ [ 14.912004718581748, 55.07182521415362, 0.0 ], [ 14.911988915127544, 55.071809598742604, 0.0 ], [ 14.911983196946426, 55.071821851185639, 0.0 ], [ 14.912004718581748, 55.07182521415362, 0.0 ] ] ], [ [ [ 14.913121225587604, 55.026990397865937, 0.0 ], [ 14.913105596266545, 55.02697477455218, 0.0 ], [ 14.913099741461501, 55.026987123902558, 0.0 ], [ 14.913121225587604, 55.026990397865937, 0.0 ] ] ], [ [ [ 14.913393955070571, 55.113504167485395, 0.0 ], [ 14.913378120166536, 55.113488463322781, 0.0 ], [ 14.913372566543117, 55.113500797711737, 0.0 ], [ 14.913393955070571, 55.113504167485395, 0.0 ] ] ], [ [ [ 14.914295866566327, 55.206730627206007, 0.0 ], [ 14.914280161177624, 55.206715005929155, 0.0 ], [ 14.914274427288737, 55.206727258789371, 0.0 ], [ 14.914295866566327, 55.206730627206007, 0.0 ] ] ], [ [ [ 14.914645044251683, 55.152637408655096, 0.0 ], [ 14.914629361572711, 55.152621786863129, 0.0 ], [ 14.914623647664593, 55.152634128990059, 0.0 ], [ 14.914645044251683, 55.152637408655096, 0.0 ] ] ], [ [ [ 14.914860874106479, 55.085176927516834, 0.0 ], [ 14.914845219730571, 55.085161305051074, 0.0 ], [ 14.914839514054822, 55.085173647024554, 0.0 ], [ 14.914860874106479, 55.085176927516834, 0.0 ] ] ], [ [ [ 14.914966045675857, 55.066333171960707, 0.0 ], [ 14.914950243417437, 55.066317556904743, 0.0 ], [ 14.91494452681942, 55.066329809452611, 0.0 ], [ 14.914966045675857, 55.066333171960707, 0.0 ] ] ], [ [ [ 14.918374982159333, 55.070303810935464, 0.0 ], [ 14.918359176919557, 55.07028819639666, 0.0 ], [ 14.9183534608974, 55.070300449090055, 0.0 ], [ 14.918374982159333, 55.070303810935464, 0.0 ] ] ], [ [ [ 14.918571050705502, 55.071622273535496, 0.0 ], [ 14.918555387363472, 55.071606562057063, 0.0 ], [ 14.918549684482086, 55.071618904145268, 0.0 ], [ 14.918571050705502, 55.071622273535496, 0.0 ] ] ], [ [ [ 14.91910260784895, 55.072469544055004, 0.0 ], [ 14.919086801414402, 55.07245392964051, 0.0 ], [ 14.919081098596749, 55.072466271751864, 0.0 ], [ 14.91910260784895, 55.072469544055004, 0.0 ] ] ], [ [ [ 14.919160514222058, 55.072066088236397, 0.0 ], [ 14.919144707936306, 55.072050473825726, 0.0 ], [ 14.919139005185388, 55.072062815938402, 0.0 ], [ 14.919160514222058, 55.072066088236397, 0.0 ] ] ], [ [ [ 14.919193749774582, 55.072609235846478, 0.0 ], [ 14.919178085778798, 55.072593524464516, 0.0 ], [ 14.919172382972812, 55.072605866579821, 0.0 ], [ 14.919193749774582, 55.072609235846478, 0.0 ] ] ], [ [ [ 14.919422542046883, 55.07022120607504, 0.0 ], [ 14.919406892207361, 55.070205584083418, 0.0 ], [ 14.919401189760761, 55.070217926202055, 0.0 ], [ 14.919422542046883, 55.07022120607504, 0.0 ] ] ], [ [ [ 14.919482101819536, 55.07070905185018, 0.0 ], [ 14.919466451752566, 55.070693429871881, 0.0 ], [ 14.919460736024584, 55.070705682610402, 0.0 ], [ 14.919482101819536, 55.07070905185018, 0.0 ] ] ], [ [ [ 14.919495012471408, 55.073152634333383, 0.0 ], [ 14.919479205597844, 55.073137019980798, 0.0 ], [ 14.919473645354183, 55.073149265127348, 0.0 ], [ 14.919495012471408, 55.073152634333383, 0.0 ] ] ], [ [ [ 14.919532292502813, 55.072993354195958, 0.0 ], [ 14.919516472440103, 55.072977650463301, 0.0 ], [ 14.919510769693451, 55.072989992592959, 0.0 ], [ 14.919532292502813, 55.072993354195958, 0.0 ] ] ], [ [ [ 14.919611745469455, 55.071967553080881, 0.0 ], [ 14.919595939053327, 55.071951938732106, 0.0 ], [ 14.91959023645518, 55.071964280862474, 0.0 ], [ 14.919611745469455, 55.071967553080881, 0.0 ] ] ], [ [ [ 14.91974052952386, 55.071956769492587, 0.0 ], [ 14.919724723063176, 55.071941155161667, 0.0 ], [ 14.919719020506539, 55.071953497297102, 0.0 ], [ 14.91974052952386, 55.071956769492587, 0.0 ] ] ], [ [ [ 14.920194839405333, 55.073951359931087, 0.0 ], [ 14.920179018682138, 55.073935656301039, 0.0 ], [ 14.920173316026839, 55.073947998459317, 0.0 ], [ 14.920194839405333, 55.073951359931087, 0.0 ] ] ], [ [ [ 14.92020385665184, 55.071457010337319, 0.0 ], [ 14.920188050226104, 55.071441396065723, 0.0 ], [ 14.920182334631262, 55.071453648834826, 0.0 ], [ 14.92020385665184, 55.071457010337319, 0.0 ] ] ], [ [ [ 14.920371533495471, 55.071921575552651, 0.0 ], [ 14.920355869336426, 55.071905864326418, 0.0 ], [ 14.920350322752311, 55.071918198887417, 0.0 ], [ 14.920371533495471, 55.071921575552651, 0.0 ] ] ], [ [ [ 14.920424538171961, 55.072013520738743, 0.0 ], [ 14.920408718182438, 55.071997817120319, 0.0 ], [ 14.920403015832536, 55.072010159283053, 0.0 ], [ 14.920424538171961, 55.072013520738743, 0.0 ] ] ], [ [ [ 14.920436378848365, 55.0720669608368, 0.0 ], [ 14.920420572075596, 55.07205134660407, 0.0 ], [ 14.92041485647899, 55.072063599383924, 0.0 ], [ 14.920436378848365, 55.0720669608368, 0.0 ] ] ], [ [ [ 14.92046383726414, 55.072160152321153, 0.0 ], [ 14.920448186213479, 55.072144530493667, 0.0 ], [ 14.920442483858208, 55.072156872658311, 0.0 ], [ 14.92046383726414, 55.072160152321153, 0.0 ] ] ], [ [ [ 14.920592731302222, 55.072896608257459, 0.0 ], [ 14.920576924118395, 55.072880994055282, 0.0 ], [ 14.920571208469813, 55.072893246843385, 0.0 ], [ 14.920592731302222, 55.072896608257459, 0.0 ] ] ], [ [ [ 14.920701940841298, 55.069524172465606, 0.0 ], [ 14.920686290805945, 55.069508550643491, 0.0 ], [ 14.920680433081031, 55.069520900410886, 0.0 ], [ 14.920701940841298, 55.069524172465606, 0.0 ] ] ], [ [ [ 14.920856848314932, 55.072104966153923, 0.0 ], [ 14.920841041365682, 55.072089351980239, 0.0 ], [ 14.920835494911509, 55.072101686560302, 0.0 ], [ 14.920856848314932, 55.072104966153923, 0.0 ] ] ], [ [ [ 14.920906418624304, 55.072287018326385, 0.0 ], [ 14.920890598333928, 55.072271314778128, 0.0 ], [ 14.920884896101512, 55.07228365696065, 0.0 ], [ 14.920906418624304, 55.072287018326385, 0.0 ] ] ], [ [ [ 14.92094328958358, 55.126325521106125, 0.0 ], [ 14.920927459597726, 55.126309907515662, 0.0 ], [ 14.9209217375773, 55.126322160447216, 0.0 ], [ 14.92094328958358, 55.126325521106125, 0.0 ] ] ], [ [ [ 14.921785366901732, 55.068697051735114, 0.0 ], [ 14.921769703554654, 55.068681340670757, 0.0 ], [ 14.921764002029491, 55.068693682879527, 0.0 ], [ 14.921785366901732, 55.068697051735114, 0.0 ] ] ], [ [ [ 14.921742414941795, 55.154488372080863, 0.0 ], [ 14.921726728764718, 55.154472751289603, 0.0 ], [ 14.92172101685475, 55.154485093703258, 0.0 ], [ 14.921742414941795, 55.154488372080863, 0.0 ] ] ], [ [ [ 14.922065147541471, 55.070438887185475, 0.0 ], [ 14.922049340837054, 55.070423273162739, 0.0 ], [ 14.922043794954192, 55.070435607785349, 0.0 ], [ 14.922065147541471, 55.070438887185475, 0.0 ] ] ], [ [ [ 14.922082108718708, 55.071559019209552, 0.0 ], [ 14.922066288286002, 55.071543315817756, 0.0 ], [ 14.922060742277756, 55.071555650443642, 0.0 ], [ 14.922082108718708, 55.071559019209552, 0.0 ] ] ], [ [ [ 14.922355685354081, 55.068304598659232, 0.0 ], [ 14.922340035199333, 55.068288977052873, 0.0 ], [ 14.922334320653135, 55.068301229900101, 0.0 ], [ 14.922355685354081, 55.068304598659232, 0.0 ] ] ], [ [ [ 14.922411296443629, 55.070426495768338, 0.0 ], [ 14.922395632129662, 55.070410784808665, 0.0 ], [ 14.922390086356279, 55.070423119444548, 0.0 ], [ 14.922411296443629, 55.070426495768338, 0.0 ] ] ], [ [ [ 14.922484891759384, 55.071570872958382, 0.0 ], [ 14.922469226936325, 55.07155516202085, 0.0 ], [ 14.922463369513912, 55.071567511866419, 0.0 ], [ 14.922484891759384, 55.071570872958382, 0.0 ] ] ], [ [ [ 14.922518214648919, 55.070551910824541, 0.0 ], [ 14.922502563489067, 55.070536289264133, 0.0 ], [ 14.922496848721272, 55.070548542123298, 0.0 ], [ 14.922518214648919, 55.070551910824541, 0.0 ] ] ], [ [ [ 14.922571888521768, 55.063265796878667, 0.0 ], [ 14.922556253642954, 55.063250264632792, 0.0 ], [ 14.922550539773422, 55.06326251747641, 0.0 ], [ 14.922571888521768, 55.063265796878667, 0.0 ] ] ], [ [ [ 14.922468737882927, 55.177869717495447, 0.0 ], [ 14.922453041559061, 55.177854097048495, 0.0 ], [ 14.922447313738848, 55.177866350165644, 0.0 ], [ 14.922468737882927, 55.177869717495447, 0.0 ] ] ], [ [ [ 14.922735725011089, 55.071761107965877, 0.0 ], [ 14.922719917490864, 55.071745494050603, 0.0 ], [ 14.922714215893022, 55.071757836304471, 0.0 ], [ 14.922735725011089, 55.071761107965877, 0.0 ] ] ], [ [ [ 14.922738569841197, 55.070536564744863, 0.0 ], [ 14.922722762838577, 55.07052095081707, 0.0 ], [ 14.922717061389232, 55.070533293068117, 0.0 ], [ 14.922738569841197, 55.070536564744863, 0.0 ] ] ], [ [ [ 14.922795774727845, 55.070394316699385, 0.0 ], [ 14.922780266044333, 55.070378598190182, 0.0 ], [ 14.922774408865513, 55.070390948045542, 0.0 ], [ 14.922795774727845, 55.070394316699385, 0.0 ] ] ], [ [ [ 14.92293300926095, 55.033839960826164, 0.0 ], [ 14.922917217710534, 55.033824346538431, 0.0 ], [ 14.922911520739547, 55.033836688708597, 0.0 ], [ 14.92293300926095, 55.033839960826164, 0.0 ] ] ], [ [ [ 14.922920659262106, 55.070527677459026, 0.0 ], [ 14.922904852193806, 55.070512063556556, 0.0 ], [ 14.922899150802385, 55.070524405814794, 0.0 ], [ 14.922920659262106, 55.070527677459026, 0.0 ] ] ], [ [ [ 14.923027692385363, 55.069172007104143, 0.0 ], [ 14.923011885850432, 55.069156393202313, 0.0 ], [ 14.923006171407522, 55.069168646078431, 0.0 ], [ 14.923027692385363, 55.069172007104143, 0.0 ] ] ], [ [ [ 14.923127334622347, 55.067933735928769, 0.0 ], [ 14.923111684328726, 55.067918114425169, 0.0 ], [ 14.92310598331451, 55.067930456685339, 0.0 ], [ 14.923127334622347, 55.067933735928769, 0.0 ] ] ], [ [ [ 14.923371343403474, 55.069942993558534, 0.0 ], [ 14.923355536410938, 55.069927379712752, 0.0 ], [ 14.923349821981249, 55.069939632604431, 0.0 ], [ 14.923371343403474, 55.069942993558534, 0.0 ] ] ], [ [ [ 14.923855494074008, 55.071803413714782, 0.0 ], [ 14.923839672857332, 55.071787710573204, 0.0 ], [ 14.923833971604029, 55.071800052871623, 0.0 ], [ 14.923855494074008, 55.071803413714782, 0.0 ] ] ], [ [ [ 14.923915191952519, 55.069623849074262, 0.0 ], [ 14.923899540648971, 55.069608227697195, 0.0 ], [ 14.923893839677042, 55.069620569992722, 0.0 ], [ 14.923915191952519, 55.069623849074262, 0.0 ] ] ], [ [ [ 14.923963004187724, 55.067505904734226, 0.0 ], [ 14.923947198001729, 55.067490290945258, 0.0 ], [ 14.923941653052944, 55.067502625633971, 0.0 ], [ 14.923963004187724, 55.067505904734226, 0.0 ] ] ], [ [ [ 14.924067283635086, 55.068486640292363, 0.0 ], [ 14.924051632750736, 55.068471018924427, 0.0 ], [ 14.924045776206523, 55.068483368827117, 0.0 ], [ 14.924067283635086, 55.068486640292363, 0.0 ] ] ], [ [ [ 14.924219922159713, 55.068762782480839, 0.0 ], [ 14.924204413608257, 55.068747064149932, 0.0 ], [ 14.924198712835292, 55.068759406455484, 0.0 ], [ 14.924219922159713, 55.068762782480839, 0.0 ] ] ], [ [ [ 14.924240772716683, 55.071012510000628, 0.0 ], [ 14.924225107454145, 55.070996799300218, 0.0 ], [ 14.924219250649939, 55.071009149216302, 0.0 ], [ 14.924240772716683, 55.071012510000628, 0.0 ] ] ], [ [ [ 14.924330170083035, 55.067316922997925, 0.0 ], [ 14.924314519589208, 55.067301301654112, 0.0 ], [ 14.924308805774533, 55.067313554577638, 0.0 ], [ 14.924330170083035, 55.067316922997925, 0.0 ] ] ], [ [ [ 14.924358080372871, 55.070831224980068, 0.0 ], [ 14.924342259375692, 55.07081552189841, 0.0 ], [ 14.924336558396488, 55.070827864214451, 0.0 ], [ 14.924358080372871, 55.070831224980068, 0.0 ] ] ], [ [ [ 14.926121983542156, 55.066122062135157, 0.0 ], [ 14.926106163865233, 55.066106359250085, 0.0 ], [ 14.92610046400414, 55.066118701624717, 0.0 ], [ 14.926121983542156, 55.066122062135157, 0.0 ] ] ], [ [ [ 14.926758558219246, 55.070951869390363, 0.0 ], [ 14.926742905273132, 55.070936248420168, 0.0 ], [ 14.926737347537069, 55.07094849384174, 0.0 ], [ 14.926758558219246, 55.070951869390363, 0.0 ] ] ], [ [ [ 14.928257737287664, 55.072000235046531, 0.0 ], [ 14.92824191429871, 55.071984532521817, 0.0 ], [ 14.928236214396252, 55.071996874995392, 0.0 ], [ 14.928257737287664, 55.072000235046531, 0.0 ] ] ], [ [ [ 14.931201360669341, 55.206825203199784, 0.0 ], [ 14.93118564875485, 55.206809584263169, 0.0 ], [ 14.93117993345575, 55.206821927178794, 0.0 ], [ 14.931201360669341, 55.206825203199784, 0.0 ] ] ], [ [ [ 14.932501775241398, 55.168629372265521, 0.0 ], [ 14.932486078975929, 55.168613753110222, 0.0 ], [ 14.93248036872202, 55.168626095985516, 0.0 ], [ 14.932501775241398, 55.168629372265521, 0.0 ] ] ], [ [ [ 14.932911511410664, 55.04528129583494, 0.0 ], [ 14.932895866885458, 55.045265675446522, 0.0 ], [ 14.932890171651085, 55.045278018039987, 0.0 ], [ 14.932911511410664, 55.04528129583494, 0.0 ] ] ], [ [ [ 14.938054977591019, 55.195259374717388, 0.0 ], [ 14.938039254597816, 55.195243667229896, 0.0 ], [ 14.938033542854107, 55.195256010390061, 0.0 ], [ 14.938054977591019, 55.195259374717388, 0.0 ] ] ], [ [ [ 14.938348499582723, 55.160349124437296, 0.0 ], [ 14.938332635136174, 55.160333424255775, 0.0 ], [ 14.938326927717474, 55.160345767343266, 0.0 ], [ 14.938348499582723, 55.160349124437296, 0.0 ] ] ], [ [ [ 14.942748902638668, 55.166589086516339, 0.0 ], [ 14.942733203310144, 55.166573468757818, 0.0 ], [ 14.942727496514495, 55.166585812035066, 0.0 ], [ 14.942748902638668, 55.166589086516339, 0.0 ] ] ], [ [ [ 14.942864730579791, 55.158836255973185, 0.0 ], [ 14.942849034480812, 55.158820638149621, 0.0 ], [ 14.94284331532327, 55.158832892034162, 0.0 ], [ 14.942864730579791, 55.158836255973185, 0.0 ] ] ], [ [ [ 14.946580912428953, 55.208761371, 0.0 ], [ 14.946565180425393, 55.208745664835611, 0.0 ], [ 14.946559313419908, 55.208758016012453, 0.0 ], [ 14.946580912428953, 55.208761371, 0.0 ] ] ], [ [ [ 14.950736397327663, 55.038794851408845, 0.0 ], [ 14.950720593093523, 55.038779241051891, 0.0 ], [ 14.950715046537121, 55.03879148732117, 0.0 ], [ 14.950736397327663, 55.038794851408845, 0.0 ] ] ], [ [ [ 14.95128186207241, 55.1696197181627, 0.0 ], [ 14.951266002052572, 55.169604109265038, 0.0 ], [ 14.951260440346092, 55.169616355863226, 0.0 ], [ 14.95128186207241, 55.1696197181627, 0.0 ] ] ], [ [ [ 14.952083366837892, 55.161527139313613, 0.0 ], [ 14.952067496603163, 55.161511441065507, 0.0 ], [ 14.952061793344958, 55.161523784700776, 0.0 ], [ 14.952083366837892, 55.161527139313613, 0.0 ] ] ], [ [ [ 14.952798627035856, 55.162261864714793, 0.0 ], [ 14.952782756212308, 55.162246166574519, 0.0 ], [ 14.952777053089335, 55.162258510239909, 0.0 ], [ 14.952798627035856, 55.162261864714793, 0.0 ] ] ], [ [ [ 14.953115732888957, 55.184983710770034, 0.0 ], [ 14.953099865611334, 55.184968102290874, 0.0 ], [ 14.953094159837258, 55.184980446023985, 0.0 ], [ 14.953115732888957, 55.184983710770034, 0.0 ] ] ], [ [ [ 14.954849372638805, 55.147823824693148, 0.0 ], [ 14.954833507186342, 55.147808126687032, 0.0 ], [ 14.954827962508071, 55.147820462748179, 0.0 ], [ 14.954849372638805, 55.147823824693148, 0.0 ] ] ], [ [ [ 14.955584605501604, 55.163021051450876, 0.0 ], [ 14.95556874664932, 55.163005443084835, 0.0 ], [ 14.955563030940072, 55.163017697486097, 0.0 ], [ 14.955584605501604, 55.163021051450876, 0.0 ] ] ], [ [ [ 14.95664870341786, 55.175357346319174, 0.0 ], [ 14.956632825520462, 55.175341648856111, 0.0 ], [ 14.956627122019691, 55.175353992705929, 0.0 ], [ 14.95664870341786, 55.175357346319174, 0.0 ] ] ], [ [ [ 14.95844252521565, 55.163808339785739, 0.0 ], [ 14.958426807678448, 55.163792634794902, 0.0 ], [ 14.958421106136953, 55.163804978687786, 0.0 ], [ 14.95844252521565, 55.163808339785739, 0.0 ] ] ], [ [ [ 14.693031080140932, 55.101205890048163, 0.0 ], [ 14.693015335222242, 55.101190155103133, 0.0 ], [ 14.693009558318199, 55.101202488206333, 0.0 ], [ 14.693031080140932, 55.101205890048163, 0.0 ] ] ], [ [ [ 14.961037911370749, 55.164527236020298, 0.0 ], [ 14.9610220497899, 55.164511628432344, 0.0 ], [ 14.961016348974724, 55.164523972429791, 0.0 ], [ 14.961037911370749, 55.164527236020298, 0.0 ] ] ], [ [ [ 14.96228681099851, 55.170858231706006, 0.0 ], [ 14.962270946239077, 55.170842624359565, 0.0 ], [ 14.962265245049881, 55.170854968421878, 0.0 ], [ 14.96228681099851, 55.170858231706006, 0.0 ] ] ], [ [ [ 14.962286067579578, 55.172888492058838, 0.0 ], [ 14.962270201954111, 55.172872884733763, 0.0 ], [ 14.962264643284639, 55.172885131763479, 0.0 ], [ 14.962286067579578, 55.172888492058838, 0.0 ] ] ], [ [ [ 14.963038538257143, 55.201774398275738, 0.0 ], [ 14.963022816271714, 55.20175878369519, 0.0 ], [ 14.963017111576066, 55.2017711278625, 0.0 ], [ 14.963038538257143, 55.201774398275738, 0.0 ] ] ], [ [ [ 14.963727393844094, 55.164692443998838, 0.0 ], [ 14.96371151777746, 55.164676747413509, 0.0 ], [ 14.963705973905434, 55.164689083854462, 0.0 ], [ 14.963727393844094, 55.164692443998838, 0.0 ] ] ], [ [ [ 14.964193690579924, 55.213246443995821, 0.0 ], [ 14.964177963290615, 55.213230829695483, 0.0 ], [ 14.964172244155314, 55.213243084562166, 0.0 ], [ 14.964193690579924, 55.213246443995821, 0.0 ] ] ], [ [ [ 14.964282713006059, 55.164993801489764, 0.0 ], [ 14.964266849984867, 55.164978194360323, 0.0 ], [ 14.964261292863641, 55.16499044144831, 0.0 ], [ 14.964282713006059, 55.164993801489764, 0.0 ] ] ], [ [ [ 14.964782764764189, 55.205537698754739, 0.0 ], [ 14.964766884236036, 55.205522092123807, 0.0 ], [ 14.964761166222557, 55.205534346995101, 0.0 ], [ 14.964782764764189, 55.205537698754739, 0.0 ] ] ], [ [ [ 14.964807650333382, 55.213540348152165, 0.0 ], [ 14.964791922684016, 55.213524733939991, 0.0 ], [ 14.964786217117485, 55.213537078206031, 0.0 ], [ 14.964807650333382, 55.213540348152165, 0.0 ] ] ], [ [ [ 14.965321826357521, 55.204075230798587, 0.0 ], [ 14.965306245386278, 55.204059519515219, 0.0 ], [ 14.965300384854512, 55.204071871447688, 0.0 ], [ 14.965321826357521, 55.204075230798587, 0.0 ] ] ], [ [ [ 14.965671614150114, 55.06861813091421, 0.0 ], [ 14.965655791591441, 55.068602522958429, 0.0 ], [ 14.965650103778593, 55.068614866905371, 0.0 ], [ 14.965671614150114, 55.06861813091421, 0.0 ] ] ], [ [ [ 14.965623076687558, 55.213648980455694, 0.0 ], [ 14.965607348679391, 55.213633366357669, 0.0 ], [ 14.965601473629283, 55.213645628952563, 0.0 ], [ 14.965623076687558, 55.213648980455694, 0.0 ] ] ], [ [ [ 14.965922874746179, 55.005223139820643, 0.0 ], [ 14.965907065616863, 55.005207441850402, 0.0 ], [ 14.965901540974816, 55.00521977800058, 0.0 ], [ 14.965922874746179, 55.005223139820643, 0.0 ] ] ], [ [ [ 14.966099458835128, 55.213976639174987, 0.0 ], [ 14.966083730505346, 55.213961025146403, 0.0 ], [ 14.966077868978985, 55.213973377135666, 0.0 ], [ 14.966099458835128, 55.213976639174987, 0.0 ] ] ], [ [ [ 14.966143884865811, 55.213807899083804, 0.0 ], [ 14.966128156590518, 55.213792285059625, 0.0 ], [ 14.966122451411044, 55.213804629379283, 0.0 ], [ 14.966143884865811, 55.213807899083804, 0.0 ] ] ], [ [ [ 14.966602222938658, 55.213726884117321, 0.0 ], [ 14.966586338210611, 55.213711277827414, 0.0 ], [ 14.966580633184796, 55.213723622165013, 0.0 ], [ 14.966602222938658, 55.213726884117321, 0.0 ] ] ], [ [ [ 14.966773271272563, 55.130812280110327, 0.0 ], [ 14.96675742186542, 55.130796672967328, 0.0 ], [ 14.966751713539708, 55.130808927734634, 0.0 ], [ 14.966773271272563, 55.130812280110327, 0.0 ] ] ], [ [ [ 14.966734493202953, 55.208971273117932, 0.0 ], [ 14.966718909628614, 55.208955562079659, 0.0 ], [ 14.96671320522085, 55.208967906410948, 0.0 ], [ 14.966734493202953, 55.208971273117932, 0.0 ] ] ], [ [ [ 14.96688067788754, 55.213641281590753, 0.0 ], [ 14.966864793089396, 55.213625675338854, 0.0 ], [ 14.966859231054443, 55.213637922641531, 0.0 ], [ 14.96688067788754, 55.213641281590753, 0.0 ] ] ], [ [ [ 14.966927510021707, 55.213926996696259, 0.0 ], [ 14.966911625083371, 55.213911390453944, 0.0 ], [ 14.966905920135419, 55.213923734804936, 0.0 ], [ 14.966927510021707, 55.213926996696259, 0.0 ] ] ], [ [ [ 14.967007001646778, 55.213545048954103, 0.0 ], [ 14.966991116841399, 55.213529442718865, 0.0 ], [ 14.966985398546589, 55.213541697698247, 0.0 ], [ 14.967007001646778, 55.213545048954103, 0.0 ] ] ], [ [ [ 14.967261787722311, 55.213532543140509, 0.0 ], [ 14.967246059134993, 55.213516929268373, 0.0 ], [ 14.967240340921173, 55.213529184257879, 0.0 ], [ 14.967261787722311, 55.213532543140509, 0.0 ] ] ], [ [ [ 14.96731390664567, 55.213629020573592, 0.0 ], [ 14.967298008267887, 55.213613325008396, 0.0 ], [ 14.96729230347737, 55.21362566937399, 0.0 ], [ 14.96731390664567, 55.213629020573592, 0.0 ] ] ], [ [ [ 14.967406303338445, 55.164507300533543, 0.0 ], [ 14.967390582053792, 55.16449159679307, 0.0 ], [ 14.967384727118196, 55.164503948710781, 0.0 ], [ 14.967406303338445, 55.164507300533543, 0.0 ] ] ], [ [ [ 14.967387655950139, 55.213499355144592, 0.0 ], [ 14.967372083638805, 55.213483733616961, 0.0 ], [ 14.967366209158065, 55.213495996283974, 0.0 ], [ 14.967387655950139, 55.213499355144592, 0.0 ] ] ], [ [ [ 14.967435617583771, 55.214433338350005, 0.0 ], [ 14.967419732234063, 55.214417732184131, 0.0 ], [ 14.967414183698137, 55.214430068883779, 0.0 ], [ 14.967435617583771, 55.214433338350005, 0.0 ] ] ], [ [ [ 14.967609223937734, 55.213434459645363, 0.0 ], [ 14.967593481839323, 55.213418756446615, 0.0 ], [ 14.96758777716515, 55.213431100823421, 0.0 ], [ 14.967609223937734, 55.213434459645363, 0.0 ] ] ], [ [ [ 14.967697250826163, 55.21469500464427, 0.0 ], [ 14.967681521579006, 55.214679390844644, 0.0 ], [ 14.967675816779662, 55.214691735228044, 0.0 ], [ 14.967697250826163, 55.21469500464427, 0.0 ] ] ], [ [ [ 14.967710596655122, 55.213406975345272, 0.0 ], [ 14.967694711639163, 55.213391369206988, 0.0 ], [ 14.96768899358047, 55.213403624214024, 0.0 ], [ 14.967710596655122, 55.213406975345272, 0.0 ] ] ], [ [ [ 14.967759057724969, 55.207773065986217, 0.0 ], [ 14.967743331388132, 55.207757452122635, 0.0 ], [ 14.967737614030179, 55.207769707117833, 0.0 ], [ 14.967759057724969, 55.207773065986217, 0.0 ] ] ], [ [ [ 14.96779052243433, 55.214438425259907, 0.0 ], [ 14.96777479326018, 55.214422811470513, 0.0 ], [ 14.967769075100904, 55.214435066483269, 0.0 ], [ 14.96779052243433, 55.214438425259907, 0.0 ] ] ], [ [ [ 14.967872590629744, 55.21335850859213, 0.0 ], [ 14.967856692152472, 55.213342813102315, 0.0 ], [ 14.967850987570136, 55.213355157489374, 0.0 ], [ 14.967872590629744, 55.21335850859213, 0.0 ] ] ], [ [ [ 14.968094267516062, 55.213289105195543, 0.0 ], [ 14.968078525292233, 55.213273402062583, 0.0 ], [ 14.968072820787953, 55.213285746458261, 0.0 ], [ 14.968094267516062, 55.213289105195543, 0.0 ] ] ], [ [ [ 14.96818605281932, 55.214378494018625, 0.0 ], [ 14.968170323518876, 55.214362880283439, 0.0 ], [ 14.968164605490184, 55.214375135311791, 0.0 ], [ 14.96818605281932, 55.214378494018625, 0.0 ] ] ], [ [ [ 14.968292106543178, 55.213229784874123, 0.0 ], [ 14.968276377689049, 55.213214171141587, 0.0 ], [ 14.968270516945134, 55.213226523218687, 0.0 ], [ 14.968292106543178, 55.213229784874123, 0.0 ] ] ], [ [ [ 14.968348386334723, 55.214023989579459, 0.0 ], [ 14.968332643700947, 55.214008286489452, 0.0 ], [ 14.96832678287535, 55.214020638570844, 0.0 ], [ 14.968348386334723, 55.214023989579459, 0.0 ] ] ], [ [ [ 14.968421476349596, 55.213187420602956, 0.0 ], [ 14.968405747463807, 55.213171806887914, 0.0 ], [ 14.968400043074567, 55.213184151296318, 0.0 ], [ 14.968421476349596, 55.213187420602956, 0.0 ] ] ], [ [ [ 14.968468818501462, 55.213797317396974, 0.0 ], [ 14.96845308933896, 55.213781703694877, 0.0 ], [ 14.968447384890661, 55.213794048106642, 0.0 ], [ 14.968468818501462, 55.213797317396974, 0.0 ] ] ], [ [ [ 14.968486298636723, 55.213179736544063, 0.0 ], [ 14.968470569729329, 55.21316412283791, 0.0 ], [ 14.968464851940125, 55.213176377875286, 0.0 ], [ 14.968486298636723, 55.213179736544063, 0.0 ] ] ], [ [ [ 14.968545010108837, 55.164464869781128, 0.0 ], [ 14.968529301800775, 55.164449255572407, 0.0 ], [ 14.968523603345686, 55.16446159986701, 0.0 ], [ 14.968545010108837, 55.164464869781128, 0.0 ] ] ], [ [ [ 14.968607998086707, 55.214533252616192, 0.0 ], [ 14.968592268558821, 55.214517638941096, 0.0 ], [ 14.968586394328872, 55.214529901660839, 0.0 ], [ 14.968607998086707, 55.214533252616192, 0.0 ] ] ], [ [ [ 14.968612142302277, 55.213434742505086, 0.0 ], [ 14.968596399816855, 55.213419039445512, 0.0 ], [ 14.968590695457506, 55.213431383862073, 0.0 ], [ 14.968612142302277, 55.213434742505086, 0.0 ] ] ], [ [ [ 14.968737718969303, 55.213235007219517, 0.0 ], [ 14.968721820211444, 55.213219311849542, 0.0 ], [ 14.968716115915674, 55.213231656270573, 0.0 ], [ 14.968737718969303, 55.213235007219517, 0.0 ] ] ], [ [ [ 14.969056355047401, 55.164754861650394, 0.0 ], [ 14.969040646421005, 55.164739247515556, 0.0 ], [ 14.969034934692759, 55.164751502456916, 0.0 ], [ 14.969056355047401, 55.164754861650394, 0.0 ] ] ], [ [ [ 14.969035283425022, 55.213584939060119, 0.0 ], [ 14.969019567557982, 55.213569414807807, 0.0 ], [ 14.969013849890574, 55.213581669867999, 0.0 ], [ 14.969035283425022, 55.213584939060119, 0.0 ] ] ], [ [ [ 14.969041816768625, 55.213013001686541, 0.0 ], [ 14.969026087718866, 55.212997388055676, 0.0 ], [ 14.969020370123108, 55.213009643114717, 0.0 ], [ 14.969041816768625, 55.213013001686541, 0.0 ] ] ], [ [ [ 14.969043687015207, 55.213319020490729, 0.0 ], [ 14.969027788103416, 55.213303325164517, 0.0 ], [ 14.969022083893517, 55.213315669597876, 0.0 ], [ 14.969043687015207, 55.213319020490729, 0.0 ] ] ], [ [ [ 14.969295209862898, 55.21386037077832, 0.0 ], [ 14.969279480356715, 55.213844757191417, 0.0 ], [ 14.969273762736815, 55.213857012262636, 0.0 ], [ 14.969295209862898, 55.21386037077832, 0.0 ] ] ], [ [ [ 14.969368908381023, 55.211475300889887, 0.0 ], [ 14.969353179857686, 55.211459687288212, 0.0 ], [ 14.969347462550996, 55.211471942356503, 0.0 ], [ 14.969368908381023, 55.211475300889887, 0.0 ] ] ], [ [ [ 14.969571284395871, 55.213405655254434, 0.0 ], [ 14.969555554976589, 55.213390041701047, 0.0 ], [ 14.969549837498079, 55.213402296782114, 0.0 ], [ 14.969571284395871, 55.213405655254434, 0.0 ] ] ], [ [ [ 14.969612970854396, 55.21281830653048, 0.0 ], [ 14.969597241668129, 55.212802692976709, 0.0 ], [ 14.969591381390741, 55.21281504510678, 0.0 ], [ 14.969612970854396, 55.21281830653048, 0.0 ] ] ], [ [ [ 14.969782628458141, 55.21326013835364, 0.0 ], [ 14.969766899019493, 55.213244524828013, 0.0 ], [ 14.96976118162457, 55.213256779917153, 0.0 ], [ 14.969782628458141, 55.21326013835364, 0.0 ] ] ], [ [ [ 14.969794779195984, 55.213529729463751, 0.0 ], [ 14.969778893328758, 55.213514123618317, 0.0 ], [ 14.969773175904763, 55.213526378708586, 0.0 ], [ 14.969794779195984, 55.213529729463751, 0.0 ] ] ], [ [ [ 14.969798683081329, 55.2137140145243, 0.0 ], [ 14.969782953444101, 55.213698401005679, 0.0 ], [ 14.969777093113009, 55.213710753145598, 0.0 ], [ 14.969798683081329, 55.2137140145243, 0.0 ] ] ], [ [ [ 14.969802106374319, 55.212701069894216, 0.0 ], [ 14.969786207434883, 55.212685374667657, 0.0 ], [ 14.969780503537971, 55.212697719129558, 0.0 ], [ 14.969802106374319, 55.212701069894216, 0.0 ] ] ], [ [ [ 14.969965425339037, 55.207381037028405, 0.0 ], [ 14.969949698322331, 55.207365423466506, 0.0 ], [ 14.969943981699647, 55.207377678548504, 0.0 ], [ 14.969965425339037, 55.207381037028405, 0.0 ] ] ], [ [ [ 14.970010388258782, 55.212515278217211, 0.0 ], [ 14.969994489318642, 55.212499583017831, 0.0 ], [ 14.969988785509635, 55.212511927487533, 0.0 ], [ 14.970010388258782, 55.212515278217211, 0.0 ] ] ], [ [ [ 14.970056637446117, 55.212679567304654, 0.0 ], [ 14.970040894723997, 55.212663864437587, 0.0 ], [ 14.970035190909645, 55.212676208909528, 0.0 ], [ 14.970056637446117, 55.212679567304654, 0.0 ] ] ], [ [ [ 14.970068782080075, 55.210716260290468, 0.0 ], [ 14.970053053610098, 55.210700646777852, 0.0 ], [ 14.970047336613892, 55.210712901872121, 0.0 ], [ 14.970068782080075, 55.210716260290468, 0.0 ] ] ], [ [ [ 14.970081230433413, 55.21352466601342, 0.0 ], [ 14.970065500768097, 55.213509052531947, 0.0 ], [ 14.970059627124485, 55.213521315309634, 0.0 ], [ 14.970081230433413, 55.21352466601342, 0.0 ] ] ], [ [ [ 14.970154480457973, 55.212139068370462, 0.0 ], [ 14.97013873792752, 55.212123365511317, 0.0 ], [ 14.970133034209381, 55.212135709985816, 0.0 ], [ 14.970154480457973, 55.212139068370462, 0.0 ] ] ], [ [ [ 14.970260944351793, 55.212349918194569, 0.0 ], [ 14.970245201690778, 55.212334215352371, 0.0 ], [ 14.970239654285432, 55.212346552155481, 0.0 ], [ 14.970260944351793, 55.212349918194569, 0.0 ] ] ], [ [ [ 14.970324752859385, 55.212977012815173, 0.0 ], [ 14.97030902333286, 55.212961399361717, 0.0 ], [ 14.970303319566632, 55.212973743845012, 0.0 ], [ 14.970324752859385, 55.212977012815173, 0.0 ] ] ], [ [ [ 14.970342271006761, 55.212503481268023, 0.0 ], [ 14.970326385368828, 55.212487875488321, 0.0 ], [ 14.970320668240362, 55.212500130597853, 0.0 ], [ 14.970342271006761, 55.212503481268023, 0.0 ] ] ], [ [ [ 14.970390690999537, 55.16800240545971, 0.0 ], [ 14.970374824358055, 55.16798679921606, 0.0 ], [ 14.97036912605402, 55.167999143592354, 0.0 ], [ 14.970390690999537, 55.16800240545971, 0.0 ] ] ], [ [ [ 14.970416574526709, 55.212108190250589, 0.0 ], [ 14.970400845333302, 55.21209257680075, 0.0 ], [ 14.970395128276142, 55.212104831912278, 0.0 ], [ 14.970416574526709, 55.212108190250589, 0.0 ] ] ], [ [ [ 14.970474404543024, 55.213037187737505, 0.0 ], [ 14.970458674933591, 55.213021574305422, 0.0 ], [ 14.970452957781424, 55.213033829421541, 0.0 ], [ 14.970474404543024, 55.213037187737505, 0.0 ] ] ], [ [ [ 14.970597239135335, 55.13296067810014, 0.0 ], [ 14.970581373966473, 55.132944982139925, 0.0 ], [ 14.970575679955143, 55.132957326438884, 0.0 ], [ 14.970597239135335, 55.13296067810014, 0.0 ] ] ], [ [ [ 14.970583413954275, 55.211771287245988, 0.0 ], [ 14.970567671414464, 55.211755584442493, 0.0 ], [ 14.9705621241781, 55.211767921256595, 0.0 ], [ 14.970583413954275, 55.211771287245988, 0.0 ] ] ], [ [ [ 14.970847699241716, 55.211969883742462, 0.0 ], [ 14.970831813638393, 55.211954278027804, 0.0 ], [ 14.97082611015832, 55.211966622529353, 0.0 ], [ 14.970847699241716, 55.211969883742462, 0.0 ] ] ], [ [ [ 14.970968202061373, 55.212360108800624, 0.0 ], [ 14.970952472549623, 55.212344495429917, 0.0 ], [ 14.970946599328993, 55.212356758241036, 0.0 ], [ 14.970968202061373, 55.212360108800624, 0.0 ] ] ], [ [ [ 14.970976186408404, 55.211031825093364, 0.0 ], [ 14.970960600330427, 55.211016114659643, 0.0 ], [ 14.970954897004448, 55.211028459164019, 0.0 ], [ 14.970976186408404, 55.211031825093364, 0.0 ] ] ], [ [ [ 14.970977976920302, 55.211436794036686, 0.0 ], [ 14.970962247796225, 55.211421180657631, 0.0 ], [ 14.970956687296868, 55.211433428112883, 0.0 ], [ 14.970977976920302, 55.211436794036686, 0.0 ] ] ], [ [ [ 14.970997850243876, 55.209360655389887, 0.0 ], [ 14.970981965699307, 55.209345049668649, 0.0 ], [ 14.97097640545052, 55.209357297119737, 0.0 ], [ 14.970997850243876, 55.209360655389887, 0.0 ] ] ], [ [ [ 14.97114931149097, 55.211613035495859, 0.0 ], [ 14.971133425924751, 55.211597429819633, 0.0 ], [ 14.971127722582601, 55.211609774332267, 0.0 ], [ 14.97114931149097, 55.211613035495859, 0.0 ] ] ], [ [ [ 14.971166763667554, 55.210203167154305, 0.0 ], [ 14.971150865272064, 55.210187472092407, 0.0 ], [ 14.971145162106204, 55.210199816602298, 0.0 ], [ 14.971166763667554, 55.210203167154305, 0.0 ] ] ], [ [ [ 14.971211002158999, 55.207576542156325, 0.0 ], [ 14.971195261157284, 55.207560839395882, 0.0 ], [ 14.971189402037599, 55.207573191578049, 0.0 ], [ 14.971211002158999, 55.207576542156325, 0.0 ] ] ], [ [ [ 14.971213620790991, 55.21175392898985, 0.0 ], [ 14.971197878015454, 55.211738226273638, 0.0 ], [ 14.971192174676476, 55.211750570789164, 0.0 ], [ 14.971213620790991, 55.21175392898985, 0.0 ] ] ], [ [ [ 14.97122317871133, 55.205743689408138, 0.0 ], [ 14.97120729562757, 55.205728083680178, 0.0 ], [ 14.971201593019583, 55.205740428181436, 0.0 ], [ 14.97122317871133, 55.205743689408138, 0.0 ] ] ], [ [ [ 14.971255297310016, 55.20764189081288, 0.0 ], [ 14.971239556263491, 55.207626188059265, 0.0 ], [ 14.971233853435738, 55.207638532566428, 0.0 ], [ 14.971255297310016, 55.20764189081288, 0.0 ] ] ], [ [ [ 14.971269316019807, 55.211908750475729, 0.0 ], [ 14.97125374288678, 55.211893129464592, 0.0 ], [ 14.971248026119722, 55.211905384609558, 0.0 ], [ 14.971269316019807, 55.211908750475729, 0.0 ] ] ], [ [ [ 14.97156222107674, 55.208891682971228, 0.0 ], [ 14.971546336516541, 55.208876077323993, 0.0 ], [ 14.971540633633683, 55.208888421846346, 0.0 ], [ 14.97156222107674, 55.208891682971228, 0.0 ] ] ], [ [ [ 14.971728444597957, 55.211557578381367, 0.0 ], [ 14.971712558833538, 55.211541972785554, 0.0 ], [ 14.971706842252209, 55.211554227947921, 0.0 ], [ 14.971728444597957, 55.211557578381367, 0.0 ] ] ], [ [ [ 14.971751278928533, 55.211664495923308, 0.0 ], [ 14.971735549411376, 55.21164888265384, 0.0 ], [ 14.971729846252012, 55.211661227190447, 0.0 ], [ 14.971751278928533, 55.211664495923308, 0.0 ] ] ], [ [ [ 14.971779647561789, 55.207647644227798, 0.0 ], [ 14.971763919736468, 55.207632030920131, 0.0 ], [ 14.971758203646729, 55.207644286074931, 0.0 ], [ 14.971779647561789, 55.207647644227798, 0.0 ] ] ], [ [ [ 14.971793218780896, 55.211851414333658, 0.0 ], [ 14.971777489168414, 55.211835801071963, 0.0 ], [ 14.971771785999568, 55.211848145610695, 0.0 ], [ 14.971793218780896, 55.211851414333658, 0.0 ] ] ], [ [ [ 14.971979216530173, 55.026595703905997, 0.0 ], [ 14.971963564952761, 55.026580088724039, 0.0 ], [ 14.971957884143364, 55.026592432817246, 0.0 ], [ 14.971979216530173, 55.026595703905997, 0.0 ] ] ], [ [ [ 14.971907338335606, 55.175747294364172, 0.0 ], [ 14.971891610558933, 55.175731591366088, 0.0 ], [ 14.97188591179458, 55.175743935821316, 0.0 ], [ 14.971907338335606, 55.175747294364172, 0.0 ] ] ], [ [ [ 14.971978334526703, 55.206652025304741, 0.0 ], [ 14.971962607047169, 55.206636412014177, 0.0 ], [ 14.971956891140431, 55.206648667174434, 0.0 ], [ 14.971978334526703, 55.206652025304741, 0.0 ] ] ], [ [ [ 14.971991827330955, 55.211652679212875, 0.0 ], [ 14.971975941424919, 55.211637073654913, 0.0 ], [ 14.971970238342452, 55.211649418201013, 0.0 ], [ 14.971991827330955, 55.211652679212875, 0.0 ] ] ], [ [ [ 14.972086011468758, 55.211767075623726, 0.0 ], [ 14.972070268351136, 55.21175137302869, 0.0 ], [ 14.972064565284434, 55.211763717578812, 0.0 ], [ 14.972086011468758, 55.211767075623726, 0.0 ] ] ], [ [ [ 14.972173233080213, 55.208289958773399, 0.0 ], [ 14.972157504831728, 55.20827434552703, 0.0 ], [ 14.972151802213595, 55.208286690072114, 0.0 ], [ 14.972173233080213, 55.208289958773399, 0.0 ] ] ], [ [ [ 14.972272527009679, 55.210481878965425, 0.0 ], [ 14.972256641497012, 55.210466273434342, 0.0 ], [ 14.972250925216112, 55.21047852861571, 0.0 ], [ 14.972272527009679, 55.210481878965425, 0.0 ] ] ], [ [ [ 14.972540174647314, 55.210306760744075, 0.0 ], [ 14.972524431974325, 55.210291058196724, 0.0 ], [ 14.972518729227092, 55.210303402761276, 0.0 ], [ 14.972540174647314, 55.210306760744075, 0.0 ] ] ], [ [ [ 14.972604407275945, 55.208448840446799, 0.0 ], [ 14.972588678794789, 55.208433227261835, 0.0 ], [ 14.972583132581718, 55.20844556414562, 0.0 ], [ 14.972604407275945, 55.208448840446799, 0.0 ] ] ], [ [ [ 14.972714871908076, 55.208317457215145, 0.0 ], [ 14.972698973723592, 55.208301762350089, 0.0 ], [ 14.972693271272094, 55.20831410691671, 0.0 ], [ 14.972714871908076, 55.208317457215145, 0.0 ] ] ], [ [ [ 14.973111972863615, 55.207064496794345, 0.0 ], [ 14.973096244774611, 55.207048883665244, 0.0 ], [ 14.973090529170992, 55.207061138871609, 0.0 ], [ 14.973111972863615, 55.207064496794345, 0.0 ] ] ], [ [ [ 14.973279652359988, 55.207420800080477, 0.0 ], [ 14.973263767770982, 55.207405194657944, 0.0 ], [ 14.973258221890095, 55.20741753156517, 0.0 ], [ 14.973279652359988, 55.207420800080477, 0.0 ] ] ], [ [ [ 14.975461277353471, 55.132676427785341, 0.0 ], [ 14.975445579825335, 55.132660814201039, 0.0 ], [ 14.975439887370843, 55.132673158691645, 0.0 ], [ 14.975461277353471, 55.132676427785341, 0.0 ] ] ], [ [ [ 14.975996312683554, 55.020770867763972, 0.0 ], [ 14.975980648676295, 55.020755163701374, 0.0 ], [ 14.975974969815782, 55.020767507938793, 0.0 ], [ 14.975996312683554, 55.020770867763972, 0.0 ] ] ], [ [ [ 14.975947156393838, 55.18688382209325, 0.0 ], [ 14.975931266138602, 55.186868127453778, 0.0 ], [ 14.975925567294885, 55.186880472096064, 0.0 ], [ 14.975947156393838, 55.18688382209325, 0.0 ] ] ], [ [ [ 14.976542833420146, 55.026713014953508, 0.0 ], [ 14.976527180055747, 55.026697400404316, 0.0 ], [ 14.976521487308775, 55.026709655302881, 0.0 ], [ 14.976542833420146, 55.026713014953508, 0.0 ] ] ], [ [ [ 14.976980450473377, 55.025039436615657, 0.0 ], [ 14.976964784297472, 55.025023732734425, 0.0 ], [ 14.976959105233565, 55.02503607702117, 0.0 ], [ 14.976980450473377, 55.025039436615657, 0.0 ] ] ], [ [ [ 14.976909579963264, 55.171909028311113, 0.0 ], [ 14.976893865305028, 55.171893415339476, 0.0 ], [ 14.976888155153018, 55.171905670610471, 0.0 ], [ 14.976909579963264, 55.171909028311113, 0.0 ] ] ], [ [ [ 14.977806362332315, 55.201076032877189, 0.0 ], [ 14.977790634981618, 55.201060420335985, 0.0 ], [ 14.977784778746139, 55.201072772771312, 0.0 ], [ 14.977806362332315, 55.201076032877189, 0.0 ] ] ], [ [ [ 14.978333891023764, 55.206618723074499, 0.0 ], [ 14.978318004841546, 55.206603118350571, 0.0 ], [ 14.978312290919403, 55.206615373763427, 0.0 ], [ 14.978333891023764, 55.206618723074499, 0.0 ] ] ], [ [ [ 14.97888726994543, 55.195400392348958, 0.0 ], [ 14.978871531149554, 55.195384690525891, 0.0 ], [ 14.978865675962332, 55.195397042990983, 0.0 ], [ 14.97888726994543, 55.195400392348958, 0.0 ] ] ], [ [ [ 14.979154323017481, 55.203548756377714, 0.0 ], [ 14.979138437834287, 55.203533151736075, 0.0 ], [ 14.979132724540865, 55.203545407174019, 0.0 ], [ 14.979154323017481, 55.203548756377714, 0.0 ] ] ], [ [ [ 14.97918440412225, 55.203376123742281, 0.0 ], [ 14.979168519001385, 55.203360519103015, 0.0 ], [ 14.979162805738312, 55.203372774541734, 0.0 ], [ 14.97918440412225, 55.203376123742281, 0.0 ] ] ], [ [ [ 14.979212425916714, 55.202555443981971, 0.0 ], [ 14.97919654113616, 55.202539839337945, 0.0 ], [ 14.979190827981524, 55.20255209477574, 0.0 ], [ 14.979212425916714, 55.202555443981971, 0.0 ] ] ], [ [ [ 14.979311400185191, 55.206314049966672, 0.0 ], [ 14.979295513758847, 55.206298445376277, 0.0 ], [ 14.979289969899114, 55.206310782512006, 0.0 ], [ 14.979311400185191, 55.206314049966672, 0.0 ] ] ], [ [ [ 14.979395592236921, 55.203131739118383, 0.0 ], [ 14.979379707139698, 55.203116134506082, 0.0 ], [ 14.979373993972123, 55.203128389952582, 0.0 ], [ 14.979395592236921, 55.203131739118383, 0.0 ] ] ], [ [ [ 14.979993333982641, 55.20461489073665, 0.0 ], [ 14.979977604293781, 55.204599278535781, 0.0 ], [ 14.979971904575063, 55.20461162338151, 0.0 ], [ 14.979993333982641, 55.20461489073665, 0.0 ] ] ], [ [ [ 14.980054948479879, 55.204467716439403, 0.0 ], [ 14.980039218829788, 55.204452104245533, 0.0 ], [ 14.980033519148213, 55.204464449093351, 0.0 ], [ 14.980054948479879, 55.204467716439403, 0.0 ] ] ], [ [ [ 14.980057789189685, 55.202779544838513, 0.0 ], [ 14.98004189054749, 55.202763850943292, 0.0 ], [ 14.980036347335648, 55.202776188099257, 0.0 ], [ 14.980057789189685, 55.202779544838513, 0.0 ] ] ], [ [ [ 14.980364009740295, 55.203565774472061, 0.0 ], [ 14.980348280354036, 55.203550162311572, 0.0 ], [ 14.980342567435542, 55.203562417797627, 0.0 ], [ 14.980364009740295, 55.203565774472061, 0.0 ] ] ], [ [ [ 14.980403932582277, 55.205080779460097, 0.0 ], [ 14.980388189094626, 55.205065077949293, 0.0 ], [ 14.980382489448413, 55.205077422812408, 0.0 ], [ 14.980403932582277, 55.205080779460097, 0.0 ] ] ], [ [ [ 14.980507775774049, 55.203828710696833, 0.0 ], [ 14.980492046221229, 55.20381309855901, 0.0 ], [ 14.980486503027704, 55.203825435734707, 0.0 ], [ 14.980507775774049, 55.203828710696833, 0.0 ] ] ], [ [ [ 14.980669238775826, 55.204554627142606, 0.0 ], [ 14.980653352582053, 55.20453902272358, 0.0 ], [ 14.980647653082714, 55.204551367595919, 0.0 ], [ 14.980669238775826, 55.204554627142606, 0.0 ] ] ], [ [ [ 14.980851199936238, 55.202866464779916, 0.0 ], [ 14.980835314394946, 55.202850860368471, 0.0 ], [ 14.980829601713159, 55.202863115872162, 0.0 ], [ 14.980851199936238, 55.202866464779916, 0.0 ] ] ], [ [ [ 14.981172139478904, 55.203174882468943, 0.0 ], [ 14.981156253682743, 55.203159278105687, 0.0 ], [ 14.981150554508169, 55.203171622994532, 0.0 ], [ 14.981172139478904, 55.203174882468943, 0.0 ] ] ], [ [ [ 14.981401362472884, 55.203744227366819, 0.0 ], [ 14.981385632613337, 55.203728615352006, 0.0 ], [ 14.981379919996412, 55.203740870879727, 0.0 ], [ 14.981401362472884, 55.203744227366819, 0.0 ] ] ], [ [ [ 14.981602532825484, 55.204022434407754, 0.0 ], [ 14.981586802770897, 55.204006822423757, 0.0 ], [ 14.981581103628917, 55.204019167331737, 0.0 ], [ 14.981602532825484, 55.204022434407754, 0.0 ] ] ], [ [ [ 14.98271298942239, 55.199776823185196, 0.0 ], [ 14.982697403547295, 55.199761114248176, 0.0 ], [ 14.982691549015268, 55.199773466880636, 0.0 ], [ 14.98271298942239, 55.199776823185196, 0.0 ] ] ], [ [ [ 14.983360105240321, 55.200258069493486, 0.0 ], [ 14.983344376107615, 55.200242457713657, 0.0 ], [ 14.983338521718705, 55.200254810373785, 0.0 ], [ 14.983360105240321, 55.200258069493486, 0.0 ] ] ], [ [ [ 14.985613087193265, 55.02589204350695, 0.0 ], [ 14.985597275145542, 55.025876437883177, 0.0 ], [ 14.985591598671423, 55.025888782512453, 0.0 ], [ 14.985613087193265, 55.02589204350695, 0.0 ] ] ], [ [ [ 14.989560663190739, 55.1873749684164, 0.0 ], [ 14.989544937140879, 55.18735935736099, 0.0 ], [ 14.989539072850741, 55.187371620870977, 0.0 ], [ 14.989560663190739, 55.1873749684164, 0.0 ] ] ], [ [ [ 14.990283624940394, 55.067734202924804, 0.0 ], [ 14.990267793377393, 55.06771859839872, 0.0 ], [ 14.990262099959123, 55.067730853943019, 0.0 ], [ 14.990283624940394, 55.067734202924804, 0.0 ] ] ], [ [ [ 14.990658652218835, 55.144802506194374, 0.0 ], [ 14.990642774287613, 55.144786813168523, 0.0 ], [ 14.99063708513132, 55.144799158289366, 0.0 ], [ 14.990658652218835, 55.144802506194374, 0.0 ] ] ], [ [ [ 14.991015667214175, 55.030608716520959, 0.0 ], [ 14.991000006704583, 55.03059310401629, 0.0 ], [ 14.990994317971307, 55.030605359497521, 0.0 ], [ 14.991015667214175, 55.030608716520959, 0.0 ] ] ], [ [ [ 14.991862557910185, 55.029355835911353, 0.0 ], [ 14.99184688422198, 55.029340134138252, 0.0 ], [ 14.991841209283111, 55.029352479022371, 0.0 ], [ 14.991862557910185, 55.029355835911353, 0.0 ] ] ], [ [ [ 14.991931652441258, 55.030176319954357, 0.0 ], [ 14.991915991764353, 55.030160707571959, 0.0 ], [ 14.991910161160096, 55.030173060147909, 0.0 ], [ 14.991931652441258, 55.030176319954357, 0.0 ] ] ], [ [ [ 14.991933837341266, 55.030387701013147, 0.0 ], [ 14.991918176574822, 55.030372088633285, 0.0 ], [ 14.991912501534962, 55.030384433522769, 0.0 ], [ 14.991933837341266, 55.030387701013147, 0.0 ] ] ], [ [ [ 14.991942548531368, 55.031674751616769, 0.0 ], [ 14.991926731626737, 55.031659146938928, 0.0 ], [ 14.991921198647347, 55.031671394772268, 0.0 ], [ 14.991942548531368, 55.031674751616769, 0.0 ] ] ], [ [ [ 14.991954382330254, 55.03080543239782, 0.0 ], [ 14.991938552406479, 55.030789738339969, 0.0 ], [ 14.991932877323098, 55.030802083231286, 0.0 ], [ 14.991954382330254, 55.03080543239782, 0.0 ] ] ], [ [ [ 14.991955772552608, 55.031043952848698, 0.0 ], [ 14.991940111502393, 55.031028340478798, 0.0 ], [ 14.991934280798697, 55.031040693057953, 0.0 ], [ 14.991955772552608, 55.031043952848698, 0.0 ] ] ], [ [ [ 14.992158362710335, 55.167903229544088, 0.0 ], [ 14.992142630457723, 55.16788752927372, 0.0 ], [ 14.992136938988544, 55.167899874510518, 0.0 ], [ 14.992158362710335, 55.167903229544088, 0.0 ] ] ], [ [ [ 14.992316072414907, 55.031350272430821, 0.0 ], [ 14.992300255505592, 55.03133466780173, 0.0 ], [ 14.99229472267942, 55.031346915648584, 0.0 ], [ 14.992316072414907, 55.031350272430821, 0.0 ] ] ], [ [ [ 14.992342513022498, 55.030061484710018, 0.0 ], [ 14.992326838854003, 55.03004578301092, 0.0 ], [ 14.992321163980558, 55.030058127915702, 0.0 ], [ 14.992342513022498, 55.030061484710018, 0.0 ] ] ], [ [ [ 14.993282764476533, 55.030033029917398, 0.0 ], [ 14.993266947757355, 55.030017425409397, 0.0 ], [ 14.993261259795082, 55.030029680978913, 0.0 ], [ 14.993282764476533, 55.030033029917398, 0.0 ] ] ], [ [ [ 14.995027078600716, 55.135669100634509, 0.0 ], [ 14.995011216331184, 55.135653497493777, 0.0 ], [ 14.995005516199779, 55.135665753394207, 0.0 ], [ 14.995027078600716, 55.135669100634509, 0.0 ] ] ], [ [ [ 14.996126107512145, 55.160392116852215, 0.0 ], [ 14.996110390370445, 55.160376506423347, 0.0 ], [ 14.9961047010499, 55.16038885179838, 0.0 ], [ 14.996126107512145, 55.160392116852215, 0.0 ] ] ], [ [ [ 14.997482949740542, 55.136533805104769, 0.0 ], [ 14.997467072716452, 55.13651811294686, 0.0 ], [ 14.997461542692699, 55.136530450612717, 0.0 ], [ 14.997482949740542, 55.136533805104769, 0.0 ] ] ], [ [ [ 14.998601589018337, 55.001467880137064, 0.0 ], [ 14.998585924459297, 55.001452179003316, 0.0 ], [ 14.998580099470935, 55.00146453177684, 0.0 ], [ 14.998601589018337, 55.001467880137064, 0.0 ] ] ], [ [ [ 15.000233376725046, 55.180447126391435, 0.0 ], [ 15.000217493350908, 55.180431524454875, 0.0 ], [ 15.000211945596709, 55.180443772960921, 0.0 ], [ 15.000233376725046, 55.180447126391435, 0.0 ] ] ], [ [ [ 15.001866420014537, 55.064505802961691, 0.0 ], [ 15.001850585409302, 55.064490200020707, 0.0 ], [ 15.001844895970434, 55.064502456015404, 0.0 ], [ 15.001866420014537, 55.064505802961691, 0.0 ] ] ], [ [ [ 15.00234862935511, 55.170740486666531, 0.0 ], [ 15.002332891977145, 55.170724787840875, 0.0 ], [ 15.002327047227617, 55.170737141200433, 0.0 ], [ 15.00234862935511, 55.170740486666531, 0.0 ] ] ], [ [ [ 15.005026859332697, 55.148040981662589, 0.0 ], [ 15.005011130539277, 55.148025282969336, 0.0 ], [ 15.005005445493834, 55.148037628665186, 0.0 ], [ 15.005026859332697, 55.148040981662589, 0.0 ] ] ], [ [ [ 15.006013953812339, 55.184789237850744, 0.0 ], [ 15.005998236047645, 55.184773718418057, 0.0 ], [ 15.005992519905451, 55.184785885507708, 0.0 ], [ 15.006013953812339, 55.184789237850744, 0.0 ] ] ], [ [ [ 15.006442894326439, 55.042941064318285, 0.0 ], [ 15.006427222763103, 55.04292545408066, 0.0 ], [ 15.006421550750915, 55.042937799572513, 0.0 ], [ 15.006442894326439, 55.042941064318285, 0.0 ] ] ], [ [ [ 15.006743432659109, 55.173192817889429, 0.0 ], [ 15.006727549895331, 55.173177216787174, 0.0 ], [ 15.006722018502407, 55.173189554893497, 0.0 ], [ 15.006743432659109, 55.173192817889429, 0.0 ] ] ], [ [ [ 15.006888530373462, 55.040261357479459, 0.0 ], [ 15.006872859766325, 55.040245747275264, 0.0 ], [ 15.006867019168432, 55.040258011115299, 0.0 ], [ 15.006888530373462, 55.040261357479459, 0.0 ] ] ], [ [ [ 15.007423560000971, 55.14415901553815, 0.0 ], [ 15.007407675901348, 55.144143324854163, 0.0 ], [ 15.007401992073227, 55.144155670634923, 0.0 ], [ 15.007423560000971, 55.14415901553815, 0.0 ] ] ], [ [ [ 15.008015875732218, 55.143963152599163, 0.0 ], [ 15.008000004963737, 55.143947551364221, 0.0 ], [ 15.007994307869579, 55.143959807799732, 0.0 ], [ 15.008015875732218, 55.143963152599163, 0.0 ] ] ], [ [ [ 15.008223619893267, 55.144213976584524, 0.0 ], [ 15.008207891490315, 55.144198278294752, 0.0 ], [ 15.008202051878582, 55.144210631825672, 0.0 ], [ 15.008223619893267, 55.144213976584524, 0.0 ] ] ], [ [ [ 15.008274005853938, 55.143603659593083, 0.0 ], [ 15.00825829116542, 55.143588050671958, 0.0 ], [ 15.008252607670453, 55.143600396484885, 0.0 ], [ 15.008274005853938, 55.143603659593083, 0.0 ] ] ], [ [ [ 15.009056984293174, 55.116563590693652, 0.0 ], [ 15.009041267263919, 55.116547892227487, 0.0 ], [ 15.009035431340569, 55.116560245721452, 0.0 ], [ 15.009056984293174, 55.116563590693652, 0.0 ] ] ], [ [ [ 15.0092390778092, 55.11099493278315, 0.0 ], [ 15.009223376524156, 55.110979323651819, 0.0 ], [ 15.009217683783797, 55.110991580053771, 0.0 ], [ 15.0092390778092, 55.11099493278315, 0.0 ] ] ], [ [ [ 15.009446296109811, 55.142465333589662, 0.0 ], [ 15.009430581454341, 55.142449724819095, 0.0 ], [ 15.009424884985769, 55.142461981307513, 0.0 ], [ 15.009446296109811, 55.142465333589662, 0.0 ] ] ], [ [ [ 15.009719746996542, 55.142024137556646, 0.0 ], [ 15.009703862926486, 55.142008447171683, 0.0 ], [ 15.009698336092727, 55.142020785317534, 0.0 ], [ 15.009719746996542, 55.142024137556646, 0.0 ] ] ], [ [ [ 15.009876101826931, 55.142696073447297, 0.0 ], [ 15.0098602308884, 55.142680472459269, 0.0 ], [ 15.009854534525594, 55.142692728965258, 0.0 ], [ 15.009876101826931, 55.142696073447297, 0.0 ] ] ], [ [ [ 15.010574987102867, 55.141531280530174, 0.0 ], [ 15.010559116394312, 55.141515679627588, 0.0 ], [ 15.010553433868932, 55.141528025526085, 0.0 ], [ 15.010574987102867, 55.141531280530174, 0.0 ] ] ], [ [ [ 15.011389572044973, 55.038414855015233, 0.0 ], [ 15.011373900499596, 55.038399245415206, 0.0 ], [ 15.011368230570925, 55.038411591090451, 0.0 ], [ 15.011389572044973, 55.038414855015233, 0.0 ] ] ], [ [ [ 15.01202104182055, 55.12334503888632, 0.0 ], [ 15.012005334259783, 55.123329430271141, 0.0 ], [ 15.011999498425045, 55.123341783903093, 0.0 ], [ 15.01202104182055, 55.12334503888632, 0.0 ] ] ], [ [ [ 15.012730420516304, 55.140335435467421, 0.0 ], [ 15.012714549494603, 55.140319834853841, 0.0 ], [ 15.012708854304083, 55.140332091466924, 0.0 ], [ 15.012730420516304, 55.140335435467421, 0.0 ] ] ], [ [ [ 15.012831829174445, 55.05043513466002, 0.0 ], [ 15.012816138588361, 55.050419436018252, 0.0 ], [ 15.012810623337277, 55.050431774064371, 0.0 ], [ 15.012831829174445, 55.05043513466002, 0.0 ] ] ], [ [ [ 15.013584972406424, 55.13929373582581, 0.0 ], [ 15.013569270994809, 55.139278216963135, 0.0 ], [ 15.013563576195651, 55.139290473607431, 0.0 ], [ 15.013584972406424, 55.13929373582581, 0.0 ] ] ], [ [ [ 15.013747838233936, 55.133915171360385, 0.0 ], [ 15.013732112065266, 55.133899473728917, 0.0 ], [ 15.013726431447989, 55.133911819733648, 0.0 ], [ 15.013747838233936, 55.133915171360385, 0.0 ] ] ], [ [ [ 15.013823208600378, 55.139380977520794, 0.0 ], [ 15.013807337568483, 55.139365377050041, 0.0 ], [ 15.01380164283284, 55.139377633703972, 0.0 ], [ 15.013823208600378, 55.139380977520794, 0.0 ] ] ], [ [ [ 15.014771752673779, 55.034933890313887, 0.0 ], [ 15.014756081303107, 55.034918281145742, 0.0 ], [ 15.014750243808125, 55.034930545293442, 0.0 ], [ 15.014771752673779, 55.034933890313887, 0.0 ] ] ], [ [ [ 15.015846615771665, 55.127432138538531, 0.0 ], [ 15.01583090502313, 55.127416530497094, 0.0 ], [ 15.015825212356461, 55.127428787201346, 0.0 ], [ 15.015846615771665, 55.127432138538531, 0.0 ] ] ], [ [ [ 15.015915721113867, 55.125533565038019, 0.0 ], [ 15.01589999765743, 55.125517867618996, 0.0 ], [ 15.015894318724412, 55.125530213688343, 0.0 ], [ 15.015915721113867, 55.125533565038019, 0.0 ] ] ], [ [ [ 15.016160429217875, 55.138256915402891, 0.0 ], [ 15.016144557772877, 55.138241315247356, 0.0 ], [ 15.016138863899451, 55.13825357199098, 0.0 ], [ 15.016160429217875, 55.138256915402891, 0.0 ] ] ], [ [ [ 15.017179135780966, 55.128491554549868, 0.0 ], [ 15.01716328159986, 55.128476043799807, 0.0 ], [ 15.017157745183459, 55.12848829283088, 0.0 ], [ 15.017179135780966, 55.128491554549868, 0.0 ] ] ], [ [ [ 15.019593145133801, 55.064113792776403, 0.0 ], [ 15.019577459655974, 55.064098184585276, 0.0 ], [ 15.0195717757608, 55.064110441279553, 0.0 ], [ 15.019593145133801, 55.064113792776403, 0.0 ] ] ], [ [ [ 15.021986393484562, 55.145823763761648, 0.0 ], [ 15.021970672614904, 55.145808156766243, 0.0 ], [ 15.021964993148453, 55.145820503124945, 0.0 ], [ 15.021986393484562, 55.145823763761648, 0.0 ] ] ], [ [ [ 15.022044830566593, 55.148458907423304, 0.0 ], [ 15.022028939010923, 55.14844321883465, 0.0 ], [ 15.022023259246417, 55.148455565202163, 0.0 ], [ 15.022044830566593, 55.148458907423304, 0.0 ] ] ], [ [ [ 15.02283525142647, 55.162388646996142, 0.0 ], [ 15.022819367127237, 55.162373048032379, 0.0 ], [ 15.022813685937439, 55.162385394465552, 0.0 ], [ 15.02283525142647, 55.162388646996142, 0.0 ] ] ], [ [ [ 15.024312961290871, 55.011820909243902, 0.0 ], [ 15.024297140485947, 55.011805308880106, 0.0 ], [ 15.024291464308952, 55.011817565629705, 0.0 ], [ 15.024312961290871, 55.011820909243902, 0.0 ] ] ], [ [ [ 15.026375495341201, 55.154561202953438, 0.0 ], [ 15.026359769096173, 55.15454559665946, 0.0 ], [ 15.026354089956046, 55.154557943212623, 0.0 ], [ 15.026375495341201, 55.154561202953438, 0.0 ] ] ], [ [ [ 15.026375716167955, 55.01333462772611, 0.0 ], [ 15.026360049451732, 55.013319019937498, 0.0 ], [ 15.02635437373252, 55.013331276772227, 0.0 ], [ 15.026375716167955, 55.01333462772611, 0.0 ] ] ], [ [ [ 15.026587598225397, 55.155040204455808, 0.0 ], [ 15.026571715631928, 55.155024605939339, 0.0 ], [ 15.026566036500711, 55.155036952502002, 0.0 ], [ 15.026587598225397, 55.155040204455808, 0.0 ] ] ], [ [ [ 15.028140727262643, 55.124787703216022, 0.0 ], [ 15.028124856988898, 55.124772104594463, 0.0 ], [ 15.028119181971872, 55.124784451143121, 0.0 ], [ 15.028140727262643, 55.124787703216022, 0.0 ] ] ], [ [ [ 15.028905033180424, 55.128868808075175, 0.0 ], [ 15.028889316836096, 55.128853201860665, 0.0 ], [ 15.028883641569491, 55.128865548449525, 0.0 ], [ 15.028905033180424, 55.128868808075175, 0.0 ] ] ], [ [ [ 15.029650462952112, 55.00339843429569, 0.0 ], [ 15.029634643685771, 55.00338283458845, 0.0 ], [ 15.029628970165557, 55.003395091527288, 0.0 ], [ 15.029650462952112, 55.00339843429569, 0.0 ] ] ], [ [ [ 15.030321556430621, 55.062775205863879, 0.0 ], [ 15.030305698239363, 55.062759517519837, 0.0 ], [ 15.030300187019888, 55.062771856260646, 0.0 ], [ 15.030321556430621, 55.062775205863879, 0.0 ] ] ], [ [ [ 15.031289166989826, 55.13862295446534, 0.0 ], [ 15.03127343208592, 55.138607259320494, 0.0 ], [ 15.031267756397, 55.13861960602739, 0.0 ], [ 15.031289166989826, 55.13862295446534, 0.0 ] ] ], [ [ [ 15.031462300889562, 55.173386205395694, 0.0 ], [ 15.031446408590288, 55.173370607757747, 0.0 ], [ 15.031440715241567, 55.173382865194007, 0.0 ], [ 15.031462300889562, 55.173386205395694, 0.0 ] ] ], [ [ [ 15.032126126760444, 55.038578274738086, 0.0 ], [ 15.032110447251222, 55.038562668014357, 0.0 ], [ 15.032104770297323, 55.038574925139116, 0.0 ], [ 15.032126126760444, 55.038578274738086, 0.0 ] ] ], [ [ [ 15.032503775533851, 55.119745078347648, 0.0 ], [ 15.032487892227758, 55.11972939091887, 0.0 ], [ 15.032482375105433, 55.119741729879266, 0.0 ], [ 15.032503775533851, 55.119745078347648, 0.0 ] ] ], [ [ [ 15.033798756660961, 55.164050482711886, 0.0 ], [ 15.033783023558579, 55.164034877548723, 0.0 ], [ 15.033777332063119, 55.164047135053977, 0.0 ], [ 15.033798756660961, 55.164050482711886, 0.0 ] ] ], [ [ [ 15.033887621983151, 55.1384937872457, 0.0 ], [ 15.033871899665355, 55.138478181824546, 0.0 ], [ 15.033866224805719, 55.138490528633319, 0.0 ], [ 15.033887621983151, 55.1384937872457, 0.0 ] ] ], [ [ [ 15.03392026690673, 55.172368299335723, 0.0 ], [ 15.033904374103082, 55.172352702031382, 0.0 ], [ 15.033898851319909, 55.172365041171702, 0.0 ], [ 15.03392026690673, 55.172368299335723, 0.0 ] ] ], [ [ [ 15.035973250604178, 55.077966883318012, 0.0 ], [ 15.035957539543169, 55.077951188180876, 0.0 ], [ 15.035951716811285, 55.077963542668584, 0.0 ], [ 15.035973250604178, 55.077966883318012, 0.0 ] ] ], [ [ [ 15.0385213376036, 55.040600982600701, 0.0 ], [ 15.038505654809196, 55.040585376785351, 0.0 ], [ 15.038499837470427, 55.040597731279483, 0.0 ], [ 15.0385213376036, 55.040600982600701, 0.0 ] ] ], [ [ [ 15.040007483683707, 55.003121366518791, 0.0 ], [ 15.039991660600284, 55.003105768257711, 0.0 ], [ 15.039986003793752, 55.003118114968686, 0.0 ], [ 15.040007483683707, 55.003121366518791, 0.0 ] ] ], [ [ [ 15.040372395845189, 55.02279423398339, 0.0 ], [ 15.040356550799114, 55.022778546619527, 0.0 ], [ 15.04035089177075, 55.022790893394081, 0.0 ], [ 15.040372395845189, 55.02279423398339, 0.0 ] ] ], [ [ [ 15.043124132522879, 55.169871604799468, 0.0 ], [ 15.043108223702175, 55.16985591939644, 0.0 ], [ 15.04310254797463, 55.169868266646532, 0.0 ], [ 15.043124132522879, 55.169871604799468, 0.0 ] ] ], [ [ [ 15.044486127249344, 55.141914933458381, 0.0 ], [ 15.044470385878503, 55.141899240182752, 0.0 ], [ 15.044464713928752, 55.141911587416601, 0.0 ], [ 15.044486127249344, 55.141914933458381, 0.0 ] ] ], [ [ [ 15.047568755998771, 55.152016684656466, 0.0 ], [ 15.047552866681706, 55.152001089047701, 0.0 ], [ 15.047547180920393, 55.152013347066379, 0.0 ], [ 15.047568755998771, 55.152016684656466, 0.0 ] ] ], [ [ [ 15.047501496994272, 55.058183523861864, 0.0 ], [ 15.04748563417831, 55.058167837876844, 0.0 ], [ 15.047479973166878, 55.058180185019602, 0.0 ], [ 15.047501496994272, 55.058183523861864, 0.0 ] ] ], [ [ [ 15.048094113013425, 55.001651345698818, 0.0 ], [ 15.048078442943634, 55.001635740797589, 0.0 ], [ 15.048072775338543, 55.001647998458111, 0.0 ], [ 15.048094113013425, 55.001651345698818, 0.0 ] ] ], [ [ [ 15.049600575965519, 55.165438993987756, 0.0 ], [ 15.04958483623103, 55.165423391033862, 0.0 ], [ 15.049578993388353, 55.165435656939849, 0.0 ], [ 15.049600575965519, 55.165438993987756, 0.0 ] ] ], [ [ [ 15.05033737994817, 55.015211517514651, 0.0 ], [ 15.050321534311781, 55.015195831466016, 0.0 ], [ 15.050316034805393, 55.015208170851778, 0.0 ], [ 15.05033737994817, 55.015211517514651, 0.0 ] ] ], [ [ [ 15.050674903765108, 55.058313405596053, 0.0 ], [ 15.050659195360154, 55.058297712292607, 0.0 ], [ 15.05065353532437, 55.058310059560121, 0.0 ], [ 15.050674903765108, 55.058313405596053, 0.0 ] ] ], [ [ [ 15.050661715049939, 55.022695414093434, 0.0 ], [ 15.050645866111882, 55.022679728170644, 0.0 ], [ 15.050640210304374, 55.022692075348218, 0.0 ], [ 15.050661715049939, 55.022695414093434, 0.0 ] ] ], [ [ [ 15.051054976769347, 55.022666786297926, 0.0 ], [ 15.051039127693102, 55.022651100429947, 0.0 ], [ 15.051033472011648, 55.022663447622861, 0.0 ], [ 15.051054976769347, 55.022666786297926, 0.0 ] ] ], [ [ [ 15.051630100948529, 55.012594451885761, 0.0 ], [ 15.051614424939229, 55.012578847591385, 0.0 ], [ 15.051608615128304, 55.01259120254327, 0.0 ], [ 15.051630100948529, 55.012594451885761, 0.0 ] ] ], [ [ [ 15.052596771414899, 55.020212857237183, 0.0 ], [ 15.052580922791407, 55.020197171558991, 0.0 ], [ 15.052575423414977, 55.020209511042445, 0.0 ], [ 15.052596771414899, 55.020212857237183, 0.0 ] ] ], [ [ [ 15.05511120083059, 55.022855874029688, 0.0 ], [ 15.055095363642758, 55.022840278094556, 0.0 ], [ 15.055089695684606, 55.022852536084649, 0.0 ], [ 15.05511120083059, 55.022855874029688, 0.0 ] ] ], [ [ [ 15.055904103207926, 55.139873902042481, 0.0 ], [ 15.055888215897061, 55.139858307472331, 0.0 ], [ 15.055882547768142, 55.139870655149394, 0.0 ], [ 15.055904103207926, 55.139873902042481, 0.0 ] ] ], [ [ [ 15.056300003692382, 55.022782998388863, 0.0 ], [ 15.056284166083657, 55.022767402619436, 0.0 ], [ 15.056278512024344, 55.02277975001806, 0.0 ], [ 15.056300003692382, 55.022782998388863, 0.0 ] ] ], [ [ [ 15.056654654253016, 55.022000057066954, 0.0 ], [ 15.056638816841684, 55.021984461338789, 0.0 ], [ 15.056633149463453, 55.021996719387424, 0.0 ], [ 15.056654654253016, 55.022000057066954, 0.0 ] ] ], [ [ [ 15.056668240656906, 55.015124937290473, 0.0 ], [ 15.056652392637718, 55.015109252128411, 0.0 ], [ 15.0566468951135, 55.015121591753761, 0.0 ], [ 15.056668240656906, 55.015124937290473, 0.0 ] ] ], [ [ [ 15.057035951522662, 55.022804762771962, 0.0 ], [ 15.05702026916669, 55.022789159336234, 0.0 ], [ 15.057014615334394, 55.022801506763699, 0.0 ], [ 15.057035951522662, 55.022804762771962, 0.0 ] ] ], [ [ [ 15.057254397395447, 55.038316297844126, 0.0 ], [ 15.057238552830237, 55.038300702375018, 0.0 ], [ 15.057232897225241, 55.038313049850096, 0.0 ], [ 15.057254397395447, 55.038316297844126, 0.0 ] ] ], [ [ [ 15.057884228793435, 55.160825940273334, 0.0 ], [ 15.057868487846889, 55.160810338421435, 0.0 ], [ 15.057862817831328, 55.160822686228705, 0.0 ], [ 15.057884228793435, 55.160825940273334, 0.0 ] ] ], [ [ [ 15.057910176618865, 55.161081253551608, 0.0 ], [ 15.057894435554163, 55.161065651706018, 0.0 ], [ 15.057888751920936, 55.161077910155285, 0.0 ], [ 15.057910176618865, 55.161081253551608, 0.0 ] ] ], [ [ [ 15.057918276579585, 55.160648668890964, 0.0 ], [ 15.057902379617735, 55.160633074825554, 0.0 ], [ 15.057896696038998, 55.160645333274026, 0.0 ], [ 15.057918276579585, 55.160648668890964, 0.0 ] ] ], [ [ [ 15.058173056483264, 55.160766607300367, 0.0 ], [ 15.058157159373618, 55.16075101327192, 0.0 ], [ 15.058151631937866, 55.160763263946819, 0.0 ], [ 15.058173056483264, 55.160766607300367, 0.0 ] ] ], [ [ [ 15.05824890477081, 55.051106058358769, 0.0 ], [ 15.058233054393499, 55.051090463166183, 0.0 ], [ 15.058227384039187, 55.051102721351143, 0.0 ], [ 15.05824890477081, 55.051106058358769, 0.0 ] ] ], [ [ [ 15.058576573057481, 55.160750984160721, 0.0 ], [ 15.058560675800363, 55.160735390188705, 0.0 ], [ 15.058555148491909, 55.160747640878938, 0.0 ], [ 15.058576573057481, 55.160750984160721, 0.0 ] ] ], [ [ [ 15.058969911801963, 55.16042973911393, 0.0 ], [ 15.058954157011005, 55.160414048049219, 0.0 ], [ 15.058948331306917, 55.160426403683054, 0.0 ], [ 15.058969911801963, 55.16042973911393, 0.0 ] ] ], [ [ [ 15.058804686438522, 55.002012284714617, 0.0 ], [ 15.058789012146564, 55.001996681303041, 0.0 ], [ 15.058783361329976, 55.002009028747423, 0.0 ], [ 15.058804686438522, 55.002012284714617, 0.0 ] ] ], [ [ [ 15.061175489130795, 55.159783981192867, 0.0 ], [ 15.061159747367643, 55.159768379787273, 0.0 ], [ 15.061154064906711, 55.159780638361937, 0.0 ], [ 15.061175489130795, 55.159783981192867, 0.0 ] ] ], [ [ [ 15.061105805788758, 55.042607845729002, 0.0 ], [ 15.061089944393283, 55.042592161484592, 0.0 ], [ 15.061084445098116, 55.042604501344613, 0.0 ], [ 15.061105805788758, 55.042607845729002, 0.0 ] ] ], [ [ [ 15.061754502887046, 55.159628945134898, 0.0 ], [ 15.061738604895917, 55.159613351596562, 0.0 ], [ 15.061733078706178, 55.159625602405221, 0.0 ], [ 15.061754502887046, 55.159628945134898, 0.0 ] ] ], [ [ [ 15.062412610200264, 55.061324404060784, 0.0 ], [ 15.062396740338899, 55.061308720200806, 0.0 ], [ 15.062391083611045, 55.061321067935765, 0.0 ], [ 15.062412610200264, 55.061324404060784, 0.0 ] ] ], [ [ [ 15.063413250425983, 55.151519363126916, 0.0 ], [ 15.063397341667438, 55.151503680375498, 0.0 ], [ 15.063391674498565, 55.151516028376363, 0.0 ], [ 15.063413250425983, 55.151519363126916, 0.0 ] ] ], [ [ [ 15.063840677742347, 55.118102947736389, 0.0 ], [ 15.063824952609702, 55.118087346258577, 0.0 ], [ 15.063819133656759, 55.118099701979524, 0.0 ], [ 15.063840677742347, 55.118102947736389, 0.0 ] ] ], [ [ [ 15.064486598702665, 55.033538609805653, 0.0 ], [ 15.064470753416588, 55.033523015298385, 0.0 ], [ 15.064465087089886, 55.033535273684095, 0.0 ], [ 15.064486598702665, 55.033538609805653, 0.0 ] ] ], [ [ [ 15.065615662023729, 55.082813833631405, 0.0 ], [ 15.065599795351071, 55.082798239811247, 0.0 ], [ 15.065594137068249, 55.082810587725731, 0.0 ], [ 15.065615662023729, 55.082813833631405, 0.0 ] ] ], [ [ [ 15.067090882665976, 55.145910822879493, 0.0 ], [ 15.067075158129498, 55.145895311507061, 0.0 ], [ 15.067069479175542, 55.145907570279697, 0.0 ], [ 15.067090882665976, 55.145910822879493, 0.0 ] ] ], [ [ [ 15.067811302097661, 55.001876927349208, 0.0 ], [ 15.067795624439942, 55.001861325186077, 0.0 ], [ 15.067790131904234, 55.001873665200911, 0.0 ], [ 15.067811302097661, 55.001876927349208, 0.0 ] ] ], [ [ [ 15.06951030034149, 55.001575870526018, 0.0 ], [ 15.069494622164644, 55.001560268595462, 0.0 ], [ 15.069488961195718, 55.001572527097316, 0.0 ], [ 15.06951030034149, 55.001575870526018, 0.0 ] ] ], [ [ [ 15.071479277061355, 55.060425292581122, 0.0 ], [ 15.071463559795722, 55.060409602192038, 0.0 ], [ 15.07145790600681, 55.060421950279597, 0.0 ], [ 15.071479277061355, 55.060425292581122, 0.0 ] ] ], [ [ [ 15.071557539078084, 55.06206907620134, 0.0 ], [ 15.071541678974654, 55.062053482991367, 0.0 ], [ 15.071536011439193, 55.062065741727281, 0.0 ], [ 15.071557539078084, 55.06206907620134, 0.0 ] ] ], [ [ [ 15.071933528179947, 55.154965276108598, 0.0 ], [ 15.071917641919795, 55.154949773305539, 0.0 ], [ 15.071911963385837, 55.154962032291706, 0.0 ], [ 15.071933528179947, 55.154965276108598, 0.0 ] ] ], [ [ [ 15.071888612682184, 55.038502994566798, 0.0 ], [ 15.071872762473122, 55.038487401150022, 0.0 ], [ 15.071867253446989, 55.038499652049062, 0.0 ], [ 15.071888612682184, 55.038502994566798, 0.0 ] ] ], [ [ [ 15.072349612052541, 55.121315201596396, 0.0 ], [ 15.072333726393461, 55.12129960913343, 0.0 ], [ 15.072328052023352, 55.121311868050768, 0.0 ], [ 15.072349612052541, 55.121315201596396, 0.0 ] ] ], [ [ [ 15.072754022577428, 55.061910147096214, 0.0 ], [ 15.072738317775052, 55.06189454625887, 0.0 ], [ 15.072732494940903, 55.061906812834785, 0.0 ], [ 15.072754022577428, 55.061910147096214, 0.0 ] ] ], [ [ [ 15.073249762547842, 55.001942224951051, 0.0 ], [ 15.073234082796205, 55.001926623543497, 0.0 ], [ 15.073228281033918, 55.001938979340885, 0.0 ], [ 15.073249762547842, 55.001942224951051, 0.0 ] ] ], [ [ [ 15.074259599053738, 55.048139927853157, 0.0 ], [ 15.074243743846946, 55.048124334872242, 0.0 ], [ 15.074238078809669, 55.048136593678933, 0.0 ], [ 15.074259599053738, 55.048139927853157, 0.0 ] ] ], [ [ [ 15.074490150497512, 54.992601624089886, 0.0 ], [ 15.074474474197954, 54.992586022754878, 0.0 ], [ 15.074468829382717, 54.992598370788713, 0.0 ], [ 15.074490150497512, 54.992601624089886, 0.0 ] ] ], [ [ [ 15.075052854461664, 55.15429616921633, 0.0 ], [ 15.075037096090652, 55.154280480324452, 0.0 ], [ 15.075031432237946, 55.154292828788577, 0.0 ], [ 15.075052854461664, 55.15429616921633, 0.0 ] ] ], [ [ [ 15.075506872725969, 55.154205930887478, 0.0 ], [ 15.07549112784984, 55.154190331414668, 0.0 ], [ 15.07548545051913, 55.154202590539512, 0.0 ], [ 15.075506872725969, 55.154205930887478, 0.0 ] ] ], [ [ [ 15.075653770347881, 55.134538641146371, 0.0 ], [ 15.075637864157706, 55.134522959931651, 0.0 ], [ 15.075632202852342, 55.134535308369543, 0.0 ], [ 15.075653770347881, 55.134538641146371, 0.0 ] ] ], [ [ [ 15.07608944530158, 55.154217306340286, 0.0 ], [ 15.076073544150939, 55.154201714754869, 0.0 ], [ 15.07606788063252, 55.154214063259424, 0.0 ], [ 15.07608944530158, 55.154217306340286, 0.0 ] ] ], [ [ [ 15.076793921704596, 55.070959227140783, 0.0 ], [ 15.076778055824137, 55.070943634760397, 0.0 ], [ 15.076772558167271, 55.070955975283063, 0.0 ], [ 15.076793921704596, 55.070959227140783, 0.0 ] ] ], [ [ [ 15.077655575539278, 55.153558109736387, 0.0 ], [ 15.077639830116718, 55.15354251055544, 0.0 ], [ 15.077633997488343, 55.153554777571401, 0.0 ], [ 15.077655575539278, 55.153558109736387, 0.0 ] ] ], [ [ [ 15.077914225982054, 55.144329785539014, 0.0 ], [ 15.077898314733092, 55.144314104746982, 0.0 ], [ 15.07789265296735, 55.144326453298106, 0.0 ], [ 15.077914225982054, 55.144329785539014, 0.0 ] ] ], [ [ [ 15.079589751887905, 55.122960729247325, 0.0 ], [ 15.079573862764681, 55.122945137817595, 0.0 ], [ 15.079568190448128, 55.122957397023747, 0.0 ], [ 15.079589751887905, 55.122960729247325, 0.0 ] ] ], [ [ [ 15.081355015239023, 55.065166295548131, 0.0 ], [ 15.08133929218876, 55.065150606583131, 0.0 ], [ 15.081333485223238, 55.065162962873558, 0.0 ], [ 15.081355015239023, 55.065166295548131, 0.0 ] ] ], [ [ [ 15.083599895655825, 55.022424895537085, 0.0 ], [ 15.083584034242913, 55.022409214231338, 0.0 ], [ 15.083578388741655, 55.022421562696522, 0.0 ], [ 15.083599895655825, 55.022424895537085, 0.0 ] ] ], [ [ [ 15.085442441925045, 55.035451031727682, 0.0 ], [ 15.085426743442888, 55.035435432370797, 0.0 ], [ 15.085421096974986, 55.03544778094097, 0.0 ], [ 15.085442441925045, 55.035451031727682, 0.0 ] ] ], [ [ [ 15.085945363283349, 55.032940805845151, 0.0 ], [ 15.085929510094411, 55.03292521433886, 0.0 ], [ 15.085923850487502, 55.032937473565411, 0.0 ], [ 15.085945363283349, 55.032940805845151, 0.0 ] ] ], [ [ [ 15.087897001773136, 55.133430126451259, 0.0 ], [ 15.087881260969551, 55.133414528480166, 0.0 ], [ 15.087875759593864, 55.133426869574997, 0.0 ], [ 15.087897001773136, 55.133430126451259, 0.0 ] ] ], [ [ [ 15.087792690486983, 55.016569002174244, 0.0 ], [ 15.087776999059132, 55.016553402942279, 0.0 ], [ 15.087771355558241, 55.0165657515563, 0.0 ], [ 15.087792690486983, 55.016569002174244, 0.0 ] ] ], [ [ [ 15.088039378417266, 55.045387072098606, 0.0 ], [ 15.088023674761136, 55.045371473208583, 0.0 ], [ 15.088018014323296, 55.045383732549034, 0.0 ], [ 15.088039378417266, 55.045387072098606, 0.0 ] ] ], [ [ [ 15.090995000507533, 55.147523612551957, 0.0 ], [ 15.090979252547349, 55.147508015161833, 0.0 ], [ 15.090973580837328, 55.147520274878588, 0.0 ], [ 15.090995000507533, 55.147523612551957, 0.0 ] ] ], [ [ [ 15.091491354635528, 55.137634790655056, 0.0 ], [ 15.091475610677938, 55.137619193228623, 0.0 ], [ 15.091469797986619, 55.137631550118577, 0.0 ], [ 15.091491354635528, 55.137634790655056, 0.0 ] ] ], [ [ [ 15.091994896683806, 55.03902976172045, 0.0 ], [ 15.091979038607169, 55.039014171127981, 0.0 ], [ 15.091973380151217, 55.039026430607279, 0.0 ], [ 15.091994896683806, 55.03902976172045, 0.0 ] ] ], [ [ [ 15.093364503044461, 55.149376620428498, 0.0 ], [ 15.093348583701607, 55.149360941861708, 0.0 ], [ 15.093342926175518, 55.149373291030201, 0.0 ], [ 15.093364503044461, 55.149376620428498, 0.0 ] ] ], [ [ [ 15.094433681083016, 55.006506592647078, 0.0 ], [ 15.094417835896229, 55.006491002046012, 0.0 ], [ 15.094412195654883, 55.006503350893539, 0.0 ], [ 15.094433681083016, 55.006506592647078, 0.0 ] ] ], [ [ [ 15.09739395643053, 55.017306559828313, 0.0 ], [ 15.097378247432355, 55.017290872582919, 0.0 ], [ 15.097372606838986, 55.017303221573357, 0.0 ], [ 15.09739395643053, 55.017306559828313, 0.0 ] ] ], [ [ [ 15.098228174167906, 55.083867054160216, 0.0 ], [ 15.098212280981153, 55.083851375571058, 0.0 ], [ 15.098206788535954, 55.083863716935419, 0.0 ], [ 15.098228174167906, 55.083867054160216, 0.0 ] ] ], [ [ [ 15.098513562191675, 55.115231534749036, 0.0 ], [ 15.098497669154909, 55.11521594589172, 0.0 ], [ 15.098492017307185, 55.115228295174887, 0.0 ], [ 15.098513562191675, 55.115231534749036, 0.0 ] ] ], [ [ [ 15.099142238303784, 55.023458383159728, 0.0 ], [ 15.099126539662079, 55.023442785578276, 0.0 ], [ 15.099120885269787, 55.023455045297752, 0.0 ], [ 15.099142238303784, 55.023458383159728, 0.0 ] ] ], [ [ [ 15.100392221348232, 55.022418567749128, 0.0 ], [ 15.100376664576913, 55.022402873150654, 0.0 ], [ 15.100371024315121, 55.022415222271036, 0.0 ], [ 15.100392221348232, 55.022418567749128, 0.0 ] ] ], [ [ [ 15.101476581104896, 55.037585262060965, 0.0 ], [ 15.101460720038705, 55.037569672782794, 0.0 ], [ 15.10145506469299, 55.037581932629884, 0.0 ], [ 15.101476581104896, 55.037585262060965, 0.0 ] ] ], [ [ [ 15.101457751404613, 55.008800526871447, 0.0 ], [ 15.101442044436698, 55.008784840100333, 0.0 ], [ 15.10143640611483, 55.008797189227515, 0.0 ], [ 15.101457751404613, 55.008800526871447, 0.0 ] ] ], [ [ [ 15.10347980928759, 55.146779666448744, 0.0 ], [ 15.103463900864341, 55.146764078628259, 0.0 ], [ 15.103458233128158, 55.146776338833249, 0.0 ], [ 15.10347980928759, 55.146779666448744, 0.0 ] ] ], [ [ [ 15.103521803666236, 55.147034260827951, 0.0 ], [ 15.103506037438953, 55.147018575823118, 0.0 ], [ 15.103500227364403, 55.147030933223405, 0.0 ], [ 15.103521803666236, 55.147034260827951, 0.0 ] ] ], [ [ [ 15.103658869411076, 55.034625587957471, 0.0 ], [ 15.103643008774268, 55.034609998953528, 0.0 ], [ 15.10363736808954, 55.034622348232375, 0.0 ], [ 15.103658869411076, 55.034625587957471, 0.0 ] ] ], [ [ [ 15.104022248462634, 55.116872617647935, 0.0 ], [ 15.104006352624811, 55.11685702958161, 0.0 ], [ 15.10400068863067, 55.116869289731447, 0.0 ], [ 15.104022248462634, 55.116872617647935, 0.0 ] ] ], [ [ [ 15.104465017274666, 55.129406476004498, 0.0 ], [ 15.104449258168371, 55.129390790942686, 0.0 ], [ 15.104443606498554, 55.129403140494304, 0.0 ], [ 15.104465017274666, 55.129406476004498, 0.0 ] ] ], [ [ [ 15.104543258346837, 55.11654478436099, 0.0 ], [ 15.104527518342431, 55.116529188525135, 0.0 ], [ 15.10452186822625, 55.11654153804713, 0.0 ], [ 15.104543258346837, 55.11654478436099, 0.0 ] ] ], [ [ [ 15.104893328447933, 55.147316390972513, 0.0 ], [ 15.104877575267217, 55.147300795513793, 0.0 ], [ 15.104871921600019, 55.147313145127669, 0.0 ], [ 15.104893328447933, 55.147316390972513, 0.0 ] ] ], [ [ [ 15.105340524499667, 55.146591684960661, 0.0 ], [ 15.105324601752923, 55.146576008047489, 0.0 ], [ 15.105318948312132, 55.146588357676976, 0.0 ], [ 15.105340524499667, 55.146591684960661, 0.0 ] ] ], [ [ [ 15.105617308226293, 55.146186094041816, 0.0 ], [ 15.105601399241474, 55.146170506515126, 0.0 ], [ 15.1055959019429, 55.146182848311092, 0.0 ], [ 15.105617308226293, 55.146186094041816, 0.0 ] ] ], [ [ [ 15.105364322770326, 55.038411465988993, 0.0 ], [ 15.105348615463333, 55.038395869432286, 0.0 ], [ 15.105342974863589, 55.038408218787289, 0.0 ], [ 15.105364322770326, 55.038411465988993, 0.0 ] ] ], [ [ [ 15.106477407393934, 55.146399464408276, 0.0 ], [ 15.106461484293204, 55.146383787652866, 0.0 ], [ 15.10645583123161, 55.146396137326285, 0.0 ], [ 15.106477407393934, 55.146399464408276, 0.0 ] ] ], [ [ [ 15.107492693773953, 55.145632586689132, 0.0 ], [ 15.107476784310478, 55.145616999419872, 0.0 ], [ 15.107471117960159, 55.145629259779341, 0.0 ], [ 15.107492693773953, 55.145632586689132, 0.0 ] ] ], [ [ [ 15.107620903563397, 55.137779105829765, 0.0 ], [ 15.107605139691879, 55.137763421297123, 0.0 ], [ 15.107599332040849, 55.137775778838346, 0.0 ], [ 15.107620903563397, 55.137779105829765, 0.0 ] ] ], [ [ [ 15.108171056233628, 55.039305596403082, 0.0 ], [ 15.108155347482224, 55.039290000246162, 0.0 ], [ 15.108149707653018, 55.039302349712841, 0.0 ], [ 15.108171056233628, 55.039305596403082, 0.0 ] ] ], [ [ [ 15.108553563393354, 55.145547715143614, 0.0 ], [ 15.108537809565192, 55.145532120175403, 0.0 ], [ 15.108532143555173, 55.145544380576268, 0.0 ], [ 15.108553563393354, 55.145547715143614, 0.0 ] ] ], [ [ [ 15.109175285102335, 55.145462416371657, 0.0 ], [ 15.109159375069675, 55.145446829336876, 0.0 ], [ 15.109153709263262, 55.1454590897619, 0.0 ], [ 15.109175285102335, 55.145462416371657, 0.0 ] ] ], [ [ [ 15.109193948270191, 55.145123825116407, 0.0 ], [ 15.109178038375385, 55.145108238080603, 0.0 ], [ 15.109172372615253, 55.145120498505484, 0.0 ], [ 15.109193948270191, 55.145123825116407, 0.0 ] ] ], [ [ [ 15.10946521111857, 55.145383722202304, 0.0 ], [ 15.109449301008985, 55.145368135207399, 0.0 ], [ 15.109443635302194, 55.145380395643571, 0.0 ], [ 15.10946521111857, 55.145383722202304, 0.0 ] ] ], [ [ [ 15.109791536775486, 55.144792035120389, 0.0 ], [ 15.109775782795191, 55.144776440316413, 0.0 ], [ 15.109770130963637, 55.14478879011515, 0.0 ], [ 15.109791536775486, 55.144792035120389, 0.0 ] ] ], [ [ [ 15.109935670133895, 55.145622161875373, 0.0 ], [ 15.1099197597427, 55.145606574949127, 0.0 ], [ 15.109914094153803, 55.145618835404363, 0.0 ], [ 15.109935670133895, 55.145622161875373, 0.0 ] ] ], [ [ [ 15.109940394921511, 55.144775541750001, 0.0 ], [ 15.109924640891368, 55.144759946966573, 0.0 ], [ 15.109918833108013, 55.144772304619806, 0.0 ], [ 15.109940394921511, 55.144775541750001, 0.0 ] ] ], [ [ [ 15.110283190651778, 55.145748832188978, 0.0 ], [ 15.110267436077804, 55.145733237463631, 0.0 ], [ 15.110261614577841, 55.145745505782081, 0.0 ], [ 15.110283190651778, 55.145748832188978, 0.0 ] ] ], [ [ [ 15.110324954479843, 55.14562958789697, 0.0 ], [ 15.110309043936923, 55.145614001025486, 0.0 ], [ 15.110303392172815, 55.145626350847181, 0.0 ], [ 15.110324954479843, 55.14562958789697, 0.0 ] ] ], [ [ [ 15.11018138744892, 55.040154343788956, 0.0 ], [ 15.110165508330917, 55.040138666407067, 0.0 ], [ 15.110159869028992, 55.040151015954223, 0.0 ], [ 15.11018138744892, 55.040154343788956, 0.0 ] ] ], [ [ [ 15.111019938300679, 55.144883295929048, 0.0 ], [ 15.111004183812604, 55.144867701297024, 0.0 ], [ 15.110998532355165, 55.144880051143979, 0.0 ], [ 15.111019938300679, 55.144883295929048, 0.0 ] ] ], [ [ [ 15.111027350715815, 55.059222738220534, 0.0 ], [ 15.11101164613798, 55.059207232026218, 0.0 ], [ 15.111006146851086, 55.059219484460705, 0.0 ], [ 15.111027350715815, 55.059222738220534, 0.0 ] ] ], [ [ [ 15.111327078282782, 55.145232504982012, 0.0 ], [ 15.111311167527512, 55.145216918247002, 0.0 ], [ 15.111305516124734, 55.145229268106824, 0.0 ], [ 15.111327078282782, 55.145232504982012, 0.0 ] ] ], [ [ [ 15.111064153953704, 55.040127872683264, 0.0 ], [ 15.111048288162136, 55.040112284777699, 0.0 ], [ 15.11104264913893, 55.040124634359195, 0.0 ], [ 15.111064153953704, 55.040127872683264, 0.0 ] ] ], [ [ [ 15.111339973389569, 55.13440895736187, 0.0 ], [ 15.111324236923037, 55.134393452013676, 0.0 ], [ 15.111318573110722, 55.13440571249528, 0.0 ], [ 15.111339973389569, 55.13440895736187, 0.0 ] ] ], [ [ [ 15.111435052209453, 55.144277231227704, 0.0 ], [ 15.111419284113662, 55.144261547296004, 0.0 ], [ 15.111413476860408, 55.14427390500817, 0.0 ], [ 15.111435052209453, 55.144277231227704, 0.0 ] ] ], [ [ [ 15.111282627967093, 55.040211406201635, 0.0 ], [ 15.111266903997226, 55.040195721134509, 0.0 ], [ 15.111261265032416, 55.040208070724731, 0.0 ], [ 15.111282627967093, 55.040211406201635, 0.0 ] ] ], [ [ [ 15.11134066622399, 55.040244407731521, 0.0 ], [ 15.111324942217985, 55.040228722672836, 0.0 ], [ 15.111319303267397, 55.040241072265395, 0.0 ], [ 15.11134066622399, 55.040244407731521, 0.0 ] ] ], [ [ [ 15.111356844082771, 55.040068103438863, 0.0 ], [ 15.111340964552175, 55.040052426221195, 0.0 ], [ 15.111335325627415, 55.040064775813924, 0.0 ], [ 15.111356844082771, 55.040068103438863, 0.0 ] ] ], [ [ [ 15.111501615791125, 55.056065522165397, 0.0 ], [ 15.111485743048352, 55.056049934493295, 0.0 ], [ 15.111480088616299, 55.056062194780246, 0.0 ], [ 15.111501615791125, 55.056065522165397, 0.0 ] ] ], [ [ [ 15.111539692202744, 55.040328920840757, 0.0 ], [ 15.11152398173869, 55.040313325163183, 0.0 ], [ 15.111518342840247, 55.040325674763714, 0.0 ], [ 15.111539692202744, 55.040328920840757, 0.0 ] ] ], [ [ [ 15.112553193116167, 55.144995216693836, 0.0 ], [ 15.11253743799514, 55.144979622276416, 0.0 ], [ 15.112531787004908, 55.144991972183504, 0.0 ], [ 15.112553193116167, 55.144995216693836, 0.0 ] ] ], [ [ [ 15.112565601191516, 55.116114002697067, 0.0 ], [ 15.112549702421568, 55.116098415822158, 0.0 ], [ 15.112544210755983, 55.116110757806759, 0.0 ], [ 15.112565601191516, 55.116114002697067, 0.0 ] ] ], [ [ [ 15.112592293304759, 55.011728587366584, 0.0 ], [ 15.112576580848147, 55.011712902176335, 0.0 ], [ 15.11257094565328, 55.011725251744728, 0.0 ], [ 15.112592293304759, 55.011728587366584, 0.0 ] ] ], [ [ [ 15.113606040290934, 55.144838761250142, 0.0 ], [ 15.113590115123253, 55.14482308548039, 0.0 ], [ 15.113584620481156, 55.144835427574733, 0.0 ], [ 15.113606040290934, 55.144838761250142, 0.0 ] ] ], [ [ [ 15.113327156045377, 55.024351245860274, 0.0 ], [ 15.113311451635637, 55.024335650260163, 0.0 ], [ 15.113305801531716, 55.024347910537024, 0.0 ], [ 15.113327156045377, 55.024351245860274, 0.0 ] ] ], [ [ [ 15.113626130080545, 55.042195740771703, 0.0 ], [ 15.113610418035723, 55.042180145404259, 0.0 ], [ 15.113604779568176, 55.042192495090859, 0.0 ], [ 15.113626130080545, 55.042195740771703, 0.0 ] ] ], [ [ [ 15.114004831544683, 55.024330582420113, 0.0 ], [ 15.113989126886064, 55.024314986913993, 0.0 ], [ 15.113983476994536, 55.024327247217279, 0.0 ], [ 15.114004831544683, 55.024330582420113, 0.0 ] ] ], [ [ [ 15.114689308195024, 55.144329514905351, 0.0 ], [ 15.114673382829938, 55.144313839282461, 0.0 ], [ 15.114667732588318, 55.14432618927119, 0.0 ], [ 15.114689308195024, 55.144329514905351, 0.0 ] ] ], [ [ [ 15.115175080429802, 55.143679269446629, 0.0 ], [ 15.115159155157075, 55.143663593885051, 0.0 ], [ 15.115153661139651, 55.143675936035784, 0.0 ], [ 15.115175080429802, 55.143679269446629, 0.0 ] ] ], [ [ [ 15.115305635256208, 55.085551178684597, 0.0 ], [ 15.11528991794904, 55.085535673365982, 0.0 ], [ 15.1152842475075, 55.08554784452636, 0.0 ], [ 15.115305635256208, 55.085551178684597, 0.0 ] ] ], [ [ [ 15.115554872755617, 55.143043272889827, 0.0 ], [ 15.115538975039636, 55.143027776075435, 0.0 ], [ 15.115533297792428, 55.143039947394008, 0.0 ], [ 15.115554872755617, 55.143043272889827, 0.0 ] ] ], [ [ [ 15.11585379730249, 55.143519032314828, 0.0 ], [ 15.115838027831741, 55.143503348990826, 0.0 ], [ 15.115832534045303, 55.143515691166762, 0.0 ], [ 15.11585379730249, 55.143519032314828, 0.0 ] ] ], [ [ [ 15.116050559115294, 55.143468514289133, 0.0 ], [ 15.116034647313196, 55.143452928198656, 0.0 ], [ 15.11602898388435, 55.143465188888072, 0.0 ], [ 15.116050559115294, 55.143468514289133, 0.0 ] ] ], [ [ [ 15.116268597861797, 55.143385590018426, 0.0 ], [ 15.116252842005119, 55.143369996100994, 0.0 ], [ 15.116247192370754, 55.143382346148968, 0.0 ], [ 15.116268597861797, 55.143385590018426, 0.0 ] ] ], [ [ [ 15.116405812519918, 55.143351666707083, 0.0 ], [ 15.11639021261818, 55.143336064951541, 0.0 ], [ 15.116384563030898, 55.143348415004773, 0.0 ], [ 15.116405812519918, 55.143351666707083, 0.0 ] ] ], [ [ [ 15.116408532292136, 55.142914740536426, 0.0 ], [ 15.116392620590595, 55.142899154490273, 0.0 ], [ 15.1163871270473, 55.14291149668567, 0.0 ], [ 15.116408532292136, 55.142914740536426, 0.0 ] ] ], [ [ [ 15.116778129654771, 55.063223342468582, 0.0 ], [ 15.116762407536777, 55.063207747764665, 0.0 ], [ 15.116756611887356, 55.063220105477548, 0.0 ], [ 15.116778129654771, 55.063223342468582, 0.0 ] ] ], [ [ [ 15.117426091134259, 55.014312048437581, 0.0 ], [ 15.117410220250122, 55.014296371793897, 0.0 ], [ 15.117404586258344, 55.01430872155705, 0.0 ], [ 15.117426091134259, 55.014312048437581, 0.0 ] ] ], [ [ [ 15.119150856594711, 55.137477750491179, 0.0 ], [ 15.119134946174965, 55.137462164771669, 0.0 ], [ 15.11912928442597, 55.137474425567191, 0.0 ], [ 15.119150856594711, 55.137477750491179, 0.0 ] ] ], [ [ [ 15.119098273296883, 55.062977484294166, 0.0 ], [ 15.1190825503996, 55.062961889910341, 0.0 ], [ 15.119076755505866, 55.062974247715935, 0.0 ], [ 15.119098273296883, 55.062977484294166, 0.0 ] ] ], [ [ [ 15.119013356844722, 55.026418990861522, 0.0 ], [ 15.118997635739111, 55.026403306722784, 0.0 ], [ 15.118991845277488, 55.026415664427901, 0.0 ], [ 15.119013356844722, 55.026418990861522, 0.0 ] ] ], [ [ [ 15.119077215934542, 55.025677342080861, 0.0 ], [ 15.119061353245694, 55.025661755143695, 0.0 ], [ 15.119055704766073, 55.025674015648761, 0.0 ], [ 15.119077215934542, 55.025677342080861, 0.0 ] ] ], [ [ [ 15.119268305674149, 55.02596042171573, 0.0 ], [ 15.11925258466454, 55.025944737607553, 0.0 ], [ 15.119247105410253, 55.025957079622827, 0.0 ], [ 15.119268305674149, 55.02596042171573, 0.0 ] ] ], [ [ [ 15.119306650326291, 55.025999005012487, 0.0 ], [ 15.119290787413515, 55.025983418110975, 0.0 ], [ 15.11928513896688, 55.025995678625861, 0.0 ], [ 15.119306650326291, 55.025999005012487, 0.0 ] ] ], [ [ [ 15.119365845068048, 55.026072462399789, 0.0 ], [ 15.119350151301791, 55.026056957009231, 0.0 ], [ 15.119344489200889, 55.026069128175202, 0.0 ], [ 15.119365845068048, 55.026072462399789, 0.0 ] ] ], [ [ [ 15.119502720904629, 55.026295159060773, 0.0 ], [ 15.119487013328548, 55.026279564340243, 0.0 ], [ 15.119481378572001, 55.026291914214916, 0.0 ], [ 15.119502720904629, 55.026295159060773, 0.0 ] ] ], [ [ [ 15.122093223395524, 55.063342492802327, 0.0 ], [ 15.122077343524172, 55.063326906695707, 0.0 ], [ 15.122071691513636, 55.06333916741572, 0.0 ], [ 15.122093223395524, 55.063342492802327, 0.0 ] ] ], [ [ [ 15.122667266352485, 55.062705652948281, 0.0 ], [ 15.122651386534267, 55.062690066915373, 0.0 ], [ 15.122645748467317, 55.06270241700652, 0.0 ], [ 15.122667266352485, 55.062705652948281, 0.0 ] ] ], [ [ [ 15.123510818842634, 55.079604442035418, 0.0 ], [ 15.1234949177963, 55.079588766953641, 0.0 ], [ 15.123489277994702, 55.079601117120909, 0.0 ], [ 15.123510818842634, 55.079604442035418, 0.0 ] ] ], [ [ [ 15.123939061241215, 55.069263998110493, 0.0 ], [ 15.123923178143164, 55.069248412327035, 0.0 ], [ 15.12391768170483, 55.069260665274989, 0.0 ], [ 15.123939061241215, 55.069263998110493, 0.0 ] ] ], [ [ [ 15.124158200479368, 55.069189907274875, 0.0 ], [ 15.124142303633038, 55.069174232171449, 0.0 ], [ 15.124136665265551, 55.069186582337231, 0.0 ], [ 15.124158200479368, 55.069189907274875, 0.0 ] ] ], [ [ [ 15.124323704523757, 55.069316614634658, 0.0 ], [ 15.124307821256949, 55.069301028905798, 0.0 ], [ 15.124302169229265, 55.069313289728427, 0.0 ], [ 15.124323704523757, 55.069316614634658, 0.0 ] ] ], [ [ [ 15.124409022087086, 55.069118808751284, 0.0 ], [ 15.124393294573894, 55.069103215172156, 0.0 ], [ 15.124387656293255, 55.069115565347573, 0.0 ], [ 15.124409022087086, 55.069118808751284, 0.0 ] ] ], [ [ [ 15.124450982441244, 55.0694498436429, 0.0 ], [ 15.124435254772196, 55.069434250073179, 0.0 ], [ 15.124429602768242, 55.069446510901138, 0.0 ], [ 15.124450982441244, 55.0694498436429, 0.0 ] ] ], [ [ [ 15.124516883718201, 55.064071046017709, 0.0 ], [ 15.124501144601879, 55.064055363049533, 0.0 ], [ 15.124495506951602, 55.064067713216197, 0.0 ], [ 15.124516883718201, 55.064071046017709, 0.0 ] ] ], [ [ [ 15.124513770870593, 55.061018800460445, 0.0 ], [ 15.124498046739413, 55.061003206809104, 0.0 ], [ 15.124492395755677, 55.061015467617793, 0.0 ], [ 15.124513770870593, 55.061018800460445, 0.0 ] ] ], [ [ [ 15.124610866226426, 55.069270693632262, 0.0 ], [ 15.124594969172399, 55.069255018593338, 0.0 ], [ 15.12458933093685, 55.069267368776991, 0.0 ], [ 15.124610866226426, 55.069270693632262, 0.0 ] ] ], [ [ [ 15.124641861339034, 55.069044025392088, 0.0 ], [ 15.12462596436993, 55.069028350355048, 0.0 ], [ 15.124620326170863, 55.069040700539318, 0.0 ], [ 15.124641861339034, 55.069044025392088, 0.0 ] ] ], [ [ [ 15.124718703109339, 55.069724370728167, 0.0 ], [ 15.12470281951839, 55.069708785059191, 0.0 ], [ 15.124697167564872, 55.069721045898319, 0.0 ], [ 15.124718703109339, 55.069724370728167, 0.0 ] ] ], [ [ [ 15.12472897629047, 55.06939529101048, 0.0 ], [ 15.124713248538642, 55.069379697478851, 0.0 ], [ 15.124707596627434, 55.069391958317546, 0.0 ], [ 15.12472897629047, 55.06939529101048, 0.0 ] ] ], [ [ [ 15.124849111253043, 55.069519786065349, 0.0 ], [ 15.124833383402873, 55.069504192551783, 0.0 ], [ 15.124827575810976, 55.069516461256171, 0.0 ], [ 15.124849111253043, 55.069519786065349, 0.0 ] ] ], [ [ [ 15.124875228897833, 55.068973716960365, 0.0 ], [ 15.124859487570466, 55.06895803409472, 0.0 ], [ 15.124853849452702, 55.068970384287887, 0.0 ], [ 15.124875228897833, 55.068973716960365, 0.0 ] ] ], [ [ [ 15.124887213917791, 55.069864521882302, 0.0 ], [ 15.124871472208957, 55.06984883902787, 0.0 ], [ 15.124865833989627, 55.069861189223793, 0.0 ], [ 15.124887213917791, 55.069864521882302, 0.0 ] ] ], [ [ [ 15.124984149365757, 55.069652442717668, 0.0 ], [ 15.124968265704506, 55.0696368570852, 0.0 ], [ 15.124962627540489, 55.069649207284328, 0.0 ], [ 15.124984149365757, 55.069652442717668, 0.0 ] ] ], [ [ [ 15.125080867405767, 55.066770826332323, 0.0 ], [ 15.125064984936511, 55.066755240682248, 0.0 ], [ 15.125059333446014, 55.06676750152792, 0.0 ], [ 15.125080867405767, 55.066770826332323, 0.0 ] ] ], [ [ [ 15.125108844889009, 55.068898893442672, 0.0 ], [ 15.125092947803187, 55.06888321846975, 0.0 ], [ 15.125087465467942, 55.068895560810866, 0.0 ], [ 15.125108844889009, 55.068898893442672, 0.0 ] ] ], [ [ [ 15.125120858340507, 55.069091875976625, 0.0 ], [ 15.125104974866302, 55.069076290357273, 0.0 ], [ 15.125099323112682, 55.069088551210477, 0.0 ], [ 15.125120858340507, 55.069091875976625, 0.0 ] ] ], [ [ [ 15.12512695660414, 55.069771290827596, 0.0 ], [ 15.125111072837877, 55.06975570521643, 0.0 ], [ 15.125105434704452, 55.069768055421456, 0.0 ], [ 15.12512695660414, 55.069771290827596, 0.0 ] ] ], [ [ [ 15.12515249695522, 55.066938198474524, 0.0 ], [ 15.125136756382801, 55.06692251562567, 0.0 ], [ 15.12513096289922, 55.066934873685234, 0.0 ], [ 15.12515249695522, 55.066938198474524, 0.0 ] ] ], [ [ [ 15.12522290662238, 55.06717334333684, 0.0 ], [ 15.125207179621395, 55.067157749850125, 0.0 ], [ 15.125201386131126, 55.067170107913178, 0.0 ], [ 15.12522290662238, 55.06717334333684, 0.0 ] ] ], [ [ [ 15.12524683215927, 55.067361132299915, 0.0 ], [ 15.125230963073198, 55.067345636029373, 0.0 ], [ 15.125225297866121, 55.067357807533249, 0.0 ], [ 15.12524683215927, 55.067361132299915, 0.0 ] ] ], [ [ [ 15.125279553501178, 55.067530558919067, 0.0 ], [ 15.125263826327696, 55.067514965444055, 0.0 ], [ 15.125258188506887, 55.067527315649265, 0.0 ], [ 15.125279553501178, 55.067530558919067, 0.0 ] ] ], [ [ [ 15.125311261134112, 55.067704628832836, 0.0 ], [ 15.125295378179048, 55.067689043225222, 0.0 ], [ 15.125289726649202, 55.067701304082306, 0.0 ], [ 15.125311261134112, 55.067704628832836, 0.0 ] ] ], [ [ [ 15.125347272994144, 55.068823736446646, 0.0 ], [ 15.125331545248464, 55.068808142994946, 0.0 ], [ 15.125326062996306, 55.06882048534488, 0.0 ], [ 15.125347272994144, 55.068823736446646, 0.0 ] ] ], [ [ [ 15.125346100750285, 55.067869446425824, 0.0 ], [ 15.125330515406381, 55.067853755752751, 0.0 ], [ 15.125324721869729, 55.067866113822596, 0.0 ], [ 15.125346100750285, 55.067869446425824, 0.0 ] ] ], [ [ [ 15.125453539094538, 55.096074015050121, 0.0 ], [ 15.125437786071013, 55.096058332555749, 0.0 ], [ 15.125432144927519, 55.096070682840875, 0.0 ], [ 15.125453539094538, 55.096074015050121, 0.0 ] ] ], [ [ [ 15.125398128895386, 55.068060408588451, 0.0 ], [ 15.125382245755571, 55.068044822996896, 0.0 ], [ 15.125376594210442, 55.068057083858314, 0.0 ], [ 15.125398128895386, 55.068060408588451, 0.0 ] ] ], [ [ [ 15.125458939467187, 55.068232919019202, 0.0 ], [ 15.125443056230676, 55.068217333438028, 0.0 ], [ 15.125437560381963, 55.068229586440914, 0.0 ], [ 15.125458939467187, 55.068232919019202, 0.0 ] ] ], [ [ [ 15.125537438098736, 55.068400034262687, 0.0 ], [ 15.125521710459699, 55.06838444083288, 0.0 ], [ 15.125516058917535, 55.068396701700621, 0.0 ], [ 15.125537438098736, 55.068400034262687, 0.0 ] ] ], [ [ [ 15.125536039082187, 55.05949941843167, 0.0 ], [ 15.12552015953962, 55.059483832766915, 0.0 ], [ 15.125514664717345, 55.059496085751007, 0.0 ], [ 15.125536039082187, 55.05949941843167, 0.0 ] ] ], [ [ [ 15.125625333104699, 55.068953853288654, 0.0 ], [ 15.125609605198179, 55.068938259877029, 0.0 ], [ 15.125603797916776, 55.068950528611261, 0.0 ], [ 15.125625333104699, 55.068953853288654, 0.0 ] ] ], [ [ [ 15.125732266071138, 55.069070009950657, 0.0 ], [ 15.12571653807483, 55.069054416555147, 0.0 ], [ 15.125710900213548, 55.069066766781958, 0.0 ], [ 15.125732266071138, 55.069070009950657, 0.0 ] ] ], [ [ [ 15.12573145326337, 55.067062036377834, 0.0 ], [ 15.125715570422489, 55.067046450822282, 0.0 ], [ 15.1257100747927, 55.067058703832572, 0.0 ], [ 15.12573145326337, 55.067062036377834, 0.0 ] ] ], [ [ [ 15.125740605321504, 55.068682320546174, 0.0 ], [ 15.125724721786213, 55.06866673500943, 0.0 ], [ 15.12571908397331, 55.06867908523553, 0.0 ], [ 15.125740605321504, 55.068682320546174, 0.0 ] ] ], [ [ [ 15.125742151686673, 55.06687700121978, 0.0 ], [ 15.125726424613248, 55.066861407802143, 0.0 ], [ 15.125720773315397, 55.066873668673949, 0.0 ], [ 15.125742151686673, 55.06687700121978, 0.0 ] ] ], [ [ [ 15.125864658484078, 55.06920279924352, 0.0 ], [ 15.125848774679643, 55.069187213729812, 0.0 ], [ 15.125843123143673, 55.06919947461239, 0.0 ], [ 15.125864658484078, 55.06920279924352, 0.0 ] ] ], [ [ [ 15.125890305808445, 55.068859436656062, 0.0 ], [ 15.12587456414075, 55.068843753930608, 0.0 ], [ 15.125868926353759, 55.068856104163018, 0.0 ], [ 15.125890305808445, 55.068859436656062, 0.0 ] ] ], [ [ [ 15.125981767392245, 55.068611706344171, 0.0 ], [ 15.125965883795335, 55.06859612084051, 0.0 ], [ 15.125960246066159, 55.068608471075848, 0.0 ], [ 15.125981767392245, 55.068611706344171, 0.0 ] ] ], [ [ [ 15.12600737334515, 55.069303642707069, 0.0 ], [ 15.125991645145385, 55.069288049352373, 0.0 ], [ 15.125986007342469, 55.069300399590446, 0.0 ], [ 15.12600737334515, 55.069303642707069, 0.0 ] ] ], [ [ [ 15.126014366067597, 55.068997238620668, 0.0 ], [ 15.125998482293875, 55.068981653125775, 0.0 ], [ 15.125992830828766, 55.068993914013681, 0.0 ], [ 15.126014366067597, 55.068997238620668, 0.0 ] ] ], [ [ [ 15.126009788011704, 55.066818466054769, 0.0 ], [ 15.125993905168817, 55.066802880535668, 0.0 ], [ 15.125988423352711, 55.066815222905582, 0.0 ], [ 15.126009788011704, 55.066818466054769, 0.0 ] ] ], [ [ [ 15.126013321103093, 55.067007284701269, 0.0 ], [ 15.125997438178347, 55.066991699184733, 0.0 ], [ 15.125991786949127, 55.067003960067446, 0.0 ], [ 15.126013321103093, 55.067007284701269, 0.0 ] ] ], [ [ [ 15.126172947990691, 55.069142211370433, 0.0 ], [ 15.126157050393843, 55.069126536549753, 0.0 ], [ 15.126151568363058, 55.069138878931533, 0.0 ], [ 15.126172947990691, 55.069142211370433, 0.0 ] ] ], [ [ [ 15.126265590917823, 55.066760527850782, 0.0 ], [ 15.126249863694362, 55.066744934504769, 0.0 ], [ 15.126244381964799, 55.06675727688414, 0.0 ], [ 15.126265590917823, 55.066760527850782, 0.0 ] ] ], [ [ [ 15.12625535269602, 55.05986827939136, 0.0 ], [ 15.126239472722721, 55.059852693831608, 0.0 ], [ 15.126233836112172, 55.059865044055137, 0.0 ], [ 15.12625535269602, 55.05986827939136, 0.0 ] ] ], [ [ [ 15.126352171855419, 55.066927144384529, 0.0 ], [ 15.126336288835963, 55.066911558914683, 0.0 ], [ 15.126330637721402, 55.066923819810484, 0.0 ], [ 15.126352171855419, 55.066927144384529, 0.0 ] ] ], [ [ [ 15.12636844022868, 55.059934691281882, 0.0 ], [ 15.12635256018407, 55.059919105738722, 0.0 ], [ 15.126346909904283, 55.059931366617107, 0.0 ], [ 15.12636844022868, 55.059934691281882, 0.0 ] ] ], [ [ [ 15.126491955756132, 55.06125206308414, 0.0 ], [ 15.126476075103021, 55.061236477572564, 0.0 ], [ 15.126470580375887, 55.061248730597164, 0.0 ], [ 15.126491955756132, 55.06125206308414, 0.0 ] ] ], [ [ [ 15.126522845043255, 55.063609590228737, 0.0 ], [ 15.1265071190531, 55.063593996884734, 0.0 ], [ 15.126501468385257, 55.06360625777863, 0.0 ], [ 15.126522845043255, 55.063609590228737, 0.0 ] ] ], [ [ [ 15.126552642291523, 55.066687414737018, 0.0 ], [ 15.126536759298039, 55.066671829292744, 0.0 ], [ 15.126531121974709, 55.066684179545334, 0.0 ], [ 15.126552642291523, 55.066687414737018, 0.0 ] ] ], [ [ [ 15.126815991799715, 55.139418719722684, 0.0 ], [ 15.126800077625354, 55.139403135101169, 0.0 ], [ 15.126794431767705, 55.139415485550288, 0.0 ], [ 15.126815991799715, 55.139418719722684, 0.0 ] ] ], [ [ [ 15.126614403131109, 55.066859966708556, 0.0 ], [ 15.126598506339754, 55.066844291925229, 0.0 ], [ 15.126593024707692, 55.066856634317993, 0.0 ], [ 15.126614403131109, 55.066859966708556, 0.0 ] ] ], [ [ [ 15.126630188363283, 55.061515206167535, 0.0 ], [ 15.126614618888544, 55.061499604953774, 0.0 ], [ 15.126608812830948, 55.061511873708696, 0.0 ], [ 15.126630188363283, 55.061515206167535, 0.0 ] ] ], [ [ [ 15.126742907466221, 55.060068849122196, 0.0 ], [ 15.126727169190307, 55.060053166421163, 0.0 ], [ 15.126721532708462, 55.06006551666421, 0.0 ], [ 15.126742907466221, 55.060068849122196, 0.0 ] ] ], [ [ [ 15.126832464778795, 55.066619348158412, 0.0 ], [ 15.126816723698044, 55.066603665540185, 0.0 ], [ 15.126811086470267, 55.066616015803497, 0.0 ], [ 15.126832464778795, 55.066619348158412, 0.0 ] ] ], [ [ [ 15.126900129284166, 55.066791511815083, 0.0 ], [ 15.126884246114127, 55.06677592642076, 0.0 ], [ 15.126878595185699, 55.066788187337607, 0.0 ], [ 15.126900129284166, 55.066791511815083, 0.0 ] ] ], [ [ [ 15.127080109190757, 55.067952871925314, 0.0 ], [ 15.127064225457023, 55.067937286568807, 0.0 ], [ 15.127058588148998, 55.067949636845178, 0.0 ], [ 15.127080109190757, 55.067952871925314, 0.0 ] ] ], [ [ [ 15.127108224605301, 55.066551396054244, 0.0 ], [ 15.127092483447715, 55.066535713473705, 0.0 ], [ 15.127086846314153, 55.066548063747597, 0.0 ], [ 15.127108224605301, 55.066551396054244, 0.0 ] ] ], [ [ [ 15.127111869176966, 55.062359778550487, 0.0 ], [ 15.127095987815915, 55.062344193137946, 0.0 ], [ 15.127090337479066, 55.062356454051638, 0.0 ], [ 15.127111869176966, 55.062359778550487, 0.0 ] ] ], [ [ [ 15.127141838684693, 55.062421203856871, 0.0 ], [ 15.127125957286054, 55.062405618449212, 0.0 ], [ 15.127120306951216, 55.062417879364233, 0.0 ], [ 15.127141838684693, 55.062421203856871, 0.0 ] ] ], [ [ [ 15.127177229040749, 55.066718989832111, 0.0 ], [ 15.127161345796241, 55.066703404475888, 0.0 ], [ 15.127155694962404, 55.0667156654034, 0.0 ], [ 15.127177229040749, 55.066718989832111, 0.0 ] ] ], [ [ [ 15.127182290211518, 55.060357299636564, 0.0 ], [ 15.127166409677303, 55.060341714212257, 0.0 ], [ 15.127160915266813, 55.060353967260731, 0.0 ], [ 15.127182290211518, 55.060357299636564, 0.0 ] ] ], [ [ [ 15.127234075434041, 55.062601220238022, 0.0 ], [ 15.127218349599177, 55.06258562698217, 0.0 ], [ 15.127212699271645, 55.062597887901262, 0.0 ], [ 15.127234075434041, 55.062601220238022, 0.0 ] ] ], [ [ [ 15.127270943125113, 55.063058569918539, 0.0 ], [ 15.127255061405657, 55.063042984535912, 0.0 ], [ 15.127249411035256, 55.063055245457605, 0.0 ], [ 15.127270943125113, 55.063058569918539, 0.0 ] ] ], [ [ [ 15.12739555322019, 55.066487271012754, 0.0 ], [ 15.127379825682084, 55.066471677821021, 0.0 ], [ 15.12737417494354, 55.066483938756456, 0.0 ], [ 15.12739555322019, 55.066487271012754, 0.0 ] ] ], [ [ [ 15.127454770486098, 55.06842026362844, 0.0 ], [ 15.127438886410536, 55.068404678329593, 0.0 ], [ 15.127433391159069, 55.068416931408393, 0.0 ], [ 15.127454770486098, 55.06842026362844, 0.0 ] ] ], [ [ [ 15.12746697015719, 55.066659334921802, 0.0 ], [ 15.127451228816595, 55.066643652392415, 0.0 ], [ 15.12744574747372, 55.066655994816763, 0.0 ], [ 15.12746697015719, 55.066659334921802, 0.0 ] ] ], [ [ [ 15.127498034877595, 55.060728439392705, 0.0 ], [ 15.127482154065113, 55.060712854016764, 0.0 ], [ 15.127476659709895, 55.060725107078078, 0.0 ], [ 15.127498034877595, 55.060728439392705, 0.0 ] ] ], [ [ [ 15.12753559223089, 55.068294535331809, 0.0 ], [ 15.127519863875806, 55.068278942178949, 0.0 ], [ 15.127514057268582, 55.068291210988534, 0.0 ], [ 15.12753559223089, 55.068294535331809, 0.0 ] ] ], [ [ [ 15.127618139864717, 55.068168809836699, 0.0 ], [ 15.127602411531337, 55.068153216693958, 0.0 ], [ 15.127596774366001, 55.068165566991823, 0.0 ], [ 15.127618139864717, 55.068168809836699, 0.0 ] ] ], [ [ [ 15.127644143779802, 55.063638495533262, 0.0 ], [ 15.127628417350678, 55.063622902345614, 0.0 ], [ 15.127622625049215, 55.063635260496589, 0.0 ], [ 15.127644143779802, 55.063638495533262, 0.0 ] ] ], [ [ [ 15.127631566963029, 55.057705302143106, 0.0 ], [ 15.127615843044806, 55.057689708890095, 0.0 ], [ 15.127610193421352, 55.057701969812086, 0.0 ], [ 15.127631566963029, 55.057705302143106, 0.0 ] ] ], [ [ [ 15.127740291840972, 55.063651647150408, 0.0 ], [ 15.127724565369697, 55.063636053976268, 0.0 ], [ 15.127718915074599, 55.063648314917842, 0.0 ], [ 15.127740291840972, 55.063651647150408, 0.0 ] ] ], [ [ [ 15.127845149121107, 55.067819777683646, 0.0 ], [ 15.127829251449111, 55.067804103083766, 0.0 ], [ 15.127823614395927, 55.067816453389575, 0.0 ], [ 15.127845149121107, 55.067819777683646, 0.0 ] ] ], [ [ [ 15.127814167657041, 55.057853740514318, 0.0 ], [ 15.12779828794965, 55.057838155151678, 0.0 ], [ 15.127792638365184, 55.057850416081173, 0.0 ], [ 15.127814167657041, 55.057853740514318, 0.0 ] ] ], [ [ [ 15.127872993750024, 55.063671956368744, 0.0 ], [ 15.127857111540106, 55.0636563710773, 0.0 ], [ 15.127851474985702, 55.063668721373553, 0.0 ], [ 15.127872993750024, 55.063671956368744, 0.0 ] ] ], [ [ [ 15.127889755619616, 55.057912951074918, 0.0 ], [ 15.127874031515459, 55.05789735786005, 0.0 ], [ 15.127868395646558, 55.057909708142176, 0.0 ], [ 15.127889755619616, 55.057912951074918, 0.0 ] ] ], [ [ [ 15.12792606181004, 55.067689542390724, 0.0 ], [ 15.127910333561973, 55.067673949285712, 0.0 ], [ 15.127904682845372, 55.067686210244972, 0.0 ], [ 15.12792606181004, 55.067689542390724, 0.0 ] ] ], [ [ [ 15.127957296599384, 55.063685616126079, 0.0 ], [ 15.127941428053761, 55.063670120196015, 0.0 ], [ 15.127935933501545, 55.063682373282063, 0.0 ], [ 15.127957296599384, 55.063685616126079, 0.0 ] ] ], [ [ [ 15.12800690814951, 55.067563992544585, 0.0 ], [ 15.127991179923722, 55.067548399449485, 0.0 ], [ 15.127985529247111, 55.067560660411587, 0.0 ], [ 15.12800690814951, 55.067563992544585, 0.0 ] ] ], [ [ [ 15.128091618951604, 55.067438067340724, 0.0 ], [ 15.128075735052672, 55.067422482120705, 0.0 ], [ 15.128070098121619, 55.067434832435126, 0.0 ], [ 15.128091618951604, 55.067438067340724, 0.0 ] ] ], [ [ [ 15.128104764232429, 55.060018066235351, 0.0 ], [ 15.128089039157356, 55.06000247307297, 0.0 ], [ 15.128083389406385, 55.060014734019425, 0.0 ], [ 15.128104764232429, 55.060018066235351, 0.0 ] ] ], [ [ [ 15.128177788683816, 55.06730324428996, 0.0 ], [ 15.128161891105094, 55.067287569731249, 0.0 ], [ 15.128156254216917, 55.067299920048683, 0.0 ], [ 15.128177788683816, 55.06730324428996, 0.0 ] ] ], [ [ [ 15.128185132351293, 55.06104039021411, 0.0 ], [ 15.128169237443212, 55.061024715588609, 0.0 ], [ 15.12816375696651, 55.061037058026095, 0.0 ], [ 15.128185132351293, 55.06104039021411, 0.0 ] ] ], [ [ [ 15.128258619823571, 55.067177604961707, 0.0 ], [ 15.128242735972194, 55.067162019762343, 0.0 ], [ 15.128237085419494, 55.067174280733269, 0.0 ], [ 15.128258619823571, 55.067177604961707, 0.0 ] ] ], [ [ [ 15.128337270783888, 55.067052075700069, 0.0 ], [ 15.128321542648672, 55.067036482645456, 0.0 ], [ 15.128315736442731, 55.067048751484052, 0.0 ], [ 15.128337270783888, 55.067052075700069, 0.0 ] ] ], [ [ [ 15.128420903422327, 55.066926294717398, 0.0 ], [ 15.128405161603565, 55.066910612323802, 0.0 ], [ 15.128399524835954, 55.066922962649706, 0.0 ], [ 15.128420903422327, 55.066926294717398, 0.0 ] ] ], [ [ [ 15.128430631968754, 55.062666834981478, 0.0 ], [ 15.128414749975292, 55.062651249757451, 0.0 ], [ 15.128409100011172, 55.062663510723482, 0.0 ], [ 15.128430631968754, 55.062666834981478, 0.0 ] ] ], [ [ [ 15.128451605681851, 55.067892601105591, 0.0 ], [ 15.128435721452155, 55.067877015941015, 0.0 ], [ 15.128430084579904, 55.067889366270613, 0.0 ], [ 15.128451605681851, 55.067892601105591, 0.0 ] ] ], [ [ [ 15.128458004661244, 55.063606386959592, 0.0 ], [ 15.128442122256802, 55.063590801749591, 0.0 ], [ 15.12843648589296, 55.063603152068445, 0.0 ], [ 15.128458004661244, 55.063606386959592, 0.0 ] ] ], [ [ [ 15.128502809246951, 55.066800510855941, 0.0 ], [ 15.128487081155024, 55.066784917821671, 0.0 ], [ 15.128481444427873, 55.066797268150459, 0.0 ], [ 15.128502809246951, 55.066800510855941, 0.0 ] ] ], [ [ [ 15.128570198078751, 55.061083965792825, 0.0 ], [ 15.128554316707014, 55.061068380571299, 0.0 ], [ 15.128548836345535, 55.06108072302338, 0.0 ], [ 15.128570198078751, 55.061083965792825, 0.0 ] ] ], [ [ [ 15.12860155158427, 55.063117412350834, 0.0 ], [ 15.128585825010907, 55.063101819290807, 0.0 ], [ 15.128580330723658, 55.063114072399799, 0.0 ], [ 15.12860155158427, 55.063117412350834, 0.0 ] ] ], [ [ [ 15.128614726401665, 55.058286014093362, 0.0 ], [ 15.12859883250475, 55.058270339498421, 0.0 ], [ 15.128593196818255, 55.058282689809722, 0.0 ], [ 15.128614726401665, 55.058286014093362, 0.0 ] ] ], [ [ [ 15.128710837930484, 55.067856994983508, 0.0 ], [ 15.128694953617373, 55.067841409855006, 0.0 ], [ 15.128689316830354, 55.067853760194602, 0.0 ], [ 15.128710837930484, 55.067856994983508, 0.0 ] ] ], [ [ [ 15.128880284479589, 55.061302497601893, 0.0 ], [ 15.128864402896777, 55.06128691242629, 0.0 ], [ 15.128858753234004, 55.061299173406354, 0.0 ], [ 15.128880284479589, 55.061302497601893, 0.0 ] ] ], [ [ [ 15.12890732412691, 55.063205421996862, 0.0 ], [ 15.128891597399996, 55.063189828980349, 0.0 ], [ 15.12888594751993, 55.063202089966374, 0.0 ], [ 15.12890732412691, 55.063205421996862, 0.0 ] ] ], [ [ [ 15.128927687393231, 55.063830182574186, 0.0 ], [ 15.128911960394618, 55.063814589567194, 0.0 ], [ 15.128906324151163, 55.063826939904899, 0.0 ], [ 15.128927687393231, 55.063830182574186, 0.0 ] ] ], [ [ [ 15.128987545927167, 55.066118808265685, 0.0 ], [ 15.128971804233075, 55.066103125942355, 0.0 ], [ 15.128966167737966, 55.06611547628826, 0.0 ], [ 15.128987545927167, 55.066118808265685, 0.0 ] ] ], [ [ [ 15.129007618539118, 55.066991198166392, 0.0 ], [ 15.128991876468264, 55.066975515855241, 0.0 ], [ 15.128986239876358, 55.066987866204144, 0.0 ], [ 15.129007618539118, 55.066991198166392, 0.0 ] ] ], [ [ [ 15.129019469412953, 55.067809978482074, 0.0 ], [ 15.129003585002504, 55.067794393396355, 0.0 ], [ 15.128997934610863, 55.067806654398687, 0.0 ], [ 15.129019469412953, 55.067809978482074, 0.0 ] ] ], [ [ [ 15.129013458134475, 55.060931100412034, 0.0 ], [ 15.128997576659353, 55.060915515251097, 0.0 ], [ 15.128992096453715, 55.060927857719506, 0.0 ], [ 15.129013458134475, 55.060931100412034, 0.0 ] ] ], [ [ [ 15.129050998359318, 55.060785137044434, 0.0 ], [ 15.129035116932146, 55.060769551887205, 0.0 ], [ 15.129029467383701, 55.060781812872612, 0.0 ], [ 15.129050998359318, 55.060785137044434, 0.0 ] ] ], [ [ [ 15.129068461186804, 55.061347014985863, 0.0 ], [ 15.129052579513461, 55.061331429837146, 0.0 ], [ 15.129047099277487, 55.061343772308661, 0.0 ], [ 15.129068461186804, 55.061347014985863, 0.0 ] ] ], [ [ [ 15.129114313010163, 55.064311480576535, 0.0 ], [ 15.129098585737173, 55.064295887600693, 0.0 ], [ 15.129092949495185, 55.064308237946875, 0.0 ], [ 15.129114313010163, 55.064311480576535, 0.0 ] ] ], [ [ [ 15.12917863965251, 55.067122122389158, 0.0 ], [ 15.129162741768214, 55.067106447969209, 0.0 ], [ 15.12915710521424, 55.067118798325126, 0.0 ], [ 15.12917863965251, 55.067122122389158, 0.0 ] ] ], [ [ [ 15.129158656987471, 55.060752684960207, 0.0 ], [ 15.129142775533191, 55.060737099817722, 0.0 ], [ 15.1291372816899, 55.060749352941883, 0.0 ], [ 15.129158656987471, 55.060752684960207, 0.0 ] ] ], [ [ [ 15.129204784956947, 55.058949431249658, 0.0 ], [ 15.129188904253805, 55.058933846094156, 0.0 ], [ 15.129183254970783, 55.058946107080828, 0.0 ], [ 15.129204784956947, 55.058949431249658, 0.0 ] ] ], [ [ [ 15.129284166687457, 55.067765000795887, 0.0 ], [ 15.129268282195513, 55.067749415746896, 0.0 ], [ 15.129262645598555, 55.067761766108568, 0.0 ], [ 15.129284166687457, 55.067765000795887, 0.0 ] ] ], [ [ [ 15.12931729823498, 55.060713064607626, 0.0 ], [ 15.12930141673727, 55.060697479487004, 0.0 ], [ 15.129295767279988, 55.060709740482629, 0.0 ], [ 15.12931729823498, 55.060713064607626, 0.0 ] ] ], [ [ [ 15.129352762055134, 55.067252799668012, 0.0 ], [ 15.129336877755533, 55.067237214623106, 0.0 ], [ 15.129331241240536, 55.067249564986128, 0.0 ], [ 15.129352762055134, 55.067252799668012, 0.0 ] ] ], [ [ [ 15.129441128960936, 55.060688889322435, 0.0 ], [ 15.129425389390008, 55.060673207003994, 0.0 ], [ 15.129419598010445, 55.060685565219345, 0.0 ], [ 15.129441128960936, 55.060688889322435, 0.0 ] ] ], [ [ [ 15.129534964901625, 55.067392162667545, 0.0 ], [ 15.129519080473294, 55.067376577649739, 0.0 ], [ 15.129513443998775, 55.067388928020193, 0.0 ], [ 15.129534964901625, 55.067392162667545, 0.0 ] ] ], [ [ [ 15.129555323135637, 55.067724288287678, 0.0 ], [ 15.129539594252718, 55.067708695409792, 0.0 ], [ 15.12953395774537, 55.06772104578188, 0.0 ], [ 15.129555323135637, 55.067724288287678, 0.0 ] ] ], [ [ [ 15.129608837506295, 55.06249925688234, 0.0 ], [ 15.129593110810735, 55.062483663955874, 0.0 ], [ 15.129587461232093, 55.0624959249675, 0.0 ], [ 15.129608837506295, 55.06249925688234, 0.0 ] ] ], [ [ [ 15.129661680966874, 55.065278874738603, 0.0 ], [ 15.129646095055303, 55.065263184633757, 0.0 ], [ 15.12964030318483, 55.065275542870175, 0.0 ], [ 15.129661680966874, 55.065278874738603, 0.0 ] ] ], [ [ [ 15.129734086998029, 55.064784398935153, 0.0 ], [ 15.129718203606005, 55.064768813917091, 0.0 ], [ 15.129712567501789, 55.064781164288632, 0.0 ], [ 15.129734086998029, 55.064784398935153, 0.0 ] ] ], [ [ [ 15.129807912034325, 55.063943280871129, 0.0 ], [ 15.129792184652928, 55.063927687987835, 0.0 ], [ 15.12978639299109, 55.06394004622657, 0.0 ], [ 15.129807912034325, 55.063943280871129, 0.0 ] ] ], [ [ [ 15.129837795760789, 55.067678591331607, 0.0 ], [ 15.129821897386721, 55.067662917010388, 0.0 ], [ 15.129816260973014, 55.067675267393369, 0.0 ], [ 15.129837795760789, 55.067678591331607, 0.0 ] ] ], [ [ [ 15.129858739238907, 55.067303769994439, 0.0 ], [ 15.129842854725124, 55.067288185021148, 0.0 ], [ 15.129837218362242, 55.067300535403987, 0.0 ], [ 15.129858739238907, 55.067303769994439, 0.0 ] ] ], [ [ [ 15.12994646955126, 55.061707837491056, 0.0 ], [ 15.129930587390216, 55.061692252469548, 0.0 ], [ 15.129924938010147, 55.061704513492309, 0.0 ], [ 15.12994646955126, 55.061707837491056, 0.0 ] ] ], [ [ [ 15.129983195787153, 55.062970977440429, 0.0 ], [ 15.129967468749834, 55.062955384571111, 0.0 ], [ 15.12996183293771, 55.062967734947691, 0.0 ], [ 15.129983195787153, 55.062970977440429, 0.0 ] ] ], [ [ [ 15.130103750302395, 55.059678363303263, 0.0 ], [ 15.130087868946722, 55.059662778281904, 0.0 ], [ 15.130082375519596, 55.059675031439106, 0.0 ], [ 15.130103750302395, 55.059678363303263, 0.0 ] ] ], [ [ [ 15.130113774638072, 55.059245656556037, 0.0 ], [ 15.130098049124767, 55.059230063664955, 0.0 ], [ 15.130092400088653, 55.059242324687908, 0.0 ], [ 15.130113774638072, 55.059245656556037, 0.0 ] ] ], [ [ [ 15.130120221814032, 55.059709045504967, 0.0 ], [ 15.130104340439017, 55.059693460486258, 0.0 ], [ 15.130098860718444, 55.059705802993278, 0.0 ], [ 15.130120221814032, 55.059709045504967, 0.0 ] ] ], [ [ [ 15.130144011217126, 55.05976186831716, 0.0 ], [ 15.130128285474271, 55.059746275435813, 0.0 ], [ 15.130122650091369, 55.059758625810396, 0.0 ], [ 15.130144011217126, 55.05976186831716, 0.0 ] ] ], [ [ [ 15.130173898605088, 55.0643030522291, 0.0 ], [ 15.13015800154362, 55.064287377918575, 0.0 ], [ 15.130152365633714, 55.064299728305997, 0.0 ], [ 15.130173898605088, 55.0643030522291, 0.0 ] ] ], [ [ [ 15.130312894711361, 55.067604971658476, 0.0 ], [ 15.13029700989639, 55.067589386752239, 0.0 ], [ 15.13029135993045, 55.067601647804572, 0.0 ], [ 15.130312894711361, 55.067604971658476, 0.0 ] ] ], [ [ [ 15.130364731043167, 55.059435657946182, 0.0 ], [ 15.130348835986339, 55.059419983609772, 0.0 ], [ 15.130343200710877, 55.059432333992099, 0.0 ], [ 15.130364731043167, 55.059435657946182, 0.0 ] ] ], [ [ [ 15.130405943516303, 55.059564225691538, 0.0 ], [ 15.130390048388843, 55.059548551362333, 0.0 ], [ 15.130384413111079, 55.059560901746593, 0.0 ], [ 15.130405943516303, 55.059564225691538, 0.0 ] ] ], [ [ [ 15.130416183080314, 55.061945221690806, 0.0 ], [ 15.13040028693268, 55.061929547388843, 0.0 ], [ 15.130394651376957, 55.06194189777959, 0.0 ], [ 15.130416183080314, 55.061945221690806, 0.0 ] ] ], [ [ [ 15.130527634792644, 55.064064484112052, 0.0 ], [ 15.130511907086118, 55.064048891330224, 0.0 ], [ 15.130506271314982, 55.064061241730805, 0.0 ], [ 15.130527634792644, 55.064064484112052, 0.0 ] ] ], [ [ [ 15.130540161491323, 55.060880965875974, 0.0 ], [ 15.130524435124993, 55.060865373061766, 0.0 ], [ 15.130518955401731, 55.060877715587502, 0.0 ], [ 15.130540161491323, 55.060880965875974, 0.0 ] ] ], [ [ [ 15.13054963394692, 55.060610361968067, 0.0 ], [ 15.130533893984911, 55.060594679803224, 0.0 ], [ 15.130528414295515, 55.060607022328654, 0.0 ], [ 15.13054963394692, 55.060610361968067, 0.0 ] ] ], [ [ [ 15.130719495046465, 55.059876941349224, 0.0 ], [ 15.130703769036018, 55.059861348549198, 0.0 ], [ 15.130698120112953, 55.059873609597446, 0.0 ], [ 15.130719495046465, 55.059876941349224, 0.0 ] ] ], [ [ [ 15.130856727689475, 55.064516069757886, 0.0 ], [ 15.1308409996669, 55.064500477026691, 0.0 ], [ 15.130835194554196, 55.064512745960201, 0.0 ], [ 15.130856727689475, 55.064516069757886, 0.0 ] ] ], [ [ [ 15.130890639791074, 55.060097807937694, 0.0 ], [ 15.130874757957397, 55.060082223031372, 0.0 ], [ 15.130869264726046, 55.060094476219355, 0.0 ], [ 15.130890639791074, 55.060097807937694, 0.0 ] ] ], [ [ [ 15.130904738215134, 55.060560900430197, 0.0 ], [ 15.130889153804723, 55.060545210446733, 0.0 ], [ 15.130883518565231, 55.060557560852978, 0.0 ], [ 15.130904738215134, 55.060560900430197, 0.0 ] ] ], [ [ [ 15.130956230732483, 55.065618554662734, 0.0 ], [ 15.130940346519965, 55.065602969825377, 0.0 ], [ 15.130934710699162, 55.065615320246586, 0.0 ], [ 15.130956230732483, 55.065618554662734, 0.0 ] ] ], [ [ [ 15.131066924925547, 55.059233501387872, 0.0 ], [ 15.131051199054692, 55.059217908629307, 0.0 ], [ 15.131045550315706, 55.059230169689478, 0.0 ], [ 15.131066924925547, 55.059233501387872, 0.0 ] ] ], [ [ [ 15.131336841214395, 55.065383308330965, 0.0 ], [ 15.131321098932064, 55.065367626327081, 0.0 ], [ 15.131315307572814, 55.065379984631114, 0.0 ], [ 15.131336841214395, 55.065383308330965, 0.0 ] ] ], [ [ [ 15.131336868563592, 55.060539059188741, 0.0 ], [ 15.131320972664025, 55.060523385000984, 0.0 ], [ 15.131315337562036, 55.060535735423962, 0.0 ], [ 15.131336868563592, 55.060539059188741, 0.0 ] ] ], [ [ [ 15.131348621740475, 55.063113569941372, 0.0 ], [ 15.131332738446893, 55.063097985132025, 0.0 ], [ 15.131327103044564, 55.063110335562058, 0.0 ], [ 15.131348621740475, 55.063113569941372, 0.0 ] ] ], [ [ [ 15.13137717146509, 55.065984549938605, 0.0 ], [ 15.131361428912944, 55.0659688679468, 0.0 ], [ 15.131355793180523, 55.065981218385339, 0.0 ], [ 15.13137717146509, 55.065984549938605, 0.0 ] ] ], [ [ [ 15.13143029478438, 55.065058846584449, 0.0 ], [ 15.131414566314156, 55.065043253938939, 0.0 ], [ 15.131408930707666, 55.065055604377164, 0.0 ], [ 15.13143029478438, 55.065058846584449, 0.0 ] ] ], [ [ [ 15.131436643735013, 55.05913827839079, 0.0 ], [ 15.131420917763695, 55.059122685682645, 0.0 ], [ 15.131415282858311, 55.059135036105914, 0.0 ], [ 15.131436643735013, 55.05913827839079, 0.0 ] ] ], [ [ [ 15.131467037845999, 55.065336119036978, 0.0 ], [ 15.131451153559665, 55.065320534268309, 0.0 ], [ 15.131445517931857, 55.065332884708653, 0.0 ], [ 15.131467037845999, 55.065336119036978, 0.0 ] ] ], [ [ [ 15.131466953874998, 55.06515153760698, 0.0 ], [ 15.131451225351659, 55.065135944967565, 0.0 ], [ 15.131445589745677, 55.065148295407461, 0.0 ], [ 15.131466953874998, 55.06515153760698, 0.0 ] ] ], [ [ [ 15.131501908292533, 55.065456003041774, 0.0 ], [ 15.131486179627236, 55.065440410410474, 0.0 ], [ 15.131480530285247, 55.065452671503721, 0.0 ], [ 15.131501908292533, 55.065456003041774, 0.0 ] ] ], [ [ [ 15.131562357652935, 55.066182196256214, 0.0 ], [ 15.131546628657759, 55.066166603641122, 0.0 ], [ 15.13154113493666, 55.066178856869641, 0.0 ], [ 15.131562357652935, 55.066182196256214, 0.0 ] ] ], [ [ [ 15.131766226927486, 55.109504535179319, 0.0 ], [ 15.131750479523596, 55.109488943056995, 0.0 ], [ 15.131744838764794, 55.109501293622337, 0.0 ], [ 15.131766226927486, 55.109504535179319, 0.0 ] ] ], [ [ [ 15.131618523670534, 55.062483141572898, 0.0 ], [ 15.131602796216969, 55.062467548925952, 0.0 ], [ 15.131597005299579, 55.062479907233573, 0.0 ], [ 15.131618523670534, 55.062483141572898, 0.0 ] ] ], [ [ [ 15.131638532260993, 55.063067491940132, 0.0 ], [ 15.13162263516675, 55.063051817822192, 0.0 ], [ 15.131616999860464, 55.063064168263388, 0.0 ], [ 15.131638532260993, 55.063067491940132, 0.0 ] ] ], [ [ [ 15.131736176512051, 55.063211035324322, 0.0 ], [ 15.131720293029533, 55.063195450570447, 0.0 ], [ 15.131714644026456, 55.063207711667026, 0.0 ], [ 15.131736176512051, 55.063211035324322, 0.0 ] ] ], [ [ [ 15.131859463920703, 55.063024809926951, 0.0 ], [ 15.131843736146593, 55.06300921731934, 0.0 ], [ 15.131838087203905, 55.063021478420261, 0.0 ], [ 15.131859463920703, 55.063024809926951, 0.0 ] ] ], [ [ [ 15.131858823422522, 55.06041353982647, 0.0 ], [ 15.131842941086109, 55.060397955059564, 0.0 ], [ 15.131837292452829, 55.060410216153727, 0.0 ], [ 15.131858823422522, 55.06041353982647, 0.0 ] ] ], [ [ [ 15.131995600557209, 55.088220640774637, 0.0 ], [ 15.131979706304069, 55.088205056327773, 0.0 ], [ 15.1319740544129, 55.088217317499058, 0.0 ], [ 15.131995600557209, 55.088220640774637, 0.0 ] ] ], [ [ [ 15.13197770013886, 55.064229805723201, 0.0 ], [ 15.131961971810611, 55.064214213144957, 0.0 ], [ 15.13195618079253, 55.064226571471636, 0.0 ], [ 15.13197770013886, 55.064229805723201, 0.0 ] ] ], [ [ [ 15.13199414787899, 55.062963976795665, 0.0 ], [ 15.131978420079326, 55.062948384206138, 0.0 ], [ 15.131972784896444, 55.062960734660933, 0.0 ], [ 15.13199414787899, 55.062963976795665, 0.0 ] ] ], [ [ [ 15.132014636945099, 55.059199193188796, 0.0 ], [ 15.131998741358188, 55.059183519081799, 0.0 ], [ 15.131993106626167, 55.059195869527713, 0.0 ], [ 15.132014636945099, 55.059199193188796, 0.0 ] ] ], [ [ [ 15.132095779785782, 55.066078788707806, 0.0 ], [ 15.132080050631275, 55.066063196165842, 0.0 ], [ 15.132074259424584, 55.066075554502213, 0.0 ], [ 15.132095779785782, 55.066078788707806, 0.0 ] ] ], [ [ [ 15.132078335054775, 55.058808703289756, 0.0 ], [ 15.132062453319044, 55.058793118536308, 0.0 ], [ 15.13205680494414, 55.05880537963489, 0.0 ], [ 15.132078335054775, 55.058808703289756, 0.0 ] ] ], [ [ [ 15.132081898963648, 55.059330855699272, 0.0 ], [ 15.13206600329482, 55.059315181603203, 0.0 ], [ 15.132060524229802, 55.059327524183068, 0.0 ], [ 15.132081898963648, 55.059330855699272, 0.0 ] ] ], [ [ [ 15.132092322047594, 55.060401736384065, 0.0 ], [ 15.132076425917711, 55.060386062301035, 0.0 ], [ 15.132070791067989, 55.060398412753045, 0.0 ], [ 15.132092322047594, 55.060401736384065, 0.0 ] ] ], [ [ [ 15.132196554859231, 55.065821487535715, 0.0 ], [ 15.132180825775107, 55.06580589500502, 0.0 ], [ 15.132175034631324, 55.065818253344723, 0.0 ], [ 15.132196554859231, 55.065821487535715, 0.0 ] ] ], [ [ [ 15.132372614441369, 55.105912832646602, 0.0 ], [ 15.13235669875197, 55.105897159095932, 0.0 ], [ 15.132351058608364, 55.105909509675641, 0.0 ], [ 15.132372614441369, 55.105912832646602, 0.0 ] ] ], [ [ [ 15.132292199821348, 55.065429562894259, 0.0 ], [ 15.132276301468623, 55.065413888893829, 0.0 ], [ 15.13227082177281, 55.065426231496723, 0.0 ], [ 15.132292199821348, 55.065429562894259, 0.0 ] ] ], [ [ [ 15.132293667995354, 55.063182944796004, 0.0 ], [ 15.132277784312816, 55.063167360120147, 0.0 ], [ 15.132272135486046, 55.063179621238419, 0.0 ], [ 15.132293667995354, 55.063182944796004, 0.0 ] ] ], [ [ [ 15.132288333382048, 55.058798177255852, 0.0 ], [ 15.132272607230322, 55.058782584662602, 0.0 ], [ 15.132266958921866, 55.058794845769363, 0.0 ], [ 15.132288333382048, 55.058798177255852, 0.0 ] ] ], [ [ [ 15.13232509106583, 55.060660184911946, 0.0 ], [ 15.132309364113544, 55.060644592343778, 0.0 ], [ 15.132303715595723, 55.060656853456777, 0.0 ], [ 15.13232509106583, 55.060660184911946, 0.0 ] ] ], [ [ [ 15.132524100195493, 55.06471101161479, 0.0 ], [ 15.132508371455961, 55.064695419117776, 0.0 ], [ 15.132502722519517, 55.064707680249001, 0.0 ], [ 15.132524100195493, 55.06471101161479, 0.0 ] ] ], [ [ [ 15.132552903893414, 55.06482201780041, 0.0 ], [ 15.132537019413359, 55.064806433178688, 0.0 ], [ 15.132531539868333, 55.064818775789867, 0.0 ], [ 15.132552903893414, 55.06482201780041, 0.0 ] ] ], [ [ [ 15.132579449165064, 55.064937730287284, 0.0 ], [ 15.132563720308662, 55.064922137800387, 0.0 ], [ 15.132558085075608, 55.064934488283008, 0.0 ], [ 15.132579449165064, 55.064937730287284, 0.0 ] ] ], [ [ [ 15.132589133999714, 55.066341983738795, 0.0 ], [ 15.132573390832357, 55.066326301919716, 0.0 ], [ 15.132567755436494, 55.066338652406316, 0.0 ], [ 15.132589133999714, 55.066341983738795, 0.0 ] ] ], [ [ [ 15.132602311455909, 55.063041193461629, 0.0 ], [ 15.132586569679976, 55.063025511608934, 0.0 ], [ 15.132580934678028, 55.063037862087576, 0.0 ], [ 15.132602311455909, 55.063041193461629, 0.0 ] ] ], [ [ [ 15.132609155105801, 55.065066879313356, 0.0 ], [ 15.132593256786683, 55.065051205353555, 0.0 ], [ 15.132587621547623, 55.065063555837668, 0.0 ], [ 15.132609155105801, 55.065066879313356, 0.0 ] ] ], [ [ [ 15.132621477805825, 55.066794970069203, 0.0 ], [ 15.132605592458276, 55.066779385478462, 0.0 ], [ 15.132599957018972, 55.066791735967477, 0.0 ], [ 15.132621477805825, 55.066794970069203, 0.0 ] ] ], [ [ [ 15.132655007221794, 55.067486687510424, 0.0 ], [ 15.132639263544863, 55.067471005712804, 0.0 ], [ 15.13263378372741, 55.067483348334441, 0.0 ], [ 15.132655007221794, 55.067486687510424, 0.0 ] ] ], [ [ [ 15.132837338763535, 55.119210971491832, 0.0 ], [ 15.132821586837546, 55.119195379622639, 0.0 ], [ 15.1328160874166, 55.119207633031216, 0.0 ], [ 15.132837338763535, 55.119210971491832, 0.0 ] ] ], [ [ [ 15.132696576205392, 55.065291976630455, 0.0 ], [ 15.132680847154717, 55.065276384163688, 0.0 ], [ 15.132675198202886, 55.065288645303184, 0.0 ], [ 15.132696576205392, 55.065291976630455, 0.0 ] ] ], [ [ [ 15.132733896427288, 55.061476907113438, 0.0 ], [ 15.132718155262699, 55.061461225262271, 0.0 ], [ 15.132712364816898, 55.061473583612013, 0.0 ], [ 15.132733896427288, 55.061476907113438, 0.0 ] ] ], [ [ [ 15.132763481777447, 55.067490118066324, 0.0 ], [ 15.132747596079403, 55.067474533503052, 0.0 ], [ 15.132741946887558, 55.067486794650819, 0.0 ], [ 15.132763481777447, 55.067490118066324, 0.0 ] ] ], [ [ [ 15.132782255690149, 55.069375636348987, 0.0 ], [ 15.132766355464888, 55.069359962460233, 0.0 ], [ 15.132760719771017, 55.069372312962138, 0.0 ], [ 15.132782255690149, 55.069375636348987, 0.0 ] ] ], [ [ [ 15.132806730480622, 55.065849169629942, 0.0 ], [ 15.132790845465994, 55.065833585054996, 0.0 ], [ 15.132785196482208, 55.065845846200212, 0.0 ], [ 15.132806730480622, 55.065849169629942, 0.0 ] ] ], [ [ [ 15.132796393822725, 55.062414684956089, 0.0 ], [ 15.132780510276595, 55.062399100342525, 0.0 ], [ 15.132774861696909, 55.062411361478446, 0.0 ], [ 15.132796393822725, 55.062414684956089, 0.0 ] ] ], [ [ [ 15.132813136746604, 55.06224266891536, 0.0 ], [ 15.132797253267459, 55.062227084302286, 0.0 ], [ 15.132791604713365, 55.062239345438428, 0.0 ], [ 15.132813136746604, 55.06224266891536, 0.0 ] ] ], [ [ [ 15.132830007451361, 55.059293035016779, 0.0 ], [ 15.132814267173687, 55.059277353155551, 0.0 ], [ 15.132808632685402, 55.059289703633411, 0.0 ], [ 15.132830007451361, 55.059293035016779, 0.0 ] ] ], [ [ [ 15.132894139683756, 55.065192037172132, 0.0 ], [ 15.132878410600124, 55.065176444731769, 0.0 ], [ 15.132872619751348, 55.065188803097833, 0.0 ], [ 15.132894139683756, 55.065192037172132, 0.0 ] ] ], [ [ [ 15.132946205898113, 55.067498889179845, 0.0 ], [ 15.132930320126839, 55.06748330464233, 0.0 ], [ 15.13292468470588, 55.06749565514577, 0.0 ], [ 15.132946205898113, 55.067498889179845, 0.0 ] ] ], [ [ [ 15.132952220500423, 55.065346584136826, 0.0 ], [ 15.132936335644798, 55.065330999576879, 0.0 ], [ 15.13293068676577, 55.065343260726472, 0.0 ], [ 15.132952220500423, 55.065346584136826, 0.0 ] ] ], [ [ [ 15.132949240450221, 55.061916139312125, 0.0 ], [ 15.132933357058548, 55.061900554714633, 0.0 ], [ 15.132927708585399, 55.061912815855251, 0.0 ], [ 15.132949240450221, 55.061916139312125, 0.0 ] ] ], [ [ [ 15.132970095971471, 55.065476331205744, 0.0 ], [ 15.132954366738792, 55.065460738779016, 0.0 ], [ 15.132948562164843, 55.065473007800342, 0.0 ], [ 15.132970095971471, 55.065476331205744, 0.0 ] ] ], [ [ [ 15.132975476569172, 55.066628595286204, 0.0 ], [ 15.132959577443094, 55.066612921394828, 0.0 ], [ 15.132954097823676, 55.066625264026399, 0.0 ], [ 15.132975476569172, 55.066628595286204, 0.0 ] ] ], [ [ [ 15.132972826484744, 55.060037663868236, 0.0 ], [ 15.132956930173499, 55.060021989905088, 0.0 ], [ 15.132951451305903, 55.060034332520232, 0.0 ], [ 15.132972826484744, 55.060037663868236, 0.0 ] ] ], [ [ [ 15.133008867561687, 55.065798431828846, 0.0 ], [ 15.132992982491823, 55.065782847281739, 0.0 ], [ 15.132987502977642, 55.065795189912471, 0.0 ], [ 15.133008867561687, 55.065798431828846, 0.0 ] ] ], [ [ [ 15.133007327467297, 55.060288036774452, 0.0 ], [ 15.13299144474769, 55.060272452167489, 0.0 ], [ 15.132985796485604, 55.060284713306181, 0.0 ], [ 15.133007327467297, 55.060288036774452, 0.0 ] ] ], [ [ [ 15.133028107886162, 55.065892093145756, 0.0 ], [ 15.133012209054435, 55.065876419253819, 0.0 ], [ 15.133006573848853, 55.065888769756342, 0.0 ], [ 15.133028107886162, 55.065892093145756, 0.0 ] ] ], [ [ [ 15.13303114402461, 55.05953039085248, 0.0 ], [ 15.133015417280939, 55.059514798370486, 0.0 ], [ 15.133009769116113, 55.059527059508127, 0.0 ], [ 15.13303114402461, 55.05953039085248, 0.0 ] ] ], [ [ [ 15.133065295045556, 55.067501962941648, 0.0 ], [ 15.133049551205083, 55.067486281201397, 0.0 ], [ 15.133043915821043, 55.067498631709476, 0.0 ], [ 15.133065295045556, 55.067501962941648, 0.0 ] ] ], [ [ [ 15.133160092801743, 55.059929059632353, 0.0 ], [ 15.133144210177095, 55.059913475042976, 0.0 ], [ 15.133138562004961, 55.059925736186678, 0.0 ], [ 15.133160092801743, 55.059929059632353, 0.0 ] ] ], [ [ [ 15.133175450826283, 55.060815195666812, 0.0 ], [ 15.133159709772587, 55.060799513870094, 0.0 ], [ 15.133154075212548, 55.060811864365284, 0.0 ], [ 15.133175450826283, 55.060815195666812, 0.0 ] ] ], [ [ [ 15.133303426195921, 55.062812247321204, 0.0 ], [ 15.133287697962112, 55.062796654912304, 0.0 ], [ 15.133282049492649, 55.062808916069088, 0.0 ], [ 15.133303426195921, 55.062812247321204, 0.0 ] ] ], [ [ [ 15.133320226438666, 55.064089992848807, 0.0 ], [ 15.133304341978967, 55.064074408326931, 0.0 ], [ 15.13329869336315, 55.064086669487672, 0.0 ], [ 15.133320226438666, 55.064089992848807, 0.0 ] ] ], [ [ [ 15.133323644761221, 55.063166800522943, 0.0 ], [ 15.133307916369905, 55.063151208120651, 0.0 ], [ 15.133302281578535, 55.063163558627657, 0.0 ], [ 15.133323644761221, 55.063166800522943, 0.0 ] ] ], [ [ [ 15.133637468308706, 55.140636662549049, 0.0 ], [ 15.133621693234225, 55.14062098167345, 0.0 ], [ 15.133616049369703, 55.140633332391481, 0.0 ], [ 15.133637468308706, 55.140636662549049, 0.0 ] ] ], [ [ [ 15.133398950619528, 55.067151939519995, 0.0 ], [ 15.133383051107977, 55.067136265693875, 0.0 ], [ 15.133377415869511, 55.067148616214055, 0.0 ], [ 15.133398950619528, 55.067151939519995, 0.0 ] ] ], [ [ [ 15.133454835069005, 55.065069145967726, 0.0 ], [ 15.133439105823909, 55.065053553604088, 0.0 ], [ 15.133433470848914, 55.065065904121084, 0.0 ], [ 15.133454835069005, 55.065069145967726, 0.0 ] ] ], [ [ [ 15.133482144058345, 55.063203897725202, 0.0 ], [ 15.133466401876795, 55.063188215996874, 0.0 ], [ 15.133460767130584, 55.063200566510133, 0.0 ], [ 15.133482144058345, 55.063203897725202, 0.0 ] ] ], [ [ [ 15.133521379592221, 55.060833721745368, 0.0 ], [ 15.133505652111404, 55.060818129345584, 0.0 ], [ 15.133500017657267, 55.060830479854275, 0.0 ], [ 15.133521379592221, 55.060833721745368, 0.0 ] ] ], [ [ [ 15.133828799240749, 55.137322363458182, 0.0 ], [ 15.133812883289776, 55.137306779799665, 0.0 ], [ 15.133807239878518, 55.137319130516637, 0.0 ], [ 15.133828799240749, 55.137322363458182, 0.0 ] ] ], [ [ [ 15.133640275234463, 55.063249837448154, 0.0 ], [ 15.133624546687566, 55.063234245090818, 0.0 ], [ 15.133618756309053, 55.063246603481687, 0.0 ], [ 15.133640275234463, 55.063249837448154, 0.0 ] ] ], [ [ [ 15.133666238109296, 55.067647162638167, 0.0 ], [ 15.133650338284012, 55.067631488854992, 0.0 ], [ 15.133644703070598, 55.067643839386832, 0.0 ], [ 15.133666238109296, 55.067647162638167, 0.0 ] ] ], [ [ [ 15.133699194036431, 55.067708525742106, 0.0 ], [ 15.133683307889356, 55.06769294131265, 0.0 ], [ 15.133677672678989, 55.067705291845918, 0.0 ], [ 15.133699194036431, 55.067708525742106, 0.0 ] ] ], [ [ [ 15.133945687798958, 55.140787581309219, 0.0 ], [ 15.133929940051715, 55.140772079172798, 0.0 ], [ 15.133924126533163, 55.140784348434984, 0.0 ], [ 15.133945687798958, 55.140787581309219, 0.0 ] ] ], [ [ [ 15.133749562292351, 55.067800523144527, 0.0 ], [ 15.133733831780747, 55.067784930851218, 0.0 ], [ 15.133728182858137, 55.06779719203832, 0.0 ], [ 15.133749562292351, 55.067800523144527, 0.0 ] ] ], [ [ [ 15.134000132777102, 55.13743985731913, 0.0 ], [ 15.133984202957212, 55.137424184338649, 0.0 ], [ 15.133978715550482, 55.137436527183787, 0.0 ], [ 15.134000132777102, 55.13743985731913, 0.0 ] ] ], [ [ [ 15.133781570607503, 55.06786184410246, 0.0 ], [ 15.1337656843637, 55.067846259686213, 0.0 ], [ 15.133760049160971, 55.067858610223098, 0.0 ], [ 15.133781570607503, 55.06786184410246, 0.0 ] ] ], [ [ [ 15.13383346671322, 55.067962768425168, 0.0 ], [ 15.13381758040663, 55.067947184017306, 0.0 ], [ 15.133811945208206, 55.067959534556465, 0.0 ], [ 15.13383346671322, 55.067962768425168, 0.0 ] ] ], [ [ [ 15.133838885623872, 55.064581509861654, 0.0 ], [ 15.133823156438678, 55.06456591754624, 0.0 ], [ 15.133817507925558, 55.064578178728517, 0.0 ], [ 15.133838885623872, 55.064581509861654, 0.0 ] ] ], [ [ [ 15.133863726996356, 55.068019855737191, 0.0 ], [ 15.13384784065391, 55.068004271334196, 0.0 ], [ 15.133842191740662, 55.068016532526308, 0.0 ], [ 15.133863726996356, 55.068019855737191, 0.0 ] ] ], [ [ [ 15.134100878842629, 55.137259095782554, 0.0 ], [ 15.134085118778996, 55.137243504282687, 0.0 ], [ 15.134079461707163, 55.137255765662779, 0.0 ], [ 15.134100878842629, 55.137259095782554, 0.0 ] ] ], [ [ [ 15.133985776257893, 55.067257332389687, 0.0 ], [ 15.13397003216854, 55.067241650775109, 0.0 ], [ 15.133964397101082, 55.067254001318389, 0.0 ], [ 15.133985776257893, 55.067257332389687, 0.0 ] ] ], [ [ [ 15.133983915795213, 55.063336099951108, 0.0 ], [ 15.133968187081095, 55.06332050764253, 0.0 ], [ 15.133962552476074, 55.063332858175663, 0.0 ], [ 15.133983915795213, 55.063336099951108, 0.0 ] ] ], [ [ [ 15.134169541798208, 55.07042652172813, 0.0 ], [ 15.134153640593359, 55.070410848045867, 0.0 ], [ 15.134148005208989, 55.070423198604423, 0.0 ], [ 15.134169541798208, 55.07042652172813, 0.0 ] ] ], [ [ [ 15.13420454237405, 55.064427867585316, 0.0 ], [ 15.134188813114626, 55.064412275319157, 0.0 ], [ 15.134183022768957, 55.064424633735825, 0.0 ], [ 15.13420454237405, 55.064427867585316, 0.0 ] ] ], [ [ [ 15.134218347476432, 55.068542176977239, 0.0 ], [ 15.134202616472923, 55.068526584757137, 0.0 ], [ 15.134196981326413, 55.068538935312752, 0.0 ], [ 15.134218347476432, 55.068542176977239, 0.0 ] ] ], [ [ [ 15.134209306249932, 55.064522260785417, 0.0 ], [ 15.134193421267801, 55.064506676393123, 0.0 ], [ 15.134187772876592, 55.064518937589689, 0.0 ], [ 15.134209306249932, 55.064522260785417, 0.0 ] ] ], [ [ [ 15.13421475061751, 55.064666052608281, 0.0 ], [ 15.134198851855361, 55.064650378869963, 0.0 ], [ 15.134193217165414, 55.064662729415467, 0.0 ], [ 15.13421475061751, 55.064666052608281, 0.0 ] ] ], [ [ [ 15.134227335995803, 55.063931484255988, 0.0 ], [ 15.134211606937461, 55.063915891987676, 0.0 ], [ 15.13420595862195, 55.063928153183426, 0.0 ], [ 15.134227335995803, 55.063931484255988, 0.0 ] ] ], [ [ [ 15.134235918781487, 55.065475359806634, 0.0 ], [ 15.134220019665682, 55.065459686080061, 0.0 ], [ 15.13421454057154, 55.065472028756162, 0.0 ], [ 15.134235918781487, 55.065475359806634, 0.0 ] ] ], [ [ [ 15.134239069305883, 55.065578658705114, 0.0 ], [ 15.134223197579034, 55.06556316367675, 0.0 ], [ 15.134217535354656, 55.065575335528877, 0.0 ], [ 15.134239069305883, 55.065578658705114, 0.0 ] ] ], [ [ [ 15.134241224647875, 55.065376045359422, 0.0 ], [ 15.13422548125676, 55.065360363760185, 0.0 ], [ 15.134219846491298, 55.065372714308573, 0.0 ], [ 15.134241224647875, 55.065376045359422, 0.0 ] ] ], [ [ [ 15.134243664199397, 55.065672970414838, 0.0 ], [ 15.134227934398911, 55.065657378167458, 0.0 ], [ 15.134222143913629, 55.065669736589022, 0.0 ], [ 15.134243664199397, 55.065672970414838, 0.0 ] ] ], [ [ [ 15.134242827922822, 55.0640252449288, 0.0 ], [ 15.134226943139891, 55.064009660535831, 0.0 ], [ 15.134221308534368, 55.06402201108078, 0.0 ], [ 15.134242827922822, 55.0640252449288, 0.0 ] ] ], [ [ [ 15.134254344848621, 55.065933642057573, 0.0 ], [ 15.134238445530078, 55.065917968338546, 0.0 ], [ 15.134232810702827, 55.06593031888886, 0.0 ], [ 15.134254344848621, 55.065933642057573, 0.0 ] ] ], [ [ [ 15.134433965366954, 55.064479295677437, 0.0 ], [ 15.13441808031771, 55.064463711316236, 0.0 ], [ 15.134412601399141, 55.064476053997332, 0.0 ], [ 15.134433965366954, 55.064479295677437, 0.0 ] ] ], [ [ [ 15.134433941894336, 55.063533856239069, 0.0 ], [ 15.134418368602502, 55.063518256122855, 0.0 ], [ 15.134412734114818, 55.063530606674014, 0.0 ], [ 15.134433941894336, 55.063533856239069, 0.0 ] ] ], [ [ [ 15.134438515279365, 55.064591708095826, 0.0 ], [ 15.134422785861661, 55.064576115863993, 0.0 ], [ 15.134417151250464, 55.064588466418023, 0.0 ], [ 15.134438515279365, 55.064591708095826, 0.0 ] ] ], [ [ [ 15.134447265910261, 55.06524857195172, 0.0 ], [ 15.134431366810448, 55.065232898252404, 0.0 ], [ 15.134425732124379, 55.065245248808452, 0.0 ], [ 15.134447265910261, 55.06524857195172, 0.0 ] ] ], [ [ [ 15.134461708285437, 55.068408314842038, 0.0 ], [ 15.134445807830781, 55.068392641178988, 0.0 ], [ 15.134440172776108, 55.068404991743741, 0.0 ], [ 15.134461708285437, 55.068408314842038, 0.0 ] ] ], [ [ [ 15.134474260073009, 55.066683376347967, 0.0 ], [ 15.134458529757737, 55.066667784143561, 0.0 ], [ 15.134452881192514, 55.066680045356087, 0.0 ], [ 15.134474260073009, 55.066683376347967, 0.0 ] ] ], [ [ [ 15.134503427922358, 55.065110578953977, 0.0 ], [ 15.134487853943886, 55.065094978864117, 0.0 ], [ 15.134482063608505, 55.06510733729462, 0.0 ], [ 15.134503427922358, 55.065110578953977, 0.0 ] ] ], [ [ [ 15.134515035399934, 55.066514646758989, 0.0 ], [ 15.134499305140455, 55.066499054558449, 0.0 ], [ 15.134493500919191, 55.066511323644875, 0.0 ], [ 15.134515035399934, 55.066514646758989, 0.0 ] ] ], [ [ [ 15.134515715878258, 55.066262584863544, 0.0 ], [ 15.134499830037374, 55.066247000533124, 0.0 ], [ 15.134494181534869, 55.066259261746168, 0.0 ], [ 15.134515715878258, 55.066262584863544, 0.0 ] ] ], [ [ [ 15.135131973691824, 55.066956168713155, 0.0 ], [ 15.135116398701115, 55.066940568729592, 0.0 ], [ 15.135110608337273, 55.066952927190272, 0.0 ], [ 15.135131973691824, 55.066956168713155, 0.0 ] ] ], [ [ [ 15.13521547119913, 55.067109609592492, 0.0 ], [ 15.135199571010746, 55.067093936021379, 0.0 ], [ 15.135194092035835, 55.067106278738386, 0.0 ], [ 15.13521547119913, 55.067109609592492, 0.0 ] ] ], [ [ [ 15.13528690510781, 55.06732650986023, 0.0 ], [ 15.135271174211416, 55.067310917775828, 0.0 ], [ 15.135265525822103, 55.067323179021756, 0.0 ], [ 15.13528690510781, 55.06732650986023, 0.0 ] ] ], [ [ [ 15.135622914476734, 55.139978096370797, 0.0 ], [ 15.13560699670397, 55.139962512993193, 0.0 ], [ 15.135601339781589, 55.139974774439821, 0.0 ], [ 15.135622914476734, 55.139978096370797, 0.0 ] ] ], [ [ [ 15.135388260837427, 55.067686144171475, 0.0 ], [ 15.1353723740575, 55.067670559979049, 0.0 ], [ 15.135366725656938, 55.06768282122983, 0.0 ], [ 15.135388260837427, 55.067686144171475, 0.0 ] ] ], [ [ [ 15.135533527334019, 55.068178440644061, 0.0 ], [ 15.135517782262317, 55.06816275925506, 0.0 ], [ 15.135511991874985, 55.068175117735116, 0.0 ], [ 15.135533527334019, 55.068178440644061, 0.0 ] ] ], [ [ [ 15.13573016561531, 55.063450292405278, 0.0 ], [ 15.135714436188392, 55.063434700341013, 0.0 ], [ 15.135708802115602, 55.063447050942329, 0.0 ], [ 15.13573016561531, 55.063450292405278, 0.0 ] ] ], [ [ [ 15.136297706828174, 55.065033338201204, 0.0 ], [ 15.136282145920108, 55.065017827705979, 0.0 ], [ 15.136276328712544, 55.065030007512348, 0.0 ], [ 15.136297706828174, 55.065033338201204, 0.0 ] ] ], [ [ [ 15.136795325319234, 55.137748741932427, 0.0 ], [ 15.136779564019516, 55.137733150813091, 0.0 ], [ 15.136773907727635, 55.137745412299843, 0.0 ], [ 15.136795325319234, 55.137748741932427, 0.0 ] ] ], [ [ [ 15.136886978908285, 55.069424597318019, 0.0 ], [ 15.13687109081674, 55.069409013354949, 0.0 ], [ 15.136865442675123, 55.06942127466877, 0.0 ], [ 15.136886978908285, 55.069424597318019, 0.0 ] ] ], [ [ [ 15.137763890777796, 55.137798923550186, 0.0 ], [ 15.137747959360272, 55.137783251103322, 0.0 ], [ 15.137742317125566, 55.137795601974723, 0.0 ], [ 15.137763890777796, 55.137798923550186, 0.0 ] ] ], [ [ [ 15.137822855936053, 55.138048061469007, 0.0 ], [ 15.13780708035504, 55.138032381149344, 0.0 ], [ 15.137801438109307, 55.138044732023708, 0.0 ], [ 15.137822855936053, 55.138048061469007, 0.0 ] ] ], [ [ [ 15.137839632169522, 55.137200815669956, 0.0 ], [ 15.137823856942136, 55.137185135343543, 0.0 ], [ 15.137818058839445, 55.137197494100086, 0.0 ], [ 15.137839632169522, 55.137200815669956, 0.0 ] ] ], [ [ [ 15.137729245596319, 55.070093411246454, 0.0 ], [ 15.137713498873474, 55.07007773018406, 0.0 ], [ 15.137707864641206, 55.070090080880192, 0.0 ], [ 15.137729245596319, 55.070093411246454, 0.0 ] ] ], [ [ [ 15.13808341162836, 55.137692639686087, 0.0 ], [ 15.138067649860897, 55.137677048745587, 0.0 ], [ 15.138062007738968, 55.137689399629188, 0.0 ], [ 15.13808341162836, 55.137692639686087, 0.0 ] ] ], [ [ [ 15.138169172043842, 55.13790449607891, 0.0 ], [ 15.138153396390907, 55.137888815806036, 0.0 ], [ 15.138147754270729, 55.137901166693503, 0.0 ], [ 15.138169172043842, 55.13790449607891, 0.0 ] ] ], [ [ [ 15.138364939285289, 55.138551908838338, 0.0 ], [ 15.138349333013418, 55.138536310061752, 0.0 ], [ 15.138343677114253, 55.138548571611956, 0.0 ], [ 15.138364939285289, 55.138551908838338, 0.0 ] ] ], [ [ [ 15.138419052085938, 55.136420662135997, 0.0 ], [ 15.138403134770854, 55.13640507911299, 0.0 ], [ 15.138397479142325, 55.13641734065979, 0.0 ], [ 15.138419052085938, 55.136420662135997, 0.0 ] ] ], [ [ [ 15.13847243122755, 55.138866035158841, 0.0 ], [ 15.138456668813522, 55.138850444285126, 0.0 ], [ 15.138451012910327, 55.138862705840332, 0.0 ], [ 15.13847243122755, 55.138866035158841, 0.0 ] ] ], [ [ [ 15.138529241445868, 55.137282919802736, 0.0 ], [ 15.138513479682191, 55.137267328919947, 0.0 ], [ 15.138507681785731, 55.137279687704442, 0.0 ], [ 15.138529241445868, 55.137282919802736, 0.0 ] ] ], [ [ [ 15.138591225230019, 55.139062715079, 0.0 ], [ 15.138575292953101, 55.139047042762265, 0.0 ], [ 15.138569650827728, 55.139059393669136, 0.0 ], [ 15.138591225230019, 55.139062715079, 0.0 ] ] ], [ [ [ 15.138634996918217, 55.13684095792209, 0.0 ], [ 15.138619235301787, 55.136825367049298, 0.0 ], [ 15.13861357969043, 55.136837628605626, 0.0 ], [ 15.138634996918217, 55.13684095792209, 0.0 ] ] ], [ [ [ 15.138707525506344, 55.138147407647622, 0.0 ], [ 15.138691763307666, 55.138131816798932, 0.0 ], [ 15.138686107563235, 55.138144078361478, 0.0 ], [ 15.138707525506344, 55.138147407647622, 0.0 ] ] ], [ [ [ 15.138759978184796, 55.136172827928597, 0.0 ], [ 15.138744203041025, 55.136157147719516, 0.0 ], [ 15.138738405352939, 55.136169506510321, 0.0 ], [ 15.138759978184796, 55.136172827928597, 0.0 ] ] ], [ [ [ 15.138810288427839, 55.139024627689281, 0.0 ], [ 15.138794512052735, 55.139008947517837, 0.0 ], [ 15.138788870000582, 55.139021298433143, 0.0 ], [ 15.138810288427839, 55.139024627689281, 0.0 ] ] ], [ [ [ 15.138872121613339, 55.122417599499954, 0.0 ], [ 15.13885636602612, 55.122402008505617, 0.0 ], [ 15.138850725962287, 55.122414359380677, 0.0 ], [ 15.138872121613339, 55.122417599499954, 0.0 ] ] ], [ [ [ 15.138946883097169, 55.136703542659454, 0.0 ], [ 15.138930965459638, 55.136687959713711, 0.0 ], [ 15.138925323725562, 55.136700310628378, 0.0 ], [ 15.138946883097169, 55.136703542659454, 0.0 ] ] ], [ [ [ 15.138972111178006, 55.136229634699681, 0.0 ], [ 15.138956179970116, 55.136213962405876, 0.0 ], [ 15.138950538300161, 55.136226313320329, 0.0 ], [ 15.138972111178006, 55.136229634699681, 0.0 ] ] ], [ [ [ 15.139067363401892, 55.137651900654895, 0.0 ], [ 15.139051601276236, 55.137636309851025, 0.0 ], [ 15.139045959467476, 55.137648660772818, 0.0 ], [ 15.139067363401892, 55.137651900654895, 0.0 ] ] ], [ [ [ 15.138938734938927, 55.077370568170082, 0.0 ], [ 15.138922842676042, 55.077354984581298, 0.0 ], [ 15.138917194228801, 55.077367245995823, 0.0 ], [ 15.138938734938927, 55.077370568170082, 0.0 ] ] ], [ [ [ 15.139201694785703, 55.13729853577032, 0.0 ], [ 15.139185776796131, 55.137282952866883, 0.0 ], [ 15.139180121306522, 55.137295214446539, 0.0 ], [ 15.139201694785703, 55.13729853577032, 0.0 ] ] ], [ [ [ 15.139221943748748, 55.136608687629682, 0.0 ], [ 15.139206168242433, 55.136593007489736, 0.0 ], [ 15.139200526605851, 55.136605358414855, 0.0 ], [ 15.139221943748748, 55.136608687629682, 0.0 ] ] ], [ [ [ 15.139305838025583, 55.136174853548845, 0.0 ], [ 15.139290076435909, 55.136159262762369, 0.0 ], [ 15.139284434877062, 55.136171613689662, 0.0 ], [ 15.139305838025583, 55.136174853548845, 0.0 ] ] ], [ [ [ 15.139360356701667, 55.136109427469471, 0.0 ], [ 15.139344425396425, 55.136093755229012, 0.0 ], [ 15.139338783862382, 55.136106106158259, 0.0 ], [ 15.139360356701667, 55.136109427469471, 0.0 ] ] ], [ [ [ 15.139374894777541, 55.137154624994828, 0.0 ], [ 15.139359132745625, 55.137139034228504, 0.0 ], [ 15.139353491092216, 55.137151385160983, 0.0 ], [ 15.139374894777541, 55.137154624994828, 0.0 ] ] ], [ [ [ 15.139478400457499, 55.137896833630876, 0.0 ], [ 15.139462624305278, 55.137881153540491, 0.0 ], [ 15.139456826631319, 55.137893512364776, 0.0 ], [ 15.139478400457499, 55.137896833630876, 0.0 ] ] ], [ [ [ 15.139555001299231, 55.137393225089326, 0.0 ], [ 15.139539239097298, 55.137377634350614, 0.0 ], [ 15.139533583706385, 55.137389895944345, 0.0 ], [ 15.139555001299231, 55.137393225089326, 0.0 ] ] ], [ [ [ 15.139608586676365, 55.13707077500402, 0.0 ], [ 15.139592668629213, 55.137055192155302, 0.0 ], [ 15.139587027058926, 55.137067543096663, 0.0 ], [ 15.139608586676365, 55.13707077500402, 0.0 ] ] ], [ [ [ 15.139636913182974, 55.138199285101464, 0.0 ], [ 15.139621150607603, 55.138183694382818, 0.0 ], [ 15.139615495146158, 55.138195955981828, 0.0 ], [ 15.139636913182974, 55.138199285101464, 0.0 ] ] ], [ [ [ 15.139648040356672, 55.136785146443742, 0.0 ], [ 15.139632278377359, 55.136769555711503, 0.0 ], [ 15.13962648089279, 55.136781914539625, 0.0 ], [ 15.139648040356672, 55.136785146443742, 0.0 ] ] ], [ [ [ 15.139693390424833, 55.135886931217854, 0.0 ], [ 15.139677472852474, 55.135871348368234, 0.0 ], [ 15.139671831449164, 55.135883699309893, 0.0 ], [ 15.139693390424833, 55.135886931217854, 0.0 ] ] ], [ [ [ 15.139477343242101, 55.071360095262754, 0.0 ], [ 15.139461609045515, 55.071344503805022, 0.0 ], [ 15.139455805772325, 55.071356773104569, 0.0 ], [ 15.139477343242101, 55.071360095262754, 0.0 ] ] ], [ [ [ 15.139846713030526, 55.137405397634602, 0.0 ], [ 15.139830936945804, 55.137389717590331, 0.0 ], [ 15.139825295410505, 55.137402068541832, 0.0 ], [ 15.139846713030526, 55.137405397634602, 0.0 ] ] ], [ [ [ 15.139916623237562, 55.136947148258855, 0.0 ], [ 15.139900718892141, 55.136931654798417, 0.0 ], [ 15.139895063666822, 55.136943916405144, 0.0 ], [ 15.139916623237562, 55.136947148258855, 0.0 ] ] ], [ [ [ 15.139921004470077, 55.136708314250512, 0.0 ], [ 15.139905242419218, 55.136692723555456, 0.0 ], [ 15.139899587223764, 55.136704985161721, 0.0 ], [ 15.139921004470077, 55.136708314250512, 0.0 ] ] ], [ [ [ 15.139972530596035, 55.135283038176794, 0.0 ], [ 15.139956769130499, 55.13526744747363, 0.0 ], [ 15.13995111412083, 55.135279709078247, 0.0 ], [ 15.139972530596035, 55.135283038176794, 0.0 ] ] ], [ [ [ 15.140150142659307, 55.136404179413113, 0.0 ], [ 15.140134366883641, 55.136388499400425, 0.0 ], [ 15.140128725562169, 55.136400850361163, 0.0 ], [ 15.140150142659307, 55.136404179413113, 0.0 ] ] ], [ [ [ 15.140171029115361, 55.137470036265142, 0.0 ], [ 15.140155266645744, 55.137454445613088, 0.0 ], [ 15.140149625204405, 55.137466796577371, 0.0 ], [ 15.140171029115361, 55.137470036265142, 0.0 ] ] ], [ [ [ 15.140233266425739, 55.135693052612531, 0.0 ], [ 15.140217348730582, 55.135677469836729, 0.0 ], [ 15.140211693753148, 55.135689731452565, 0.0 ], [ 15.140233266425739, 55.135693052612531, 0.0 ] ] ], [ [ [ 15.140382702358696, 55.136905661058975, 0.0 ], [ 15.140366940047883, 55.13689007043034, 0.0 ], [ 15.140361284972569, 55.136902332055179, 0.0 ], [ 15.140382702358696, 55.136905661058975, 0.0 ] ] ], [ [ [ 15.140472006186938, 55.138301215357089, 0.0 ], [ 15.140456243249616, 55.138285624755888, 0.0 ], [ 15.140450588035858, 55.138297886387818, 0.0 ], [ 15.140472006186938, 55.138301215357089, 0.0 ] ] ], [ [ [ 15.140529529800157, 55.137915625844748, 0.0 ], [ 15.140513767004578, 55.137900035247426, 0.0 ], [ 15.140508111854649, 55.137912296880607, 0.0 ], [ 15.140529529800157, 55.137915625844748, 0.0 ] ] ], [ [ [ 15.140540318588984, 55.138036637595242, 0.0 ], [ 15.140524555737917, 55.138021047000699, 0.0 ], [ 15.140518914345096, 55.13803339798082, 0.0 ], [ 15.140540318588984, 55.138036637595242, 0.0 ] ] ], [ [ [ 15.140579673798397, 55.137494392484072, 0.0 ], [ 15.140563755199484, 55.137478809776447, 0.0 ], [ 15.140558100115278, 55.13749107141048, 0.0 ], [ 15.140579673798397, 55.137494392484072, 0.0 ] ] ], [ [ [ 15.140672279428966, 55.136508246172589, 0.0 ], [ 15.140656361217212, 55.136492663467351, 0.0 ], [ 15.140650706279274, 55.136504925102443, 0.0 ], [ 15.140672279428966, 55.136508246172589, 0.0 ] ] ], [ [ [ 15.140506543127092, 55.071789734140019, 0.0 ], [ 15.140490652649691, 55.071774150711093, 0.0 ], [ 15.140485005351012, 55.071786412172372, 0.0 ], [ 15.140506543127092, 55.071789734140019, 0.0 ] ] ], [ [ [ 15.140740373372132, 55.135509923017757, 0.0 ], [ 15.140724441794747, 55.13549425096506, 0.0 ], [ 15.140718956719502, 55.135506594059194, 0.0 ], [ 15.140740373372132, 55.135509923017757, 0.0 ] ] ], [ [ [ 15.140762152706392, 55.13607149705431, 0.0 ], [ 15.140746234647468, 55.136055914356945, 0.0 ], [ 15.140740579789508, 55.136068175994446, 0.0 ], [ 15.140762152706392, 55.13607149705431, 0.0 ] ] ], [ [ [ 15.140792146953421, 55.137497243662523, 0.0 ], [ 15.140776526429736, 55.137481555863602, 0.0 ], [ 15.140770729216847, 55.13749391473965, 0.0 ], [ 15.140792146953421, 55.137497243662523, 0.0 ] ] ], [ [ [ 15.140827930594149, 55.136904304990821, 0.0 ], [ 15.140812168114021, 55.136888714424231, 0.0 ], [ 15.140806669138076, 55.136900968178963, 0.0 ], [ 15.140827930594149, 55.136904304990821, 0.0 ] ] ], [ [ [ 15.140851612448003, 55.136301173230251, 0.0 ], [ 15.14083569425658, 55.136285590547956, 0.0 ], [ 15.140830039399095, 55.136297852189543, 0.0 ], [ 15.140851612448003, 55.136301173230251, 0.0 ] ] ], [ [ [ 15.140871968271203, 55.135273569268684, 0.0 ], [ 15.140856206466486, 55.13525797869071, 0.0 ], [ 15.140850551737763, 55.135270240330442, 0.0 ], [ 15.140871968271203, 55.135273569268684, 0.0 ] ] ], [ [ [ 15.140930557298343, 55.138624869317617, 0.0 ], [ 15.140914780279278, 55.138609189437631, 0.0 ], [ 15.140909138938994, 55.138621540434464, 0.0 ], [ 15.140930557298343, 55.138624869317617, 0.0 ] ] ], [ [ [ 15.140814758440005, 55.072053265099932, 0.0 ], [ 15.140798853997831, 55.072037592370037, 0.0 ], [ 15.140793220498658, 55.072049943191168, 0.0 ], [ 15.140814758440005, 55.072053265099932, 0.0 ] ] ], [ [ [ 15.141062967817327, 55.136673164534173, 0.0 ], [ 15.141047191576986, 55.136657484651678, 0.0 ], [ 15.14104155050965, 55.13666983564864, 0.0 ], [ 15.141062967817327, 55.136673164534173, 0.0 ] ] ], [ [ [ 15.141087070222151, 55.137504748703989, 0.0 ], [ 15.141071151425335, 55.137489166067837, 0.0 ], [ 15.141065510266882, 55.137501517067854, 0.0 ], [ 15.141087070222151, 55.137504748703989, 0.0 ] ] ], [ [ [ 15.14114915491875, 55.136893821754107, 0.0 ], [ 15.141133406089441, 55.136878320578276, 0.0 ], [ 15.141127737485048, 55.136890492886913, 0.0 ], [ 15.14114915491875, 55.136893821754107, 0.0 ] ] ], [ [ [ 15.141184311947763, 55.134591547474713, 0.0 ], [ 15.141168380593989, 55.134575875474546, 0.0 ], [ 15.141162739811456, 55.134588226470861, 0.0 ], [ 15.141184311947763, 55.134591547474713, 0.0 ] ] ], [ [ [ 15.141251581747259, 55.135015847011481, 0.0 ], [ 15.141235663953935, 55.13500026437152, 0.0 ], [ 15.141230165327157, 55.135012518137572, 0.0 ], [ 15.141251581747259, 55.135015847011481, 0.0 ] ] ], [ [ [ 15.141261786585101, 55.137356436338791, 0.0 ], [ 15.141245854015764, 55.137340764379481, 0.0 ], [ 15.141240212929654, 55.137353115385899, 0.0 ], [ 15.141261786585101, 55.137356436338791, 0.0 ] ] ], [ [ [ 15.141257759313374, 55.135272155729062, 0.0 ], [ 15.141241827639545, 55.135256483746595, 0.0 ], [ 15.141236342753526, 55.135268826859644, 0.0 ], [ 15.141257759313374, 55.135272155729062, 0.0 ] ] ], [ [ [ 15.141335190317463, 55.125422090866138, 0.0 ], [ 15.141319262837182, 55.125406418787911, 0.0 ], [ 15.141313623188754, 55.125418769766519, 0.0 ], [ 15.141335190317463, 55.125422090866138, 0.0 ] ] ], [ [ [ 15.14139234132109, 55.137502905488859, 0.0 ], [ 15.141376578371466, 55.137487315007313, 0.0 ], [ 15.141370767576285, 55.137499584561418, 0.0 ], [ 15.14139234132109, 55.137502905488859, 0.0 ] ] ], [ [ [ 15.141393359384107, 55.136107194823744, 0.0 ], [ 15.14137742730013, 55.136091522869428, 0.0 ], [ 15.141371786403386, 55.136103873877786, 0.0 ], [ 15.141393359384107, 55.136107194823744, 0.0 ] ] ], [ [ [ 15.141393867899529, 55.136251237145196, 0.0 ], [ 15.141378091711504, 55.136235557304353, 0.0 ], [ 15.141372450797892, 55.136247908313095, 0.0 ], [ 15.141393867899529, 55.136251237145196, 0.0 ] ] ], [ [ [ 15.141405505861613, 55.13600753368739, 0.0 ], [ 15.141389729772696, 55.135991853845546, 0.0 ], [ 15.141384088891625, 55.136004204854132, 0.0 ], [ 15.141405505861613, 55.13600753368739, 0.0 ] ] ], [ [ [ 15.141438585634969, 55.135789758468214, 0.0 ], [ 15.141422809625912, 55.13577407862865, 0.0 ], [ 15.141417168781034, 55.135786429637967, 0.0 ], [ 15.141438585634969, 55.135789758468214, 0.0 ] ] ], [ [ [ 15.141462162555184, 55.136432280001763, 0.0 ], [ 15.141446257844214, 55.136416786752804, 0.0 ], [ 15.14144058939166, 55.136428959072518, 0.0 ], [ 15.141462162555184, 55.136432280001763, 0.0 ] ] ], [ [ [ 15.141494250753153, 55.135417678518372, 0.0 ], [ 15.141478644604478, 55.135402080140452, 0.0 ], [ 15.141472847866503, 55.135414439039174, 0.0 ], [ 15.141494250753153, 55.135417678518372, 0.0 ] ] ], [ [ [ 15.141611260026059, 55.136055564245531, 0.0 ], [ 15.141595497607314, 55.136039973778963, 0.0 ], [ 15.14158985678502, 55.136052324795685, 0.0 ], [ 15.141611260026059, 55.136055564245531, 0.0 ] ] ], [ [ [ 15.141615929275611, 55.136901727945379, 0.0 ], [ 15.141600166495882, 55.136886137488524, 0.0 ], [ 15.141594511804724, 55.136898399161538, 0.0 ], [ 15.141615929275611, 55.136901727945379, 0.0 ] ] ], [ [ [ 15.141645101582533, 55.135184941997785, 0.0 ], [ 15.141629339520444, 55.135169351526613, 0.0 ], [ 15.141623542858229, 55.135181710430771, 0.0 ], [ 15.141645101582533, 55.135184941997785, 0.0 ] ] ], [ [ [ 15.141643943639963, 55.134680762354293, 0.0 ], [ 15.141628025840584, 55.134665179765868, 0.0 ], [ 15.141622527374354, 55.134677433545903, 0.0 ], [ 15.141643943639963, 55.134680762354293, 0.0 ] ] ], [ [ [ 15.141726032278086, 55.135320504344499, 0.0 ], [ 15.141710100403934, 55.13530483242851, 0.0 ], [ 15.141704459704712, 55.135317183447782, 0.0 ], [ 15.141726032278086, 55.135320504344499, 0.0 ] ] ], [ [ [ 15.141875133286321, 55.135173306384857, 0.0 ], [ 15.141859371141397, 55.135157715945574, 0.0 ], [ 15.141853560783073, 55.135169985512924, 0.0 ], [ 15.141875133286321, 55.135173306384857, 0.0 ] ] ], [ [ [ 15.141922111986263, 55.134630674695423, 0.0 ], [ 15.141906194102285, 55.134615092145566, 0.0 ], [ 15.141900709497792, 55.134627435282027, 0.0 ], [ 15.141922111986263, 55.134630674695423, 0.0 ] ] ], [ [ [ 15.141935055366057, 55.135606981693861, 0.0 ], [ 15.14191929301418, 55.135591391267603, 0.0 ], [ 15.141913638576494, 55.13560365294974, 0.0 ], [ 15.141935055366057, 55.135606981693861, 0.0 ] ] ], [ [ [ 15.141965283233171, 55.134853687332836, 0.0 ], [ 15.141949507419787, 55.134838007556695, 0.0 ], [ 15.14194386685093, 55.134850358584082, 0.0 ], [ 15.141965283233171, 55.134853687332836, 0.0 ] ] ], [ [ [ 15.142065468431587, 55.136937516938175, 0.0 ], [ 15.142049705465134, 55.136921926544346, 0.0 ], [ 15.142044050909577, 55.136934188235038, 0.0 ], [ 15.142065468431587, 55.136937516938175, 0.0 ] ] ], [ [ [ 15.142069129007703, 55.134933974729712, 0.0 ], [ 15.142053353120339, 55.134918294968884, 0.0 ], [ 15.142047712574504, 55.134930646000541, 0.0 ], [ 15.142069129007703, 55.134933974729712, 0.0 ] ] ], [ [ [ 15.142089119029205, 55.137224546857333, 0.0 ], [ 15.142073342160653, 55.137208867123903, 0.0 ], [ 15.142067701349493, 55.137221218162239, 0.0 ], [ 15.142089119029205, 55.137224546857333, 0.0 ] ] ], [ [ [ 15.142203452467582, 55.138380312605875, 0.0 ], [ 15.142187675063878, 55.138364632900803, 0.0 ], [ 15.142182034151494, 55.138376983946529, 0.0 ], [ 15.142203452467582, 55.138380312605875, 0.0 ] ] ], [ [ [ 15.142204920518948, 55.134783037474186, 0.0 ], [ 15.14218898869165, 55.134767365619744, 0.0 ], [ 15.142183504158227, 55.13477970876724, 0.0 ], [ 15.142204920518948, 55.134783037474186, 0.0 ] ] ], [ [ [ 15.14222652987058, 55.137294132175036, 0.0 ], [ 15.142210596957959, 55.137278460350863, 0.0 ], [ 15.142204956181553, 55.137290811394692, 0.0 ], [ 15.14222652987058, 55.137294132175036, 0.0 ] ] ], [ [ [ 15.142302062145324, 55.138357225911975, 0.0 ], [ 15.142286298485859, 55.138341635566327, 0.0 ], [ 15.142280657607104, 55.13835398661584, 0.0 ], [ 15.142302062145324, 55.138357225911975, 0.0 ] ] ], [ [ [ 15.142361456246327, 55.136193289427872, 0.0 ], [ 15.14234553752544, 55.136177706956694, 0.0 ], [ 15.142339883150546, 55.136189968657014, 0.0 ], [ 15.142361456246327, 55.136193289427872, 0.0 ] ] ], [ [ [ 15.142583072095302, 55.134610745023934, 0.0 ], [ 15.142567323690038, 55.134595244023188, 0.0 ], [ 15.14256165580159, 55.134607416382174, 0.0 ], [ 15.142583072095302, 55.134610745023934, 0.0 ] ] ], [ [ [ 15.142595019617692, 55.137185448908504, 0.0 ], [ 15.142579100382692, 55.137169866480896, 0.0 ], [ 15.14257344596232, 55.137182128192919, 0.0 ], [ 15.142595019617692, 55.137185448908504, 0.0 ] ] ], [ [ [ 15.142601907958397, 55.134281226693183, 0.0 ], [ 15.142586132143974, 55.134265546999679, 0.0 ], [ 15.142580491842462, 55.134277898050392, 0.0 ], [ 15.142601907958397, 55.134281226693183, 0.0 ] ] ], [ [ [ 15.142639063412503, 55.136949110036909, 0.0 ], [ 15.142623286449943, 55.136933430377233, 0.0 ], [ 15.142617645843769, 55.136945781436232, 0.0 ], [ 15.142639063412503, 55.136949110036909, 0.0 ] ] ], [ [ [ 15.142678552309643, 55.109587585871175, 0.0 ], [ 15.142662800710676, 55.109571995269434, 0.0 ], [ 15.142657163358018, 55.109584346259638, 0.0 ], [ 15.142678552309643, 55.109587585871175, 0.0 ] ] ], [ [ [ 15.142812488208628, 55.137309421230263, 0.0 ], [ 15.142796568837596, 55.137293838834587, 0.0 ], [ 15.142790914470119, 55.137306100555406, 0.0 ], [ 15.142812488208628, 55.137309421230263, 0.0 ] ] ], [ [ [ 15.142872067626428, 55.139710635054733, 0.0 ], [ 15.142856303174808, 55.13969504480302, 0.0 ], [ 15.142850804510989, 55.139707298642016, 0.0 ], [ 15.142872067626428, 55.139710635054733, 0.0 ] ] ], [ [ [ 15.14290007455233, 55.134482244275226, 0.0 ], [ 15.142884468260265, 55.134466646081428, 0.0 ], [ 15.142878658306131, 55.134478915688298, 0.0 ], [ 15.14290007455233, 55.134482244275226, 0.0 ] ] ], [ [ [ 15.142949539041267, 55.135024409509626, 0.0 ], [ 15.142933634368921, 55.135008916454353, 0.0 ], [ 15.142927966544152, 55.135021088828779, 0.0 ], [ 15.142949539041267, 55.135024409509626, 0.0 ] ] ], [ [ [ 15.143009259668393, 55.134629792721476, 0.0 ], [ 15.142993639500634, 55.134614105198459, 0.0 ], [ 15.142987843334303, 55.134626464155986, 0.0 ], [ 15.143009259668393, 55.134629792721476, 0.0 ] ] ], [ [ [ 15.14306021134882, 55.137202433949568, 0.0 ], [ 15.14304444789032, 55.137186843697165, 0.0 ], [ 15.143038793612712, 55.13719910542742, 0.0 ], [ 15.14306021134882, 55.137202433949568, 0.0 ] ] ], [ [ [ 15.142976288578257, 55.111783062934364, 0.0 ], [ 15.142960535935199, 55.111767472397666, 0.0 ], [ 15.142954884655726, 55.111779734058878, 0.0 ], [ 15.142976288578257, 55.111783062934364, 0.0 ] ] ], [ [ [ 15.143153193694424, 55.13964688941725, 0.0 ], [ 15.143137415387752, 55.139631209858265, 0.0 ], [ 15.143131618652101, 55.139643568834941, 0.0 ], [ 15.143153193694424, 55.13964688941725, 0.0 ] ] ], [ [ [ 15.143165698221278, 55.135456032777604, 0.0 ], [ 15.143149793282323, 55.135440539757333, 0.0 ], [ 15.143144281427066, 55.135452704251023, 0.0 ], [ 15.143165698221278, 55.135456032777604, 0.0 ] ] ], [ [ [ 15.143220943655672, 55.135154746342998, 0.0 ], [ 15.143205181005126, 55.135139156091022, 0.0 ], [ 15.143199527021336, 55.13515141782225, 0.0 ], [ 15.143220943655672, 55.135154746342998, 0.0 ] ] ], [ [ [ 15.14325983572761, 55.134202918858747, 0.0 ], [ 15.14324405969397, 55.134187239256221, 0.0 ], [ 15.143238419607886, 55.134199590332308, 0.0 ], [ 15.14325983572761, 55.134202918858747, 0.0 ] ] ], [ [ [ 15.143188009521534, 55.109287262830414, 0.0 ], [ 15.143172102003293, 55.109271680184321, 0.0 ], [ 15.143166451086232, 55.109283941847359, 0.0 ], [ 15.143188009521534, 55.109287262830414, 0.0 ] ] ], [ [ [ 15.143313264949105, 55.136091110948684, 0.0 ], [ 15.143297345909096, 55.136075528610213, 0.0 ], [ 15.143291691842496, 55.13608779034746, 0.0 ], [ 15.143313264949105, 55.136091110948684, 0.0 ] ] ], [ [ [ 15.143328169235129, 55.13453712134379, 0.0 ], [ 15.143312237082551, 55.134521449644815, 0.0 ], [ 15.143306596978219, 55.134533800724427, 0.0 ], [ 15.143328169235129, 55.13453712134379, 0.0 ] ] ], [ [ [ 15.143241694174396, 55.109680733105762, 0.0 ], [ 15.143225772707691, 55.109665061125291, 0.0 ], [ 15.143220291374192, 55.109677404249609, 0.0 ], [ 15.143241694174396, 55.109680733105762, 0.0 ] ] ], [ [ [ 15.143169479426859, 55.075184589185305, 0.0 ], [ 15.143153728465482, 55.075168908935979, 0.0 ], [ 15.143148095332851, 55.075181259856706, 0.0 ], [ 15.143169479426859, 55.075184589185305, 0.0 ] ] ], [ [ [ 15.143316060894952, 55.10824520215094, 0.0 ], [ 15.143300153773646, 55.108229619511562, 0.0 ], [ 15.143294672627682, 55.108241962635134, 0.0 ], [ 15.143316060894952, 55.10824520215094, 0.0 ] ] ], [ [ [ 15.143342060576961, 55.109382924904629, 0.0 ], [ 15.143326152959126, 55.109367342281224, 0.0 ], [ 15.143320671691093, 55.109379685408591, 0.0 ], [ 15.143342060576961, 55.109382924904629, 0.0 ] ] ], [ [ [ 15.143505583201096, 55.133821219938014, 0.0 ], [ 15.143489665060164, 55.133805637602059, 0.0 ], [ 15.14348401132364, 55.133817899340947, 0.0 ], [ 15.143505583201096, 55.133821219938014, 0.0 ] ] ], [ [ [ 15.143521616765426, 55.135333215214544, 0.0 ], [ 15.143505697970667, 55.135317632897177, 0.0 ], [ 15.143500044059127, 55.135329894640613, 0.0 ], [ 15.143521616765426, 55.135333215214544, 0.0 ] ] ], [ [ [ 15.143790465156584, 55.136854839436786, 0.0 ], [ 15.143774701567006, 55.13683924928241, 0.0 ], [ 15.143769047557987, 55.136851511040291, 0.0 ], [ 15.143790465156584, 55.136854839436786, 0.0 ] ] ], [ [ [ 15.143937909712143, 55.137013957843429, 0.0 ], [ 15.14392199003859, 55.136998375602779, 0.0 ], [ 15.143916492016658, 55.137010629475348, 0.0 ], [ 15.143937909712143, 55.137013957843429, 0.0 ] ] ], [ [ [ 15.143845247399952, 55.107799809027156, 0.0 ], [ 15.143829496113982, 55.107784218568746, 0.0 ], [ 15.143823845578007, 55.107796480253612, 0.0 ], [ 15.143845247399952, 55.107799809027156, 0.0 ] ] ], [ [ [ 15.14394757853608, 55.135293653464501, 0.0 ], [ 15.143931815549317, 55.135278063315262, 0.0 ], [ 15.143926161775054, 55.135290325075246, 0.0 ], [ 15.14394757853608, 55.135293653464501, 0.0 ] ] ], [ [ [ 15.143979107532443, 55.133693710530601, 0.0 ], [ 15.143963175491972, 55.133678038914134, 0.0 ], [ 15.143957535691566, 55.133690390016874, 0.0 ], [ 15.143979107532443, 55.133693710530601, 0.0 ] ] ], [ [ [ 15.14400576976686, 55.133962489392268, 0.0 ], [ 15.14398985137472, 55.133946907128163, 0.0 ], [ 15.143984211550805, 55.133959258232665, 0.0 ], [ 15.14400576976686, 55.133962489392268, 0.0 ] ] ], [ [ [ 15.144037920625619, 55.134037488806662, 0.0 ], [ 15.144022158137618, 55.134021898656549, 0.0 ], [ 15.144016518314942, 55.134034249762507, 0.0 ], [ 15.144037920625619, 55.134037488806662, 0.0 ] ] ], [ [ [ 15.144059085444571, 55.139105730940535, 0.0 ], [ 15.144043164828542, 55.139090148739562, 0.0 ], [ 15.144037510635028, 55.139102410513736, 0.0 ], [ 15.144059085444571, 55.139105730940535, 0.0 ] ] ], [ [ [ 15.144068830354081, 55.13652560488066, 0.0 ], [ 15.144053066798062, 55.136510014761541, 0.0 ], [ 15.14404725695659, 55.136522284421048, 0.0 ], [ 15.144068830354081, 55.13652560488066, 0.0 ] ] ], [ [ [ 15.14407958331922, 55.134989742956428, 0.0 ], [ 15.1440638204111, 55.134974152822316, 0.0 ], [ 15.144058166714087, 55.134986414586685, 0.0 ], [ 15.14407958331922, 55.134989742956428, 0.0 ] ] ], [ [ [ 15.144105484022043, 55.137572747490019, 0.0 ], [ 15.144089706231567, 55.137557068041609, 0.0 ], [ 15.14408391004865, 55.137569427051019, 0.0 ], [ 15.144105484022043, 55.137572747490019, 0.0 ] ] ], [ [ [ 15.14399834302454, 55.107742446059639, 0.0 ], [ 15.143982591704528, 55.107726855621941, 0.0 ], [ 15.143976954983351, 55.107739206658707, 0.0 ], [ 15.14399834302454, 55.107742446059639, 0.0 ] ] ], [ [ [ 15.144122330024176, 55.137216136401783, 0.0 ], [ 15.144106566154575, 55.137200546297528, 0.0 ], [ 15.144100756244853, 55.137212815961036, 0.0 ], [ 15.144122330024176, 55.137216136401783, 0.0 ] ] ], [ [ [ 15.144209746002657, 55.134361951872634, 0.0 ], [ 15.144193813587149, 55.134346280295865, 0.0 ], [ 15.144188173779803, 55.134358631409349, 0.0 ], [ 15.144209746002657, 55.134361951872634, 0.0 ] ] ], [ [ [ 15.144297280367651, 55.136923649121343, 0.0 ], [ 15.144281516555473, 55.136908059038326, 0.0 ], [ 15.144275720512189, 55.136920418053712, 0.0 ], [ 15.144297280367651, 55.136923649121343, 0.0 ] ] ], [ [ [ 15.144342193418327, 55.13355837163224, 0.0 ], [ 15.14432643101761, 55.133542781519374, 0.0 ], [ 15.144320621626072, 55.133555051181965, 0.0 ], [ 15.144342193418327, 55.13355837163224, 0.0 ] ] ], [ [ [ 15.144498114271419, 55.133505459781205, 0.0 ], [ 15.144482351833677, 55.133489869689527, 0.0 ], [ 15.14447669844356, 55.133502131466372, 0.0 ], [ 15.144498114271419, 55.133505459781205, 0.0 ] ] ], [ [ [ 15.144524804733788, 55.106284207713294, 0.0 ], [ 15.144508884229989, 55.106268535876602, 0.0 ], [ 15.144503247846078, 55.106280886930072, 0.0 ], [ 15.144524804733788, 55.106284207713294, 0.0 ] ] ], [ [ [ 15.14469199544618, 55.137916745571474, 0.0 ], [ 15.144676231061748, 55.13790115555409, 0.0 ], [ 15.144670577206792, 55.137913417349949, 0.0 ], [ 15.14469199544618, 55.137916745571474, 0.0 ] ] ], [ [ [ 15.144608548609311, 55.106892168190363, 0.0 ], [ 15.144592797417069, 55.106876577828537, 0.0 ], [ 15.144587160987498, 55.106888928886853, 0.0 ], [ 15.144608548609311, 55.106892168190363, 0.0 ] ] ], [ [ [ 15.144727433357387, 55.137280150999864, 0.0 ], [ 15.144711655452575, 55.137264471635078, 0.0 ], [ 15.14470601546158, 55.13727682277618, 0.0 ], [ 15.144727433357387, 55.137280150999864, 0.0 ] ] ], [ [ [ 15.14464353471865, 55.106417763114919, 0.0 ], [ 15.144627627873351, 55.10640218064237, 0.0 ], [ 15.144621977749635, 55.106414442354804, 0.0 ], [ 15.14464353471865, 55.106417763114919, 0.0 ] ] ], [ [ [ 15.144770279473018, 55.133397141294694, 0.0 ], [ 15.144754347256358, 55.133381469786379, 0.0 ], [ 15.144748707738994, 55.133393820919167, 0.0 ], [ 15.144770279473018, 55.133397141294694, 0.0 ] ] ], [ [ [ 15.144894236972011, 55.136756485105174, 0.0 ], [ 15.144878473003022, 55.136740895103536, 0.0 ], [ 15.144872663390213, 55.136753164796964, 0.0 ], [ 15.144894236972011, 55.136756485105174, 0.0 ] ] ], [ [ [ 15.144912946860169, 55.137158119315806, 0.0 ], [ 15.144897182713521, 55.137142529321089, 0.0 ], [ 15.144891373057151, 55.137154799016351, 0.0 ], [ 15.144912946860169, 55.137158119315806, 0.0 ] ] ], [ [ [ 15.144881377350513, 55.106311087135808, 0.0 ], [ 15.144865470460264, 55.106295504695524, 0.0 ], [ 15.144859820423143, 55.10630776641699, 0.0 ], [ 15.144881377350513, 55.106311087135808, 0.0 ] ] ], [ [ [ 15.14492119778388, 55.10540414227539, 0.0 ], [ 15.144905447103083, 55.105388551941147, 0.0 ], [ 15.144899797186131, 55.105400813661809, 0.0 ], [ 15.14492119778388, 55.10540414227539, 0.0 ] ] ], [ [ [ 15.144984751608758, 55.106319449952458, 0.0 ], [ 15.144968830913687, 55.106303778180873, 0.0 ], [ 15.144963350509917, 55.106316121362418, 0.0 ], [ 15.144984751608758, 55.106319449952458, 0.0 ] ] ], [ [ [ 15.144984809324301, 55.104752614458214, 0.0 ], [ 15.144969058895356, 55.104737024125825, 0.0 ], [ 15.144963422836637, 55.104749375193251, 0.0 ], [ 15.144984809324301, 55.104752614458214, 0.0 ] ] ], [ [ [ 15.145214474259848, 55.133055008555488, 0.0 ], [ 15.145198555795659, 55.133039426451511, 0.0 ], [ 15.145192902681959, 55.1330516882552, 0.0 ], [ 15.145214474259848, 55.133055008555488, 0.0 ] ] ], [ [ [ 15.145315939459294, 55.106608737114307, 0.0 ], [ 15.145300032276243, 55.106593154738334, 0.0 ], [ 15.14529438233882, 55.106605416477557, 0.0 ], [ 15.145315939459294, 55.106608737114307, 0.0 ] ] ], [ [ [ 15.14551187250586, 55.133008441086659, 0.0 ], [ 15.145495940171541, 55.132992769678545, 0.0 ], [ 15.145490300932606, 55.133005120839194, 0.0 ], [ 15.14551187250586, 55.133008441086659, 0.0 ] ] ], [ [ [ 15.145526355406266, 55.131949615517506, 0.0 ], [ 15.145510437296679, 55.131934033445418, 0.0 ], [ 15.145504940351556, 55.131946287365395, 0.0 ], [ 15.145526355406266, 55.131949615517506, 0.0 ] ] ], [ [ [ 15.145449735584641, 55.105643098073436, 0.0 ], [ 15.145433828763625, 55.10562751570582, 0.0 ], [ 15.145428334820069, 55.105639769557307, 0.0 ], [ 15.145449735584641, 55.105643098073436, 0.0 ] ] ], [ [ [ 15.145516213703573, 55.106035919996891, 0.0 ], [ 15.145500292926323, 55.106020248297028, 0.0 ], [ 15.145494812721189, 55.106032591497836, 0.0 ], [ 15.145516213703573, 55.106035919996891, 0.0 ] ] ], [ [ [ 15.1456343321017, 55.106300067394386, 0.0 ], [ 15.145618411166099, 55.106284395714006, 0.0 ], [ 15.145612930967681, 55.10629673891993, 0.0 ], [ 15.1456343321017, 55.106300067394386, 0.0 ] ] ], [ [ [ 15.145666294714601, 55.106181303428649, 0.0 ], [ 15.145650387580936, 55.106165721097312, 0.0 ], [ 15.145644893642778, 55.106177974958321, 0.0 ], [ 15.145666294714601, 55.106181303428649, 0.0 ] ] ], [ [ [ 15.145826809925879, 55.131790428920645, 0.0 ], [ 15.145811047709191, 55.131774838995668, 0.0 ], [ 15.145805394936525, 55.131787100820013, 0.0 ], [ 15.145826809925879, 55.131790428920645, 0.0 ] ] ], [ [ [ 15.145737207313564, 55.106470351651211, 0.0 ], [ 15.145721455869927, 55.106454761442095, 0.0 ], [ 15.145715819843542, 55.106467112543193, 0.0 ], [ 15.145737207313564, 55.106470351651211, 0.0 ] ] ], [ [ [ 15.145916585910275, 55.13155627544824, 0.0 ], [ 15.14590066782042, 55.131540693426764, 0.0 ], [ 15.145895015103495, 55.131552955253994, 0.0 ], [ 15.145916585910275, 55.13155627544824, 0.0 ] ] ], [ [ [ 15.145863032795726, 55.10604537183081, 0.0 ], [ 15.145847281484244, 55.106029781634639, 0.0 ], [ 15.145841787622837, 55.106042035502725, 0.0 ], [ 15.145863032795726, 55.10604537183081, 0.0 ] ] ], [ [ [ 15.145984674831979, 55.131431180992401, 0.0 ], [ 15.145968756769751, 55.131415598979153, 0.0 ], [ 15.145963117865842, 55.131427950154126, 0.0 ], [ 15.145984674831979, 55.131431180992401, 0.0 ] ] ], [ [ [ 15.146060497631664, 55.131796518257424, 0.0 ], [ 15.146044721545932, 55.131780839019697, 0.0 ], [ 15.146039082622545, 55.131793190198557, 0.0 ], [ 15.146060497631664, 55.131796518257424, 0.0 ] ] ], [ [ [ 15.146087888858011, 55.131272973528105, 0.0 ], [ 15.146072126761355, 55.131257383633987, 0.0 ], [ 15.146066331971381, 55.131269742706252, 0.0 ], [ 15.146087888858011, 55.131272973528105, 0.0 ] ] ], [ [ [ 15.146069888319403, 55.107304499992054, 0.0 ], [ 15.146053966786839, 55.107288828383886, 0.0 ], [ 15.146048330765876, 55.10730117950007, 0.0 ], [ 15.146069888319403, 55.107304499992054, 0.0 ] ] ], [ [ [ 15.146088388027898, 55.106889366608961, 0.0 ], [ 15.146072480430645, 55.106873784344614, 0.0 ], [ 15.146066986542184, 55.106886038223337, 0.0 ], [ 15.146088388027898, 55.106889366608961, 0.0 ] ] ], [ [ [ 15.146196699474867, 55.132946763626961, 0.0 ], [ 15.146180766904402, 55.1329310923146, 0.0 ], [ 15.146175127887345, 55.132943443501716, 0.0 ], [ 15.146196699474867, 55.132946763626961, 0.0 ] ] ], [ [ [ 15.146110030961939, 55.075152627552562, 0.0 ], [ 15.146094306385072, 55.075137126405309, 0.0 ], [ 15.146088490959821, 55.07514930663622, 0.0 ], [ 15.146110030961939, 55.075152627552562, 0.0 ] ] ], [ [ [ 15.146507009001603, 55.132219626730475, 0.0 ], [ 15.146491090402533, 55.132204044799217, 0.0 ], [ 15.146485607509616, 55.132216388102222, 0.0 ], [ 15.146507009001603, 55.132219626730475, 0.0 ] ] ], [ [ [ 15.146430809654845, 55.107263712878243, 0.0 ], [ 15.146414888001484, 55.107248041320439, 0.0 ], [ 15.146409252098326, 55.107260392450534, 0.0 ], [ 15.146430809654845, 55.107263712878243, 0.0 ] ] ], [ [ [ 15.146473947629952, 55.105951406149288, 0.0 ], [ 15.146458026522026, 55.105935734583333, 0.0 ], [ 15.146452546626062, 55.105948077819939, 0.0 ], [ 15.146473947629952, 55.105951406149288, 0.0 ] ] ], [ [ [ 15.146585057234251, 55.130356381324511, 0.0 ], [ 15.146569281559215, 55.130340702144501, 0.0 ], [ 15.146563642970801, 55.130353053340052, 0.0 ], [ 15.146585057234251, 55.130356381324511, 0.0 ] ] ], [ [ [ 15.146620981842885, 55.13115594374483, 0.0 ], [ 15.146605049877767, 55.131140272472791, 0.0 ], [ 15.146599411205832, 55.131152623671795, 0.0 ], [ 15.146620981842885, 55.13115594374483, 0.0 ] ] ], [ [ [ 15.146533072847303, 55.106245463063829, 0.0 ], [ 15.146517321195654, 55.106229872963134, 0.0 ], [ 15.146511685444985, 55.106242224094593, 0.0 ], [ 15.146533072847303, 55.106245463063829, 0.0 ] ] ], [ [ [ 15.146700405942658, 55.107173523920572, 0.0 ], [ 15.146684795910875, 55.107157836615322, 0.0 ], [ 15.146679004259711, 55.107170195647882, 0.0 ], [ 15.146700405942658, 55.107173523920572, 0.0 ] ] ], [ [ [ 15.146905308517395, 55.130929948509056, 0.0 ], [ 15.146889376540177, 55.130914277274584, 0.0 ], [ 15.146883737984096, 55.13092662848409, 0.0 ], [ 15.146905308517395, 55.130929948509056, 0.0 ] ] ], [ [ [ 15.14694953851814, 55.130612469220083, 0.0 ], [ 15.146933932307448, 55.130596871544178, 0.0 ], [ 15.146928137868555, 55.130609230649313, 0.0 ], [ 15.14694953851814, 55.130612469220083, 0.0 ] ] ], [ [ [ 15.147605633142216, 55.132681751558799, 0.0 ], [ 15.147589869868577, 55.132666161891251, 0.0 ], [ 15.147584231324414, 55.132678513132497, 0.0 ], [ 15.147605633142216, 55.132681751558799, 0.0 ] ] ], [ [ [ 15.147798546964328, 55.076035038418006, 0.0 ], [ 15.147782651901196, 55.076019456059804, 0.0 ], [ 15.147777006362798, 55.076031717816669, 0.0 ], [ 15.147798546964328, 55.076035038418006, 0.0 ] ] ], [ [ [ 15.148254834840339, 55.132402431410668, 0.0 ], [ 15.148238901714176, 55.132386760382182, 0.0 ], [ 15.148233263406468, 55.132399111647928, 0.0 ], [ 15.148254834840339, 55.132402431410668, 0.0 ] ] ], [ [ [ 15.149132993862604, 55.13272605533998, 0.0 ], [ 15.149117216202836, 55.132710376540906, 0.0 ], [ 15.14911157813199, 55.132722727841653, 0.0 ], [ 15.149132993862604, 55.13272605533998, 0.0 ] ] ], [ [ [ 15.151780974762604, 55.131808542656785, 0.0 ], [ 15.151765196476761, 55.131792864217303, 0.0 ], [ 15.151759559344256, 55.131805215618648, 0.0 ], [ 15.151780974762604, 55.131808542656785, 0.0 ] ] ], [ [ [ 15.152303022494396, 55.131759489552572, 0.0 ], [ 15.152287101883108, 55.131743908431446, 0.0 ], [ 15.152281464919923, 55.131756259852928, 0.0 ], [ 15.152303022494396, 55.131759489552572, 0.0 ] ] ], [ [ [ 15.152753233362157, 55.131642130090796, 0.0 ], [ 15.15273746856618, 55.131626541129442, 0.0 ], [ 15.152731831757999, 55.131638892568141, 0.0 ], [ 15.152753233362157, 55.131642130090796, 0.0 ] ] ] ] } },
{ "type": "Feature", "properties": { "layer_id": "cultural_conservation_values", "label": "Cultural conservation values", "tooltip_title": "Source layer: Cultural conservation values", "tooltip_body": "Cultural and historical conservation values.<br>Clipped to Bornholm DAGI Landsdel landmass." }, "geometry": { "type": "Polygon", "coordinates": [ [ [ 14.776157291258734, 55.139839573518266, 0.0 ], [ 14.775682867118977, 55.136540156903799, 0.0 ], [ 14.77288572012883, 55.134649076593647, 0.0 ], [ 14.771960659165206, 55.134610845835681, 0.0 ], [ 14.768610952262952, 55.135074505146385, 0.0 ], [ 14.766927478279475, 55.136784628547595, 0.0 ], [ 14.762867519711222, 55.137171742957911, 0.0 ], [ 14.762943832337198, 55.138077962870476, 0.0 ], [ 14.766968609794038, 55.139683693123501, 0.0 ], [ 14.768284650120872, 55.139509315348768, 0.0 ], [ 14.768896668823933, 55.139752027393648, 0.0 ], [ 14.768780971035463, 55.139231618168587, 0.0 ], [ 14.76962517670029, 55.139181714303966, 0.0 ], [ 14.769755693736428, 55.139638314317708, 0.0 ], [ 14.768896837840106, 55.139752109388624, 0.0 ], [ 14.768981166761069, 55.140031851388912, 0.0 ], [ 14.770454025512146, 55.139870347788957, 0.0 ], [ 14.7697575478657, 55.139131046986058, 0.0 ], [ 14.770244291918067, 55.13928995099171, 0.0 ], [ 14.770478674686435, 55.138864900327356, 0.0 ], [ 14.771308539119314, 55.139637559774407, 0.0 ], [ 14.776157291258734, 55.139839573518266, 0.0 ] ] ] } },
{ "type": "Feature", "properties": { "layer_id": "cultural_conservation_values", "label": "Cultural conservation values", "tooltip_title": "Source layer: Cultural conservation values", "tooltip_body": "Cultural and historical conservation values.<br>Clipped to Bornholm DAGI Landsdel landmass." }, "geometry": { "type": "MultiPolygon", "coordinates": [ [ [ [ 15.07697393662043, 55.05820038506598, 0.0 ], [ 15.072942120821944, 55.058027461193852, 0.0 ], [ 15.071731604015772, 55.060246183097831, 0.0 ], [ 15.072616709846459, 55.061300708107503, 0.0 ], [ 15.074697043415457, 55.061683033141975, 0.0 ], [ 15.075726923282101, 55.061103202740206, 0.0 ], [ 15.075613061594158, 55.061877293873813, 0.0 ], [ 15.0817339420965, 55.062946210182105, 0.0 ], [ 15.081816204911117, 55.062135337853356, 0.0 ], [ 15.081391982831434, 55.061980488468109, 0.0 ], [ 15.082154068653532, 55.05978279044286, 0.0 ], [ 15.07697393662043, 55.05820038506598, 0.0 ] ] ], [ [ [ 15.077477961845901, 55.064212674763134, 0.0 ], [ 15.07715291741539, 55.062283673381273, 0.0 ], [ 15.073583749953311, 55.061669805372276, 0.0 ], [ 15.073254000182082, 55.062239599524347, 0.0 ], [ 15.072782616364385, 55.062213945769486, 0.0 ], [ 15.072138310305332, 55.062027943539825, 0.0 ], [ 15.072346253979033, 55.061482347495264, 0.0 ], [ 15.071071734899565, 55.061412519226778, 0.0 ], [ 15.070890025746573, 55.062450029297814, 0.0 ], [ 15.072018634281799, 55.062543280243169, 0.0 ], [ 15.071663735758321, 55.063213100012696, 0.0 ], [ 15.074080962708759, 55.063350689620869, 0.0 ], [ 15.077477961845901, 55.064212674763134, 0.0 ] ] ] ] } },
{ "type": "Feature", "properties": { "layer_id": "cultural_conservation_values", "label": "Cultural conservation values", "tooltip_title": "Source layer: Cultural conservation values", "tooltip_body": "Cultural and historical conservation values.<br>Clipped to Bornholm DAGI Landsdel landmass." }, "geometry": { "type": "Polygon", "coordinates": [ [ [ 14.984426381425964, 55.025653049885101, 0.0 ], [ 14.984315319077028, 55.024485758076956, 0.0 ], [ 14.977716613002924, 55.024642120547973, 0.0 ], [ 14.97795977982129, 55.025254511795069, 0.0 ], [ 14.97404258607447, 55.025484453823232, 0.0 ], [ 14.974440849456425, 55.026518846327498, 0.0 ], [ 14.974908455274072, 55.026603488535635, 0.0 ], [ 14.974201939853629, 55.026852302170653, 0.0 ], [ 14.980061821111267, 55.029270423900677, 0.0 ], [ 14.981506670812344, 55.027896123663211, 0.0 ], [ 14.983525269373196, 55.028249863486906, 0.0 ], [ 14.983185348121966, 55.027805574355398, 0.0 ], [ 14.984426381425964, 55.025653049885101, 0.0 ] ], [ [ 14.976795581799049, 55.026956162033649, 0.0 ], [ 14.975781990054747, 55.026761671655557, 0.0 ], [ 14.97632226497614, 55.026305412403751, 0.0 ], [ 14.977204818577782, 55.026282625035172, 0.0 ], [ 14.976795581799049, 55.026956162033649, 0.0 ] ] ] } },
{ "type": "Feature", "properties": { "layer_id": "cultural_conservation_values", "label": "Cultural conservation values", "tooltip_title": "Source layer: Cultural conservation values", "tooltip_body": "Cultural and historical conservation values.<br>Clipped to Bornholm DAGI Landsdel landmass." }, "geometry": { "type": "Polygon", "coordinates": [ [ [ 14.813130690687325, 55.072374345230841, 0.0 ], [ 14.815012746920841, 55.07527468426948, 0.0 ], [ 14.816790583458957, 55.076218827409612, 0.0 ], [ 14.819868517313683, 55.075045368734393, 0.0 ], [ 14.822859334596364, 55.07311053175372, 0.0 ], [ 14.82469243948017, 55.073382669410314, 0.0 ], [ 14.824684171164652, 55.072870648391252, 0.0 ], [ 14.825625950785295, 55.072870369502297, 0.0 ], [ 14.82558889093167, 55.070135500750695, 0.0 ], [ 14.820590488306046, 55.069603187266139, 0.0 ], [ 14.815117858656841, 55.070314114841231, 0.0 ], [ 14.815701622570328, 55.071338340337256, 0.0 ], [ 14.813130690687325, 55.072374345230841, 0.0 ] ], [ [ 14.814569263208249, 55.07436517608398, 0.0 ], [ 14.814300963614599, 55.073241570723063, 0.0 ], [ 14.815248767511637, 55.073235232708768, 0.0 ], [ 14.815455678034432, 55.074230073358819, 0.0 ], [ 14.814569263208249, 55.07436517608398, 0.0 ] ] ] } },
{ "type": "Feature", "properties": { "layer_id": "cultural_conservation_values", "label": "Cultural conservation values", "tooltip_title": "Source layer: Cultural conservation values", "tooltip_body": "Cultural and historical conservation values.<br>Clipped to Bornholm DAGI Landsdel landmass." }, "geometry": { "type": "Polygon", "coordinates": [ [ [ 14.753405265730498, 55.107693825116996, 0.0 ], [ 14.75448239578987, 55.105986953457027, 0.0 ], [ 14.7545585436149, 55.103651908503096, 0.0 ], [ 14.752696938381055, 55.103787107569303, 0.0 ], [ 14.752683326789157, 55.103547758512825, 0.0 ], [ 14.75148488641584, 55.103744870428933, 0.0 ], [ 14.751123960614635, 55.105514837284872, 0.0 ], [ 14.750098965134653, 55.105629182568435, 0.0 ], [ 14.746830081803312, 55.108277929479016, 0.0 ], [ 14.746684706986866, 55.109185458082379, 0.0 ], [ 14.751628133512716, 55.109749091738642, 0.0 ], [ 14.75170904811872, 55.109097834332864, 0.0 ], [ 14.752389686581122, 55.109125638249502, 0.0 ], [ 14.752358259978651, 55.109830364730783, 0.0 ], [ 14.755883954316326, 55.110562339020198, 0.0 ], [ 14.756738430133721, 55.107693123496112, 0.0 ], [ 14.753405265730498, 55.107693825116996, 0.0 ] ], [ [ 14.752479328001748, 55.107179746052637, 0.0 ], [ 14.751511611323419, 55.107299580796713, 0.0 ], [ 14.751348819821938, 55.106724500594112, 0.0 ], [ 14.752344594627724, 55.106688316765108, 0.0 ], [ 14.752479328001748, 55.107179746052637, 0.0 ] ] ] } },
{ "type": "Feature", "properties": { "layer_id": "cultural_conservation_values", "label": "Cultural conservation values", "tooltip_title": "Source layer: Cultural conservation values", "tooltip_body": "Cultural and historical conservation values.<br>Clipped to Bornholm DAGI Landsdel landmass." }, "geometry": { "type": "MultiPolygon", "coordinates": [ [ [ [ 15.109555130089106, 55.112829511329629, 0.0 ], [ 15.104138471282106, 55.116080091770534, 0.0 ], [ 15.102523982160694, 55.116383481303863, 0.0 ], [ 15.102911974170826, 55.117422219220565, 0.0 ], [ 15.099853449610672, 55.121291890332493, 0.0 ], [ 15.102576569630566, 55.120210427406398, 0.0 ], [ 15.106196784645901, 55.121995687588026, 0.0 ], [ 15.105809701048571, 55.117558336549621, 0.0 ], [ 15.105515305367243, 55.117807698218904, 0.0 ], [ 15.109555130089106, 55.112829511329629, 0.0 ] ] ], [ [ [ 15.107611108310831, 55.115578490229744, 0.0 ], [ 15.106257833928879, 55.117082893235001, 0.0 ], [ 15.106613003347451, 55.117246909416437, 0.0 ], [ 15.108216147284631, 55.116190397047717, 0.0 ], [ 15.107611108310831, 55.115578490229744, 0.0 ] ] ] ] } },
{ "type": "Feature", "properties": { "layer_id": "cultural_conservation_values", "label": "Cultural conservation values", "tooltip_title": "Source layer: Cultural conservation values", "tooltip_body": "Cultural and historical conservation values.<br>Clipped to Bornholm DAGI Landsdel landmass." }, "geometry": { "type": "MultiPolygon", "coordinates": [ [ [ [ 14.902572222240698, 55.20882567928146, 0.0 ], [ 14.897934298544515, 55.208269682278626, 0.0 ], [ 14.897730960088962, 55.208567277639013, 0.0 ], [ 14.897185697068128, 55.208513782864827, 0.0 ], [ 14.897345669287592, 55.20823053603047, 0.0 ], [ 14.896789858760759, 55.208298009210381, 0.0 ], [ 14.896205182967581, 55.209929771672279, 0.0 ], [ 14.894870868788809, 55.211428896490219, 0.0 ], [ 14.89637182931099, 55.212212370787626, 0.0 ], [ 14.901996538838384, 55.211048797366601, 0.0 ], [ 14.903788369367756, 55.210169545459173, 0.0 ], [ 14.902572222240698, 55.20882567928146, 0.0 ] ], [ [ 14.896458350847478, 55.210928601630535, 0.0 ], [ 14.895689896599956, 55.210753672273064, 0.0 ], [ 14.896069238535645, 55.210265778324164, 0.0 ], [ 14.897011184237909, 55.210467221079568, 0.0 ], [ 14.896458350847478, 55.210928601630535, 0.0 ] ] ], [ [ [ 14.896207563224714, 55.208548891624858, 0.0 ], [ 14.895436363902613, 55.20839759237235, 0.0 ], [ 14.89342969035194, 55.210661683192448, 0.0 ], [ 14.892999145857637, 55.211393865436399, 0.0 ], [ 14.893812242249867, 55.211969704006677, 0.0 ], [ 14.895764782973149, 55.2101938458324, 0.0 ], [ 14.896207563224714, 55.208548891624858, 0.0 ] ] ] ] } },
{ "type": "Feature", "properties": { "layer_id": "cultural_conservation_values", "label": "Cultural conservation values", "tooltip_title": "Source layer: Cultural conservation values", "tooltip_body": "Cultural and historical conservation values.<br>Clipped to Bornholm DAGI Landsdel landmass." }, "geometry": { "type": "Polygon", "coordinates": [ [ [ 15.142966462265479, 55.133488506812697, 0.0 ], [ 15.141607412117885, 55.131836905987512, 0.0 ], [ 15.14122562529225, 55.130523858569568, 0.0 ], [ 15.13878887491474, 55.130482220207327, 0.0 ], [ 15.138449003086485, 55.131753963946231, 0.0 ], [ 15.136934548263591, 55.131348074932561, 0.0 ], [ 15.133297612701522, 55.131455763635998, 0.0 ], [ 15.136290316168676, 55.133172836242991, 0.0 ], [ 15.136803642296439, 55.134679591539935, 0.0 ], [ 15.139477439902006, 55.135562532628391, 0.0 ], [ 15.140821827252624, 55.134450415523844, 0.0 ], [ 15.140090418421522, 55.134204851354085, 0.0 ], [ 15.140203979987989, 55.133755559443642, 0.0 ], [ 15.142593127241435, 55.134072321882677, 0.0 ], [ 15.142966462265479, 55.133488506812697, 0.0 ] ] ] } },
{ "type": "Feature", "properties": { "layer_id": "cultural_conservation_values", "label": "Cultural conservation values", "tooltip_title": "Source layer: Cultural conservation values", "tooltip_body": "Cultural and historical conservation values.<br>Clipped to Bornholm DAGI Landsdel landmass." }, "geometry": { "type": "Polygon", "coordinates": [ [ [ 14.804884453571885, 55.237777557068917, 0.0 ], [ 14.802430012287877, 55.235275179096782, 0.0 ], [ 14.800447943222606, 55.234384147996941, 0.0 ], [ 14.80019055671986, 55.2335136579633, 0.0 ], [ 14.799084344663836, 55.233948012999939, 0.0 ], [ 14.798198018417242, 55.2331866353897, 0.0 ], [ 14.7952883827886, 55.232479275779198, 0.0 ], [ 14.797619785355366, 55.234518719152177, 0.0 ], [ 14.79845884626863, 55.235940331348871, 0.0 ], [ 14.797969064371912, 55.239123838693345, 0.0 ], [ 14.799462424513441, 55.239916595694552, 0.0 ], [ 14.802830592790171, 55.239877041251418, 0.0 ], [ 14.806213636279081, 55.238596522944036, 0.0 ], [ 14.804884453571885, 55.237777557068917, 0.0 ] ], [ [ 14.800744527846593, 55.23578507389692, 0.0 ], [ 14.800369476135197, 55.236743249292118, 0.0 ], [ 14.800166178404361, 55.236723326396472, 0.0 ], [ 14.799919191025859, 55.235827043229058, 0.0 ], [ 14.800744527846593, 55.23578507389692, 0.0 ] ] ] } },
{ "type": "Feature", "properties": { "layer_id": "cultural_conservation_values", "label": "Cultural conservation values", "tooltip_title": "Source layer: Cultural conservation values", "tooltip_body": "Cultural and historical conservation values.<br>Clipped to Bornholm DAGI Landsdel landmass." }, "geometry": { "type": "Polygon", "coordinates": [ [ [ 15.025481298251997, 55.135588036317074, 0.0 ], [ 15.013617005178885, 55.135479166206721, 0.0 ], [ 15.014205251104411, 55.136621751583228, 0.0 ], [ 15.014079419059005, 55.138601011354545, 0.0 ], [ 15.015225307239739, 55.138695519341624, 0.0 ], [ 15.01494781737267, 55.139062560987661, 0.0 ], [ 15.015555479025947, 55.139409530409878, 0.0 ], [ 15.016330397124582, 55.138986153621637, 0.0 ], [ 15.015851465304124, 55.138754809073923, 0.0 ], [ 15.016374263812722, 55.138488606862914, 0.0 ], [ 15.018553844492894, 55.138069898494294, 0.0 ], [ 15.025819779266136, 55.138495241847565, 0.0 ], [ 15.025481298251997, 55.135588036317074, 0.0 ] ] ] } }
]
}
