{
"type": "FeatureCollection",
"name": "natura_designated_land",
"crs": { "type": "name", "properties": { "name": "urn:ogc:def:crs:OGC:1.3:CRS84" } },
"features": [
{ "type": "Feature", "properties": { "layer_id": "natura_designated_land", "label": "Natura 2000 designated land", "tooltip_title": "Source layer: Natura 2000 designated land", "tooltip_body": "Specially designated land areas.<br>Clipped to Bornholm DAGI Landsdel landmass." }, "geometry": { "type": "Polygon", "coordinates": [ [ [ 15.060377770978462, 54.991537216061381, 0.0 ], [ 15.062744666396391, 54.991161034318239, 0.0 ], [ 15.064434424832076, 54.991324149797379, 0.0 ], [ 15.06402933660253, 54.991050137911813, 0.0 ], [ 15.061445585115932, 54.990768626133978, 0.0 ], [ 15.061048353078474, 54.99091001444566, 0.0 ], [ 15.061233052772744, 54.991191175475485, 0.0 ], [ 15.060168772668959, 54.991340444470183, 0.0 ], [ 15.060377770978462, 54.991537216061381, 0.0 ] ] ] } },
{ "type": "Feature", "properties": { "layer_id": "natura_designated_land", "label": "Natura 2000 designated land", "tooltip_title": "Source layer: Natura 2000 designated land", "tooltip_body": "Specially designated land areas.<br>Clipped to Bornholm DAGI Landsdel landmass." }, "geometry": { "type": "Polygon", "coordinates": [ [ [ 15.064837100322652, 54.993252654112283, 0.0 ], [ 15.064684404485202, 54.992875995103432, 0.0 ], [ 15.063362407409691, 54.992593759925569, 0.0 ], [ 15.064645431508445, 54.993212282323313, 0.0 ], [ 15.064081582415829, 54.993421792771443, 0.0 ], [ 15.064837100322652, 54.993252654112283, 0.0 ] ] ] } },
{ "type": "Feature", "properties": { "layer_id": "natura_designated_land", "label": "Natura 2000 designated land", "tooltip_title": "Source layer: Natura 2000 designated land", "tooltip_body": "Specially designated land areas.<br>Clipped to Bornholm DAGI Landsdel landmass." }, "geometry": { "type": "Polygon", "coordinates": [ [ [ 15.021690472985272, 54.995483970725701, 0.0 ], [ 15.021412784311263, 54.995106372475725, 0.0 ], [ 15.019584118701161, 54.99570062061526, 0.0 ], [ 15.020380995105521, 54.995862070847437, 0.0 ], [ 15.021690472985272, 54.995483970725701, 0.0 ] ] ] } },
{ "type": "Feature", "properties": { "layer_id": "natura_designated_land", "label": "Natura 2000 designated land", "tooltip_title": "Source layer: Natura 2000 designated land", "tooltip_body": "Specially designated land areas.<br>Clipped to Bornholm DAGI Landsdel landmass." }, "geometry": { "type": "Polygon", "coordinates": [ [ [ 15.048512779210322, 54.995226424902363, 0.0 ], [ 15.049071361595134, 54.995314950596295, 0.0 ], [ 15.049370990964393, 54.995249225863169, 0.0 ], [ 15.048274681219967, 54.995137581310829, 0.0 ], [ 15.047868684389114, 54.994401142405771, 0.0 ], [ 15.046887155007397, 54.994550934059305, 0.0 ], [ 15.047932378443289, 54.994817085732656, 0.0 ], [ 15.048245089101242, 54.995500213552532, 0.0 ], [ 15.048627626366537, 54.995553210054041, 0.0 ], [ 15.048512779210322, 54.995226424902363, 0.0 ] ] ] } },
{ "type": "Feature", "properties": { "layer_id": "natura_designated_land", "label": "Natura 2000 designated land", "tooltip_title": "Source layer: Natura 2000 designated land", "tooltip_body": "Specially designated land areas.<br>Clipped to Bornholm DAGI Landsdel landmass." }, "geometry": { "type": "Polygon", "coordinates": [ [ [ 15.066082067477339, 54.994594296736786, 0.0 ], [ 15.066618800746276, 54.994136150384854, 0.0 ], [ 15.065950640196849, 54.993894311055911, 0.0 ], [ 15.066277754509823, 54.993814652653327, 0.0 ], [ 15.06555876035655, 54.993827953828635, 0.0 ], [ 15.064716708269561, 54.994448373998075, 0.0 ], [ 15.066082067477339, 54.994594296736786, 0.0 ] ] ] } },
{ "type": "Feature", "properties": { "layer_id": "natura_designated_land", "label": "Natura 2000 designated land", "tooltip_title": "Source layer: Natura 2000 designated land", "tooltip_body": "Specially designated land areas.<br>Clipped to Bornholm DAGI Landsdel landmass." }, "geometry": { "type": "Polygon", "coordinates": [ [ [ 15.017565500892886, 54.997353127267445, 0.0 ], [ 15.017449698766811, 54.996657826750408, 0.0 ], [ 15.015779194827344, 54.996617471828976, 0.0 ], [ 15.017511273123384, 54.996532979774749, 0.0 ], [ 15.017850842269429, 54.995997718985919, 0.0 ], [ 15.01425273613615, 54.996714085130478, 0.0 ], [ 15.015185285365423, 54.996618443153949, 0.0 ], [ 15.015993077560525, 54.997075336439764, 0.0 ], [ 15.017005385770021, 54.996800951658621, 0.0 ], [ 15.017565500892886, 54.997353127267445, 0.0 ] ] ] } },
{ "type": "Feature", "properties": { "layer_id": "natura_designated_land", "label": "Natura 2000 designated land", "tooltip_title": "Source layer: Natura 2000 designated land", "tooltip_body": "Specially designated land areas.<br>Clipped to Bornholm DAGI Landsdel landmass." }, "geometry": { "type": "Polygon", "coordinates": [ [ [ 15.057877880350718, 54.995382875129565, 0.0 ], [ 15.057263472629831, 54.995367107736115, 0.0 ], [ 15.057776408536377, 54.995070705045464, 0.0 ], [ 15.057593896128514, 54.994786898613903, 0.0 ], [ 15.056435191600576, 54.995020335617887, 0.0 ], [ 15.05629517118714, 54.995304592452129, 0.0 ], [ 15.056555158051742, 54.994747795029902, 0.0 ], [ 15.055395871174698, 54.994830474687951, 0.0 ], [ 15.055102955508632, 54.9947148505047, 0.0 ], [ 15.056373185939611, 54.994649409816979, 0.0 ], [ 15.053559578133003, 54.994525482630792, 0.0 ], [ 15.055658496387284, 54.994934466036177, 0.0 ], [ 15.055226443353931, 54.995346550415348, 0.0 ], [ 15.05499379350807, 54.995126563121026, 0.0 ], [ 15.054363998561684, 54.995456430825115, 0.0 ], [ 15.057877880350718, 54.995382875129565, 0.0 ] ] ] } },
{ "type": "Feature", "properties": { "layer_id": "natura_designated_land", "label": "Natura 2000 designated land", "tooltip_title": "Source layer: Natura 2000 designated land", "tooltip_body": "Specially designated land areas.<br>Clipped to Bornholm DAGI Landsdel landmass." }, "geometry": { "type": "Polygon", "coordinates": [ [ [ 15.042644186659862, 54.996273740627743, 0.0 ], [ 15.043345408448124, 54.995773663280353, 0.0 ], [ 15.04310676124684, 54.995500559340016, 0.0 ], [ 15.042281722057741, 54.99609584436319, 0.0 ], [ 15.042644186659862, 54.996273740627743, 0.0 ] ] ] } },
{ "type": "Feature", "properties": { "layer_id": "natura_designated_land", "label": "Natura 2000 designated land", "tooltip_title": "Source layer: Natura 2000 designated land", "tooltip_body": "Specially designated land areas.<br>Clipped to Bornholm DAGI Landsdel landmass." }, "geometry": { "type": "Polygon", "coordinates": [ [ [ 15.031616244265171, 54.996684887092044, 0.0 ], [ 15.031796677728787, 54.996342753782699, 0.0 ], [ 15.030969433232128, 54.996245105793342, 0.0 ], [ 15.030958551988856, 54.996013224180665, 0.0 ], [ 15.030625879595927, 54.995676916587861, 0.0 ], [ 15.029332319152568, 54.995626211159255, 0.0 ], [ 15.027637736833469, 54.994944346245994, 0.0 ], [ 15.026493739882735, 54.995025896485245, 0.0 ], [ 15.027087194031022, 54.995175795755422, 0.0 ], [ 15.025067453434122, 54.995101827619649, 0.0 ], [ 15.025212367989413, 54.995333171016505, 0.0 ], [ 15.024280974864107, 54.995191334337612, 0.0 ], [ 15.024958745387874, 54.9959036909679, 0.0 ], [ 15.025541981648804, 54.995433550502106, 0.0 ], [ 15.026913820750037, 54.995577071023988, 0.0 ], [ 15.028092818448256, 54.995355516977682, 0.0 ], [ 15.028235159404668, 54.995697344620439, 0.0 ], [ 15.027489259052773, 54.995814099521112, 0.0 ], [ 15.027511013434484, 54.996295149587333, 0.0 ], [ 15.028870128892015, 54.995621304410065, 0.0 ], [ 15.030282372545742, 54.995799495093756, 0.0 ], [ 15.030172649779681, 54.996159042540995, 0.0 ], [ 15.030847695709763, 54.996001727242259, 0.0 ], [ 15.029417179022333, 54.99643809218442, 0.0 ], [ 15.029184026225661, 54.996044078816539, 0.0 ], [ 15.028761134371729, 54.996201118793287, 0.0 ], [ 15.028963540607343, 54.996444358588917, 0.0 ], [ 15.029599481523245, 54.996646584999219, 0.0 ], [ 15.030455130565842, 54.99622829466476, 0.0 ], [ 15.030919730748947, 54.99643648276551, 0.0 ], [ 15.030094200687895, 54.996854765534628, 0.0 ], [ 15.031616244265171, 54.996684887092044, 0.0 ] ] ] } },
{ "type": "Feature", "properties": { "layer_id": "natura_designated_land", "label": "Natura 2000 designated land", "tooltip_title": "Source layer: Natura 2000 designated land", "tooltip_body": "Specially designated land areas.<br>Clipped to Bornholm DAGI Landsdel landmass." }, "geometry": { "type": "MultiPolygon", "coordinates": [ [ [ [ 15.069898104222879, 54.995268076650589, 0.0 ], [ 15.070822123769496, 54.995221062064317, 0.0 ], [ 15.070319285502144, 54.994996552608107, 0.0 ], [ 15.070746970444482, 54.994791851649154, 0.0 ], [ 15.069411196684895, 54.994462928898528, 0.0 ], [ 15.069294170157193, 54.994283706546504, 0.0 ], [ 15.069796661768432, 54.994448398853628, 0.0 ], [ 15.070211884629392, 54.994233159043873, 0.0 ], [ 15.069170742885728, 54.994065737103838, 0.0 ], [ 15.069071693919106, 54.993784348671028, 0.0 ], [ 15.068737591851677, 54.994372431077217, 0.0 ], [ 15.068095012408689, 54.994397938946911, 0.0 ], [ 15.068130704622799, 54.994158676977612, 0.0 ], [ 15.067146268164022, 54.994388716564444, 0.0 ], [ 15.068303572324062, 54.994520817021041, 0.0 ], [ 15.069927881021384, 54.995063954847218, 0.0 ], [ 15.069898104222879, 54.995268076650589, 0.0 ] ] ], [ [ [ 15.069876391430608, 54.995192469526906, 0.0 ], [ 15.069806026415632, 54.995162657449235, 0.0 ], [ 15.069787604021545, 54.995187371624425, 0.0 ], [ 15.069876391430608, 54.995192469526906, 0.0 ] ] ] ] } },
{ "type": "Feature", "properties": { "layer_id": "natura_designated_land", "label": "Natura 2000 designated land", "tooltip_title": "Source layer: Natura 2000 designated land", "tooltip_body": "Specially designated land areas.<br>Clipped to Bornholm DAGI Landsdel landmass." }, "geometry": { "type": "Polygon", "coordinates": [ [ [ 15.070323601037563, 54.995940466931046, 0.0 ], [ 15.07020042285887, 54.995447923642054, 0.0 ], [ 15.069402907957947, 54.995217259455586, 0.0 ], [ 15.069142305908592, 54.995605964836827, 0.0 ], [ 15.068365184859719, 54.995404156350979, 0.0 ], [ 15.068453370559817, 54.994795352427474, 0.0 ], [ 15.068111013012848, 54.994906023490472, 0.0 ], [ 15.068437202777979, 54.995728766302356, 0.0 ], [ 15.064028069971029, 54.995068126685666, 0.0 ], [ 15.063290713741122, 54.994790943413413, 0.0 ], [ 15.063804154275363, 54.994598896282383, 0.0 ], [ 15.063138092215169, 54.994454876932842, 0.0 ], [ 15.063692472108418, 54.994401943465157, 0.0 ], [ 15.063680579226441, 54.993984574371638, 0.0 ], [ 15.064305784895762, 54.994018504361826, 0.0 ], [ 15.063730139994057, 54.993735265666771, 0.0 ], [ 15.063459198059507, 54.994089270131809, 0.0 ], [ 15.06228892343211, 54.993905388804095, 0.0 ], [ 15.063107131648552, 54.994286920680729, 0.0 ], [ 15.062249673847159, 54.994137288122296, 0.0 ], [ 15.062371717353328, 54.994426959621528, 0.0 ], [ 15.062007348198525, 54.994067997299005, 0.0 ], [ 15.061300769537924, 54.993900973076101, 0.0 ], [ 15.062160524476592, 54.994560576586061, 0.0 ], [ 15.059858669036283, 54.99383903937597, 0.0 ], [ 15.058779802368964, 54.993852103528482, 0.0 ], [ 15.058708146968051, 54.99357977454455, 0.0 ], [ 15.05771106956721, 54.993847724549113, 0.0 ], [ 15.058535477957465, 54.993232109198566, 0.0 ], [ 15.057115316822886, 54.993616622414542, 0.0 ], [ 15.057661047291864, 54.993940513929353, 0.0 ], [ 15.058831402771146, 54.99410706731998, 0.0 ], [ 15.058332190191352, 54.994099074944124, 0.0 ], [ 15.058872765631122, 54.994367855045958, 0.0 ], [ 15.057703102519103, 54.994386888280026, 0.0 ], [ 15.058450225214898, 54.994611952869704, 0.0 ], [ 15.057108787208595, 54.994526775906294, 0.0 ], [ 15.05739198301354, 54.994729208876379, 0.0 ], [ 15.059277212865156, 54.994680353231836, 0.0 ], [ 15.058912138212342, 54.994153353618991, 0.0 ], [ 15.059305244282347, 54.994129651466636, 0.0 ], [ 15.060515839343649, 54.994278780881537, 0.0 ], [ 15.059850498784535, 54.994314386575596, 0.0 ], [ 15.060647857766725, 54.99451037427189, 0.0 ], [ 15.060315979189905, 54.994719522053011, 0.0 ], [ 15.062201262774078, 54.994682223825315, 0.0 ], [ 15.061980080855543, 54.994966326459121, 0.0 ], [ 15.064129056414412, 54.99513753389995, 0.0 ], [ 15.064937708321882, 54.995594427797393, 0.0 ], [ 15.06553162748097, 54.995396545821222, 0.0 ], [ 15.066707488280999, 54.995901213454651, 0.0 ], [ 15.069223455295822, 54.995704337913764, 0.0 ], [ 15.069268701501757, 54.995969493455114, 0.0 ], [ 15.070323601037563, 54.995940466931046, 0.0 ] ] ] } },
{ "type": "Feature", "properties": { "layer_id": "natura_designated_land", "label": "Natura 2000 designated land", "tooltip_title": "Source layer: Natura 2000 designated land", "tooltip_body": "Specially designated land areas.<br>Clipped to Bornholm DAGI Landsdel landmass." }, "geometry": { "type": "Polygon", "coordinates": [ [ [ 15.087133780026099, 54.995278893864985, 0.0 ], [ 15.088813869257201, 54.994320136017635, 0.0 ], [ 15.08626933925019, 54.992107144757384, 0.0 ], [ 15.085862130699391, 54.991175807829379, 0.0 ], [ 15.082324471252027, 54.989353852332229, 0.0 ], [ 15.07631427735272, 54.987700821801155, 0.0 ], [ 15.07204476557207, 54.988088960620296, 0.0 ], [ 15.066660998725045, 54.989146320927304, 0.0 ], [ 15.066414090119164, 54.990404101014889, 0.0 ], [ 15.066090974979886, 54.99069546441175, 0.0 ], [ 15.065697791866931, 54.990481358578663, 0.0 ], [ 15.065858817370408, 54.990871724568592, 0.0 ], [ 15.065313587616064, 54.990816194878285, 0.0 ], [ 15.065993536687557, 54.990955993487901, 0.0 ], [ 15.066031865603323, 54.992075812551015, 0.0 ], [ 15.064196682890769, 54.991546068503283, 0.0 ], [ 15.064504438228317, 54.991974905158457, 0.0 ], [ 15.063769939386408, 54.991947825943988, 0.0 ], [ 15.063530046796615, 54.991659614328128, 0.0 ], [ 15.062638322229615, 54.992083927207631, 0.0 ], [ 15.065488536953165, 54.992259590507381, 0.0 ], [ 15.065473456704401, 54.992455721792282, 0.0 ], [ 15.066923952671541, 54.992258734105448, 0.0 ], [ 15.066594543015166, 54.992703982230587, 0.0 ], [ 15.065326949535608, 54.992550923757875, 0.0 ], [ 15.065905111738926, 54.993232785568303, 0.0 ], [ 15.064969850828589, 54.993508597933392, 0.0 ], [ 15.065234284622029, 54.993687474458682, 0.0 ], [ 15.065437643405028, 54.993446753026561, 0.0 ], [ 15.0681096635888, 54.993525277840973, 0.0 ], [ 15.066015758928033, 54.993345170764009, 0.0 ], [ 15.066031565978488, 54.992739997077521, 0.0 ], [ 15.068058535885269, 54.993001030736345, 0.0 ], [ 15.068136653604958, 54.992666666188263, 0.0 ], [ 15.070576291506381, 54.992788372295941, 0.0 ], [ 15.070606491960389, 54.993194012050417, 0.0 ], [ 15.069686898505314, 54.993100812474964, 0.0 ], [ 15.070422797776892, 54.993430513199144, 0.0 ], [ 15.069536801907605, 54.993769613081362, 0.0 ], [ 15.070836736460295, 54.994334283943743, 0.0 ], [ 15.071405565493096, 54.994189147428713, 0.0 ], [ 15.070834703743001, 54.99385215058085, 0.0 ], [ 15.071739806391257, 54.993994805479552, 0.0 ], [ 15.072574847998812, 54.993139403856993, 0.0 ], [ 15.071650713234899, 54.992908023794456, 0.0 ], [ 15.071471809043045, 54.992591560556981, 0.0 ], [ 15.071955011293786, 54.992527567405297, 0.0 ], [ 15.072087320990082, 54.992383297828162, 0.0 ], [ 15.070376051009095, 54.992522758336406, 0.0 ], [ 15.071048362126207, 54.992317778954813, 0.0 ], [ 15.070478826909296, 54.992223515090153, 0.0 ], [ 15.070473494755428, 54.991835433426587, 0.0 ], [ 15.073123582712844, 54.992073924676319, 0.0 ], [ 15.072667556498379, 54.991710138304015, 0.0 ], [ 15.071689542335717, 54.991823982029196, 0.0 ], [ 15.071577913612176, 54.991289145938147, 0.0 ], [ 15.074461098882335, 54.991348314030709, 0.0 ], [ 15.076070937977423, 54.991800543043269, 0.0 ], [ 15.076860266313242, 54.991443557758522, 0.0 ], [ 15.078005416248892, 54.991715526781135, 0.0 ], [ 15.077950065362042, 54.992002671097694, 0.0 ], [ 15.078826389634136, 54.991704238970804, 0.0 ], [ 15.077684405432729, 54.991384317409462, 0.0 ], [ 15.077687036482567, 54.991126729355777, 0.0 ], [ 15.078599226704531, 54.991098902635493, 0.0 ], [ 15.079037071838863, 54.991514081432662, 0.0 ], [ 15.082529674368274, 54.992138213437805, 0.0 ], [ 15.085547246009432, 54.993905319132693, 0.0 ], [ 15.087133780026099, 54.995278893864985, 0.0 ] ] ] } },
{ "type": "Feature", "properties": { "layer_id": "natura_designated_land", "label": "Natura 2000 designated land", "tooltip_title": "Source layer: Natura 2000 designated land", "tooltip_body": "Specially designated land areas.<br>Clipped to Bornholm DAGI Landsdel landmass." }, "geometry": { "type": "Polygon", "coordinates": [ [ [ 15.002191581205066, 55.000792474978738, 0.0 ], [ 15.001409542073693, 55.000760433696577, 0.0 ], [ 15.001191474626623, 55.000425570586792, 0.0 ], [ 15.001289678731851, 55.000034046835331, 0.0 ], [ 15.00197793951012, 54.999794580446803, 0.0 ], [ 15.000589622876896, 54.999355674079069, 0.0 ], [ 15.001451184099807, 54.999053026612657, 0.0 ], [ 15.001885288610662, 54.999259816034979, 0.0 ], [ 15.001576679175386, 54.999569983376844, 0.0 ], [ 15.002222252589885, 54.999656472587645, 0.0 ], [ 15.002314463795555, 54.999224973930119, 0.0 ], [ 15.000740654248446, 54.998671152620659, 0.0 ], [ 15.00398265273912, 54.998402976764311, 0.0 ], [ 15.003135457017853, 54.998683019220373, 0.0 ], [ 15.004840277070304, 54.998206024576582, 0.0 ], [ 15.005752937912446, 54.998564357290597, 0.0 ], [ 15.006556189118584, 54.998074418842954, 0.0 ], [ 15.008446502822542, 54.998553086016344, 0.0 ], [ 15.00929448334456, 54.998363660932633, 0.0 ], [ 15.009011308450292, 54.998250028841376, 0.0 ], [ 15.010067730267096, 54.998259322528007, 0.0 ], [ 15.010032307564504, 54.998040818878536, 0.0 ], [ 15.009139380702237, 54.998102641231135, 0.0 ], [ 15.009957231549219, 54.997850740497213, 0.0 ], [ 15.0102989556658, 54.998034621581489, 0.0 ], [ 15.009988365473545, 54.99849051090645, 0.0 ], [ 15.010774596624044, 54.998063969952767, 0.0 ], [ 15.009989959708435, 54.997662966845787, 0.0 ], [ 15.009066471753563, 54.997973031139963, 0.0 ], [ 15.008292674379376, 54.997880448964722, 0.0 ], [ 15.009442282183235, 54.997215704047676, 0.0 ], [ 15.007573969113075, 54.997952305967154, 0.0 ], [ 14.996971472645734, 54.998856775484754, 0.0 ], [ 14.997544011548035, 55.000019231156955, 0.0 ], [ 14.99709093425972, 55.000322612939982, 0.0 ], [ 14.997536404147294, 55.000613560354644, 0.0 ], [ 15.001839510162329, 55.001299322357902, 0.0 ], [ 15.002191581205066, 55.000792474978738, 0.0 ] ] ] } },
{ "type": "Feature", "properties": { "layer_id": "natura_designated_land", "label": "Natura 2000 designated land", "tooltip_title": "Source layer: Natura 2000 designated land", "tooltip_body": "Specially designated land areas.<br>Clipped to Bornholm DAGI Landsdel landmass." }, "geometry": { "type": "Polygon", "coordinates": [ [ [ 14.789618241687316, 55.054241655791735, 0.0 ], [ 14.79739993750808, 55.053992168499825, 0.0 ], [ 14.801864528835083, 55.052911591265641, 0.0 ], [ 14.80499099029033, 55.051566616867774, 0.0 ], [ 14.807265461009468, 55.051147222569881, 0.0 ], [ 14.807158469085641, 55.050968760613337, 0.0 ], [ 14.804398485428612, 55.051390735168226, 0.0 ], [ 14.801100702221714, 55.052830288767211, 0.0 ], [ 14.795273056099571, 55.053930769201493, 0.0 ], [ 14.790223547554543, 55.054164981111938, 0.0 ], [ 14.78475886001643, 55.053514943006853, 0.0 ], [ 14.784992823443057, 55.054524262470572, 0.0 ], [ 14.786167163580547, 55.054513274883533, 0.0 ], [ 14.786202546183034, 55.054745238204916, 0.0 ], [ 14.789666782155265, 55.054759110352364, 0.0 ], [ 14.789618241687316, 55.054241655791735, 0.0 ] ], [ [ 14.788949355350443, 55.05414985475899, 0.0 ], [ 14.78927624796677, 55.054167698188465, 0.0 ], [ 14.789522357769131, 55.054249403846022, 0.0 ], [ 14.788949355350443, 55.05414985475899, 0.0 ] ] ] } },
{ "type": "Feature", "properties": { "layer_id": "natura_designated_land", "label": "Natura 2000 designated land", "tooltip_title": "Source layer: Natura 2000 designated land", "tooltip_body": "Specially designated land areas.<br>Clipped to Bornholm DAGI Landsdel landmass." }, "geometry": { "type": "Polygon", "coordinates": [ [ [ 15.020128130835547, 55.070632454185308, 0.0 ], [ 15.020607036032656, 55.07001201381302, 0.0 ], [ 15.019101243798714, 55.069759916107138, 0.0 ], [ 15.018782160629639, 55.070664833332614, 0.0 ], [ 15.020128130835547, 55.070632454185308, 0.0 ] ] ] } },
{ "type": "Feature", "properties": { "layer_id": "natura_designated_land", "label": "Natura 2000 designated land", "tooltip_title": "Source layer: Natura 2000 designated land", "tooltip_body": "Specially designated land areas.<br>Clipped to Bornholm DAGI Landsdel landmass." }, "geometry": { "type": "Polygon", "coordinates": [ [ [ 15.052112580782298, 55.073487727331667, 0.0 ], [ 15.051624890169009, 55.073712918228694, 0.0 ], [ 15.052087610488133, 55.074314772100351, 0.0 ], [ 15.052527137115726, 55.073920241423117, 0.0 ], [ 15.052112580782298, 55.073487727331667, 0.0 ] ] ] } },
{ "type": "Feature", "properties": { "layer_id": "natura_designated_land", "label": "Natura 2000 designated land", "tooltip_title": "Source layer: Natura 2000 designated land", "tooltip_body": "Specially designated land areas.<br>Clipped to Bornholm DAGI Landsdel landmass." }, "geometry": { "type": "Polygon", "coordinates": [ [ [ 15.052627264299494, 55.073983297874378, 0.0 ], [ 15.052730018056087, 55.074585860316873, 0.0 ], [ 15.05411621304552, 55.07561504795045, 0.0 ], [ 15.053379617358797, 55.074542573573481, 0.0 ], [ 15.052627264299494, 55.073983297874378, 0.0 ] ] ] } },
{ "type": "Feature", "properties": { "layer_id": "natura_designated_land", "label": "Natura 2000 designated land", "tooltip_title": "Source layer: Natura 2000 designated land", "tooltip_body": "Specially designated land areas.<br>Clipped to Bornholm DAGI Landsdel landmass." }, "geometry": { "type": "Polygon", "coordinates": [ [ [ 15.077294449544366, 55.079535942419, 0.0 ], [ 15.077484152084249, 55.079002172267209, 0.0 ], [ 15.075247742896941, 55.078873225003342, 0.0 ], [ 15.074388125735823, 55.078884340139361, 0.0 ], [ 15.075212704401894, 55.078966700620697, 0.0 ], [ 15.075967864552188, 55.079909516866408, 0.0 ], [ 15.077294449544366, 55.079535942419, 0.0 ] ] ] } },
{ "type": "Feature", "properties": { "layer_id": "natura_designated_land", "label": "Natura 2000 designated land", "tooltip_title": "Source layer: Natura 2000 designated land", "tooltip_body": "Specially designated land areas.<br>Clipped to Bornholm DAGI Landsdel landmass." }, "geometry": { "type": "Polygon", "coordinates": [ [ [ 15.032988065441121, 55.08284546039058, 0.0 ], [ 15.031750064403225, 55.082612642355315, 0.0 ], [ 15.030786430604239, 55.082671069741316, 0.0 ], [ 15.032988065441121, 55.08284546039058, 0.0 ] ] ] } },
{ "type": "Feature", "properties": { "layer_id": "natura_designated_land", "label": "Natura 2000 designated land", "tooltip_title": "Source layer: Natura 2000 designated land", "tooltip_body": "Specially designated land areas.<br>Clipped to Bornholm DAGI Landsdel landmass." }, "geometry": { "type": "Polygon", "coordinates": [ [ [ 15.037138749081194, 55.08291098798076, 0.0 ], [ 15.037824262824675, 55.082768641225407, 0.0 ], [ 15.035945479660773, 55.083049753451917, 0.0 ], [ 15.035280571242543, 55.08332739192717, 0.0 ], [ 15.036085234365462, 55.083473250238114, 0.0 ], [ 15.037209014511497, 55.083208514402571, 0.0 ], [ 15.037138749081194, 55.08291098798076, 0.0 ] ] ] } },
{ "type": "Feature", "properties": { "layer_id": "natura_designated_land", "label": "Natura 2000 designated land", "tooltip_title": "Source layer: Natura 2000 designated land", "tooltip_body": "Specially designated land areas.<br>Clipped to Bornholm DAGI Landsdel landmass." }, "geometry": { "type": "Polygon", "coordinates": [ [ [ 15.095952853280247, 55.081174396689235, 0.0 ], [ 15.095546284804119, 55.081177490209583, 0.0 ], [ 15.096410612088071, 55.08044288517555, 0.0 ], [ 15.096770393850161, 55.079425205725379, 0.0 ], [ 15.096029340903863, 55.07938403417954, 0.0 ], [ 15.095220058228929, 55.078851406664292, 0.0 ], [ 15.091453042483353, 55.078873927720338, 0.0 ], [ 15.090848609159158, 55.079785802739814, 0.0 ], [ 15.09253174826053, 55.08184785894143, 0.0 ], [ 15.095853958972262, 55.081731420982422, 0.0 ], [ 15.095952853280247, 55.081174396689235, 0.0 ] ] ] } },
{ "type": "Feature", "properties": { "layer_id": "natura_designated_land", "label": "Natura 2000 designated land", "tooltip_title": "Source layer: Natura 2000 designated land", "tooltip_body": "Specially designated land areas.<br>Clipped to Bornholm DAGI Landsdel landmass." }, "geometry": { "type": "Polygon", "coordinates": [ [ [ 15.061080421398369, 55.08311914166854, 0.0 ], [ 15.062860257226362, 55.082508841214874, 0.0 ], [ 15.062131405304724, 55.082181752558121, 0.0 ], [ 15.064203374348763, 55.08036414247259, 0.0 ], [ 15.061320232974865, 55.079327161482475, 0.0 ], [ 15.059853972757455, 55.079240294620078, 0.0 ], [ 15.059736877443974, 55.0790778393851, 0.0 ], [ 15.059070049934236, 55.078977471582135, 0.0 ], [ 15.058741187943046, 55.078658922702722, 0.0 ], [ 15.057193024239599, 55.07890869870532, 0.0 ], [ 15.055774730033043, 55.080189367881111, 0.0 ], [ 15.057287978581689, 55.079819180766201, 0.0 ], [ 15.057773305114306, 55.080920803206382, 0.0 ], [ 15.056983312309901, 55.081132664840439, 0.0 ], [ 15.057799715530363, 55.081735979140454, 0.0 ], [ 15.057054872957442, 55.082089549618757, 0.0 ], [ 15.059489845245343, 55.083832404193259, 0.0 ], [ 15.061053968164867, 55.083477842377057, 0.0 ], [ 15.061627923353656, 55.083909807071315, 0.0 ], [ 15.061080421398369, 55.08311914166854, 0.0 ] ], [ [ 15.059533211437445, 55.079249328531986, 0.0 ], [ 15.059732741126641, 55.079294629640515, 0.0 ], [ 15.05965029643731, 55.079348236822518, 0.0 ], [ 15.059533211437445, 55.079249328531986, 0.0 ] ], [ [ 15.060479209932037, 55.079553263338966, 0.0 ], [ 15.060283414373018, 55.079599318196543, 0.0 ], [ 15.060300120843593, 55.079412682129799, 0.0 ], [ 15.060479209932037, 55.079553263338966, 0.0 ] ], [ [ 15.060080033129291, 55.083305827719371, 0.0 ], [ 15.059866437238705, 55.083529492605351, 0.0 ], [ 15.059393067146521, 55.083385264009429, 0.0 ], [ 15.059552413924967, 55.083149604860978, 0.0 ], [ 15.060080033129291, 55.083305827719371, 0.0 ] ], [ [ 15.058520676095473, 55.081593486231199, 0.0 ], [ 15.057880094771278, 55.081796542347753, 0.0 ], [ 15.057674529068326, 55.081143803179948, 0.0 ], [ 15.05819979777297, 55.081051652507178, 0.0 ], [ 15.058520676095473, 55.081593486231199, 0.0 ] ], [ [ 15.060429816065934, 55.081222523685497, 0.0 ], [ 15.061277637952884, 55.081337711774871, 0.0 ], [ 15.061441655899568, 55.082083251822255, 0.0 ], [ 15.061137363602271, 55.081950908908652, 0.0 ], [ 15.060429816065934, 55.081222523685497, 0.0 ] ], [ [ 15.061358329573451, 55.081260319397082, 0.0 ], [ 15.061077308498067, 55.080921533535978, 0.0 ], [ 15.061245785185479, 55.080851962887145, 0.0 ], [ 15.061358329573451, 55.081260319397082, 0.0 ] ], [ [ 15.058446583113641, 55.080746152309068, 0.0 ], [ 15.058067562128679, 55.07909720359887, 0.0 ], [ 15.058998556691028, 55.08004678021836, 0.0 ], [ 15.058865848565649, 55.080875551242663, 0.0 ], [ 15.058446583113641, 55.080746152309068, 0.0 ] ], [ [ 15.060716748749273, 55.080157490343815, 0.0 ], [ 15.061346482766194, 55.079535057400136, 0.0 ], [ 15.062157213572711, 55.079860579045835, 0.0 ], [ 15.061412508416799, 55.080604521821726, 0.0 ], [ 15.060716748749273, 55.080157490343815, 0.0 ] ] ] } },
{ "type": "Feature", "properties": { "layer_id": "natura_designated_land", "label": "Natura 2000 designated land", "tooltip_title": "Source layer: Natura 2000 designated land", "tooltip_body": "Specially designated land areas.<br>Clipped to Bornholm DAGI Landsdel landmass." }, "geometry": { "type": "Polygon", "coordinates": [ [ [ 15.106343029086611, 55.081679434168819, 0.0 ], [ 15.106092970735313, 55.07999834289285, 0.0 ], [ 15.105296452963795, 55.0799800662164, 0.0 ], [ 15.104682497963312, 55.079522791520922, 0.0 ], [ 15.103552094083039, 55.079766903970814, 0.0 ], [ 15.103434702523071, 55.080346877149786, 0.0 ], [ 15.102156569845565, 55.080500795766753, 0.0 ], [ 15.10275065673779, 55.081081471948067, 0.0 ], [ 15.104635860550905, 55.081248990820555, 0.0 ], [ 15.105706136076032, 55.081783501084217, 0.0 ], [ 15.106343029086611, 55.081679434168819, 0.0 ] ] ] } },
{ "type": "Feature", "properties": { "layer_id": "natura_designated_land", "label": "Natura 2000 designated land", "tooltip_title": "Source layer: Natura 2000 designated land", "tooltip_body": "Specially designated land areas.<br>Clipped to Bornholm DAGI Landsdel landmass." }, "geometry": { "type": "Polygon", "coordinates": [ [ [ 15.073313149998496, 55.083788859385166, 0.0 ], [ 15.074487936001301, 55.082450441782228, 0.0 ], [ 15.075043949197912, 55.082459065641451, 0.0 ], [ 15.075852781736256, 55.081945486821674, 0.0 ], [ 15.076014020725498, 55.081388192541439, 0.0 ], [ 15.075527384827875, 55.081009328856105, 0.0 ], [ 15.074481005404156, 55.080926892778336, 0.0 ], [ 15.074415990817402, 55.080545382329028, 0.0 ], [ 15.071967279775498, 55.080616517078099, 0.0 ], [ 15.071393001627836, 55.080213884732402, 0.0 ], [ 15.070803484362949, 55.080253425874069, 0.0 ], [ 15.071402719577705, 55.081660385162138, 0.0 ], [ 15.072513178465577, 55.081936421280318, 0.0 ], [ 15.073302806444271, 55.081484913107609, 0.0 ], [ 15.074767209085968, 55.081814782497105, 0.0 ], [ 15.073672302086539, 55.082816241546595, 0.0 ], [ 15.073721022417164, 55.082380086033758, 0.0 ], [ 15.073205273596853, 55.082269429016115, 0.0 ], [ 15.073510535095524, 55.081940624463947, 0.0 ], [ 15.071947300286872, 55.082902660090383, 0.0 ], [ 15.072335148487809, 55.083668575308629, 0.0 ], [ 15.073313149998496, 55.083788859385166, 0.0 ] ], [ [ 15.072706398142584, 55.080665397954391, 0.0 ], [ 15.072961157371719, 55.080741586389024, 0.0 ], [ 15.072684355406745, 55.080734100993958, 0.0 ], [ 15.072706398142584, 55.080665397954391, 0.0 ] ] ] } },
{ "type": "Feature", "properties": { "layer_id": "natura_designated_land", "label": "Natura 2000 designated land", "tooltip_title": "Source layer: Natura 2000 designated land", "tooltip_body": "Specially designated land areas.<br>Clipped to Bornholm DAGI Landsdel landmass." }, "geometry": { "type": "MultiPolygon", "coordinates": [ [ [ [ 15.027058115049183, 55.084891170618484, 0.0 ], [ 15.02749681356577, 55.085159130288126, 0.0 ], [ 15.02703541059179, 55.084835063380076, 0.0 ], [ 15.027568147079705, 55.084603578107675, 0.0 ], [ 15.029139706861935, 55.084650373796087, 0.0 ], [ 15.031598739686398, 55.08385061624324, 0.0 ], [ 15.031341337924314, 55.083655381125716, 0.0 ], [ 15.028531825371271, 55.08432995475772, 0.0 ], [ 15.026678104049831, 55.084267461345078, 0.0 ], [ 15.026240645818566, 55.08477779960532, 0.0 ], [ 15.028152776013524, 55.086050018236335, 0.0 ], [ 15.027058115049183, 55.084891170618484, 0.0 ] ] ], [ [ [ 15.028826253254708, 55.085888425544304, 0.0 ], [ 15.028935324843234, 55.0859657581546, 0.0 ], [ 15.028916145408658, 55.085930660601178, 0.0 ], [ 15.028826253254708, 55.085888425544304, 0.0 ] ] ] ] } },
{ "type": "Feature", "properties": { "layer_id": "natura_designated_land", "label": "Natura 2000 designated land", "tooltip_title": "Source layer: Natura 2000 designated land", "tooltip_body": "Specially designated land areas.<br>Clipped to Bornholm DAGI Landsdel landmass." }, "geometry": { "type": "Polygon", "coordinates": [ [ [ 15.08298935669575, 55.082656389180144, 0.0 ], [ 15.08361220381296, 55.083367871480455, 0.0 ], [ 15.084087690636251, 55.083326143629328, 0.0 ], [ 15.083375373388426, 55.082848083928525, 0.0 ], [ 15.08298935669575, 55.082656389180144, 0.0 ] ] ] } },
{ "type": "Feature", "properties": { "layer_id": "natura_designated_land", "label": "Natura 2000 designated land", "tooltip_title": "Source layer: Natura 2000 designated land", "tooltip_body": "Specially designated land areas.<br>Clipped to Bornholm DAGI Landsdel landmass." }, "geometry": { "type": "Polygon", "coordinates": [ [ [ 15.074974412234226, 55.083722451307949, 0.0 ], [ 15.07528528594576, 55.082600019095572, 0.0 ], [ 15.075613632987871, 55.082328539407186, 0.0 ], [ 15.074047218119476, 55.083140272041341, 0.0 ], [ 15.073556203673405, 55.083618640423978, 0.0 ], [ 15.074031904485052, 55.083860068598653, 0.0 ], [ 15.074974412234226, 55.083722451307949, 0.0 ] ] ] } },
{ "type": "Feature", "properties": { "layer_id": "natura_designated_land", "label": "Natura 2000 designated land", "tooltip_title": "Source layer: Natura 2000 designated land", "tooltip_body": "Specially designated land areas.<br>Clipped to Bornholm DAGI Landsdel landmass." }, "geometry": { "type": "Polygon", "coordinates": [ [ [ 15.068184529849866, 55.084805034418572, 0.0 ], [ 15.068212453936866, 55.083493889524448, 0.0 ], [ 15.066717491403812, 55.083526652321723, 0.0 ], [ 15.066628658141346, 55.083200806864184, 0.0 ], [ 15.066281932906527, 55.083172770001255, 0.0 ], [ 15.065207832548589, 55.083549364370093, 0.0 ], [ 15.06464087563092, 55.083296564739115, 0.0 ], [ 15.064972530040359, 55.082933955638097, 0.0 ], [ 15.064615186831668, 55.082824887524353, 0.0 ], [ 15.064187112677404, 55.083524940933287, 0.0 ], [ 15.065335073006041, 55.08383727936306, 0.0 ], [ 15.064972206303093, 55.084028607082956, 0.0 ], [ 15.065470092966699, 55.083904886807417, 0.0 ], [ 15.067004640330177, 55.084900394170575, 0.0 ], [ 15.068184529849866, 55.084805034418572, 0.0 ] ], [ [ 15.065810149459921, 55.083556793580236, 0.0 ], [ 15.066309830890722, 55.083281384718553, 0.0 ], [ 15.066464405925458, 55.083256099072074, 0.0 ], [ 15.066349069255352, 55.083667496018414, 0.0 ], [ 15.065810149459921, 55.083556793580236, 0.0 ] ] ] } },
{ "type": "Feature", "properties": { "layer_id": "natura_designated_land", "label": "Natura 2000 designated land", "tooltip_title": "Source layer: Natura 2000 designated land", "tooltip_body": "Specially designated land areas.<br>Clipped to Bornholm DAGI Landsdel landmass." }, "geometry": { "type": "Polygon", "coordinates": [ [ [ 15.093744000826179, 55.08382371547777, 0.0 ], [ 15.093705574620179, 55.083178394498646, 0.0 ], [ 15.092603431416013, 55.08272403618102, 0.0 ], [ 15.093190979051025, 55.084142799698064, 0.0 ], [ 15.093744000826179, 55.08382371547777, 0.0 ] ] ] } },
{ "type": "Feature", "properties": { "layer_id": "natura_designated_land", "label": "Natura 2000 designated land", "tooltip_title": "Source layer: Natura 2000 designated land", "tooltip_body": "Specially designated land areas.<br>Clipped to Bornholm DAGI Landsdel landmass." }, "geometry": { "type": "Polygon", "coordinates": [ [ [ 15.081060414210713, 55.084998578903999, 0.0 ], [ 15.082142518354882, 55.084484078084998, 0.0 ], [ 15.081568179989308, 55.083693683703778, 0.0 ], [ 15.08085680122049, 55.084147739558048, 0.0 ], [ 15.079989910333131, 55.083870701534131, 0.0 ], [ 15.081060414210713, 55.084998578903999, 0.0 ] ] ] } },
{ "type": "Feature", "properties": { "layer_id": "natura_designated_land", "label": "Natura 2000 designated land", "tooltip_title": "Source layer: Natura 2000 designated land", "tooltip_body": "Specially designated land areas.<br>Clipped to Bornholm DAGI Landsdel landmass." }, "geometry": { "type": "Polygon", "coordinates": [ [ [ 14.961365925731068, 55.089429226742411, 0.0 ], [ 14.961039673174083, 55.089489447811317, 0.0 ], [ 14.961893261381698, 55.091362787885011, 0.0 ], [ 14.962621675209583, 55.091085968998414, 0.0 ], [ 14.961365925731068, 55.089429226742411, 0.0 ] ] ] } },
{ "type": "Feature", "properties": { "layer_id": "natura_designated_land", "label": "Natura 2000 designated land", "tooltip_title": "Source layer: Natura 2000 designated land", "tooltip_body": "Specially designated land areas.<br>Clipped to Bornholm DAGI Landsdel landmass." }, "geometry": { "type": "Polygon", "coordinates": [ [ [ 15.066515958579036, 55.085723661940406, 0.0 ], [ 15.066235714471935, 55.085382597206639, 0.0 ], [ 15.065471756403264, 55.085843195876748, 0.0 ], [ 15.064366785321882, 55.085862842290226, 0.0 ], [ 15.064532930234819, 55.086577079353887, 0.0 ], [ 15.066515958579036, 55.085723661940406, 0.0 ] ] ] } },
{ "type": "Feature", "properties": { "layer_id": "natura_designated_land", "label": "Natura 2000 designated land", "tooltip_title": "Source layer: Natura 2000 designated land", "tooltip_body": "Specially designated land areas.<br>Clipped to Bornholm DAGI Landsdel landmass." }, "geometry": { "type": "Polygon", "coordinates": [ [ [ 15.064437804871469, 55.086615750323034, 0.0 ], [ 15.064222993277765, 55.085591097645207, 0.0 ], [ 15.064116840456904, 55.084256117148222, 0.0 ], [ 15.063292793644564, 55.084417224336647, 0.0 ], [ 15.063424143804715, 55.084998458194846, 0.0 ], [ 15.061791596874594, 55.085381716860816, 0.0 ], [ 15.063867252559358, 55.086847700553108, 0.0 ], [ 15.064437804871469, 55.086615750323034, 0.0 ] ], [ [ 15.063754800735019, 55.08546629512324, 0.0 ], [ 15.064066768825697, 55.085510842739254, 0.0 ], [ 15.063982401190303, 55.085609040106988, 0.0 ], [ 15.063754800735019, 55.08546629512324, 0.0 ] ], [ [ 15.063459453271836, 55.085202178323115, 0.0 ], [ 15.063676731320932, 55.085268377071692, 0.0 ], [ 15.063594726076008, 55.085342866197351, 0.0 ], [ 15.063459453271836, 55.085202178323115, 0.0 ] ] ] } },
{ "type": "Feature", "properties": { "layer_id": "natura_designated_land", "label": "Natura 2000 designated land", "tooltip_title": "Source layer: Natura 2000 designated land", "tooltip_body": "Specially designated land areas.<br>Clipped to Bornholm DAGI Landsdel landmass." }, "geometry": { "type": "Polygon", "coordinates": [ [ [ 15.035888848897754, 55.088361272845141, 0.0 ], [ 15.034902463509518, 55.087804147456765, 0.0 ], [ 15.033718417054144, 55.087631403093951, 0.0 ], [ 15.035888848897754, 55.088361272845141, 0.0 ] ] ] } },
{ "type": "Feature", "properties": { "layer_id": "natura_designated_land", "label": "Natura 2000 designated land", "tooltip_title": "Source layer: Natura 2000 designated land", "tooltip_body": "Specially designated land areas.<br>Clipped to Bornholm DAGI Landsdel landmass." }, "geometry": { "type": "Polygon", "coordinates": [ [ [ 15.078262409144825, 55.0864111964815, 0.0 ], [ 15.079469461369118, 55.086431039710043, 0.0 ], [ 15.078315064262364, 55.084641813152281, 0.0 ], [ 15.077570974045011, 55.084903940529799, 0.0 ], [ 15.077893304095529, 55.085457973265633, 0.0 ], [ 15.077095246612474, 55.084954751645668, 0.0 ], [ 15.078824754493692, 55.08367485783409, 0.0 ], [ 15.078964477068926, 55.082180627287769, 0.0 ], [ 15.078706193428328, 55.081482043908181, 0.0 ], [ 15.078240490048676, 55.081462972847071, 0.0 ], [ 15.076121157148647, 55.083413633749821, 0.0 ], [ 15.075991251509974, 55.084072241740643, 0.0 ], [ 15.075098678193033, 55.083797175795681, 0.0 ], [ 15.07401733743102, 55.084058440260982, 0.0 ], [ 15.074234962868857, 55.085205748929589, 0.0 ], [ 15.076583725294107, 55.085684168972818, 0.0 ], [ 15.076951700916677, 55.086814124905601, 0.0 ], [ 15.078262409144825, 55.0864111964815, 0.0 ] ], [ [ 15.074743432546759, 55.084776048863539, 0.0 ], [ 15.074827453310462, 55.084969931142588, 0.0 ], [ 15.074566211026834, 55.08511646005023, 0.0 ], [ 15.074444469128021, 55.084925504857715, 0.0 ], [ 15.074743432546759, 55.084776048863539, 0.0 ] ], [ [ 15.077380093640715, 55.083515774261954, 0.0 ], [ 15.078146708953206, 55.083589900498737, 0.0 ], [ 15.078434324625306, 55.083633924613459, 0.0 ], [ 15.077380093640715, 55.083515774261954, 0.0 ] ], [ [ 15.078267595244602, 55.085618666281817, 0.0 ], [ 15.078498940953622, 55.085590969599714, 0.0 ], [ 15.078445159642694, 55.085688277077047, 0.0 ], [ 15.078267595244602, 55.085618666281817, 0.0 ] ], [ [ 15.077386217351007, 55.083157778206953, 0.0 ], [ 15.077021342019812, 55.083076257997782, 0.0 ], [ 15.077091046536937, 55.0830226058021, 0.0 ], [ 15.077386217351007, 55.083157778206953, 0.0 ] ] ] } },
{ "type": "Feature", "properties": { "layer_id": "natura_designated_land", "label": "Natura 2000 designated land", "tooltip_title": "Source layer: Natura 2000 designated land", "tooltip_body": "Specially designated land areas.<br>Clipped to Bornholm DAGI Landsdel landmass." }, "geometry": { "type": "MultiPolygon", "coordinates": [ [ [ [ 15.081898371180619, 55.081006481830592, 0.0 ], [ 15.082638289130724, 55.081890395381805, 0.0 ], [ 15.083451256382306, 55.081709928674755, 0.0 ], [ 15.084275649228186, 55.082012475995398, 0.0 ], [ 15.084783454983777, 55.081686003787446, 0.0 ], [ 15.086134005735502, 55.081697908505987, 0.0 ], [ 15.085979350484976, 55.082188010426165, 0.0 ], [ 15.084242631180338, 55.083319656414332, 0.0 ], [ 15.085291486123394, 55.084350420231786, 0.0 ], [ 15.083781763779449, 55.084990334997798, 0.0 ], [ 15.085354364443477, 55.086493812417402, 0.0 ], [ 15.08588667929997, 55.086690459794838, 0.0 ], [ 15.086980630878715, 55.0865347693587, 0.0 ], [ 15.089392323628779, 55.083410043353375, 0.0 ], [ 15.089085045551361, 55.083288540785198, 0.0 ], [ 15.08707765059852, 55.084124004285556, 0.0 ], [ 15.085416904376139, 55.083149968883042, 0.0 ], [ 15.086808823103105, 55.083082347362939, 0.0 ], [ 15.08632308148859, 55.082922444445373, 0.0 ], [ 15.087285822240563, 55.082778640083525, 0.0 ], [ 15.087091762837439, 55.08259744037688, 0.0 ], [ 15.086190146039392, 55.082777966805303, 0.0 ], [ 15.087609304721596, 55.081807740473685, 0.0 ], [ 15.088271076932031, 55.081782550570125, 0.0 ], [ 15.087894454390671, 55.082223104841795, 0.0 ], [ 15.08862858071141, 55.082671574309217, 0.0 ], [ 15.087487621160577, 55.083021747616705, 0.0 ], [ 15.088318590438263, 55.083109510379174, 0.0 ], [ 15.088784651045279, 55.082483879792193, 0.0 ], [ 15.088607003981098, 55.08222957258991, 0.0 ], [ 15.090524573854589, 55.082320272143157, 0.0 ], [ 15.089724215760235, 55.080902414426838, 0.0 ], [ 15.088578118823364, 55.080583464676558, 0.0 ], [ 15.089715027198535, 55.080140306911318, 0.0 ], [ 15.089561575626783, 55.079845177730242, 0.0 ], [ 15.090605434470755, 55.079742463615872, 0.0 ], [ 15.090354608338705, 55.079459787139783, 0.0 ], [ 15.087125016446075, 55.078979898890793, 0.0 ], [ 15.087463345193948, 55.080356096724259, 0.0 ], [ 15.086522868001282, 55.080342507177022, 0.0 ], [ 15.086555353691033, 55.080859457493148, 0.0 ], [ 15.085141385259549, 55.081035755362535, 0.0 ], [ 15.084567884081631, 55.080708365273338, 0.0 ], [ 15.081898371180619, 55.081006481830592, 0.0 ] ], [ [ 15.0860243853929, 55.082917623334268, 0.0 ], [ 15.085769066124669, 55.083015318177395, 0.0 ], [ 15.085493234516399, 55.082976392015333, 0.0 ], [ 15.0860243853929, 55.082917623334268, 0.0 ] ] ], [ [ [ 15.081483090623063, 55.081300612979497, 0.0 ], [ 15.081423675498296, 55.081550505244309, 0.0 ], [ 15.082691289187942, 55.082636766498091, 0.0 ], [ 15.081618638090191, 55.08168764435937, 0.0 ], [ 15.081483090623063, 55.081300612979497, 0.0 ] ] ], [ [ [ 15.08173020432177, 55.081091967513679, 0.0 ], [ 15.081787392633485, 55.081028610402633, 0.0 ], [ 15.081569511546167, 55.081188692474036, 0.0 ], [ 15.08173020432177, 55.081091967513679, 0.0 ] ] ], [ [ [ 15.081569511546167, 55.081188692474036, 0.0 ], [ 15.081509248335168, 55.081228532349051, 0.0 ], [ 15.081483090623063, 55.081300612979497, 0.0 ], [ 15.081569511546167, 55.081188692474036, 0.0 ] ] ] ] } },
{ "type": "Feature", "properties": { "layer_id": "natura_designated_land", "label": "Natura 2000 designated land", "tooltip_title": "Source layer: Natura 2000 designated land", "tooltip_body": "Specially designated land areas.<br>Clipped to Bornholm DAGI Landsdel landmass." }, "geometry": { "type": "Polygon", "coordinates": [ [ [ 15.07907996487571, 55.087097089570605, 0.0 ], [ 15.081539484317451, 55.086853952146519, 0.0 ], [ 15.081100876177564, 55.086032510696789, 0.0 ], [ 15.07907996487571, 55.087097089570605, 0.0 ] ] ] } },
{ "type": "Feature", "properties": { "layer_id": "natura_designated_land", "label": "Natura 2000 designated land", "tooltip_title": "Source layer: Natura 2000 designated land", "tooltip_body": "Specially designated land areas.<br>Clipped to Bornholm DAGI Landsdel landmass." }, "geometry": { "type": "Polygon", "coordinates": [ [ [ 14.883666262305015, 55.097298634137417, 0.0 ], [ 14.882997454033436, 55.096644730712725, 0.0 ], [ 14.885002114529838, 55.096329201000877, 0.0 ], [ 14.88486473285678, 55.095412140629684, 0.0 ], [ 14.884139733292351, 55.095420326092736, 0.0 ], [ 14.883870344435058, 55.094785227169005, 0.0 ], [ 14.884676078070779, 55.094458051761023, 0.0 ], [ 14.884551754411676, 55.093867789632746, 0.0 ], [ 14.881212375543758, 55.093963260272965, 0.0 ], [ 14.88068829136564, 55.093815832099615, 0.0 ], [ 14.880189666544156, 55.092817303226525, 0.0 ], [ 14.878965895535739, 55.093034991354266, 0.0 ], [ 14.879202184796432, 55.093787004426979, 0.0 ], [ 14.878585019846595, 55.09386009660809, 0.0 ], [ 14.87905515251086, 55.095176932494617, 0.0 ], [ 14.878433755114129, 55.095221425914787, 0.0 ], [ 14.879096789740172, 55.097335581624911, 0.0 ], [ 14.881827693852491, 55.09682553190094, 0.0 ], [ 14.883035091366214, 55.097445691053899, 0.0 ], [ 14.883666262305015, 55.097298634137417, 0.0 ] ] ] } },
{ "type": "Feature", "properties": { "layer_id": "natura_designated_land", "label": "Natura 2000 designated land", "tooltip_title": "Source layer: Natura 2000 designated land", "tooltip_body": "Specially designated land areas.<br>Clipped to Bornholm DAGI Landsdel landmass." }, "geometry": { "type": "Polygon", "coordinates": [ [ [ 14.989806874686661, 55.092454309632714, 0.0 ], [ 14.990873581625891, 55.092264930520003, 0.0 ], [ 14.99156881888092, 55.092495077816352, 0.0 ], [ 14.992412348027868, 55.092094364258848, 0.0 ], [ 14.988156392797874, 55.091154374264697, 0.0 ], [ 14.989550874984108, 55.092833394713523, 0.0 ], [ 14.989806874686661, 55.092454309632714, 0.0 ] ] ] } },
{ "type": "Feature", "properties": { "layer_id": "natura_designated_land", "label": "Natura 2000 designated land", "tooltip_title": "Source layer: Natura 2000 designated land", "tooltip_body": "Specially designated land areas.<br>Clipped to Bornholm DAGI Landsdel landmass." }, "geometry": { "type": "Polygon", "coordinates": [ [ [ 15.022184052204382, 55.091640522597551, 0.0 ], [ 15.02236481681472, 55.09106939783188, 0.0 ], [ 15.022364252878164, 55.090823681203446, 0.0 ], [ 15.021842196952599, 55.091138627313633, 0.0 ], [ 15.022184052204382, 55.091640522597551, 0.0 ] ] ] } },
{ "type": "Feature", "properties": { "layer_id": "natura_designated_land", "label": "Natura 2000 designated land", "tooltip_title": "Source layer: Natura 2000 designated land", "tooltip_body": "Specially designated land areas.<br>Clipped to Bornholm DAGI Landsdel landmass." }, "geometry": { "type": "Polygon", "coordinates": [ [ [ 14.993662397183316, 55.092652128130091, 0.0 ], [ 14.992924790467153, 55.092737428129389, 0.0 ], [ 14.992188635547366, 55.093245543006923, 0.0 ], [ 14.993172172330141, 55.0932729564623, 0.0 ], [ 14.993662397183316, 55.092652128130091, 0.0 ] ] ] } },
{ "type": "Feature", "properties": { "layer_id": "natura_designated_land", "label": "Natura 2000 designated land", "tooltip_title": "Source layer: Natura 2000 designated land", "tooltip_body": "Specially designated land areas.<br>Clipped to Bornholm DAGI Landsdel landmass." }, "geometry": { "type": "Polygon", "coordinates": [ [ [ 15.025230041482907, 55.093058891946548, 0.0 ], [ 15.024920820030125, 55.092400369682295, 0.0 ], [ 15.023780086142068, 55.091742253759584, 0.0 ], [ 15.023523728644767, 55.09295530372443, 0.0 ], [ 15.024368220834463, 55.092537804403982, 0.0 ], [ 15.02435857265723, 55.092923376313145, 0.0 ], [ 15.025230041482907, 55.093058891946548, 0.0 ] ] ] } },
{ "type": "Feature", "properties": { "layer_id": "natura_designated_land", "label": "Natura 2000 designated land", "tooltip_title": "Source layer: Natura 2000 designated land", "tooltip_body": "Specially designated land areas.<br>Clipped to Bornholm DAGI Landsdel landmass." }, "geometry": { "type": "Polygon", "coordinates": [ [ [ 15.026193197714379, 55.093499867245612, 0.0 ], [ 15.025933277512832, 55.093172416569928, 0.0 ], [ 15.025455771818795, 55.093494350005741, 0.0 ], [ 15.02604103733424, 55.093412903434121, 0.0 ], [ 15.026140012446323, 55.093848174742178, 0.0 ], [ 15.026193197714379, 55.093499867245612, 0.0 ] ] ] } },
{ "type": "Feature", "properties": { "layer_id": "natura_designated_land", "label": "Natura 2000 designated land", "tooltip_title": "Source layer: Natura 2000 designated land", "tooltip_body": "Specially designated land areas.<br>Clipped to Bornholm DAGI Landsdel landmass." }, "geometry": { "type": "Polygon", "coordinates": [ [ [ 15.095764342454853, 55.090367269866363, 0.0 ], [ 15.096674010788879, 55.090041142905882, 0.0 ], [ 15.096155207201422, 55.089597973047823, 0.0 ], [ 15.095162304198526, 55.089593093161774, 0.0 ], [ 15.095764342454853, 55.090367269866363, 0.0 ] ] ] } },
{ "type": "Feature", "properties": { "layer_id": "natura_designated_land", "label": "Natura 2000 designated land", "tooltip_title": "Source layer: Natura 2000 designated land", "tooltip_body": "Specially designated land areas.<br>Clipped to Bornholm DAGI Landsdel landmass." }, "geometry": { "type": "Polygon", "coordinates": [ [ [ 14.880611059418708, 55.099640201950749, 0.0 ], [ 14.879350145242558, 55.099690225961716, 0.0 ], [ 14.881111126219963, 55.100832157574558, 0.0 ], [ 14.882936441147905, 55.101505967466245, 0.0 ], [ 14.88382534958364, 55.101185542666258, 0.0 ], [ 14.883461569231946, 55.10166265500947, 0.0 ], [ 14.883984785750568, 55.101895600840642, 0.0 ], [ 14.884846148237351, 55.101881832212108, 0.0 ], [ 14.884715478795442, 55.101366892672011, 0.0 ], [ 14.883923314750044, 55.101151774425603, 0.0 ], [ 14.884168384158214, 55.100958296826711, 0.0 ], [ 14.885028651898645, 55.101177985958913, 0.0 ], [ 14.885257367435416, 55.100958304882283, 0.0 ], [ 14.884019868367403, 55.100618367520504, 0.0 ], [ 14.889006555000524, 55.101911589373614, 0.0 ], [ 14.89016952656991, 55.100149903451431, 0.0 ], [ 14.891585547039853, 55.099814385307198, 0.0 ], [ 14.891153347546004, 55.095950741432354, 0.0 ], [ 14.887802707458409, 55.096073149878137, 0.0 ], [ 14.886956653038773, 55.096486147656073, 0.0 ], [ 14.88787423361293, 55.096132006129636, 0.0 ], [ 14.888414429417747, 55.096063256779736, 0.0 ], [ 14.886634806972046, 55.096614425169676, 0.0 ], [ 14.88695179000843, 55.097260684946029, 0.0 ], [ 14.888108805261409, 55.096873252251079, 0.0 ], [ 14.887809015126388, 55.096665378855491, 0.0 ], [ 14.887783956576765, 55.09692338851864, 0.0 ], [ 14.887238797653602, 55.096923734670675, 0.0 ], [ 14.887901621540413, 55.096312918315192, 0.0 ], [ 14.889896004841534, 55.09647205981863, 0.0 ], [ 14.888604587391143, 55.098188637523926, 0.0 ], [ 14.886775742842007, 55.098168342140468, 0.0 ], [ 14.888208405573884, 55.098585979770952, 0.0 ], [ 14.889061930218805, 55.098511367528005, 0.0 ], [ 14.888762773501547, 55.098864311705682, 0.0 ], [ 14.886496382834849, 55.098177282363885, 0.0 ], [ 14.882924444485097, 55.097895698783937, 0.0 ], [ 14.882994733400574, 55.0976839239813, 0.0 ], [ 14.884634564251821, 55.097704269756008, 0.0 ], [ 14.884147271421451, 55.097474875952301, 0.0 ], [ 14.884876493385933, 55.097260589953407, 0.0 ], [ 14.885485806505018, 55.097581451827381, 0.0 ], [ 14.886590033616407, 55.09663027145303, 0.0 ], [ 14.881201491293847, 55.097954826488632, 0.0 ], [ 14.882080034340547, 55.098157767466105, 0.0 ], [ 14.881462128859754, 55.098324999899475, 0.0 ], [ 14.881305953312824, 55.098742528272261, 0.0 ], [ 14.88071949727439, 55.098327733822025, 0.0 ], [ 14.880197950086551, 55.098513388447955, 0.0 ], [ 14.88063213421176, 55.09813310423197, 0.0 ], [ 14.878143669244741, 55.098703962332422, 0.0 ], [ 14.878159430476627, 55.09917233109126, 0.0 ], [ 14.880642710408569, 55.099441437750286, 0.0 ], [ 14.880611059418708, 55.099640201950749, 0.0 ] ], [ [ 14.880741199653029, 55.0994522471237, 0.0 ], [ 14.880870952224875, 55.099513417577505, 0.0 ], [ 14.880642710408569, 55.099441437750286, 0.0 ], [ 14.880741199653029, 55.0994522471237, 0.0 ] ], [ [ 14.886133446737585, 55.100499121412909, 0.0 ], [ 14.884963861153159, 55.100356001015584, 0.0 ], [ 14.885283581585997, 55.100169391340259, 0.0 ], [ 14.881709724039087, 55.099316220695066, 0.0 ], [ 14.881997461287376, 55.098606862146454, 0.0 ], [ 14.882634962300884, 55.098298753193028, 0.0 ], [ 14.883645066862016, 55.098702451606854, 0.0 ], [ 14.883597202614236, 55.098327636951112, 0.0 ], [ 14.887180042351334, 55.098793545975298, 0.0 ], [ 14.886863410234721, 55.099045628109309, 0.0 ], [ 14.887584217216002, 55.099943352908504, 0.0 ], [ 14.886775076426163, 55.100235740362585, 0.0 ], [ 14.885333931495119, 55.099452824288932, 0.0 ], [ 14.883082748363952, 55.099138279967882, 0.0 ], [ 14.886133446737585, 55.100499121412909, 0.0 ] ] ] } },
{ "type": "Feature", "properties": { "layer_id": "natura_designated_land", "label": "Natura 2000 designated land", "tooltip_title": "Source layer: Natura 2000 designated land", "tooltip_body": "Specially designated land areas.<br>Clipped to Bornholm DAGI Landsdel landmass." }, "geometry": { "type": "Polygon", "coordinates": [ [ [ 14.889376860141509, 55.101533949827292, 0.0 ], [ 14.888947992221823, 55.101995839533764, 0.0 ], [ 14.889763525915416, 55.102396973742522, 0.0 ], [ 14.89011343376538, 55.101893858303448, 0.0 ], [ 14.889376860141509, 55.101533949827292, 0.0 ] ] ] } },
{ "type": "Feature", "properties": { "layer_id": "natura_designated_land", "label": "Natura 2000 designated land", "tooltip_title": "Source layer: Natura 2000 designated land", "tooltip_body": "Specially designated land areas.<br>Clipped to Bornholm DAGI Landsdel landmass." }, "geometry": { "type": "MultiPolygon", "coordinates": [ [ [ [ 15.111999030096868, 55.091174708171842, 0.0 ], [ 15.115972362906911, 55.090880806021296, 0.0 ], [ 15.115576104309717, 55.09034758701408, 0.0 ], [ 15.116047856890075, 55.089773733302273, 0.0 ], [ 15.115221155685942, 55.090319742232673, 0.0 ], [ 15.113754425563961, 55.090412617712005, 0.0 ], [ 15.113339140271098, 55.089824825387694, 0.0 ], [ 15.112805891230204, 55.089769588225728, 0.0 ], [ 15.113118821000523, 55.089307492857237, 0.0 ], [ 15.112227571018579, 55.089427561180806, 0.0 ], [ 15.112943395007431, 55.090516221865876, 0.0 ], [ 15.111999030096868, 55.091174708171842, 0.0 ] ] ], [ [ [ 15.111999030096868, 55.091174708171842, 0.0 ], [ 15.111550513849862, 55.091392664138048, 0.0 ], [ 15.110974697504506, 55.091493105723501, 0.0 ], [ 15.1114991113818, 55.091445547700509, 0.0 ], [ 15.111999030096868, 55.091174708171842, 0.0 ] ] ] ] } },
{ "type": "Feature", "properties": { "layer_id": "natura_designated_land", "label": "Natura 2000 designated land", "tooltip_title": "Source layer: Natura 2000 designated land", "tooltip_body": "Specially designated land areas.<br>Clipped to Bornholm DAGI Landsdel landmass." }, "geometry": { "type": "MultiPolygon", "coordinates": [ [ [ [ 15.090394345050008, 55.090555682408812, 0.0 ], [ 15.092935587012459, 55.092394547008389, 0.0 ], [ 15.093724259659664, 55.092542282596256, 0.0 ], [ 15.09184175230785, 55.090319988674374, 0.0 ], [ 15.094916756016328, 55.089428647193323, 0.0 ], [ 15.094811283839766, 55.089108947002295, 0.0 ], [ 15.093530545018579, 55.089137843878675, 0.0 ], [ 15.090394345050008, 55.090555682408812, 0.0 ] ], [ [ 15.09194773910863, 55.090071267210433, 0.0 ], [ 15.092609115318231, 55.089715160835731, 0.0 ], [ 15.093290228411592, 55.089579674009457, 0.0 ], [ 15.09194773910863, 55.090071267210433, 0.0 ] ], [ [ 15.093743248135661, 55.089395801079277, 0.0 ], [ 15.093976338781088, 55.089250504632425, 0.0 ], [ 15.094310307454222, 55.089258134339183, 0.0 ], [ 15.094272621258597, 55.089340234212813, 0.0 ], [ 15.093934048399332, 55.089398285397301, 0.0 ], [ 15.093743248135661, 55.089395801079277, 0.0 ] ] ], [ [ [ 15.093944299681638, 55.089359422741978, 0.0 ], [ 15.094083934296467, 55.089335703958056, 0.0 ], [ 15.093816768120824, 55.089392334424467, 0.0 ], [ 15.093944299681638, 55.089359422741978, 0.0 ] ] ] ] } },
{ "type": "Feature", "properties": { "layer_id": "natura_designated_land", "label": "Natura 2000 designated land", "tooltip_title": "Source layer: Natura 2000 designated land", "tooltip_body": "Specially designated land areas.<br>Clipped to Bornholm DAGI Landsdel landmass." }, "geometry": { "type": "Polygon", "coordinates": [ [ [ 14.961150046962617, 55.098776480996129, 0.0 ], [ 14.962635837098759, 55.098732489843059, 0.0 ], [ 14.963199352895701, 55.097665946717655, 0.0 ], [ 14.962844791184214, 55.096988236527842, 0.0 ], [ 14.961008433408356, 55.096627168325071, 0.0 ], [ 14.960338263318729, 55.098342693968902, 0.0 ], [ 14.957629582835407, 55.098925811893629, 0.0 ], [ 14.960045593879892, 55.099661053440379, 0.0 ], [ 14.961150046962617, 55.098776480996129, 0.0 ] ], [ [ 14.961539579566146, 55.09781805234099, 0.0 ], [ 14.962070172547399, 55.097889371711247, 0.0 ], [ 14.961914256518149, 55.098298518201936, 0.0 ], [ 14.961557115899884, 55.098228659746184, 0.0 ], [ 14.961539579566146, 55.09781805234099, 0.0 ] ] ] } },
{ "type": "Feature", "properties": { "layer_id": "natura_designated_land", "label": "Natura 2000 designated land", "tooltip_title": "Source layer: Natura 2000 designated land", "tooltip_body": "Specially designated land areas.<br>Clipped to Bornholm DAGI Landsdel landmass." }, "geometry": { "type": "Polygon", "coordinates": [ [ [ 14.894601477484763, 55.103274092483908, 0.0 ], [ 14.895544171505149, 55.102323928547619, 0.0 ], [ 14.894756537419312, 55.102434270497206, 0.0 ], [ 14.893432772726467, 55.101865139504305, 0.0 ], [ 14.893462585050703, 55.102902491426597, 0.0 ], [ 14.894601477484763, 55.103274092483908, 0.0 ] ] ] } },
{ "type": "Feature", "properties": { "layer_id": "natura_designated_land", "label": "Natura 2000 designated land", "tooltip_title": "Source layer: Natura 2000 designated land", "tooltip_body": "Specially designated land areas.<br>Clipped to Bornholm DAGI Landsdel landmass." }, "geometry": { "type": "Polygon", "coordinates": [ [ [ 15.097101914286933, 55.092722006828751, 0.0 ], [ 15.098099887264611, 55.092857491035737, 0.0 ], [ 15.098549579879528, 55.093467297513193, 0.0 ], [ 15.099178252492582, 55.09351906327219, 0.0 ], [ 15.097560818076701, 55.091922609134656, 0.0 ], [ 15.095695706100793, 55.092421583284747, 0.0 ], [ 15.09694249092839, 55.093705060005043, 0.0 ], [ 15.097101914286933, 55.092722006828751, 0.0 ] ] ] } },
{ "type": "Feature", "properties": { "layer_id": "natura_designated_land", "label": "Natura 2000 designated land", "tooltip_title": "Source layer: Natura 2000 designated land", "tooltip_body": "Specially designated land areas.<br>Clipped to Bornholm DAGI Landsdel landmass." }, "geometry": { "type": "Polygon", "coordinates": [ [ [ 15.097711629379436, 55.093255724327165, 0.0 ], [ 15.097337604358733, 55.093789526307141, 0.0 ], [ 15.097897980209599, 55.094518724486171, 0.0 ], [ 15.099583275438988, 55.093922795862404, 0.0 ], [ 15.097711629379436, 55.093255724327165, 0.0 ] ] ] } },
{ "type": "Feature", "properties": { "layer_id": "natura_designated_land", "label": "Natura 2000 designated land", "tooltip_title": "Source layer: Natura 2000 designated land", "tooltip_body": "Specially designated land areas.<br>Clipped to Bornholm DAGI Landsdel landmass." }, "geometry": { "type": "Polygon", "coordinates": [ [ [ 14.944040501210761, 55.10201221315922, 0.0 ], [ 14.942855461747513, 55.100942463154233, 0.0 ], [ 14.941985715557841, 55.101253437743232, 0.0 ], [ 14.942760035767048, 55.101946635204399, 0.0 ], [ 14.943423304065227, 55.101794481908598, 0.0 ], [ 14.942865903417459, 55.102041476982485, 0.0 ], [ 14.943158930799136, 55.102303823926782, 0.0 ], [ 14.944040501210761, 55.10201221315922, 0.0 ] ] ] } },
{ "type": "Feature", "properties": { "layer_id": "natura_designated_land", "label": "Natura 2000 designated land", "tooltip_title": "Source layer: Natura 2000 designated land", "tooltip_body": "Specially designated land areas.<br>Clipped to Bornholm DAGI Landsdel landmass." }, "geometry": { "type": "Polygon", "coordinates": [ [ [ 15.045157214410748, 55.097264217601435, 0.0 ], [ 15.044133107246846, 55.097170926563926, 0.0 ], [ 15.043951803146358, 55.097561269408097, 0.0 ], [ 15.045181526785862, 55.097567206851828, 0.0 ], [ 15.045157214410748, 55.097264217601435, 0.0 ] ] ] } },
{ "type": "Feature", "properties": { "layer_id": "natura_designated_land", "label": "Natura 2000 designated land", "tooltip_title": "Source layer: Natura 2000 designated land", "tooltip_body": "Specially designated land areas.<br>Clipped to Bornholm DAGI Landsdel landmass." }, "geometry": { "type": "Polygon", "coordinates": [ [ [ 15.014558693499659, 55.097444135129628, 0.0 ], [ 15.016215588871219, 55.099278928426017, 0.0 ], [ 15.016870392437998, 55.099042483766361, 0.0 ], [ 15.015964240207648, 55.097600972327669, 0.0 ], [ 15.014558693499659, 55.097444135129628, 0.0 ] ] ] } },
{ "type": "Feature", "properties": { "layer_id": "natura_designated_land", "label": "Natura 2000 designated land", "tooltip_title": "Source layer: Natura 2000 designated land", "tooltip_body": "Specially designated land areas.<br>Clipped to Bornholm DAGI Landsdel landmass." }, "geometry": { "type": "Polygon", "coordinates": [ [ [ 15.096745150909117, 55.093532397340432, 0.0 ], [ 15.095196910100441, 55.093714495035506, 0.0 ], [ 15.094110243207425, 55.092602119739972, 0.0 ], [ 15.0933700443581, 55.092689698779139, 0.0 ], [ 15.094722667124465, 55.094228119030021, 0.0 ], [ 15.09534263366452, 55.094175378311604, 0.0 ], [ 15.096314512751858, 55.095192596702077, 0.0 ], [ 15.097365967854167, 55.095763441368447, 0.0 ], [ 15.098491389963511, 55.095444406111454, 0.0 ], [ 15.096745150909117, 55.093532397340432, 0.0 ] ], [ [ 15.096405917043294, 55.095101940752571, 0.0 ], [ 15.096006382922093, 55.094839077677314, 0.0 ], [ 15.095364657013723, 55.09404239371711, 0.0 ], [ 15.096405917043294, 55.095101940752571, 0.0 ] ] ] } },
{ "type": "Feature", "properties": { "layer_id": "natura_designated_land", "label": "Natura 2000 designated land", "tooltip_title": "Source layer: Natura 2000 designated land", "tooltip_body": "Specially designated land areas.<br>Clipped to Bornholm DAGI Landsdel landmass." }, "geometry": { "type": "Polygon", "coordinates": [ [ [ 14.964104772431112, 55.101220219514438, 0.0 ], [ 14.963098036386127, 55.101206100443804, 0.0 ], [ 14.963006768067682, 55.100677355298771, 0.0 ], [ 14.96119809103574, 55.100879879115546, 0.0 ], [ 14.962648099757059, 55.101810447611257, 0.0 ], [ 14.964984775899875, 55.102446172207515, 0.0 ], [ 14.965519719726531, 55.102136601908356, 0.0 ], [ 14.964104772431112, 55.101220219514438, 0.0 ] ] ] } },
{ "type": "Feature", "properties": { "layer_id": "natura_designated_land", "label": "Natura 2000 designated land", "tooltip_title": "Source layer: Natura 2000 designated land", "tooltip_body": "Specially designated land areas.<br>Clipped to Bornholm DAGI Landsdel landmass." }, "geometry": { "type": "Polygon", "coordinates": [ [ [ 14.987732244821471, 55.101891783509892, 0.0 ], [ 14.989645462238601, 55.101178633859185, 0.0 ], [ 14.990235354527462, 55.101297694100857, 0.0 ], [ 14.99191785841426, 55.100737755932563, 0.0 ], [ 14.990974705124939, 55.100445842269259, 0.0 ], [ 14.989829416741335, 55.100925709063404, 0.0 ], [ 14.989327268894952, 55.099991006296371, 0.0 ], [ 14.988689460387656, 55.099984850234684, 0.0 ], [ 14.988683756226576, 55.101061280916561, 0.0 ], [ 14.98728441471364, 55.101607281397854, 0.0 ], [ 14.987732244821471, 55.101891783509892, 0.0 ] ] ] } },
{ "type": "Feature", "properties": { "layer_id": "natura_designated_land", "label": "Natura 2000 designated land", "tooltip_title": "Source layer: Natura 2000 designated land", "tooltip_body": "Specially designated land areas.<br>Clipped to Bornholm DAGI Landsdel landmass." }, "geometry": { "type": "Polygon", "coordinates": [ [ [ 15.062931552047216, 55.098757376797231, 0.0 ], [ 15.062197076344475, 55.097660624179809, 0.0 ], [ 15.062252943725923, 55.097219052575504, 0.0 ], [ 15.062687757798125, 55.097586585435103, 0.0 ], [ 15.062529389594248, 55.096754315307521, 0.0 ], [ 15.06156280919965, 55.096774851546883, 0.0 ], [ 15.06198398681552, 55.0979002133883, 0.0 ], [ 15.061468721667771, 55.097980591012998, 0.0 ], [ 15.062023100305348, 55.098004714240361, 0.0 ], [ 15.062284843708532, 55.098707245397541, 0.0 ], [ 15.062931552047216, 55.098757376797231, 0.0 ] ] ] } },
{ "type": "Feature", "properties": { "layer_id": "natura_designated_land", "label": "Natura 2000 designated land", "tooltip_title": "Source layer: Natura 2000 designated land", "tooltip_body": "Specially designated land areas.<br>Clipped to Bornholm DAGI Landsdel landmass." }, "geometry": { "type": "Polygon", "coordinates": [ [ [ 15.11260893662651, 55.09496921314819, 0.0 ], [ 15.110360047415337, 55.093856399597001, 0.0 ], [ 15.110552281904116, 55.094753336921301, 0.0 ], [ 15.108314924234149, 55.094288070184248, 0.0 ], [ 15.108573207922563, 55.095040718650914, 0.0 ], [ 15.10956001402524, 55.095576453874664, 0.0 ], [ 15.110157373091864, 55.096446202202017, 0.0 ], [ 15.11088748770762, 55.096306494795861, 0.0 ], [ 15.11260893662651, 55.09496921314819, 0.0 ] ] ] } },
{ "type": "Feature", "properties": { "layer_id": "natura_designated_land", "label": "Natura 2000 designated land", "tooltip_title": "Source layer: Natura 2000 designated land", "tooltip_body": "Specially designated land areas.<br>Clipped to Bornholm DAGI Landsdel landmass." }, "geometry": { "type": "Polygon", "coordinates": [ [ [ 15.107548898251551, 55.095736637653744, 0.0 ], [ 15.107169875887649, 55.095772549619134, 0.0 ], [ 15.106719950650669, 55.097228615648802, 0.0 ], [ 15.107643598952345, 55.097097826044731, 0.0 ], [ 15.107480651203554, 55.096596096528501, 0.0 ], [ 15.108106665234441, 55.096533626847005, 0.0 ], [ 15.107548898251551, 55.095736637653744, 0.0 ] ] ] } },
{ "type": "Feature", "properties": { "layer_id": "natura_designated_land", "label": "Natura 2000 designated land", "tooltip_title": "Source layer: Natura 2000 designated land", "tooltip_body": "Specially designated land areas.<br>Clipped to Bornholm DAGI Landsdel landmass." }, "geometry": { "type": "Polygon", "coordinates": [ [ [ 14.94739592845268, 55.104832384054944, 0.0 ], [ 14.946587020737747, 55.105379987370647, 0.0 ], [ 14.946800438352444, 55.105981443623747, 0.0 ], [ 14.948697854938832, 55.105294790300789, 0.0 ], [ 14.94739592845268, 55.104832384054944, 0.0 ] ] ] } },
{ "type": "Feature", "properties": { "layer_id": "natura_designated_land", "label": "Natura 2000 designated land", "tooltip_title": "Source layer: Natura 2000 designated land", "tooltip_body": "Specially designated land areas.<br>Clipped to Bornholm DAGI Landsdel landmass." }, "geometry": { "type": "Polygon", "coordinates": [ [ [ 15.059966823170079, 55.099313156733785, 0.0 ], [ 15.059911547607152, 55.100359421494943, 0.0 ], [ 15.060349381827894, 55.100734185513275, 0.0 ], [ 15.0614007143392, 55.100744111674032, 0.0 ], [ 15.061335323189409, 55.099334028522755, 0.0 ], [ 15.059966823170079, 55.099313156733785, 0.0 ] ] ] } },
{ "type": "Feature", "properties": { "layer_id": "natura_designated_land", "label": "Natura 2000 designated land", "tooltip_title": "Source layer: Natura 2000 designated land", "tooltip_body": "Specially designated land areas.<br>Clipped to Bornholm DAGI Landsdel landmass." }, "geometry": { "type": "Polygon", "coordinates": [ [ [ 15.081892396613442, 55.099838811148402, 0.0 ], [ 15.092685487302248, 55.097025461434647, 0.0 ], [ 15.091516039443107, 55.095646631159383, 0.0 ], [ 15.090824947386217, 55.092995694620441, 0.0 ], [ 15.089412184190985, 55.093214695908323, 0.0 ], [ 15.088299699453026, 55.093819084695831, 0.0 ], [ 15.085189950897147, 55.094344846596513, 0.0 ], [ 15.085730861335172, 55.09514232003675, 0.0 ], [ 15.084767257785806, 55.094316023757777, 0.0 ], [ 15.080983275252818, 55.095161800316319, 0.0 ], [ 15.081540152233565, 55.095443397776492, 0.0 ], [ 15.080730759860066, 55.09795042361457, 0.0 ], [ 15.081390408242829, 55.098586677443905, 0.0 ], [ 15.080404884661903, 55.098472299835223, 0.0 ], [ 15.081892396613442, 55.099838811148402, 0.0 ] ], [ [ 15.085727108067152, 55.096667278305866, 0.0 ], [ 15.085320883827034, 55.096301639087933, 0.0 ], [ 15.085767221713382, 55.096148370026434, 0.0 ], [ 15.086088700019971, 55.096572091023333, 0.0 ], [ 15.085727108067152, 55.096667278305866, 0.0 ] ], [ [ 15.083976491935369, 55.095674802491168, 0.0 ], [ 15.084570773869864, 55.095540042787086, 0.0 ], [ 15.084420446664339, 55.096141174478802, 0.0 ], [ 15.084295257214633, 55.0961012747929, 0.0 ], [ 15.083976491935369, 55.095674802491168, 0.0 ] ], [ [ 15.090558744091243, 55.096869442580633, 0.0 ], [ 15.090126768428252, 55.096241612004277, 0.0 ], [ 15.09071006153669, 55.096913784630019, 0.0 ], [ 15.090558744091243, 55.096869442580633, 0.0 ] ] ] } },
{ "type": "Feature", "properties": { "layer_id": "natura_designated_land", "label": "Natura 2000 designated land", "tooltip_title": "Source layer: Natura 2000 designated land", "tooltip_body": "Specially designated land areas.<br>Clipped to Bornholm DAGI Landsdel landmass." }, "geometry": { "type": "Polygon", "coordinates": [ [ [ 15.005889817501048, 55.096501345912905, 0.0 ], [ 15.005235303356251, 55.096155000397111, 0.0 ], [ 15.00755523298589, 55.095216309976287, 0.0 ], [ 15.003500037728136, 55.094307774702166, 0.0 ], [ 15.002289942446719, 55.095447993219452, 0.0 ], [ 15.003350716525929, 55.096804554986178, 0.0 ], [ 14.995353302942718, 55.099706426184085, 0.0 ], [ 14.998864865979449, 55.103887647730254, 0.0 ], [ 15.000945465076082, 55.103234460203005, 0.0 ], [ 15.002242932757362, 55.103249607302835, 0.0 ], [ 15.004478342788895, 55.102645963777469, 0.0 ], [ 15.006528234646742, 55.103304063098179, 0.0 ], [ 15.006905898193221, 55.103912925430762, 0.0 ], [ 15.009839508740514, 55.104933020829179, 0.0 ], [ 15.012609649582965, 55.105339368983664, 0.0 ], [ 15.014029223401593, 55.104246911970939, 0.0 ], [ 15.015826180725686, 55.103456819427542, 0.0 ], [ 15.016442280983986, 55.100812016569705, 0.0 ], [ 15.015520338997172, 55.098575602301288, 0.0 ], [ 15.014220336627428, 55.097398610009748, 0.0 ], [ 15.005889817501048, 55.096501345912905, 0.0 ] ], [ [ 15.008514625624517, 55.096900166436463, 0.0 ], [ 15.008450490969384, 55.096896443634002, 0.0 ], [ 15.00853202808746, 55.096827406892288, 0.0 ], [ 15.008514625624517, 55.096900166436463, 0.0 ] ], [ [ 15.008981696596186, 55.097653905591223, 0.0 ], [ 15.008103449704384, 55.097345028506382, 0.0 ], [ 15.008473527682975, 55.096947672857567, 0.0 ], [ 15.009650098818051, 55.097072712647275, 0.0 ], [ 15.008981696596186, 55.097653905591223, 0.0 ] ], [ [ 15.010805277806195, 55.098214898288632, 0.0 ], [ 15.010207086456832, 55.097855213251499, 0.0 ], [ 15.010702907075885, 55.09718270545325, 0.0 ], [ 15.013777203377877, 55.097705693142629, 0.0 ], [ 15.01198680611337, 55.098288760794269, 0.0 ], [ 15.010805277806195, 55.098214898288632, 0.0 ] ] ] } },
{ "type": "Feature", "properties": { "layer_id": "natura_designated_land", "label": "Natura 2000 designated land", "tooltip_title": "Source layer: Natura 2000 designated land", "tooltip_body": "Specially designated land areas.<br>Clipped to Bornholm DAGI Landsdel landmass." }, "geometry": { "type": "Polygon", "coordinates": [ [ [ 14.881767322280551, 55.111220239583389, 0.0 ], [ 14.881788201338694, 55.112040782628739, 0.0 ], [ 14.883073546142475, 55.112061087884264, 0.0 ], [ 14.88312523365318, 55.111286487726652, 0.0 ], [ 14.881767322280551, 55.111220239583389, 0.0 ] ] ] } },
{ "type": "Feature", "properties": { "layer_id": "natura_designated_land", "label": "Natura 2000 designated land", "tooltip_title": "Source layer: Natura 2000 designated land", "tooltip_body": "Specially designated land areas.<br>Clipped to Bornholm DAGI Landsdel landmass." }, "geometry": { "type": "Polygon", "coordinates": [ [ [ 15.064834059992759, 55.102581266247398, 0.0 ], [ 15.06526143734261, 55.103807673960425, 0.0 ], [ 15.066038033773285, 55.103704199216622, 0.0 ], [ 15.065719309726472, 55.102653332287893, 0.0 ], [ 15.064834059992759, 55.102581266247398, 0.0 ] ] ] } },
{ "type": "Feature", "properties": { "layer_id": "natura_designated_land", "label": "Natura 2000 designated land", "tooltip_title": "Source layer: Natura 2000 designated land", "tooltip_body": "Specially designated land areas.<br>Clipped to Bornholm DAGI Landsdel landmass." }, "geometry": { "type": "Polygon", "coordinates": [ [ [ 14.950923089391448, 55.109037112688576, 0.0 ], [ 14.950506318199864, 55.108681794568312, 0.0 ], [ 14.951081759009774, 55.107575593026532, 0.0 ], [ 14.950814839625171, 55.106738647269836, 0.0 ], [ 14.949855467776255, 55.106037402996336, 0.0 ], [ 14.950276712864968, 55.105427610362362, 0.0 ], [ 14.949825797697891, 55.104966160122203, 0.0 ], [ 14.947344888473355, 55.105828167748903, 0.0 ], [ 14.947877422625577, 55.106227088882576, 0.0 ], [ 14.946636766232004, 55.106702943989468, 0.0 ], [ 14.945996975163284, 55.108068915842665, 0.0 ], [ 14.944372815096855, 55.108701382835036, 0.0 ], [ 14.944521911664875, 55.109457027999142, 0.0 ], [ 14.947194735330822, 55.110391613494095, 0.0 ], [ 14.950923089391448, 55.109037112688576, 0.0 ] ] ] } },
{ "type": "Feature", "properties": { "layer_id": "natura_designated_land", "label": "Natura 2000 designated land", "tooltip_title": "Source layer: Natura 2000 designated land", "tooltip_body": "Specially designated land areas.<br>Clipped to Bornholm DAGI Landsdel landmass." }, "geometry": { "type": "Polygon", "coordinates": [ [ [ 15.079250580718332, 55.104125979071149, 0.0 ], [ 15.079529039048362, 55.105576216684931, 0.0 ], [ 15.080556962974875, 55.105416249383502, 0.0 ], [ 15.079618778760876, 55.104124545971651, 0.0 ], [ 15.079250580718332, 55.104125979071149, 0.0 ] ] ] } },
{ "type": "Feature", "properties": { "layer_id": "natura_designated_land", "label": "Natura 2000 designated land", "tooltip_title": "Source layer: Natura 2000 designated land", "tooltip_body": "Specially designated land areas.<br>Clipped to Bornholm DAGI Landsdel landmass." }, "geometry": { "type": "Polygon", "coordinates": [ [ [ 14.90987686552003, 55.110469074579839, 0.0 ], [ 14.909770571449803, 55.111464684740461, 0.0 ], [ 14.909122036395708, 55.111984953588887, 0.0 ], [ 14.910199994965316, 55.113087483615743, 0.0 ], [ 14.91035945955066, 55.113987487258939, 0.0 ], [ 14.911036757228116, 55.113164259464916, 0.0 ], [ 14.910148591144386, 55.11227244537676, 0.0 ], [ 14.910604926208048, 55.11217768664261, 0.0 ], [ 14.910393246691465, 55.110478289414694, 0.0 ], [ 14.90987686552003, 55.110469074579839, 0.0 ] ] ] } },
{ "type": "Feature", "properties": { "layer_id": "natura_designated_land", "label": "Natura 2000 designated land", "tooltip_title": "Source layer: Natura 2000 designated land", "tooltip_body": "Specially designated land areas.<br>Clipped to Bornholm DAGI Landsdel landmass." }, "geometry": { "type": "Polygon", "coordinates": [ [ [ 14.90515316174325, 55.111930364595594, 0.0 ], [ 14.90722628396183, 55.112789906422499, 0.0 ], [ 14.908129070856845, 55.113516343748735, 0.0 ], [ 14.908295686685197, 55.114289014282932, 0.0 ], [ 14.908956661168613, 55.11378354786418, 0.0 ], [ 14.910275399858298, 55.11410786048878, 0.0 ], [ 14.910124082903657, 55.113101599521698, 0.0 ], [ 14.908932318184315, 55.111900191765521, 0.0 ], [ 14.907679157596245, 55.111578026314774, 0.0 ], [ 14.907545575308992, 55.111127692100567, 0.0 ], [ 14.906321250073761, 55.111235015511056, 0.0 ], [ 14.904669777083342, 55.10985835119488, 0.0 ], [ 14.903947982171704, 55.11012146149141, 0.0 ], [ 14.902938159569713, 55.109168285143099, 0.0 ], [ 14.902136967043777, 55.109437216389303, 0.0 ], [ 14.895714026972151, 55.105463619721121, 0.0 ], [ 14.895238484601622, 55.104666475103272, 0.0 ], [ 14.892442231277764, 55.10352344342337, 0.0 ], [ 14.894156687558866, 55.104514571066574, 0.0 ], [ 14.89370846127292, 55.104878543766709, 0.0 ], [ 14.894193945882986, 55.105262184411579, 0.0 ], [ 14.90201271320111, 55.109536417118576, 0.0 ], [ 14.903531124106392, 55.110578504881339, 0.0 ], [ 14.903675038285813, 55.111117608815526, 0.0 ], [ 14.904888628462336, 55.111413640097751, 0.0 ], [ 14.90515316174325, 55.111930364595594, 0.0 ] ] ] } },
{ "type": "Feature", "properties": { "layer_id": "natura_designated_land", "label": "Natura 2000 designated land", "tooltip_title": "Source layer: Natura 2000 designated land", "tooltip_body": "Specially designated land areas.<br>Clipped to Bornholm DAGI Landsdel landmass." }, "geometry": { "type": "Polygon", "coordinates": [ [ [ 14.838139981116852, 55.117583927946733, 0.0 ], [ 14.838925923778314, 55.116634620502175, 0.0 ], [ 14.837880537392481, 55.116581034920827, 0.0 ], [ 14.837879135890061, 55.11699490117779, 0.0 ], [ 14.837089771030151, 55.117106928438822, 0.0 ], [ 14.836836711306738, 55.11789384814054, 0.0 ], [ 14.838319205943863, 55.118098029987856, 0.0 ], [ 14.838139981116852, 55.117583927946733, 0.0 ] ], [ [ 14.838028860319893, 55.117217637026371, 0.0 ], [ 14.838435247320277, 55.117099629243867, 0.0 ], [ 14.838292355032433, 55.117240160134727, 0.0 ], [ 14.838028860319893, 55.117217637026371, 0.0 ] ], [ [ 14.837647158512588, 55.117361724398847, 0.0 ], [ 14.837965111452965, 55.117399716369626, 0.0 ], [ 14.837694275965518, 55.11745980931989, 0.0 ], [ 14.837647158512588, 55.117361724398847, 0.0 ] ] ] } },
{ "type": "Feature", "properties": { "layer_id": "natura_designated_land", "label": "Natura 2000 designated land", "tooltip_title": "Source layer: Natura 2000 designated land", "tooltip_body": "Specially designated land areas.<br>Clipped to Bornholm DAGI Landsdel landmass." }, "geometry": { "type": "Polygon", "coordinates": [ [ [ 14.91119246346361, 55.113608906238994, 0.0 ], [ 14.910848497529877, 55.114149370276422, 0.0 ], [ 14.912248333056256, 55.11461804362802, 0.0 ], [ 14.912432473083141, 55.114333640312807, 0.0 ], [ 14.91119246346361, 55.113608906238994, 0.0 ] ] ] } },
{ "type": "Feature", "properties": { "layer_id": "natura_designated_land", "label": "Natura 2000 designated land", "tooltip_title": "Source layer: Natura 2000 designated land", "tooltip_body": "Specially designated land areas.<br>Clipped to Bornholm DAGI Landsdel landmass." }, "geometry": { "type": "Polygon", "coordinates": [ [ [ 14.943114921733432, 55.111862724691967, 0.0 ], [ 14.942059170664079, 55.112265657530607, 0.0 ], [ 14.940467058277575, 55.113686884353953, 0.0 ], [ 14.941175325364391, 55.113916236660643, 0.0 ], [ 14.942903764583471, 55.112925312248308, 0.0 ], [ 14.94339164597395, 55.11243111373355, 0.0 ], [ 14.943114921733432, 55.111862724691967, 0.0 ] ] ] } },
{ "type": "Feature", "properties": { "layer_id": "natura_designated_land", "label": "Natura 2000 designated land", "tooltip_title": "Source layer: Natura 2000 designated land", "tooltip_body": "Specially designated land areas.<br>Clipped to Bornholm DAGI Landsdel landmass." }, "geometry": { "type": "Polygon", "coordinates": [ [ [ 15.075619724441689, 55.106849760758742, 0.0 ], [ 15.074531980842229, 55.103622249522907, 0.0 ], [ 15.072419350205605, 55.103392628059645, 0.0 ], [ 15.072291546403029, 55.103888731565803, 0.0 ], [ 15.073159682172411, 55.103953596881354, 0.0 ], [ 15.073826284560139, 55.104376188358707, 0.0 ], [ 15.073713228790508, 55.104905320206257, 0.0 ], [ 15.072715685259451, 55.105013917819925, 0.0 ], [ 15.073178627752382, 55.105873133047197, 0.0 ], [ 15.073681055254562, 55.105400863171894, 0.0 ], [ 15.074069976938622, 55.105787304618566, 0.0 ], [ 15.073523595629768, 55.106136829865584, 0.0 ], [ 15.074249506429862, 55.107425063113922, 0.0 ], [ 15.075619724441689, 55.106849760758742, 0.0 ] ], [ [ 15.073803174617582, 55.106276037616531, 0.0 ], [ 15.074045508154454, 55.106320904180386, 0.0 ], [ 15.073850994948817, 55.106351691961471, 0.0 ], [ 15.073803174617582, 55.106276037616531, 0.0 ] ], [ [ 15.074219664526595, 55.106275550889919, 0.0 ], [ 15.074357135204822, 55.106191325858894, 0.0 ], [ 15.074381832940675, 55.106252509133263, 0.0 ], [ 15.074219664526595, 55.106275550889919, 0.0 ] ] ] } },
{ "type": "Feature", "properties": { "layer_id": "natura_designated_land", "label": "Natura 2000 designated land", "tooltip_title": "Source layer: Natura 2000 designated land", "tooltip_body": "Specially designated land areas.<br>Clipped to Bornholm DAGI Landsdel landmass." }, "geometry": { "type": "Polygon", "coordinates": [ [ [ 14.961740859141795, 55.111805240414142, 0.0 ], [ 14.961209374246058, 55.111996628768004, 0.0 ], [ 14.96100214604151, 55.112830785785931, 0.0 ], [ 14.962732050225599, 55.113356779400164, 0.0 ], [ 14.961740859141795, 55.111805240414142, 0.0 ] ] ] } },
{ "type": "Feature", "properties": { "layer_id": "natura_designated_land", "label": "Natura 2000 designated land", "tooltip_title": "Source layer: Natura 2000 designated land", "tooltip_body": "Specially designated land areas.<br>Clipped to Bornholm DAGI Landsdel landmass." }, "geometry": { "type": "Polygon", "coordinates": [ [ [ 14.91389291986367, 55.115943399860079, 0.0 ], [ 14.914812162425045, 55.114901239790555, 0.0 ], [ 14.913803176725867, 55.115583206209969, 0.0 ], [ 14.912496863150498, 55.114616581680707, 0.0 ], [ 14.913088682511862, 55.115589102483277, 0.0 ], [ 14.91389291986367, 55.115943399860079, 0.0 ] ] ] } },
{ "type": "Feature", "properties": { "layer_id": "natura_designated_land", "label": "Natura 2000 designated land", "tooltip_title": "Source layer: Natura 2000 designated land", "tooltip_body": "Specially designated land areas.<br>Clipped to Bornholm DAGI Landsdel landmass." }, "geometry": { "type": "Polygon", "coordinates": [ [ [ 14.846854730324369, 55.118904579278485, 0.0 ], [ 14.8489295880492, 55.119051460142856, 0.0 ], [ 14.848690895388943, 55.117923556478026, 0.0 ], [ 14.847568209919469, 55.118133691662415, 0.0 ], [ 14.847098852156391, 55.118663380121248, 0.0 ], [ 14.846607958191544, 55.118450128368856, 0.0 ], [ 14.845692082106737, 55.118851999493693, 0.0 ], [ 14.845549521095935, 55.119077850465722, 0.0 ], [ 14.846585919068385, 55.119233676350696, 0.0 ], [ 14.846854730324369, 55.118904579278485, 0.0 ] ], [ [ 14.845968281061422, 55.118993789687636, 0.0 ], [ 14.846206952836681, 55.118921091681813, 0.0 ], [ 14.846096289492431, 55.119067462850062, 0.0 ], [ 14.845968281061422, 55.118993789687636, 0.0 ] ], [ [ 14.848539718625441, 55.11868633112681, 0.0 ], [ 14.848596409839915, 55.118368054880293, 0.0 ], [ 14.848649020179945, 55.118347293602511, 0.0 ], [ 14.848539718625441, 55.11868633112681, 0.0 ] ] ] } },
{ "type": "Feature", "properties": { "layer_id": "natura_designated_land", "label": "Natura 2000 designated land", "tooltip_title": "Source layer: Natura 2000 designated land", "tooltip_body": "Specially designated land areas.<br>Clipped to Bornholm DAGI Landsdel landmass." }, "geometry": { "type": "Polygon", "coordinates": [ [ [ 15.07852554111092, 55.107980689715305, 0.0 ], [ 15.077759437006849, 55.104520226812276, 0.0 ], [ 15.076991450525457, 55.104368282793409, 0.0 ], [ 15.076773246118533, 55.103848717281188, 0.0 ], [ 15.075965780193552, 55.103767344084318, 0.0 ], [ 15.076224794829619, 55.104539712285984, 0.0 ], [ 15.076795910329219, 55.104710063835853, 0.0 ], [ 15.076107003761106, 55.105548520970544, 0.0 ], [ 15.077110858103836, 55.107980940226817, 0.0 ], [ 15.07852554111092, 55.107980689715305, 0.0 ] ], [ [ 15.076784753124619, 55.105504700351489, 0.0 ], [ 15.077164061290159, 55.10582151521524, 0.0 ], [ 15.076844743074522, 55.105954304332002, 0.0 ], [ 15.076784753124619, 55.105504700351489, 0.0 ] ] ] } },
{ "type": "Feature", "properties": { "layer_id": "natura_designated_land", "label": "Natura 2000 designated land", "tooltip_title": "Source layer: Natura 2000 designated land", "tooltip_body": "Specially designated land areas.<br>Clipped to Bornholm DAGI Landsdel landmass." }, "geometry": { "type": "Polygon", "coordinates": [ [ [ 14.870286418262948, 55.118557101033893, 0.0 ], [ 14.870893939838405, 55.118672978700893, 0.0 ], [ 14.870701503372363, 55.118338988222078, 0.0 ], [ 14.870157678522807, 55.118175398947443, 0.0 ], [ 14.869474663296627, 55.116853421530969, 0.0 ], [ 14.869743002805524, 55.117995539349891, 0.0 ], [ 14.870286418262948, 55.118557101033893, 0.0 ] ], [ [ 14.870308817447663, 55.118491266453624, 0.0 ], [ 14.870404727010456, 55.118308773959043, 0.0 ], [ 14.870480690966135, 55.11850054806721, 0.0 ], [ 14.870308817447663, 55.118491266453624, 0.0 ] ] ] } },
{ "type": "Feature", "properties": { "layer_id": "natura_designated_land", "label": "Natura 2000 designated land", "tooltip_title": "Source layer: Natura 2000 designated land", "tooltip_body": "Specially designated land areas.<br>Clipped to Bornholm DAGI Landsdel landmass." }, "geometry": { "type": "Polygon", "coordinates": [ [ [ 14.950335776736535, 55.114074373454102, 0.0 ], [ 14.950549380164501, 55.113241990690454, 0.0 ], [ 14.950036851050301, 55.112674477527378, 0.0 ], [ 14.948739647409298, 55.113162858722418, 0.0 ], [ 14.948574383213364, 55.115066826621117, 0.0 ], [ 14.949171608368625, 55.115061349932319, 0.0 ], [ 14.950335776736535, 55.114074373454102, 0.0 ] ], [ [ 14.949419395854839, 55.114497940728988, 0.0 ], [ 14.948903785073785, 55.114259919842716, 0.0 ], [ 14.949638092269755, 55.114047128837804, 0.0 ], [ 14.949419395854839, 55.114497940728988, 0.0 ] ] ] } },
{ "type": "Feature", "properties": { "layer_id": "natura_designated_land", "label": "Natura 2000 designated land", "tooltip_title": "Source layer: Natura 2000 designated land", "tooltip_body": "Specially designated land areas.<br>Clipped to Bornholm DAGI Landsdel landmass." }, "geometry": { "type": "Polygon", "coordinates": [ [ [ 14.968240442969407, 55.114046540483187, 0.0 ], [ 14.967463787856101, 55.114147180045293, 0.0 ], [ 14.966703386404559, 55.112878758153656, 0.0 ], [ 14.964850542736883, 55.113248474817759, 0.0 ], [ 14.965911969486614, 55.115312597944374, 0.0 ], [ 14.967784888841413, 55.115164113603441, 0.0 ], [ 14.968240442969407, 55.114046540483187, 0.0 ] ], [ [ 14.966513095597456, 55.113718467539016, 0.0 ], [ 14.966489638882361, 55.113985217272692, 0.0 ], [ 14.966524753172676, 55.114052124187552, 0.0 ], [ 14.966415780456513, 55.113986442939499, 0.0 ], [ 14.966513095597456, 55.113718467539016, 0.0 ] ] ] } },
{ "type": "Feature", "properties": { "layer_id": "natura_designated_land", "label": "Natura 2000 designated land", "tooltip_title": "Source layer: Natura 2000 designated land", "tooltip_body": "Specially designated land areas.<br>Clipped to Bornholm DAGI Landsdel landmass." }, "geometry": { "type": "Polygon", "coordinates": [ [ [ 14.897528388825673, 55.119341868865931, 0.0 ], [ 14.89911834989077, 55.119055545640087, 0.0 ], [ 14.898646261713562, 55.118591844586817, 0.0 ], [ 14.898295139489669, 55.118824389543292, 0.0 ], [ 14.896187684764607, 55.118043015050581, 0.0 ], [ 14.895758415402518, 55.118247952254976, 0.0 ], [ 14.89637900497684, 55.118892882952217, 0.0 ], [ 14.893695133182074, 55.118057126924924, 0.0 ], [ 14.894588631285213, 55.118963717338708, 0.0 ], [ 14.896293394745152, 55.118953262581869, 0.0 ], [ 14.897528388825673, 55.119341868865931, 0.0 ] ], [ [ 14.89752448450111, 55.118781330459662, 0.0 ], [ 14.896847842282334, 55.118970534120486, 0.0 ], [ 14.896467607331608, 55.118563619040486, 0.0 ], [ 14.89752448450111, 55.118781330459662, 0.0 ] ] ] } },
{ "type": "Feature", "properties": { "layer_id": "natura_designated_land", "label": "Natura 2000 designated land", "tooltip_title": "Source layer: Natura 2000 designated land", "tooltip_body": "Specially designated land areas.<br>Clipped to Bornholm DAGI Landsdel landmass." }, "geometry": { "type": "Polygon", "coordinates": [ [ [ 14.917018436842389, 55.116291399242314, 0.0 ], [ 14.915966241180504, 55.116843717855666, 0.0 ], [ 14.924286897789045, 55.119769449388095, 0.0 ], [ 14.926027787796738, 55.12072614401454, 0.0 ], [ 14.926397188302163, 55.12056699843032, 0.0 ], [ 14.921707036365401, 55.118740171285175, 0.0 ], [ 14.917018436842389, 55.116291399242314, 0.0 ] ] ] } },
{ "type": "Feature", "properties": { "layer_id": "natura_designated_land", "label": "Natura 2000 designated land", "tooltip_title": "Source layer: Natura 2000 designated land", "tooltip_body": "Specially designated land areas.<br>Clipped to Bornholm DAGI Landsdel landmass." }, "geometry": { "type": "Polygon", "coordinates": [ [ [ 14.919069886419505, 55.123235957939215, 0.0 ], [ 14.918263140316407, 55.121973685415028, 0.0 ], [ 14.917933133464855, 55.121967375428916, 0.0 ], [ 14.917366350308908, 55.122448449941089, 0.0 ], [ 14.917481645108479, 55.123398680972052, 0.0 ], [ 14.919069886419505, 55.123235957939215, 0.0 ] ] ] } },
{ "type": "Feature", "properties": { "layer_id": "natura_designated_land", "label": "Natura 2000 designated land", "tooltip_title": "Source layer: Natura 2000 designated land", "tooltip_body": "Specially designated land areas.<br>Clipped to Bornholm DAGI Landsdel landmass." }, "geometry": { "type": "Polygon", "coordinates": [ [ [ 14.968184292392017, 55.119828568999601, 0.0 ], [ 14.969248425985597, 55.119859208320626, 0.0 ], [ 14.968831765040667, 55.119201637179891, 0.0 ], [ 14.967236330620825, 55.119911424816678, 0.0 ], [ 14.966497950322356, 55.1210148174764, 0.0 ], [ 14.967337620542368, 55.120776173681996, 0.0 ], [ 14.968184292392017, 55.119828568999601, 0.0 ] ] ] } },
{ "type": "Feature", "properties": { "layer_id": "natura_designated_land", "label": "Natura 2000 designated land", "tooltip_title": "Source layer: Natura 2000 designated land", "tooltip_body": "Specially designated land areas.<br>Clipped to Bornholm DAGI Landsdel landmass." }, "geometry": { "type": "Polygon", "coordinates": [ [ [ 14.976416858729836, 55.118680523757298, 0.0 ], [ 14.975907047957659, 55.11880539513605, 0.0 ], [ 14.975124366484389, 55.119959820654906, 0.0 ], [ 14.976544447518231, 55.121367680213787, 0.0 ], [ 14.978884073269416, 55.119897300191127, 0.0 ], [ 14.976416858729836, 55.118680523757298, 0.0 ] ] ] } },
{ "type": "Feature", "properties": { "layer_id": "natura_designated_land", "label": "Natura 2000 designated land", "tooltip_title": "Source layer: Natura 2000 designated land", "tooltip_body": "Specially designated land areas.<br>Clipped to Bornholm DAGI Landsdel landmass." }, "geometry": { "type": "Polygon", "coordinates": [ [ [ 14.963135386809766, 55.120395553558254, 0.0 ], [ 14.962720556011059, 55.120978837221699, 0.0 ], [ 14.961929918332709, 55.120524221386724, 0.0 ], [ 14.960555834296052, 55.121220756767116, 0.0 ], [ 14.961518606878711, 55.1217077960723, 0.0 ], [ 14.961460764398181, 55.122542717005075, 0.0 ], [ 14.963924859543939, 55.121695440729816, 0.0 ], [ 14.963135386809766, 55.120395553558254, 0.0 ] ] ] } },
{ "type": "Feature", "properties": { "layer_id": "natura_designated_land", "label": "Natura 2000 designated land", "tooltip_title": "Source layer: Natura 2000 designated land", "tooltip_body": "Specially designated land areas.<br>Clipped to Bornholm DAGI Landsdel landmass." }, "geometry": { "type": "Polygon", "coordinates": [ [ [ 14.90190849174307, 55.124471884915806, 0.0 ], [ 14.901083663748572, 55.12525295112561, 0.0 ], [ 14.901878048111628, 55.125800228395988, 0.0 ], [ 14.901930643933557, 55.126397982995982, 0.0 ], [ 14.902394900831002, 55.12633391665107, 0.0 ], [ 14.902545792837063, 55.125835548651956, 0.0 ], [ 14.901763546371294, 55.125207012822031, 0.0 ], [ 14.90190849174307, 55.124471884915806, 0.0 ] ] ] } },
{ "type": "Feature", "properties": { "layer_id": "natura_designated_land", "label": "Natura 2000 designated land", "tooltip_title": "Source layer: Natura 2000 designated land", "tooltip_body": "Specially designated land areas.<br>Clipped to Bornholm DAGI Landsdel landmass." }, "geometry": { "type": "Polygon", "coordinates": [ [ [ 14.889251345496238, 55.12801063951926, 0.0 ], [ 14.890212392281404, 55.128128207981739, 0.0 ], [ 14.890286087491409, 55.127558023980619, 0.0 ], [ 14.886858541084012, 55.12814896837245, 0.0 ], [ 14.887079548925771, 55.128381372612232, 0.0 ], [ 14.889251345496238, 55.12801063951926, 0.0 ] ] ] } },
{ "type": "Feature", "properties": { "layer_id": "natura_designated_land", "label": "Natura 2000 designated land", "tooltip_title": "Source layer: Natura 2000 designated land", "tooltip_body": "Specially designated land areas.<br>Clipped to Bornholm DAGI Landsdel landmass." }, "geometry": { "type": "MultiPolygon", "coordinates": [ [ [ [ 14.945107408303633, 55.12495471676219, 0.0 ], [ 14.944815743220847, 55.125690077698202, 0.0 ], [ 14.9473456807776, 55.125147158292116, 0.0 ], [ 14.946742066724193, 55.12361524788578, 0.0 ], [ 14.942844771677654, 55.122728488213966, 0.0 ], [ 14.942988740349778, 55.122931903982241, 0.0 ], [ 14.939261433155261, 55.124178148817656, 0.0 ], [ 14.938587274704886, 55.124814221857108, 0.0 ], [ 14.939240271905673, 55.125837126636483, 0.0 ], [ 14.938491275281406, 55.12634580092751, 0.0 ], [ 14.938538255211869, 55.127729267564753, 0.0 ], [ 14.939542124227881, 55.127353805015559, 0.0 ], [ 14.940710754362339, 55.127684416089615, 0.0 ], [ 14.940954480111452, 55.12809762118092, 0.0 ], [ 14.942268375348299, 55.127481469734562, 0.0 ], [ 14.944076510940162, 55.127124471972721, 0.0 ], [ 14.944429296668833, 55.126696925714235, 0.0 ], [ 14.945192474125612, 55.128061783656754, 0.0 ], [ 14.944272428999213, 55.128002406936076, 0.0 ], [ 14.94413867338733, 55.128240196884384, 0.0 ], [ 14.945464695674607, 55.128578001209554, 0.0 ], [ 14.945934149010904, 55.128234300618395, 0.0 ], [ 14.94587569299205, 55.127580790050217, 0.0 ], [ 14.946889724887065, 55.127747437164807, 0.0 ], [ 14.947436066780972, 55.127221019756234, 0.0 ], [ 14.945963530569163, 55.126860527657314, 0.0 ], [ 14.945828119381257, 55.126039310077338, 0.0 ], [ 14.944999375212861, 55.1258933784286, 0.0 ], [ 14.944547075644069, 55.125436023257549, 0.0 ], [ 14.944615460520957, 55.125180606724349, 0.0 ], [ 14.945107408303633, 55.12495471676219, 0.0 ] ], [ [ 14.945135520720742, 55.124910526168748, 0.0 ], [ 14.944722038837789, 55.123781032678316, 0.0 ], [ 14.942636955245757, 55.123370490216899, 0.0 ], [ 14.943663576738873, 55.123225082115752, 0.0 ], [ 14.944905960696792, 55.123521886339439, 0.0 ], [ 14.945652252961047, 55.124279441014359, 0.0 ], [ 14.945135520720742, 55.124910526168748, 0.0 ] ], [ [ 14.939456308104999, 55.125159090559634, 0.0 ], [ 14.939582911730771, 55.125358184534349, 0.0 ], [ 14.939342184064838, 55.125169534045376, 0.0 ], [ 14.939456308104999, 55.125159090559634, 0.0 ] ], [ [ 14.93915886573256, 55.124958960034149, 0.0 ], [ 14.94008598578257, 55.124244548887695, 0.0 ], [ 14.940453652240588, 55.124130698597163, 0.0 ], [ 14.940796049602069, 55.123765665773249, 0.0 ], [ 14.940636072064796, 55.124496050623137, 0.0 ], [ 14.93915886573256, 55.124958960034149, 0.0 ] ], [ [ 14.940996988388047, 55.123796004202141, 0.0 ], [ 14.940967027396445, 55.123692332022692, 0.0 ], [ 14.94104157899929, 55.123676363910107, 0.0 ], [ 14.940996988388047, 55.123796004202141, 0.0 ] ], [ [ 14.94077294838201, 55.124342704147651, 0.0 ], [ 14.940852065817422, 55.124451992366318, 0.0 ], [ 14.940718956570542, 55.124454993150906, 0.0 ], [ 14.94077294838201, 55.124342704147651, 0.0 ] ], [ [ 14.939686713419304, 55.12508201758957, 0.0 ], [ 14.939849995696532, 55.125038027615652, 0.0 ], [ 14.939825028790802, 55.125109524154048, 0.0 ], [ 14.939686713419304, 55.12508201758957, 0.0 ] ] ], [ [ [ 14.942938797115183, 55.127652661762625, 0.0 ], [ 14.942371440918926, 55.127544190898838, 0.0 ], [ 14.942178540241345, 55.127611933120832, 0.0 ], [ 14.942938797115183, 55.127652661762625, 0.0 ] ] ] ] } },
{ "type": "Feature", "properties": { "layer_id": "natura_designated_land", "label": "Natura 2000 designated land", "tooltip_title": "Source layer: Natura 2000 designated land", "tooltip_body": "Specially designated land areas.<br>Clipped to Bornholm DAGI Landsdel landmass." }, "geometry": { "type": "Polygon", "coordinates": [ [ [ 14.900263442562901, 55.131493239004406, 0.0 ], [ 14.898702457882425, 55.131610771452102, 0.0 ], [ 14.898347700996725, 55.130966260724286, 0.0 ], [ 14.897551051573991, 55.131090422909537, 0.0 ], [ 14.897848829954508, 55.131643985813895, 0.0 ], [ 14.897258720641911, 55.131762430705287, 0.0 ], [ 14.897707184690285, 55.132269242048793, 0.0 ], [ 14.900315075267484, 55.131924998421532, 0.0 ], [ 14.900263442562901, 55.131493239004406, 0.0 ] ], [ [ 14.897974627315898, 55.131094276496306, 0.0 ], [ 14.898326409205628, 55.131256159896026, 0.0 ], [ 14.898174452907693, 55.131432126821856, 0.0 ], [ 14.897801578157132, 55.131324753108878, 0.0 ], [ 14.897974627315898, 55.131094276496306, 0.0 ] ] ] } },
{ "type": "Feature", "properties": { "layer_id": "natura_designated_land", "label": "Natura 2000 designated land", "tooltip_title": "Source layer: Natura 2000 designated land", "tooltip_body": "Specially designated land areas.<br>Clipped to Bornholm DAGI Landsdel landmass." }, "geometry": { "type": "MultiPolygon", "coordinates": [ [ [ [ 14.936794641837679, 55.128729790820074, 0.0 ], [ 14.93953459533242, 55.130191857763123, 0.0 ], [ 14.940624391630379, 55.130238490758153, 0.0 ], [ 14.940455909244537, 55.129757475228971, 0.0 ], [ 14.94002942578663, 55.13012120234859, 0.0 ], [ 14.939427870068917, 55.130043073558795, 0.0 ], [ 14.937827666743438, 55.12900153231417, 0.0 ], [ 14.936794641837679, 55.128729790820074, 0.0 ] ] ], [ [ [ 14.93682842946933, 55.128636549141369, 0.0 ], [ 14.936439639258833, 55.127812784404135, 0.0 ], [ 14.935247984464899, 55.12747701639006, 0.0 ], [ 14.936515485338244, 55.128230482829053, 0.0 ], [ 14.93682842946933, 55.128636549141369, 0.0 ] ] ], [ [ [ 14.93972702548113, 55.129603882450894, 0.0 ], [ 14.940149975117128, 55.12950914669338, 0.0 ], [ 14.93925012745775, 55.129459949326154, 0.0 ], [ 14.93972702548113, 55.129603882450894, 0.0 ] ] ], [ [ [ 14.940391496204171, 55.129699091791828, 0.0 ], [ 14.940334385890049, 55.129695542689376, 0.0 ], [ 14.94042233627739, 55.129732379233097, 0.0 ], [ 14.940391496204171, 55.129699091791828, 0.0 ] ] ] ] } },
{ "type": "Feature", "properties": { "layer_id": "natura_designated_land", "label": "Natura 2000 designated land", "tooltip_title": "Source layer: Natura 2000 designated land", "tooltip_body": "Specially designated land areas.<br>Clipped to Bornholm DAGI Landsdel landmass." }, "geometry": { "type": "Polygon", "coordinates": [ [ [ 14.911860883693191, 55.131999897469868, 0.0 ], [ 14.911962150197425, 55.128960162932145, 0.0 ], [ 14.910357678047676, 55.127329402789542, 0.0 ], [ 14.9095237672929, 55.12790782794729, 0.0 ], [ 14.910875665858528, 55.13041948036706, 0.0 ], [ 14.910874192617639, 55.131120593455265, 0.0 ], [ 14.910161550099208, 55.131856292290195, 0.0 ], [ 14.911860883693191, 55.131999897469868, 0.0 ] ] ] } },
{ "type": "Feature", "properties": { "layer_id": "natura_designated_land", "label": "Natura 2000 designated land", "tooltip_title": "Source layer: Natura 2000 designated land", "tooltip_body": "Specially designated land areas.<br>Clipped to Bornholm DAGI Landsdel landmass." }, "geometry": { "type": "Polygon", "coordinates": [ [ [ 14.933760926224174, 55.131260129449537, 0.0 ], [ 14.933885042948607, 55.13079347844576, 0.0 ], [ 14.932588195086495, 55.130331968602739, 0.0 ], [ 14.932596991362798, 55.130727145769647, 0.0 ], [ 14.933760926224174, 55.131260129449537, 0.0 ] ] ] } },
{ "type": "Feature", "properties": { "layer_id": "natura_designated_land", "label": "Natura 2000 designated land", "tooltip_title": "Source layer: Natura 2000 designated land", "tooltip_body": "Specially designated land areas.<br>Clipped to Bornholm DAGI Landsdel landmass." }, "geometry": { "type": "Polygon", "coordinates": [ [ [ 14.948967061287885, 55.130069975760719, 0.0 ], [ 14.947103291012892, 55.130204741267853, 0.0 ], [ 14.947207960529099, 55.131689595627471, 0.0 ], [ 14.948892484564354, 55.131407717068583, 0.0 ], [ 14.948967061287885, 55.130069975760719, 0.0 ] ] ] } },
{ "type": "Feature", "properties": { "layer_id": "natura_designated_land", "label": "Natura 2000 designated land", "tooltip_title": "Source layer: Natura 2000 designated land", "tooltip_body": "Specially designated land areas.<br>Clipped to Bornholm DAGI Landsdel landmass." }, "geometry": { "type": "Polygon", "coordinates": [ [ [ 14.899121433930947, 55.135553787977727, 0.0 ], [ 14.897574709089277, 55.135680313359927, 0.0 ], [ 14.898349625660918, 55.136137704676102, 0.0 ], [ 14.899759230920791, 55.136300570229629, 0.0 ], [ 14.899121433930947, 55.135553787977727, 0.0 ] ] ] } },
{ "type": "Feature", "properties": { "layer_id": "natura_designated_land", "label": "Natura 2000 designated land", "tooltip_title": "Source layer: Natura 2000 designated land", "tooltip_body": "Specially designated land areas.<br>Clipped to Bornholm DAGI Landsdel landmass." }, "geometry": { "type": "Polygon", "coordinates": [ [ [ 14.940923015458832, 55.132983128519633, 0.0 ], [ 14.9398466796885, 55.133463789194337, 0.0 ], [ 14.940267415322516, 55.133127341427645, 0.0 ], [ 14.939047357192591, 55.132880225099662, 0.0 ], [ 14.938922679189847, 55.132558115107798, 0.0 ], [ 14.939390702017903, 55.132442738588054, 0.0 ], [ 14.937367570963433, 55.130883857796952, 0.0 ], [ 14.936844772062695, 55.130793173129867, 0.0 ], [ 14.939792274817904, 55.134379647420459, 0.0 ], [ 14.941739943115058, 55.133948304140603, 0.0 ], [ 14.940923015458832, 55.132983128519633, 0.0 ] ], [ [ 14.937740278545155, 55.131790133363495, 0.0 ], [ 14.938136060009677, 55.13161397566801, 0.0 ], [ 14.938481881327139, 55.132378406375416, 0.0 ], [ 14.937740278545155, 55.131790133363495, 0.0 ] ] ] } },
{ "type": "Feature", "properties": { "layer_id": "natura_designated_land", "label": "Natura 2000 designated land", "tooltip_title": "Source layer: Natura 2000 designated land", "tooltip_body": "Specially designated land areas.<br>Clipped to Bornholm DAGI Landsdel landmass." }, "geometry": { "type": "MultiPolygon", "coordinates": [ [ [ [ 14.920919962315061, 55.135429883959027, 0.0 ], [ 14.919390640676381, 55.134152895893699, 0.0 ], [ 14.917923526385648, 55.134528849238677, 0.0 ], [ 14.918823693410788, 55.135452324924479, 0.0 ], [ 14.918451780462117, 55.134656698712966, 0.0 ], [ 14.919588875194107, 55.134526715202817, 0.0 ], [ 14.919795323411469, 55.135656981476131, 0.0 ], [ 14.920919962315061, 55.135429883959027, 0.0 ] ] ], [ [ [ 14.918957204616188, 55.135678832098712, 0.0 ], [ 14.918913279191555, 55.135707518870944, 0.0 ], [ 14.918951268261182, 55.135756466710063, 0.0 ], [ 14.918957204616188, 55.135678832098712, 0.0 ] ] ] ] } },
{ "type": "Feature", "properties": { "layer_id": "natura_designated_land", "label": "Natura 2000 designated land", "tooltip_title": "Source layer: Natura 2000 designated land", "tooltip_body": "Specially designated land areas.<br>Clipped to Bornholm DAGI Landsdel landmass." }, "geometry": { "type": "Polygon", "coordinates": [ [ [ 14.948643503050569, 55.132475808917114, 0.0 ], [ 14.944485634758264, 55.133399445963931, 0.0 ], [ 14.945539245282385, 55.135380415782443, 0.0 ], [ 14.949721327089494, 55.134489682809168, 0.0 ], [ 14.948643503050569, 55.132475808917114, 0.0 ] ] ] } },
{ "type": "Feature", "properties": { "layer_id": "natura_designated_land", "label": "Natura 2000 designated land", "tooltip_title": "Source layer: Natura 2000 designated land", "tooltip_body": "Specially designated land areas.<br>Clipped to Bornholm DAGI Landsdel landmass." }, "geometry": { "type": "Polygon", "coordinates": [ [ [ 14.882346807242229, 55.139531191335657, 0.0 ], [ 14.883153870736201, 55.138756069615503, 0.0 ], [ 14.884022661021607, 55.138351402173932, 0.0 ], [ 14.883924929502152, 55.13797445015463, 0.0 ], [ 14.882630361117757, 55.138656294600231, 0.0 ], [ 14.88195661356251, 55.137619500044444, 0.0 ], [ 14.881073946775953, 55.137763554925186, 0.0 ], [ 14.881624463741078, 55.139038450556328, 0.0 ], [ 14.881822601727629, 55.138661920354139, 0.0 ], [ 14.881675213970091, 55.139168495515385, 0.0 ], [ 14.882346807242229, 55.139531191335657, 0.0 ] ] ] } },
{ "type": "Feature", "properties": { "layer_id": "natura_designated_land", "label": "Natura 2000 designated land", "tooltip_title": "Source layer: Natura 2000 designated land", "tooltip_body": "Specially designated land areas.<br>Clipped to Bornholm DAGI Landsdel landmass." }, "geometry": { "type": "Polygon", "coordinates": [ [ [ 14.907341355168905, 55.138280967674433, 0.0 ], [ 14.908303035244982, 55.138254773982744, 0.0 ], [ 14.908205605022843, 55.137820442073227, 0.0 ], [ 14.907430011877455, 55.137401612434296, 0.0 ], [ 14.907341355168905, 55.138280967674433, 0.0 ] ] ] } },
{ "type": "Feature", "properties": { "layer_id": "natura_designated_land", "label": "Natura 2000 designated land", "tooltip_title": "Source layer: Natura 2000 designated land", "tooltip_body": "Specially designated land areas.<br>Clipped to Bornholm DAGI Landsdel landmass." }, "geometry": { "type": "Polygon", "coordinates": [ [ [ 14.909701537521679, 55.138043079564611, 0.0 ], [ 14.909098942442762, 55.13789265661763, 0.0 ], [ 14.909516470802327, 55.138159288756142, 0.0 ], [ 14.909185296171163, 55.13850012518278, 0.0 ], [ 14.910346062955959, 55.13839344852358, 0.0 ], [ 14.912131926230812, 55.138723107712018, 0.0 ], [ 14.912167787619538, 55.138999043676343, 0.0 ], [ 14.914281467274611, 55.139114232952416, 0.0 ], [ 14.913601936630201, 55.137965916585209, 0.0 ], [ 14.912099523178329, 55.138463744342161, 0.0 ], [ 14.91101801536141, 55.138344255541746, 0.0 ], [ 14.910193787880235, 55.137603685879128, 0.0 ], [ 14.909701537521679, 55.138043079564611, 0.0 ] ] ] } },
{ "type": "Feature", "properties": { "layer_id": "natura_designated_land", "label": "Natura 2000 designated land", "tooltip_title": "Source layer: Natura 2000 designated land", "tooltip_body": "Specially designated land areas.<br>Clipped to Bornholm DAGI Landsdel landmass." }, "geometry": { "type": "Polygon", "coordinates": [ [ [ 14.920922463785345, 55.138003566797707, 0.0 ], [ 14.919545144570804, 55.13735991955577, 0.0 ], [ 14.919526783019336, 55.137613768852546, 0.0 ], [ 14.920693522152479, 55.137947366100931, 0.0 ], [ 14.920737147767669, 55.139066668090287, 0.0 ], [ 14.920922463785345, 55.138003566797707, 0.0 ] ] ] } },
{ "type": "Feature", "properties": { "layer_id": "natura_designated_land", "label": "Natura 2000 designated land", "tooltip_title": "Source layer: Natura 2000 designated land", "tooltip_body": "Specially designated land areas.<br>Clipped to Bornholm DAGI Landsdel landmass." }, "geometry": { "type": "Polygon", "coordinates": [ [ [ 14.918171467633648, 55.139801379825698, 0.0 ], [ 14.916958343630895, 55.139909377970824, 0.0 ], [ 14.916722504760596, 55.140096153905752, 0.0 ], [ 14.916831496069745, 55.140200410454682, 0.0 ], [ 14.918309768131365, 55.14049978937593, 0.0 ], [ 14.918171467633648, 55.139801379825698, 0.0 ] ] ] } },
{ "type": "Feature", "properties": { "layer_id": "natura_designated_land", "label": "Natura 2000 designated land", "tooltip_title": "Source layer: Natura 2000 designated land", "tooltip_body": "Specially designated land areas.<br>Clipped to Bornholm DAGI Landsdel landmass." }, "geometry": { "type": "Polygon", "coordinates": [ [ [ 14.922638585716461, 55.13867349003241, 0.0 ], [ 14.921628240093744, 55.138874178363416, 0.0 ], [ 14.922152699108951, 55.139661144310878, 0.0 ], [ 14.921238820844, 55.140009212316102, 0.0 ], [ 14.921476810767563, 55.140377314904327, 0.0 ], [ 14.923544567910286, 55.139964325092691, 0.0 ], [ 14.922638585716461, 55.13867349003241, 0.0 ] ] ] } },
{ "type": "Feature", "properties": { "layer_id": "natura_designated_land", "label": "Natura 2000 designated land", "tooltip_title": "Source layer: Natura 2000 designated land", "tooltip_body": "Specially designated land areas.<br>Clipped to Bornholm DAGI Landsdel landmass." }, "geometry": { "type": "Polygon", "coordinates": [ [ [ 14.87926187949639, 55.144964751728487, 0.0 ], [ 14.878166307707788, 55.144418359860033, 0.0 ], [ 14.878864773640114, 55.14435166293022, 0.0 ], [ 14.878865826240755, 55.143873611131063, 0.0 ], [ 14.87865408598341, 55.144157738523518, 0.0 ], [ 14.877778196082833, 55.144078176229549, 0.0 ], [ 14.877000975385473, 55.144809209441632, 0.0 ], [ 14.878917981782491, 55.145514429198236, 0.0 ], [ 14.87926187949639, 55.144964751728487, 0.0 ] ] ] } },
{ "type": "Feature", "properties": { "layer_id": "natura_designated_land", "label": "Natura 2000 designated land", "tooltip_title": "Source layer: Natura 2000 designated land", "tooltip_body": "Specially designated land areas.<br>Clipped to Bornholm DAGI Landsdel landmass." }, "geometry": { "type": "Polygon", "coordinates": [ [ [ 15.051605363982436, 55.166232013950044, 0.0 ], [ 15.052860624004326, 55.166015064374768, 0.0 ], [ 15.053186087583454, 55.165535408229566, 0.0 ], [ 15.055041445025308, 55.164793058251774, 0.0 ], [ 15.055256098994407, 55.164947815395749, 0.0 ], [ 15.056207763745636, 55.164044281240123, 0.0 ], [ 15.056332153178905, 55.16425954345582, 0.0 ], [ 15.056580002064303, 55.163308697165817, 0.0 ], [ 15.057845551898952, 55.162461251923148, 0.0 ], [ 15.058934300074387, 55.162558092647522, 0.0 ], [ 15.059306672336357, 55.161436840447962, 0.0 ], [ 15.058833346396419, 55.161336129207584, 0.0 ], [ 15.058038593438097, 55.162214609024829, 0.0 ], [ 15.055800718863292, 55.163233317175724, 0.0 ], [ 15.055675452528693, 55.163902331579798, 0.0 ], [ 15.054781485494081, 55.16454741602513, 0.0 ], [ 15.051371572965689, 55.165952903584781, 0.0 ], [ 15.051605363982436, 55.166232013950044, 0.0 ] ] ] } },
{ "type": "Feature", "properties": { "layer_id": "natura_designated_land", "label": "Natura 2000 designated land", "tooltip_title": "Source layer: Natura 2000 designated land", "tooltip_body": "Specially designated land areas.<br>Clipped to Bornholm DAGI Landsdel landmass." }, "geometry": { "type": "Polygon", "coordinates": [ [ [ 15.027994204908113, 55.174557810495514, 0.0 ], [ 15.030245311076639, 55.174511289296696, 0.0 ], [ 15.030741623273579, 55.174109689599817, 0.0 ], [ 15.030813887795235, 55.174380878358527, 0.0 ], [ 15.031529345191961, 55.174339330870595, 0.0 ], [ 15.032092444666992, 55.173785564637981, 0.0 ], [ 15.032614094803874, 55.173842065907067, 0.0 ], [ 15.032534457739629, 55.173374868773884, 0.0 ], [ 15.033765558022194, 55.17330065498868, 0.0 ], [ 15.034265818240941, 55.173582859030674, 0.0 ], [ 15.034756303799975, 55.173218765438577, 0.0 ], [ 15.038875919810705, 55.172869170797391, 0.0 ], [ 15.040945892968072, 55.172268382943777, 0.0 ], [ 15.040817065598363, 55.171777709515993, 0.0 ], [ 15.041512274487379, 55.171682906241102, 0.0 ], [ 15.041579089863992, 55.171953302634137, 0.0 ], [ 15.042354106454409, 55.171705534809369, 0.0 ], [ 15.042828516516151, 55.171256242840606, 0.0 ], [ 15.042632768323957, 55.170385927036001, 0.0 ], [ 15.044055258044581, 55.170267036836471, 0.0 ], [ 15.044677313328132, 55.169521705218955, 0.0 ], [ 15.045635663950039, 55.169183946832277, 0.0 ], [ 15.045329510486697, 55.168877812752015, 0.0 ], [ 15.04635976288229, 55.168747219744638, 0.0 ], [ 15.049370720858388, 55.166776354336434, 0.0 ], [ 15.050401910263536, 55.166356902154547, 0.0 ], [ 15.050107358879309, 55.166951519931594, 0.0 ], [ 15.050740470831274, 55.166852892000477, 0.0 ], [ 15.050441238994271, 55.166642477268852, 0.0 ], [ 15.051278841563674, 55.165796256993715, 0.0 ], [ 15.046771965571757, 55.167751908447165, 0.0 ], [ 15.043496124200948, 55.169893158107897, 0.0 ], [ 15.041138273049826, 55.170024030259924, 0.0 ], [ 15.042101541225355, 55.170401101166192, 0.0 ], [ 15.041767192751001, 55.171246959788341, 0.0 ], [ 15.039935555567734, 55.171524439615439, 0.0 ], [ 15.039401257209381, 55.172356482302234, 0.0 ], [ 15.036474646227029, 55.172543277193512, 0.0 ], [ 15.035134601027861, 55.173055889623036, 0.0 ], [ 15.034380457366314, 55.172544875850889, 0.0 ], [ 15.034141262922493, 55.173132727753305, 0.0 ], [ 15.032084703298173, 55.173288364157912, 0.0 ], [ 15.030479944002652, 55.173975085578888, 0.0 ], [ 15.030084250804324, 55.173310279862783, 0.0 ], [ 15.027891197931192, 55.173620784427747, 0.0 ], [ 15.027994204908113, 55.174557810495514, 0.0 ] ] ] } },
{ "type": "Feature", "properties": { "layer_id": "natura_designated_land", "label": "Natura 2000 designated land", "tooltip_title": "Source layer: Natura 2000 designated land", "tooltip_body": "Specially designated land areas.<br>Clipped to Bornholm DAGI Landsdel landmass." }, "geometry": { "type": "Polygon", "coordinates": [ [ [ 14.865724370604978, 55.20723452297959, 0.0 ], [ 14.865433695551427, 55.207488601040822, 0.0 ], [ 14.866259122662434, 55.20867299722201, 0.0 ], [ 14.866666290180993, 55.208515924609756, 0.0 ], [ 14.865724370604978, 55.20723452297959, 0.0 ] ] ] } },
{ "type": "Feature", "properties": { "layer_id": "natura_designated_land", "label": "Natura 2000 designated land", "tooltip_title": "Source layer: Natura 2000 designated land", "tooltip_body": "Specially designated land areas.<br>Clipped to Bornholm DAGI Landsdel landmass." }, "geometry": { "type": "Polygon", "coordinates": [ [ [ 14.869441394748089, 55.208535770571252, 0.0 ], [ 14.86718941459255, 55.207818457464406, 0.0 ], [ 14.866318050843205, 55.207898217825715, 0.0 ], [ 14.867405642133132, 55.208726534917567, 0.0 ], [ 14.868021781995708, 55.208661788547545, 0.0 ], [ 14.869349207815254, 55.209142149292383, 0.0 ], [ 14.869822007948715, 55.208989396599172, 0.0 ], [ 14.869441394748089, 55.208535770571252, 0.0 ] ] ] } },
{ "type": "Feature", "properties": { "layer_id": "natura_designated_land", "label": "Natura 2000 designated land", "tooltip_title": "Source layer: Natura 2000 designated land", "tooltip_body": "Specially designated land areas.<br>Clipped to Bornholm DAGI Landsdel landmass." }, "geometry": { "type": "Polygon", "coordinates": [ [ [ 14.864660965187099, 55.207345412579571, 0.0 ], [ 14.861201302535282, 55.20872298214821, 0.0 ], [ 14.862798303717492, 55.2099513486192, 0.0 ], [ 14.865776711880617, 55.208851199834591, 0.0 ], [ 14.864660965187099, 55.207345412579571, 0.0 ] ] ] } },
{ "type": "Feature", "properties": { "layer_id": "natura_designated_land", "label": "Natura 2000 designated land", "tooltip_title": "Source layer: Natura 2000 designated land", "tooltip_body": "Specially designated land areas.<br>Clipped to Bornholm DAGI Landsdel landmass." }, "geometry": { "type": "Polygon", "coordinates": [ [ [ 14.871580882227274, 55.210337496306195, 0.0 ], [ 14.871419531765875, 55.210636462535859, 0.0 ], [ 14.871997518400915, 55.211101527326697, 0.0 ], [ 14.872228401530739, 55.210600008249351, 0.0 ], [ 14.871580882227274, 55.210337496306195, 0.0 ] ] ] } },
{ "type": "Feature", "properties": { "layer_id": "natura_designated_land", "label": "Natura 2000 designated land", "tooltip_title": "Source layer: Natura 2000 designated land", "tooltip_body": "Specially designated land areas.<br>Clipped to Bornholm DAGI Landsdel landmass." }, "geometry": { "type": "Polygon", "coordinates": [ [ [ 14.868587262495435, 55.210520511361572, 0.0 ], [ 14.868347763985678, 55.210228332965777, 0.0 ], [ 14.869273623393195, 55.210340789628837, 0.0 ], [ 14.869391316788912, 55.209876250304468, 0.0 ], [ 14.869994096498747, 55.210277934520363, 0.0 ], [ 14.870721580179218, 55.210053650551544, 0.0 ], [ 14.870530212461905, 55.20968266880363, 0.0 ], [ 14.867730377163303, 55.209254987654894, 0.0 ], [ 14.867312460922971, 55.208956442469187, 0.0 ], [ 14.868766970947119, 55.211214215822011, 0.0 ], [ 14.869767200978359, 55.211317498656754, 0.0 ], [ 14.869519737107588, 55.210593288200059, 0.0 ], [ 14.868587262495435, 55.210520511361572, 0.0 ] ] ] } },
{ "type": "Feature", "properties": { "layer_id": "natura_designated_land", "label": "Natura 2000 designated land", "tooltip_title": "Source layer: Natura 2000 designated land", "tooltip_body": "Specially designated land areas.<br>Clipped to Bornholm DAGI Landsdel landmass." }, "geometry": { "type": "Polygon", "coordinates": [ [ [ 14.871529183514113, 55.212617249404886, 0.0 ], [ 14.870692928156158, 55.211782977609936, 0.0 ], [ 14.869588407868394, 55.211410469291046, 0.0 ], [ 14.868787977960285, 55.211579809731013, 0.0 ], [ 14.87020085161252, 55.213085666480012, 0.0 ], [ 14.871529183514113, 55.212617249404886, 0.0 ] ], [ [ 14.869916554711848, 55.212651391691253, 0.0 ], [ 14.870251453471761, 55.212683705783917, 0.0 ], [ 14.870131371059394, 55.212856614927162, 0.0 ], [ 14.869916554711848, 55.212651391691253, 0.0 ] ] ] } },
{ "type": "Feature", "properties": { "layer_id": "natura_designated_land", "label": "Natura 2000 designated land", "tooltip_title": "Source layer: Natura 2000 designated land", "tooltip_body": "Specially designated land areas.<br>Clipped to Bornholm DAGI Landsdel landmass." }, "geometry": { "type": "Polygon", "coordinates": [ [ [ 14.875393415548698, 55.213503573710362, 0.0 ], [ 14.874552437380466, 55.211877830717569, 0.0 ], [ 14.875012299863926, 55.211705745796067, 0.0 ], [ 14.87492193277096, 55.211464751624149, 0.0 ], [ 14.874679535841189, 55.211810125410821, 0.0 ], [ 14.874309959300174, 55.211725189397107, 0.0 ], [ 14.873422836529482, 55.210526647323753, 0.0 ], [ 14.873104900728979, 55.207861370658655, 0.0 ], [ 14.872559793122162, 55.207332803276238, 0.0 ], [ 14.87194913426184, 55.207625655755542, 0.0 ], [ 14.872462505840504, 55.208396173072508, 0.0 ], [ 14.872850713169145, 55.211357163593, 0.0 ], [ 14.875393415548698, 55.213503573710362, 0.0 ] ], [ [ 14.873235078976794, 55.211193708014051, 0.0 ], [ 14.873572087369382, 55.211235150253145, 0.0 ], [ 14.873368247206466, 55.211297909178477, 0.0 ], [ 14.873235078976794, 55.211193708014051, 0.0 ] ] ] } },
{ "type": "Feature", "properties": { "layer_id": "natura_designated_land", "label": "Natura 2000 designated land", "tooltip_title": "Source layer: Natura 2000 designated land", "tooltip_body": "Specially designated land areas.<br>Clipped to Bornholm DAGI Landsdel landmass." }, "geometry": { "type": "Polygon", "coordinates": [ [ [ 14.897917814795237, 55.222821364617033, 0.0 ], [ 14.897552612267253, 55.223421444811422, 0.0 ], [ 14.898058558116192, 55.223956773900106, 0.0 ], [ 14.898482724962763, 55.223695237845163, 0.0 ], [ 14.897917814795237, 55.222821364617033, 0.0 ] ] ] } },
{ "type": "Feature", "properties": { "layer_id": "natura_designated_land", "label": "Natura 2000 designated land", "tooltip_title": "Source layer: Natura 2000 designated land", "tooltip_body": "Specially designated land areas.<br>Clipped to Bornholm DAGI Landsdel landmass." }, "geometry": { "type": "Polygon", "coordinates": [ [ [ 14.886412395081475, 55.22740072356347, 0.0 ], [ 14.89148637595239, 55.226586440160091, 0.0 ], [ 14.894352798757229, 55.225641453076804, 0.0 ], [ 14.893986833320053, 55.225388597709603, 0.0 ], [ 14.891883011192798, 55.226288038631964, 0.0 ], [ 14.886412395081475, 55.22740072356347, 0.0 ] ] ] } },
{ "type": "Feature", "properties": { "layer_id": "natura_designated_land", "label": "Natura 2000 designated land", "tooltip_title": "Source layer: Natura 2000 designated land", "tooltip_body": "Specially designated land areas.<br>Clipped to Bornholm DAGI Landsdel landmass." }, "geometry": { "type": "Polygon", "coordinates": [ [ [ 14.882754657614475, 55.229797024738097, 0.0 ], [ 14.883418333951605, 55.229119839928025, 0.0 ], [ 14.883543351662697, 55.228582736520984, 0.0 ], [ 14.882481652688268, 55.229544718295394, 0.0 ], [ 14.882754657614475, 55.229797024738097, 0.0 ] ] ] } },
{ "type": "Feature", "properties": { "layer_id": "natura_designated_land", "label": "Natura 2000 designated land", "tooltip_title": "Source layer: Natura 2000 designated land", "tooltip_body": "Specially designated land areas.<br>Clipped to Bornholm DAGI Landsdel landmass." }, "geometry": { "type": "Polygon", "coordinates": [ [ [ 14.747193545239528, 55.250091346648851, 0.0 ], [ 14.746243461592876, 55.250259981680301, 0.0 ], [ 14.746685273457098, 55.250339655825961, 0.0 ], [ 14.746644820613207, 55.251396082953072, 0.0 ], [ 14.747388967096388, 55.251144133997165, 0.0 ], [ 14.747193545239528, 55.250091346648851, 0.0 ] ] ] } },
{ "type": "Feature", "properties": { "layer_id": "natura_designated_land", "label": "Natura 2000 designated land", "tooltip_title": "Source layer: Natura 2000 designated land", "tooltip_body": "Specially designated land areas.<br>Clipped to Bornholm DAGI Landsdel landmass." }, "geometry": { "type": "Polygon", "coordinates": [ [ [ 14.744788099781335, 55.251848662251106, 0.0 ], [ 14.744303923945489, 55.251849342363862, 0.0 ], [ 14.743240295702487, 55.251377098001065, 0.0 ], [ 14.744595733858892, 55.252448860113518, 0.0 ], [ 14.745178118666809, 55.252504309384491, 0.0 ], [ 14.744788099781335, 55.251848662251106, 0.0 ] ] ] } },
{ "type": "Feature", "properties": { "layer_id": "natura_designated_land", "label": "Natura 2000 designated land", "tooltip_title": "Source layer: Natura 2000 designated land", "tooltip_body": "Specially designated land areas.<br>Clipped to Bornholm DAGI Landsdel landmass." }, "geometry": { "type": "Polygon", "coordinates": [ [ [ 14.746139946967707, 55.253349222945417, 0.0 ], [ 14.745704845434743, 55.253064478107738, 0.0 ], [ 14.745171473259941, 55.253319170978436, 0.0 ], [ 14.745862835314941, 55.253503245270061, 0.0 ], [ 14.746139946967707, 55.253349222945417, 0.0 ] ] ] } },
{ "type": "Feature", "properties": { "layer_id": "natura_designated_land", "label": "Natura 2000 designated land", "tooltip_title": "Source layer: Natura 2000 designated land", "tooltip_body": "Specially designated land areas.<br>Clipped to Bornholm DAGI Landsdel landmass." }, "geometry": { "type": "Polygon", "coordinates": [ [ [ 14.751168545912774, 55.254056278799929, 0.0 ], [ 14.749875393014458, 55.25413998935587, 0.0 ], [ 14.748685461356574, 55.253299888367259, 0.0 ], [ 14.74785603063698, 55.25315835625149, 0.0 ], [ 14.747530888954763, 55.252129710235188, 0.0 ], [ 14.746503466805157, 55.251517257649404, 0.0 ], [ 14.746499328743109, 55.250766630609348, 0.0 ], [ 14.743996495872461, 55.248859549047104, 0.0 ], [ 14.74314766059809, 55.249339493033197, 0.0 ], [ 14.744242073518961, 55.250637590959407, 0.0 ], [ 14.743457470144662, 55.250901668179679, 0.0 ], [ 14.749760367553076, 55.254482166924397, 0.0 ], [ 14.751069891772243, 55.254687625373812, 0.0 ], [ 14.751168545912774, 55.254056278799929, 0.0 ] ] ] } },
{ "type": "Feature", "properties": { "layer_id": "natura_designated_land", "label": "Natura 2000 designated land", "tooltip_title": "Source layer: Natura 2000 designated land", "tooltip_body": "Specially designated land areas.<br>Clipped to Bornholm DAGI Landsdel landmass." }, "geometry": { "type": "Polygon", "coordinates": [ [ [ 14.751280310835586, 55.255715503248034, 0.0 ], [ 14.751656077786899, 55.255146232657836, 0.0 ], [ 14.750678982440789, 55.2554964718165, 0.0 ], [ 14.751280310835586, 55.255715503248034, 0.0 ] ] ] } },
{ "type": "Feature", "properties": { "layer_id": "natura_designated_land", "label": "Natura 2000 designated land", "tooltip_title": "Source layer: Natura 2000 designated land", "tooltip_body": "Specially designated land areas.<br>Clipped to Bornholm DAGI Landsdel landmass." }, "geometry": { "type": "Polygon", "coordinates": [ [ [ 14.748858558242876, 55.26213338931079, 0.0 ], [ 14.751221220135676, 55.260946554655384, 0.0 ], [ 14.750709504665274, 55.260371651882373, 0.0 ], [ 14.750921735739613, 55.260207961381496, 0.0 ], [ 14.751533833615664, 55.260480043641536, 0.0 ], [ 14.75182485334439, 55.260245346136969, 0.0 ], [ 14.750764799744617, 55.25969467981772, 0.0 ], [ 14.752389497625414, 55.258723835396303, 0.0 ], [ 14.753196874202358, 55.259777723315509, 0.0 ], [ 14.754307419285185, 55.259147906286472, 0.0 ], [ 14.754550706696573, 55.259327193953645, 0.0 ], [ 14.753456267125706, 55.259923515763937, 0.0 ], [ 14.75586951818938, 55.260864242820816, 0.0 ], [ 14.75693629881733, 55.260244017199774, 0.0 ], [ 14.753958271498611, 55.258264092473233, 0.0 ], [ 14.749841931951552, 55.256577558648992, 0.0 ], [ 14.74888580215802, 55.255055035839881, 0.0 ], [ 14.747337063246809, 55.254010345684669, 0.0 ], [ 14.745056130510328, 55.253576412744593, 0.0 ], [ 14.743387211296119, 55.254168444932901, 0.0 ], [ 14.746802788196838, 55.259909441035042, 0.0 ], [ 14.746661975621668, 55.261272513874964, 0.0 ], [ 14.747716705765985, 55.261756760566513, 0.0 ], [ 14.747249532491274, 55.262516879839218, 0.0 ], [ 14.751193849522656, 55.265784024668179, 0.0 ], [ 14.75120754469955, 55.26410104318623, 0.0 ], [ 14.748858558242876, 55.26213338931079, 0.0 ] ] ] } },
{ "type": "Feature", "properties": { "layer_id": "natura_designated_land", "label": "Natura 2000 designated land", "tooltip_title": "Source layer: Natura 2000 designated land", "tooltip_body": "Specially designated land areas.<br>Clipped to Bornholm DAGI Landsdel landmass." }, "geometry": { "type": "Polygon", "coordinates": [ [ [ 14.759841970934726, 55.268222563287836, 0.0 ], [ 14.760528883908417, 55.267875770476032, 0.0 ], [ 14.759137294556966, 55.26753698671309, 0.0 ], [ 14.759435333123491, 55.266932102786846, 0.0 ], [ 14.758330955590884, 55.267050974206398, 0.0 ], [ 14.758345103909122, 55.267565024150507, 0.0 ], [ 14.759841970934726, 55.268222563287836, 0.0 ] ], [ [ 14.758890882284176, 55.267608226790351, 0.0 ], [ 14.759002356, 55.267579320825284, 0.0 ], [ 14.759101791886419, 55.267750868874757, 0.0 ], [ 14.758890882284176, 55.267608226790351, 0.0 ] ] ] } },
{ "type": "Feature", "properties": { "layer_id": "natura_designated_land", "label": "Natura 2000 designated land", "tooltip_title": "Source layer: Natura 2000 designated land", "tooltip_body": "Specially designated land areas.<br>Clipped to Bornholm DAGI Landsdel landmass." }, "geometry": { "type": "Polygon", "coordinates": [ [ [ 14.757271960379802, 55.268237896784271, 0.0 ], [ 14.756647458507604, 55.268269179501267, 0.0 ], [ 14.757206964961721, 55.268781705897759, 0.0 ], [ 14.757581378888482, 55.268671558558388, 0.0 ], [ 14.757271960379802, 55.268237896784271, 0.0 ] ] ] } },
{ "type": "Feature", "properties": { "layer_id": "natura_designated_land", "label": "Natura 2000 designated land", "tooltip_title": "Source layer: Natura 2000 designated land", "tooltip_body": "Specially designated land areas.<br>Clipped to Bornholm DAGI Landsdel landmass." }, "geometry": { "type": "Polygon", "coordinates": [ [ [ 14.761735776054675, 55.270491069302025, 0.0 ], [ 14.761383110355952, 55.270341511658557, 0.0 ], [ 14.761090336071881, 55.270581928417087, 0.0 ], [ 14.761114857821484, 55.270370090278355, 0.0 ], [ 14.760726483746216, 55.270657474878142, 0.0 ], [ 14.761735776054675, 55.270491069302025, 0.0 ] ] ] } },
{ "type": "Feature", "properties": { "layer_id": "natura_designated_land", "label": "Natura 2000 designated land", "tooltip_title": "Source layer: Natura 2000 designated land", "tooltip_body": "Specially designated land areas.<br>Clipped to Bornholm DAGI Landsdel landmass." }, "geometry": { "type": "Polygon", "coordinates": [ [ [ 14.762470854630829, 55.271991744114175, 0.0 ], [ 14.762343305104292, 55.27059756295742, 0.0 ], [ 14.761901213176339, 55.270478120375209, 0.0 ], [ 14.761357853354291, 55.271016665486925, 0.0 ], [ 14.759619364085978, 55.270733825494695, 0.0 ], [ 14.75948149882378, 55.271085412959877, 0.0 ], [ 14.760530559495255, 55.271784401936188, 0.0 ], [ 14.760884680803084, 55.271290425532598, 0.0 ], [ 14.760873150722784, 55.271872491476941, 0.0 ], [ 14.761286747770393, 55.272004083312744, 0.0 ], [ 14.762470854630829, 55.271991744114175, 0.0 ] ] ] } },
{ "type": "Feature", "properties": { "layer_id": "natura_designated_land", "label": "Natura 2000 designated land", "tooltip_title": "Source layer: Natura 2000 designated land", "tooltip_body": "Specially designated land areas.<br>Clipped to Bornholm DAGI Landsdel landmass." }, "geometry": { "type": "Polygon", "coordinates": [ [ [ 14.769216404412097, 55.273379633903055, 0.0 ], [ 14.770897505584447, 55.273138731491038, 0.0 ], [ 14.771519968702757, 55.271894352305935, 0.0 ], [ 14.771265745644744, 55.271276568054539, 0.0 ], [ 14.771951600499969, 55.268949241293186, 0.0 ], [ 14.770965010780587, 55.268300483448712, 0.0 ], [ 14.769981411348969, 55.268715380475747, 0.0 ], [ 14.770571780773807, 55.268851201170776, 0.0 ], [ 14.770814285986555, 55.269724798949113, 0.0 ], [ 14.770712652607036, 55.271492862801615, 0.0 ], [ 14.770093065387089, 55.272428409303373, 0.0 ], [ 14.769320050256249, 55.272800446536593, 0.0 ], [ 14.769216404412097, 55.273379633903055, 0.0 ] ] ] } },
{ "type": "Feature", "properties": { "layer_id": "natura_designated_land", "label": "Natura 2000 designated land", "tooltip_title": "Source layer: Natura 2000 designated land", "tooltip_body": "Specially designated land areas.<br>Clipped to Bornholm DAGI Landsdel landmass." }, "geometry": { "type": "Polygon", "coordinates": [ [ [ 14.763149641670827, 55.276670343464183, 0.0 ], [ 14.762747672455156, 55.27573249204724, 0.0 ], [ 14.760468193601273, 55.274228336339263, 0.0 ], [ 14.759477632051656, 55.272974597364438, 0.0 ], [ 14.757766675766455, 55.272312214706531, 0.0 ], [ 14.75731571818871, 55.271843626999889, 0.0 ], [ 14.755488712698872, 55.272453570365784, 0.0 ], [ 14.754354984390931, 55.271813045893836, 0.0 ], [ 14.754597979867251, 55.270120522230016, 0.0 ], [ 14.755040368769054, 55.269944080728791, 0.0 ], [ 14.756701494359588, 55.270524528786225, 0.0 ], [ 14.756546962509914, 55.271644450996426, 0.0 ], [ 14.757451059125762, 55.271834514396943, 0.0 ], [ 14.759675428171269, 55.273012276444902, 0.0 ], [ 14.761674790082621, 55.273103598318052, 0.0 ], [ 14.761985889823691, 55.272818982272526, 0.0 ], [ 14.761499305917711, 55.272925707589422, 0.0 ], [ 14.759872938247321, 55.272231766759212, 0.0 ], [ 14.757828198937727, 55.270143887409077, 0.0 ], [ 14.756495507497839, 55.269475353446964, 0.0 ], [ 14.755105857625598, 55.269294389879121, 0.0 ], [ 14.755354691219051, 55.268903119993951, 0.0 ], [ 14.754885379155283, 55.268668069491909, 0.0 ], [ 14.753838390517972, 55.268756431214726, 0.0 ], [ 14.753075214543152, 55.267875605354064, 0.0 ], [ 14.753033528667041, 55.268547609403321, 0.0 ], [ 14.752598551533987, 55.267889618235948, 0.0 ], [ 14.752003915193601, 55.267907095887381, 0.0 ], [ 14.752636048425064, 55.268568133858338, 0.0 ], [ 14.751681309263725, 55.269306912785098, 0.0 ], [ 14.75240618495285, 55.270286143170559, 0.0 ], [ 14.752092968710524, 55.271080978104862, 0.0 ], [ 14.753205029042974, 55.271767561088744, 0.0 ], [ 14.753154354422652, 55.272083497280903, 0.0 ], [ 14.752613100965632, 55.272062289461878, 0.0 ], [ 14.752253397405019, 55.272404897781598, 0.0 ], [ 14.752757128705634, 55.272686596738808, 0.0 ], [ 14.752479405769357, 55.273251217358975, 0.0 ], [ 14.753655830391335, 55.274100679362796, 0.0 ], [ 14.755908259958192, 55.273010051710024, 0.0 ], [ 14.756336702611343, 55.273528271052704, 0.0 ], [ 14.75758599197118, 55.273618084679661, 0.0 ], [ 14.758010544593857, 55.274007091854926, 0.0 ], [ 14.760019478233268, 55.273950404948444, 0.0 ], [ 14.758938763605135, 55.274926845397935, 0.0 ], [ 14.757832938551818, 55.274267545192167, 0.0 ], [ 14.757965193003855, 55.27461220405872, 0.0 ], [ 14.756139563736003, 55.274148430976361, 0.0 ], [ 14.757760336986223, 55.274240599092032, 0.0 ], [ 14.757488139766362, 55.273923693109396, 0.0 ], [ 14.75495403375017, 55.273807257806268, 0.0 ], [ 14.754259955648257, 55.274289887771928, 0.0 ], [ 14.754708018872408, 55.274207010371143, 0.0 ], [ 14.755433056208997, 55.275403964885115, 0.0 ], [ 14.756218834152923, 55.275294030846688, 0.0 ], [ 14.756447321216037, 55.274775330091359, 0.0 ], [ 14.757475886189003, 55.274779415298298, 0.0 ], [ 14.757277599641132, 55.275833496171522, 0.0 ], [ 14.758018991232278, 55.276383297964436, 0.0 ], [ 14.758508790836613, 55.27591965728103, 0.0 ], [ 14.763149641670827, 55.276670343464183, 0.0 ] ], [ [ 14.753912794998058, 55.273215038151861, 0.0 ], [ 14.753478692951925, 55.272767999345042, 0.0 ], [ 14.753501678529027, 55.272419185050381, 0.0 ], [ 14.754461096002165, 55.272879526774055, 0.0 ], [ 14.753912794998058, 55.273215038151861, 0.0 ] ] ] } },
{ "type": "Feature", "properties": { "layer_id": "natura_designated_land", "label": "Natura 2000 designated land", "tooltip_title": "Source layer: Natura 2000 designated land", "tooltip_body": "Specially designated land areas.<br>Clipped to Bornholm DAGI Landsdel landmass." }, "geometry": { "type": "Polygon", "coordinates": [ [ [ 14.768905261696604, 55.277098230590177, 0.0 ], [ 14.772624794961892, 55.275510220407085, 0.0 ], [ 14.773246147942896, 55.274598601822419, 0.0 ], [ 14.771718985740556, 55.275856024555296, 0.0 ], [ 14.769999994174873, 55.275174043325919, 0.0 ], [ 14.770679202779604, 55.274338389102155, 0.0 ], [ 14.770363954540395, 55.274217299017508, 0.0 ], [ 14.769951344300278, 55.27523394188065, 0.0 ], [ 14.76883826327151, 55.274738255372576, 0.0 ], [ 14.76714960924987, 55.275899207615396, 0.0 ], [ 14.767518658327313, 55.276298438522879, 0.0 ], [ 14.767027768450665, 55.276417155138901, 0.0 ], [ 14.764729709088771, 55.275160818412168, 0.0 ], [ 14.764782663868198, 55.274659980377251, 0.0 ], [ 14.762556387187365, 55.273098915841608, 0.0 ], [ 14.7631433388911, 55.272991730786089, 0.0 ], [ 14.763044081561729, 55.272891993633813, 0.0 ], [ 14.762001701588852, 55.273058575517723, 0.0 ], [ 14.761432778109887, 55.273911703402447, 0.0 ], [ 14.761924196430588, 55.275014106439755, 0.0 ], [ 14.76295984342484, 55.275690338322512, 0.0 ], [ 14.763565917922865, 55.275352978839898, 0.0 ], [ 14.764474406360284, 55.27538085796153, 0.0 ], [ 14.76498235309221, 55.275844806918471, 0.0 ], [ 14.764437220938383, 55.27631646085409, 0.0 ], [ 14.763205573858874, 55.276332241228765, 0.0 ], [ 14.763348026774798, 55.276655230704293, 0.0 ], [ 14.767276456665074, 55.276418470162582, 0.0 ], [ 14.767936331392152, 55.276593755405344, 0.0 ], [ 14.767528187455888, 55.27684502599935, 0.0 ], [ 14.768905261696604, 55.277098230590177, 0.0 ] ], [ [ 14.763511707582097, 55.274315157403528, 0.0 ], [ 14.764015261150924, 55.274401728044815, 0.0 ], [ 14.763889072899579, 55.27456714060726, 0.0 ], [ 14.763511707582097, 55.274315157403528, 0.0 ] ] ] } },
{ "type": "Feature", "properties": { "layer_id": "natura_designated_land", "label": "Natura 2000 designated land", "tooltip_title": "Source layer: Natura 2000 designated land", "tooltip_body": "Specially designated land areas.<br>Clipped to Bornholm DAGI Landsdel landmass." }, "geometry": { "type": "Polygon", "coordinates": [ [ [ 14.761670460926428, 55.278246701062059, 0.0 ], [ 14.760527814716513, 55.278437279574511, 0.0 ], [ 14.760899716376148, 55.278849929143462, 0.0 ], [ 14.760206016547043, 55.279188374356011, 0.0 ], [ 14.761146392234728, 55.279662198515148, 0.0 ], [ 14.762962382635351, 55.278965310801475, 0.0 ], [ 14.761670460926428, 55.278246701062059, 0.0 ] ] ] } },
{ "type": "Feature", "properties": { "layer_id": "natura_designated_land", "label": "Natura 2000 designated land", "tooltip_title": "Source layer: Natura 2000 designated land", "tooltip_body": "Specially designated land areas.<br>Clipped to Bornholm DAGI Landsdel landmass." }, "geometry": { "type": "Polygon", "coordinates": [ [ [ 14.774508299183873, 55.279223464515518, 0.0 ], [ 14.778111670542831, 55.276778711006159, 0.0 ], [ 14.777040168328957, 55.276382631279034, 0.0 ], [ 14.773834385591931, 55.276520079575924, 0.0 ], [ 14.774637348441246, 55.27578871299081, 0.0 ], [ 14.775037373888649, 55.274293669451616, 0.0 ], [ 14.773370285042215, 55.274586741630806, 0.0 ], [ 14.772689189707505, 55.27553661638408, 0.0 ], [ 14.771645187438438, 55.275987278216249, 0.0 ], [ 14.772792316470682, 55.276325740852286, 0.0 ], [ 14.772782264225832, 55.277108401530768, 0.0 ], [ 14.772329544076388, 55.277355906930921, 0.0 ], [ 14.77301034621555, 55.278855548527453, 0.0 ], [ 14.774508299183873, 55.279223464515518, 0.0 ] ] ] } },
{ "type": "Feature", "properties": { "layer_id": "natura_designated_land", "label": "Natura 2000 designated land", "tooltip_title": "Source layer: Natura 2000 designated land", "tooltip_body": "Specially designated land areas.<br>Clipped to Bornholm DAGI Landsdel landmass." }, "geometry": { "type": "Polygon", "coordinates": [ [ [ 14.767723513040398, 55.27905313399458, 0.0 ], [ 14.76684759442008, 55.277324614915386, 0.0 ], [ 14.766464720000636, 55.278117999622793, 0.0 ], [ 14.764891452567886, 55.277409937741339, 0.0 ], [ 14.764242832088115, 55.277717166608717, 0.0 ], [ 14.766105767919505, 55.279927693473383, 0.0 ], [ 14.767723513040398, 55.27905313399458, 0.0 ] ] ] } },
{ "type": "Feature", "properties": { "layer_id": "natura_designated_land", "label": "Natura 2000 designated land", "tooltip_title": "Source layer: Natura 2000 designated land", "tooltip_body": "Specially designated land areas.<br>Clipped to Bornholm DAGI Landsdel landmass." }, "geometry": { "type": "Polygon", "coordinates": [ [ [ 14.770473938749181, 55.278110061524664, 0.0 ], [ 14.77207398905473, 55.279843604875062, 0.0 ], [ 14.7734684332667, 55.280141881396425, 0.0 ], [ 14.773314342837148, 55.280322965610452, 0.0 ], [ 14.773677955864818, 55.280007282054065, 0.0 ], [ 14.770473938749181, 55.278110061524664, 0.0 ] ] ] } },
{ "type": "Feature", "properties": { "layer_id": "natura_designated_land", "label": "Natura 2000 designated land", "tooltip_title": "Source layer: Natura 2000 designated land", "tooltip_body": "Specially designated land areas.<br>Clipped to Bornholm DAGI Landsdel landmass." }, "geometry": { "type": "Polygon", "coordinates": [ [ [ 14.755955531485432, 55.28122351945494, 0.0 ], [ 14.757247561720554, 55.281462382793123, 0.0 ], [ 14.75618962312585, 55.280890638973112, 0.0 ], [ 14.757292073683058, 55.28023879289838, 0.0 ], [ 14.755652942142193, 55.280235166821228, 0.0 ], [ 14.752903947886061, 55.281013060099951, 0.0 ], [ 14.752778086424122, 55.28158992106011, 0.0 ], [ 14.754926074423283, 55.281264814358316, 0.0 ], [ 14.755710881277508, 55.281566314837796, 0.0 ], [ 14.755955531485432, 55.28122351945494, 0.0 ] ] ] } },
{ "type": "Feature", "properties": { "layer_id": "natura_designated_land", "label": "Natura 2000 designated land", "tooltip_title": "Source layer: Natura 2000 designated land", "tooltip_body": "Specially designated land areas.<br>Clipped to Bornholm DAGI Landsdel landmass." }, "geometry": { "type": "Polygon", "coordinates": [ [ [ 14.772021075607029, 55.281032266692705, 0.0 ], [ 14.772870677049115, 55.280547868634216, 0.0 ], [ 14.772013939084136, 55.28098021634186, 0.0 ], [ 14.771488092767029, 55.28084035888795, 0.0 ], [ 14.769945584158238, 55.280082229948569, 0.0 ], [ 14.768452737026889, 55.279582826301869, 0.0 ], [ 14.769604397742238, 55.278568445303904, 0.0 ], [ 14.769096304887258, 55.277350718435542, 0.0 ], [ 14.769959290603348, 55.277593121506996, 0.0 ], [ 14.769107161653951, 55.277094830892636, 0.0 ], [ 14.767421860066358, 55.276961552371148, 0.0 ], [ 14.767673676666778, 55.277693596758382, 0.0 ], [ 14.766990013386819, 55.27763013126598, 0.0 ], [ 14.767036190848479, 55.278072318416179, 0.0 ], [ 14.768078981033014, 55.279399741309227, 0.0 ], [ 14.771345052495523, 55.281011352438739, 0.0 ], [ 14.772021075607029, 55.281032266692705, 0.0 ] ] ] } },
{ "type": "Feature", "properties": { "layer_id": "natura_designated_land", "label": "Natura 2000 designated land", "tooltip_title": "Source layer: Natura 2000 designated land", "tooltip_body": "Specially designated land areas.<br>Clipped to Bornholm DAGI Landsdel landmass." }, "geometry": { "type": "Polygon", "coordinates": [ [ [ 14.776969816880525, 55.284547656937498, 0.0 ], [ 14.777641901543626, 55.283542431379068, 0.0 ], [ 14.775997191076103, 55.282828647631518, 0.0 ], [ 14.770807348076977, 55.281818465739853, 0.0 ], [ 14.769958471754123, 55.281806807680027, 0.0 ], [ 14.769221193544942, 55.282247159466031, 0.0 ], [ 14.771032401679941, 55.283559133000701, 0.0 ], [ 14.774791545567059, 55.284524004896959, 0.0 ], [ 14.776969816880525, 55.284547656937498, 0.0 ] ] ] } },
{ "type": "Feature", "properties": { "layer_id": "natura_designated_land", "label": "Natura 2000 designated land", "tooltip_title": "Source layer: Natura 2000 designated land", "tooltip_body": "Specially designated land areas.<br>Clipped to Bornholm DAGI Landsdel landmass." }, "geometry": { "type": "Polygon", "coordinates": [ [ [ 14.763956151106935, 55.284368670934548, 0.0 ], [ 14.763224787641205, 55.284592329308254, 0.0 ], [ 14.764101018427567, 55.285052963635444, 0.0 ], [ 14.764254869901313, 55.285739753792619, 0.0 ], [ 14.764910370471108, 55.285322035551332, 0.0 ], [ 14.764845307904656, 55.284859601025545, 0.0 ], [ 14.763956151106935, 55.284368670934548, 0.0 ] ] ] } },
{ "type": "Feature", "properties": { "layer_id": "natura_designated_land", "label": "Natura 2000 designated land", "tooltip_title": "Source layer: Natura 2000 designated land", "tooltip_body": "Specially designated land areas.<br>Clipped to Bornholm DAGI Landsdel landmass." }, "geometry": { "type": "Polygon", "coordinates": [ [ [ 14.764830327822725, 55.286623613078604, 0.0 ], [ 14.764073088353655, 55.286396023021574, 0.0 ], [ 14.762610906654814, 55.285495253103271, 0.0 ], [ 14.763130537623482, 55.28652329324607, 0.0 ], [ 14.763817990608683, 55.286566312179751, 0.0 ], [ 14.763986633743862, 55.287107907077768, 0.0 ], [ 14.764830327822725, 55.286623613078604, 0.0 ] ] ] } },
{ "type": "Feature", "properties": { "layer_id": "natura_designated_land", "label": "Natura 2000 designated land", "tooltip_title": "Source layer: Natura 2000 designated land", "tooltip_body": "Specially designated land areas.<br>Clipped to Bornholm DAGI Landsdel landmass." }, "geometry": { "type": "Polygon", "coordinates": [ [ [ 14.766426028671781, 55.287845622245229, 0.0 ], [ 14.765098224371178, 55.286682658627065, 0.0 ], [ 14.764569282673706, 55.28675316122176, 0.0 ], [ 14.764193606827982, 55.287037603534536, 0.0 ], [ 14.765625810831077, 55.288098455710127, 0.0 ], [ 14.766426028671781, 55.287845622245229, 0.0 ] ] ] } },
{ "type": "Feature", "properties": { "layer_id": "natura_designated_land", "label": "Natura 2000 designated land", "tooltip_title": "Source layer: Natura 2000 designated land", "tooltip_body": "Specially designated land areas.<br>Clipped to Bornholm DAGI Landsdel landmass." }, "geometry": { "type": "MultiPolygon", "coordinates": [ [ [ [ 14.759522573174216, 55.290706313482936, 0.0 ], [ 14.760850789823868, 55.292041506045734, 0.0 ], [ 14.761986599843063, 55.292398299262423, 0.0 ], [ 14.761487742705159, 55.292615786695201, 0.0 ], [ 14.762901748704301, 55.292822914082556, 0.0 ], [ 14.762738948163799, 55.293529564171216, 0.0 ], [ 14.763347482420404, 55.293684825348279, 0.0 ], [ 14.76265011969331, 55.29376906230268, 0.0 ], [ 14.762733219662334, 55.293982680673778, 0.0 ], [ 14.764262068484001, 55.294586559299404, 0.0 ], [ 14.764440924530126, 55.295695879176691, 0.0 ], [ 14.765511135082937, 55.295574285817359, 0.0 ], [ 14.765878530839395, 55.296151043934252, 0.0 ], [ 14.766978556491578, 55.296465372632547, 0.0 ], [ 14.767569780350621, 55.297038328879616, 0.0 ], [ 14.768476890694576, 55.296903802591721, 0.0 ], [ 14.768401500491599, 55.297054649555299, 0.0 ], [ 14.768488976672758, 55.297100646189591, 0.0 ], [ 14.768947927234949, 55.296599840927193, 0.0 ], [ 14.769538420262284, 55.296816817004654, 0.0 ], [ 14.769493620126623, 55.298043050150198, 0.0 ], [ 14.770726220426942, 55.297978183223996, 0.0 ], [ 14.770310821338594, 55.298251404041451, 0.0 ], [ 14.771073931590461, 55.298175662334309, 0.0 ], [ 14.771105636737937, 55.298468010843038, 0.0 ], [ 14.771816795495686, 55.298277203595802, 0.0 ], [ 14.771559734844727, 55.298676604382898, 0.0 ], [ 14.772485976500516, 55.298511396969985, 0.0 ], [ 14.772434411612137, 55.298972950003126, 0.0 ], [ 14.773052341551578, 55.298932215869492, 0.0 ], [ 14.77296935537132, 55.299184750680823, 0.0 ], [ 14.77465611525899, 55.298492360570719, 0.0 ], [ 14.774936777063751, 55.2987488050682, 0.0 ], [ 14.775808341148116, 55.29811489319269, 0.0 ], [ 14.775475654740806, 55.298025532252254, 0.0 ], [ 14.775895530347562, 55.297548301838184, 0.0 ], [ 14.776238744597784, 55.297828775583582, 0.0 ], [ 14.776341037412875, 55.297830075852055, 0.0 ], [ 14.777461975663089, 55.296925106556216, 0.0 ], [ 14.777611249414493, 55.297114875250223, 0.0 ], [ 14.778167680436979, 55.296855162048267, 0.0 ], [ 14.777625276263018, 55.2967595482083, 0.0 ], [ 14.777840841454511, 55.296455674551495, 0.0 ], [ 14.777332361816233, 55.296556588054891, 0.0 ], [ 14.778414305194985, 55.296072598448639, 0.0 ], [ 14.778576338940519, 55.295440508358013, 0.0 ], [ 14.778990019697597, 55.295503757615926, 0.0 ], [ 14.779008660633604, 55.294122583497128, 0.0 ], [ 14.777860353427377, 55.293095213043522, 0.0 ], [ 14.77457748658685, 55.291428310304248, 0.0 ], [ 14.773343515508358, 55.28734935886046, 0.0 ], [ 14.772745621702692, 55.287490291304671, 0.0 ], [ 14.772601635495731, 55.287081460937877, 0.0 ], [ 14.770359010565203, 55.285689968134939, 0.0 ], [ 14.767174748549138, 55.285180481805995, 0.0 ], [ 14.766355244941195, 55.285622421528899, 0.0 ], [ 14.76758465759811, 55.285708866385384, 0.0 ], [ 14.767903047502914, 55.28646286492102, 0.0 ], [ 14.76875402384902, 55.286650685459044, 0.0 ], [ 14.768238822737214, 55.285940558865207, 0.0 ], [ 14.768608690914405, 55.285890575447745, 0.0 ], [ 14.769496416401033, 55.286859662910544, 0.0 ], [ 14.770005660830677, 55.286665166191177, 0.0 ], [ 14.770831916934359, 55.286991939895735, 0.0 ], [ 14.770589544903997, 55.287331444919225, 0.0 ], [ 14.769396236792799, 55.287295140240708, 0.0 ], [ 14.769159250043932, 55.287754177943192, 0.0 ], [ 14.770034750477533, 55.287939203971447, 0.0 ], [ 14.771468153738358, 55.289485932923533, 0.0 ], [ 14.770715099353041, 55.289023631435256, 0.0 ], [ 14.770003219965924, 55.288719862752849, 0.0 ], [ 14.769790152899878, 55.288709349719909, 0.0 ], [ 14.768701254271537, 55.287165844165678, 0.0 ], [ 14.766811828820645, 55.286151686838579, 0.0 ], [ 14.765516763674231, 55.286556243754795, 0.0 ], [ 14.767748358085546, 55.28751431184628, 0.0 ], [ 14.768504484111325, 55.288463336801279, 0.0 ], [ 14.767514914899955, 55.28839155799308, 0.0 ], [ 14.766066837531554, 55.288876332161031, 0.0 ], [ 14.764603133062462, 55.288369869096712, 0.0 ], [ 14.763343143858334, 55.288975689432725, 0.0 ], [ 14.761944839190884, 55.289019240820679, 0.0 ], [ 14.761222674317898, 55.288732808764742, 0.0 ], [ 14.761123053686852, 55.288254956229963, 0.0 ], [ 14.760155920329259, 55.289518032546574, 0.0 ], [ 14.757708800624249, 55.289606185544812, 0.0 ], [ 14.757847475402899, 55.289019911806385, 0.0 ], [ 14.758596383533636, 55.289247452713319, 0.0 ], [ 14.759109987555211, 55.289112761174394, 0.0 ], [ 14.760026996887754, 55.288610586847355, 0.0 ], [ 14.759423274601716, 55.288689826039359, 0.0 ], [ 14.758560954902254, 55.288265676746562, 0.0 ], [ 14.760042286992229, 55.288193065939005, 0.0 ], [ 14.760669560459293, 55.287636566092708, 0.0 ], [ 14.75913861169956, 55.286922243897081, 0.0 ], [ 14.760520471409061, 55.286423578213203, 0.0 ], [ 14.760211166111532, 55.286150169103657, 0.0 ], [ 14.760609617401615, 55.28532617066049, 0.0 ], [ 14.759445046176213, 55.285477949047035, 0.0 ], [ 14.759041253920195, 55.285117875052627, 0.0 ], [ 14.758729538582463, 55.28523406778092, 0.0 ], [ 14.758828428807815, 55.284632660609375, 0.0 ], [ 14.758116063158173, 55.28457129539845, 0.0 ], [ 14.758509671750435, 55.283670701098558, 0.0 ], [ 14.757850036959727, 55.283934447112188, 0.0 ], [ 14.757185726599943, 55.283697146753049, 0.0 ], [ 14.755972823012645, 55.287144774455712, 0.0 ], [ 14.753616093229487, 55.287315518140005, 0.0 ], [ 14.755559447634422, 55.286246753884917, 0.0 ], [ 14.755903120015038, 55.285188826889751, 0.0 ], [ 14.755708442066089, 55.284998826817478, 0.0 ], [ 14.75547770917462, 55.285338703469847, 0.0 ], [ 14.754942892875635, 55.284982776944169, 0.0 ], [ 14.755205728879149, 55.284292366348161, 0.0 ], [ 14.754736213950549, 55.284263533567803, 0.0 ], [ 14.755069953823805, 55.284107808103379, 0.0 ], [ 14.754719402520353, 55.283805503751537, 0.0 ], [ 14.755325531559608, 55.283907256632872, 0.0 ], [ 14.754868637682991, 55.283425925538275, 0.0 ], [ 14.755689451948276, 55.283606357660894, 0.0 ], [ 14.756079196053147, 55.283291732369825, 0.0 ], [ 14.756567824924195, 55.281994217181627, 0.0 ], [ 14.757224237288959, 55.282968090204776, 0.0 ], [ 14.75830965545291, 55.283175597166412, 0.0 ], [ 14.757764283975764, 55.282321055723926, 0.0 ], [ 14.75665671703033, 55.281783049511183, 0.0 ], [ 14.75575141640063, 55.281814010977129, 0.0 ], [ 14.753171734687189, 55.283376904497949, 0.0 ], [ 14.75330285554899, 55.284196278803229, 0.0 ], [ 14.752657712966558, 55.283418164494144, 0.0 ], [ 14.752546480368341, 55.284260776264766, 0.0 ], [ 14.752025103961879, 55.284306814374077, 0.0 ], [ 14.751775439377957, 55.284772957168499, 0.0 ], [ 14.75224574164956, 55.285146430934148, 0.0 ], [ 14.752405778365739, 55.287406673824158, 0.0 ], [ 14.753606589431881, 55.287416920615925, 0.0 ], [ 14.753108110915306, 55.287766787602521, 0.0 ], [ 14.753286772058805, 55.288117811994503, 0.0 ], [ 14.752682391264667, 55.288329622308602, 0.0 ], [ 14.75440223300353, 55.289245474920605, 0.0 ], [ 14.75439336647349, 55.289666330301841, 0.0 ], [ 14.754834975281787, 55.289501198881183, 0.0 ], [ 14.756046780285784, 55.29036715050988, 0.0 ], [ 14.756794235040122, 55.290538574257383, 0.0 ], [ 14.757633839997117, 55.290294922342497, 0.0 ], [ 14.75868714285442, 55.290785529836249, 0.0 ], [ 14.758896716900816, 55.290651036343547, 0.0 ], [ 14.759522573174216, 55.290706313482936, 0.0 ] ], [ [ 14.767190603965947, 55.29625128611125, 0.0 ], [ 14.767128061285614, 55.296219517193983, 0.0 ], [ 14.767201700651841, 55.296223318380534, 0.0 ], [ 14.767190603965947, 55.29625128611125, 0.0 ] ], [ [ 14.753793447744538, 55.288596697717345, 0.0 ], [ 14.754062308159934, 55.288701626946413, 0.0 ], [ 14.75418432487696, 55.288779793840867, 0.0 ], [ 14.753793447744538, 55.288596697717345, 0.0 ] ], [ [ 14.754071715962624, 55.285536788538479, 0.0 ], [ 14.753720098070342, 55.285571242563087, 0.0 ], [ 14.753696036093725, 55.285523688028221, 0.0 ], [ 14.754071715962624, 55.285536788538479, 0.0 ] ], [ [ 14.769883104228093, 55.297416907554698, 0.0 ], [ 14.770010842855315, 55.29732837017665, 0.0 ], [ 14.770105818286066, 55.297578751785288, 0.0 ], [ 14.769883104228093, 55.297416907554698, 0.0 ] ], [ [ 14.757993506396508, 55.284525277457512, 0.0 ], [ 14.757975941177056, 55.284370613268472, 0.0 ], [ 14.758085405843687, 55.284407689496021, 0.0 ], [ 14.757993506396508, 55.284525277457512, 0.0 ] ], [ [ 14.777683200552962, 55.294756012357162, 0.0 ], [ 14.777560366013397, 55.294461411489458, 0.0 ], [ 14.777598499006151, 55.294200229465574, 0.0 ], [ 14.777683200552962, 55.294756012357162, 0.0 ] ], [ [ 14.777598499006151, 55.294200229465574, 0.0 ], [ 14.777697865918308, 55.293761852823138, 0.0 ], [ 14.777686471167568, 55.293556458375939, 0.0 ], [ 14.777598499006151, 55.294200229465574, 0.0 ] ], [ [ 14.77763412792677, 55.293257664710872, 0.0 ], [ 14.777757885899671, 55.293464115615429, 0.0 ], [ 14.777774600762932, 55.293583138343735, 0.0 ], [ 14.777686471167568, 55.293556458375939, 0.0 ], [ 14.77763412792677, 55.293257664710872, 0.0 ] ], [ [ 14.77003057457714, 55.288790754036384, 0.0 ], [ 14.770803445070026, 55.289168572163909, 0.0 ], [ 14.771302521927463, 55.289468743310756, 0.0 ], [ 14.77003057457714, 55.288790754036384, 0.0 ] ], [ [ 14.759603374055214, 55.286509790089418, 0.0 ], [ 14.759150769240303, 55.286183065036113, 0.0 ], [ 14.759713091549624, 55.286242966860989, 0.0 ], [ 14.759603374055214, 55.286509790089418, 0.0 ] ], [ [ 14.763352025716854, 55.293456249013254, 0.0 ], [ 14.763811371915041, 55.293294279895846, 0.0 ], [ 14.764073895523309, 55.293569951947326, 0.0 ], [ 14.763845327113629, 55.293709671216561, 0.0 ], [ 14.763352025716854, 55.293456249013254, 0.0 ] ], [ [ 14.772272055428582, 55.297297676274731, 0.0 ], [ 14.770994741188877, 55.296105250195353, 0.0 ], [ 14.771133198111899, 55.295329968540415, 0.0 ], [ 14.772766707088385, 55.295365788164176, 0.0 ], [ 14.774023186827874, 55.295934469150126, 0.0 ], [ 14.775472557144646, 55.295748279949514, 0.0 ], [ 14.776660222419105, 55.296172297888376, 0.0 ], [ 14.77769250108809, 55.294842623641088, 0.0 ], [ 14.77635678361724, 55.296855683193428, 0.0 ], [ 14.773903121923464, 55.298437969551237, 0.0 ], [ 14.772912345398939, 55.298626174573641, 0.0 ], [ 14.772383869619874, 55.298349429125025, 0.0 ], [ 14.770493998378704, 55.297826675944805, 0.0 ], [ 14.770345542276571, 55.297724805332535, 0.0 ], [ 14.77298924362824, 55.298514695803682, 0.0 ], [ 14.773497587786032, 55.298405882174038, 0.0 ], [ 14.772519346377019, 55.298030992899292, 0.0 ], [ 14.772610554490498, 55.297564586498936, 0.0 ], [ 14.773204399423966, 55.297336323635513, 0.0 ], [ 14.772272055428582, 55.297297676274731, 0.0 ] ] ], [ [ [ 14.765834205332585, 55.296140581541543, 0.0 ], [ 14.765844469179223, 55.296143004175526, 0.0 ], [ 14.765835492586387, 55.296139124523123, 0.0 ], [ 14.765834205332585, 55.296140581541543, 0.0 ] ] ], [ [ [ 14.770848233076494, 55.298373074913847, 0.0 ], [ 14.770855563167336, 55.298362563962016, 0.0 ], [ 14.770840407358788, 55.29835646982572, 0.0 ], [ 14.770848233076494, 55.298373074913847, 0.0 ] ] ], [ [ [ 14.770895263407253, 55.298472866453402, 0.0 ], [ 14.770992947158231, 55.298470611867614, 0.0 ], [ 14.770859560098533, 55.298397109258943, 0.0 ], [ 14.770895263407253, 55.298472866453402, 0.0 ] ] ], [ [ [ 14.776390158617026, 55.297830700212955, 0.0 ], [ 14.776393078856714, 55.297821306442572, 0.0 ], [ 14.776358647180473, 55.297830299685366, 0.0 ], [ 14.776390158617026, 55.297830700212955, 0.0 ] ] ], [ [ [ 14.777138395521755, 55.297367885951182, 0.0 ], [ 14.777451324770229, 55.297163918471064, 0.0 ], [ 14.777450330546184, 55.297163406340523, 0.0 ], [ 14.777138395521755, 55.297367885951182, 0.0 ] ] ], [ [ [ 14.759520823301409, 55.29075256816013, 0.0 ], [ 14.759468512360874, 55.290710459373358, 0.0 ], [ 14.759391319394243, 55.290726493046684, 0.0 ], [ 14.759520823301409, 55.29075256816013, 0.0 ] ] ], [ [ [ 14.759337748341697, 55.290738322528185, 0.0 ], [ 14.759344222250595, 55.290738788595611, 0.0 ], [ 14.759354928571067, 55.290734528818383, 0.0 ], [ 14.759337748341697, 55.290738322528185, 0.0 ] ] ], [ [ [ 14.774145875307793, 55.297462794044236, 0.0 ], [ 14.774235878298553, 55.297383609086104, 0.0 ], [ 14.773204399423966, 55.297336323635513, 0.0 ], [ 14.774145875307793, 55.297462794044236, 0.0 ] ] ] ] } }
]
}
