{
"type": "FeatureCollection",
"name": "protected_areas",
"crs": { "type": "name", "properties": { "name": "urn:ogc:def:crs:OGC:1.3:CRS84" } },
"features": [
{ "type": "Feature", "properties": { "layer_id": "protected_areas", "label": "Protected areas", "tooltip_title": "Source layer: Protected areas", "tooltip_body": "Protected-areas baseline source.<br>Clipped to Bornholm DAGI Landsdel landmass." }, "geometry": { "type": "MultiPolygon", "coordinates": [ [ [ [ 15.013661053693601, 54.99770472484267, 0.0 ], [ 15.013913168394188, 54.996557870882114, 0.0 ], [ 15.01196261332589, 54.996881829686139, 0.0 ], [ 15.009974506064442, 54.996769865653633, 0.0 ], [ 15.007212583889174, 54.997673974173949, 0.0 ], [ 15.005895752355286, 54.997657449473209, 0.0 ], [ 15.001667539864242, 54.998418883174416, 0.0 ], [ 14.997769878459058, 54.998432570131939, 0.0 ], [ 14.992993843344072, 54.9996660469874, 0.0 ], [ 14.99318330175546, 55.000125297245113, 0.0 ], [ 14.995905049146099, 54.999961822182485, 0.0 ], [ 14.996634659509864, 55.002382254361557, 0.0 ], [ 14.995194318253091, 55.003270294179536, 0.0 ], [ 14.996008468850476, 55.003444167548494, 0.0 ], [ 14.995871106842253, 55.004501035313709, 0.0 ], [ 14.99473607758889, 55.004320517945416, 0.0 ], [ 14.994720058911556, 55.003900240119812, 0.0 ], [ 14.992414509139834, 55.003991053392959, 0.0 ], [ 14.992781377632543, 55.005423730798327, 0.0 ], [ 14.991139352070645, 55.007106710566184, 0.0 ], [ 14.989550149795459, 55.006146798034237, 0.0 ], [ 14.989318759896316, 55.005552267779343, 0.0 ], [ 14.987773921545008, 55.005686320946616, 0.0 ], [ 14.988042520384536, 55.00681465147445, 0.0 ], [ 14.987773828247803, 55.005686325554329, 0.0 ], [ 14.986573273459545, 55.005728082502408, 0.0 ], [ 14.986962451465144, 55.007292623343702, 0.0 ], [ 14.986927110945011, 55.007367390848714, 0.0 ], [ 14.985660945574281, 55.007282570907996, 0.0 ], [ 14.985273845789942, 55.007936109122824, 0.0 ], [ 14.986633209050048, 55.00798916851349, 0.0 ], [ 14.986441132883945, 55.008395514105011, 0.0 ], [ 14.988998605815373, 55.007744785485329, 0.0 ], [ 14.990423242133824, 55.010034471786057, 0.0 ], [ 14.988119893625015, 55.010711373608338, 0.0 ], [ 14.986621110486325, 55.00892356823443, 0.0 ], [ 14.981004789372673, 55.008646477606078, 0.0 ], [ 14.979584351775969, 55.008277854603357, 0.0 ], [ 14.979047680348499, 55.006654395166755, 0.0 ], [ 14.977927780891852, 55.006759846433283, 0.0 ], [ 14.978474455351735, 55.00844926603785, 0.0 ], [ 14.977993847661626, 55.008523473876679, 0.0 ], [ 14.978269391882581, 55.011583185599186, 0.0 ], [ 14.983066416796598, 55.011392417973852, 0.0 ], [ 14.983220399290845, 55.011169370400282, 0.0 ], [ 14.978699961331683, 55.010798432048738, 0.0 ], [ 14.97836531387664, 55.008882539970386, 0.0 ], [ 14.982435290136209, 55.009080368810459, 0.0 ], [ 14.984260017826875, 55.009633795795096, 0.0 ], [ 14.986028874894558, 55.011107089036656, 0.0 ], [ 14.984782076391689, 55.011306990523295, 0.0 ], [ 14.988421306947082, 55.011122426277666, 0.0 ], [ 14.98837627503673, 55.01363181968798, 0.0 ], [ 14.989797831386392, 55.018776821295035, 0.0 ], [ 14.992825302090212, 55.018554247682552, 0.0 ], [ 14.992506269159863, 55.017477059787311, 0.0 ], [ 14.995834309071764, 55.017080742822003, 0.0 ], [ 14.995274217228582, 55.014903238493957, 0.0 ], [ 14.991849353326581, 55.015260725831027, 0.0 ], [ 14.991544720780263, 55.014252466155661, 0.0 ], [ 14.994987108488182, 55.013903122298011, 0.0 ], [ 14.994620681714872, 55.012032654420885, 0.0 ], [ 14.994894403912726, 55.008473473960123, 0.0 ], [ 14.996704777117072, 55.008010449975693, 0.0 ], [ 14.998053381096028, 55.00820116516757, 0.0 ], [ 14.998047751062485, 55.004817463540419, 0.0 ], [ 14.995896467266903, 55.004505068545924, 0.0 ], [ 14.998048454778299, 55.004817455735363, 0.0 ], [ 14.998334588810032, 55.004860011750949, 0.0 ], [ 15.000247311698706, 55.005190683968912, 0.0 ], [ 15.002434981914517, 55.014010617216925, 0.0 ], [ 15.004846837620919, 55.013801720163123, 0.0 ], [ 15.003119233848503, 55.007092228911638, 0.0 ], [ 15.003194133399758, 55.007374459319472, 0.0 ], [ 15.010703749773173, 55.007085256510798, 0.0 ], [ 15.010760939905113, 55.007688003449154, 0.0 ], [ 15.017719164402989, 55.006902983450452, 0.0 ], [ 15.018193297850607, 55.004743986969537, 0.0 ], [ 15.020355931008419, 55.004891592196451, 0.0 ], [ 15.020548445027719, 55.002778421705642, 0.0 ], [ 15.021758751352571, 55.002788429208387, 0.0 ], [ 15.0217185222594, 55.00333226891911, 0.0 ], [ 15.023988722484223, 55.00353184405688, 0.0 ], [ 15.024211419998357, 55.002800449448515, 0.0 ], [ 15.025909863283315, 55.002811655888642, 0.0 ], [ 15.025727835047173, 55.00359202911693, 0.0 ], [ 15.026619876276868, 55.003624181806437, 0.0 ], [ 15.027325885514223, 55.007726184073732, 0.0 ], [ 15.030343482205131, 55.007289263559841, 0.0 ], [ 15.03013655090445, 55.008861335114226, 0.0 ], [ 15.036312131587353, 55.008624138205676, 0.0 ], [ 15.036690799359269, 55.009370240468002, 0.0 ], [ 15.039108475613869, 55.00929445800201, 0.0 ], [ 15.039473310399849, 55.009065923481309, 0.0 ], [ 15.038599873998937, 55.006068734182307, 0.0 ], [ 15.057641312240056, 55.003879509587144, 0.0 ], [ 15.074463926218064, 55.004477320506098, 0.0 ], [ 15.080413206580769, 55.005863253960122, 0.0 ], [ 15.086160969963657, 55.007763808027825, 0.0 ], [ 15.09123134894131, 55.000681880943077, 0.0 ], [ 15.089491900819311, 54.999925050795255, 0.0 ], [ 15.090010755110987, 54.998798695695591, 0.0 ], [ 15.085816471985193, 54.997116486876919, 0.0 ], [ 15.086436982811319, 54.996224269549167, 0.0 ], [ 15.087635385194403, 54.996667703241343, 0.0 ], [ 15.088154237492578, 54.995557923749629, 0.0 ], [ 15.087326574779405, 54.995000255842314, 0.0 ], [ 15.087577700761946, 54.994710480866303, 0.0 ], [ 15.088359690579999, 54.99515873399465, 0.0 ], [ 15.089206176840658, 54.994677820042952, 0.0 ], [ 15.086115088179238, 54.991867967381637, 0.0 ], [ 15.086002189266773, 54.991226742232655, 0.0 ], [ 15.083488431158274, 54.989737165380134, 0.0 ], [ 15.078353307943745, 54.988120939282688, 0.0 ], [ 15.0746704541264, 54.987433922348849, 0.0 ], [ 15.069513815015585, 54.988243761094878, 0.0 ], [ 15.049692786843984, 54.993004805926681, 0.0 ], [ 15.052917386274849, 54.995343907721775, 0.0 ], [ 15.049649190782937, 54.993014998830503, 0.0 ], [ 15.045346607087232, 54.994038485831148, 0.0 ], [ 15.035406875811123, 54.995405711030529, 0.0 ], [ 15.03213958095362, 54.995513963076682, 0.0 ], [ 15.029094491873382, 54.995154863601975, 0.0 ], [ 15.027791193939258, 54.99468108620588, 0.0 ], [ 15.023006615343636, 54.995056037601927, 0.0 ], [ 15.021535388859444, 54.994589728109922, 0.0 ], [ 15.019195648203175, 54.995539837732977, 0.0 ], [ 15.017249819648846, 54.995693480715232, 0.0 ], [ 15.017260141704913, 54.996043897189786, 0.0 ], [ 15.013901030716335, 54.996634187286972, 0.0 ], [ 15.013661053693601, 54.99770472484267, 0.0 ] ], [ [ 14.991300569194321, 55.013485685813933, 0.0 ], [ 14.991286026530341, 55.013331114482398, 0.0 ], [ 14.991544720780263, 55.014252466155661, 0.0 ], [ 14.991300569194321, 55.013485685813933, 0.0 ] ], [ [ 15.014603445772511, 54.998659273384185, 0.0 ], [ 15.017304550259002, 54.998793658327166, 0.0 ], [ 15.017179060560901, 54.997815502798588, 0.0 ], [ 15.017618707824859, 55.000845782273352, 0.0 ], [ 15.017647636768089, 55.001517680125659, 0.0 ], [ 15.015612209131877, 55.001402886871269, 0.0 ], [ 15.015795261293462, 55.002399106785177, 0.0 ], [ 15.017823456887513, 55.002559538312212, 0.0 ], [ 15.015794474039158, 55.002449349346563, 0.0 ], [ 15.015608379621774, 55.00141316081212, 0.0 ], [ 15.012387529661085, 55.001230511818363, 0.0 ], [ 15.012285384421441, 55.00224928804267, 0.0 ], [ 15.01019978470149, 55.00211601878182, 0.0 ], [ 15.010038515204448, 55.001159850915059, 0.0 ], [ 15.01159300931481, 55.001199569200004, 0.0 ], [ 15.011527839957616, 55.000691205549209, 0.0 ], [ 15.009086821432488, 55.000669791419554, 0.0 ], [ 15.009178057229427, 55.001639047061929, 0.0 ], [ 15.007249532493921, 55.001506666289401, 0.0 ], [ 15.007278002084689, 55.00095704465005, 0.0 ], [ 15.00470225832691, 55.000714925810094, 0.0 ], [ 15.004629884345441, 54.999048400926981, 0.0 ], [ 15.008224051258601, 54.999131673702983, 0.0 ], [ 15.00834875010767, 55.000037047994184, 0.0 ], [ 15.009937966390892, 55.000060263822007, 0.0 ], [ 15.009992458956532, 55.000497399492716, 0.0 ], [ 15.011510339807208, 55.0005623783386, 0.0 ], [ 15.011189210116136, 54.998200611827365, 0.0 ], [ 15.013662881156645, 54.998007150963794, 0.0 ], [ 15.014603445772511, 54.998659273384185, 0.0 ] ], [ [ 15.017264535270732, 54.996193047004319, 0.0 ], [ 15.017267470175332, 54.99629267778343, 0.0 ], [ 15.017199589467504, 54.996916859682905, 0.0 ], [ 15.017264535270732, 54.996193047004319, 0.0 ] ], [ [ 15.001895901164467, 55.005402169727972, 0.0 ], [ 15.001896048808756, 55.005400570123051, 0.0 ], [ 15.00216284187713, 55.005449502659438, 0.0 ], [ 15.001895901164467, 55.005402169727972, 0.0 ] ], [ [ 15.002035788135167, 55.00388657423386, 0.0 ], [ 15.00221763016456, 55.001916315478525, 0.0 ], [ 15.002285563625218, 55.001315001088521, 0.0 ], [ 15.002035788135167, 55.00388657423386, 0.0 ] ], [ [ 14.992004272812874, 55.008912526203083, 0.0 ], [ 14.99203934918796, 55.008980224464906, 0.0 ], [ 14.992033176349716, 55.008980935665726, 0.0 ], [ 14.992004272812874, 55.008912526203083, 0.0 ] ], [ [ 14.99313097445579, 55.010377650263443, 0.0 ], [ 14.991968595467513, 55.010298762045984, 0.0 ], [ 14.992140824866116, 55.009584377853663, 0.0 ], [ 14.994097565536944, 55.008750857088678, 0.0 ], [ 14.994423266258492, 55.009182555469067, 0.0 ], [ 14.992870624023629, 55.009696197267267, 0.0 ], [ 14.99313097445579, 55.010377650263443, 0.0 ] ], [ [ 15.081104311083971, 54.99433086784321, 0.0 ], [ 15.080625801429706, 54.99424650334867, 0.0 ], [ 15.080830456643218, 54.99398761247955, 0.0 ], [ 15.079288263357364, 54.9936888625747, 0.0 ], [ 15.077627920747689, 54.994511604075726, 0.0 ], [ 15.078245868572804, 54.992758219922628, 0.0 ], [ 15.085264312658609, 54.994290956095888, 0.0 ], [ 15.085026939610142, 54.99475236420966, 0.0 ], [ 15.084015852291984, 54.994592743449651, 0.0 ], [ 15.083864330142648, 54.994836223768878, 0.0 ], [ 15.081275937378203, 54.994073642229601, 0.0 ], [ 15.081104311083971, 54.99433086784321, 0.0 ] ], [ [ 15.074785757135526, 54.991599853613423, 0.0 ], [ 15.074571357606848, 54.99270777016838, 0.0 ], [ 15.073484796102168, 54.99263472641217, 0.0 ], [ 15.060230158647023, 54.995605802261608, 0.0 ], [ 15.060213243198838, 54.996416472344841, 0.0 ], [ 15.058938733496026, 54.996377956711981, 0.0 ], [ 15.058923450364464, 54.995690249383308, 0.0 ], [ 15.055705147855578, 54.99550470282086, 0.0 ], [ 15.060603237014023, 54.995489224404672, 0.0 ], [ 15.073536598942246, 54.992469836666039, 0.0 ], [ 15.073751487967462, 54.991474887171798, 0.0 ], [ 15.074785757135526, 54.991599853613423, 0.0 ] ], [ [ 15.062820145868944, 55.001290035086122, 0.0 ], [ 15.065767489387696, 55.001346589241734, 0.0 ], [ 15.065096900007537, 55.003655911109419, 0.0 ], [ 15.062346544005043, 55.003436502377774, 0.0 ], [ 15.062820145868944, 55.001290035086122, 0.0 ] ], [ [ 15.081648079082832, 54.996462408620893, 0.0 ], [ 15.078455873608483, 54.996040007909414, 0.0 ], [ 15.078937196355772, 54.994955926594976, 0.0 ], [ 15.077622227497324, 54.994620259899243, 0.0 ], [ 15.078381843540654, 54.994218809765584, 0.0 ], [ 15.079199095761226, 54.99434356660035, 0.0 ], [ 15.079097319762464, 54.994622784601489, 0.0 ], [ 15.081421904365074, 54.995035288535455, 0.0 ], [ 15.081622621344778, 54.994604475815308, 0.0 ], [ 15.082248977653419, 54.99471329144469, 0.0 ], [ 15.081648079082832, 54.996462408620893, 0.0 ] ], [ [ 15.070026260899933, 55.002153362802389, 0.0 ], [ 15.069894560854237, 55.003626155514645, 0.0 ], [ 15.068999632330497, 55.003575341988132, 0.0 ], [ 15.069106777788038, 55.001428053999312, 0.0 ], [ 15.074315331807657, 55.001696278961205, 0.0 ], [ 15.073899735453283, 55.002392831989269, 0.0 ], [ 15.071340288692543, 55.001896316824393, 0.0 ], [ 15.071211618861678, 55.002144999761349, 0.0 ], [ 15.070026260899933, 55.002153362802389, 0.0 ] ], [ [ 15.074545060491674, 54.99275371109983, 0.0 ], [ 15.076449545533324, 54.993114041691804, 0.0 ], [ 15.075428669303673, 54.994020941238865, 0.0 ], [ 15.074406219818899, 54.993812506013086, 0.0 ], [ 15.07470972503198, 54.993338532073885, 0.0 ], [ 15.074154819461324, 54.993251371566657, 0.0 ], [ 15.074545060491674, 54.99275371109983, 0.0 ] ], [ [ 15.076680798326256, 54.996285091666365, 0.0 ], [ 15.076332760470164, 54.997004550865313, 0.0 ], [ 15.074467426874131, 54.996733955692541, 0.0 ], [ 15.074788515578263, 54.995994487183189, 0.0 ], [ 15.076680798326256, 54.996285091666365, 0.0 ] ], [ [ 15.054179614807476, 55.001545280963178, 0.0 ], [ 15.053979846674459, 55.00075777148799, 0.0 ], [ 15.056269965974961, 55.000854354521472, 0.0 ], [ 15.056269261018272, 55.001334315512544, 0.0 ], [ 15.054179614807476, 55.001545280963178, 0.0 ] ], [ [ 15.005557860548292, 55.001419522827192, 0.0 ], [ 15.00552961843988, 55.001646322938527, 0.0 ], [ 15.00426133088502, 55.001546335161429, 0.0 ], [ 15.004335365296221, 55.001300431124214, 0.0 ], [ 15.005557860548292, 55.001419522827192, 0.0 ] ], [ [ 15.048619844854702, 54.99674744094964, 0.0 ], [ 15.048202809932189, 54.996965385402014, 0.0 ], [ 15.047605842341087, 54.99673735843156, 0.0 ], [ 15.047982768453323, 54.996462452143469, 0.0 ], [ 15.048619844854702, 54.99674744094964, 0.0 ] ], [ [ 15.046273665125993, 54.994851241902701, 0.0 ], [ 15.045581515572856, 54.994870476487549, 0.0 ], [ 15.045552926317875, 54.994548778792641, 0.0 ], [ 15.046241776467484, 54.994529717809279, 0.0 ], [ 15.046273665125993, 54.994851241902701, 0.0 ] ], [ [ 15.045576801262186, 54.995996359003875, 0.0 ], [ 15.046014798554959, 54.996510393890922, 0.0 ], [ 15.045557825264007, 54.99646540603495, 0.0 ], [ 15.045576801262186, 54.995996359003875, 0.0 ] ], [ [ 15.078630021009948, 55.001147131819906, 0.0 ], [ 15.078909123715844, 55.001478091648558, 0.0 ], [ 15.078371966051247, 55.001353159540336, 0.0 ], [ 15.078630021009948, 55.001147131819906, 0.0 ] ] ], [ [ [ 14.988846037810326, 55.001021296822543, 0.0 ], [ 14.991132124575463, 55.000597250792069, 0.0 ], [ 14.991052154396893, 54.999912230082082, 0.0 ], [ 14.989619971409232, 54.99966128119074, 0.0 ], [ 14.98835170174679, 54.999796233124584, 0.0 ], [ 14.988846037810326, 55.001021296822543, 0.0 ] ] ], [ [ [ 14.978342381092375, 55.003397700430099, 0.0 ], [ 14.97979611311384, 55.002818419666404, 0.0 ], [ 14.979592104723325, 55.002079285236398, 0.0 ], [ 14.978105520028681, 55.002481767605552, 0.0 ], [ 14.978342381092375, 55.003397700430099, 0.0 ] ] ], [ [ [ 14.977254737830592, 55.004183510303676, 0.0 ], [ 14.978370171302915, 55.004090168051057, 0.0 ], [ 14.978105515130535, 55.002481768823316, 0.0 ], [ 14.976906486252782, 55.002825978033982, 0.0 ], [ 14.977254737830592, 55.004183510303676, 0.0 ] ] ], [ [ [ 14.960087086247583, 55.005578570447774, 0.0 ], [ 14.964436109647227, 55.004892053956546, 0.0 ], [ 14.964056673136987, 55.003781799001345, 0.0 ], [ 14.95981816766802, 55.004789431959111, 0.0 ], [ 14.960087086247583, 55.005578570447774, 0.0 ] ] ], [ [ [ 14.972152799149555, 55.003846597693482, 0.0 ], [ 14.9682027342363, 55.004206587806479, 0.0 ], [ 14.969417189293001, 55.008127091883942, 0.0 ], [ 14.970308771561321, 55.00825047301884, 0.0 ], [ 14.969915618345272, 55.006729342045936, 0.0 ], [ 14.96913664030911, 55.00673295176351, 0.0 ], [ 14.969895109674516, 55.006654805717872, 0.0 ], [ 14.969638202590495, 55.005763512510718, 0.0 ], [ 14.971308356762416, 55.005694835703117, 0.0 ], [ 14.970945963288859, 55.004349911180412, 0.0 ], [ 14.97148101249023, 55.006328524526573, 0.0 ], [ 14.97282403535918, 55.006387038783096, 0.0 ], [ 14.972152799149555, 55.003846597693482, 0.0 ] ] ], [ [ [ 14.959817537450814, 55.004789447111378, 0.0 ], [ 14.955655229530704, 55.006285912385593, 0.0 ], [ 14.955907878491534, 55.008440120248224, 0.0 ], [ 14.956950519153594, 55.008211483809632, 0.0 ], [ 14.956901358422078, 55.007695064897241, 0.0 ], [ 14.960574806414819, 55.00716464229928, 0.0 ], [ 14.959817537450814, 55.004789447111378, 0.0 ] ] ], [ [ [ 14.973188255291637, 55.007747484816498, 0.0 ], [ 14.973127431667459, 55.008359965514941, 0.0 ], [ 14.973380547941174, 55.008468652487196, 0.0 ], [ 14.973188255291637, 55.007747484816498, 0.0 ] ] ], [ [ [ 14.966313991825061, 55.012324428148467, 0.0 ], [ 14.967589426400393, 55.012293976107678, 0.0 ], [ 14.967492774447468, 55.010163069663278, 0.0 ], [ 14.968031905777615, 55.010069019270851, 0.0 ], [ 14.967668776586871, 55.008631728388799, 0.0 ], [ 14.969348282040036, 55.008492972527108, 0.0 ], [ 14.969162874846413, 55.007593953596775, 0.0 ], [ 14.967574655815005, 55.007756475991201, 0.0 ], [ 14.965276326270983, 55.007273408627739, 0.0 ], [ 14.965764716358985, 55.008671328225397, 0.0 ], [ 14.964586756384021, 55.008866283129422, 0.0 ], [ 14.966313991825061, 55.012324428148467, 0.0 ] ] ], [ [ [ 14.957140178579888, 55.009841587586351, 0.0 ], [ 14.956180762803937, 55.009856732020872, 0.0 ], [ 14.956417688208312, 55.011923436580282, 0.0 ], [ 14.957499432359906, 55.011827429013657, 0.0 ], [ 14.957140178579888, 55.009841587586351, 0.0 ] ] ], [ [ [ 14.983245513365659, 55.007876421519626, 0.0 ], [ 14.980880345411332, 55.007746155295003, 0.0 ], [ 14.980774910180289, 55.00855445034108, 0.0 ], [ 14.983095599348548, 55.008683214365682, 0.0 ], [ 14.983245513365659, 55.007876421519626, 0.0 ] ] ], [ [ [ 14.983946438274295, 55.007915233887431, 0.0 ], [ 14.983784668724631, 55.008721325584801, 0.0 ], [ 14.986585255697234, 55.008876225425915, 0.0 ], [ 14.986313299624069, 55.008515906947395, 0.0 ], [ 14.986434872372016, 55.0080841909827, 0.0 ], [ 14.985333929489373, 55.008020016118003, 0.0 ], [ 14.984777783985047, 55.008761900816985, 0.0 ], [ 14.98510405803902, 55.008226519680925, 0.0 ], [ 14.983946438274295, 55.007915233887431, 0.0 ] ] ], [ [ [ 14.976717150460562, 55.014510451335902, 0.0 ], [ 14.980882751514416, 55.014485446219709, 0.0 ], [ 14.983536661892064, 55.014107687652903, 0.0 ], [ 14.983305779494046, 55.013069240584812, 0.0 ], [ 14.980369370164802, 55.013688127412635, 0.0 ], [ 14.979798871689761, 55.012953747777658, 0.0 ], [ 14.976669272075515, 55.012137513461809, 0.0 ], [ 14.97495533875936, 55.01246978887847, 0.0 ], [ 14.97482772498824, 55.012145189262213, 0.0 ], [ 14.973825257506197, 55.012317630074321, 0.0 ], [ 14.973425640440706, 55.01124435832692, 0.0 ], [ 14.971184974445125, 55.011658528804176, 0.0 ], [ 14.971870670269231, 55.012653704153998, 0.0 ], [ 14.96904082757651, 55.013138164198736, 0.0 ], [ 14.970607845145707, 55.013011415243895, 0.0 ], [ 14.970802804154392, 55.014298912137555, 0.0 ], [ 14.969797945808708, 55.015054547993969, 0.0 ], [ 14.975923163776034, 55.014569481610067, 0.0 ], [ 14.975847869021655, 55.014237253375427, 0.0 ], [ 14.97663599725206, 55.014169247824242, 0.0 ], [ 14.976717150460562, 55.014510451335902, 0.0 ] ] ], [ [ [ 14.966626207182314, 55.013229455022952, 0.0 ], [ 14.966199883121966, 55.012226163731569, 0.0 ], [ 14.964309510435218, 55.012357966850601, 0.0 ], [ 14.964378433511913, 55.012935247263371, 0.0 ], [ 14.963364753423276, 55.012953782343274, 0.0 ], [ 14.963540886368168, 55.013435515232594, 0.0 ], [ 14.965050121990981, 55.013338780530049, 0.0 ], [ 14.964801558921348, 55.015186023628999, 0.0 ], [ 14.965589185462818, 55.014984355047645, 0.0 ], [ 14.965211251350432, 55.014230445468009, 0.0 ], [ 14.967493118521778, 55.014551763188059, 0.0 ], [ 14.967519936623912, 55.014254120324772, 0.0 ], [ 14.968106218988215, 55.014342550697002, 0.0 ], [ 14.96904082757651, 55.013138164198736, 0.0 ], [ 14.971397287680572, 55.012733189026619, 0.0 ], [ 14.971457254800786, 55.012230024559308, 0.0 ], [ 14.971145746833212, 55.011841560820002, 0.0 ], [ 14.970655367342598, 55.011951680733716, 0.0 ], [ 14.970829815672589, 55.012342753392815, 0.0 ], [ 14.968967063390382, 55.012372892514662, 0.0 ], [ 14.968927067704065, 55.010787195823816, 0.0 ], [ 14.968266642336282, 55.010851927792366, 0.0 ], [ 14.967585095118014, 55.013171733350688, 0.0 ], [ 14.966626207182314, 55.013229455022952, 0.0 ] ] ], [ [ [ 15.020196462795523, 55.013283312228324, 0.0 ], [ 15.020357495368208, 55.014494330670622, 0.0 ], [ 15.020735550288611, 55.015099367976539, 0.0 ], [ 15.021710598683022, 55.014824382693163, 0.0 ], [ 15.022085528364663, 55.013430300799456, 0.0 ], [ 15.021548458947011, 55.01317935972417, 0.0 ], [ 15.020196462795523, 55.013283312228324, 0.0 ] ] ], [ [ [ 14.977959615364528, 55.025254564918164, 0.0 ], [ 14.97404266119433, 55.02548443211623, 0.0 ], [ 14.974440912570332, 55.02651874418239, 0.0 ], [ 14.975782069179406, 55.026761676760003, 0.0 ], [ 14.976322283203162, 55.026305429512078, 0.0 ], [ 14.97720488748293, 55.026282666655476, 0.0 ], [ 14.976795234223543, 55.026956458264735, 0.0 ], [ 14.978274565365595, 55.027239812460039, 0.0 ], [ 14.978978165838404, 55.026000468373212, 0.0 ], [ 14.978215341593526, 55.025930629204574, 0.0 ], [ 14.977959615364528, 55.025254564918164, 0.0 ] ] ], [ [ [ 15.012164140487373, 55.028431794955701, 0.0 ], [ 15.009903061300745, 55.027493433851895, 0.0 ], [ 15.009680663634365, 55.026984243931928, 0.0 ], [ 15.008174205650771, 55.026879269558641, 0.0 ], [ 15.008721818223304, 55.027387123183509, 0.0 ], [ 15.011852504357392, 55.02851995621748, 0.0 ], [ 15.010562517122503, 55.032171519712584, 0.0 ], [ 15.011157639899059, 55.032996552658965, 0.0 ], [ 15.010874572998331, 55.03218538712273, 0.0 ], [ 15.012164140487373, 55.028431794955701, 0.0 ] ] ], [ [ [ 15.042665029775549, 55.020891638831728, 0.0 ], [ 15.040848678278213, 55.021172270926058, 0.0 ], [ 15.038024715811925, 55.020932007221312, 0.0 ], [ 15.037537033116189, 55.022712060317794, 0.0 ], [ 15.039043306563867, 55.022848566623722, 0.0 ], [ 15.038516186983928, 55.023383792590664, 0.0 ], [ 15.039387255873862, 55.023666694800134, 0.0 ], [ 15.042479354646744, 55.023116699572896, 0.0 ], [ 15.042665029775549, 55.020891638831728, 0.0 ] ], [ [ 15.040113736898252, 55.022356729404848, 0.0 ], [ 15.041086996052785, 55.02255422525549, 0.0 ], [ 15.040928793499386, 55.022970187922787, 0.0 ], [ 15.039738066644929, 55.022900434698897, 0.0 ], [ 15.040113736898252, 55.022356729404848, 0.0 ] ] ], [ [ [ 15.099589733229351, 55.003553044440466, 0.0 ], [ 15.100114211315663, 55.003463021382991, 0.0 ], [ 15.098361372216241, 55.002267987623341, 0.0 ], [ 15.097998066280132, 55.002524626667849, 0.0 ], [ 15.099589733229351, 55.003553044440466, 0.0 ] ] ], [ [ [ 15.095420954839765, 55.010562246294647, 0.0 ], [ 15.10128212846007, 55.010249761438132, 0.0 ], [ 15.099869949692552, 55.009214280536384, 0.0 ], [ 15.101240001863596, 55.008303093714858, 0.0 ], [ 15.101459021212788, 55.008450954987147, 0.0 ], [ 15.104566962711832, 55.007247810222076, 0.0 ], [ 15.103056826868961, 55.005998367753918, 0.0 ], [ 15.098852867694006, 55.008009019543536, 0.0 ], [ 15.09257481863026, 55.009732275368158, 0.0 ], [ 15.091161681190853, 55.009334270591339, 0.0 ], [ 15.089652649120074, 55.0100332970297, 0.0 ], [ 15.090929824064167, 55.011493285512188, 0.0 ], [ 15.095420954839765, 55.010562246294647, 0.0 ] ] ], [ [ [ 15.109117426727041, 55.009889423019025, 0.0 ], [ 15.106112862709987, 55.01147275809177, 0.0 ], [ 15.108443343068505, 55.012431841835607, 0.0 ], [ 15.109637752646089, 55.012459605848761, 0.0 ], [ 15.111584983455428, 55.011618857393444, 0.0 ], [ 15.110322001757272, 55.010994305815629, 0.0 ], [ 15.110973851575572, 55.010712091047736, 0.0 ], [ 15.112382918101796, 55.011274424278881, 0.0 ], [ 15.109117426727041, 55.009889423019025, 0.0 ] ] ], [ [ [ 15.117761922545325, 55.013513997423956, 0.0 ], [ 15.118577303960704, 55.013865624826202, 0.0 ], [ 15.119117056402292, 55.013861137923641, 0.0 ], [ 15.117761922545325, 55.013513997423956, 0.0 ] ] ], [ [ [ 15.120076139101291, 55.016728027445239, 0.0 ], [ 15.119272500465108, 55.016940453023679, 0.0 ], [ 15.119968079265378, 55.016944860333254, 0.0 ], [ 15.120076139101291, 55.016728027445239, 0.0 ] ] ], [ [ [ 15.096938738617643, 55.034343019625119, 0.0 ], [ 15.098338646528724, 55.034942930610555, 0.0 ], [ 15.099569151269925, 55.034475766914333, 0.0 ], [ 15.101387942785696, 55.036002956136805, 0.0 ], [ 15.102719923552735, 55.036105083217009, 0.0 ], [ 15.108899866992221, 55.028667511168948, 0.0 ], [ 15.109484673150023, 55.026177566873351, 0.0 ], [ 15.096604317182527, 55.024286625360411, 0.0 ], [ 15.094763797992812, 55.02788404160755, 0.0 ], [ 15.092094415443995, 55.031163789337846, 0.0 ], [ 15.091794562996133, 55.033305079489431, 0.0 ], [ 15.092405297081246, 55.033685770439838, 0.0 ], [ 15.096938738617643, 55.034343019625119, 0.0 ] ] ], [ [ [ 15.12107060273552, 55.044658217166614, 0.0 ], [ 15.114698820309735, 55.041462630664597, 0.0 ], [ 15.112696883977135, 55.043019153813695, 0.0 ], [ 15.113626057417711, 55.043391421906037, 0.0 ], [ 15.112228722099314, 55.044673150503016, 0.0 ], [ 15.112586628147264, 55.044864295158611, 0.0 ], [ 15.11206530373406, 55.045350928114857, 0.0 ], [ 15.115483253493114, 55.047212807733288, 0.0 ], [ 15.116765948101296, 55.046345698490761, 0.0 ], [ 15.118576097018845, 55.047297041027115, 0.0 ], [ 15.123903953584231, 55.04652016116966, 0.0 ], [ 15.12107060273552, 55.044658217166614, 0.0 ] ] ], [ [ [ 15.13127954052683, 55.060818159954792, 0.0 ], [ 15.131756074452994, 55.060817006569849, 0.0 ], [ 15.131511455333071, 55.060519339520717, 0.0 ], [ 15.131242631662587, 55.060510921091527, 0.0 ], [ 15.13127954052683, 55.060818159954792, 0.0 ] ] ], [ [ [ 15.058843475810029, 55.05114611370518, 0.0 ], [ 15.060117465175008, 55.051389896940641, 0.0 ], [ 15.059911513056061, 55.052596956576856, 0.0 ], [ 15.057566264298906, 55.052269958120633, 0.0 ], [ 15.05772908931182, 55.051091529044136, 0.0 ], [ 15.057242663364217, 55.052372706525382, 0.0 ], [ 15.060107906045141, 55.052790981362108, 0.0 ], [ 15.06042767542494, 55.051289538193352, 0.0 ], [ 15.058843475810029, 55.05114611370518, 0.0 ] ] ], [ [ [ 15.073923213057862, 55.061581499401669, 0.0 ], [ 15.074294397404593, 55.06117676673751, 0.0 ], [ 15.072108358593336, 55.060696101362545, 0.0 ], [ 15.072682311500254, 55.061352626792825, 0.0 ], [ 15.073923213057862, 55.061581499401669, 0.0 ] ] ], [ [ [ 15.072138350223641, 55.062027896522672, 0.0 ], [ 15.072346357529216, 55.061482306296824, 0.0 ], [ 15.07107180260425, 55.061412551853863, 0.0 ], [ 15.070889995965736, 55.062450039791933, 0.0 ], [ 15.074113111266144, 55.062720188592515, 0.0 ], [ 15.074537897577004, 55.061850649250303, 0.0 ], [ 15.073583570548873, 55.061669760331043, 0.0 ], [ 15.073254128081347, 55.06223951208699, 0.0 ], [ 15.072138350223641, 55.062027896522672, 0.0 ] ] ], [ [ [ 15.081489264406979, 55.081292002879614, 0.0 ], [ 15.082725756329348, 55.082680536362865, 0.0 ], [ 15.083368894663881, 55.082338444905368, 0.0 ], [ 15.084589556455814, 55.083259723349478, 0.0 ], [ 15.088316089115079, 55.083054180676342, 0.0 ], [ 15.088880036378363, 55.082435613584927, 0.0 ], [ 15.088046993343296, 55.081179585091022, 0.0 ], [ 15.087710783530305, 55.080916484883424, 0.0 ], [ 15.087092823200512, 55.080977730164236, 0.0 ], [ 15.086968453248449, 55.080683931356212, 0.0 ], [ 15.086757150623212, 55.08097801024158, 0.0 ], [ 15.084673174936931, 55.081070822283401, 0.0 ], [ 15.08458390426731, 55.080625103282287, 0.0 ], [ 15.083489043483699, 55.080737254379173, 0.0 ], [ 15.083295450173217, 55.081031330084592, 0.0 ], [ 15.082534600294739, 55.080886818081552, 0.0 ], [ 15.081489264406979, 55.081292002879614, 0.0 ] ] ], [ [ [ 14.941391163008733, 55.028841753162538, 0.0 ], [ 14.95313176258832, 55.028973087279738, 0.0 ], [ 14.950347662575247, 55.020007246597402, 0.0 ], [ 14.951064812935329, 55.019176611157718, 0.0 ], [ 14.949035729262802, 55.018896489895603, 0.0 ], [ 14.948647681180372, 55.017738791717612, 0.0 ], [ 14.947206479078632, 55.016383046809345, 0.0 ], [ 14.9509491878819, 55.015325138095641, 0.0 ], [ 14.94646625032626, 55.01073623879109, 0.0 ], [ 14.939667141239076, 55.013589493945254, 0.0 ], [ 14.933257190325534, 55.015698180303765, 0.0 ], [ 14.93345356791791, 55.016910030653932, 0.0 ], [ 14.935079405387581, 55.018322956363832, 0.0 ], [ 14.936557128684841, 55.024264705190582, 0.0 ], [ 14.936901153409163, 55.026662527414679, 0.0 ], [ 14.934483215368541, 55.027130201047392, 0.0 ], [ 14.935429727604625, 55.02996238059, 0.0 ], [ 14.941391163008733, 55.028841753162538, 0.0 ] ] ], [ [ [ 14.967758478796252, 55.018987106419921, 0.0 ], [ 14.968781859048882, 55.019961549251583, 0.0 ], [ 14.970255197772596, 55.019818264950693, 0.0 ], [ 14.9700026574059, 55.018588413397367, 0.0 ], [ 14.967758478796252, 55.018987106419921, 0.0 ] ] ], [ [ [ 14.975782069179406, 55.026761676760003, 0.0 ], [ 14.976739080844526, 55.027056902193742, 0.0 ], [ 14.976795234223543, 55.026956458264735, 0.0 ], [ 14.975782069179406, 55.026761676760003, 0.0 ] ] ], [ [ [ 14.96570549402961, 55.068793153389812, 0.0 ], [ 14.965213972191037, 55.068793027009946, 0.0 ], [ 14.965213765470393, 55.069069201796026, 0.0 ], [ 14.965705290705998, 55.069069328095985, 0.0 ], [ 14.96570549402961, 55.068793153389812, 0.0 ] ] ], [ [ [ 15.01516959114498, 55.063369035204204, 0.0 ], [ 15.014600704275875, 55.063369120410982, 0.0 ], [ 15.014600863567614, 55.063700819393993, 0.0 ], [ 15.015169739586725, 55.063700734845227, 0.0 ], [ 15.01516959114498, 55.063369035204204, 0.0 ] ] ], [ [ [ 15.019352210095485, 55.064740038986358, 0.0 ], [ 15.018768982009377, 55.064740143527693, 0.0 ], [ 15.018744840435035, 55.065043481325716, 0.0 ], [ 15.019352385393255, 55.065057827738869, 0.0 ], [ 15.019352210095485, 55.064740038986358, 0.0 ] ] ], [ [ [ 15.003272899435872, 55.07188989266956, 0.0 ], [ 15.005637110137153, 55.071145577866318, 0.0 ], [ 15.004995493039299, 55.070623737754708, 0.0 ], [ 15.003149698780399, 55.070684188761469, 0.0 ], [ 15.003272899435872, 55.07188989266956, 0.0 ] ] ], [ [ [ 15.015163146100303, 55.136928894906042, 0.0 ], [ 15.014947805818561, 55.139062588570454, 0.0 ], [ 15.01555542547905, 55.139409488044635, 0.0 ], [ 15.016354248220651, 55.138915203780563, 0.0 ], [ 15.015687791716926, 55.13862384834151, 0.0 ], [ 15.015711085708672, 55.136958187642236, 0.0 ], [ 15.015163146100303, 55.136928894906042, 0.0 ] ] ], [ [ [ 14.959929616780641, 55.150071789907329, 0.0 ], [ 14.95512102347762, 55.1489205253758, 0.0 ], [ 14.954630708504816, 55.149486444677116, 0.0 ], [ 14.955186677049499, 55.14977864862238, 0.0 ], [ 14.955104657923975, 55.150456034429261, 0.0 ], [ 14.95232849499086, 55.149236875614889, 0.0 ], [ 14.954913255161587, 55.15044773544831, 0.0 ], [ 14.955303331782661, 55.150502141064301, 0.0 ], [ 14.955968521355887, 55.150474099168399, 0.0 ], [ 14.956196673418818, 55.151358000875796, 0.0 ], [ 14.958245348394881, 55.151611923516562, 0.0 ], [ 14.957828483752769, 55.151133782621088, 0.0 ], [ 14.958090398174159, 55.151314873937736, 0.0 ], [ 14.958145148274054, 55.151111910619683, 0.0 ], [ 14.961225140750996, 55.151994558964915, 0.0 ], [ 14.96129491060292, 55.153025584978522, 0.0 ], [ 14.960086218424234, 55.152643278522831, 0.0 ], [ 14.959952253720646, 55.153047441393468, 0.0 ], [ 14.958287588619408, 55.152483493687427, 0.0 ], [ 14.958099397423291, 55.152637909548197, 0.0 ], [ 14.958522109421351, 55.153231733227841, 0.0 ], [ 14.957837347162341, 55.154205467782624, 0.0 ], [ 14.959067613044597, 55.15473191550339, 0.0 ], [ 14.958520068962299, 55.155356153152177, 0.0 ], [ 14.959768103367633, 55.155883244904018, 0.0 ], [ 14.960626321737456, 55.155405572317846, 0.0 ], [ 14.959448156716826, 55.154905024533846, 0.0 ], [ 14.959864768579342, 55.153210694025482, 0.0 ], [ 14.961323993309637, 55.153605269472195, 0.0 ], [ 14.961674409609893, 55.154613510667332, 0.0 ], [ 14.964083146654255, 55.15584566778675, 0.0 ], [ 14.965108794313773, 55.155990129693173, 0.0 ], [ 14.96517755039414, 55.154841561293793, 0.0 ], [ 14.96750676889388, 55.155001229949683, 0.0 ], [ 14.966630181465939, 55.153804147095272, 0.0 ], [ 14.967658900977842, 55.152138406243431, 0.0 ], [ 14.967710706287864, 55.149522490998073, 0.0 ], [ 14.964783596401675, 55.149515026478731, 0.0 ], [ 14.96487925592009, 55.15107109171916, 0.0 ], [ 14.962741498595173, 55.149755160555458, 0.0 ], [ 14.960398520057058, 55.14953406069835, 0.0 ], [ 14.959929616780641, 55.150071789907329, 0.0 ] ] ], [ [ [ 14.960075726095834, 55.158030531220376, 0.0 ], [ 14.962433874184592, 55.156351669517797, 0.0 ], [ 14.960436353950131, 55.15613716582866, 0.0 ], [ 14.95993792817983, 55.156734151163562, 0.0 ], [ 14.958909124065649, 55.156430686910753, 0.0 ], [ 14.957492831841344, 55.158044601234799, 0.0 ], [ 14.959058061729262, 55.158893127165811, 0.0 ], [ 14.958219077070995, 55.159706282984942, 0.0 ], [ 14.959250015035957, 55.160321593036478, 0.0 ], [ 14.962843119901679, 55.158498034329014, 0.0 ], [ 14.961894398630632, 55.157853654923024, 0.0 ], [ 14.960075726095834, 55.158030531220376, 0.0 ] ] ], [ [ [ 14.964119067768507, 55.159325196934908, 0.0 ], [ 14.962805224582715, 55.159544600018926, 0.0 ], [ 14.963449021449676, 55.160565160005149, 0.0 ], [ 14.964640867430559, 55.159677174032751, 0.0 ], [ 14.964119067768507, 55.159325196934908, 0.0 ] ] ], [ [ [ 15.045052467811272, 55.15188962528228, 0.0 ], [ 15.044478482834583, 55.151849519667145, 0.0 ], [ 15.044353523483492, 55.152151257075055, 0.0 ], [ 15.044970406130687, 55.152224009693768, 0.0 ], [ 15.045052467811272, 55.15188962528228, 0.0 ] ] ], [ [ [ 15.057062054994271, 55.160822280601941, 0.0 ], [ 15.058076836335344, 55.160153297473528, 0.0 ], [ 15.057353377557154, 55.159667103456577, 0.0 ], [ 15.055849331040333, 55.159973986969256, 0.0 ], [ 15.055774250351556, 55.160305673659508, 0.0 ], [ 15.055943972118028, 55.16078818709704, 0.0 ], [ 15.056556267122009, 55.160933728700677, 0.0 ], [ 15.056395693068824, 55.161322323405287, 0.0 ], [ 15.057012754960132, 55.161233959722075, 0.0 ], [ 15.05631524857373, 55.161740524890227, 0.0 ], [ 15.056755857869801, 55.162323265507425, 0.0 ], [ 15.055863277618991, 55.16247714792167, 0.0 ], [ 15.054433086063039, 55.161626820629472, 0.0 ], [ 15.054098991147862, 55.161698493606238, 0.0 ], [ 15.054483775328423, 55.162235594482404, 0.0 ], [ 15.055776273414876, 55.162489018692071, 0.0 ], [ 15.054959427062748, 55.162908678772411, 0.0 ], [ 15.054547630356545, 55.162754908225516, 0.0 ], [ 15.054264305266736, 55.163086987321492, 0.0 ], [ 15.054686617354497, 55.163206954903572, 0.0 ], [ 15.054109384074568, 55.163639643852093, 0.0 ], [ 15.051598261566369, 55.164971585709537, 0.0 ], [ 15.050856854886538, 55.164785539478849, 0.0 ], [ 15.050406383875741, 55.165276412822081, 0.0 ], [ 15.048521254061715, 55.16582975540593, 0.0 ], [ 15.047771741697405, 55.16648416661851, 0.0 ], [ 15.044253262367722, 55.168092984483181, 0.0 ], [ 15.043347182365391, 55.169177049299506, 0.0 ], [ 15.041333658452606, 55.169782280977877, 0.0 ], [ 15.041206551151571, 55.170400013679711, 0.0 ], [ 15.04018530241358, 55.170816278027281, 0.0 ], [ 15.039364201990038, 55.169883783261319, 0.0 ], [ 15.039697052805316, 55.171266240486062, 0.0 ], [ 15.039096529189065, 55.171429403361778, 0.0 ], [ 15.039332820304915, 55.171693585699842, 0.0 ], [ 15.03882727567443, 55.172017076040582, 0.0 ], [ 15.036949153711637, 55.172124431464901, 0.0 ], [ 15.034012555210522, 55.171796541454519, 0.0 ], [ 15.034329074877915, 55.172419330499508, 0.0 ], [ 15.032325084666603, 55.172559655890005, 0.0 ], [ 15.032604624041817, 55.172335492450912, 0.0 ], [ 15.031265941489098, 55.168594075457193, 0.0 ], [ 15.030553066755179, 55.168610979026269, 0.0 ], [ 15.030464769508953, 55.169561568830993, 0.0 ], [ 15.031803163029039, 55.17101103904794, 0.0 ], [ 15.032080202354303, 55.172354507525128, 0.0 ], [ 15.031510812799809, 55.172337334284549, 0.0 ], [ 15.03156942167826, 55.172703817908491, 0.0 ], [ 15.029715340375295, 55.173356869126337, 0.0 ], [ 15.026987510253772, 55.173626675129903, 0.0 ], [ 15.024210014578385, 55.174400740240436, 0.0 ], [ 15.027889223873601, 55.173675500589511, 0.0 ], [ 15.028030510660082, 55.174555283937174, 0.0 ], [ 15.030229016988105, 55.174526464248892, 0.0 ], [ 15.030774230925131, 55.174122282368344, 0.0 ], [ 15.030813887795235, 55.174380878358527, 0.0 ], [ 15.031529345191961, 55.174339330870595, 0.0 ], [ 15.032092444666992, 55.173785564637981, 0.0 ], [ 15.032653826977368, 55.173858640575183, 0.0 ], [ 15.032574174430652, 55.173391355088043, 0.0 ], [ 15.033765558022194, 55.17330065498868, 0.0 ], [ 15.03434645096408, 55.173596026033529, 0.0 ], [ 15.034756303799975, 55.173218765438577, 0.0 ], [ 15.038923551533044, 55.172896098470147, 0.0 ], [ 15.039511189732135, 55.172517276457995, 0.0 ], [ 15.040951704167727, 55.172301900641727, 0.0 ], [ 15.04078726414931, 55.171790715972705, 0.0 ], [ 15.041512274487379, 55.171682906241102, 0.0 ], [ 15.041605150040578, 55.171975588988118, 0.0 ], [ 15.042350199839303, 55.171744867981836, 0.0 ], [ 15.042852565317462, 55.17123260318467, 0.0 ], [ 15.042465461610263, 55.170522918933436, 0.0 ], [ 15.04410640500716, 55.170272204864226, 0.0 ], [ 15.044677313328132, 55.169521705218955, 0.0 ], [ 15.045675575623862, 55.169200868460784, 0.0 ], [ 15.045329510486697, 55.168877812752015, 0.0 ], [ 15.046913181804127, 55.168479290847245, 0.0 ], [ 15.047985920609335, 55.167506040273956, 0.0 ], [ 15.048292333738864, 55.167746467891085, 0.0 ], [ 15.050401910263536, 55.166356902154547, 0.0 ], [ 15.05009948105142, 55.166962518054206, 0.0 ], [ 15.050601023497546, 55.166934298136347, 0.0 ], [ 15.051257563463544, 55.165889398008517, 0.0 ], [ 15.051599572520191, 55.166264539205812, 0.0 ], [ 15.05228788541957, 55.165864362369419, 0.0 ], [ 15.052280489749762, 55.166067743618299, 0.0 ], [ 15.052900810875196, 55.166032140976753, 0.0 ], [ 15.053226018267017, 55.165552343515891, 0.0 ], [ 15.055086686804966, 55.164805348776362, 0.0 ], [ 15.055296337911068, 55.16496521364197, 0.0 ], [ 15.056207763745636, 55.164044281240123, 0.0 ], [ 15.056365782469461, 55.164285105030743, 0.0 ], [ 15.056866966046133, 55.163129767471425, 0.0 ], [ 15.057886027726939, 55.162478500600244, 0.0 ], [ 15.059031088289068, 55.162580332637049, 0.0 ], [ 15.059433167680899, 55.161472426079037, 0.0 ], [ 15.058523862377919, 55.161310997907684, 0.0 ], [ 15.059172659293488, 55.16063513133885, 0.0 ], [ 15.060976826800573, 55.160040633533384, 0.0 ], [ 15.061025187799896, 55.159507861666313, 0.0 ], [ 15.063492021046617, 55.159896245749614, 0.0 ], [ 15.066430879675979, 55.15887732152202, 0.0 ], [ 15.066271432228543, 55.159709978329204, 0.0 ], [ 15.064293850445654, 55.159897662577428, 0.0 ], [ 15.064375491633685, 55.160395475438946, 0.0 ], [ 15.065906964696651, 55.160506999749465, 0.0 ], [ 15.068806890312208, 55.159305525969948, 0.0 ], [ 15.069782434095366, 55.158362251387125, 0.0 ], [ 15.071822071410343, 55.158164691988453, 0.0 ], [ 15.072136294317296, 55.157667818787679, 0.0 ], [ 15.071753588514083, 55.157208125231833, 0.0 ], [ 15.072338518462644, 55.156548696309692, 0.0 ], [ 15.070614879777272, 55.155849034196002, 0.0 ], [ 15.070395167408337, 55.15655859568534, 0.0 ], [ 15.068942132111387, 55.157287703091868, 0.0 ], [ 15.067568399628893, 55.157584414841963, 0.0 ], [ 15.066859550513566, 55.157418883295236, 0.0 ], [ 15.067641257187013, 55.157947717147131, 0.0 ], [ 15.068018668878008, 55.157810543366558, 0.0 ], [ 15.063881052662449, 55.159666605075088, 0.0 ], [ 15.060753610659877, 55.159298577630935, 0.0 ], [ 15.060716705825111, 55.159936707190241, 0.0 ], [ 15.058966395403479, 55.16049974775688, 0.0 ], [ 15.0582329468156, 55.16123555170433, 0.0 ], [ 15.057496901022938, 55.161258105197327, 0.0 ], [ 15.057062054994271, 55.160822280601941, 0.0 ] ], [ [ 15.032074542569076, 55.172801061729771, 0.0 ], [ 15.032130765735047, 55.172735992328732, 0.0 ], [ 15.032242869712917, 55.172736677836532, 0.0 ], [ 15.032074542569076, 55.172801061729771, 0.0 ] ], [ [ 15.068594599543143, 55.157507425360379, 0.0 ], [ 15.068094334011928, 55.157769975242267, 0.0 ], [ 15.068769249037828, 55.157397006244445, 0.0 ], [ 15.068594599543143, 55.157507425360379, 0.0 ] ] ], [ [ [ 14.927739717355731, 55.015000453163253, 0.0 ], [ 14.92456021042789, 55.014443483036139, 0.0 ], [ 14.923780346620527, 55.015353196156433, 0.0 ], [ 14.921286535315996, 55.016779188484065, 0.0 ], [ 14.921913084746507, 55.019236994593243, 0.0 ], [ 14.929129708077479, 55.016519583890947, 0.0 ], [ 14.928824327792173, 55.015647275739191, 0.0 ], [ 14.927739717355731, 55.015000453163253, 0.0 ] ] ], [ [ [ 14.867793975736141, 55.036885540266113, 0.0 ], [ 14.870408366232027, 55.036428228482251, 0.0 ], [ 14.87097323565188, 55.036892914537567, 0.0 ], [ 14.87188395078342, 55.036896350553803, 0.0 ], [ 14.873383871711544, 55.036139856336476, 0.0 ], [ 14.874231099058521, 55.036063190299345, 0.0 ], [ 14.874254401717481, 55.037120184834208, 0.0 ], [ 14.874483790510192, 55.037625885360825, 0.0 ], [ 14.875613707393995, 55.037977337057043, 0.0 ], [ 14.8776072550591, 55.040836065094055, 0.0 ], [ 14.877222725878445, 55.041906896301917, 0.0 ], [ 14.879443783512542, 55.041481467710234, 0.0 ], [ 14.878505557412717, 55.040992299905234, 0.0 ], [ 14.876361301424401, 55.037873550125823, 0.0 ], [ 14.874387901935082, 55.037113720013245, 0.0 ], [ 14.874438676297615, 55.036209082830879, 0.0 ], [ 14.875348827467024, 55.035645223348524, 0.0 ], [ 14.874994903616525, 55.035136634396814, 0.0 ], [ 14.876356812442427, 55.034515244085931, 0.0 ], [ 14.877556931646222, 55.034376912244738, 0.0 ], [ 14.877206663266914, 55.033565990666645, 0.0 ], [ 14.875596304296357, 55.033951324324221, 0.0 ], [ 14.872485171564573, 55.035405390377363, 0.0 ], [ 14.867529469170616, 55.036258821656631, 0.0 ], [ 14.865682132544258, 55.037235833076338, 0.0 ], [ 14.866869427080076, 55.03833818381645, 0.0 ], [ 14.868055852988464, 55.037370818831583, 0.0 ], [ 14.867793975736141, 55.036885540266113, 0.0 ] ] ], [ [ [ 14.932733198984351, 55.039892377368425, 0.0 ], [ 14.931356194809686, 55.040277289558105, 0.0 ], [ 14.929683861440113, 55.040505547130856, 0.0 ], [ 14.931445302729896, 55.040451840417305, 0.0 ], [ 14.932733198984351, 55.039892377368425, 0.0 ] ] ], [ [ [ 14.911983563222947, 55.049750583722897, 0.0 ], [ 14.911720593023761, 55.049574913149755, 0.0 ], [ 14.909400945393712, 55.050535914831336, 0.0 ], [ 14.913260863709798, 55.053949090624648, 0.0 ], [ 14.915229039342886, 55.053570511049671, 0.0 ], [ 14.914569345240899, 55.052932719825208, 0.0 ], [ 14.914953891168516, 55.052819730037029, 0.0 ], [ 14.913686334509345, 55.051709943542889, 0.0 ], [ 14.914886868839433, 55.051503888675526, 0.0 ], [ 14.913315456495067, 55.050125375285006, 0.0 ], [ 14.913751763679329, 55.050016347919026, 0.0 ], [ 14.913196781462538, 55.049199456666535, 0.0 ], [ 14.911983563222947, 55.049750583722897, 0.0 ] ] ], [ [ [ 14.84364919084121, 55.042910846848351, 0.0 ], [ 14.842976686549749, 55.042450505378596, 0.0 ], [ 14.84147839086188, 55.042689465452327, 0.0 ], [ 14.841766731877495, 55.043355889142227, 0.0 ], [ 14.84364919084121, 55.042910846848351, 0.0 ] ] ], [ [ [ 14.841923015883287, 55.045174101064141, 0.0 ], [ 14.841852714220446, 55.046160362875924, 0.0 ], [ 14.846394574827444, 55.046381988836259, 0.0 ], [ 14.844775268238239, 55.045005316816386, 0.0 ], [ 14.841923015883287, 55.045174101064141, 0.0 ] ] ], [ [ [ 14.843022887036714, 55.047411089130286, 0.0 ], [ 14.844818192561016, 55.047183671314194, 0.0 ], [ 14.844987512123499, 55.046830240157107, 0.0 ], [ 14.848319346958538, 55.0480998068494, 0.0 ], [ 14.847554349989537, 55.047432284102811, 0.0 ], [ 14.845752121649342, 55.046856860773239, 0.0 ], [ 14.845769138665428, 55.04655307844245, 0.0 ], [ 14.841945227279586, 55.046365351846525, 0.0 ], [ 14.84157965630998, 55.04719166780361, 0.0 ], [ 14.843022887036714, 55.047411089130286, 0.0 ] ] ], [ [ [ 14.784693027747812, 55.053381110350266, 0.0 ], [ 14.785108781029171, 55.055258391155888, 0.0 ], [ 14.788199271758209, 55.055214874227197, 0.0 ], [ 14.78894185392606, 55.057109896593559, 0.0 ], [ 14.790903555876048, 55.056399285379243, 0.0 ], [ 14.790411783446524, 55.05484052039413, 0.0 ], [ 14.792007687931948, 55.054691041929772, 0.0 ], [ 14.792672283771743, 55.055826143634619, 0.0 ], [ 14.794430369303882, 55.055253482963828, 0.0 ], [ 14.792954664571411, 55.053955518486191, 0.0 ], [ 14.789706184666972, 55.053890839007479, 0.0 ], [ 14.790021847083683, 55.053992626346741, 0.0 ], [ 14.789856136378322, 55.05408389381595, 0.0 ], [ 14.784693027747812, 55.053381110350266, 0.0 ] ] ], [ [ [ 14.90786031932589, 55.086845602017661, 0.0 ], [ 14.907683136709725, 55.085414321756829, 0.0 ], [ 14.904947015988506, 55.084662571125449, 0.0 ], [ 14.904476369225577, 55.08376637306386, 0.0 ], [ 14.904480584178522, 55.08178585154679, 0.0 ], [ 14.904110746818381, 55.08184452675161, 0.0 ], [ 14.900601735558951, 55.079849616387477, 0.0 ], [ 14.898635295570939, 55.077242739848522, 0.0 ], [ 14.897997931236121, 55.077442752703114, 0.0 ], [ 14.892254031238645, 55.073948550722378, 0.0 ], [ 14.888886640217976, 55.073285521551242, 0.0 ], [ 14.887655641887662, 55.072659650685672, 0.0 ], [ 14.884862906467204, 55.072587177288248, 0.0 ], [ 14.883343772246274, 55.071971995388886, 0.0 ], [ 14.880615562874922, 55.07055480862347, 0.0 ], [ 14.880638557932391, 55.069623630792982, 0.0 ], [ 14.877560309140659, 55.068630365284456, 0.0 ], [ 14.877829316324998, 55.067970355812029, 0.0 ], [ 14.876887104569949, 55.067061799893601, 0.0 ], [ 14.877342476439539, 55.065824451536585, 0.0 ], [ 14.879007418251854, 55.065319134784225, 0.0 ], [ 14.878783640622229, 55.064599827947447, 0.0 ], [ 14.881763101554125, 55.064095682165224, 0.0 ], [ 14.881293560730777, 55.063069657109942, 0.0 ], [ 14.884030284918621, 55.061138864520338, 0.0 ], [ 14.882984307804934, 55.060619283530841, 0.0 ], [ 14.881802087277363, 55.060515752082551, 0.0 ], [ 14.881446623319778, 55.059686445428362, 0.0 ], [ 14.885199192042071, 55.059112688379969, 0.0 ], [ 14.887508472916924, 55.058301019673813, 0.0 ], [ 14.886915681906066, 55.057263169357327, 0.0 ], [ 14.887450282583654, 55.056909952880787, 0.0 ], [ 14.88741190938236, 55.055943224560565, 0.0 ], [ 14.888110786770072, 55.055625597788989, 0.0 ], [ 14.891785109933585, 55.056147514876358, 0.0 ], [ 14.889610967578253, 55.055214264247532, 0.0 ], [ 14.888874846980265, 55.054034870866246, 0.0 ], [ 14.89165251756059, 55.051750316662201, 0.0 ], [ 14.89104409716043, 55.050671301345837, 0.0 ], [ 14.891615735836416, 55.050076214385001, 0.0 ], [ 14.896230234427035, 55.0488982099819, 0.0 ], [ 14.896503648370725, 55.04937313582375, 0.0 ], [ 14.897203051208322, 55.048855059378148, 0.0 ], [ 14.896957872019851, 55.048324403552854, 0.0 ], [ 14.901170288954745, 55.046630084544965, 0.0 ], [ 14.902040088705819, 55.045007825306136, 0.0 ], [ 14.903786131997714, 55.044077848527415, 0.0 ], [ 14.903993049054565, 55.042082061690948, 0.0 ], [ 14.905512049853012, 55.04202423930731, 0.0 ], [ 14.905623097914269, 55.041682728987041, 0.0 ], [ 14.9094749172158, 55.041496681233227, 0.0 ], [ 14.909454900769646, 55.041225552812527, 0.0 ], [ 14.910645680214088, 55.041084909851001, 0.0 ], [ 14.910974845981006, 55.040731604126279, 0.0 ], [ 14.911392231756718, 55.038066661480428, 0.0 ], [ 14.910859937732631, 55.036782308919747, 0.0 ], [ 14.910306040139558, 55.036687696410652, 0.0 ], [ 14.909733192577159, 55.035779494607567, 0.0 ], [ 14.910205432339071, 55.035709049698575, 0.0 ], [ 14.910268853005721, 55.034848613424614, 0.0 ], [ 14.908319321642914, 55.034788226469786, 0.0 ], [ 14.908279503916205, 55.034210496988131, 0.0 ], [ 14.906626843567437, 55.033869470744541, 0.0 ], [ 14.905349789225696, 55.031968610976406, 0.0 ], [ 14.904898919077468, 55.031708924613376, 0.0 ], [ 14.904015933092174, 55.031908611442439, 0.0 ], [ 14.903022540242693, 55.030698442492721, 0.0 ], [ 14.903650984672726, 55.029986744297673, 0.0 ], [ 14.903371437561773, 55.029267400655598, 0.0 ], [ 14.90154311741836, 55.027521332200486, 0.0 ], [ 14.901852701695809, 55.026696353668505, 0.0 ], [ 14.903031472041345, 55.025803243850099, 0.0 ], [ 14.902525590448194, 55.024180603149546, 0.0 ], [ 14.90536433978219, 55.023453103957927, 0.0 ], [ 14.906870958518285, 55.023378825187343, 0.0 ], [ 14.907509117877654, 55.023022108053169, 0.0 ], [ 14.907377220801283, 55.022748091923845, 0.0 ], [ 14.905329288419994, 55.022761814696629, 0.0 ], [ 14.903711310751984, 55.023285147610324, 0.0 ], [ 14.901911005845168, 55.023376064760647, 0.0 ], [ 14.896785469266531, 55.026338497953169, 0.0 ], [ 14.899022372565531, 55.027699407460908, 0.0 ], [ 14.900885413380365, 55.028051271077338, 0.0 ], [ 14.901889098256447, 55.028747628890471, 0.0 ], [ 14.90276063278405, 55.030206407501112, 0.0 ], [ 14.901988513294476, 55.030849386786905, 0.0 ], [ 14.902132551826858, 55.031489466990806, 0.0 ], [ 14.903451656185249, 55.032412408850327, 0.0 ], [ 14.904584719780877, 55.032169502114918, 0.0 ], [ 14.904211686841972, 55.032959494377153, 0.0 ], [ 14.908420586296501, 55.035377727659856, 0.0 ], [ 14.908419432380121, 55.035908216090426, 0.0 ], [ 14.909402684668967, 55.036816587912433, 0.0 ], [ 14.909604484035905, 55.038420021633925, 0.0 ], [ 14.908844027990167, 55.038914584824369, 0.0 ], [ 14.908081057580986, 55.04058795928038, 0.0 ], [ 14.903728814891604, 55.040879426792223, 0.0 ], [ 14.903993883684269, 55.041704882065567, 0.0 ], [ 14.901545027070288, 55.04228686809801, 0.0 ], [ 14.902035174080511, 55.044241984562504, 0.0 ], [ 14.899651857514261, 55.046416807639133, 0.0 ], [ 14.896081062861381, 55.047389150583804, 0.0 ], [ 14.895645037767469, 55.047665066245379, 0.0 ], [ 14.895847025873124, 55.048087115502817, 0.0 ], [ 14.894021944398506, 55.048427919490855, 0.0 ], [ 14.893503106043273, 55.049007220293149, 0.0 ], [ 14.890581021547893, 55.049952198712035, 0.0 ], [ 14.890165102625387, 55.050364202207625, 0.0 ], [ 14.890297517838054, 55.051678392529269, 0.0 ], [ 14.889044508949794, 55.05192490977943, 0.0 ], [ 14.887561499366692, 55.05370354836888, 0.0 ], [ 14.888051671536797, 55.054705961111672, 0.0 ], [ 14.886667107327106, 55.054741373240958, 0.0 ], [ 14.885556214977667, 55.055395443409445, 0.0 ], [ 14.885686181311552, 55.056283563467048, 0.0 ], [ 14.886260994926088, 55.056319409656361, 0.0 ], [ 14.886854897240715, 55.056932898966352, 0.0 ], [ 14.886010444127763, 55.057828237860043, 0.0 ], [ 14.884796840705063, 55.058652274582457, 0.0 ], [ 14.883460856433775, 55.059028313210128, 0.0 ], [ 14.88136635195786, 55.059061710988701, 0.0 ], [ 14.879845112478327, 55.059590704379715, 0.0 ], [ 14.881073448473019, 55.060982840468526, 0.0 ], [ 14.882982484809702, 55.061244036563387, 0.0 ], [ 14.882961352329447, 55.061491592353761, 0.0 ], [ 14.882180506317471, 55.06167949554915, 0.0 ], [ 14.881459699242463, 55.062362497010703, 0.0 ], [ 14.878748208588224, 55.062619279680938, 0.0 ], [ 14.878724300290063, 55.063821689394771, 0.0 ], [ 14.877018304408251, 55.064303334272701, 0.0 ], [ 14.877140112784373, 55.064704276606683, 0.0 ], [ 14.877633389648254, 55.064645823908734, 0.0 ], [ 14.877467464265395, 55.065187883691522, 0.0 ], [ 14.875924926117426, 55.06590551370293, 0.0 ], [ 14.876471627915352, 55.068641054526204, 0.0 ], [ 14.878789751708998, 55.069668921024871, 0.0 ], [ 14.879014163953686, 55.070235007462784, 0.0 ], [ 14.878397865773072, 55.070281606784263, 0.0 ], [ 14.879053225348812, 55.0709894612082, 0.0 ], [ 14.879484791061472, 55.070883856132767, 0.0 ], [ 14.881244090927604, 55.073502483397995, 0.0 ], [ 14.883646661718, 55.073834907332348, 0.0 ], [ 14.887559027129763, 55.073644091742324, 0.0 ], [ 14.890507795080785, 55.073994158032356, 0.0 ], [ 14.893440765643817, 55.075859346169047, 0.0 ], [ 14.895247210395361, 55.076473777383157, 0.0 ], [ 14.897934083068563, 55.078373948590574, 0.0 ], [ 14.898796733570631, 55.078480724246901, 0.0 ], [ 14.900477310274036, 55.080273946814707, 0.0 ], [ 14.900168723050944, 55.080521258023872, 0.0 ], [ 14.902673231752502, 55.08145439960218, 0.0 ], [ 14.90174884861058, 55.083208291667766, 0.0 ], [ 14.904055982675999, 55.085479289974728, 0.0 ], [ 14.907775929731979, 55.087965392588309, 0.0 ], [ 14.902368111568341, 55.089589609951624, 0.0 ], [ 14.901889717144968, 55.091933780612443, 0.0 ], [ 14.892556947605023, 55.095535809109599, 0.0 ], [ 14.889866028331801, 55.095495920247224, 0.0 ], [ 14.889592624246143, 55.09465877265805, 0.0 ], [ 14.884817701930803, 55.094957940952789, 0.0 ], [ 14.882224702114424, 55.094723034501179, 0.0 ], [ 14.880412752126112, 55.095058970489021, 0.0 ], [ 14.880030736717593, 55.094498986023574, 0.0 ], [ 14.877940572888761, 55.093988060173466, 0.0 ], [ 14.877797538487368, 55.093646022360701, 0.0 ], [ 14.875761747772966, 55.093962306718367, 0.0 ], [ 14.876125893042239, 55.096025774571288, 0.0 ], [ 14.87811763776922, 55.096723138286464, 0.0 ], [ 14.87897862079712, 55.097643460042868, 0.0 ], [ 14.879136666261262, 55.099930592885663, 0.0 ], [ 14.883202323434872, 55.101608345606628, 0.0 ], [ 14.884866264786341, 55.102093137721347, 0.0 ], [ 14.886633929025434, 55.102212578918966, 0.0 ], [ 14.885522415807404, 55.102765743050334, 0.0 ], [ 14.886445330600477, 55.103475278067116, 0.0 ], [ 14.892962489804489, 55.106148258229958, 0.0 ], [ 14.892707119077564, 55.107109980772861, 0.0 ], [ 14.893693731418693, 55.107252375614195, 0.0 ], [ 14.896938834276877, 55.108740280993892, 0.0 ], [ 14.898786608389351, 55.109944150581796, 0.0 ], [ 14.900878843365923, 55.112209119333471, 0.0 ], [ 14.902605311850772, 55.112587589541313, 0.0 ], [ 14.903300815997337, 55.114191425464789, 0.0 ], [ 14.904618108576029, 55.113673629647693, 0.0 ], [ 14.906013151950162, 55.115254236765495, 0.0 ], [ 14.905909300888846, 55.115806366093196, 0.0 ], [ 14.90664739001903, 55.115930418683426, 0.0 ], [ 14.908220447269359, 55.115412386057656, 0.0 ], [ 14.908336306807467, 55.114817265959161, 0.0 ], [ 14.907385314041237, 55.112795275728487, 0.0 ], [ 14.905444145416791, 55.11198860454703, 0.0 ], [ 14.906559229906193, 55.111596198786557, 0.0 ], [ 14.906206553965383, 55.111187419276931, 0.0 ], [ 14.903742153894024, 55.109830026789346, 0.0 ], [ 14.902284927013991, 55.10854396318237, 0.0 ], [ 14.899614668159607, 55.107422067782494, 0.0 ], [ 14.896966655994211, 55.105616298101587, 0.0 ], [ 14.898140018686275, 55.104886393458671, 0.0 ], [ 14.900628160233659, 55.104664317846868, 0.0 ], [ 14.902829486624757, 55.099229775625361, 0.0 ], [ 14.903518432511854, 55.089541952189769, 0.0 ], [ 14.909656278546105, 55.088428410408341, 0.0 ], [ 14.909379248921553, 55.087683646573986, 0.0 ], [ 14.90786031932589, 55.086845602017661, 0.0 ] ] ], [ [ [ 14.906824498128461, 55.061688300499654, 0.0 ], [ 14.908750647984508, 55.063740998927038, 0.0 ], [ 14.917193477355301, 55.062425424750835, 0.0 ], [ 14.916723233490675, 55.061648066345754, 0.0 ], [ 14.913724376356658, 55.061881840089676, 0.0 ], [ 14.913397935853956, 55.060797007466107, 0.0 ], [ 14.910949124144588, 55.061056374783057, 0.0 ], [ 14.910236040291196, 55.060488402023609, 0.0 ], [ 14.906824498128461, 55.061688300499654, 0.0 ] ] ], [ [ [ 14.918938700328031, 55.071051876110886, 0.0 ], [ 14.919921760915651, 55.071285572177494, 0.0 ], [ 14.919971188455454, 55.071101769370081, 0.0 ], [ 14.918938700328031, 55.071051876110886, 0.0 ] ] ], [ [ [ 14.922674431224923, 55.087879917685484, 0.0 ], [ 14.921227239560551, 55.088003012018646, 0.0 ], [ 14.922017543517747, 55.088814642612128, 0.0 ], [ 14.923349589634526, 55.088513398882021, 0.0 ], [ 14.922674431224923, 55.087879917685484, 0.0 ] ] ], [ [ [ 14.815534877411277, 55.071457842644655, 0.0 ], [ 14.813246874294231, 55.0724339305252, 0.0 ], [ 14.813590837175504, 55.073531002182044, 0.0 ], [ 14.814618709941609, 55.074293966164625, 0.0 ], [ 14.814335216420689, 55.073303270467861, 0.0 ], [ 14.815403777013463, 55.0732576575152, 0.0 ], [ 14.815605055709188, 55.074224662447293, 0.0 ], [ 14.814700172959554, 55.074411937515869, 0.0 ], [ 14.815025258589046, 55.075237643255164, 0.0 ], [ 14.816582864420528, 55.076112381194534, 0.0 ], [ 14.822854110557907, 55.073103859528388, 0.0 ], [ 14.82468914603329, 55.073341992483009, 0.0 ], [ 14.824746191711048, 55.072837828895572, 0.0 ], [ 14.825677689174878, 55.072753789331436, 0.0 ], [ 14.825565653801144, 55.070065740043006, 0.0 ], [ 14.823759240742561, 55.069756679854507, 0.0 ], [ 14.820103610103391, 55.069562745710677, 0.0 ], [ 14.815910664434176, 55.070122509565479, 0.0 ], [ 14.814923636339346, 55.070333170137609, 0.0 ], [ 14.815534877411277, 55.071457842644655, 0.0 ] ] ], [ [ [ 14.824293413212468, 55.104513452166536, 0.0 ], [ 14.824433649427588, 55.104783558619239, 0.0 ], [ 14.825394669153143, 55.104615373240421, 0.0 ], [ 14.825635820667067, 55.105073036688282, 0.0 ], [ 14.826103689488052, 55.104984834014232, 0.0 ], [ 14.825700097082562, 55.104282204247454, 0.0 ], [ 14.824293413212468, 55.104513452166536, 0.0 ] ] ], [ [ [ 14.824300720483635, 55.105154794179789, 0.0 ], [ 14.823892160275424, 55.105396715086535, 0.0 ], [ 14.824152452830067, 55.105577493916719, 0.0 ], [ 14.824292968653385, 55.105393054981256, 0.0 ], [ 14.824300720483635, 55.105154794179789, 0.0 ] ] ], [ [ [ 14.769908721803832, 55.068427304088225, 0.0 ], [ 14.772456808459134, 55.067853163526436, 0.0 ], [ 14.773536892181799, 55.069018265380606, 0.0 ], [ 14.77516782213849, 55.068559241944094, 0.0 ], [ 14.774027892577481, 55.067176214460673, 0.0 ], [ 14.778186865689213, 55.065845052517929, 0.0 ], [ 14.776499465405893, 55.064610973319056, 0.0 ], [ 14.772386410926613, 55.065546492942076, 0.0 ], [ 14.773009714036357, 55.066537120638891, 0.0 ], [ 14.765468497354865, 55.068433736460328, 0.0 ], [ 14.765214879032847, 55.069706535653573, 0.0 ], [ 14.770724015795045, 55.069009562837572, 0.0 ], [ 14.769908721803832, 55.068427304088225, 0.0 ] ] ], [ [ [ 14.735036569124265, 55.072113778741581, 0.0 ], [ 14.734475819460901, 55.072504336571619, 0.0 ], [ 14.73542410554554, 55.07231303529192, 0.0 ], [ 14.735036569124265, 55.072113778741581, 0.0 ] ] ], [ [ [ 14.725815791741724, 55.079069021599409, 0.0 ], [ 14.724635742713836, 55.080965332660924, 0.0 ], [ 14.729966222355436, 55.080880427528498, 0.0 ], [ 14.735940991999925, 55.079215676670536, 0.0 ], [ 14.739532781328375, 55.076730487567886, 0.0 ], [ 14.738985610305441, 55.075548665877953, 0.0 ], [ 14.736864800661996, 55.076393007559588, 0.0 ], [ 14.730094918152451, 55.074948877250499, 0.0 ], [ 14.725815791741724, 55.079069021599409, 0.0 ] ] ], [ [ [ 14.75230242604731, 55.079002117406738, 0.0 ], [ 14.751345071094743, 55.080421178387127, 0.0 ], [ 14.752045638709292, 55.081170097956374, 0.0 ], [ 14.753496785038749, 55.080298779795136, 0.0 ], [ 14.75230242604731, 55.079002117406738, 0.0 ] ] ], [ [ [ 14.771357413772181, 55.07930469400187, 0.0 ], [ 14.760990033756036, 55.081251781406195, 0.0 ], [ 14.761174811332751, 55.081575656564581, 0.0 ], [ 14.754312771671483, 55.084849688765715, 0.0 ], [ 14.754314268383746, 55.085556313265208, 0.0 ], [ 14.753348363861422, 55.085569694831655, 0.0 ], [ 14.753370186268276, 55.085945764489374, 0.0 ], [ 14.7624331623751, 55.088015455426365, 0.0 ], [ 14.762984010921725, 55.087101891822989, 0.0 ], [ 14.76985869847687, 55.087985700798747, 0.0 ], [ 14.768425079282148, 55.08328152221398, 0.0 ], [ 14.773638136092343, 55.08134172380791, 0.0 ], [ 14.771357413772181, 55.07930469400187, 0.0 ] ] ], [ [ [ 14.744710160418862, 55.08688881068538, 0.0 ], [ 14.745379398311549, 55.087272231268237, 0.0 ], [ 14.748443002688955, 55.086253564048498, 0.0 ], [ 14.747847147095225, 55.085765638370141, 0.0 ], [ 14.744710160418862, 55.08688881068538, 0.0 ] ] ], [ [ [ 14.751839024254913, 55.088552126078888, 0.0 ], [ 14.751974981911202, 55.087511109731032, 0.0 ], [ 14.750193361934953, 55.0875263909439, 0.0 ], [ 14.749982672041341, 55.088374915942957, 0.0 ], [ 14.751839024254913, 55.088552126078888, 0.0 ] ] ], [ [ [ 14.749160198346098, 55.092991259596275, 0.0 ], [ 14.75003901116062, 55.092689988441983, 0.0 ], [ 14.749179580809319, 55.092051531924838, 0.0 ], [ 14.749307997666165, 55.091203034412622, 0.0 ], [ 14.748489784324022, 55.090564701678979, 0.0 ], [ 14.747828131621326, 55.091223521194856, 0.0 ], [ 14.747572737132344, 55.092637834539751, 0.0 ], [ 14.747734129407583, 55.093133297664991, 0.0 ], [ 14.749000082117547, 55.092580338343268, 0.0 ], [ 14.749160198346098, 55.092991259596275, 0.0 ] ] ], [ [ [ 14.721548765260211, 55.08047489245174, 0.0 ], [ 14.721332078106803, 55.081329307450076, 0.0 ], [ 14.722748140893746, 55.081163775201723, 0.0 ], [ 14.722814714930502, 55.080610200236528, 0.0 ], [ 14.721980000965749, 55.08087641184467, 0.0 ], [ 14.721548765260211, 55.08047489245174, 0.0 ] ] ], [ [ [ 14.705511874132252, 55.083539009372494, 0.0 ], [ 14.70271838649429, 55.087155368369743, 0.0 ], [ 14.700618004833727, 55.088442396834502, 0.0 ], [ 14.700093301713041, 55.089529616063544, 0.0 ], [ 14.696725979162247, 55.091417723948027, 0.0 ], [ 14.698039368402165, 55.092630116863923, 0.0 ], [ 14.701546786990736, 55.092597584878177, 0.0 ], [ 14.703331856807509, 55.093357311348321, 0.0 ], [ 14.703474518213637, 55.092863624363829, 0.0 ], [ 14.702573351695595, 55.092779504702371, 0.0 ], [ 14.702421552484813, 55.092399901068639, 0.0 ], [ 14.702874524047795, 55.091642976352169, 0.0 ], [ 14.70259068587869, 55.091339239258375, 0.0 ], [ 14.701627808961033, 55.091749947972218, 0.0 ], [ 14.697592193068049, 55.091441795214259, 0.0 ], [ 14.701619854764958, 55.091748872214339, 0.0 ], [ 14.702590728820564, 55.091339210236292, 0.0 ], [ 14.702881804561773, 55.091635487000886, 0.0 ], [ 14.70402029172544, 55.091198262442546, 0.0 ], [ 14.704671081400207, 55.091310364853776, 0.0 ], [ 14.709187095035189, 55.08563709282226, 0.0 ], [ 14.71399160074608, 55.082769112013118, 0.0 ], [ 14.713645786158274, 55.082509878714902, 0.0 ], [ 14.710956621324978, 55.082956201439821, 0.0 ], [ 14.710428976277733, 55.08179671967104, 0.0 ], [ 14.705511874132252, 55.083539009372494, 0.0 ] ] ], [ [ [ 14.698070265179373, 55.1010289027504, 0.0 ], [ 14.697201469506245, 55.100645533140536, 0.0 ], [ 14.697223118980528, 55.101083504148654, 0.0 ], [ 14.698070265179373, 55.1010289027504, 0.0 ] ] ], [ [ [ 14.695953576209073, 55.102294739406858, 0.0 ], [ 14.697758563538544, 55.101975935823482, 0.0 ], [ 14.69765923976567, 55.101727260752142, 0.0 ], [ 14.695834276061776, 55.101903332815958, 0.0 ], [ 14.695953576209073, 55.102294739406858, 0.0 ] ] ], [ [ [ 14.697654644656927, 55.102666067642929, 0.0 ], [ 14.696248685166072, 55.102835906277484, 0.0 ], [ 14.6963495493917, 55.103101028240864, 0.0 ], [ 14.697610816081752, 55.103098307215696, 0.0 ], [ 14.697654644656927, 55.102666067642929, 0.0 ] ] ], [ [ [ 14.700991430486669, 55.118062338647526, 0.0 ], [ 14.702410072975546, 55.116480784448122, 0.0 ], [ 14.702735082279549, 55.113888126412256, 0.0 ], [ 14.704743129277448, 55.113496304863752, 0.0 ], [ 14.702307710967315, 55.11393212935937, 0.0 ], [ 14.702480340184673, 55.11523363313507, 0.0 ], [ 14.700991430486669, 55.118062338647526, 0.0 ] ] ], [ [ [ 14.702345311493474, 55.113924106861383, 0.0 ], [ 14.702116664308408, 55.113375842731386, 0.0 ], [ 14.701978396526041, 55.113193657807315, 0.0 ], [ 14.701869488154312, 55.113213654485421, 0.0 ], [ 14.702345311493474, 55.113924106861383, 0.0 ] ] ], [ [ [ 14.874646771811895, 55.096491156654857, 0.0 ], [ 14.874074774727957, 55.096490584416038, 0.0 ], [ 14.874073773277328, 55.096818592225453, 0.0 ], [ 14.874645760788558, 55.096819174052605, 0.0 ], [ 14.874646771811895, 55.096491156654857, 0.0 ] ] ], [ [ [ 14.917542176229333, 55.100364222703377, 0.0 ], [ 14.916934022157884, 55.100363831551626, 0.0 ], [ 14.916933321857135, 55.100712549666753, 0.0 ], [ 14.917541482567112, 55.100712949635387, 0.0 ], [ 14.917542176229333, 55.100364222703377, 0.0 ] ] ], [ [ [ 14.9260643941472, 55.102087818186369, 0.0 ], [ 14.925477602539683, 55.102087470869968, 0.0 ], [ 14.925477005041733, 55.102423995855325, 0.0 ], [ 14.926063801597033, 55.102424343058104, 0.0 ], [ 14.9260643941472, 55.102087818186369, 0.0 ] ] ], [ [ [ 14.906192864706263, 55.110715541858411, 0.0 ], [ 14.905273365266801, 55.109488798970808, 0.0 ], [ 14.904782340711277, 55.10969417789709, 0.0 ], [ 14.906192864706263, 55.110715541858411, 0.0 ] ] ], [ [ [ 14.906870346654495, 55.118437707450845, 0.0 ], [ 14.902633804695697, 55.118411128784182, 0.0 ], [ 14.901726142331702, 55.119707111801198, 0.0 ], [ 14.900033267821557, 55.120291626457451, 0.0 ], [ 14.900182324554988, 55.121732735598833, 0.0 ], [ 14.899376462885295, 55.123746805467746, 0.0 ], [ 14.899509613037635, 55.125816780476782, 0.0 ], [ 14.898354522027894, 55.126139768177111, 0.0 ], [ 14.898973572835086, 55.129362931204035, 0.0 ], [ 14.901369488365352, 55.131407497090201, 0.0 ], [ 14.902557972571458, 55.131078998667739, 0.0 ], [ 14.901795327510259, 55.125719315498898, 0.0 ], [ 14.901055653881739, 55.125388735612667, 0.0 ], [ 14.901282494915524, 55.12223275406496, 0.0 ], [ 14.90261664073874, 55.121772677947845, 0.0 ], [ 14.904189184529759, 55.122090205331325, 0.0 ], [ 14.904661662297299, 55.123391645447342, 0.0 ], [ 14.905302598982622, 55.123710709347257, 0.0 ], [ 14.908505840772225, 55.123366503825444, 0.0 ], [ 14.910948748838807, 55.123720632039202, 0.0 ], [ 14.908922590767315, 55.122100575942703, 0.0 ], [ 14.906870346654495, 55.118437707450845, 0.0 ] ] ], [ [ [ 14.93182185453376, 55.126248418039907, 0.0 ], [ 14.932411593576052, 55.125410012026961, 0.0 ], [ 14.931431915731803, 55.124778228727934, 0.0 ], [ 14.930625530288669, 55.125010404120466, 0.0 ], [ 14.929816867410876, 55.124821190783912, 0.0 ], [ 14.929731460040911, 55.125241354733497, 0.0 ], [ 14.930510250769689, 55.125437024372729, 0.0 ], [ 14.930207970656415, 55.125789237458847, 0.0 ], [ 14.93182185453376, 55.126248418039907, 0.0 ] ] ], [ [ [ 14.845467799270626, 55.119126118982713, 0.0 ], [ 14.847368306225015, 55.118087950875911, 0.0 ], [ 14.848120469697784, 55.11744170869008, 0.0 ], [ 14.847920903869984, 55.117081629355653, 0.0 ], [ 14.847294731449232, 55.117228302065051, 0.0 ], [ 14.847694228124372, 55.117573173341547, 0.0 ], [ 14.847321846271637, 55.11806363945729, 0.0 ], [ 14.845581918229797, 55.118866421076333, 0.0 ], [ 14.845467799270626, 55.119126118982713, 0.0 ] ] ], [ [ [ 14.830886448836583, 55.13294961267917, 0.0 ], [ 14.830318139712599, 55.132948832618645, 0.0 ], [ 14.830342492520234, 55.133309211280242, 0.0 ], [ 14.830885013453772, 55.13329553803937, 0.0 ], [ 14.830886448836583, 55.13294961267917, 0.0 ] ] ], [ [ [ 14.795516179609132, 55.176546827898143, 0.0 ], [ 14.800752287342783, 55.176061052298863, 0.0 ], [ 14.801302987156864, 55.175342004252741, 0.0 ], [ 14.800116410961841, 55.175197149044614, 0.0 ], [ 14.795478074510699, 55.175657466084957, 0.0 ], [ 14.795516179609132, 55.176546827898143, 0.0 ] ] ], [ [ [ 14.804010268734949, 55.176079469154629, 0.0 ], [ 14.803291261318373, 55.17496378631791, 0.0 ], [ 14.802996827354793, 55.174830972760461, 0.0 ], [ 14.802221937122594, 55.174669811264749, 0.0 ], [ 14.802080156979745, 55.174697888470718, 0.0 ], [ 14.803281265780061, 55.174966109082455, 0.0 ], [ 14.803410283661556, 55.175487510473616, 0.0 ], [ 14.801732351292104, 55.175549968563722, 0.0 ], [ 14.80151273188082, 55.175053128053321, 0.0 ], [ 14.801484142945709, 55.175920630568278, 0.0 ], [ 14.800386858123552, 55.176332249769708, 0.0 ], [ 14.800200492753802, 55.177257000780145, 0.0 ], [ 14.801258834344733, 55.177161584903999, 0.0 ], [ 14.802654365743624, 55.176557185337863, 0.0 ], [ 14.804339247023405, 55.179190458755137, 0.0 ], [ 14.8048046777841, 55.179339625516974, 0.0 ], [ 14.805389046331223, 55.178213341753107, 0.0 ], [ 14.804204402345112, 55.176361989872049, 0.0 ], [ 14.803684501185167, 55.176344092843252, 0.0 ], [ 14.804010268734949, 55.176079469154629, 0.0 ] ] ], [ [ [ 14.916136382873562, 55.169737076964829, 0.0 ], [ 14.916051776869685, 55.169794421719196, 0.0 ], [ 14.916158925323723, 55.169779967781956, 0.0 ], [ 14.916136382873562, 55.169737076964829, 0.0 ] ] ], [ [ [ 14.960435756848078, 55.171495634405275, 0.0 ], [ 14.960278610756859, 55.172080718231513, 0.0 ], [ 14.962104240543493, 55.172280514195272, 0.0 ], [ 14.962599390947457, 55.171439634630154, 0.0 ], [ 14.962267751886777, 55.171486060455422, 0.0 ], [ 14.962385477214811, 55.171469506743534, 0.0 ], [ 14.962209147401797, 55.171059077937024, 0.0 ], [ 14.962796579968117, 55.170783464094583, 0.0 ], [ 14.96050876070781, 55.171145529019235, 0.0 ], [ 14.960557511642246, 55.170379026903788, 0.0 ], [ 14.961673929903395, 55.16936109082129, 0.0 ], [ 14.963949147821946, 55.16974370862291, 0.0 ], [ 14.963243547682341, 55.168242122524987, 0.0 ], [ 14.9602449088017, 55.166973686759626, 0.0 ], [ 14.960050012264167, 55.167401085874509, 0.0 ], [ 14.955587124206275, 55.166349940362267, 0.0 ], [ 14.957981242589307, 55.169249168346511, 0.0 ], [ 14.957239656997197, 55.170758630992935, 0.0 ], [ 14.958928131941246, 55.171023087900217, 0.0 ], [ 14.958830427134492, 55.17127016443127, 0.0 ], [ 14.960435756848078, 55.171495634405275, 0.0 ] ], [ [ 14.962267690766522, 55.171486072457824, 0.0 ], [ 14.962071357884202, 55.171839484926146, 0.0 ], [ 14.961092013577149, 55.171764579042353, 0.0 ], [ 14.96147690022188, 55.171200974828587, 0.0 ], [ 14.962267690766522, 55.171486072457824, 0.0 ] ] ], [ [ [ 14.928510938829572, 55.181467347333829, 0.0 ], [ 14.927371630114289, 55.182060563799176, 0.0 ], [ 14.927841382829863, 55.183495571943752, 0.0 ], [ 14.932254597551065, 55.183044752117006, 0.0 ], [ 14.931383979110926, 55.181775235378836, 0.0 ], [ 14.928510938829572, 55.181467347333829, 0.0 ] ] ], [ [ [ 14.72229026508756, 55.147124923735355, 0.0 ], [ 14.723383461614249, 55.147120206531589, 0.0 ], [ 14.721255424900692, 55.145110730232133, 0.0 ], [ 14.720709964516475, 55.144904553822798, 0.0 ], [ 14.718663793866677, 55.145695560735078, 0.0 ], [ 14.720011974222686, 55.146321008644655, 0.0 ], [ 14.721512300590822, 55.147946071943899, 0.0 ], [ 14.724039621884417, 55.148056546088299, 0.0 ], [ 14.72299429412155, 55.147192648082928, 0.0 ], [ 14.72229026508756, 55.147124923735355, 0.0 ] ] ], [ [ [ 14.718458720498353, 55.152399191762349, 0.0 ], [ 14.717806190880017, 55.152283862456159, 0.0 ], [ 14.717720625118824, 55.15264008538432, 0.0 ], [ 14.718093752519703, 55.152685152877581, 0.0 ], [ 14.718458720498353, 55.152399191762349, 0.0 ] ] ], [ [ [ 14.72019531777072, 55.153382496019553, 0.0 ], [ 14.720193139233043, 55.153042869046466, 0.0 ], [ 14.719562257237563, 55.153123913061641, 0.0 ], [ 14.719729167479858, 55.153275235950396, 0.0 ], [ 14.72019531777072, 55.153382496019553, 0.0 ] ] ], [ [ [ 14.723151455879467, 55.153998896139299, 0.0 ], [ 14.725626903415904, 55.153556392360855, 0.0 ], [ 14.725748547137227, 55.153954052336232, 0.0 ], [ 14.72736742784811, 55.153935108962735, 0.0 ], [ 14.727621498041151, 55.153200002921949, 0.0 ], [ 14.728590567875415, 55.15307097139074, 0.0 ], [ 14.72973007491386, 55.153343742430273, 0.0 ], [ 14.730941631007754, 55.1530992404494, 0.0 ], [ 14.729650146418333, 55.153239614682171, 0.0 ], [ 14.728579579070486, 55.15289547553116, 0.0 ], [ 14.723151455879467, 55.153998896139299, 0.0 ] ] ], [ [ [ 14.752250316979749, 55.105906564318055, 0.0 ], [ 14.751186031099953, 55.105944318273487, 0.0 ], [ 14.751108449960727, 55.106540181048594, 0.0 ], [ 14.752416882067809, 55.106721629692835, 0.0 ], [ 14.752419796729294, 55.107253249982165, 0.0 ], [ 14.7515506966255, 55.107303850953002, 0.0 ], [ 14.751350398661543, 55.1067453735049, 0.0 ], [ 14.750081323163611, 55.106763946857818, 0.0 ], [ 14.750292680431395, 55.108076333637719, 0.0 ], [ 14.75234574738141, 55.107977324447134, 0.0 ], [ 14.752913220077492, 55.106560646671888, 0.0 ], [ 14.752389477288451, 55.106578436455045, 0.0 ], [ 14.752250316979749, 55.105906564318055, 0.0 ] ] ], [ [ [ 14.766968352308989, 55.139683651334096, 0.0 ], [ 14.768896594666769, 55.139752057921498, 0.0 ], [ 14.768780941114169, 55.139231628591553, 0.0 ], [ 14.769559827784116, 55.13916049423684, 0.0 ], [ 14.769755676834693, 55.139638306118357, 0.0 ], [ 14.768896846978533, 55.139752063944108, 0.0 ], [ 14.768981147271514, 55.1400318253081, 0.0 ], [ 14.770453944884933, 55.139870333614532, 0.0 ], [ 14.769757658491281, 55.139130942708618, 0.0 ], [ 14.770244312702177, 55.139289986012983, 0.0 ], [ 14.770733749020854, 55.138114717744472, 0.0 ], [ 14.767361220911164, 55.138244594719509, 0.0 ], [ 14.767307267700938, 55.139191746872768, 0.0 ], [ 14.765898372845646, 55.13926625907812, 0.0 ], [ 14.766968352308989, 55.139683651334096, 0.0 ] ] ], [ [ [ 14.751829921714998, 55.2156996892557, 0.0 ], [ 14.751901716490632, 55.214394016485208, 0.0 ], [ 14.749921822846579, 55.213969269438678, 0.0 ], [ 14.748913176130417, 55.214294526067015, 0.0 ], [ 14.748470946180866, 55.215836454730514, 0.0 ], [ 14.750081611127076, 55.216228851514167, 0.0 ], [ 14.751829921714998, 55.2156996892557, 0.0 ] ], [ [ 14.75071367811818, 55.215373361598758, 0.0 ], [ 14.749619840479456, 55.215471777588292, 0.0 ], [ 14.749777682797198, 55.214806790034942, 0.0 ], [ 14.751000951600348, 55.214859309190679, 0.0 ], [ 14.75071367811818, 55.215373361598758, 0.0 ] ] ], [ [ [ 14.790658352620689, 55.235473973886521, 0.0 ], [ 14.790840171695116, 55.236066180964841, 0.0 ], [ 14.791319495167393, 55.23611248796459, 0.0 ], [ 14.791592157810275, 55.235487929079468, 0.0 ], [ 14.790658352620689, 55.235473973886521, 0.0 ] ] ], [ [ [ 14.722080018263561, 55.170391255825713, 0.0 ], [ 14.72419422485301, 55.168027847242769, 0.0 ], [ 14.723917393487755, 55.168207095962643, 0.0 ], [ 14.723136501298132, 55.167967604225929, 0.0 ], [ 14.723321934489562, 55.167770174895594, 0.0 ], [ 14.719104311028694, 55.16628263061682, 0.0 ], [ 14.716597167929399, 55.166231406658312, 0.0 ], [ 14.717303734110528, 55.16760750418748, 0.0 ], [ 14.719024268927861, 55.169333185546705, 0.0 ], [ 14.722080018263561, 55.170391255825713, 0.0 ] ] ], [ [ [ 14.715717855265437, 55.176104018113826, 0.0 ], [ 14.719448304008319, 55.173031539593268, 0.0 ], [ 14.723150573553134, 55.171539572115208, 0.0 ], [ 14.723714649694543, 55.170952850290533, 0.0 ], [ 14.722080379577351, 55.17039223802044, 0.0 ], [ 14.719024648133308, 55.169334292932277, 0.0 ], [ 14.719616943517805, 55.170082315936789, 0.0 ], [ 14.7056020674598, 55.171148903099649, 0.0 ], [ 14.70495289614745, 55.174087181019551, 0.0 ], [ 14.702937230720837, 55.176719713129053, 0.0 ], [ 14.705216954676175, 55.176966187824242, 0.0 ], [ 14.705308395083188, 55.176781626617071, 0.0 ], [ 14.710334817455301, 55.177545438955526, 0.0 ], [ 14.715717855265437, 55.176104018113826, 0.0 ] ] ], [ [ [ 14.756025626339387, 55.194301275973579, 0.0 ], [ 14.752610975416889, 55.192186127715324, 0.0 ], [ 14.752749176241135, 55.191950261438762, 0.0 ], [ 14.750522571329912, 55.191159006559808, 0.0 ], [ 14.749323155905037, 55.190348934083055, 0.0 ], [ 14.75023168895957, 55.189610422328734, 0.0 ], [ 14.747696763142514, 55.187974913621886, 0.0 ], [ 14.746560345736773, 55.186780766696828, 0.0 ], [ 14.743247400428306, 55.185077095865267, 0.0 ], [ 14.743764815339548, 55.184250464715568, 0.0 ], [ 14.742396168517757, 55.182753340901044, 0.0 ], [ 14.742759971837648, 55.182407645029905, 0.0 ], [ 14.742124424872852, 55.182422555163036, 0.0 ], [ 14.740742138584599, 55.181554837667534, 0.0 ], [ 14.74154140670486, 55.180269451227666, 0.0 ], [ 14.741082001921798, 55.180458551082644, 0.0 ], [ 14.74072038129194, 55.181542506323872, 0.0 ], [ 14.739910058289363, 55.18132310180561, 0.0 ], [ 14.736636437294539, 55.179219156850522, 0.0 ], [ 14.734981173429617, 55.178914577121866, 0.0 ], [ 14.73483720624589, 55.17823223651164, 0.0 ], [ 14.733279571501976, 55.177543318789034, 0.0 ], [ 14.733061914408514, 55.177774717257066, 0.0 ], [ 14.734609897361535, 55.178947577492423, 0.0 ], [ 14.736462195644956, 55.17957262229163, 0.0 ], [ 14.739700529399162, 55.183286563099998, 0.0 ], [ 14.741534800094097, 55.184089412049858, 0.0 ], [ 14.741848141701933, 55.185729019050783, 0.0 ], [ 14.744536327165559, 55.18692620361859, 0.0 ], [ 14.745336875227027, 55.188514604845423, 0.0 ], [ 14.74799516348993, 55.190701714082088, 0.0 ], [ 14.748351154743908, 55.191570857967044, 0.0 ], [ 14.747922835016345, 55.192138413708399, 0.0 ], [ 14.748474568211753, 55.192080998846748, 0.0 ], [ 14.748608144924681, 55.192499945943617, 0.0 ], [ 14.749661866633074, 55.191724966749319, 0.0 ], [ 14.751781004257522, 55.1931801350783, 0.0 ], [ 14.752526869034412, 55.194452747678397, 0.0 ], [ 14.752706177902722, 55.195629955393947, 0.0 ], [ 14.751831191639523, 55.19563282680032, 0.0 ], [ 14.752327887304954, 55.196062308037241, 0.0 ], [ 14.750369014921436, 55.196972287184693, 0.0 ], [ 14.751108803633525, 55.198334568526121, 0.0 ], [ 14.749151194562916, 55.198416442585625, 0.0 ], [ 14.749055252744393, 55.198675691048884, 0.0 ], [ 14.745731626012208, 55.197973289744873, 0.0 ], [ 14.743995987831125, 55.197757130250039, 0.0 ], [ 14.749061370342162, 55.198696457451256, 0.0 ], [ 14.749168330309153, 55.198432646062066, 0.0 ], [ 14.750841908291658, 55.198442596719737, 0.0 ], [ 14.750527111439075, 55.19916454057514, 0.0 ], [ 14.751139387413174, 55.199365625755057, 0.0 ], [ 14.751914354580064, 55.198203847440638, 0.0 ], [ 14.753070105213217, 55.198198394751749, 0.0 ], [ 14.752393061854951, 55.197580079647395, 0.0 ], [ 14.751780253141764, 55.197519701049558, 0.0 ], [ 14.751815086745767, 55.197144901444346, 0.0 ], [ 14.755554969348184, 55.19704297600417, 0.0 ], [ 14.756594508721943, 55.195225936818723, 0.0 ], [ 14.756025626339387, 55.194301275973579, 0.0 ] ], [ [ 14.751094031163344, 55.198426259670939, 0.0 ], [ 14.750999168226048, 55.198464945641817, 0.0 ], [ 14.750900671369418, 55.198438439813899, 0.0 ], [ 14.751094031163344, 55.198426259670939, 0.0 ] ] ], [ [ [ 14.704180689412972, 55.200117714147282, 0.0 ], [ 14.707713752929514, 55.197028550001001, 0.0 ], [ 14.70534218853706, 55.194433760485111, 0.0 ], [ 14.704782328754458, 55.192664010418206, 0.0 ], [ 14.705015781225805, 55.190455357589741, 0.0 ], [ 14.703965810138474, 55.19034343962187, 0.0 ], [ 14.70376678337955, 55.189672740194077, 0.0 ], [ 14.703722149872071, 55.191168917832293, 0.0 ], [ 14.702021119188469, 55.193243735494569, 0.0 ], [ 14.701991637456867, 55.195229223448315, 0.0 ], [ 14.701254723177051, 55.196538166646931, 0.0 ], [ 14.703896191463976, 55.20150792189996, 0.0 ], [ 14.704258006433934, 55.201461280271211, 0.0 ], [ 14.704180689412972, 55.200117714147282, 0.0 ] ] ], [ [ [ 14.725683525296732, 55.231461840274918, 0.0 ], [ 14.725601318294602, 55.231501276355921, 0.0 ], [ 14.725681409807402, 55.231507381305278, 0.0 ], [ 14.725683525296732, 55.231461840274918, 0.0 ] ] ], [ [ [ 14.720529289113628, 55.231136230088779, 0.0 ], [ 14.720191393786545, 55.230184179980633, 0.0 ], [ 14.719759784944396, 55.230182206426953, 0.0 ], [ 14.719733539935016, 55.230432278410035, 0.0 ], [ 14.720367611566463, 55.231129367774301, 0.0 ], [ 14.720260704254672, 55.231124835518592, 0.0 ], [ 14.720221420638627, 55.2313304936375, 0.0 ], [ 14.720310489832283, 55.232135624475497, 0.0 ], [ 14.719829326187808, 55.232245488471513, 0.0 ], [ 14.720150076283549, 55.232840718139727, 0.0 ], [ 14.72062826079423, 55.232775149977861, 0.0 ], [ 14.720422666197862, 55.231172507955243, 0.0 ], [ 14.721458319051271, 55.233848980817285, 0.0 ], [ 14.721493620057688, 55.232625904584076, 0.0 ], [ 14.720578490678564, 55.231180068561727, 0.0 ], [ 14.724441237791281, 55.231428870904836, 0.0 ], [ 14.720529289113628, 55.231136230088779, 0.0 ] ] ], [ [ [ 14.746208255265771, 55.237461092984439, 0.0 ], [ 14.746745803518147, 55.235860764543744, 0.0 ], [ 14.745190958086566, 55.235562547508408, 0.0 ], [ 14.744169457724634, 55.236817703171404, 0.0 ], [ 14.74212738938663, 55.236833693893139, 0.0 ], [ 14.742075806640241, 55.237654965440043, 0.0 ], [ 14.739483185574183, 55.237588190373614, 0.0 ], [ 14.739550955413343, 55.237160712895481, 0.0 ], [ 14.737951841438649, 55.237058816758086, 0.0 ], [ 14.7361969964739, 55.23338323068684, 0.0 ], [ 14.736367921237134, 55.232668185312022, 0.0 ], [ 14.735736746625504, 55.232641931176417, 0.0 ], [ 14.737085035204322, 55.231148198223039, 0.0 ], [ 14.733176220292515, 55.231541347737902, 0.0 ], [ 14.730539461116493, 55.233105383639717, 0.0 ], [ 14.7301363580003, 55.2330291428949, 0.0 ], [ 14.730105984984496, 55.233770070504946, 0.0 ], [ 14.72968868070773, 55.23393538779748, 0.0 ], [ 14.728664377794447, 55.233154495733814, 0.0 ], [ 14.722110737216502, 55.235227684590171, 0.0 ], [ 14.721378915781409, 55.236175507407289, 0.0 ], [ 14.723125550585472, 55.238282873798219, 0.0 ], [ 14.727257261387054, 55.240947908824552, 0.0 ], [ 14.734204207960286, 55.247130321097522, 0.0 ], [ 14.73506224064591, 55.246839271282276, 0.0 ], [ 14.736021339978587, 55.247116113043077, 0.0 ], [ 14.735096746472925, 55.247573984023255, 0.0 ], [ 14.735597906675389, 55.247875768567191, 0.0 ], [ 14.736282416834481, 55.247632112255445, 0.0 ], [ 14.736206260070713, 55.24727834189958, 0.0 ], [ 14.736600516384353, 55.24740310133383, 0.0 ], [ 14.736825172714815, 55.246850195344635, 0.0 ], [ 14.737314353724178, 55.246950948412106, 0.0 ], [ 14.739057785897748, 55.246316492042091, 0.0 ], [ 14.739012957082895, 55.245935143988305, 0.0 ], [ 14.739694211063219, 55.245990564356148, 0.0 ], [ 14.739443908438899, 55.244752497802033, 0.0 ], [ 14.741157581264405, 55.244248410093398, 0.0 ], [ 14.741136187998675, 55.244018051384145, 0.0 ], [ 14.742999212421026, 55.243640918157837, 0.0 ], [ 14.74351433382015, 55.242847722550813, 0.0 ], [ 14.740973422341929, 55.243180583941061, 0.0 ], [ 14.739917157235299, 55.244225403975143, 0.0 ], [ 14.738858239544259, 55.243814650729256, 0.0 ], [ 14.73914074308961, 55.244216832019745, 0.0 ], [ 14.738713384599032, 55.243610919581172, 0.0 ], [ 14.738575177763138, 55.242586608599233, 0.0 ], [ 14.739842392963954, 55.242438784986206, 0.0 ], [ 14.741918461840136, 55.241837178729291, 0.0 ], [ 14.743092054979286, 55.241399104832759, 0.0 ], [ 14.743891749106655, 55.23946880018422, 0.0 ], [ 14.746088941026981, 55.239164863749103, 0.0 ], [ 14.744834921957205, 55.237770840834706, 0.0 ], [ 14.746208255265771, 55.237461092984439, 0.0 ] ], [ [ 14.73863199906102, 55.245904151113784, 0.0 ], [ 14.738695528547147, 55.24590931964763, 0.0 ], [ 14.738673235569774, 55.246290648824072, 0.0 ], [ 14.73863199906102, 55.245904151113784, 0.0 ] ], [ [ 14.736196171832416, 55.247260836545863, 0.0 ], [ 14.736034323640494, 55.247120862413034, 0.0 ], [ 14.736137190662301, 55.247158490654243, 0.0 ], [ 14.736196171832416, 55.247260836545863, 0.0 ] ], [ [ 14.740101398109219, 55.244417264683719, 0.0 ], [ 14.740101326136511, 55.244411425812828, 0.0 ], [ 14.740292136906593, 55.244408264690328, 0.0 ], [ 14.740101398109219, 55.244417264683719, 0.0 ] ], [ [ 14.740019403305681, 55.24426390542277, 0.0 ], [ 14.7400211092619, 55.244259684031988, 0.0 ], [ 14.740020774656024, 55.244296885543775, 0.0 ], [ 14.740019403305681, 55.24426390542277, 0.0 ] ], [ [ 14.73967427957988, 55.244276768345287, 0.0 ], [ 14.739673256326128, 55.244276447543164, 0.0 ], [ 14.739839870530037, 55.244241748825793, 0.0 ], [ 14.73967427957988, 55.244276768345287, 0.0 ] ], [ [ 14.74106948264401, 55.240306424631861, 0.0 ], [ 14.741098786316501, 55.240479058492959, 0.0 ], [ 14.741096955670486, 55.240240466986648, 0.0 ], [ 14.74106948264401, 55.240306424631861, 0.0 ] ], [ [ 14.74106722417336, 55.240890598386102, 0.0 ], [ 14.7410808325427, 55.240923768514541, 0.0 ], [ 14.741068976117447, 55.240902126063865, 0.0 ], [ 14.74106722417336, 55.240890598386102, 0.0 ] ], [ [ 14.741182024427674, 55.241108480819506, 0.0 ], [ 14.741635250288001, 55.241449373822995, 0.0 ], [ 14.741544624756106, 55.241392581894978, 0.0 ], [ 14.741182024427674, 55.241108480819506, 0.0 ] ], [ [ 14.742504457479484, 55.241315453993309, 0.0 ], [ 14.742671733282949, 55.241544075344919, 0.0 ], [ 14.742491540374823, 55.241326145957785, 0.0 ], [ 14.742504457479484, 55.241315453993309, 0.0 ] ] ], [ [ [ 15.131731260431648, 55.060850360774701, 0.0 ], [ 15.132795382512519, 55.061125192534583, 0.0 ], [ 15.1329899039442, 55.060879421292086, 0.0 ], [ 15.131731260431648, 55.060850360774701, 0.0 ] ] ], [ [ [ 15.107248371644587, 55.079556876350118, 0.0 ], [ 15.103551285078444, 55.079751628830309, 0.0 ], [ 15.103439527499971, 55.080436315367187, 0.0 ], [ 15.104624246561087, 55.081288420279989, 0.0 ], [ 15.103361618455834, 55.081161032780543, 0.0 ], [ 15.101526906341043, 55.081830135982422, 0.0 ], [ 15.102237078877355, 55.084149035805105, 0.0 ], [ 15.097990284776778, 55.084484166934054, 0.0 ], [ 15.097707319697268, 55.086242566210103, 0.0 ], [ 15.102871524885082, 55.086079734335961, 0.0 ], [ 15.105388059482552, 55.092643951723986, 0.0 ], [ 15.106450598262759, 55.092841884956044, 0.0 ], [ 15.106055752050224, 55.09090724597884, 0.0 ], [ 15.104449991546829, 55.088173911391358, 0.0 ], [ 15.107290608465805, 55.08804934352225, 0.0 ], [ 15.109823043986411, 55.082766320853899, 0.0 ], [ 15.108883152545406, 55.080884104353849, 0.0 ], [ 15.107758821996207, 55.079916975579643, 0.0 ], [ 15.107248371644587, 55.079556876350118, 0.0 ] ] ], [ [ [ 15.149994339630339, 55.075047033231243, 0.0 ], [ 15.147104599014197, 55.074733479437946, 0.0 ], [ 15.145443881338643, 55.075714507694023, 0.0 ], [ 15.149664721197535, 55.078857140192682, 0.0 ], [ 15.151473504601187, 55.080965378565551, 0.0 ], [ 15.152040681655199, 55.083093900171136, 0.0 ], [ 15.151657066089498, 55.088768078819989, 0.0 ], [ 15.150272364195141, 55.093130544376791, 0.0 ], [ 15.149608205139103, 55.09306032922737, 0.0 ], [ 15.149372515438754, 55.094385557507735, 0.0 ], [ 15.149197160547796, 55.094591060751178, 0.0 ], [ 15.148794820219889, 55.094414829459147, 0.0 ], [ 15.148007147356154, 55.095222675825013, 0.0 ], [ 15.14784962539578, 55.095879873656628, 0.0 ], [ 15.14824421911468, 55.095963756706162, 0.0 ], [ 15.145348352131519, 55.099927837272702, 0.0 ], [ 15.14656114227911, 55.100206026054217, 0.0 ], [ 15.146493384720838, 55.100975019142609, 0.0 ], [ 15.145394861734243, 55.102851122279233, 0.0 ], [ 15.144951021406202, 55.102884309972673, 0.0 ], [ 15.144932952509203, 55.103467413671702, 0.0 ], [ 15.144339780509643, 55.103769679289464, 0.0 ], [ 15.145565694395378, 55.103858691007488, 0.0 ], [ 15.146329759602342, 55.103062237974285, 0.0 ], [ 15.145772257773553, 55.102792042631215, 0.0 ], [ 15.145935124034882, 55.10252807408731, 0.0 ], [ 15.147668935391172, 55.101291259794969, 0.0 ], [ 15.147151154078141, 55.100012733516913, 0.0 ], [ 15.148643034917528, 55.098339889127708, 0.0 ], [ 15.148545592052585, 55.097984654455722, 0.0 ], [ 15.149839566256517, 55.098218663206161, 0.0 ], [ 15.149707882149933, 55.098608288712391, 0.0 ], [ 15.150401739357921, 55.098532756132521, 0.0 ], [ 15.150336214339646, 55.098150274402713, 0.0 ], [ 15.149587383771673, 55.098098106465464, 0.0 ], [ 15.149104619157132, 55.097813612932654, 0.0 ], [ 15.148627634569483, 55.097826164388614, 0.0 ], [ 15.149040447864955, 55.097654967227491, 0.0 ], [ 15.148693569915254, 55.097310389798047, 0.0 ], [ 15.149509609871014, 55.096598132465189, 0.0 ], [ 15.15027140252881, 55.096421492369053, 0.0 ], [ 15.150043454538048, 55.096126267932654, 0.0 ], [ 15.151376843670135, 55.094686882692216, 0.0 ], [ 15.152769667599204, 55.094581877162277, 0.0 ], [ 15.152898794861592, 55.094918394532641, 0.0 ], [ 15.153621785513428, 55.094649244144179, 0.0 ], [ 15.153172459493613, 55.094626879987956, 0.0 ], [ 15.153549356434686, 55.094190835323666, 0.0 ], [ 15.153199277618834, 55.093561606521085, 0.0 ], [ 15.155607036737061, 55.092772117898697, 0.0 ], [ 15.155716208070251, 55.091897910908784, 0.0 ], [ 15.156254042675778, 55.091606679838485, 0.0 ], [ 15.155589571559123, 55.090874851993746, 0.0 ], [ 15.155227341270948, 55.090915106657683, 0.0 ], [ 15.155543710084585, 55.090721787729969, 0.0 ], [ 15.154496492579758, 55.089779020758726, 0.0 ], [ 15.154704798139967, 55.089580526496597, 0.0 ], [ 15.153157784717495, 55.089206343380106, 0.0 ], [ 15.153679465356403, 55.08818491230214, 0.0 ], [ 15.154658493725357, 55.087886276215308, 0.0 ], [ 15.154629390962542, 55.087291950095015, 0.0 ], [ 15.155527031000704, 55.087308367341301, 0.0 ], [ 15.156298893230746, 55.086583439723128, 0.0 ], [ 15.156231213706144, 55.085727140033072, 0.0 ], [ 15.1551168264266, 55.085274929353467, 0.0 ], [ 15.156049022397147, 55.084812269183615, 0.0 ], [ 15.155974820703703, 55.084093796593855, 0.0 ], [ 15.156614697843162, 55.08445782570778, 0.0 ], [ 15.156088674347314, 55.083745945824596, 0.0 ], [ 15.156289996779247, 55.083317930589153, 0.0 ], [ 15.15667211127114, 55.084082819810739, 0.0 ], [ 15.156827151611164, 55.083996657502851, 0.0 ], [ 15.156819504501724, 55.082310025484475, 0.0 ], [ 15.155864167079981, 55.080907106472623, 0.0 ], [ 15.156025489547337, 55.080611834333411, 0.0 ], [ 15.15513654390649, 55.07966650530922, 0.0 ], [ 15.15389116397084, 55.079240454756047, 0.0 ], [ 15.152568415077061, 55.078118878913436, 0.0 ], [ 15.152543414947031, 55.07703575807632, 0.0 ], [ 15.150864890363268, 55.075261630867651, 0.0 ], [ 15.150453936996561, 55.075197181455366, 0.0 ], [ 15.15051293250534, 55.075423956655783, 0.0 ], [ 15.149994339630339, 55.075047033231243, 0.0 ] ] ], [ [ [ 15.149883018708895, 55.098061385593482, 0.0 ], [ 15.149809850261335, 55.098044561346619, 0.0 ], [ 15.149812347281634, 55.098048150517272, 0.0 ], [ 15.149883018708895, 55.098061385593482, 0.0 ] ] ], [ [ [ 15.157080854366697, 55.083898956959082, 0.0 ], [ 15.157124509923563, 55.083873797906556, 0.0 ], [ 15.157031019901959, 55.083842079011923, 0.0 ], [ 15.157080854366697, 55.083898956959082, 0.0 ] ] ], [ [ [ 15.157243130103545, 55.083278463625227, 0.0 ], [ 15.157159275191596, 55.083363980020657, 0.0 ], [ 15.157303124256599, 55.083302090031232, 0.0 ], [ 15.157243130103545, 55.083278463625227, 0.0 ] ] ], [ [ [ 15.157059215585109, 55.083466021633022, 0.0 ], [ 15.157155648388967, 55.083636431067376, 0.0 ], [ 15.157247658163095, 55.083523619991084, 0.0 ], [ 15.157059215585109, 55.083466021633022, 0.0 ] ] ], [ [ [ 15.156535827885969, 55.08123313268252, 0.0 ], [ 15.156246269126157, 55.081194760792705, 0.0 ], [ 15.156551857295341, 55.081359528638679, 0.0 ], [ 15.156535827885969, 55.08123313268252, 0.0 ] ] ], [ [ [ 15.153011904927395, 55.077322450428866, 0.0 ], [ 15.153057515076556, 55.076971742617793, 0.0 ], [ 15.152656787580701, 55.076675626360064, 0.0 ], [ 15.15264909108657, 55.077148175486563, 0.0 ], [ 15.153011904927395, 55.077322450428866, 0.0 ] ] ], [ [ [ 15.097010183234664, 55.095598768686415, 0.0 ], [ 15.09265016712996, 55.091480897227598, 0.0 ], [ 15.091928505578675, 55.090254841854993, 0.0 ], [ 15.094775024584795, 55.089217520291328, 0.0 ], [ 15.097308070812913, 55.088704399512736, 0.0 ], [ 15.098273735601447, 55.089804515603738, 0.0 ], [ 15.099262391192534, 55.089674784753043, 0.0 ], [ 15.101791713410336, 55.088266454781625, 0.0 ], [ 15.089684389130815, 55.088750274402692, 0.0 ], [ 15.094555563991575, 55.094346836335433, 0.0 ], [ 15.095192220585606, 55.094148048067481, 0.0 ], [ 15.095906384191901, 55.094785192201371, 0.0 ], [ 15.096579331338997, 55.096052963862618, 0.0 ], [ 15.097010183234664, 55.095598768686415, 0.0 ] ] ], [ [ [ 15.093166576633402, 55.094718076429473, 0.0 ], [ 15.089436330795818, 55.09069010469657, 0.0 ], [ 15.089048476682196, 55.090780066386856, 0.0 ], [ 15.09260164826669, 55.094186121521489, 0.0 ], [ 15.093749895572037, 55.096776177941663, 0.0 ], [ 15.093166576633402, 55.094718076429473, 0.0 ] ] ], [ [ [ 15.081442565502304, 55.095188615455221, 0.0 ], [ 15.080271919292173, 55.098633989869967, 0.0 ], [ 15.081710822984418, 55.099879617562976, 0.0 ], [ 15.092808172762711, 55.097020193923846, 0.0 ], [ 15.090785074348338, 55.092955162899607, 0.0 ], [ 15.083697489482734, 55.09425543864846, 0.0 ], [ 15.081442565502304, 55.095188615455221, 0.0 ] ] ], [ [ [ 15.103440001306117, 55.118581809347823, 0.0 ], [ 15.105173357852902, 55.117982799128619, 0.0 ], [ 15.104573200551268, 55.117844064062936, 0.0 ], [ 15.105447383023257, 55.11766890448019, 0.0 ], [ 15.104423212101075, 55.117785615653737, 0.0 ], [ 15.104044474809806, 55.116943730386531, 0.0 ], [ 15.105253019308446, 55.116792529270171, 0.0 ], [ 15.105503965904203, 55.11760577673283, 0.0 ], [ 15.108389636787633, 55.114367882001474, 0.0 ], [ 15.107926903585643, 55.113603716301455, 0.0 ], [ 15.106617152007598, 55.115004081733794, 0.0 ], [ 15.103818470536101, 55.116211316399273, 0.0 ], [ 15.102523877138033, 55.116383513595324, 0.0 ], [ 15.103440001306117, 55.118581809347823, 0.0 ] ] ], [ [ [ 15.140573194932594, 55.10927005861609, 0.0 ], [ 15.143342553571104, 55.108538192462447, 0.0 ], [ 15.143135236306273, 55.108152912176848, 0.0 ], [ 15.140017785714855, 55.108227947585583, 0.0 ], [ 15.140331824116849, 55.109589295877448, 0.0 ], [ 15.140573194932594, 55.10927005861609, 0.0 ] ] ], [ [ [ 15.142428473600031, 55.114831433627472, 0.0 ], [ 15.141931433808894, 55.115095457374103, 0.0 ], [ 15.141419167585235, 55.116839278116082, 0.0 ], [ 15.14343931472545, 55.116212154715953, 0.0 ], [ 15.14331921614315, 55.115007456944589, 0.0 ], [ 15.142428473600031, 55.114831433627472, 0.0 ] ] ], [ [ [ 15.155056931111297, 55.123932041107103, 0.0 ], [ 15.154507092892043, 55.123626907906043, 0.0 ], [ 15.155146898047111, 55.123570879254842, 0.0 ], [ 15.155788675044183, 55.123915350067975, 0.0 ], [ 15.155500183909936, 55.123383054870665, 0.0 ], [ 15.155707280487121, 55.123150056859004, 0.0 ], [ 15.154524136521385, 55.122733714978551, 0.0 ], [ 15.154998830880707, 55.122503485412146, 0.0 ], [ 15.154339003331827, 55.122302149618797, 0.0 ], [ 15.154479268165243, 55.12208618336529, 0.0 ], [ 15.153327223655605, 55.122455015799915, 0.0 ], [ 15.152331723769786, 55.122360411095869, 0.0 ], [ 15.152125334342992, 55.121900584213826, 0.0 ], [ 15.15176603647442, 55.122074917715224, 0.0 ], [ 15.151550796236094, 55.121848921283096, 0.0 ], [ 15.151486471011928, 55.121011196312764, 0.0 ], [ 15.151096934517472, 55.121504002828061, 0.0 ], [ 15.149281623672563, 55.120730836560298, 0.0 ], [ 15.149482817954187, 55.119953158643249, 0.0 ], [ 15.148328137579183, 55.12067297062692, 0.0 ], [ 15.14707877873234, 55.120274500399084, 0.0 ], [ 15.14745878193839, 55.119512944462805, 0.0 ], [ 15.14806806181921, 55.119370282577577, 0.0 ], [ 15.147902538476197, 55.119154593762268, 0.0 ], [ 15.146938780394233, 55.119425669319341, 0.0 ], [ 15.146581105580688, 55.118212156619855, 0.0 ], [ 15.14839129229604, 55.117751292387283, 0.0 ], [ 15.148178469387657, 55.117468234538094, 0.0 ], [ 15.147624428693064, 55.117532257190227, 0.0 ], [ 15.148082220317225, 55.116928818064999, 0.0 ], [ 15.147098043426364, 55.116662267286017, 0.0 ], [ 15.14570872752185, 55.115483520007459, 0.0 ], [ 15.145075544813697, 55.11544779329396, 0.0 ], [ 15.145603872905008, 55.115022629516574, 0.0 ], [ 15.143908294126108, 55.114425546556447, 0.0 ], [ 15.143382823163844, 55.113744325801818, 0.0 ], [ 15.14323261688939, 55.1130934462388, 0.0 ], [ 15.144170370780376, 55.111852288140888, 0.0 ], [ 15.146245219914652, 55.11169844234071, 0.0 ], [ 15.146433489238287, 55.111440120936166, 0.0 ], [ 15.145363882776333, 55.111158238487938, 0.0 ], [ 15.145855132406698, 55.110931400464622, 0.0 ], [ 15.145425774350858, 55.110598551003527, 0.0 ], [ 15.145727868376561, 55.110431277970612, 0.0 ], [ 15.145200559817946, 55.109936157472518, 0.0 ], [ 15.144806461159712, 55.110011401629471, 0.0 ], [ 15.144689596606524, 55.109272124680629, 0.0 ], [ 15.143797022551011, 55.109003148348094, 0.0 ], [ 15.144163107210705, 55.108026773047627, 0.0 ], [ 15.143731827633374, 55.107883806076941, 0.0 ], [ 15.143372967643502, 55.109129358422656, 0.0 ], [ 15.143796168708278, 55.109723298350907, 0.0 ], [ 15.143149886819248, 55.110007813052405, 0.0 ], [ 15.143927833955553, 55.110049386379202, 0.0 ], [ 15.144185986231651, 55.110828811430572, 0.0 ], [ 15.143267571363797, 55.110882716469895, 0.0 ], [ 15.143295996612988, 55.112211666057753, 0.0 ], [ 15.142666729508193, 55.113077441018632, 0.0 ], [ 15.14383269289938, 55.115430421914454, 0.0 ], [ 15.144599106011944, 55.120068914001187, 0.0 ], [ 15.147041720750289, 55.125466427762689, 0.0 ], [ 15.148338699591473, 55.125408854848594, 0.0 ], [ 15.148366498450592, 55.125645547494742, 0.0 ], [ 15.147084433235566, 55.125705219742272, 0.0 ], [ 15.147276401818802, 55.127746909978626, 0.0 ], [ 15.149450769209059, 55.127988502737786, 0.0 ], [ 15.149332238206737, 55.128939417458525, 0.0 ], [ 15.14867844081855, 55.129636281814925, 0.0 ], [ 15.150035760081646, 55.132531558526132, 0.0 ], [ 15.15040011885625, 55.132389584335201, 0.0 ], [ 15.152249157237961, 55.13308268399269, 0.0 ], [ 15.153239786359212, 55.132854486209133, 0.0 ], [ 15.153867352335974, 55.133457079657212, 0.0 ], [ 15.154585230524754, 55.132793713039199, 0.0 ], [ 15.154071092396869, 55.132795965315246, 0.0 ], [ 15.153983193787708, 55.132426200733207, 0.0 ], [ 15.154540418724084, 55.132128699325477, 0.0 ], [ 15.154669355200285, 55.131358623345271, 0.0 ], [ 15.15421513413871, 55.13152832849849, 0.0 ], [ 15.153766905623447, 55.130978552674556, 0.0 ], [ 15.15255806745488, 55.130975435758756, 0.0 ], [ 15.153119844050879, 55.130816313694964, 0.0 ], [ 15.152917112610016, 55.130418242009, 0.0 ], [ 15.154159027734504, 55.130652179578654, 0.0 ], [ 15.153919821906713, 55.13012358499256, 0.0 ], [ 15.152614951660457, 55.129336288480381, 0.0 ], [ 15.153774804200491, 55.129286881841409, 0.0 ], [ 15.153984838063021, 55.129031832461997, 0.0 ], [ 15.152078121877365, 55.127943007355221, 0.0 ], [ 15.152808219871339, 55.127673121146323, 0.0 ], [ 15.153765185494731, 55.128065664863996, 0.0 ], [ 15.154614719119676, 55.127941786595933, 0.0 ], [ 15.154232488676636, 55.127155501916988, 0.0 ], [ 15.152900231537027, 55.127510369195335, 0.0 ], [ 15.153580659054763, 55.126943025262797, 0.0 ], [ 15.152838234446516, 55.126808265954722, 0.0 ], [ 15.152845095923464, 55.126276483334912, 0.0 ], [ 15.15304003272181, 55.126017454156376, 0.0 ], [ 15.153679849241687, 55.126193650018799, 0.0 ], [ 15.153679937868588, 55.125767386088967, 0.0 ], [ 15.154506299697799, 55.125371646054042, 0.0 ], [ 15.15420887766814, 55.125121220553829, 0.0 ], [ 15.154965681407578, 55.124818033883386, 0.0 ], [ 15.155056931111297, 55.123932041107103, 0.0 ] ], [ [ 15.152804570173597, 55.131569096738204, 0.0 ], [ 15.151563292643399, 55.131860244462814, 0.0 ], [ 15.151425273865851, 55.131443449363687, 0.0 ], [ 15.152356301415244, 55.131364786841999, 0.0 ], [ 15.152804570173597, 55.131569096738204, 0.0 ] ], [ [ 15.151647580019578, 55.132275295746041, 0.0 ], [ 15.151307667334583, 55.132155282794528, 0.0 ], [ 15.151608557283188, 55.132130808744456, 0.0 ], [ 15.151647580019578, 55.132275295746041, 0.0 ] ] ], [ [ [ 15.156465276244475, 55.123549140128986, 0.0 ], [ 15.155761665253783, 55.123143139040238, 0.0 ], [ 15.155654028283822, 55.123406589260561, 0.0 ], [ 15.156115507373052, 55.1236661050214, 0.0 ], [ 15.156465276244475, 55.123549140128986, 0.0 ] ] ], [ [ [ 15.145784328283659, 55.115430369119103, 0.0 ], [ 15.145758217812091, 55.115283989440101, 0.0 ], [ 15.14553441870715, 55.115357120777013, 0.0 ], [ 15.145784328283659, 55.115430369119103, 0.0 ] ] ], [ [ [ 15.148818553900201, 55.118721816208065, 0.0 ], [ 15.14788224304435, 55.118673640108362, 0.0 ], [ 15.148016935812766, 55.118372009103361, 0.0 ], [ 15.146982455817154, 55.118525240408161, 0.0 ], [ 15.147571267113388, 55.118709900631814, 0.0 ], [ 15.147384262642861, 55.118993497148956, 0.0 ], [ 15.148818553900201, 55.118721816208065, 0.0 ] ] ], [ [ [ 15.106443517740969, 55.117180863399874, 0.0 ], [ 15.10694612955303, 55.117205813877625, 0.0 ], [ 15.108272619572336, 55.116260848526302, 0.0 ], [ 15.107610962001795, 55.115578560619191, 0.0 ], [ 15.106443517740969, 55.117180863399874, 0.0 ] ] ], [ [ [ 15.106120002639956, 55.117212398048906, 0.0 ], [ 15.105593543431372, 55.117790689488054, 0.0 ], [ 15.105612713489903, 55.117799746843808, 0.0 ], [ 15.105833848946805, 55.117823281394045, 0.0 ], [ 15.106120002639956, 55.117212398048906, 0.0 ] ] ], [ [ [ 15.080157073655684, 55.122332498387635, 0.0 ], [ 15.079593694872177, 55.122319374122881, 0.0 ], [ 15.079542926980976, 55.122642184515655, 0.0 ], [ 15.080157743280033, 55.122656505805402, 0.0 ], [ 15.080157073655684, 55.122332498387635, 0.0 ] ] ], [ [ [ 15.07782714298178, 55.139426660803601, 0.0 ], [ 15.074381549823372, 55.136467078166092, 0.0 ], [ 15.069012643905417, 55.135951814163434, 0.0 ], [ 15.066733638822301, 55.134081748701952, 0.0 ], [ 15.065076625175756, 55.134175768698704, 0.0 ], [ 15.064612688031138, 55.134639054788209, 0.0 ], [ 15.063189810562713, 55.134695432680076, 0.0 ], [ 15.063189050577773, 55.134176780212329, 0.0 ], [ 15.062241608539498, 55.133813771966182, 0.0 ], [ 15.061055375232216, 55.134474223570358, 0.0 ], [ 15.058920465606462, 55.134030752119877, 0.0 ], [ 15.058078361279273, 55.133142056979487, 0.0 ], [ 15.05827112690605, 55.132345402957192, 0.0 ], [ 15.057752352418017, 55.13138232947081, 0.0 ], [ 15.056348354868888, 55.131843765954486, 0.0 ], [ 15.055263159224507, 55.131716947078104, 0.0 ], [ 15.054907705639176, 55.131939561168856, 0.0 ], [ 15.054571253563145, 55.131639739028557, 0.0 ], [ 15.049960654782382, 55.131923185737904, 0.0 ], [ 15.048958190105068, 55.131793998590517, 0.0 ], [ 15.048472729000801, 55.131405081758707, 0.0 ], [ 15.047145927290341, 55.1315918763108, 0.0 ], [ 15.046386027633858, 55.131032898034782, 0.0 ], [ 15.045562021347063, 55.131017391558004, 0.0 ], [ 15.045627027404548, 55.130507886695469, 0.0 ], [ 15.043426744823135, 55.129869721925949, 0.0 ], [ 15.044984259072612, 55.128876168319678, 0.0 ], [ 15.041900843724957, 55.128416969052026, 0.0 ], [ 15.040482683759519, 55.127765936903835, 0.0 ], [ 15.038180756134349, 55.129864967256516, 0.0 ], [ 15.032498579510168, 55.130169807127018, 0.0 ], [ 15.032789936054231, 55.130595789158249, 0.0 ], [ 15.028425234711971, 55.131097274779862, 0.0 ], [ 15.027643544564862, 55.130597151646626, 0.0 ], [ 15.026125342290053, 55.130370127597374, 0.0 ], [ 15.026097011678615, 55.130838548940382, 0.0 ], [ 15.024803838844269, 55.130912980675944, 0.0 ], [ 15.02482943075861, 55.131263228198605, 0.0 ], [ 15.023349209292716, 55.131543246809997, 0.0 ], [ 15.025483131502051, 55.13154261377521, 0.0 ], [ 15.025031126493744, 55.13222819932114, 0.0 ], [ 15.022535349467693, 55.132225251776461, 0.0 ], [ 15.022735257437144, 55.131939351145128, 0.0 ], [ 15.02229547166211, 55.131837300576137, 0.0 ], [ 15.021198349596293, 55.132261310301175, 0.0 ], [ 15.020374849289691, 55.132136690974036, 0.0 ], [ 15.01982474611123, 55.131562372997969, 0.0 ], [ 15.019048737549225, 55.131784835944366, 0.0 ], [ 15.019422357970795, 55.132365294483321, 0.0 ], [ 15.01785280814148, 55.132618798637665, 0.0 ], [ 15.017906336659534, 55.133064341537548, 0.0 ], [ 15.016130305565738, 55.13338646944802, 0.0 ], [ 15.015850325803735, 55.132963489149766, 0.0 ], [ 15.015111130258349, 55.132827454811419, 0.0 ], [ 15.013908434162529, 55.133453135612832, 0.0 ], [ 15.013196899811426, 55.13289741704709, 0.0 ], [ 15.012756116338828, 55.133137442434311, 0.0 ], [ 15.013355193974048, 55.133205448447988, 0.0 ], [ 15.012647542861345, 55.133768165111128, 0.0 ], [ 15.010043224212314, 55.134226627999112, 0.0 ], [ 15.008046087548038, 55.134056570767491, 0.0 ], [ 15.005630636891244, 55.134760165461863, 0.0 ], [ 15.005582379080568, 55.135464137266759, 0.0 ], [ 15.004984110490156, 55.135288127849748, 0.0 ], [ 15.004547500870967, 55.135584717777363, 0.0 ], [ 15.004337255188577, 55.135315970032813, 0.0 ], [ 15.003464207292673, 55.135844138886711, 0.0 ], [ 15.001620836210533, 55.135631088333326, 0.0 ], [ 15.001524030532801, 55.13610350167346, 0.0 ], [ 15.007684277451688, 55.135463966604931, 0.0 ], [ 15.009145181781536, 55.134764540626421, 0.0 ], [ 15.010224149926747, 55.135163570684561, 0.0 ], [ 15.013197107142242, 55.133638421829112, 0.0 ], [ 15.016333700441418, 55.133656528272162, 0.0 ], [ 15.016592380645777, 55.133378612593191, 0.0 ], [ 15.018500081831988, 55.133137349402872, 0.0 ], [ 15.018338399534002, 55.133489414345618, 0.0 ], [ 15.018920506981248, 55.13356335723369, 0.0 ], [ 15.020180950984168, 55.132562807566487, 0.0 ], [ 15.021678417896254, 55.13283234302861, 0.0 ], [ 15.021991655664104, 55.13246979499916, 0.0 ], [ 15.02541052539175, 55.132462230751763, 0.0 ], [ 15.026615496343725, 55.132209344552592, 0.0 ], [ 15.027067541587414, 55.131449578891065, 0.0 ], [ 15.028425724785063, 55.131690109713233, 0.0 ], [ 15.028296850567504, 55.132116254782837, 0.0 ], [ 15.030592663204015, 55.132208227843691, 0.0 ], [ 15.030878544660792, 55.131816130819416, 0.0 ], [ 15.031796637381182, 55.131758114481279, 0.0 ], [ 15.032114670661649, 55.131164131786299, 0.0 ], [ 15.034439117500712, 55.130687938235582, 0.0 ], [ 15.037187219244705, 55.130501738748833, 0.0 ], [ 15.039119816753175, 55.130812972552825, 0.0 ], [ 15.04038799539409, 55.130315378022374, 0.0 ], [ 15.04219891282388, 55.130574191105957, 0.0 ], [ 15.043136357428587, 55.13038846094291, 0.0 ], [ 15.044785590712397, 55.130517462949932, 0.0 ], [ 15.044883483570663, 55.131295568062896, 0.0 ], [ 15.046186956597372, 55.131341940040699, 0.0 ], [ 15.047047055815725, 55.131878021516279, 0.0 ], [ 15.050660195032574, 55.132136968167018, 0.0 ], [ 15.053671507234387, 55.131841074224205, 0.0 ], [ 15.053755896153078, 55.132118909106786, 0.0 ], [ 15.054851218801808, 55.132230839711461, 0.0 ], [ 15.055457345146525, 55.131809527969423, 0.0 ], [ 15.055781149992875, 55.132198377383936, 0.0 ], [ 15.057307258735273, 55.132265832833703, 0.0 ], [ 15.057867511411736, 55.132801771505576, 0.0 ], [ 15.057409351250158, 55.133168768957084, 0.0 ], [ 15.058661984525326, 55.134160670940098, 0.0 ], [ 15.060686556066162, 55.134695811250978, 0.0 ], [ 15.060377231160803, 55.135067456667848, 0.0 ], [ 15.0616711152562, 55.135344676908979, 0.0 ], [ 15.061628643852032, 55.136122851006007, 0.0 ], [ 15.061129474636417, 55.13611284138257, 0.0 ], [ 15.061090646285878, 55.136382407753331, 0.0 ], [ 15.062610933440043, 55.13660384895956, 0.0 ], [ 15.062673344140363, 55.135177351162532, 0.0 ], [ 15.065857542296074, 55.135248686872735, 0.0 ], [ 15.06580933034455, 55.13487913891808, 0.0 ], [ 15.066617617392389, 55.134749010175483, 0.0 ], [ 15.067201207848095, 55.135637962954355, 0.0 ], [ 15.067944863237035, 55.135563358034752, 0.0 ], [ 15.068075856601148, 55.136057685759454, 0.0 ], [ 15.066943764833216, 55.136379089931729, 0.0 ], [ 15.067200788138035, 55.137269682331151, 0.0 ], [ 15.069414805550609, 55.136706781604254, 0.0 ], [ 15.069733858097145, 55.136192670605062, 0.0 ], [ 15.071019354230547, 55.136876835099009, 0.0 ], [ 15.072570970994196, 55.136653507476098, 0.0 ], [ 15.073703410850936, 55.136912123528283, 0.0 ], [ 15.075613632120065, 55.138078015698454, 0.0 ], [ 15.076553758395626, 55.139207457484986, 0.0 ], [ 15.078107672027404, 55.139984429573445, 0.0 ], [ 15.076976662623657, 55.140448286932276, 0.0 ], [ 15.078111327264226, 55.141836966005229, 0.0 ], [ 15.077501049626402, 55.143856600360245, 0.0 ], [ 15.078439800540915, 55.144133775849419, 0.0 ], [ 15.078473338702512, 55.144726596579297, 0.0 ], [ 15.079605290488121, 55.144781376780124, 0.0 ], [ 15.07958146501997, 55.14518586270254, 0.0 ], [ 15.080679425605165, 55.145332905023025, 0.0 ], [ 15.083620490479465, 55.146797790038363, 0.0 ], [ 15.084517551970134, 55.1466178187734, 0.0 ], [ 15.087582781192713, 55.149779955962437, 0.0 ], [ 15.088640009101631, 55.149629824770898, 0.0 ], [ 15.089319998440198, 55.149914860258853, 0.0 ], [ 15.090357987825049, 55.149683850630012, 0.0 ], [ 15.087615745229661, 55.147584854531345, 0.0 ], [ 15.087792822104069, 55.146627962752142, 0.0 ], [ 15.086628874197558, 55.146832499539727, 0.0 ], [ 15.083034298236258, 55.144982719588832, 0.0 ], [ 15.080413354029535, 55.144447457987788, 0.0 ], [ 15.07950653993009, 55.143910782106651, 0.0 ], [ 15.078462500963154, 55.139502438253686, 0.0 ], [ 15.07782714298178, 55.139426660803601, 0.0 ] ] ], [ [ [ 15.142935398325367, 55.133425436859632, 0.0 ], [ 15.141998562858728, 55.131904244719536, 0.0 ], [ 15.139738685785959, 55.131117768001864, 0.0 ], [ 15.138448930619958, 55.131754003626881, 0.0 ], [ 15.136934399201785, 55.131348127488025, 0.0 ], [ 15.133297405852755, 55.13145574707233, 0.0 ], [ 15.136290337265923, 55.133172871193636, 0.0 ], [ 15.136803827603115, 55.134679672216464, 0.0 ], [ 15.139477468794812, 55.135562414112336, 0.0 ], [ 15.140821782295383, 55.134450327755069, 0.0 ], [ 15.140090227151475, 55.134204834013744, 0.0 ], [ 15.140203880459655, 55.133755627506552, 0.0 ], [ 15.142593169894944, 55.134072292712048, 0.0 ], [ 15.142935398325367, 55.133425436859632, 0.0 ] ] ], [ [ [ 15.11281417417668, 55.138843104381124, 0.0 ], [ 15.112244036628967, 55.13884364800758, 0.0 ], [ 15.112270998852859, 55.139202643170478, 0.0 ], [ 15.112815161193089, 55.139187767046799, 0.0 ], [ 15.11281417417668, 55.138843104381124, 0.0 ] ] ], [ [ [ 15.136440792490747, 55.140188849641405, 0.0 ], [ 15.135686952254664, 55.140162751666658, 0.0 ], [ 15.135783199535993, 55.140756632979553, 0.0 ], [ 15.133475725578826, 55.141357623339147, 0.0 ], [ 15.131166719246938, 55.141517799948474, 0.0 ], [ 15.128625880932821, 55.142237158706372, 0.0 ], [ 15.128472676875541, 55.141591682631621, 0.0 ], [ 15.126481230162669, 55.141856422578584, 0.0 ], [ 15.121477460636294, 55.141747927217331, 0.0 ], [ 15.117510407322708, 55.142386971434789, 0.0 ], [ 15.117038995909727, 55.142498688800401, 0.0 ], [ 15.117522891145386, 55.142968908622159, 0.0 ], [ 15.116567515510749, 55.143135257128321, 0.0 ], [ 15.116132661799025, 55.142789881791998, 0.0 ], [ 15.116347131927462, 55.143021650422504, 0.0 ], [ 15.115801898817864, 55.143186063124624, 0.0 ], [ 15.116605291289204, 55.143296328759021, 0.0 ], [ 15.114818001568986, 55.143758658079669, 0.0 ], [ 15.115193494038925, 55.143824838891675, 0.0 ], [ 15.115121668182807, 55.144440464353615, 0.0 ], [ 15.113966038952759, 55.144911488703457, 0.0 ], [ 15.110277632673796, 55.14588786455964, 0.0 ], [ 15.109753508642859, 55.145731091656991, 0.0 ], [ 15.110122328105973, 55.145830579088326, 0.0 ], [ 15.110508985970043, 55.145713250244143, 0.0 ], [ 15.108703056457546, 55.145662470655033, 0.0 ], [ 15.10651468123892, 55.146197520229165, 0.0 ], [ 15.105444055581538, 55.147530824032202, 0.0 ], [ 15.103841388029608, 55.147411449995126, 0.0 ], [ 15.103005908094067, 55.147640298870421, 0.0 ], [ 15.103018026588678, 55.14796885913082, 0.0 ], [ 15.100054093825516, 55.148648482766347, 0.0 ], [ 15.100736069777939, 55.148686628001961, 0.0 ], [ 15.10075129873297, 55.148941371027199, 0.0 ], [ 15.101906527032625, 55.148402914833063, 0.0 ], [ 15.104427641179367, 55.148356529587168, 0.0 ], [ 15.104722517163417, 55.147610315281618, 0.0 ], [ 15.105387083779025, 55.148066907530371, 0.0 ], [ 15.106861433288564, 55.147924168577049, 0.0 ], [ 15.107295718579859, 55.147601504476469, 0.0 ], [ 15.10693549156896, 55.146899745346047, 0.0 ], [ 15.107253380816271, 55.146285530298165, 0.0 ], [ 15.109073966212906, 55.145845323717978, 0.0 ], [ 15.10936980889894, 55.14625624339682, 0.0 ], [ 15.10942415457991, 55.145862282799307, 0.0 ], [ 15.110231125423459, 55.146115432462281, 0.0 ], [ 15.111337117250832, 55.145629979967751, 0.0 ], [ 15.111665085984741, 55.145988855075629, 0.0 ], [ 15.10967639079187, 55.146206119619428, 0.0 ], [ 15.109173265155993, 55.146572809099645, 0.0 ], [ 15.11009400117104, 55.146297784806251, 0.0 ], [ 15.110625200130546, 55.146933811160082, 0.0 ], [ 15.111454454336467, 55.146582379069564, 0.0 ], [ 15.111101372574415, 55.146580427997883, 0.0 ], [ 15.112313450414591, 55.145460369042574, 0.0 ], [ 15.113082875621506, 55.145922335140767, 0.0 ], [ 15.113863104335826, 55.145605213836014, 0.0 ], [ 15.114512392692037, 55.146242428806552, 0.0 ], [ 15.115132892980625, 55.146306896122809, 0.0 ], [ 15.114801677593842, 55.145624948832307, 0.0 ], [ 15.115444602652062, 55.145434102323847, 0.0 ], [ 15.114420790264646, 55.145221564530083, 0.0 ], [ 15.115170778832182, 55.145001495844149, 0.0 ], [ 15.115745270503229, 55.144020443864669, 0.0 ], [ 15.117960866216899, 55.143310970635987, 0.0 ], [ 15.122982990041063, 55.143537502742532, 0.0 ], [ 15.126819942052341, 55.143341002092903, 0.0 ], [ 15.128594294012098, 55.143727701766352, 0.0 ], [ 15.128317131538132, 55.144039307679648, 0.0 ], [ 15.129179497985653, 55.144405805048557, 0.0 ], [ 15.129373915358309, 55.144118393260186, 0.0 ], [ 15.130305662442874, 55.14450968455494, 0.0 ], [ 15.131661004705574, 55.144369223676897, 0.0 ], [ 15.131492953024191, 55.144548995771657, 0.0 ], [ 15.132329914408508, 55.144860481627958, 0.0 ], [ 15.132787497336684, 55.144192312597987, 0.0 ], [ 15.132425059326481, 55.143986501425431, 0.0 ], [ 15.132941397846025, 55.143871644083035, 0.0 ], [ 15.133671672803258, 55.144077433418694, 0.0 ], [ 15.13445041657018, 55.143782997680617, 0.0 ], [ 15.134843445410342, 55.143959057389409, 0.0 ], [ 15.136096152260235, 55.143764185043459, 0.0 ], [ 15.136228795977038, 55.144273559558805, 0.0 ], [ 15.137739803935061, 55.144186465171387, 0.0 ], [ 15.138755287519876, 55.14333487366379, 0.0 ], [ 15.138401069579391, 55.14306156467849, 0.0 ], [ 15.138876943480611, 55.143015840461743, 0.0 ], [ 15.138730509017641, 55.142625583825883, 0.0 ], [ 15.139440316480758, 55.142422940540229, 0.0 ], [ 15.13840501346492, 55.142518860082362, 0.0 ], [ 15.138466980414799, 55.142210934231841, 0.0 ], [ 15.13764436639101, 55.142232345643919, 0.0 ], [ 15.139011964267977, 55.141556868686685, 0.0 ], [ 15.138842460351666, 55.141311698504325, 0.0 ], [ 15.139619803299224, 55.141231248488232, 0.0 ], [ 15.139132666410417, 55.140746687798675, 0.0 ], [ 15.139721183569225, 55.139767345064101, 0.0 ], [ 15.138223066098792, 55.138800979518749, 0.0 ], [ 15.13709528129284, 55.138629052283342, 0.0 ], [ 15.136440792490747, 55.140188849641405, 0.0 ] ], [ [ 15.126851435553117, 55.143300222333444, 0.0 ], [ 15.12648685800316, 55.142530687879521, 0.0 ], [ 15.126741825792172, 55.14218580839799, 0.0 ], [ 15.127020359568625, 55.14308148744194, 0.0 ], [ 15.126851435553117, 55.143300222333444, 0.0 ] ], [ [ 15.106343480855079, 55.146773923784757, 0.0 ], [ 15.106263942065567, 55.146565787717279, 0.0 ], [ 15.106392081677754, 55.14650946228624, 0.0 ], [ 15.106343480855079, 55.146773923784757, 0.0 ] ], [ [ 15.10573392704111, 55.147322393856811, 0.0 ], [ 15.10594241800878, 55.147471283237593, 0.0 ], [ 15.105700670887463, 55.147538272027234, 0.0 ], [ 15.10573392704111, 55.147322393856811, 0.0 ] ] ], [ [ [ 15.111173991239562, 55.146749338722977, 0.0 ], [ 15.111170248714462, 55.14673426328293, 0.0 ], [ 15.111166586050457, 55.146743181546078, 0.0 ], [ 15.111173991239562, 55.146749338722977, 0.0 ] ] ], [ [ [ 15.044388273851766, 55.139943864525087, 0.0 ], [ 15.043798579979462, 55.139959977665931, 0.0 ], [ 15.043876046100067, 55.140321095558498, 0.0 ], [ 15.044412257823469, 55.140277319675498, 0.0 ], [ 15.044388273851766, 55.139943864525087, 0.0 ] ] ], [ [ [ 15.093886982482656, 55.149598933277886, 0.0 ], [ 15.093423658625358, 55.149666407606979, 0.0 ], [ 15.093861887006717, 55.150181921233099, 0.0 ], [ 15.094352903124161, 55.149823325805357, 0.0 ], [ 15.095886786950835, 55.149885097652131, 0.0 ], [ 15.098206236662945, 55.149484933301601, 0.0 ], [ 15.097186501094164, 55.149091323761283, 0.0 ], [ 15.096931839718149, 55.148470209368341, 0.0 ], [ 15.095052452232331, 55.148938983128943, 0.0 ], [ 15.095270474387652, 55.149219932361738, 0.0 ], [ 15.09490917502611, 55.149314724481492, 0.0 ], [ 15.094635388676915, 55.149039526356219, 0.0 ], [ 15.093634460509525, 55.149260754736837, 0.0 ], [ 15.093886982482656, 55.149598933277886, 0.0 ] ] ], [ [ [ 15.093635958235469, 55.149971867390995, 0.0 ], [ 15.093183749702961, 55.149334501435362, 0.0 ], [ 15.092130731635075, 55.149546967318507, 0.0 ], [ 15.093070622537933, 55.150276093303141, 0.0 ], [ 15.093635958235469, 55.149971867390995, 0.0 ] ] ], [ [ [ 15.08114974696338, 55.152241394494453, 0.0 ], [ 15.080144218194649, 55.151415296629338, 0.0 ], [ 15.077518889259316, 55.151944764340122, 0.0 ], [ 15.078139875286345, 55.152920746654381, 0.0 ], [ 15.08114974696338, 55.152241394494453, 0.0 ] ] ], [ [ [ 15.055926441761084, 55.161269753431093, 0.0 ], [ 15.055428261566787, 55.161110092553017, 0.0 ], [ 15.055619582771609, 55.161350166150612, 0.0 ], [ 15.055926441761084, 55.161269753431093, 0.0 ] ] ], [ [ [ 15.055632588297984, 55.16162263761435, 0.0 ], [ 15.055840650806685, 55.161785911731641, 0.0 ], [ 15.056259720634415, 55.161674576638518, 0.0 ], [ 15.0561181578472, 55.161491718110248, 0.0 ], [ 15.055632588297984, 55.16162263761435, 0.0 ] ] ], [ [ [ 15.05013947169917, 55.163686863887818, 0.0 ], [ 15.050156438062231, 55.163994846488301, 0.0 ], [ 15.051335016829121, 55.164409144756831, 0.0 ], [ 15.05118771931712, 55.164125661696687, 0.0 ], [ 15.05013947169917, 55.163686863887818, 0.0 ] ] ], [ [ [ 14.973845942918482, 55.180120643080478, 0.0 ], [ 14.973266103344759, 55.180091408995928, 0.0 ], [ 14.973215166282706, 55.180424233970186, 0.0 ], [ 14.973795010703425, 55.180453468183586, 0.0 ], [ 14.973845942918482, 55.180120643080478, 0.0 ] ] ], [ [ [ 14.979281799397958, 55.206586703780452, 0.0 ], [ 14.976310768605906, 55.207845831644271, 0.0 ], [ 14.976262472051848, 55.208233772168555, 0.0 ], [ 14.975525051710227, 55.207945688881352, 0.0 ], [ 14.974675508644145, 55.208853418684598, 0.0 ], [ 14.975196038091132, 55.209111725724057, 0.0 ], [ 14.976297430880978, 55.208559922053176, 0.0 ], [ 14.976668963909253, 55.208929558434846, 0.0 ], [ 14.975695005424873, 55.210809681671876, 0.0 ], [ 14.973994191324932, 55.211500690773384, 0.0 ], [ 14.972969794365099, 55.211576686390501, 0.0 ], [ 14.973059370639465, 55.211770438879256, 0.0 ], [ 14.972266264926835, 55.211346329692205, 0.0 ], [ 14.973735537570214, 55.212566136385519, 0.0 ], [ 14.97409658771541, 55.212398904166001, 0.0 ], [ 14.973625233050958, 55.212031684317481, 0.0 ], [ 14.97503059939875, 55.212042567943051, 0.0 ], [ 14.976427046682277, 55.211603528864671, 0.0 ], [ 14.978244373853265, 55.210348043786553, 0.0 ], [ 14.977394750035145, 55.209152339357352, 0.0 ], [ 14.978385523899822, 55.2091294070351, 0.0 ], [ 14.978630432296008, 55.208165492383678, 0.0 ], [ 14.979884678599326, 55.208184738935508, 0.0 ], [ 14.980486040675748, 55.207861114510777, 0.0 ], [ 14.980398457212038, 55.206574429356365, 0.0 ], [ 14.979681373656641, 55.206176736866581, 0.0 ], [ 14.98079273740594, 55.20539231500512, 0.0 ], [ 14.980173267948489, 55.205321613265973, 0.0 ], [ 14.979353684906373, 55.205936585881659, 0.0 ], [ 14.979281799397958, 55.206586703780452, 0.0 ] ] ], [ [ [ 14.970191095756116, 55.213033796879216, 0.0 ], [ 14.97024601531867, 55.213774985238338, 0.0 ], [ 14.969196297972495, 55.214138665292282, 0.0 ], [ 14.968839311817957, 55.213982565152186, 0.0 ], [ 14.968879236079335, 55.214567130892327, 0.0 ], [ 14.966807068589912, 55.21545533103869, 0.0 ], [ 14.967834227033924, 55.215428614910721, 0.0 ], [ 14.967592504511623, 55.215202257345993, 0.0 ], [ 14.967709770306772, 55.215138070074694, 0.0 ], [ 14.968228879016596, 55.215336858241031, 0.0 ], [ 14.968260738890885, 55.215067717609863, 0.0 ], [ 14.969229368429916, 55.215139274879455, 0.0 ], [ 14.969356574288589, 55.214396832780295, 0.0 ], [ 14.969991112715865, 55.214058330083063, 0.0 ], [ 14.970840877712012, 55.214069167800744, 0.0 ], [ 14.970616092567822, 55.213193188191909, 0.0 ], [ 14.971806388528874, 55.213090213296631, 0.0 ], [ 14.971705621890717, 55.212801600815347, 0.0 ], [ 14.970785367149213, 55.212641887698055, 0.0 ], [ 14.972700596769885, 55.211937475054313, 0.0 ], [ 14.971515977634924, 55.212144179333968, 0.0 ], [ 14.970191095756116, 55.213033796879216, 0.0 ] ] ], [ [ [ 14.972617311501734, 55.212094397476626, 0.0 ], [ 14.972426150426529, 55.212162464729907, 0.0 ], [ 14.972649281271098, 55.212118749167004, 0.0 ], [ 14.972617311501734, 55.212094397476626, 0.0 ] ] ], [ [ [ 14.846741252919132, 55.182055792008327, 0.0 ], [ 14.84314672155649, 55.181333166500352, 0.0 ], [ 14.842596049621029, 55.181417949133134, 0.0 ], [ 14.841881091211388, 55.182378622181083, 0.0 ], [ 14.846741252919132, 55.182055792008327, 0.0 ] ] ], [ [ [ 14.860197828740334, 55.197721941411288, 0.0 ], [ 14.858059794768945, 55.196978827317125, 0.0 ], [ 14.85656172963523, 55.195319890191207, 0.0 ], [ 14.854503688168226, 55.194462879569862, 0.0 ], [ 14.854192878569009, 55.194662995898511, 0.0 ], [ 14.855052618222206, 55.195249393036775, 0.0 ], [ 14.85452381958271, 55.195491959915316, 0.0 ], [ 14.853504652315518, 55.194988930048098, 0.0 ], [ 14.852485586133872, 55.19525194423229, 0.0 ], [ 14.851446563145574, 55.19487389133414, 0.0 ], [ 14.851501259226724, 55.194228519361829, 0.0 ], [ 14.850168410912106, 55.193730930072313, 0.0 ], [ 14.848910370716114, 55.193364927929402, 0.0 ], [ 14.84791138762248, 55.193421904334983, 0.0 ], [ 14.844914330865851, 55.192597936116442, 0.0 ], [ 14.844455241973478, 55.192174924748436, 0.0 ], [ 14.843456275312933, 55.192208907760154, 0.0 ], [ 14.839361102816476, 55.191306001720051, 0.0 ], [ 14.841339125473366, 55.192301033109885, 0.0 ], [ 14.840300741383892, 55.193537306428553, 0.0 ], [ 14.842559505474783, 55.194402817163301, 0.0 ], [ 14.844574239906619, 55.19369589868495, 0.0 ], [ 14.848829512134294, 55.195948971079801, 0.0 ], [ 14.84821046452811, 55.19629306110523, 0.0 ], [ 14.854338814200197, 55.199100269239622, 0.0 ], [ 14.856242015768533, 55.203234197048602, 0.0 ], [ 14.856201988491623, 55.203566088698253, 0.0 ], [ 14.855724059789036, 55.203631323219732, 0.0 ], [ 14.855775878370654, 55.204216760244591, 0.0 ], [ 14.85360399562142, 55.205202167132612, 0.0 ], [ 14.85468320035821, 55.205991231917942, 0.0 ], [ 14.856302101538745, 55.206048181952333, 0.0 ], [ 14.857501187680329, 55.204984130736115, 0.0 ], [ 14.858520052487693, 55.205053124052583, 0.0 ], [ 14.859459242981897, 55.204687071066289, 0.0 ], [ 14.858780123808977, 55.204058063218973, 0.0 ], [ 14.858240125076646, 55.204241154264857, 0.0 ], [ 14.858300140231169, 55.203200107482225, 0.0 ], [ 14.862915070487883, 55.201277924167961, 0.0 ], [ 14.864394215453933, 55.203394043202103, 0.0 ], [ 14.862157253871604, 55.204366013251025, 0.0 ], [ 14.86445530368249, 55.207420134319648, 0.0 ], [ 14.861238239173264, 55.208735207759325, 0.0 ], [ 14.862817438372581, 55.209970210123892, 0.0 ], [ 14.866813598059261, 55.208494193224809, 0.0 ], [ 14.86819367371498, 55.209786092238581, 0.0 ], [ 14.868853757672859, 55.211685178902833, 0.0 ], [ 14.871072947645503, 55.214143281416789, 0.0 ], [ 14.870573906206165, 55.214269270221742, 0.0 ], [ 14.8708290097817, 55.214647138280554, 0.0 ], [ 14.870293837371282, 55.214887286872376, 0.0 ], [ 14.871513135358228, 55.215779267820828, 0.0 ], [ 14.873546538685815, 55.215959268116578, 0.0 ], [ 14.873952024606222, 55.215482081131924, 0.0 ], [ 14.872951951155954, 55.213971258130201, 0.0 ], [ 14.874410984461225, 55.213651182349551, 0.0 ], [ 14.876151259622858, 55.216773199195103, 0.0 ], [ 14.87674981142267, 55.217040757684501, 0.0 ], [ 14.877262303035462, 55.216887094513396, 0.0 ], [ 14.876481661380813, 55.216593687709057, 0.0 ], [ 14.876833738651831, 55.215946966571238, 0.0 ], [ 14.875631088370708, 55.214657202724865, 0.0 ], [ 14.875330053805353, 55.212942148246583, 0.0 ], [ 14.874589824284959, 55.211890154917796, 0.0 ], [ 14.875049814154867, 55.211718069099987, 0.0 ], [ 14.87456887116797, 55.210586134457913, 0.0 ], [ 14.875108951582991, 55.210277046014767, 0.0 ], [ 14.874208891745425, 55.209705057364417, 0.0 ], [ 14.874068732690558, 55.208767994414366, 0.0 ], [ 14.876785818606931, 55.207325889582513, 0.0 ], [ 14.882103100858384, 55.209508890841981, 0.0 ], [ 14.883462093480688, 55.208467881696137, 0.0 ], [ 14.883400967669898, 55.206889829020447, 0.0 ], [ 14.882561065889885, 55.206237845407337, 0.0 ], [ 14.881141992207704, 55.206912801608034, 0.0 ], [ 14.879463874585092, 55.206341946225997, 0.0 ], [ 14.878863910885201, 55.206810923720461, 0.0 ], [ 14.877004649685329, 55.205507843447087, 0.0 ], [ 14.876245874950122, 55.205598889177814, 0.0 ], [ 14.873766619847192, 55.204341835360523, 0.0 ], [ 14.873067487981555, 55.203289832761904, 0.0 ], [ 14.872647495647488, 55.203357827497832, 0.0 ], [ 14.872147611960433, 55.202854884645419, 0.0 ], [ 14.872267420105961, 55.202557833197055, 0.0 ], [ 14.87180850397989, 55.202603848237132, 0.0 ], [ 14.869808300473288, 55.199927823934473, 0.0 ], [ 14.869409172556832, 55.199161683724867, 0.0 ], [ 14.870230943144456, 55.198778073713022, 0.0 ], [ 14.868949269524194, 55.198886764030888, 0.0 ], [ 14.866231039442058, 55.195456794110605, 0.0 ], [ 14.865611988722481, 55.196188730659827, 0.0 ], [ 14.86609210139177, 55.197240804385565, 0.0 ], [ 14.864473058097207, 55.197640876246112, 0.0 ], [ 14.862895049549397, 55.196543832652267, 0.0 ], [ 14.860197828740334, 55.197721941411288, 0.0 ] ] ], [ [ [ 14.844809030532677, 55.213276631299131, 0.0 ], [ 14.846168101686956, 55.214602627375918, 0.0 ], [ 14.848686158007034, 55.213848506491502, 0.0 ], [ 14.847386981988274, 55.212452605687943, 0.0 ], [ 14.845548889580403, 55.212258453878277, 0.0 ], [ 14.844809030532677, 55.213276631299131, 0.0 ] ] ], [ [ [ 14.809657772716768, 55.232687826119182, 0.0 ], [ 14.810674725016108, 55.233727862880045, 0.0 ], [ 14.81182445240891, 55.233063145724799, 0.0 ], [ 14.811596686117246, 55.232562794630823, 0.0 ], [ 14.812236651144639, 55.232334656560589, 0.0 ], [ 14.814171811418374, 55.232644757042102, 0.0 ], [ 14.814567144848134, 55.231702034398538, 0.0 ], [ 14.817088837522176, 55.23093062241491, 0.0 ], [ 14.81578976539614, 55.230209614949118, 0.0 ], [ 14.811610451515193, 55.230173668407922, 0.0 ], [ 14.810249593361705, 55.230882681019352, 0.0 ], [ 14.810979558664854, 55.230985776045308, 0.0 ], [ 14.810898731861744, 55.231625707872837, 0.0 ], [ 14.809657772716768, 55.232687826119182, 0.0 ] ] ], [ [ [ 14.895465922831162, 55.210116851765108, 0.0 ], [ 14.8952860749741, 55.210664221051445, 0.0 ], [ 14.895764815285871, 55.210193745234264, 0.0 ], [ 14.895465922831162, 55.210116851765108, 0.0 ] ] ], [ [ [ 14.896393338234864, 55.209569391717238, 0.0 ], [ 14.894870712466103, 55.211428904069713, 0.0 ], [ 14.895420876834754, 55.211716057030081, 0.0 ], [ 14.897288731319703, 55.211450219794727, 0.0 ], [ 14.898252661487865, 55.209827412126025, 0.0 ], [ 14.896393338234864, 55.209569391717238, 0.0 ] ], [ [ 14.89645832223518, 55.210928621023903, 0.0 ], [ 14.895689900300649, 55.210753591068105, 0.0 ], [ 14.896069286756749, 55.21026578498843, 0.0 ], [ 14.897010892536999, 55.210467271239757, 0.0 ], [ 14.89645832223518, 55.210928621023903, 0.0 ] ] ], [ [ [ 14.94929604128871, 55.209341781823952, 0.0 ], [ 14.948227063117832, 55.208763097663997, 0.0 ], [ 14.94705649504178, 55.208589932841441, 0.0 ], [ 14.946495562863364, 55.209456423439754, 0.0 ], [ 14.948352685349475, 55.209796209633105, 0.0 ], [ 14.948722125888317, 55.210152302529863, 0.0 ], [ 14.94929604128871, 55.209341781823952, 0.0 ] ] ], [ [ [ 14.880455563046976, 55.212870135392684, 0.0 ], [ 14.880829888670773, 55.212803631437687, 0.0 ], [ 14.880557384124627, 55.212744213791765, 0.0 ], [ 14.880455563046976, 55.212870135392684, 0.0 ] ] ], [ [ [ 14.960849848874931, 55.214225954829459, 0.0 ], [ 14.963552488301312, 55.214116901949751, 0.0 ], [ 14.963640030271296, 55.213481219280084, 0.0 ], [ 14.966073949429227, 55.21342204920937, 0.0 ], [ 14.96647253086554, 55.213049363175649, 0.0 ], [ 14.966854391854888, 55.213447840638551, 0.0 ], [ 14.968488030608855, 55.212848079797361, 0.0 ], [ 14.968311257850871, 55.211398240947339, 0.0 ], [ 14.968720155501851, 55.211088855046093, 0.0 ], [ 14.968199497102813, 55.210820659360238, 0.0 ], [ 14.96918925784605, 55.210421954260333, 0.0 ], [ 14.968993777983078, 55.210179191484379, 0.0 ], [ 14.969787736335094, 55.21051532533324, 0.0 ], [ 14.970063830843227, 55.210235774402626, 0.0 ], [ 14.969005954781778, 55.209360143845117, 0.0 ], [ 14.968430322941451, 55.207644648588683, 0.0 ], [ 14.968523786925823, 55.208478973506558, 0.0 ], [ 14.966501401931342, 55.20954675766157, 0.0 ], [ 14.962926011059864, 55.208876452636368, 0.0 ], [ 14.958125466054828, 55.212272374715113, 0.0 ], [ 14.957703793776592, 55.212200496260152, 0.0 ], [ 14.956996637877642, 55.213127383805208, 0.0 ], [ 14.958215638916665, 55.213730262637846, 0.0 ], [ 14.95954530573302, 55.213947828151632, 0.0 ], [ 14.960247640790891, 55.213725731763894, 0.0 ], [ 14.960849848874931, 55.214225954829459, 0.0 ] ], [ [ 14.963524702635288, 55.21317812909426, 0.0 ], [ 14.963924671452617, 55.21314394117897, 0.0 ], [ 14.96448204173025, 55.213190891470767, 0.0 ], [ 14.964350910325118, 55.213386698816649, 0.0 ], [ 14.963524702635288, 55.21317812909426, 0.0 ] ] ], [ [ [ 14.965895586865296, 55.214271803449485, 0.0 ], [ 14.966290552475268, 55.214504844499544, 0.0 ], [ 14.966191050968211, 55.214714761386134, 0.0 ], [ 14.966455921860668, 55.214484368767863, 0.0 ], [ 14.965895586865296, 55.214271803449485, 0.0 ] ] ], [ [ [ 14.879330644492974, 55.219153712144632, 0.0 ], [ 14.880002650184739, 55.219693584335246, 0.0 ], [ 14.880054580347016, 55.220463976508768, 0.0 ], [ 14.878115525239608, 55.220061606816778, 0.0 ], [ 14.877472373040568, 55.220798366141615, 0.0 ], [ 14.877553398179961, 55.222891383064912, 0.0 ], [ 14.878433459643146, 55.223543438462279, 0.0 ], [ 14.877854512868911, 55.223794467387698, 0.0 ], [ 14.878314458012794, 55.224675478072861, 0.0 ], [ 14.879294515970628, 55.225166443110474, 0.0 ], [ 14.879074586853029, 55.225830539813842, 0.0 ], [ 14.881615656085993, 55.227407489252244, 0.0 ], [ 14.880156761954821, 55.228906570040053, 0.0 ], [ 14.882996777429067, 55.229809634352009, 0.0 ], [ 14.8830319061171, 55.229190408650396, 0.0 ], [ 14.883981973566035, 55.228334914919813, 0.0 ], [ 14.886009649015415, 55.2275897585262, 0.0 ], [ 14.888344221163798, 55.227185651828073, 0.0 ], [ 14.885751700604617, 55.223884313572285, 0.0 ], [ 14.885031698092938, 55.2239763111534, 0.0 ], [ 14.884251672971153, 55.223518294998442, 0.0 ], [ 14.881831630991377, 55.221289287714335, 0.0 ], [ 14.880910436317029, 55.219322225401235, 0.0 ], [ 14.87814777084021, 55.218166611584742, 0.0 ], [ 14.87771775843642, 55.217765711296806, 0.0 ], [ 14.877935682874638, 55.216949414273103, 0.0 ], [ 14.877099933483539, 55.217102689734112, 0.0 ], [ 14.877476441563203, 55.217364862386525, 0.0 ], [ 14.876990368383547, 55.217703389746589, 0.0 ], [ 14.877311235317388, 55.218202188229029, 0.0 ], [ 14.878571334009028, 55.219117241189799, 0.0 ], [ 14.879330644492974, 55.219153712144632, 0.0 ] ] ], [ [ [ 14.817587336427062, 55.23789771739348, 0.0 ], [ 14.817011247815628, 55.236991416721942, 0.0 ], [ 14.816832792388018, 55.236995549115775, 0.0 ], [ 14.816310689753372, 55.237343468343326, 0.0 ], [ 14.816466846986854, 55.237767854144991, 0.0 ], [ 14.817065252371233, 55.238267739706657, 0.0 ], [ 14.817587336427062, 55.23789771739348, 0.0 ] ] ], [ [ [ 14.871971900281283, 55.236118862575154, 0.0 ], [ 14.869724766685909, 55.235079907194979, 0.0 ], [ 14.865725670892141, 55.236750068720717, 0.0 ], [ 14.868663128769031, 55.238398986446605, 0.0 ], [ 14.872802709628562, 55.237386939055085, 0.0 ], [ 14.873402839922072, 55.236939414293943, 0.0 ], [ 14.872406719806003, 55.235995174504708, 0.0 ], [ 14.871971900281283, 55.236118862575154, 0.0 ] ] ], [ [ [ 14.86200986410444, 55.239854313147674, 0.0 ], [ 14.862898387331347, 55.23952978475527, 0.0 ], [ 14.861927857473201, 55.239787828863605, 0.0 ], [ 14.86200986410444, 55.239854313147674, 0.0 ] ] ], [ [ [ 14.865151097448114, 55.241050160419825, 0.0 ], [ 14.866458035570675, 55.24037897745913, 0.0 ], [ 14.864967861647314, 55.239288479989476, 0.0 ], [ 14.864229928295833, 55.239138822971036, 0.0 ], [ 14.86304556906197, 55.23951608202762, 0.0 ], [ 14.865151097448114, 55.241050160419825, 0.0 ] ] ], [ [ [ 14.74614650237068, 55.245056951081786, 0.0 ], [ 14.743570005141919, 55.245081786934058, 0.0 ], [ 14.743465254535382, 55.245607496428022, 0.0 ], [ 14.746440534845917, 55.245266860876306, 0.0 ], [ 14.74614650237068, 55.245056951081786, 0.0 ] ] ], [ [ [ 14.742616249270245, 55.248005019878839, 0.0 ], [ 14.743235288173388, 55.249116347514097, 0.0 ], [ 14.741654308874876, 55.24940023021778, 0.0 ], [ 14.740591263422637, 55.248841295499545, 0.0 ], [ 14.740358455804088, 55.249502428483211, 0.0 ], [ 14.741729446414816, 55.249664150430206, 0.0 ], [ 14.743077636959569, 55.249315873679627, 0.0 ], [ 14.743864085655593, 55.24884207853728, 0.0 ], [ 14.742616249270245, 55.248005019878839, 0.0 ] ] ], [ [ [ 14.747427623280339, 55.251244283339695, 0.0 ], [ 14.747111070095736, 55.249981305385184, 0.0 ], [ 14.745866446784657, 55.250201912971932, 0.0 ], [ 14.744826269395391, 55.248992449616381, 0.0 ], [ 14.744152329010277, 55.248818531320161, 0.0 ], [ 14.743243835541481, 55.249242754762101, 0.0 ], [ 14.744229600478779, 55.250644975458378, 0.0 ], [ 14.7434822437731, 55.250866554935442, 0.0 ], [ 14.745605155087222, 55.252189963199406, 0.0 ], [ 14.746461676359081, 55.253117386773944, 0.0 ], [ 14.74625976792316, 55.253471366018339, 0.0 ], [ 14.749972948535603, 55.255747399882374, 0.0 ], [ 14.752073899026371, 55.25526936928911, 0.0 ], [ 14.75117289715744, 55.253723160638508, 0.0 ], [ 14.749141781497121, 55.252993292535123, 0.0 ], [ 14.746922814462961, 55.251685281927578, 0.0 ], [ 14.746640304040104, 55.251400633446593, 0.0 ], [ 14.747427623280339, 55.251244283339695, 0.0 ] ] ], [ [ [ 14.80221141190068, 55.235457587337216, 0.0 ], [ 14.801017066675476, 55.234866111963271, 0.0 ], [ 14.798884097568385, 55.235183950249159, 0.0 ], [ 14.797789410602745, 55.234771033441888, 0.0 ], [ 14.798458774571392, 55.235940379778278, 0.0 ], [ 14.798371538284476, 55.237677567254806, 0.0 ], [ 14.799126838456699, 55.238058752085436, 0.0 ], [ 14.79941038776407, 55.237756790866555, 0.0 ], [ 14.800530107527422, 55.238450318472559, 0.0 ], [ 14.802644293297638, 55.235845866098479, 0.0 ], [ 14.801984491030115, 55.23574805053471, 0.0 ], [ 14.80221141190068, 55.235457587337216, 0.0 ] ], [ [ 14.800936102140909, 55.235954722840447, 0.0 ], [ 14.800369435706312, 55.236743188204038, 0.0 ], [ 14.800166201860721, 55.236723271264196, 0.0 ], [ 14.799861204876276, 55.235884884254759, 0.0 ], [ 14.800584068514315, 55.23574023396408, 0.0 ], [ 14.800936102140909, 55.235954722840447, 0.0 ] ] ], [ [ [ 14.767810110209478, 55.242842660451366, 0.0 ], [ 14.769761566724108, 55.243442056274439, 0.0 ], [ 14.768583048843869, 55.244407971291402, 0.0 ], [ 14.769060069990989, 55.244557794581517, 0.0 ], [ 14.77040866042657, 55.244262432351846, 0.0 ], [ 14.771580317845613, 55.24453769526, 0.0 ], [ 14.773926137110239, 55.243739656672993, 0.0 ], [ 14.774470070376077, 55.24240267557704, 0.0 ], [ 14.773945262570372, 55.241215691648385, 0.0 ], [ 14.774521771803169, 55.239131668542171, 0.0 ], [ 14.773888888077906, 55.235804137678173, 0.0 ], [ 14.769242735175993, 55.23549763098756, 0.0 ], [ 14.768769476553897, 55.236047402862823, 0.0 ], [ 14.767417050971067, 55.235692758282937, 0.0 ], [ 14.765449399922378, 55.236651500900457, 0.0 ], [ 14.764970354982259, 55.236319595695612, 0.0 ], [ 14.764151322983317, 55.236353549785598, 0.0 ], [ 14.76206745517503, 55.237951641038286, 0.0 ], [ 14.763881936282155, 55.238466258624577, 0.0 ], [ 14.764405456708387, 55.238044629621321, 0.0 ], [ 14.765844458851282, 55.238456590626306, 0.0 ], [ 14.76391590294403, 55.240104676027819, 0.0 ], [ 14.764952707683046, 55.241074733470768, 0.0 ], [ 14.768952050851587, 55.240685139743121, 0.0 ], [ 14.767810110209478, 55.242842660451366, 0.0 ] ] ], [ [ [ 14.792507577590786, 55.24192913204574, 0.0 ], [ 14.792395839427485, 55.24115899047063, 0.0 ], [ 14.791512860422616, 55.241089991138743, 0.0 ], [ 14.791418437293794, 55.241334468459939, 0.0 ], [ 14.792012836671059, 55.241412717737632, 0.0 ], [ 14.79230622008008, 55.241189220491982, 0.0 ], [ 14.792174575179191, 55.241869370109839, 0.0 ], [ 14.792490970367101, 55.241978706041898, 0.0 ], [ 14.795256064120672, 55.242176026294771, 0.0 ], [ 14.797141093466065, 55.24270372483759, 0.0 ], [ 14.795290681873359, 55.242098631999902, 0.0 ], [ 14.792507577590786, 55.24192913204574, 0.0 ] ] ], [ [ [ 14.774708278391998, 55.264935172008713, 0.0 ], [ 14.775390934434634, 55.264430321947138, 0.0 ], [ 14.772598159268499, 55.263984619817549, 0.0 ], [ 14.772136417811026, 55.264315117409183, 0.0 ], [ 14.77304363040588, 55.264889454268683, 0.0 ], [ 14.774708278391998, 55.264935172008713, 0.0 ] ] ], [ [ [ 14.803945518465966, 55.265428886364361, 0.0 ], [ 14.802144921994463, 55.265177921025064, 0.0 ], [ 14.801169387637144, 55.265494890984421, 0.0 ], [ 14.800712620349039, 55.265404849612757, 0.0 ], [ 14.801163107372487, 55.265520297806511, 0.0 ], [ 14.802128048057549, 55.265215292997333, 0.0 ], [ 14.802902643239241, 55.265785532884166, 0.0 ], [ 14.803930279064021, 55.265682398172977, 0.0 ], [ 14.803945518465966, 55.265428886364361, 0.0 ] ] ], [ [ [ 14.807563669501187, 55.270296789337685, 0.0 ], [ 14.80684248603991, 55.271077526512997, 0.0 ], [ 14.807324619303428, 55.271686085785817, 0.0 ], [ 14.809271349372885, 55.27232230124774, 0.0 ], [ 14.809032065515133, 55.271889890809057, 0.0 ], [ 14.810171375854594, 55.271701343999588, 0.0 ], [ 14.810397355287925, 55.271066079887987, 0.0 ], [ 14.810027949304109, 55.270867121702082, 0.0 ], [ 14.811470631564823, 55.269989291339556, 0.0 ], [ 14.811004887873574, 55.269817610649213, 0.0 ], [ 14.811443560440036, 55.269576753537102, 0.0 ], [ 14.811237437391238, 55.269144832097901, 0.0 ], [ 14.81166428763532, 55.269446460363206, 0.0 ], [ 14.811615851161772, 55.269038356349881, 0.0 ], [ 14.812144958321502, 55.269323294298829, 0.0 ], [ 14.810512522038501, 55.267235527775625, 0.0 ], [ 14.810142579797743, 55.267309538570217, 0.0 ], [ 14.809709782869149, 55.266924098850367, 0.0 ], [ 14.808334807010645, 55.268125970578367, 0.0 ], [ 14.809351424235263, 55.268543931501036, 0.0 ], [ 14.808112317877431, 55.269192978665956, 0.0 ], [ 14.809784563484136, 55.269505839650236, 0.0 ], [ 14.809588524003159, 55.270177996947012, 0.0 ], [ 14.809067677993614, 55.270714987733029, 0.0 ], [ 14.807563669501187, 55.270296789337685, 0.0 ] ] ], [ [ [ 14.810257033015919, 55.270893497449329, 0.0 ], [ 14.810283487006636, 55.270904433380409, 0.0 ], [ 14.810305054722386, 55.270900409005549, 0.0 ], [ 14.810257033015919, 55.270893497449329, 0.0 ] ] ], [ [ [ 14.811863182300723, 55.269282663168134, 0.0 ], [ 14.811841643172354, 55.269337613342614, 0.0 ], [ 14.811882414017255, 55.269346787978712, 0.0 ], [ 14.811863182300723, 55.269282663168134, 0.0 ] ] ], [ [ [ 14.767484475467056, 55.276779975172417, 0.0 ], [ 14.767556421443039, 55.276859734208941, 0.0 ], [ 14.767590307334254, 55.276799319222143, 0.0 ], [ 14.767484475467056, 55.276779975172417, 0.0 ] ] ], [ [ [ 14.764175634608645, 55.277935557666879, 0.0 ], [ 14.76329354075107, 55.276838083048204, 0.0 ], [ 14.758535737630915, 55.275956361012867, 0.0 ], [ 14.757247316133741, 55.277414958358023, 0.0 ], [ 14.76018918401841, 55.278840990062335, 0.0 ], [ 14.760463749579571, 55.278468974463451, 0.0 ], [ 14.764175634608645, 55.277935557666879, 0.0 ] ] ], [ [ [ 14.84551116378934, 55.244017764865319, 0.0 ], [ 14.84640275563514, 55.244280407052699, 0.0 ], [ 14.846635027193916, 55.245111485755615, 0.0 ], [ 14.846994231487658, 55.244748503782304, 0.0 ], [ 14.846360366199894, 55.243889474085279, 0.0 ], [ 14.845603208030029, 55.243936684785965, 0.0 ], [ 14.844888359471392, 55.243166344314105, 0.0 ], [ 14.84551116378934, 55.244017764865319, 0.0 ] ] ], [ [ [ 14.825796104783073, 55.245268947347917, 0.0 ], [ 14.826232597535196, 55.24540926631672, 0.0 ], [ 14.826527660843796, 55.245172314131693, 0.0 ], [ 14.826122411819368, 55.245004365755314, 0.0 ], [ 14.825796104783073, 55.245268947347917, 0.0 ] ] ], [ [ [ 14.835471104522137, 55.245570172686627, 0.0 ], [ 14.834736159786365, 55.245552214075261, 0.0 ], [ 14.835774360882754, 55.245763464775941, 0.0 ], [ 14.835843465590594, 55.244936538501598, 0.0 ], [ 14.835471104522137, 55.245570172686627, 0.0 ] ] ], [ [ [ 14.828820750558275, 55.249054970982357, 0.0 ], [ 14.827197303584509, 55.248217532994175, 0.0 ], [ 14.828587101586772, 55.249123835862015, 0.0 ], [ 14.828820750558275, 55.249054970982357, 0.0 ] ] ], [ [ [ 14.819735463624248, 55.251127112746502, 0.0 ], [ 14.818647776501784, 55.251398485028659, 0.0 ], [ 14.816603748442638, 55.250617240539746, 0.0 ], [ 14.814223593698125, 55.250971329534337, 0.0 ], [ 14.813503507185203, 55.250788290689293, 0.0 ], [ 14.813202819288597, 55.251325318685687, 0.0 ], [ 14.81630124056316, 55.251407547278461, 0.0 ], [ 14.81660328990365, 55.251829991429382, 0.0 ], [ 14.815992202035954, 55.252462060920216, 0.0 ], [ 14.817737938920965, 55.253885373393153, 0.0 ], [ 14.817357929168923, 55.254090218632555, 0.0 ], [ 14.818277028647701, 55.2547304029234, 0.0 ], [ 14.818872934777033, 55.254452130976503, 0.0 ], [ 14.819914041036933, 55.25490042448002, 0.0 ], [ 14.820175962228829, 55.254640112243266, 0.0 ], [ 14.819373768167312, 55.254254194839646, 0.0 ], [ 14.820071285047588, 55.253771157774132, 0.0 ], [ 14.81983287029488, 55.253609483164773, 0.0 ], [ 14.820198825002581, 55.253462278358171, 0.0 ], [ 14.82104828207383, 55.253958701828303, 0.0 ], [ 14.821636466381978, 55.253587366980241, 0.0 ], [ 14.821029401503068, 55.253313367382674, 0.0 ], [ 14.821859975849591, 55.252777328924047, 0.0 ], [ 14.821840852630917, 55.252365204393342, 0.0 ], [ 14.819735463624248, 55.251127112746502, 0.0 ] ] ], [ [ [ 14.796193453682546, 55.276744559328421, 0.0 ], [ 14.798389835299174, 55.276940056920076, 0.0 ], [ 14.796209830456265, 55.276688613435866, 0.0 ], [ 14.796193453682546, 55.276744559328421, 0.0 ] ] ], [ [ [ 14.786425711955831, 55.284069643974611, 0.0 ], [ 14.787507578091008, 55.283997769295645, 0.0 ], [ 14.790860182889991, 55.280877347746895, 0.0 ], [ 14.788157340683279, 55.279884470421706, 0.0 ], [ 14.790560030806983, 55.278074775367109, 0.0 ], [ 14.787507058554271, 55.277136077839778, 0.0 ], [ 14.786757713292754, 55.277208611411019, 0.0 ], [ 14.786441878727278, 55.278116828375076, 0.0 ], [ 14.782429200863422, 55.277483030822744, 0.0 ], [ 14.781742132554205, 55.277927443029597, 0.0 ], [ 14.781432350068282, 55.279146579952361, 0.0 ], [ 14.779067519557453, 55.279770030934245, 0.0 ], [ 14.777927355361793, 55.283574242364914, 0.0 ], [ 14.783001560569886, 55.283958235740691, 0.0 ], [ 14.783404180483345, 55.282943957115982, 0.0 ], [ 14.786425711955831, 55.284069643974611, 0.0 ] ] ], [ [ [ 14.774829882976629, 55.282640576032918, 0.0 ], [ 14.771563284209371, 55.282169110954008, 0.0 ], [ 14.769766332227222, 55.282576334407814, 0.0 ], [ 14.771703691048089, 55.283828764833906, 0.0 ], [ 14.773075664191762, 55.283946764122703, 0.0 ], [ 14.775785377448672, 55.284829660590056, 0.0 ], [ 14.776948741828155, 55.284407516380242, 0.0 ], [ 14.778782919665218, 55.284538328543249, 0.0 ], [ 14.777664547142873, 55.283553059195263, 0.0 ], [ 14.774829882976629, 55.282640576032918, 0.0 ] ] ], [ [ [ 14.791711917540789, 55.283747810211416, 0.0 ], [ 14.793922499733652, 55.284434402230843, 0.0 ], [ 14.791834696911927, 55.283626819804489, 0.0 ], [ 14.791711917540789, 55.283747810211416, 0.0 ] ] ], [ [ [ 14.785433862864174, 55.287025480154867, 0.0 ], [ 14.786521623005555, 55.287204263855848, 0.0 ], [ 14.786355428071744, 55.286811089327507, 0.0 ], [ 14.785433862864174, 55.287025480154867, 0.0 ] ] ] ] } }
]
}
