{
"type": "FeatureCollection",
"name": "valuable_cultural_environment",
"crs": { "type": "name", "properties": { "name": "urn:ogc:def:crs:OGC:1.3:CRS84" } },
"features": [
{ "type": "Feature", "properties": { "layer_id": "valuable_cultural_environment", "label": "Valuable cultural environment", "tooltip_title": "Source layer: Valuable cultural environment", "tooltip_body": "Valuable cultural-environment polygons.<br>Clipped to Bornholm DAGI Landsdel landmass." }, "geometry": { "type": "Polygon", "coordinates": [ [ [ 14.805315985297495, 55.267705965685927, 0.0 ], [ 14.808216280961895, 55.265262151773165, 0.0 ], [ 14.808501614686637, 55.263932119337397, 0.0 ], [ 14.807387347672583, 55.263078952355528, 0.0 ], [ 14.804219407971923, 55.262914493070383, 0.0 ], [ 14.8025354074615, 55.264348849893757, 0.0 ], [ 14.803363864400408, 55.266585392862993, 0.0 ], [ 14.805315985297495, 55.267705965685927, 0.0 ] ] ] } },
{ "type": "Feature", "properties": { "layer_id": "valuable_cultural_environment", "label": "Valuable cultural environment", "tooltip_title": "Source layer: Valuable cultural environment", "tooltip_body": "Valuable cultural-environment polygons.<br>Clipped to Bornholm DAGI Landsdel landmass." }, "geometry": { "type": "MultiPolygon", "coordinates": [ [ [ [ 14.738358942478802, 55.246286803948692, 0.0 ], [ 14.738522542239583, 55.244149047280651, 0.0 ], [ 14.737640921801702, 55.2415815993973, 0.0 ], [ 14.731711718968372, 55.232931487409047, 0.0 ], [ 14.727818165110241, 55.23335047504046, 0.0 ], [ 14.724068730622871, 55.234539504508504, 0.0 ], [ 14.721504124849957, 55.236153990979766, 0.0 ], [ 14.72329481835337, 55.238300439334964, 0.0 ], [ 14.731340317069234, 55.243706082188687, 0.0 ], [ 14.730514300111217, 55.244048240282048, 0.0 ], [ 14.731186153650413, 55.244666286416937, 0.0 ], [ 14.730894223849374, 55.245051907445045, 0.0 ], [ 14.73007903616416, 55.245024952402353, 0.0 ], [ 14.729407195527807, 55.244506814280506, 0.0 ], [ 14.729081587143185, 55.244641680660671, 0.0 ], [ 14.729540991984383, 55.244938940097434, 0.0 ], [ 14.729344457463135, 55.245578508481337, 0.0 ], [ 14.731971935181489, 55.245331144195198, 0.0 ], [ 14.735357179921682, 55.247477619728386, 0.0 ], [ 14.738358942478802, 55.246286803948692, 0.0 ] ] ], [ [ [ 14.728230335086336, 55.244994259220711, 0.0 ], [ 14.728030176762509, 55.246036890103923, 0.0 ], [ 14.728450255307475, 55.246543699522512, 0.0 ], [ 14.728230335086336, 55.244994259220711, 0.0 ] ] ] ] } },
{ "type": "Feature", "properties": { "layer_id": "valuable_cultural_environment", "label": "Valuable cultural environment", "tooltip_title": "Source layer: Valuable cultural environment", "tooltip_body": "Valuable cultural-environment polygons.<br>Clipped to Bornholm DAGI Landsdel landmass." }, "geometry": { "type": "Polygon", "coordinates": [ [ [ 14.847171032374037, 55.232659466601298, 0.0 ], [ 14.850819550814878, 55.231404229684642, 0.0 ], [ 14.849722439271881, 55.23014326036315, 0.0 ], [ 14.849644244151193, 55.228399172738499, 0.0 ], [ 14.846428606191465, 55.227329368026808, 0.0 ], [ 14.841927537179139, 55.2300368514965, 0.0 ], [ 14.847171032374037, 55.232659466601298, 0.0 ] ] ] } },
{ "type": "Feature", "properties": { "layer_id": "valuable_cultural_environment", "label": "Valuable cultural environment", "tooltip_title": "Source layer: Valuable cultural environment", "tooltip_body": "Valuable cultural-environment polygons.<br>Clipped to Bornholm DAGI Landsdel landmass." }, "geometry": { "type": "Polygon", "coordinates": [ [ [ 14.798516193228883, 55.252598747366669, 0.0 ], [ 14.801401245544229, 55.252118936827308, 0.0 ], [ 14.802810509182418, 55.251161667700806, 0.0 ], [ 14.803502828926009, 55.248161662024629, 0.0 ], [ 14.805607214921485, 55.244874969518513, 0.0 ], [ 14.805616388135387, 55.24285243055926, 0.0 ], [ 14.80788492401442, 55.23561798135016, 0.0 ], [ 14.80305897414436, 55.232098146448031, 0.0 ], [ 14.796173297120191, 55.231022671708516, 0.0 ], [ 14.790569850283187, 55.234312982992684, 0.0 ], [ 14.79008379527242, 55.243634978132128, 0.0 ], [ 14.79124304308665, 55.249098436983843, 0.0 ], [ 14.792081748055953, 55.250844103053737, 0.0 ], [ 14.794111100574682, 55.251913169928891, 0.0 ], [ 14.798516193228883, 55.252598747366669, 0.0 ] ] ] } },
{ "type": "Feature", "properties": { "layer_id": "valuable_cultural_environment", "label": "Valuable cultural environment", "tooltip_title": "Source layer: Valuable cultural environment", "tooltip_body": "Valuable cultural-environment polygons.<br>Clipped to Bornholm DAGI Landsdel landmass." }, "geometry": { "type": "Polygon", "coordinates": [ [ [ 14.829793916014141, 55.250348065037379, 0.0 ], [ 14.832160759369778, 55.249300609788058, 0.0 ], [ 14.831865554393316, 55.249070795523913, 0.0 ], [ 14.833645874090999, 55.248495067543757, 0.0 ], [ 14.833392696067419, 55.248102997379853, 0.0 ], [ 14.83617481482926, 55.247348919734968, 0.0 ], [ 14.838512759329562, 55.247387700437287, 0.0 ], [ 14.838379275271494, 55.247597653831626, 0.0 ], [ 14.839060830460534, 55.247764796008461, 0.0 ], [ 14.842612501089491, 55.246898544033478, 0.0 ], [ 14.845071725748136, 55.247192806356345, 0.0 ], [ 14.845090175451583, 55.246611705847585, 0.0 ], [ 14.842345157434595, 55.246522115191148, 0.0 ], [ 14.841579724045213, 55.245704536252141, 0.0 ], [ 14.83767898814761, 55.246469309514751, 0.0 ], [ 14.835352155400857, 55.245887130992386, 0.0 ], [ 14.83553476146351, 55.244819138002761, 0.0 ], [ 14.834121927391461, 55.244940113333335, 0.0 ], [ 14.833766760930551, 55.245163214058643, 0.0 ], [ 14.834213466175253, 55.245327150847196, 0.0 ], [ 14.833632078900623, 55.245613945524468, 0.0 ], [ 14.83486038431943, 55.246796565643429, 0.0 ], [ 14.835947434029446, 55.246438873717381, 0.0 ], [ 14.837341735927707, 55.246908521414689, 0.0 ], [ 14.837266152652811, 55.247190775802217, 0.0 ], [ 14.834113490373371, 55.247321224294119, 0.0 ], [ 14.832972069359599, 55.247838959209894, 0.0 ], [ 14.833013921684023, 55.248178506281626, 0.0 ], [ 14.832065389918098, 55.247993882231583, 0.0 ], [ 14.831001205226007, 55.248525989454365, 0.0 ], [ 14.83056227106718, 55.248372200668506, 0.0 ], [ 14.829886660314656, 55.248985779713287, 0.0 ], [ 14.830809038777964, 55.249346322513084, 0.0 ], [ 14.829454480361111, 55.250092817189682, 0.0 ], [ 14.829793916014141, 55.250348065037379, 0.0 ] ] ] } },
{ "type": "Feature", "properties": { "layer_id": "valuable_cultural_environment", "label": "Valuable cultural environment", "tooltip_title": "Source layer: Valuable cultural environment", "tooltip_body": "Valuable cultural-environment polygons.<br>Clipped to Bornholm DAGI Landsdel landmass." }, "geometry": { "type": "Polygon", "coordinates": [ [ [ 14.736947194469909, 55.249176212344381, 0.0 ], [ 14.737782202317725, 55.248767214983793, 0.0 ], [ 14.736144541123565, 55.247154507302923, 0.0 ], [ 14.738472217112385, 55.245906169897076, 0.0 ], [ 14.736683428282157, 55.245809684436239, 0.0 ], [ 14.735778743080061, 55.244766258846639, 0.0 ], [ 14.735829519924707, 55.243858990985331, 0.0 ], [ 14.737385709230377, 55.243212094585331, 0.0 ], [ 14.73458243972833, 55.239664915601757, 0.0 ], [ 14.733966330263609, 55.238142927850213, 0.0 ], [ 14.735173235155948, 55.237168735527675, 0.0 ], [ 14.733180109374652, 55.234825332509772, 0.0 ], [ 14.732725832771301, 55.23490516537705, 0.0 ], [ 14.732978872209884, 55.235361789156727, 0.0 ], [ 14.73182539174106, 55.235016283417558, 0.0 ], [ 14.728687150787069, 55.23638243658008, 0.0 ], [ 14.72918773391647, 55.236995924595689, 0.0 ], [ 14.728527564228205, 55.236970033775407, 0.0 ], [ 14.727947261232613, 55.237383271337293, 0.0 ], [ 14.726943869789842, 55.236862766261389, 0.0 ], [ 14.725906517788321, 55.237098749173413, 0.0 ], [ 14.7257867023472, 55.237384437212988, 0.0 ], [ 14.724057681945091, 55.237294144295717, 0.0 ], [ 14.722267131298947, 55.235475395060774, 0.0 ], [ 14.721496745311383, 55.236180200423583, 0.0 ], [ 14.722642391688943, 55.237830754151126, 0.0 ], [ 14.727958064052038, 55.241521829049425, 0.0 ], [ 14.731186153650413, 55.244666286416937, 0.0 ], [ 14.730580896245041, 55.245092772634969, 0.0 ], [ 14.729178218280415, 55.244437245908493, 0.0 ], [ 14.728175789753646, 55.244584550785675, 0.0 ], [ 14.72809470496694, 55.246469274270986, 0.0 ], [ 14.728490993861541, 55.246465866402445, 0.0 ], [ 14.728475782357853, 55.244670796203003, 0.0 ], [ 14.729468635023574, 55.244860070529668, 0.0 ], [ 14.729363682799789, 55.24558019533584, 0.0 ], [ 14.732016083044435, 55.24531934204466, 0.0 ], [ 14.735115681838655, 55.24807259916291, 0.0 ], [ 14.735382989709327, 55.249038258751298, 0.0 ], [ 14.735831649337912, 55.248209612477844, 0.0 ], [ 14.736757482869267, 55.248826250977203, 0.0 ], [ 14.73646241944742, 55.248969701747868, 0.0 ], [ 14.736023300073438, 55.248573076507, 0.0 ], [ 14.735799633615763, 55.248683903156746, 0.0 ], [ 14.736391658029421, 55.24902308894935, 0.0 ], [ 14.736947194469909, 55.249176212344381, 0.0 ] ] ] } },
{ "type": "Feature", "properties": { "layer_id": "valuable_cultural_environment", "label": "Valuable cultural environment", "tooltip_title": "Source layer: Valuable cultural environment", "tooltip_body": "Valuable cultural-environment polygons.<br>Clipped to Bornholm DAGI Landsdel landmass." }, "geometry": { "type": "Polygon", "coordinates": [ [ [ 14.797571155624327, 55.246184204127189, 0.0 ], [ 14.797546155041054, 55.244095337519184, 0.0 ], [ 14.79803736843523, 55.244090470099827, 0.0 ], [ 14.798123812672445, 55.242333336243249, 0.0 ], [ 14.798502414703982, 55.242360210717436, 0.0 ], [ 14.798347864043405, 55.240002589127123, 0.0 ], [ 14.799052360866707, 55.239618005425534, 0.0 ], [ 14.798331118257774, 55.239082904361368, 0.0 ], [ 14.797737545001347, 55.23940494242499, 0.0 ], [ 14.79663392401998, 55.238967817209463, 0.0 ], [ 14.796936684325898, 55.241228712670491, 0.0 ], [ 14.796534855202395, 55.243239163639153, 0.0 ], [ 14.795924803355739, 55.243929178562077, 0.0 ], [ 14.797335354120664, 55.244385804870966, 0.0 ], [ 14.797336340608002, 55.245165264713449, 0.0 ], [ 14.796849675151865, 55.245150647376164, 0.0 ], [ 14.796310718376057, 55.246110854658482, 0.0 ], [ 14.797571155624327, 55.246184204127189, 0.0 ] ] ] } },
{ "type": "Feature", "properties": { "layer_id": "valuable_cultural_environment", "label": "Valuable cultural environment", "tooltip_title": "Source layer: Valuable cultural environment", "tooltip_body": "Valuable cultural-environment polygons.<br>Clipped to Bornholm DAGI Landsdel landmass." }, "geometry": { "type": "Polygon", "coordinates": [ [ [ 14.739595510199125, 55.251133902659035, 0.0 ], [ 14.739879073206303, 55.250708145660674, 0.0 ], [ 14.739252898189678, 55.250341330215583, 0.0 ], [ 14.739716867859494, 55.250442949036838, 0.0 ], [ 14.739569763287367, 55.250211337279758, 0.0 ], [ 14.740096164871389, 55.250151845027958, 0.0 ], [ 14.740582827548238, 55.248833411751285, 0.0 ], [ 14.740199691590334, 55.248390499561538, 0.0 ], [ 14.73904823718394, 55.24869444648121, 0.0 ], [ 14.738419441632779, 55.248034468033296, 0.0 ], [ 14.739448460936952, 55.247920302695661, 0.0 ], [ 14.739153290035484, 55.247275825095471, 0.0 ], [ 14.737880491272819, 55.24767874589255, 0.0 ], [ 14.737839849141411, 55.247324455979488, 0.0 ], [ 14.739109745448747, 55.246918971676742, 0.0 ], [ 14.740055205510677, 55.247035771485358, 0.0 ], [ 14.74006657358192, 55.246726378149042, 0.0 ], [ 14.740566632555723, 55.246690990568425, 0.0 ], [ 14.740054179287904, 55.246256971041113, 0.0 ], [ 14.742220372186797, 55.24585218896663, 0.0 ], [ 14.74207088686458, 55.245305533950962, 0.0 ], [ 14.742644284154307, 55.244864377864218, 0.0 ], [ 14.742273080651266, 55.244751191391849, 0.0 ], [ 14.740733528070111, 55.24512505676492, 0.0 ], [ 14.741026752940105, 55.245613258596684, 0.0 ], [ 14.740778322551121, 55.245298661130633, 0.0 ], [ 14.7399548704767, 55.24541412294343, 0.0 ], [ 14.739433942572299, 55.245652766717242, 0.0 ], [ 14.739664376402045, 55.245991170771504, 0.0 ], [ 14.738977505829546, 55.245933195505962, 0.0 ], [ 14.739093488692845, 55.246756353251286, 0.0 ], [ 14.737298868521378, 55.246948032901052, 0.0 ], [ 14.737103010957117, 55.246731050626124, 0.0 ], [ 14.736457218241085, 55.247025079662734, 0.0 ], [ 14.735839394891247, 55.246570356257791, 0.0 ], [ 14.734238496103586, 55.247121485428536, 0.0 ], [ 14.735233563695665, 55.248249421080715, 0.0 ], [ 14.73534739073995, 55.249027582642874, 0.0 ], [ 14.73583418825948, 55.248184647455048, 0.0 ], [ 14.736767539186305, 55.248778066537326, 0.0 ], [ 14.736458815147204, 55.248973112390239, 0.0 ], [ 14.736017243234921, 55.248576962845078, 0.0 ], [ 14.735866867245157, 55.248771036027904, 0.0 ], [ 14.739595510199125, 55.251133902659035, 0.0 ] ] ] } },
{ "type": "Feature", "properties": { "layer_id": "valuable_cultural_environment", "label": "Valuable cultural environment", "tooltip_title": "Source layer: Valuable cultural environment", "tooltip_body": "Valuable cultural-environment polygons.<br>Clipped to Bornholm DAGI Landsdel landmass." }, "geometry": { "type": "MultiPolygon", "coordinates": [ [ [ [ 14.867287257580781, 55.239472549992932, 0.0 ], [ 14.868362011882139, 55.239981565780127, 0.0 ], [ 14.868664611472749, 55.239468307043659, 0.0 ], [ 14.869867651362233, 55.239114247364171, 0.0 ], [ 14.869621774567543, 55.238821369669246, 0.0 ], [ 14.870723494049216, 55.23884660933993, 0.0 ], [ 14.870553524091733, 55.238570778637275, 0.0 ], [ 14.871108058433036, 55.238982557410893, 0.0 ], [ 14.872473379016567, 55.238580907304559, 0.0 ], [ 14.872168599559735, 55.23874875864184, 0.0 ], [ 14.872243545769194, 55.238971107886492, 0.0 ], [ 14.873090688132427, 55.238379688387518, 0.0 ], [ 14.872874855926138, 55.238112377098204, 0.0 ], [ 14.875549340887854, 55.23741826888628, 0.0 ], [ 14.875497729618903, 55.236210271571586, 0.0 ], [ 14.876098898459158, 55.235523859174414, 0.0 ], [ 14.873909597497182, 55.23596675753727, 0.0 ], [ 14.868501903898386, 55.238090105604194, 0.0 ], [ 14.867287257580781, 55.239472549992932, 0.0 ] ] ], [ [ [ 14.871796530884097, 55.238955958547422, 0.0 ], [ 14.87187998412556, 55.238968404524492, 0.0 ], [ 14.871885454340418, 55.238947383116063, 0.0 ], [ 14.871796530884097, 55.238955958547422, 0.0 ] ] ], [ [ [ 14.872107443581529, 55.238769896741296, 0.0 ], [ 14.87199397697267, 55.238844442302309, 0.0 ], [ 14.872070136541051, 55.238924033379455, 0.0 ], [ 14.872107443581529, 55.238769896741296, 0.0 ] ] ] ] } },
{ "type": "Feature", "properties": { "layer_id": "valuable_cultural_environment", "label": "Valuable cultural environment", "tooltip_title": "Source layer: Valuable cultural environment", "tooltip_body": "Valuable cultural-environment polygons.<br>Clipped to Bornholm DAGI Landsdel landmass." }, "geometry": { "type": "Polygon", "coordinates": [ [ [ 14.897574626938534, 55.047613710791886, 0.0 ], [ 14.897078451524452, 55.047230451978436, 0.0 ], [ 14.895965705321499, 55.048180586016194, 0.0 ], [ 14.894056085152545, 55.048356561110531, 0.0 ], [ 14.893954462498177, 55.049369362559155, 0.0 ], [ 14.896187770405623, 55.048931702577434, 0.0 ], [ 14.896501735800371, 55.049294652139352, 0.0 ], [ 14.896825234695333, 55.048060036539788, 0.0 ], [ 14.897574626938534, 55.047613710791886, 0.0 ] ] ] } },
{ "type": "Feature", "properties": { "layer_id": "valuable_cultural_environment", "label": "Valuable cultural environment", "tooltip_title": "Source layer: Valuable cultural environment", "tooltip_body": "Valuable cultural-environment polygons.<br>Clipped to Bornholm DAGI Landsdel landmass." }, "geometry": { "type": "Polygon", "coordinates": [ [ [ 14.815156198090945, 55.119393823721445, 0.0 ], [ 14.819159047142426, 55.121871206005636, 0.0 ], [ 14.821536793426526, 55.122130312157779, 0.0 ], [ 14.824074798832738, 55.119748209278647, 0.0 ], [ 14.826457138307983, 55.118899426797597, 0.0 ], [ 14.82852975686262, 55.120947593123248, 0.0 ], [ 14.831647113109085, 55.122144978616163, 0.0 ], [ 14.84682064667315, 55.120034869675607, 0.0 ], [ 14.852021911008752, 55.120637873269416, 0.0 ], [ 14.859598986190228, 55.122180972712293, 0.0 ], [ 14.868813113871514, 55.123384244631403, 0.0 ], [ 14.87788500556443, 55.122626978483126, 0.0 ], [ 14.883843838431677, 55.118542941438676, 0.0 ], [ 14.884295582421451, 55.116583568190322, 0.0 ], [ 14.884155676987373, 55.113515905830852, 0.0 ], [ 14.880309696893464, 55.107206473786086, 0.0 ], [ 14.871548194635681, 55.104981805774763, 0.0 ], [ 14.865606344526681, 55.104123059781237, 0.0 ], [ 14.857293667917396, 55.101471945560348, 0.0 ], [ 14.830191999683512, 55.114644228420815, 0.0 ], [ 14.830497183835618, 55.112770028580037, 0.0 ], [ 14.829165076057651, 55.111404663416863, 0.0 ], [ 14.825747726706188, 55.111058855796919, 0.0 ], [ 14.822623120747924, 55.111821246855492, 0.0 ], [ 14.812216779426743, 55.1120609637331, 0.0 ], [ 14.809834014883176, 55.112994470944983, 0.0 ], [ 14.808334916040439, 55.115633918489443, 0.0 ], [ 14.80966677077603, 55.116914168678449, 0.0 ], [ 14.815156198090945, 55.119393823721445, 0.0 ] ] ] } },
{ "type": "Feature", "properties": { "layer_id": "valuable_cultural_environment", "label": "Valuable cultural environment", "tooltip_title": "Source layer: Valuable cultural environment", "tooltip_body": "Valuable cultural-environment polygons.<br>Clipped to Bornholm DAGI Landsdel landmass." }, "geometry": { "type": "Polygon", "coordinates": [ [ [ 14.835714587027617, 55.077307176801639, 0.0 ], [ 14.835743299971247, 55.077038602569772, 0.0 ], [ 14.836285183056956, 55.077042345542459, 0.0 ], [ 14.836371757504294, 55.076401886804788, 0.0 ], [ 14.835868446344607, 55.076523584951055, 0.0 ], [ 14.835896088551909, 55.075594549865137, 0.0 ], [ 14.836710067736284, 55.07575112288508, 0.0 ], [ 14.83694567846538, 55.075152469835217, 0.0 ], [ 14.836292542088447, 55.073309470822203, 0.0 ], [ 14.837727634486701, 55.072975328900945, 0.0 ], [ 14.837469644986468, 55.072497011915402, 0.0 ], [ 14.834362951715223, 55.07195050515503, 0.0 ], [ 14.835098558794284, 55.073325469056819, 0.0 ], [ 14.834501239733823, 55.073330688717753, 0.0 ], [ 14.834071455551044, 55.073766632886354, 0.0 ], [ 14.834310076260726, 55.074441331119772, 0.0 ], [ 14.833848443722134, 55.075478099701307, 0.0 ], [ 14.834980442363468, 55.075630290845119, 0.0 ], [ 14.835352079620357, 55.076593514167079, 0.0 ], [ 14.834678376299594, 55.076685228626772, 0.0 ], [ 14.834769832514322, 55.077299662446073, 0.0 ], [ 14.835714587027617, 55.077307176801639, 0.0 ] ] ] } },
{ "type": "Feature", "properties": { "layer_id": "valuable_cultural_environment", "label": "Valuable cultural environment", "tooltip_title": "Source layer: Valuable cultural environment", "tooltip_body": "Valuable cultural-environment polygons.<br>Clipped to Bornholm DAGI Landsdel landmass." }, "geometry": { "type": "Polygon", "coordinates": [ [ [ 14.820168329626155, 55.079108177629301, 0.0 ], [ 14.822703428650376, 55.078657914738223, 0.0 ], [ 14.824365476385225, 55.077569811505498, 0.0 ], [ 14.825166702903298, 55.076202243406705, 0.0 ], [ 14.824675129071696, 55.072367306837343, 0.0 ], [ 14.820635183663473, 55.070702847266219, 0.0 ], [ 14.815719433366075, 55.071027355190367, 0.0 ], [ 14.812822620175854, 55.072349939885811, 0.0 ], [ 14.811018605209863, 55.074765863428105, 0.0 ], [ 14.811326455716618, 55.07686532531374, 0.0 ], [ 14.813308104943816, 55.078282917565346, 0.0 ], [ 14.81668542516511, 55.07910273706414, 0.0 ], [ 14.820168329626155, 55.079108177629301, 0.0 ] ] ] } },
{ "type": "Feature", "properties": { "layer_id": "valuable_cultural_environment", "label": "Valuable cultural environment", "tooltip_title": "Source layer: Valuable cultural environment", "tooltip_body": "Valuable cultural-environment polygons.<br>Clipped to Bornholm DAGI Landsdel landmass." }, "geometry": { "type": "Polygon", "coordinates": [ [ [ 14.899870791219321, 55.089374743068063, 0.0 ], [ 14.896588257255914, 55.091721031974444, 0.0 ], [ 14.890236200553922, 55.093007485761007, 0.0 ], [ 14.884089802029541, 55.093823676707444, 0.0 ], [ 14.876921511182118, 55.093816391190416, 0.0 ], [ 14.871797002455313, 55.095103098026748, 0.0 ], [ 14.867285216051727, 55.096977280659999, 0.0 ], [ 14.862369349412901, 55.096971781715347, 0.0 ], [ 14.858883970350851, 55.097907509495847, 0.0 ], [ 14.857855779034026, 55.099080920726969, 0.0 ], [ 14.859898297749346, 55.100727779324274, 0.0 ], [ 14.869409943096993, 55.103135213662867, 0.0 ], [ 14.878412326410015, 55.101747451002645, 0.0 ], [ 14.888367574555291, 55.102167543204274, 0.0 ], [ 14.893685765634016, 55.10499159816186, 0.0 ], [ 14.900284568355451, 55.111189599143614, 0.0 ], [ 14.901985123520252, 55.111190765964274, 0.0 ], [ 14.90433667108117, 55.110430031091013, 0.0 ], [ 14.905567271699731, 55.10651226858235, 0.0 ], [ 14.909820986726654, 55.105344947171538, 0.0 ], [ 14.911014395034591, 55.10388293552878, 0.0 ], [ 14.910510070040367, 55.101249380948552, 0.0 ], [ 14.909323496439228, 55.099590471292053, 0.0 ], [ 14.906438713327677, 55.097150182390273, 0.0 ], [ 14.906444911879568, 55.094419396416413, 0.0 ], [ 14.908150031550436, 55.092079934618887, 0.0 ], [ 14.906456349071513, 55.089347966218448, 0.0 ], [ 14.902329984023124, 55.088671983907453, 0.0 ], [ 14.899870791219321, 55.089374743068063, 0.0 ] ] ] } },
{ "type": "Feature", "properties": { "layer_id": "valuable_cultural_environment", "label": "Valuable cultural environment", "tooltip_title": "Source layer: Valuable cultural environment", "tooltip_body": "Valuable cultural-environment polygons.<br>Clipped to Bornholm DAGI Landsdel landmass." }, "geometry": { "type": "Polygon", "coordinates": [ [ [ 14.784482432139397, 55.082833750604479, 0.0 ], [ 14.775240690472149, 55.076642888983145, 0.0 ], [ 14.771634325427121, 55.071119316316086, 0.0 ], [ 14.771071849793922, 55.068298510353394, 0.0 ], [ 14.765016674433662, 55.065716051555562, 0.0 ], [ 14.761380939149342, 55.067674347433851, 0.0 ], [ 14.747252426941721, 55.072754445049377, 0.0 ], [ 14.740735715242378, 55.076465928484012, 0.0 ], [ 14.736413771291152, 55.08475938412046, 0.0 ], [ 14.739548807678901, 55.087746855914816, 0.0 ], [ 14.741585907873679, 55.088389863596845, 0.0 ], [ 14.752728379351623, 55.087029883867537, 0.0 ], [ 14.762639854428059, 55.089211103603624, 0.0 ], [ 14.776137927953339, 55.093105911281825, 0.0 ], [ 14.786684168563553, 55.095198135400004, 0.0 ], [ 14.797208005467885, 55.097971198962121, 0.0 ], [ 14.804075009270536, 55.098089091790953, 0.0 ], [ 14.808533216555881, 55.097351229415573, 0.0 ], [ 14.809836995991843, 55.096395454455788, 0.0 ], [ 14.808729046662224, 55.09522280110312, 0.0 ], [ 14.806132203092174, 55.094899244163663, 0.0 ], [ 14.805029078137933, 55.092768573914704, 0.0 ], [ 14.802438793310547, 55.091167652823898, 0.0 ], [ 14.793166047411161, 55.089980994119749, 0.0 ], [ 14.787750666536532, 55.086912071429566, 0.0 ], [ 14.784482432139397, 55.082833750604479, 0.0 ] ] ] } },
{ "type": "Feature", "properties": { "layer_id": "valuable_cultural_environment", "label": "Valuable cultural environment", "tooltip_title": "Source layer: Valuable cultural environment", "tooltip_body": "Valuable cultural-environment polygons.<br>Clipped to Bornholm DAGI Landsdel landmass." }, "geometry": { "type": "Polygon", "coordinates": [ [ [ 14.702636981315271, 55.094617229455018, 0.0 ], [ 14.701014486964045, 55.094304275161974, 0.0 ], [ 14.700059939632993, 55.094942844118805, 0.0 ], [ 14.702455349820401, 55.095124906603807, 0.0 ], [ 14.702636981315271, 55.094617229455018, 0.0 ] ] ] } },
{ "type": "Feature", "properties": { "layer_id": "valuable_cultural_environment", "label": "Valuable cultural environment", "tooltip_title": "Source layer: Valuable cultural environment", "tooltip_body": "Valuable cultural-environment polygons.<br>Clipped to Bornholm DAGI Landsdel landmass." }, "geometry": { "type": "Polygon", "coordinates": [ [ [ 14.761296642756312, 55.215875620070015, 0.0 ], [ 14.759905809586083, 55.213505896817672, 0.0 ], [ 14.757268483565984, 55.211795350886085, 0.0 ], [ 14.753723814174821, 55.210787607022596, 0.0 ], [ 14.749793573126835, 55.210630998997189, 0.0 ], [ 14.74574567067493, 55.211454479508731, 0.0 ], [ 14.742842939709002, 55.213001155723731, 0.0 ], [ 14.741156320739407, 55.215073152995487, 0.0 ], [ 14.740934319427447, 55.217365432160314, 0.0 ], [ 14.742209867992814, 55.219540471768475, 0.0 ], [ 14.744795337783417, 55.221277964725353, 0.0 ], [ 14.748310059798895, 55.222322007709359, 0.0 ], [ 14.752236361494814, 55.222518820159749, 0.0 ], [ 14.755995876984706, 55.221839416907201, 0.0 ], [ 14.759034845535657, 55.220383879338755, 0.0 ], [ 14.760905760456733, 55.218366594328643, 0.0 ], [ 14.761296642756312, 55.215875620070015, 0.0 ] ] ] } },
{ "type": "Feature", "properties": { "layer_id": "valuable_cultural_environment", "label": "Valuable cultural environment", "tooltip_title": "Source layer: Valuable cultural environment", "tooltip_body": "Valuable cultural-environment polygons.<br>Clipped to Bornholm DAGI Landsdel landmass." }, "geometry": { "type": "MultiPolygon", "coordinates": [ [ [ [ 14.702745557372024, 55.180943199949752, 0.0 ], [ 14.70337787868333, 55.181035057161147, 0.0 ], [ 14.70338685444386, 55.181614798750019, 0.0 ], [ 14.704100312284169, 55.181708516729202, 0.0 ], [ 14.703932861012161, 55.182147108060569, 0.0 ], [ 14.703358991811902, 55.182196538797982, 0.0 ], [ 14.703321234957304, 55.184581073139739, 0.0 ], [ 14.704697357481798, 55.186381306139637, 0.0 ], [ 14.705552707205072, 55.186258077975253, 0.0 ], [ 14.705637689428073, 55.187172359061726, 0.0 ], [ 14.706125096195249, 55.18712841792189, 0.0 ], [ 14.705456465142456, 55.188131630457782, 0.0 ], [ 14.706602182346947, 55.188292906333011, 0.0 ], [ 14.707544619904416, 55.187710357297412, 0.0 ], [ 14.708485013990366, 55.187941836894808, 0.0 ], [ 14.708833112327916, 55.187504747498217, 0.0 ], [ 14.707835596057393, 55.187251197958766, 0.0 ], [ 14.707987043872409, 55.186759341492994, 0.0 ], [ 14.709122987322729, 55.184952092265775, 0.0 ], [ 14.709847167650457, 55.185124400310535, 0.0 ], [ 14.711168553995384, 55.183311208595761, 0.0 ], [ 14.71000970933099, 55.183162838005785, 0.0 ], [ 14.710203959661957, 55.182741521553119, 0.0 ], [ 14.710755997356651, 55.182822799803418, 0.0 ], [ 14.710440544613752, 55.182224957422889, 0.0 ], [ 14.7110795246056, 55.182300439382132, 0.0 ], [ 14.711083671621335, 55.181869958911932, 0.0 ], [ 14.712201611732448, 55.181714899612366, 0.0 ], [ 14.71415058882585, 55.182034140304978, 0.0 ], [ 14.714624020584909, 55.180777916120903, 0.0 ], [ 14.710566037630226, 55.181337606931315, 0.0 ], [ 14.709550489880803, 55.18095952726663, 0.0 ], [ 14.709325998363957, 55.181450766655914, 0.0 ], [ 14.707868352029559, 55.181678822315014, 0.0 ], [ 14.706742318440439, 55.181312298728372, 0.0 ], [ 14.707144916944687, 55.18089569911524, 0.0 ], [ 14.705792851457256, 55.18086708362533, 0.0 ], [ 14.705576029072883, 55.181280449803054, 0.0 ], [ 14.705243933117339, 55.181203498933478, 0.0 ], [ 14.70552449655478, 55.180799113960184, 0.0 ], [ 14.704767885821544, 55.180685195555775, 0.0 ], [ 14.704282636097179, 55.181125649183826, 0.0 ], [ 14.703552027925843, 55.181076845803069, 0.0 ], [ 14.704108329781217, 55.179776454328881, 0.0 ], [ 14.7027419827263, 55.179619300906104, 0.0 ], [ 14.702745557372024, 55.180943199949752, 0.0 ] ] ], [ [ [ 14.707182312470062, 55.179810310299104, 0.0 ], [ 14.70792064764216, 55.179917510076656, 0.0 ], [ 14.708014575501331, 55.179215551907028, 0.0 ], [ 14.708555271149306, 55.179309163816164, 0.0 ], [ 14.70877860445014, 55.178935993506293, 0.0 ], [ 14.708350066243385, 55.178857729717329, 0.0 ], [ 14.709605215813278, 55.17794568017591, 0.0 ], [ 14.709568475759243, 55.177443846195168, 0.0 ], [ 14.708844193098063, 55.177347699782864, 0.0 ], [ 14.707182312470062, 55.179810310299104, 0.0 ] ] ], [ [ [ 14.705987298573207, 55.188348773590512, 0.0 ], [ 14.704755125975002, 55.188136458230389, 0.0 ], [ 14.704635536898007, 55.18839537944568, 0.0 ], [ 14.705725469123307, 55.18866136139156, 0.0 ], [ 14.705987298573207, 55.188348773590512, 0.0 ] ] ], [ [ [ 14.707529950252507, 55.180774640726938, 0.0 ], [ 14.7074202927401, 55.180174420388049, 0.0 ], [ 14.706961785767129, 55.180130775083157, 0.0 ], [ 14.706630059512582, 55.180663140428408, 0.0 ], [ 14.707529950252507, 55.180774640726938, 0.0 ] ] ], [ [ [ 14.70915345287078, 55.188123339093615, 0.0 ], [ 14.709338995096394, 55.187870317032811, 0.0 ], [ 14.708731766525664, 55.187717357759475, 0.0 ], [ 14.708541558529305, 55.187958715561692, 0.0 ], [ 14.70915345287078, 55.188123339093615, 0.0 ] ] ] ] } },
{ "type": "Feature", "properties": { "layer_id": "valuable_cultural_environment", "label": "Valuable cultural environment", "tooltip_title": "Source layer: Valuable cultural environment", "tooltip_body": "Valuable cultural-environment polygons.<br>Clipped to Bornholm DAGI Landsdel landmass." }, "geometry": { "type": "Polygon", "coordinates": [ [ [ 14.733278956767675, 55.104665952640588, 0.0 ], [ 14.734343279474984, 55.103068897212296, 0.0 ], [ 14.735987774562703, 55.101540656095345, 0.0 ], [ 14.735849521978704, 55.100672379327186, 0.0 ], [ 14.738939788097904, 55.099947357998445, 0.0 ], [ 14.738755320312233, 55.098425925813125, 0.0 ], [ 14.741877367525358, 55.097296844110517, 0.0 ], [ 14.74343544120293, 55.095291330447914, 0.0 ], [ 14.741826554027496, 55.095597516121202, 0.0 ], [ 14.741343005686693, 55.094661403480039, 0.0 ], [ 14.740438881471215, 55.094900665814244, 0.0 ], [ 14.740645888123154, 55.095129700436132, 0.0 ], [ 14.737056716695333, 55.09593470184393, 0.0 ], [ 14.733665839385326, 55.096153836877512, 0.0 ], [ 14.72830338080907, 55.098616457413264, 0.0 ], [ 14.728804806018664, 55.099112210116857, 0.0 ], [ 14.727677744362889, 55.099681907763106, 0.0 ], [ 14.727890782242932, 55.100285967125167, 0.0 ], [ 14.724371556947736, 55.102622633575457, 0.0 ], [ 14.733278956767675, 55.104665952640588, 0.0 ] ] ] } },
{ "type": "Feature", "properties": { "layer_id": "valuable_cultural_environment", "label": "Valuable cultural environment", "tooltip_title": "Source layer: Valuable cultural environment", "tooltip_body": "Valuable cultural-environment polygons.<br>Clipped to Bornholm DAGI Landsdel landmass." }, "geometry": { "type": "MultiPolygon", "coordinates": [ [ [ [ 14.808019290169611, 55.173238904164641, 0.0 ], [ 14.806434132555141, 55.172907654654622, 0.0 ], [ 14.806305980708601, 55.172570338826453, 0.0 ], [ 14.806341064263462, 55.173915229981517, 0.0 ], [ 14.80590528099002, 55.174062351924327, 0.0 ], [ 14.803893111323067, 55.173641819525429, 0.0 ], [ 14.80408060808988, 55.173449848264816, 0.0 ], [ 14.801899679358737, 55.172673920779452, 0.0 ], [ 14.802062058870378, 55.173986715712395, 0.0 ], [ 14.800799645220245, 55.174055710166471, 0.0 ], [ 14.801443220912789, 55.176064010024035, 0.0 ], [ 14.802913108519361, 55.176488783233907, 0.0 ], [ 14.804485540231688, 55.176330693584454, 0.0 ], [ 14.804922378948771, 55.175257549038804, 0.0 ], [ 14.806440654159763, 55.175260190137088, 0.0 ], [ 14.807771999002831, 55.17667151762199, 0.0 ], [ 14.808110588434433, 55.176530834851491, 0.0 ], [ 14.807616085157433, 55.175656753610298, 0.0 ], [ 14.809518392400044, 55.175911974988765, 0.0 ], [ 14.809802462138661, 55.175646780229961, 0.0 ], [ 14.809044814219604, 55.175497278274648, 0.0 ], [ 14.809463756871297, 55.1746354441824, 0.0 ], [ 14.808471718763002, 55.174356256706339, 0.0 ], [ 14.809136979647034, 55.17431905808639, 0.0 ], [ 14.809378164903091, 55.174057534377368, 0.0 ], [ 14.808664994660582, 55.173799767193309, 0.0 ], [ 14.809208608036654, 55.173406488128997, 0.0 ], [ 14.809517893751055, 55.173355154205034, 0.0 ], [ 14.809897902818472, 55.173551333744484, 0.0 ], [ 14.810042322967684, 55.173511660955768, 0.0 ], [ 14.809501775171508, 55.173302900940584, 0.0 ], [ 14.810183467461973, 55.172952709358299, 0.0 ], [ 14.809128398511051, 55.17245256344242, 0.0 ], [ 14.808019290169611, 55.173238904164641, 0.0 ] ] ], [ [ [ 14.800681132002927, 55.17130891652058, 0.0 ], [ 14.801530167222658, 55.171397751032814, 0.0 ], [ 14.801241911621764, 55.16929309179109, 0.0 ], [ 14.80054901383728, 55.169884938840227, 0.0 ], [ 14.800681132002927, 55.17130891652058, 0.0 ] ] ] ] } },
{ "type": "Feature", "properties": { "layer_id": "valuable_cultural_environment", "label": "Valuable cultural environment", "tooltip_title": "Source layer: Valuable cultural environment", "tooltip_body": "Valuable cultural-environment polygons.<br>Clipped to Bornholm DAGI Landsdel landmass." }, "geometry": { "type": "MultiPolygon", "coordinates": [ [ [ [ 14.928192078066518, 55.070777233377569, 0.0 ], [ 14.927691764319393, 55.07087360745026, 0.0 ], [ 14.92763974736158, 55.070196151655381, 0.0 ], [ 14.925697138600516, 55.070291477464274, 0.0 ], [ 14.925265242779879, 55.069636712404261, 0.0 ], [ 14.92687536407764, 55.069338229358905, 0.0 ], [ 14.926761541719769, 55.069047860090549, 0.0 ], [ 14.927497333970672, 55.069055225561755, 0.0 ], [ 14.927396562290545, 55.068632865545602, 0.0 ], [ 14.924998379325437, 55.069069590107297, 0.0 ], [ 14.924290650280465, 55.068039811203974, 0.0 ], [ 14.924674601210958, 55.067914290346785, 0.0 ], [ 14.924355129266948, 55.067449308700297, 0.0 ], [ 14.925494320901336, 55.066870072014957, 0.0 ], [ 14.926236921949817, 55.066981816459247, 0.0 ], [ 14.926557143350442, 55.066237294685138, 0.0 ], [ 14.927357380640373, 55.066091432133597, 0.0 ], [ 14.927231143994677, 55.065915107651897, 0.0 ], [ 14.924910626342932, 55.066050312113362, 0.0 ], [ 14.925135871922953, 55.0664924340673, 0.0 ], [ 14.92425669977305, 55.066463606136239, 0.0 ], [ 14.924488605758192, 55.06707556038068, 0.0 ], [ 14.922696288238694, 55.067471585568505, 0.0 ], [ 14.921106442795306, 55.068947422660365, 0.0 ], [ 14.920320735872838, 55.068957848664802, 0.0 ], [ 14.920365712091861, 55.069944449449906, 0.0 ], [ 14.918663358227802, 55.069635501978198, 0.0 ], [ 14.918314381876545, 55.069919009445222, 0.0 ], [ 14.917659270583783, 55.069365316015244, 0.0 ], [ 14.917010880547883, 55.069432224586009, 0.0 ], [ 14.916315755391622, 55.068969424620093, 0.0 ], [ 14.915935952180742, 55.069157106154734, 0.0 ], [ 14.917358178966023, 55.070123731491684, 0.0 ], [ 14.915810439978724, 55.070814543066305, 0.0 ], [ 14.917669057394809, 55.071105287991408, 0.0 ], [ 14.917587090127828, 55.071425828536491, 0.0 ], [ 14.918266053795469, 55.071479326543816, 0.0 ], [ 14.917965172397441, 55.072511422753863, 0.0 ], [ 14.919424611653797, 55.072648841851155, 0.0 ], [ 14.919349105814945, 55.073842175208057, 0.0 ], [ 14.918402419927155, 55.073833159222026, 0.0 ], [ 14.91893280150452, 55.074375738560093, 0.0 ], [ 14.921362495010502, 55.074308978806265, 0.0 ], [ 14.921269148763356, 55.074020036717293, 0.0 ], [ 14.92187328094874, 55.073883783103582, 0.0 ], [ 14.921953644358796, 55.074307412572388, 0.0 ], [ 14.922714199171326, 55.074295955379867, 0.0 ], [ 14.922121706183813, 55.073656489402644, 0.0 ], [ 14.921900993190807, 55.072342022861442, 0.0 ], [ 14.922594239497055, 55.07230648097552, 0.0 ], [ 14.922899185191389, 55.07193345964091, 0.0 ], [ 14.923455985464912, 55.072178802753321, 0.0 ], [ 14.923212322202117, 55.072542892483675, 0.0 ], [ 14.924185564135044, 55.072857125213588, 0.0 ], [ 14.924607859739139, 55.072195226687974, 0.0 ], [ 14.925702121516458, 55.071805176971928, 0.0 ], [ 14.925901187214425, 55.071232589349542, 0.0 ], [ 14.927911866882596, 55.071370535135635, 0.0 ], [ 14.928192078066518, 55.070777233377569, 0.0 ] ] ], [ [ [ 14.914564953629444, 55.067899065054746, 0.0 ], [ 14.914439790541875, 55.067384076124434, 0.0 ], [ 14.913063329042425, 55.06695248479479, 0.0 ], [ 14.912318840582023, 55.067378046257296, 0.0 ], [ 14.913675706018466, 55.068040805912176, 0.0 ], [ 14.914564953629444, 55.067899065054746, 0.0 ] ] ], [ [ [ 14.915281605886104, 55.066078311723274, 0.0 ], [ 14.914502710832284, 55.066176777983394, 0.0 ], [ 14.914675860796882, 55.066504057529556, 0.0 ], [ 14.91413683912581, 55.066585697363458, 0.0 ], [ 14.914773606460832, 55.066789277461922, 0.0 ], [ 14.915338684412241, 55.066596438863222, 0.0 ], [ 14.915281605886104, 55.066078311723274, 0.0 ] ] ] ] } },
{ "type": "Feature", "properties": { "layer_id": "valuable_cultural_environment", "label": "Valuable cultural environment", "tooltip_title": "Source layer: Valuable cultural environment", "tooltip_body": "Valuable cultural-environment polygons.<br>Clipped to Bornholm DAGI Landsdel landmass." }, "geometry": { "type": "Polygon", "coordinates": [ [ [ 14.908674860170496, 55.129434867245315, 0.0 ], [ 14.91374228794484, 55.12885780916799, 0.0 ], [ 14.916206411183609, 55.127117894101815, 0.0 ], [ 14.916933310945117, 55.125625533200861, 0.0 ], [ 14.91695931491688, 55.11260456753763, 0.0 ], [ 14.918719733068176, 55.100331107401125, 0.0 ], [ 14.922068295316496, 55.088805153157899, 0.0 ], [ 14.9210597058043, 55.086896932690443, 0.0 ], [ 14.914843649013916, 55.085980468149643, 0.0 ], [ 14.907467102767244, 55.087053368820008, 0.0 ], [ 14.90355311546476, 55.091197314916705, 0.0 ], [ 14.900794747521193, 55.09567386952461, 0.0 ], [ 14.893539284533666, 55.104956665688306, 0.0 ], [ 14.884549997582821, 55.112081202658565, 0.0 ], [ 14.883802765198517, 55.120457117042314, 0.0 ], [ 14.89261097266699, 55.128012177010341, 0.0 ], [ 14.898107343856692, 55.129592567898897, 0.0 ], [ 14.89998986378963, 55.129345379444551, 0.0 ], [ 14.908674860170496, 55.129434867245315, 0.0 ] ] ] } },
{ "type": "Feature", "properties": { "layer_id": "valuable_cultural_environment", "label": "Valuable cultural environment", "tooltip_title": "Source layer: Valuable cultural environment", "tooltip_body": "Valuable cultural-environment polygons.<br>Clipped to Bornholm DAGI Landsdel landmass." }, "geometry": { "type": "Polygon", "coordinates": [ [ [ 14.695401964004175, 55.098240093040168, 0.0 ], [ 14.694001853258795, 55.099836134135678, 0.0 ], [ 14.693140784255197, 55.099846438902389, 0.0 ], [ 14.69133001454065, 55.101132689070518, 0.0 ], [ 14.693773692611659, 55.103129301893659, 0.0 ], [ 14.70070969842069, 55.104141640076278, 0.0 ], [ 14.700798744859394, 55.099306497805053, 0.0 ], [ 14.702246941245365, 55.096312392395589, 0.0 ], [ 14.702082403316327, 55.094802875310897, 0.0 ], [ 14.700173467952366, 55.094706710115759, 0.0 ], [ 14.698818366374475, 55.095068455363837, 0.0 ], [ 14.697965105779103, 55.097013443451218, 0.0 ], [ 14.695974270596871, 55.098484109876978, 0.0 ], [ 14.696647980263544, 55.098423249881172, 0.0 ], [ 14.696066898667572, 55.098763678782817, 0.0 ], [ 14.695342886838622, 55.098346473607144, 0.0 ], [ 14.696136299385083, 55.097986713829691, 0.0 ], [ 14.695401964004175, 55.098240093040168, 0.0 ] ] ] } },
{ "type": "Feature", "properties": { "layer_id": "valuable_cultural_environment", "label": "Valuable cultural environment", "tooltip_title": "Source layer: Valuable cultural environment", "tooltip_body": "Valuable cultural-environment polygons.<br>Clipped to Bornholm DAGI Landsdel landmass." }, "geometry": { "type": "Polygon", "coordinates": [ [ [ 14.737622320970903, 55.11336939652584, 0.0 ], [ 14.738349397708214, 55.110447850863451, 0.0 ], [ 14.739090140727997, 55.109460890924957, 0.0 ], [ 14.737461534405199, 55.109245193154955, 0.0 ], [ 14.736290629172558, 55.108463237925392, 0.0 ], [ 14.734613905713067, 55.10836905155282, 0.0 ], [ 14.733538242269784, 55.110740536344423, 0.0 ], [ 14.73429362393995, 55.110829457345311, 0.0 ], [ 14.73545706855845, 55.113116277029484, 0.0 ], [ 14.737622320970903, 55.11336939652584, 0.0 ] ] ] } },
{ "type": "Feature", "properties": { "layer_id": "valuable_cultural_environment", "label": "Valuable cultural environment", "tooltip_title": "Source layer: Valuable cultural environment", "tooltip_body": "Valuable cultural-environment polygons.<br>Clipped to Bornholm DAGI Landsdel landmass." }, "geometry": { "type": "Polygon", "coordinates": [ [ [ 14.707905292191636, 55.182143678128526, 0.0 ], [ 14.707235040179409, 55.180840909451476, 0.0 ], [ 14.70601414756567, 55.179846558470402, 0.0 ], [ 14.7043318099467, 55.179123566962758, 0.0 ], [ 14.702337617109679, 55.178742073921221, 0.0 ], [ 14.702378917163243, 55.181069771142788, 0.0 ], [ 14.701986559654461, 55.181593354073705, 0.0 ], [ 14.700401451328862, 55.181655544514022, 0.0 ], [ 14.70043683685795, 55.183431637329157, 0.0 ], [ 14.70148710806847, 55.183611926308274, 0.0 ], [ 14.701785422970296, 55.185554822665559, 0.0 ], [ 14.701813622931132, 55.186075600926401, 0.0 ], [ 14.700949827884454, 55.186472863011559, 0.0 ], [ 14.702709368903792, 55.186209028287422, 0.0 ], [ 14.702314997607514, 55.184792920011056, 0.0 ], [ 14.702708966818998, 55.184715207535312, 0.0 ], [ 14.702696757390196, 55.184245709164763, 0.0 ], [ 14.703288777877107, 55.185195524958736, 0.0 ], [ 14.702855793908912, 55.185429179400195, 0.0 ], [ 14.703420700338384, 55.185334443818945, 0.0 ], [ 14.703800622349375, 55.185741591121626, 0.0 ], [ 14.702969841016236, 55.186114173095163, 0.0 ], [ 14.704082428592072, 55.186140637672381, 0.0 ], [ 14.706144732197274, 55.185279111079275, 0.0 ], [ 14.707581451988093, 55.183893463175735, 0.0 ], [ 14.707905292191636, 55.182143678128526, 0.0 ] ] ] } },
{ "type": "Feature", "properties": { "layer_id": "valuable_cultural_environment", "label": "Valuable cultural environment", "tooltip_title": "Source layer: Valuable cultural environment", "tooltip_body": "Valuable cultural-environment polygons.<br>Clipped to Bornholm DAGI Landsdel landmass." }, "geometry": { "type": "Polygon", "coordinates": [ [ [ 14.819352406331641, 55.085446812221917, 0.0 ], [ 14.822492384712064, 55.088644688926067, 0.0 ], [ 14.8280401337074, 55.093123478348353, 0.0 ], [ 14.830633886475896, 55.094191668290378, 0.0 ], [ 14.841581892055334, 55.094632504457216, 0.0 ], [ 14.856076040034555, 55.089648423223174, 0.0 ], [ 14.866289339296076, 55.087531656490846, 0.0 ], [ 14.868513713266239, 55.088172709466306, 0.0 ], [ 14.8731293690426, 55.087942452591236, 0.0 ], [ 14.877072365174168, 55.087343787237522, 0.0 ], [ 14.878538830090617, 55.086587038933438, 0.0 ], [ 14.882622605771765, 55.086058972930765, 0.0 ], [ 14.88653651509947, 55.079889496640774, 0.0 ], [ 14.885800631917775, 55.077760019924497, 0.0 ], [ 14.871146854330332, 55.077318954096569, 0.0 ], [ 14.864842733374196, 55.076353921560298, 0.0 ], [ 14.857981277689101, 55.075813565050147, 0.0 ], [ 14.857595192174497, 55.079964305246868, 0.0 ], [ 14.855923769947774, 55.08038795541772, 0.0 ], [ 14.853335811705364, 55.077936697020228, 0.0 ], [ 14.849816141614658, 55.076548311418307, 0.0 ], [ 14.835523697261493, 55.078551675259135, 0.0 ], [ 14.829952361310637, 55.079927515230175, 0.0 ], [ 14.82865737892196, 55.079074068610467, 0.0 ], [ 14.818251079263229, 55.082784034380303, 0.0 ], [ 14.819352406331641, 55.085446812221917, 0.0 ] ] ] } },
{ "type": "Feature", "properties": { "layer_id": "valuable_cultural_environment", "label": "Valuable cultural environment", "tooltip_title": "Source layer: Valuable cultural environment", "tooltip_body": "Valuable cultural-environment polygons.<br>Clipped to Bornholm DAGI Landsdel landmass." }, "geometry": { "type": "Polygon", "coordinates": [ [ [ 14.784961684152771, 55.054476486943429, 0.0 ], [ 14.788241757752585, 55.054886850327563, 0.0 ], [ 14.790434575442248, 55.054661872808289, 0.0 ], [ 14.790265877995695, 55.053926976253848, 0.0 ], [ 14.789696748565435, 55.053893899876385, 0.0 ], [ 14.79000247973201, 55.053969334473834, 0.0 ], [ 14.789856136378322, 55.05408389381595, 0.0 ], [ 14.784820941542723, 55.053399862605957, 0.0 ], [ 14.784961684152771, 55.054476486943429, 0.0 ] ] ] } },
{ "type": "Feature", "properties": { "layer_id": "valuable_cultural_environment", "label": "Valuable cultural environment", "tooltip_title": "Source layer: Valuable cultural environment", "tooltip_body": "Valuable cultural-environment polygons.<br>Clipped to Bornholm DAGI Landsdel landmass." }, "geometry": { "type": "Polygon", "coordinates": [ [ [ 14.762573971382563, 55.063306164405354, 0.0 ], [ 14.764873322511471, 55.065549750624697, 0.0 ], [ 14.770926907416246, 55.068381110046083, 0.0 ], [ 14.771779705615826, 55.070953875591769, 0.0 ], [ 14.775240690472149, 55.076642888983145, 0.0 ], [ 14.78024986983959, 55.076545877504365, 0.0 ], [ 14.78489347776873, 55.07548988280432, 0.0 ], [ 14.790845413669514, 55.072520161800263, 0.0 ], [ 14.79829598336757, 55.066465837872883, 0.0 ], [ 14.806279195678874, 55.064776396484461, 0.0 ], [ 14.81295830312953, 55.064254914824147, 0.0 ], [ 14.815922357834721, 55.064898088623977, 0.0 ], [ 14.820373323391122, 55.064905078424012, 0.0 ], [ 14.823898663184959, 55.064484601973987, 0.0 ], [ 14.828542829952081, 55.062681979740226, 0.0 ], [ 14.831525244313204, 55.059173669030692, 0.0 ], [ 14.830423020893477, 55.056723951247179, 0.0 ], [ 14.823399885106816, 55.051710886177027, 0.0 ], [ 14.814611812206238, 55.04700842647577, 0.0 ], [ 14.808127901103751, 55.050614683083793, 0.0 ], [ 14.808928860045222, 55.050318963599018, 0.0 ], [ 14.808985545350737, 55.050356220158569, 0.0 ], [ 14.808110826864674, 55.050656911098443, 0.0 ], [ 14.80688057651324, 55.050829853342897, 0.0 ], [ 14.806741925733405, 55.050984036749057, 0.0 ], [ 14.805697053097534, 55.050990359233204, 0.0 ], [ 14.80101023172727, 55.05276950039886, 0.0 ], [ 14.793818645761805, 55.053927799465967, 0.0 ], [ 14.789696841205611, 55.05389613579964, 0.0 ], [ 14.79000247973201, 55.053969334473834, 0.0 ], [ 14.789983382688746, 55.054090875546535, 0.0 ], [ 14.786211003938593, 55.053610668414471, 0.0 ], [ 14.775709366558967, 55.05939965781068, 0.0 ], [ 14.762573971382563, 55.063306164405354, 0.0 ] ] ] } },
{ "type": "Feature", "properties": { "layer_id": "valuable_cultural_environment", "label": "Valuable cultural environment", "tooltip_title": "Source layer: Valuable cultural environment", "tooltip_body": "Valuable cultural-environment polygons.<br>Clipped to Bornholm DAGI Landsdel landmass." }, "geometry": { "type": "Polygon", "coordinates": [ [ [ 14.777428774295922, 55.055515301362774, 0.0 ], [ 14.778802126205347, 55.054990707706864, 0.0 ], [ 14.778647664425378, 55.05426906801339, 0.0 ], [ 14.779366682280388, 55.054464560938406, 0.0 ], [ 14.780792122002072, 55.053911266039208, 0.0 ], [ 14.779977798146108, 55.053757230248053, 0.0 ], [ 14.779648641135759, 55.05301609579999, 0.0 ], [ 14.778091680756576, 55.052919472679058, 0.0 ], [ 14.776478785844589, 55.053505965164149, 0.0 ], [ 14.777108039827898, 55.054089775940994, 0.0 ], [ 14.776455845760372, 55.054337235738473, 0.0 ], [ 14.777428774295922, 55.055515301362774, 0.0 ] ] ] } },
{ "type": "Feature", "properties": { "layer_id": "valuable_cultural_environment", "label": "Valuable cultural environment", "tooltip_title": "Source layer: Valuable cultural environment", "tooltip_body": "Valuable cultural-environment polygons.<br>Clipped to Bornholm DAGI Landsdel landmass." }, "geometry": { "type": "Polygon", "coordinates": [ [ [ 14.715841685402873, 55.100345317386989, 0.0 ], [ 14.715248651239053, 55.100019009661352, 0.0 ], [ 14.714713407688519, 55.100468186222081, 0.0 ], [ 14.71543761297691, 55.100699654812203, 0.0 ], [ 14.715841685402873, 55.100345317386989, 0.0 ] ] ] } },
{ "type": "Feature", "properties": { "layer_id": "valuable_cultural_environment", "label": "Valuable cultural environment", "tooltip_title": "Source layer: Valuable cultural environment", "tooltip_body": "Valuable cultural-environment polygons.<br>Clipped to Bornholm DAGI Landsdel landmass." }, "geometry": { "type": "Polygon", "coordinates": [ [ [ 14.717138500209105, 55.168598582511173, 0.0 ], [ 14.712557414202482, 55.169206111661303, 0.0 ], [ 14.713306680571211, 55.167663269805431, 0.0 ], [ 14.715745500742656, 55.164878747966924, 0.0 ], [ 14.715561160561206, 55.160827328294239, 0.0 ], [ 14.712309542287343, 55.160596109352603, 0.0 ], [ 14.706971081022038, 55.160806961215648, 0.0 ], [ 14.707196620340266, 55.162799263300734, 0.0 ], [ 14.705402235464692, 55.162831651623662, 0.0 ], [ 14.706451344742186, 55.165485010756846, 0.0 ], [ 14.70621601154112, 55.1687384961416, 0.0 ], [ 14.705419838278681, 55.170167816266726, 0.0 ], [ 14.705597361417167, 55.17115766285108, 0.0 ], [ 14.707587442628027, 55.171140134859662, 0.0 ], [ 14.702509528161986, 55.182752281180107, 0.0 ], [ 14.702090593771789, 55.184653027054196, 0.0 ], [ 14.702274197452345, 55.185887285367237, 0.0 ], [ 14.702632956539514, 55.182766114776527, 0.0 ], [ 14.707836433654434, 55.171160128193591, 0.0 ], [ 14.71180763275331, 55.170781918239314, 0.0 ], [ 14.720217383285773, 55.171889893185231, 0.0 ], [ 14.722080169889741, 55.170398549189407, 0.0 ], [ 14.717138500209105, 55.168598582511173, 0.0 ] ] ] } },
{ "type": "Feature", "properties": { "layer_id": "valuable_cultural_environment", "label": "Valuable cultural environment", "tooltip_title": "Source layer: Valuable cultural environment", "tooltip_body": "Valuable cultural-environment polygons.<br>Clipped to Bornholm DAGI Landsdel landmass." }, "geometry": { "type": "Polygon", "coordinates": [ [ [ 14.708279986173636, 55.096215526620071, 0.0 ], [ 14.709472043107406, 55.093754203376662, 0.0 ], [ 14.708309762475164, 55.093516113884256, 0.0 ], [ 14.707345136917882, 55.094994812737085, 0.0 ], [ 14.707342548052457, 55.095374269126694, 0.0 ], [ 14.707962599825976, 55.095475468095223, 0.0 ], [ 14.707533692828402, 55.096464490921448, 0.0 ], [ 14.707781733560024, 55.097250928812485, 0.0 ], [ 14.708392998778637, 55.097222373623147, 0.0 ], [ 14.708279986173636, 55.096215526620071, 0.0 ] ] ] } },
{ "type": "Feature", "properties": { "layer_id": "valuable_cultural_environment", "label": "Valuable cultural environment", "tooltip_title": "Source layer: Valuable cultural environment", "tooltip_body": "Valuable cultural-environment polygons.<br>Clipped to Bornholm DAGI Landsdel landmass." }, "geometry": { "type": "Polygon", "coordinates": [ [ [ 14.706866429136793, 55.160537411838085, 0.0 ], [ 14.71441948299784, 55.160326147244064, 0.0 ], [ 14.715591680381594, 55.160603908064651, 0.0 ], [ 14.714557917306935, 55.157266583259066, 0.0 ], [ 14.717016006358932, 55.154438083201711, 0.0 ], [ 14.717395328967735, 55.152529582357147, 0.0 ], [ 14.716467553290977, 55.14322511128605, 0.0 ], [ 14.714806871545921, 55.143873050973546, 0.0 ], [ 14.713831130042493, 55.143936046055025, 0.0 ], [ 14.713700585540447, 55.143483633267643, 0.0 ], [ 14.712135908546365, 55.144569368446135, 0.0 ], [ 14.711965390821112, 55.143394818975523, 0.0 ], [ 14.708344568828121, 55.143460390950217, 0.0 ], [ 14.706749683927669, 55.142936515780939, 0.0 ], [ 14.705789712680923, 55.146430717786075, 0.0 ], [ 14.704228236772337, 55.148421768901223, 0.0 ], [ 14.705736886954835, 55.15046193739537, 0.0 ], [ 14.7055230723689, 55.152050256236983, 0.0 ], [ 14.706267423745548, 55.153708085131512, 0.0 ], [ 14.705959910829113, 55.156019685612584, 0.0 ], [ 14.704405343399021, 55.160300092069626, 0.0 ], [ 14.706866429136793, 55.160537411838085, 0.0 ] ] ] } },
{ "type": "Feature", "properties": { "layer_id": "valuable_cultural_environment", "label": "Valuable cultural environment", "tooltip_title": "Source layer: Valuable cultural environment", "tooltip_body": "Valuable cultural-environment polygons.<br>Clipped to Bornholm DAGI Landsdel landmass." }, "geometry": { "type": "Polygon", "coordinates": [ [ [ 14.7039060111141, 55.10366946694603, 0.0 ], [ 14.705655657696205, 55.103794852499867, 0.0 ], [ 14.705932884912619, 55.102601695220486, 0.0 ], [ 14.706631967454406, 55.102061144739679, 0.0 ], [ 14.705320338569722, 55.10198910066471, 0.0 ], [ 14.704764760270592, 55.103538389982702, 0.0 ], [ 14.7039060111141, 55.10366946694603, 0.0 ] ] ] } },
{ "type": "Feature", "properties": { "layer_id": "valuable_cultural_environment", "label": "Valuable cultural environment", "tooltip_title": "Source layer: Valuable cultural environment", "tooltip_body": "Valuable cultural-environment polygons.<br>Clipped to Bornholm DAGI Landsdel landmass." }, "geometry": { "type": "Polygon", "coordinates": [ [ [ 14.724832809540811, 55.079582660390038, 0.0 ], [ 14.724280374604776, 55.079512841541856, 0.0 ], [ 14.723943792222261, 55.07975807993288, 0.0 ], [ 14.724644163702239, 55.079853961041657, 0.0 ], [ 14.724832809540811, 55.079582660390038, 0.0 ] ] ] } },
{ "type": "Feature", "properties": { "layer_id": "valuable_cultural_environment", "label": "Valuable cultural environment", "tooltip_title": "Source layer: Valuable cultural environment", "tooltip_body": "Valuable cultural-environment polygons.<br>Clipped to Bornholm DAGI Landsdel landmass." }, "geometry": { "type": "Polygon", "coordinates": [ [ [ 14.880121948296704, 55.033267484525929, 0.0 ], [ 14.875689196477715, 55.034031000056885, 0.0 ], [ 14.871882299727366, 55.035694752269194, 0.0 ], [ 14.871931413069946, 55.035981361020504, 0.0 ], [ 14.874605110910926, 55.036098761115646, 0.0 ], [ 14.875350387586215, 55.035587953611987, 0.0 ], [ 14.875045325160745, 55.035178881760196, 0.0 ], [ 14.876206723296955, 55.034501439581945, 0.0 ], [ 14.878852535061554, 55.033919592618311, 0.0 ], [ 14.880329308382654, 55.033955414058134, 0.0 ], [ 14.880121948296704, 55.033267484525929, 0.0 ] ] ] } },
{ "type": "Feature", "properties": { "layer_id": "valuable_cultural_environment", "label": "Valuable cultural environment", "tooltip_title": "Source layer: Valuable cultural environment", "tooltip_body": "Valuable cultural-environment polygons.<br>Clipped to Bornholm DAGI Landsdel landmass." }, "geometry": { "type": "Polygon", "coordinates": [ [ [ 14.873432077404313, 55.145800026707356, 0.0 ], [ 14.875164864635657, 55.146386305418098, 0.0 ], [ 14.875356496245645, 55.146133783939668, 0.0 ], [ 14.872902439211465, 55.145131795791279, 0.0 ], [ 14.870453253810993, 55.144708308030737, 0.0 ], [ 14.870799178898032, 55.143894042509665, 0.0 ], [ 14.869249959752096, 55.143612759633292, 0.0 ], [ 14.868453995378893, 55.145101545780655, 0.0 ], [ 14.873432077404313, 55.145800026707356, 0.0 ] ] ] } },
{ "type": "Feature", "properties": { "layer_id": "valuable_cultural_environment", "label": "Valuable cultural environment", "tooltip_title": "Source layer: Valuable cultural environment", "tooltip_body": "Valuable cultural-environment polygons.<br>Clipped to Bornholm DAGI Landsdel landmass." }, "geometry": { "type": "Polygon", "coordinates": [ [ [ 14.752773456229148, 55.085216901002589, 0.0 ], [ 14.754395986584104, 55.082283118022005, 0.0 ], [ 14.753707079949921, 55.08127513757541, 0.0 ], [ 14.756711629580963, 55.080104748591765, 0.0 ], [ 14.760876624557655, 55.079237675755294, 0.0 ], [ 14.759823522297303, 55.077814552105764, 0.0 ], [ 14.762711971031559, 55.076972416933536, 0.0 ], [ 14.761467361375972, 55.075255929666184, 0.0 ], [ 14.756523624914712, 55.076713232408068, 0.0 ], [ 14.755386256578104, 55.078046534616874, 0.0 ], [ 14.752080130840056, 55.079073378764683, 0.0 ], [ 14.751359781523098, 55.080422974988011, 0.0 ], [ 14.752782512763117, 55.081764376220576, 0.0 ], [ 14.744573380531186, 55.086868898154023, 0.0 ], [ 14.745935327833402, 55.087607692542996, 0.0 ], [ 14.752773456229148, 55.085216901002589, 0.0 ] ] ] } },
{ "type": "Feature", "properties": { "layer_id": "valuable_cultural_environment", "label": "Valuable cultural environment", "tooltip_title": "Source layer: Valuable cultural environment", "tooltip_body": "Valuable cultural-environment polygons.<br>Clipped to Bornholm DAGI Landsdel landmass." }, "geometry": { "type": "Polygon", "coordinates": [ [ [ 14.825324324055709, 55.106846047488418, 0.0 ], [ 14.824837333855724, 55.105930097273045, 0.0 ], [ 14.825972834400034, 55.105716546594898, 0.0 ], [ 14.825400431746884, 55.105227720900871, 0.0 ], [ 14.823975473767604, 55.105341720255751, 0.0 ], [ 14.823434419021442, 55.105889721, 0.0 ], [ 14.822483383910978, 55.10615372784806, 0.0 ], [ 14.822218722454885, 55.105832429357001, 0.0 ], [ 14.820565482124806, 55.10616321868293, 0.0 ], [ 14.820982115213319, 55.106948420837895, 0.0 ], [ 14.822845961209218, 55.106419646743262, 0.0 ], [ 14.823135211280093, 55.106918012677177, 0.0 ], [ 14.823867755138318, 55.106773950287696, 0.0 ], [ 14.824034256414398, 55.107089601143905, 0.0 ], [ 14.825324324055709, 55.106846047488418, 0.0 ] ] ] } },
{ "type": "Feature", "properties": { "layer_id": "valuable_cultural_environment", "label": "Valuable cultural environment", "tooltip_title": "Source layer: Valuable cultural environment", "tooltip_body": "Valuable cultural-environment polygons.<br>Clipped to Bornholm DAGI Landsdel landmass." }, "geometry": { "type": "Polygon", "coordinates": [ [ [ 14.76952834122123, 55.139984981054269, 0.0 ], [ 14.770434402826613, 55.139447099939957, 0.0 ], [ 14.768259264835548, 55.138257607221831, 0.0 ], [ 14.767323545608543, 55.138353706448548, 0.0 ], [ 14.767406091892752, 55.13914152255424, 0.0 ], [ 14.765402555484362, 55.139115006328531, 0.0 ], [ 14.765331010915151, 55.139608025532972, 0.0 ], [ 14.764470398607438, 55.139480436280195, 0.0 ], [ 14.764468982730712, 55.139779282751476, 0.0 ], [ 14.763118055567418, 55.139275526375712, 0.0 ], [ 14.763157339768387, 55.139819008758366, 0.0 ], [ 14.760562984606675, 55.13989533572191, 0.0 ], [ 14.760276467015533, 55.139338280687063, 0.0 ], [ 14.759016264101652, 55.139162894399533, 0.0 ], [ 14.75896275565224, 55.139943388768053, 0.0 ], [ 14.757909557576527, 55.139678059131683, 0.0 ], [ 14.757767995211085, 55.140098232766604, 0.0 ], [ 14.756786177888779, 55.140239013359285, 0.0 ], [ 14.757129879760759, 55.140662385925474, 0.0 ], [ 14.758063272802008, 55.140443059527854, 0.0 ], [ 14.758832441595436, 55.141244151942324, 0.0 ], [ 14.763092942879933, 55.140286661061644, 0.0 ], [ 14.763466619329119, 55.140804917617679, 0.0 ], [ 14.764858972935286, 55.140673228632259, 0.0 ], [ 14.766189190821155, 55.141805756498044, 0.0 ], [ 14.765116292523462, 55.142101442286858, 0.0 ], [ 14.765700409033446, 55.142908396038479, 0.0 ], [ 14.766541371320443, 55.142483552142075, 0.0 ], [ 14.768867086974884, 55.142286266399374, 0.0 ], [ 14.768581701806296, 55.14096804552193, 0.0 ], [ 14.769736044377764, 55.140950946003215, 0.0 ], [ 14.76952834122123, 55.139984981054269, 0.0 ] ] ] } },
{ "type": "Feature", "properties": { "layer_id": "valuable_cultural_environment", "label": "Valuable cultural environment", "tooltip_title": "Source layer: Valuable cultural environment", "tooltip_body": "Valuable cultural-environment polygons.<br>Clipped to Bornholm DAGI Landsdel landmass." }, "geometry": { "type": "Polygon", "coordinates": [ [ [ 14.697248071066635, 55.102703587757297, 0.0 ], [ 14.696506826266619, 55.102625030321128, 0.0 ], [ 14.696653584226851, 55.10285804147275, 0.0 ], [ 14.697248071066635, 55.102703587757297, 0.0 ] ] ] } },
{ "type": "Feature", "properties": { "layer_id": "valuable_cultural_environment", "label": "Valuable cultural environment", "tooltip_title": "Source layer: Valuable cultural environment", "tooltip_body": "Valuable cultural-environment polygons.<br>Clipped to Bornholm DAGI Landsdel landmass." }, "geometry": { "type": "Polygon", "coordinates": [ [ [ 14.828599730860033, 55.106552566238356, 0.0 ], [ 14.832089434755162, 55.105558483273015, 0.0 ], [ 14.833081005880668, 55.104229349981082, 0.0 ], [ 14.832893880100714, 55.102562080000133, 0.0 ], [ 14.831740014027739, 55.101444396553511, 0.0 ], [ 14.828622772015265, 55.101193385183784, 0.0 ], [ 14.825292229380068, 55.102096917008176, 0.0 ], [ 14.823862146250324, 55.103094030816941, 0.0 ], [ 14.823220054032589, 55.10500057063588, 0.0 ], [ 14.825430704269095, 55.106638929327751, 0.0 ], [ 14.828599730860033, 55.106552566238356, 0.0 ] ] ] } },
{ "type": "Feature", "properties": { "layer_id": "valuable_cultural_environment", "label": "Valuable cultural environment", "tooltip_title": "Source layer: Valuable cultural environment", "tooltip_body": "Valuable cultural-environment polygons.<br>Clipped to Bornholm DAGI Landsdel landmass." }, "geometry": { "type": "Polygon", "coordinates": [ [ [ 14.715984925374238, 55.227391867153806, 0.0 ], [ 14.716498267791605, 55.227238025261656, 0.0 ], [ 14.716452304528746, 55.226832042960133, 0.0 ], [ 14.714617329430643, 55.225020329809396, 0.0 ], [ 14.715338857598024, 55.224839246830165, 0.0 ], [ 14.714838356954978, 55.223964114118267, 0.0 ], [ 14.714088810700197, 55.223945860497906, 0.0 ], [ 14.712789289542071, 55.222763758333016, 0.0 ], [ 14.711569433971013, 55.219822283114226, 0.0 ], [ 14.71116891640076, 55.219853424484015, 0.0 ], [ 14.711433127703526, 55.218367423399528, 0.0 ], [ 14.710196883348063, 55.215719987983675, 0.0 ], [ 14.709086313858332, 55.214674451904678, 0.0 ], [ 14.709546058535755, 55.214625232471285, 0.0 ], [ 14.709472509509533, 55.213826986847643, 0.0 ], [ 14.707651944089346, 55.211331369699437, 0.0 ], [ 14.707060631672842, 55.211172245362185, 0.0 ], [ 14.706778642160103, 55.210410787057775, 0.0 ], [ 14.708099114771063, 55.210263834176494, 0.0 ], [ 14.707920065217472, 55.20937845260525, 0.0 ], [ 14.707162604666037, 55.209429217962821, 0.0 ], [ 14.706916745592411, 55.208667144707398, 0.0 ], [ 14.706759236988441, 55.207452276793752, 0.0 ], [ 14.707584966048772, 55.207409110816329, 0.0 ], [ 14.707476158644033, 55.206706948800665, 0.0 ], [ 14.706550681232249, 55.206681251162976, 0.0 ], [ 14.70593049522877, 55.204839338386343, 0.0 ], [ 14.706270890638271, 55.20413680002833, 0.0 ], [ 14.7054010629679, 55.204104702757263, 0.0 ], [ 14.706354666162797, 55.206276188719094, 0.0 ], [ 14.705626956982785, 55.208678363369621, 0.0 ], [ 14.705633385029747, 55.209354340595404, 0.0 ], [ 14.706156310916883, 55.209449616993481, 0.0 ], [ 14.706032335409345, 55.210950983295589, 0.0 ], [ 14.706353507244796, 55.21157288151386, 0.0 ], [ 14.706689373785414, 55.211486726662528, 0.0 ], [ 14.706223340874876, 55.211973446811498, 0.0 ], [ 14.70681274675426, 55.211597149777674, 0.0 ], [ 14.707295329687188, 55.211827901559225, 0.0 ], [ 14.707444433010751, 55.21210328918999, 0.0 ], [ 14.706625392715779, 55.212076374250437, 0.0 ], [ 14.707673195197961, 55.212293111775963, 0.0 ], [ 14.708644810403655, 55.213408913860071, 0.0 ], [ 14.708607360611174, 55.213919992410027, 0.0 ], [ 14.708084532031437, 55.213979370919283, 0.0 ], [ 14.708599273979747, 55.21439215515398, 0.0 ], [ 14.708350246370946, 55.214881478957651, 0.0 ], [ 14.70926858697657, 55.215271624639684, 0.0 ], [ 14.709415698472908, 55.216500932783383, 0.0 ], [ 14.710872662692092, 55.21886552698345, 0.0 ], [ 14.710806839964283, 55.221077787745145, 0.0 ], [ 14.711402647471767, 55.222427853111462, 0.0 ], [ 14.710877101950675, 55.222848250358226, 0.0 ], [ 14.71185734631206, 55.222338535951017, 0.0 ], [ 14.712310301033293, 55.222887886469678, 0.0 ], [ 14.711774690833714, 55.222687864484413, 0.0 ], [ 14.71137816939053, 55.222866135629843, 0.0 ], [ 14.71424671729018, 55.225011187194411, 0.0 ], [ 14.715984925374238, 55.227391867153806, 0.0 ] ] ] } },
{ "type": "Feature", "properties": { "layer_id": "valuable_cultural_environment", "label": "Valuable cultural environment", "tooltip_title": "Source layer: Valuable cultural environment", "tooltip_body": "Valuable cultural-environment polygons.<br>Clipped to Bornholm DAGI Landsdel landmass." }, "geometry": { "type": "Polygon", "coordinates": [ [ [ 14.71836503282371, 55.226600082017256, 0.0 ], [ 14.716154170195427, 55.222908119026542, 0.0 ], [ 14.713544848649331, 55.219817172711714, 0.0 ], [ 14.712668954678646, 55.213494856445799, 0.0 ], [ 14.71281766684613, 55.211087270256087, 0.0 ], [ 14.709843546310001, 55.206807438498551, 0.0 ], [ 14.70623916487483, 55.20687291860181, 0.0 ], [ 14.70562340625793, 55.2092239144595, 0.0 ], [ 14.706156792850374, 55.20944968439651, 0.0 ], [ 14.706033262517689, 55.210952471174011, 0.0 ], [ 14.706354002037616, 55.211573038330947, 0.0 ], [ 14.706689373785414, 55.211486726662528, 0.0 ], [ 14.706223835672311, 55.211973603629026, 0.0 ], [ 14.706813228714964, 55.211597217177456, 0.0 ], [ 14.707295811651409, 55.211827968957039, 0.0 ], [ 14.707444433010751, 55.21210328918999, 0.0 ], [ 14.706626031059548, 55.212076434312529, 0.0 ], [ 14.707673520790383, 55.212293186511815, 0.0 ], [ 14.708644810403655, 55.213408913860071, 0.0 ], [ 14.708607360611174, 55.213919992410027, 0.0 ], [ 14.708084532031437, 55.213979370919283, 0.0 ], [ 14.708599273979747, 55.21439215515398, 0.0 ], [ 14.708350246370946, 55.214881478957651, 0.0 ], [ 14.709268899755111, 55.215271609955707, 0.0 ], [ 14.709416024103287, 55.216501007513699, 0.0 ], [ 14.710872662692092, 55.21886552698345, 0.0 ], [ 14.710807213459272, 55.221078307552318, 0.0 ], [ 14.711402986004407, 55.222428017249754, 0.0 ], [ 14.710877584054895, 55.222848317738645, 0.0 ], [ 14.711857684845707, 55.222338700088024, 0.0 ], [ 14.712310301033293, 55.222887886469678, 0.0 ], [ 14.711774943106461, 55.222687820044115, 0.0 ], [ 14.71137818942063, 55.222866111225457, 0.0 ], [ 14.714247042999583, 55.225011261909984, 0.0 ], [ 14.715744940305491, 55.227141372204905, 0.0 ], [ 14.71836503282371, 55.226600082017256, 0.0 ] ] ] } },
{ "type": "Feature", "properties": { "layer_id": "valuable_cultural_environment", "label": "Valuable cultural environment", "tooltip_title": "Source layer: Valuable cultural environment", "tooltip_body": "Valuable cultural-environment polygons.<br>Clipped to Bornholm DAGI Landsdel landmass." }, "geometry": { "type": "Polygon", "coordinates": [ [ [ 14.751564956575827, 55.096925381571559, 0.0 ], [ 14.748969782561373, 55.095593113625853, 0.0 ], [ 14.743046998632199, 55.094502678074029, 0.0 ], [ 14.736958295642111, 55.096729002004906, 0.0 ], [ 14.737090540008353, 55.098637015206258, 0.0 ], [ 14.739395143042673, 55.100134680652083, 0.0 ], [ 14.742140480766393, 55.100555174873705, 0.0 ], [ 14.746045898995245, 55.100563247808282, 0.0 ], [ 14.750823853939991, 55.09982663591876, 0.0 ], [ 14.751564956575827, 55.096925381571559, 0.0 ] ] ] } },
{ "type": "Feature", "properties": { "layer_id": "valuable_cultural_environment", "label": "Valuable cultural environment", "tooltip_title": "Source layer: Valuable cultural environment", "tooltip_body": "Valuable cultural-environment polygons.<br>Clipped to Bornholm DAGI Landsdel landmass." }, "geometry": { "type": "Polygon", "coordinates": [ [ [ 14.696733895990487, 55.092611763020855, 0.0 ], [ 14.698695052217278, 55.093746758473152, 0.0 ], [ 14.70289945666506, 55.093455648579443, 0.0 ], [ 14.704747808300546, 55.092103982581477, 0.0 ], [ 14.706343840887833, 55.089319990765041, 0.0 ], [ 14.702856647177219, 55.086965543314044, 0.0 ], [ 14.700747112586678, 55.088457328324409, 0.0 ], [ 14.699537553689314, 55.087949869924813, 0.0 ], [ 14.695158900635709, 55.09062443783727, 0.0 ], [ 14.694376390322944, 55.091777260933689, 0.0 ], [ 14.696733895990487, 55.092611763020855, 0.0 ] ] ] } },
{ "type": "Feature", "properties": { "layer_id": "valuable_cultural_environment", "label": "Valuable cultural environment", "tooltip_title": "Source layer: Valuable cultural environment", "tooltip_body": "Valuable cultural-environment polygons.<br>Clipped to Bornholm DAGI Landsdel landmass." }, "geometry": { "type": "Polygon", "coordinates": [ [ [ 14.706056324235337, 55.201888686881709, 0.0 ], [ 14.708477329023042, 55.201681609763732, 0.0 ], [ 14.709256569560713, 55.196786851642585, 0.0 ], [ 14.705568724821424, 55.192657578194456, 0.0 ], [ 14.703312099976618, 55.192920901512352, 0.0 ], [ 14.701255331535984, 55.196538129117968, 0.0 ], [ 14.703149871135643, 55.200073648751072, 0.0 ], [ 14.706056324235337, 55.201888686881709, 0.0 ] ] ] } },
{ "type": "Feature", "properties": { "layer_id": "valuable_cultural_environment", "label": "Valuable cultural environment", "tooltip_title": "Source layer: Valuable cultural environment", "tooltip_body": "Valuable cultural-environment polygons.<br>Clipped to Bornholm DAGI Landsdel landmass." }, "geometry": { "type": "Polygon", "coordinates": [ [ [ 14.711477962971591, 55.124216365616306, 0.0 ], [ 14.718793176549761, 55.130562157600124, 0.0 ], [ 14.724999338019392, 55.135099597709754, 0.0 ], [ 14.734860842505366, 55.129816355883975, 0.0 ], [ 14.73995426581059, 55.125597367607376, 0.0 ], [ 14.751099028157052, 55.125620484551838, 0.0 ], [ 14.754365772645571, 55.124882252709028, 0.0 ], [ 14.752882648992285, 55.110197922128187, 0.0 ], [ 14.748448286561848, 55.109691349699595, 0.0 ], [ 14.744693493773946, 55.108605421843841, 0.0 ], [ 14.729733154348944, 55.117364759522538, 0.0 ], [ 14.720604344501412, 55.11916885046417, 0.0 ], [ 14.717563533728276, 55.119410693632105, 0.0 ], [ 14.710447465994589, 55.122877460535733, 0.0 ], [ 14.711477962971591, 55.124216365616306, 0.0 ] ] ] } },
{ "type": "Feature", "properties": { "layer_id": "valuable_cultural_environment", "label": "Valuable cultural environment", "tooltip_title": "Source layer: Valuable cultural environment", "tooltip_body": "Valuable cultural-environment polygons.<br>Clipped to Bornholm DAGI Landsdel landmass." }, "geometry": { "type": "Polygon", "coordinates": [ [ [ 14.917690264130352, 55.069604273257447, 0.0 ], [ 14.917758793540312, 55.072029025671689, 0.0 ], [ 14.919006906704613, 55.072472771378088, 0.0 ], [ 14.920462991222276, 55.072554703327931, 0.0 ], [ 14.922420303447943, 55.072331265036013, 0.0 ], [ 14.923595378596097, 55.071714647397911, 0.0 ], [ 14.923641350357562, 55.070156778725938, 0.0 ], [ 14.922945295399208, 55.069101934374224, 0.0 ], [ 14.921155481835441, 55.068737331458294, 0.0 ], [ 14.918905369175391, 55.068791915392325, 0.0 ], [ 14.917690264130352, 55.069604273257447, 0.0 ] ] ] } },
{ "type": "Feature", "properties": { "layer_id": "valuable_cultural_environment", "label": "Valuable cultural environment", "tooltip_title": "Source layer: Valuable cultural environment", "tooltip_body": "Valuable cultural-environment polygons.<br>Clipped to Bornholm DAGI Landsdel landmass." }, "geometry": { "type": "Polygon", "coordinates": [ [ [ 14.708198152920751, 55.177853154167252, 0.0 ], [ 14.715317145706758, 55.17606150421333, 0.0 ], [ 14.72180262729491, 55.170651605095806, 0.0 ], [ 14.720331737587044, 55.169441050912447, 0.0 ], [ 14.718753734254893, 55.167332817343798, 0.0 ], [ 14.717912986841618, 55.164945752557308, 0.0 ], [ 14.719749420775486, 55.163188143775258, 0.0 ], [ 14.717578409322954, 55.1538405457257, 0.0 ], [ 14.717853280906532, 55.152183697656753, 0.0 ], [ 14.717203442923322, 55.151051959440963, 0.0 ], [ 14.717230990013693, 55.14713423883903, 0.0 ], [ 14.716346703683435, 55.142008710041914, 0.0 ], [ 14.71818930786554, 55.141711627597907, 0.0 ], [ 14.721092393062818, 55.140211446138615, 0.0 ], [ 14.723208296133452, 55.138408005723598, 0.0 ], [ 14.724013775743298, 55.135998876306566, 0.0 ], [ 14.725593054381719, 55.135700937380534, 0.0 ], [ 14.718793176549761, 55.130562157600124, 0.0 ], [ 14.711477962971591, 55.124216365616306, 0.0 ], [ 14.706269937008695, 55.117498453662165, 0.0 ], [ 14.702059248132969, 55.118317056800798, 0.0 ], [ 14.70096635291522, 55.118063370790964, 0.0 ], [ 14.699491890870322, 55.11991735237315, 0.0 ], [ 14.698841415629884, 55.121560712908028, 0.0 ], [ 14.69918156207034, 55.122182525828634, 0.0 ], [ 14.70314334597558, 55.124915389163633, 0.0 ], [ 14.705968026453133, 55.128005274448476, 0.0 ], [ 14.707244416169553, 55.131581757289766, 0.0 ], [ 14.707702750180584, 55.136340435164151, 0.0 ], [ 14.706564920710598, 55.143535169886718, 0.0 ], [ 14.705723250846857, 55.146363895143843, 0.0 ], [ 14.704233724843972, 55.148174593132261, 0.0 ], [ 14.705181831453872, 55.149625091436477, 0.0 ], [ 14.704596446046406, 55.150794268600009, 0.0 ], [ 14.70601830550282, 55.154388974581877, 0.0 ], [ 14.705647103322656, 55.154486340344086, 0.0 ], [ 14.704027694170371, 55.160680049031384, 0.0 ], [ 14.706385714799183, 55.165014869505022, 0.0 ], [ 14.706316782389262, 55.168022715427973, 0.0 ], [ 14.705424519176628, 55.169823999333126, 0.0 ], [ 14.705709310073967, 55.170799653649723, 0.0 ], [ 14.704859617306735, 55.17405010607407, 0.0 ], [ 14.703833969632315, 55.174983113441961, 0.0 ], [ 14.702675857184021, 55.177246582319583, 0.0 ], [ 14.708198152920751, 55.177853154167252, 0.0 ] ] ] } },
{ "type": "Feature", "properties": { "layer_id": "valuable_cultural_environment", "label": "Valuable cultural environment", "tooltip_title": "Source layer: Valuable cultural environment", "tooltip_body": "Valuable cultural-environment polygons.<br>Clipped to Bornholm DAGI Landsdel landmass." }, "geometry": { "type": "MultiPolygon", "coordinates": [ [ [ [ 14.715842755686102, 55.101401090378964, 0.0 ], [ 14.712669585614432, 55.101070707340234, 0.0 ], [ 14.710056142596187, 55.100400030973013, 0.0 ], [ 14.710023940213658, 55.100984951080449, 0.0 ], [ 14.708197433355034, 55.100848301457901, 0.0 ], [ 14.708357930249568, 55.100004311466215, 0.0 ], [ 14.709790983115401, 55.09994224619102, 0.0 ], [ 14.70966472592154, 55.099215257616919, 0.0 ], [ 14.711100820225901, 55.098343861891763, 0.0 ], [ 14.707329657148383, 55.099616600305836, 0.0 ], [ 14.706029125200736, 55.096523951954623, 0.0 ], [ 14.705012436386511, 55.096356042534381, 0.0 ], [ 14.705029163850888, 55.095984204055256, 0.0 ], [ 14.703276672839053, 55.095735357376412, 0.0 ], [ 14.703932128416026, 55.094465747156598, 0.0 ], [ 14.707048241170305, 55.094893275123276, 0.0 ], [ 14.707382183204592, 55.093913038669513, 0.0 ], [ 14.705333822048019, 55.093623040064166, 0.0 ], [ 14.705686685769253, 55.092901350758439, 0.0 ], [ 14.705309432458789, 55.092275632193548, 0.0 ], [ 14.706130941185556, 55.091931777286625, 0.0 ], [ 14.70517725322885, 55.091707440781946, 0.0 ], [ 14.707401534835613, 55.089219234670409, 0.0 ], [ 14.707312749422808, 55.088657196816904, 0.0 ], [ 14.709218085348798, 55.08691614813371, 0.0 ], [ 14.708989031047667, 55.08675633544523, 0.0 ], [ 14.710307836491365, 55.085879741761502, 0.0 ], [ 14.709641054957046, 55.085482436786748, 0.0 ], [ 14.705362812183131, 55.090295886891909, 0.0 ], [ 14.7048726042363, 55.091340440922295, 0.0 ], [ 14.704017169982755, 55.091196185666647, 0.0 ], [ 14.702874021042364, 55.091643080993897, 0.0 ], [ 14.701606145341705, 55.091064762531801, 0.0 ], [ 14.701575854848622, 55.090749233644317, 0.0 ], [ 14.70027432832984, 55.090653985359182, 0.0 ], [ 14.699564301528831, 55.091594422415746, 0.0 ], [ 14.696867773856045, 55.091625824957937, 0.0 ], [ 14.698549544934794, 55.093096641715192, 0.0 ], [ 14.699376482748001, 55.094863485151969, 0.0 ], [ 14.699401949369133, 55.096429850905473, 0.0 ], [ 14.698273092901134, 55.09775045439892, 0.0 ], [ 14.697894372959734, 55.097667316984456, 0.0 ], [ 14.696553279175665, 55.098879578658433, 0.0 ], [ 14.696916884699071, 55.099190092782379, 0.0 ], [ 14.693764756355947, 55.100356477700721, 0.0 ], [ 14.691967243263157, 55.100266114720398, 0.0 ], [ 14.691296087246762, 55.10079887640088, 0.0 ], [ 14.691408020992485, 55.101234982864938, 0.0 ], [ 14.691992121239034, 55.101985531338563, 0.0 ], [ 14.693073469417699, 55.102390506099809, 0.0 ], [ 14.694337189776864, 55.103488332630462, 0.0 ], [ 14.697034388728472, 55.104586959866843, 0.0 ], [ 14.69966869991018, 55.10648441523017, 0.0 ], [ 14.700287469404334, 55.106353472680802, 0.0 ], [ 14.701564316260255, 55.108102521536537, 0.0 ], [ 14.702254588124406, 55.108283993615082, 0.0 ], [ 14.706060303679431, 55.107709790947254, 0.0 ], [ 14.707229105818744, 55.107012231158016, 0.0 ], [ 14.707724361676613, 55.10602531495379, 0.0 ], [ 14.708872714823421, 55.105740800045602, 0.0 ], [ 14.708541182482742, 55.105352655383669, 0.0 ], [ 14.71018023041872, 55.103255414173923, 0.0 ], [ 14.709059820608095, 55.103061805349277, 0.0 ], [ 14.708338415830095, 55.103981944304223, 0.0 ], [ 14.706568833966308, 55.103856723780076, 0.0 ], [ 14.706731919050728, 55.103073377395432, 0.0 ], [ 14.706260437350762, 55.103035941884947, 0.0 ], [ 14.706264347878442, 55.102693150888939, 0.0 ], [ 14.70758778684834, 55.101098311878133, 0.0 ], [ 14.712775030658602, 55.101969977668965, 0.0 ], [ 14.709934205871866, 55.105580171889258, 0.0 ], [ 14.712481273081021, 55.105637628151264, 0.0 ], [ 14.715046343782618, 55.101827814260545, 0.0 ], [ 14.715998666203868, 55.101893532433749, 0.0 ], [ 14.715842755686102, 55.101401090378964, 0.0 ] ], [ [ 14.708341910764348, 55.103982230105316, 0.0 ], [ 14.708314550657045, 55.104012681990547, 0.0 ], [ 14.708338415830095, 55.103981944304223, 0.0 ], [ 14.708341910764348, 55.103982230105316, 0.0 ] ], [ [ 14.69777749028667, 55.105006052951332, 0.0 ], [ 14.697777659011393, 55.105006135052101, 0.0 ], [ 14.697866062219733, 55.105132692191866, 0.0 ], [ 14.69777749028667, 55.105006052951332, 0.0 ] ] ], [ [ [ 14.723575044324217, 55.119927460200202, 0.0 ], [ 14.717251612566306, 55.11898878815331, 0.0 ], [ 14.714069439126884, 55.120405092242592, 0.0 ], [ 14.716329613356541, 55.123979406145821, 0.0 ], [ 14.719834335339957, 55.12388661260097, 0.0 ], [ 14.723087230835135, 55.124237132024561, 0.0 ], [ 14.725004045911179, 55.121158811175079, 0.0 ], [ 14.723575044324217, 55.119927460200202, 0.0 ] ] ], [ [ [ 14.710897948031912, 55.118565216948291, 0.0 ], [ 14.710489117305944, 55.11860361317094, 0.0 ], [ 14.710842102565685, 55.118159701550937, 0.0 ], [ 14.710390749281023, 55.118246636170703, 0.0 ], [ 14.710121962207211, 55.11776336461417, 0.0 ], [ 14.708824273499779, 55.118005392661949, 0.0 ], [ 14.708612679057307, 55.116990845533643, 0.0 ], [ 14.706573584510723, 55.117670163834738, 0.0 ], [ 14.706650321797895, 55.114957386123486, 0.0 ], [ 14.705187316907319, 55.112253306737458, 0.0 ], [ 14.704381915059843, 55.111994260871498, 0.0 ], [ 14.704680789626996, 55.112733849602336, 0.0 ], [ 14.703502016576918, 55.112931260485666, 0.0 ], [ 14.704064985904571, 55.114251753582771, 0.0 ], [ 14.704522358778547, 55.114206057142518, 0.0 ], [ 14.704395631252106, 55.115340919641724, 0.0 ], [ 14.705015922970647, 55.115649260272072, 0.0 ], [ 14.705220264495608, 55.116746698133902, 0.0 ], [ 14.702295191859596, 55.117238192875661, 0.0 ], [ 14.702634068068084, 55.11817079643744, 0.0 ], [ 14.701228575891793, 55.118083028447799, 0.0 ], [ 14.70116362852756, 55.118366031112394, 0.0 ], [ 14.701940600427148, 55.1184913195059, 0.0 ], [ 14.706157384403383, 55.117709701956755, 0.0 ], [ 14.707757790768623, 55.11984281800521, 0.0 ], [ 14.710429912161336, 55.119194033558493, 0.0 ], [ 14.710498087419296, 55.118632267209144, 0.0 ], [ 14.710897948031912, 55.118565216948291, 0.0 ] ] ], [ [ [ 14.710548941351776, 55.109400791151302, 0.0 ], [ 14.709140803969344, 55.108402266122901, 0.0 ], [ 14.707945707655922, 55.108742539319714, 0.0 ], [ 14.708106749122729, 55.10908684951, 0.0 ], [ 14.707564826129881, 55.109312789449113, 0.0 ], [ 14.70556994105749, 55.109684772462693, 0.0 ], [ 14.706956773510326, 55.111004622096942, 0.0 ], [ 14.708374434644858, 55.110913420629196, 0.0 ], [ 14.709699478347199, 55.110307693896878, 0.0 ], [ 14.710548941351776, 55.109400791151302, 0.0 ] ] ] ] } },
{ "type": "Feature", "properties": { "layer_id": "valuable_cultural_environment", "label": "Valuable cultural environment", "tooltip_title": "Source layer: Valuable cultural environment", "tooltip_body": "Valuable cultural-environment polygons.<br>Clipped to Bornholm DAGI Landsdel landmass." }, "geometry": { "type": "Polygon", "coordinates": [ [ [ 14.743715776609433, 55.108045116800596, 0.0 ], [ 14.744220055252061, 55.107124847572088, 0.0 ], [ 14.742634906705666, 55.107277326233401, 0.0 ], [ 14.7396433182961, 55.106053974678574, 0.0 ], [ 14.73923854554776, 55.10664589978532, 0.0 ], [ 14.743715776609433, 55.108045116800596, 0.0 ] ] ] } },
{ "type": "Feature", "properties": { "layer_id": "valuable_cultural_environment", "label": "Valuable cultural environment", "tooltip_title": "Source layer: Valuable cultural environment", "tooltip_body": "Valuable cultural-environment polygons.<br>Clipped to Bornholm DAGI Landsdel landmass." }, "geometry": { "type": "Polygon", "coordinates": [ [ [ 14.72173007938334, 55.116946017072941, 0.0 ], [ 14.724798825341882, 55.116752527636805, 0.0 ], [ 14.726883214410023, 55.115850571893667, 0.0 ], [ 14.728004025262546, 55.116386169372966, 0.0 ], [ 14.728604321503601, 55.114123137215941, 0.0 ], [ 14.727253962695602, 55.113961687911434, 0.0 ], [ 14.726780287236418, 55.112107762945115, 0.0 ], [ 14.728374437157271, 55.111775665859057, 0.0 ], [ 14.728479126169255, 55.111319103019291, 0.0 ], [ 14.726888918926864, 55.110839226511125, 0.0 ], [ 14.727404784639775, 55.109771400499469, 0.0 ], [ 14.730990627137919, 55.108447917873519, 0.0 ], [ 14.730630125968375, 55.107044970499018, 0.0 ], [ 14.73102413526493, 55.106331249511143, 0.0 ], [ 14.730683093119971, 55.105738455615366, 0.0 ], [ 14.72807593686146, 55.105104044395375, 0.0 ], [ 14.727349728714817, 55.107100798054191, 0.0 ], [ 14.725947061158706, 55.108255270652251, 0.0 ], [ 14.725414391111348, 55.112105640610423, 0.0 ], [ 14.724515175137997, 55.114327741871278, 0.0 ], [ 14.721745087811987, 55.114462689421728, 0.0 ], [ 14.721930278284637, 55.115012709540956, 0.0 ], [ 14.721312311221986, 55.115903299390915, 0.0 ], [ 14.72173007938334, 55.116946017072941, 0.0 ] ] ] } },
{ "type": "Feature", "properties": { "layer_id": "valuable_cultural_environment", "label": "Valuable cultural environment", "tooltip_title": "Source layer: Valuable cultural environment", "tooltip_body": "Valuable cultural-environment polygons.<br>Clipped to Bornholm DAGI Landsdel landmass." }, "geometry": { "type": "Polygon", "coordinates": [ [ [ 14.769442919423888, 55.14148059839242, 0.0 ], [ 14.772134446842374, 55.142212448754535, 0.0 ], [ 14.775149953163067, 55.141763873248991, 0.0 ], [ 14.776742442600748, 55.140495103250792, 0.0 ], [ 14.776293562525472, 55.138819181547973, 0.0 ], [ 14.774382791327156, 55.137129848442392, 0.0 ], [ 14.772801423436887, 55.136400126766702, 0.0 ], [ 14.770106621658865, 55.136304185769518, 0.0 ], [ 14.767725686782729, 55.136753844278964, 0.0 ], [ 14.767080616584026, 55.13866014817777, 0.0 ], [ 14.767863432667401, 55.140387575888319, 0.0 ], [ 14.769442919423888, 55.14148059839242, 0.0 ] ] ] } },
{ "type": "Feature", "properties": { "layer_id": "valuable_cultural_environment", "label": "Valuable cultural environment", "tooltip_title": "Source layer: Valuable cultural environment", "tooltip_body": "Valuable cultural-environment polygons.<br>Clipped to Bornholm DAGI Landsdel landmass." }, "geometry": { "type": "Polygon", "coordinates": [ [ [ 14.73266714170612, 55.202268713549408, 0.0 ], [ 14.729515396181542, 55.200452249606109, 0.0 ], [ 14.725606600860676, 55.200549965057093, 0.0 ], [ 14.718694605944478, 55.204366622264843, 0.0 ], [ 14.715669551580412, 55.211172182236552, 0.0 ], [ 14.7162191108988, 55.212450984029807, 0.0 ], [ 14.719180047170777, 55.215012495972523, 0.0 ], [ 14.725115157518005, 55.218325692230195, 0.0 ], [ 14.730119031439147, 55.221849396698801, 0.0 ], [ 14.736991961412057, 55.224418780975405, 0.0 ], [ 14.74182789314224, 55.225280526685502, 0.0 ], [ 14.746337410716317, 55.222354437815397, 0.0 ], [ 14.743200528495914, 55.219643407295287, 0.0 ], [ 14.732208777071767, 55.215467137202396, 0.0 ], [ 14.729055794580731, 55.213650604448318, 0.0 ], [ 14.72572321160219, 55.210875652357544, 0.0 ], [ 14.730034220390491, 55.206414330602492, 0.0 ], [ 14.73266714170612, 55.202268713549408, 0.0 ] ] ] } },
{ "type": "Feature", "properties": { "layer_id": "valuable_cultural_environment", "label": "Valuable cultural environment", "tooltip_title": "Source layer: Valuable cultural environment", "tooltip_body": "Valuable cultural-environment polygons.<br>Clipped to Bornholm DAGI Landsdel landmass." }, "geometry": { "type": "MultiPolygon", "coordinates": [ [ [ [ 14.894572825110624, 55.214239354394138, 0.0 ], [ 14.893107350507078, 55.214008800264089, 0.0 ], [ 14.893286358765563, 55.212868109348086, 0.0 ], [ 14.892569108768702, 55.212577782325148, 0.0 ], [ 14.893808559106049, 55.211966101370436, 0.0 ], [ 14.892167323494336, 55.211734605431872, 0.0 ], [ 14.891091340590739, 55.212298826228256, 0.0 ], [ 14.891519966984594, 55.212618902908638, 0.0 ], [ 14.891908519950997, 55.212446575980366, 0.0 ], [ 14.892607485567817, 55.213382574412357, 0.0 ], [ 14.891720334696824, 55.213627591053125, 0.0 ], [ 14.892096848406116, 55.214220545882903, 0.0 ], [ 14.892924467211138, 55.214023156197854, 0.0 ], [ 14.893399471237261, 55.214674893745332, 0.0 ], [ 14.892616530008555, 55.21486570970535, 0.0 ], [ 14.893166983563447, 55.2152627030502, 0.0 ], [ 14.894272530961979, 55.214932545683638, 0.0 ], [ 14.893939559138293, 55.214509259688079, 0.0 ], [ 14.894572825110624, 55.214239354394138, 0.0 ] ] ], [ [ [ 14.898116713994936, 55.206846305569371, 0.0 ], [ 14.897192043252346, 55.207624714735175, 0.0 ], [ 14.895351425164931, 55.206744020417084, 0.0 ], [ 14.894981178993545, 55.20697777202701, 0.0 ], [ 14.896977226257746, 55.208048725244758, 0.0 ], [ 14.896518125607953, 55.208568670181585, 0.0 ], [ 14.897787672577273, 55.20884343447036, 0.0 ], [ 14.897998102414096, 55.208203116853937, 0.0 ], [ 14.897403147267063, 55.208125565589739, 0.0 ], [ 14.897716010502259, 55.207579310730203, 0.0 ], [ 14.898309032351062, 55.207787135212619, 0.0 ], [ 14.898982022128248, 55.207273369570942, 0.0 ], [ 14.898116713994936, 55.206846305569371, 0.0 ] ] ], [ [ [ 14.89633916820817, 55.209688839734845, 0.0 ], [ 14.895950828372088, 55.210241271278086, 0.0 ], [ 14.89518868317996, 55.211074890076397, 0.0 ], [ 14.896459601409843, 55.2109285409786, 0.0 ], [ 14.89738900486965, 55.210373540671682, 0.0 ], [ 14.897591547520657, 55.209911322808168, 0.0 ], [ 14.89633916820817, 55.209688839734845, 0.0 ] ] ], [ [ [ 14.89125736664648, 55.212867681206809, 0.0 ], [ 14.890323851898504, 55.212368422063726, 0.0 ], [ 14.889417928245599, 55.212979755015645, 0.0 ], [ 14.890622049886755, 55.213612476296177, 0.0 ], [ 14.89125736664648, 55.212867681206809, 0.0 ] ] ] ] } },
{ "type": "Feature", "properties": { "layer_id": "valuable_cultural_environment", "label": "Valuable cultural environment", "tooltip_title": "Source layer: Valuable cultural environment", "tooltip_body": "Valuable cultural-environment polygons.<br>Clipped to Bornholm DAGI Landsdel landmass." }, "geometry": { "type": "Polygon", "coordinates": [ [ [ 14.725242870305854, 55.11801814364307, 0.0 ], [ 14.729298898768914, 55.11736373090303, 0.0 ], [ 14.733219343721819, 55.115381855771489, 0.0 ], [ 14.746001666920916, 55.1076129051213, 0.0 ], [ 14.751090285859233, 55.10355930445057, 0.0 ], [ 14.747491470683634, 55.100732124176446, 0.0 ], [ 14.739826331725649, 55.100550263281562, 0.0 ], [ 14.737520079313303, 55.099301406559917, 0.0 ], [ 14.736531541789116, 55.09564993894567, 0.0 ], [ 14.732767787794689, 55.096139619422125, 0.0 ], [ 14.727831409098719, 55.098948567195848, 0.0 ], [ 14.727242344078043, 55.100522966485521, 0.0 ], [ 14.7252048526867, 55.102343088249569, 0.0 ], [ 14.722108552620796, 55.110878580846297, 0.0 ], [ 14.721497725605165, 55.115521708180921, 0.0 ], [ 14.722204549314764, 55.117928360539068, 0.0 ], [ 14.725242870305854, 55.11801814364307, 0.0 ] ] ] } },
{ "type": "Feature", "properties": { "layer_id": "valuable_cultural_environment", "label": "Valuable cultural environment", "tooltip_title": "Source layer: Valuable cultural environment", "tooltip_body": "Valuable cultural-environment polygons.<br>Clipped to Bornholm DAGI Landsdel landmass." }, "geometry": { "type": "Polygon", "coordinates": [ [ [ 14.755464194225658, 55.108590353046175, 0.0 ], [ 14.758489269438597, 55.108505274073622, 0.0 ], [ 14.759848474554456, 55.107458507377963, 0.0 ], [ 14.759778286015058, 55.105906910508274, 0.0 ], [ 14.757635321466623, 55.104522209555213, 0.0 ], [ 14.753995267969747, 55.103878896408936, 0.0 ], [ 14.750635489145965, 55.104382472767796, 0.0 ], [ 14.748750842919389, 55.106502381943024, 0.0 ], [ 14.749534006136988, 55.107957296009481, 0.0 ], [ 14.755464194225658, 55.108590353046175, 0.0 ] ] ] } },
{ "type": "Feature", "properties": { "layer_id": "valuable_cultural_environment", "label": "Valuable cultural environment", "tooltip_title": "Source layer: Valuable cultural environment", "tooltip_body": "Valuable cultural-environment polygons.<br>Clipped to Bornholm DAGI Landsdel landmass." }, "geometry": { "type": "Polygon", "coordinates": [ [ [ 14.911677935649905, 55.030067006072699, 0.0 ], [ 14.915358036236311, 55.030304776791176, 0.0 ], [ 14.918225380201168, 55.028075317363417, 0.0 ], [ 14.91802486488081, 55.026195653907585, 0.0 ], [ 14.915167318200581, 55.024079191311458, 0.0 ], [ 14.916806850284013, 55.022318547479784, 0.0 ], [ 14.914817937547509, 55.020408093189225, 0.0 ], [ 14.910361968541237, 55.022158891835822, 0.0 ], [ 14.907623004158415, 55.022803435345345, 0.0 ], [ 14.905572084824746, 55.022697244388667, 0.0 ], [ 14.905329093102718, 55.022187720149589, 0.0 ], [ 14.905124961895902, 55.022830741381647, 0.0 ], [ 14.904374061884692, 55.022923298347862, 0.0 ], [ 14.903952023490058, 55.022493790979723, 0.0 ], [ 14.905314175307632, 55.021970278861751, 0.0 ], [ 14.904214563141654, 55.022129808340637, 0.0 ], [ 14.903289136494049, 55.023003570601418, 0.0 ], [ 14.902235023540612, 55.023436325681352, 0.0 ], [ 14.901710306942004, 55.02327708145711, 0.0 ], [ 14.898380937893029, 55.025447799838879, 0.0 ], [ 14.895262995690588, 55.026938701805385, 0.0 ], [ 14.896137019306382, 55.030288608195818, 0.0 ], [ 14.899602946457328, 55.034167932725552, 0.0 ], [ 14.903686602648749, 55.036755451156296, 0.0 ], [ 14.905522591737519, 55.038636629147163, 0.0 ], [ 14.890364724830897, 55.04684520571697, 0.0 ], [ 14.887493405448645, 55.049426583509039, 0.0 ], [ 14.882380092706647, 55.049069084873068, 0.0 ], [ 14.879103203174999, 55.050240186499508, 0.0 ], [ 14.879081346997989, 55.057287948672446, 0.0 ], [ 14.876415394087545, 55.059164427164703, 0.0 ], [ 14.873324303554307, 55.065856613704888, 0.0 ], [ 14.873108103544828, 55.069497683283799, 0.0 ], [ 14.874331465539628, 55.070908522925365, 0.0 ], [ 14.878214933649815, 55.07279200885187, 0.0 ], [ 14.887010181180978, 55.075150240872965, 0.0 ], [ 14.891098319189005, 55.077268466660314, 0.0 ], [ 14.898246790117328, 55.083852552176189, 0.0 ], [ 14.902329984023124, 55.088671983907453, 0.0 ], [ 14.903563707033474, 55.091332653055161, 0.0 ], [ 14.907322126234407, 55.087219235579909, 0.0 ], [ 14.911754494469939, 55.08644786928906, 0.0 ], [ 14.908075793771303, 55.083391076001092, 0.0 ], [ 14.900723749105024, 55.075867540077738, 0.0 ], [ 14.898475765307786, 55.074338660935986, 0.0 ], [ 14.886205592160749, 55.070215958092781, 0.0 ], [ 14.882532809224299, 55.066336057189815, 0.0 ], [ 14.8835673399398, 55.062578300353792, 0.0 ], [ 14.885823726459092, 55.060701272467369, 0.0 ], [ 14.892167968753407, 55.060472323663689, 0.0 ], [ 14.893608091206321, 55.057654637122901, 0.0 ], [ 14.893719745483006, 55.055543727030894, 0.0 ], [ 14.892230927080355, 55.05231786173335, 0.0 ], [ 14.899915651605998, 55.04877765939127, 0.0 ], [ 14.907963867650501, 55.044041835599266, 0.0 ], [ 14.910410558329934, 55.047450172330812, 0.0 ], [ 14.913682608031873, 55.047805054565551, 0.0 ], [ 14.916955773638009, 55.047690111980891, 0.0 ], [ 14.921664098026, 55.046166474958589, 0.0 ], [ 14.924942978356583, 55.043114710187361, 0.0 ], [ 14.923726143866725, 55.037945838387621, 0.0 ], [ 14.920862872668303, 55.037826257410515, 0.0 ], [ 14.917793744140052, 55.038646386053777, 0.0 ], [ 14.916768921857358, 55.039585238094531, 0.0 ], [ 14.912881857316313, 55.040052152018191, 0.0 ], [ 14.912683324584743, 55.037467819633079, 0.0 ], [ 14.907788134822859, 55.032060620529151, 0.0 ], [ 14.911677935649905, 55.030067006072699, 0.0 ] ] ] } },
{ "type": "Feature", "properties": { "layer_id": "valuable_cultural_environment", "label": "Valuable cultural environment", "tooltip_title": "Source layer: Valuable cultural environment", "tooltip_body": "Valuable cultural-environment polygons.<br>Clipped to Bornholm DAGI Landsdel landmass." }, "geometry": { "type": "Polygon", "coordinates": [ [ [ 14.877356166559638, 55.041902159995296, 0.0 ], [ 14.879294746490563, 55.041505732908774, 0.0 ], [ 14.879238849388766, 55.04129606761024, 0.0 ], [ 14.877795379798716, 55.040842146793906, 0.0 ], [ 14.877356166559638, 55.041902159995296, 0.0 ] ] ] } },
{ "type": "Feature", "properties": { "layer_id": "valuable_cultural_environment", "label": "Valuable cultural environment", "tooltip_title": "Source layer: Valuable cultural environment", "tooltip_body": "Valuable cultural-environment polygons.<br>Clipped to Bornholm DAGI Landsdel landmass." }, "geometry": { "type": "Polygon", "coordinates": [ [ [ 14.814992927146967, 55.075346572481472, 0.0 ], [ 14.814694862908702, 55.074464936768216, 0.0 ], [ 14.815637228184551, 55.074327242314148, 0.0 ], [ 14.815268531396082, 55.072262750117147, 0.0 ], [ 14.814621750554689, 55.072266460835181, 0.0 ], [ 14.814355166626418, 55.072981146416801, 0.0 ], [ 14.813374329219599, 55.072955571028793, 0.0 ], [ 14.813304302330558, 55.070669895586676, 0.0 ], [ 14.810678074718403, 55.071178978571105, 0.0 ], [ 14.81103486659401, 55.071796381482237, 0.0 ], [ 14.8115963449335, 55.071688386097776, 0.0 ], [ 14.81193992183681, 55.072475843810054, 0.0 ], [ 14.812491347444363, 55.072439984563907, 0.0 ], [ 14.812503654518368, 55.073075771535954, 0.0 ], [ 14.812121028055104, 55.073126683496788, 0.0 ], [ 14.812604863105616, 55.073988354492563, 0.0 ], [ 14.813544759758623, 55.073855295642524, 0.0 ], [ 14.813889214872967, 55.07469474081838, 0.0 ], [ 14.813220490673176, 55.074970645175256, 0.0 ], [ 14.813562082252851, 55.075560683099368, 0.0 ], [ 14.814992927146967, 55.075346572481472, 0.0 ] ] ] } },
{ "type": "Feature", "properties": { "layer_id": "valuable_cultural_environment", "label": "Valuable cultural environment", "tooltip_title": "Source layer: Valuable cultural environment", "tooltip_body": "Valuable cultural-environment polygons.<br>Clipped to Bornholm DAGI Landsdel landmass." }, "geometry": { "type": "Polygon", "coordinates": [ [ [ 14.71627578773839, 55.107869129187719, 0.0 ], [ 14.715349370692763, 55.10824850058151, 0.0 ], [ 14.717236343405213, 55.108984426703692, 0.0 ], [ 14.717553732323125, 55.10871509254379, 0.0 ], [ 14.718538739297292, 55.108944169608989, 0.0 ], [ 14.719208466248432, 55.108165208448916, 0.0 ], [ 14.718301753687106, 55.107890682035624, 0.0 ], [ 14.717675008994044, 55.108387747313202, 0.0 ], [ 14.71627578773839, 55.107869129187719, 0.0 ] ] ] } },
{ "type": "Feature", "properties": { "layer_id": "valuable_cultural_environment", "label": "Valuable cultural environment", "tooltip_title": "Source layer: Valuable cultural environment", "tooltip_body": "Valuable cultural-environment polygons.<br>Clipped to Bornholm DAGI Landsdel landmass." }, "geometry": { "type": "Polygon", "coordinates": [ [ [ 14.751181809320427, 55.103091726045101, 0.0 ], [ 14.748294834472045, 55.103445015602667, 0.0 ], [ 14.746606461615221, 55.102448561821269, 0.0 ], [ 14.74194629487307, 55.101554033503696, 0.0 ], [ 14.740164827993564, 55.10174601479396, 0.0 ], [ 14.740007543074555, 55.102509433897652, 0.0 ], [ 14.738424249364462, 55.102593899174067, 0.0 ], [ 14.736194847571186, 55.103626433717615, 0.0 ], [ 14.737875810383457, 55.104247366681413, 0.0 ], [ 14.738275490228684, 55.104031787859114, 0.0 ], [ 14.740220987182729, 55.104624885232568, 0.0 ], [ 14.739942271437206, 55.105573542992872, 0.0 ], [ 14.744187229046092, 55.107024407965142, 0.0 ], [ 14.745981861979097, 55.107048877656261, 0.0 ], [ 14.747539411835392, 55.107677503605203, 0.0 ], [ 14.748805333937645, 55.106797858519286, 0.0 ], [ 14.750990468000058, 55.106583667137578, 0.0 ], [ 14.751375939805815, 55.103601137336419, 0.0 ], [ 14.751181809320427, 55.103091726045101, 0.0 ] ] ] } },
{ "type": "Feature", "properties": { "layer_id": "valuable_cultural_environment", "label": "Valuable cultural environment", "tooltip_title": "Source layer: Valuable cultural environment", "tooltip_body": "Valuable cultural-environment polygons.<br>Clipped to Bornholm DAGI Landsdel landmass." }, "geometry": { "type": "Polygon", "coordinates": [ [ [ 14.776353848118989, 55.288720376153051, 0.0 ], [ 14.775638884657374, 55.28970511090948, 0.0 ], [ 14.776747869788, 55.289812452936921, 0.0 ], [ 14.777206316015072, 55.289252005375012, 0.0 ], [ 14.781988801336052, 55.289705590311023, 0.0 ], [ 14.782537127613857, 55.289331461981909, 0.0 ], [ 14.782213611436019, 55.289140540078606, 0.0 ], [ 14.782795813162929, 55.289271139937533, 0.0 ], [ 14.782381832722576, 55.288994995210587, 0.0 ], [ 14.782838526495517, 55.288830793894981, 0.0 ], [ 14.782790081767784, 55.289728183465421, 0.0 ], [ 14.782439005694558, 55.289841674206947, 0.0 ], [ 14.78291675434763, 55.289825510483269, 0.0 ], [ 14.783123088084315, 55.288873987864214, 0.0 ], [ 14.784072550985538, 55.288613450310081, 0.0 ], [ 14.783729058395476, 55.288061463973463, 0.0 ], [ 14.784345729997831, 55.287540819364978, 0.0 ], [ 14.785812998300221, 55.287132147869741, 0.0 ], [ 14.788127697965248, 55.287065575590219, 0.0 ], [ 14.791010870365037, 55.285497976536092, 0.0 ], [ 14.791345579132857, 55.285721510331953, 0.0 ], [ 14.792572138807838, 55.285435654747609, 0.0 ], [ 14.790429091088262, 55.284710233528124, 0.0 ], [ 14.79313091195781, 55.282176261749704, 0.0 ], [ 14.792327396654267, 55.282127004012317, 0.0 ], [ 14.791424340609115, 55.283265372171549, 0.0 ], [ 14.789648211984709, 55.283971659369115, 0.0 ], [ 14.789564477244086, 55.284731109726572, 0.0 ], [ 14.788128120618056, 55.285799032828983, 0.0 ], [ 14.786347373166041, 55.2859820084213, 0.0 ], [ 14.785372342952492, 55.286644019113048, 0.0 ], [ 14.783717420659844, 55.2863231525195, 0.0 ], [ 14.783641392432735, 55.28685402394504, 0.0 ], [ 14.780766742393325, 55.287736237519724, 0.0 ], [ 14.778234955384555, 55.287189213854866, 0.0 ], [ 14.778530944575616, 55.286637822600625, 0.0 ], [ 14.777669703122209, 55.286494883416253, 0.0 ], [ 14.777245003160797, 55.287039868598491, 0.0 ], [ 14.776328149946712, 55.286926655871831, 0.0 ], [ 14.774463217847549, 55.286086124752984, 0.0 ], [ 14.773301745536047, 55.285952267332647, 0.0 ], [ 14.772102699295214, 55.285225500038088, 0.0 ], [ 14.771693242187625, 55.285506159005749, 0.0 ], [ 14.771266039760938, 55.28519360749749, 0.0 ], [ 14.770761689712135, 55.285386940954979, 0.0 ], [ 14.775438192591471, 55.287834984497451, 0.0 ], [ 14.776353848118989, 55.288720376153051, 0.0 ] ] ] } },
{ "type": "Feature", "properties": { "layer_id": "valuable_cultural_environment", "label": "Valuable cultural environment", "tooltip_title": "Source layer: Valuable cultural environment", "tooltip_body": "Valuable cultural-environment polygons.<br>Clipped to Bornholm DAGI Landsdel landmass." }, "geometry": { "type": "Polygon", "coordinates": [ [ [ 14.77551434536193, 55.274220568874775, 0.0 ], [ 14.778142376393651, 55.273230529469025, 0.0 ], [ 14.77650573296458, 55.272110490768632, 0.0 ], [ 14.776803333034092, 55.271675693046809, 0.0 ], [ 14.774802915478464, 55.270795165255912, 0.0 ], [ 14.774192606355443, 55.271593719057456, 0.0 ], [ 14.773594097018231, 55.271458457494397, 0.0 ], [ 14.774539016893851, 55.272803553875576, 0.0 ], [ 14.774308109531912, 55.273096637721991, 0.0 ], [ 14.773150344630634, 55.273161109537369, 0.0 ], [ 14.772993756565336, 55.273484963025076, 0.0 ], [ 14.77551434536193, 55.274220568874775, 0.0 ] ] ] } },
{ "type": "Feature", "properties": { "layer_id": "valuable_cultural_environment", "label": "Valuable cultural environment", "tooltip_title": "Source layer: Valuable cultural environment", "tooltip_body": "Valuable cultural-environment polygons.<br>Clipped to Bornholm DAGI Landsdel landmass." }, "geometry": { "type": "Polygon", "coordinates": [ [ [ 14.777164745932939, 55.289308801571252, 0.0 ], [ 14.775885109136079, 55.288867029670655, 0.0 ], [ 14.775639406752671, 55.289705446222179, 0.0 ], [ 14.776749853662592, 55.28981415921583, 0.0 ], [ 14.777164745932939, 55.289308801571252, 0.0 ] ] ] } },
{ "type": "Feature", "properties": { "layer_id": "valuable_cultural_environment", "label": "Valuable cultural environment", "tooltip_title": "Source layer: Valuable cultural environment", "tooltip_body": "Valuable cultural-environment polygons.<br>Clipped to Bornholm DAGI Landsdel landmass." }, "geometry": { "type": "MultiPolygon", "coordinates": [ [ [ [ 14.796441800933842, 55.281944751085256, 0.0 ], [ 14.796708878456338, 55.281352875141785, 0.0 ], [ 14.798120995328988, 55.281187393682082, 0.0 ], [ 14.797352991534105, 55.281232081914425, 0.0 ], [ 14.797257852531445, 55.281033342462607, 0.0 ], [ 14.798136736751502, 55.280847437872374, 0.0 ], [ 14.798596500523608, 55.281489580463479, 0.0 ], [ 14.798553925476707, 55.280932888318944, 0.0 ], [ 14.799348303092339, 55.281303651361796, 0.0 ], [ 14.799807246951353, 55.280933752750336, 0.0 ], [ 14.799865754653659, 55.28136509253352, 0.0 ], [ 14.800192033225398, 55.281025152942007, 0.0 ], [ 14.800666863038801, 55.281156358892801, 0.0 ], [ 14.801077419817082, 55.280163654617603, 0.0 ], [ 14.800708183268181, 55.279529488155127, 0.0 ], [ 14.801879415102949, 55.279076295736878, 0.0 ], [ 14.802194848925318, 55.279501190759909, 0.0 ], [ 14.80197080541522, 55.279008922689663, 0.0 ], [ 14.802496261146826, 55.278875122910748, 0.0 ], [ 14.802270847984587, 55.278665673831377, 0.0 ], [ 14.800909060182763, 55.279177736242524, 0.0 ], [ 14.801310213014396, 55.2781618801043, 0.0 ], [ 14.801995776549596, 55.277721213413102, 0.0 ], [ 14.802296180591116, 55.277871993364727, 0.0 ], [ 14.801658056622941, 55.278722075351205, 0.0 ], [ 14.802888508304001, 55.278009933563197, 0.0 ], [ 14.804087917142635, 55.27844363269088, 0.0 ], [ 14.804312114039043, 55.277799987331662, 0.0 ], [ 14.805320030426874, 55.277653862856667, 0.0 ], [ 14.806147311784709, 55.27702781762946, 0.0 ], [ 14.80637891337612, 55.275740645170011, 0.0 ], [ 14.805103110358704, 55.27507623681516, 0.0 ], [ 14.805788276720344, 55.274634200834832, 0.0 ], [ 14.805578025651601, 55.274426299357664, 0.0 ], [ 14.806663011467323, 55.274240079402901, 0.0 ], [ 14.806736712851983, 55.27380584998425, 0.0 ], [ 14.807112821699922, 55.274038311292792, 0.0 ], [ 14.806861278558062, 55.273102495641382, 0.0 ], [ 14.805922969302342, 55.272835786438591, 0.0 ], [ 14.807162530076937, 55.271696449796863, 0.0 ], [ 14.806466470583535, 55.271410532683255, 0.0 ], [ 14.805625248358286, 55.272088034185387, 0.0 ], [ 14.803777473296417, 55.271169267124868, 0.0 ], [ 14.801750566761219, 55.274379637214906, 0.0 ], [ 14.800560942885475, 55.274008558348442, 0.0 ], [ 14.801216551656495, 55.273529532160332, 0.0 ], [ 14.798561251761665, 55.272855062426011, 0.0 ], [ 14.798909277205722, 55.273239170095131, 0.0 ], [ 14.798429449691932, 55.273368621232159, 0.0 ], [ 14.799344899767755, 55.2747367361793, 0.0 ], [ 14.798824608848772, 55.275066256993064, 0.0 ], [ 14.799149246157256, 55.27502495074355, 0.0 ], [ 14.799557312147085, 55.27600925921557, 0.0 ], [ 14.798819408848198, 55.276089794241308, 0.0 ], [ 14.799115632849247, 55.276536775746102, 0.0 ], [ 14.798430998517814, 55.277673077830869, 0.0 ], [ 14.797403875442066, 55.277422686115337, 0.0 ], [ 14.796524097954135, 55.278188916051299, 0.0 ], [ 14.797344772568454, 55.278536202228082, 0.0 ], [ 14.796921001185993, 55.27982417840979, 0.0 ], [ 14.795019670767918, 55.280267796531874, 0.0 ], [ 14.795687034707592, 55.280408680833403, 0.0 ], [ 14.795478349172253, 55.280820659687095, 0.0 ], [ 14.796441800933842, 55.281944751085256, 0.0 ] ] ], [ [ [ 14.805423226648649, 55.275150105092926, 0.0 ], [ 14.805351807841395, 55.275115146067634, 0.0 ], [ 14.805306320688581, 55.275128658939749, 0.0 ], [ 14.805423226648649, 55.275150105092926, 0.0 ] ] ], [ [ [ 14.805825733984351, 55.274861356917881, 0.0 ], [ 14.806036125098816, 55.274784273091285, 0.0 ], [ 14.805570080444046, 55.274814172379806, 0.0 ], [ 14.805825733984351, 55.274861356917881, 0.0 ] ] ], [ [ [ 14.80592607439592, 55.274543919068748, 0.0 ], [ 14.806296716504651, 55.274666131303171, 0.0 ], [ 14.806320192320436, 55.274509811115884, 0.0 ], [ 14.80592607439592, 55.274543919068748, 0.0 ] ] ] ] } },
{ "type": "Feature", "properties": { "layer_id": "valuable_cultural_environment", "label": "Valuable cultural environment", "tooltip_title": "Source layer: Valuable cultural environment", "tooltip_body": "Valuable cultural-environment polygons.<br>Clipped to Bornholm DAGI Landsdel landmass." }, "geometry": { "type": "Polygon", "coordinates": [ [ [ 14.774787834541529, 55.287339036198048, 0.0 ], [ 14.77501358493058, 55.287181140286798, 0.0 ], [ 14.773399382989837, 55.286406115010863, 0.0 ], [ 14.773171997281992, 55.286566876096629, 0.0 ], [ 14.774787834541529, 55.287339036198048, 0.0 ] ] ] } },
{ "type": "Feature", "properties": { "layer_id": "valuable_cultural_environment", "label": "Valuable cultural environment", "tooltip_title": "Source layer: Valuable cultural environment", "tooltip_body": "Valuable cultural-environment polygons.<br>Clipped to Bornholm DAGI Landsdel landmass." }, "geometry": { "type": "Polygon", "coordinates": [ [ [ 14.767487581892253, 55.284972926124901, 0.0 ], [ 14.762378574821231, 55.282479539138492, 0.0 ], [ 14.761571638657671, 55.281570632563977, 0.0 ], [ 14.762596477280725, 55.280855599891353, 0.0 ], [ 14.763403555337522, 55.280769312903985, 0.0 ], [ 14.760669130061332, 55.279429271110928, 0.0 ], [ 14.760983579514749, 55.278981927624848, 0.0 ], [ 14.760055758651868, 55.2789152974511, 0.0 ], [ 14.755814337130328, 55.276279056761695, 0.0 ], [ 14.754882654685442, 55.277251406252894, 0.0 ], [ 14.755699086624873, 55.276661692848435, 0.0 ], [ 14.756624059192577, 55.276930765522188, 0.0 ], [ 14.757408793709784, 55.277641534792586, 0.0 ], [ 14.757213854551708, 55.27840719863616, 0.0 ], [ 14.755021188626738, 55.279054804733967, 0.0 ], [ 14.7550506578464, 55.277754957612331, 0.0 ], [ 14.755507479869641, 55.277724352938321, 0.0 ], [ 14.754830800793334, 55.277538502535187, 0.0 ], [ 14.754675297568788, 55.279632616881145, 0.0 ], [ 14.752521159828435, 55.281351034271246, 0.0 ], [ 14.754057868814337, 55.280924793880878, 0.0 ], [ 14.755236556320538, 55.281191876501879, 0.0 ], [ 14.759187716883867, 55.283005502922983, 0.0 ], [ 14.758203608432497, 55.284071277444298, 0.0 ], [ 14.757467665136348, 55.284129857490811, 0.0 ], [ 14.757210002936558, 55.284999220430656, 0.0 ], [ 14.757638951838461, 55.285341982904015, 0.0 ], [ 14.758964777995732, 55.285074642312793, 0.0 ], [ 14.759863797471613, 55.284164663199, 0.0 ], [ 14.761754103350517, 55.285341155265684, 0.0 ], [ 14.762653842203445, 55.285129951344629, 0.0 ], [ 14.76522653601857, 55.286102953357336, 0.0 ], [ 14.767487581892253, 55.284972926124901, 0.0 ] ] ] } },
{ "type": "Feature", "properties": { "layer_id": "valuable_cultural_environment", "label": "Valuable cultural environment", "tooltip_title": "Source layer: Valuable cultural environment", "tooltip_body": "Valuable cultural-environment polygons.<br>Clipped to Bornholm DAGI Landsdel landmass." }, "geometry": { "type": "Polygon", "coordinates": [ [ [ 14.782456269103392, 55.289353712535643, 0.0 ], [ 14.782123679165464, 55.28928641666792, 0.0 ], [ 14.782495746053513, 55.289193333469761, 0.0 ], [ 14.783161956608131, 55.285904117669581, 0.0 ], [ 14.781638705620869, 55.285126228112986, 0.0 ], [ 14.777086296661249, 55.27978923001114, 0.0 ], [ 14.774912793051017, 55.273971579970535, 0.0 ], [ 14.771880461082064, 55.27018708762305, 0.0 ], [ 14.769032211834858, 55.268306215825106, 0.0 ], [ 14.765254263627481, 55.264817541148908, 0.0 ], [ 14.758552811554782, 55.263314740916229, 0.0 ], [ 14.748332208018855, 55.258185522016696, 0.0 ], [ 14.744852156169337, 55.258909625187286, 0.0 ], [ 14.745926496536072, 55.260147440098336, 0.0 ], [ 14.746703183656868, 55.262036465914541, 0.0 ], [ 14.748632107032044, 55.263485593815759, 0.0 ], [ 14.75250670887781, 55.268227400147204, 0.0 ], [ 14.752622125996735, 55.268637387418181, 0.0 ], [ 14.751848571151697, 55.268988123344549, 0.0 ], [ 14.751909001006673, 55.269885558878237, 0.0 ], [ 14.75240618495285, 55.270286143170559, 0.0 ], [ 14.752168617254886, 55.271029056871939, 0.0 ], [ 14.753209446755662, 55.271774103758013, 0.0 ], [ 14.753155413747633, 55.272095149834016, 0.0 ], [ 14.752569766083738, 55.272081785631869, 0.0 ], [ 14.75283657786909, 55.272993050774403, 0.0 ], [ 14.752513219989794, 55.273140584557794, 0.0 ], [ 14.753614042894645, 55.274087400937667, 0.0 ], [ 14.754145298101811, 55.274060392941706, 0.0 ], [ 14.753949628847046, 55.274505952141595, 0.0 ], [ 14.75550869432265, 55.276484174707051, 0.0 ], [ 14.754888857600827, 55.27723220866865, 0.0 ], [ 14.755980402197022, 55.2766898876421, 0.0 ], [ 14.757426072037024, 55.277708412821028, 0.0 ], [ 14.756980880428479, 55.278589348051625, 0.0 ], [ 14.755086960932381, 55.279064657538349, 0.0 ], [ 14.755030580618477, 55.277744834499856, 0.0 ], [ 14.755500567157281, 55.277719098582494, 0.0 ], [ 14.754830800793334, 55.277538502535187, 0.0 ], [ 14.754485485541881, 55.279868892894605, 0.0 ], [ 14.752755914450949, 55.280850312446823, 0.0 ], [ 14.75203355622731, 55.281834871969721, 0.0 ], [ 14.752304973915193, 55.282207981896534, 0.0 ], [ 14.751393408109919, 55.285880042867497, 0.0 ], [ 14.751569503727049, 55.286622039966183, 0.0 ], [ 14.752049678237347, 55.286806035808084, 0.0 ], [ 14.751710587628702, 55.287371632732487, 0.0 ], [ 14.752608943595506, 55.287676386976045, 0.0 ], [ 14.752126578031715, 55.287901368282654, 0.0 ], [ 14.752291574894466, 55.288206115688801, 0.0 ], [ 14.75440223300353, 55.289245474920605, 0.0 ], [ 14.754342509038949, 55.28963601583721, 0.0 ], [ 14.754834975281787, 55.289501198881183, 0.0 ], [ 14.756222076586972, 55.290366332767775, 0.0 ], [ 14.75749126837955, 55.290308467928561, 0.0 ], [ 14.760116589275409, 55.290902898004227, 0.0 ], [ 14.760471396367846, 55.291701651375746, 0.0 ], [ 14.761927960759433, 55.292355533450447, 0.0 ], [ 14.761520575196139, 55.292602568710635, 0.0 ], [ 14.762901748704301, 55.292822914082556, 0.0 ], [ 14.763128416748579, 55.294104071504947, 0.0 ], [ 14.76468368415026, 55.294764909954246, 0.0 ], [ 14.764956525276988, 55.295113512951829, 0.0 ], [ 14.764313671838282, 55.295473972125748, 0.0 ], [ 14.764493452963618, 55.295718597630909, 0.0 ], [ 14.765406436950785, 55.295532947660767, 0.0 ], [ 14.765911239252038, 55.296176244413815, 0.0 ], [ 14.767633623827573, 55.296952850925557, 0.0 ], [ 14.769034810277265, 55.296825961572985, 0.0 ], [ 14.769601334208701, 55.297195205404364, 0.0 ], [ 14.769510957056269, 55.298049947136491, 0.0 ], [ 14.770726220426942, 55.297978183223996, 0.0 ], [ 14.770352300110421, 55.298145163170446, 0.0 ], [ 14.771111770207353, 55.298185769331077, 0.0 ], [ 14.771130572122225, 55.29846763477746, 0.0 ], [ 14.771816795495686, 55.298277203595802, 0.0 ], [ 14.771552890486173, 55.298667625177139, 0.0 ], [ 14.772518534603678, 55.298499860747121, 0.0 ], [ 14.772783675366101, 55.298746189288096, 0.0 ], [ 14.77237156077549, 55.298949914955003, 0.0 ], [ 14.773035015729624, 55.298925925817159, 0.0 ], [ 14.773139957577602, 55.299194127268812, 0.0 ], [ 14.774640176803524, 55.298528777732486, 0.0 ], [ 14.774822782974276, 55.298837711229353, 0.0 ], [ 14.775831804704392, 55.298205511877612, 0.0 ], [ 14.775475654740806, 55.298025532252254, 0.0 ], [ 14.775893783926154, 55.297537402073679, 0.0 ], [ 14.776216098321711, 55.29785113753799, 0.0 ], [ 14.776396548854462, 55.297858930572346, 0.0 ], [ 14.777421413752585, 55.296945576088966, 0.0 ], [ 14.777749028876874, 55.297135456380587, 0.0 ], [ 14.778222237037227, 55.296855443741435, 0.0 ], [ 14.777546470172547, 55.296727639904141, 0.0 ], [ 14.77786328463859, 55.296460362425968, 0.0 ], [ 14.777312811457932, 55.29656966882321, 0.0 ], [ 14.778403903817077, 55.296104951843162, 0.0 ], [ 14.778576338940519, 55.295440508358013, 0.0 ], [ 14.779177366848325, 55.295427009340742, 0.0 ], [ 14.778692971415992, 55.295022042190944, 0.0 ], [ 14.778899072248642, 55.293905801282769, 0.0 ], [ 14.777784157955079, 55.293050857566698, 0.0 ], [ 14.778268054182799, 55.292758993483886, 0.0 ], [ 14.777575223197289, 55.292553682754139, 0.0 ], [ 14.777169030885627, 55.291971617306508, 0.0 ], [ 14.77802299729005, 55.291933800445513, 0.0 ], [ 14.777184817015359, 55.291593947614636, 0.0 ], [ 14.77760038075659, 55.291248633393153, 0.0 ], [ 14.777361591731564, 55.290698394471477, 0.0 ], [ 14.777885905838549, 55.290664505377336, 0.0 ], [ 14.778912809526012, 55.289552869820987, 0.0 ], [ 14.780740092003414, 55.289427032495894, 0.0 ], [ 14.781081833094735, 55.289700042081861, 0.0 ], [ 14.781989404730279, 55.289705576857287, 0.0 ], [ 14.782456269103392, 55.289353712535643, 0.0 ] ] ] } },
{ "type": "Feature", "properties": { "layer_id": "valuable_cultural_environment", "label": "Valuable cultural environment", "tooltip_title": "Source layer: Valuable cultural environment", "tooltip_body": "Valuable cultural-environment polygons.<br>Clipped to Bornholm DAGI Landsdel landmass." }, "geometry": { "type": "Polygon", "coordinates": [ [ [ 14.774912793051017, 55.273971579970535, 0.0 ], [ 14.777086296661249, 55.27978923001114, 0.0 ], [ 14.781638705620869, 55.285126228112986, 0.0 ], [ 14.783161956608131, 55.285904117669581, 0.0 ], [ 14.783013032861032, 55.286674939704703, 0.0 ], [ 14.784188529720646, 55.287076394604334, 0.0 ], [ 14.786414730891096, 55.287587951675668, 0.0 ], [ 14.786558010574332, 55.287422971133239, 0.0 ], [ 14.787083063858773, 55.287755043315876, 0.0 ], [ 14.787952794898585, 55.287285085065342, 0.0 ], [ 14.787833522286078, 55.287761392906575, 0.0 ], [ 14.788427078532788, 55.287633782117268, 0.0 ], [ 14.788305946220385, 55.287808874563574, 0.0 ], [ 14.788781254282553, 55.287424560500931, 0.0 ], [ 14.789275840995613, 55.287460721704541, 0.0 ], [ 14.788944677586722, 55.287069211989163, 0.0 ], [ 14.790241856329326, 55.2871606371084, 0.0 ], [ 14.789696248943487, 55.286810748504529, 0.0 ], [ 14.79022470062603, 55.286766705272434, 0.0 ], [ 14.79062092628236, 55.286171622066767, 0.0 ], [ 14.791079590169341, 55.286254585846976, 0.0 ], [ 14.791133025143834, 55.285702546721616, 0.0 ], [ 14.791660220261141, 55.285838961553146, 0.0 ], [ 14.792840399257711, 55.285276690702609, 0.0 ], [ 14.793476833388578, 55.285584252505572, 0.0 ], [ 14.794271333617507, 55.285491408880787, 0.0 ], [ 14.793275397718546, 55.284961342493837, 0.0 ], [ 14.793969422974204, 55.284677592944391, 0.0 ], [ 14.793738616700965, 55.284485129238973, 0.0 ], [ 14.794654574657752, 55.284548401091037, 0.0 ], [ 14.794898534091896, 55.284188287563339, 0.0 ], [ 14.795244936242016, 55.284580226587984, 0.0 ], [ 14.795846763691484, 55.284102895960316, 0.0 ], [ 14.794872457892916, 55.28221632365058, 0.0 ], [ 14.795952198092047, 55.282297665403462, 0.0 ], [ 14.796288410693267, 55.282040149182983, 0.0 ], [ 14.796590932639985, 55.282259439644598, 0.0 ], [ 14.797105098477767, 55.282031678918479, 0.0 ], [ 14.79641365443465, 55.282001416060147, 0.0 ], [ 14.796604934025542, 55.281438036138368, 0.0 ], [ 14.798121465200269, 55.281187371296845, 0.0 ], [ 14.797352991534105, 55.281232081914425, 0.0 ], [ 14.797258479025025, 55.28103331262011, 0.0 ], [ 14.798271615273441, 55.280843352566464, 0.0 ], [ 14.798596738952398, 55.281489674545057, 0.0 ], [ 14.798554565040675, 55.280932947869765, 0.0 ], [ 14.799348303092339, 55.281303651361796, 0.0 ], [ 14.799807246951353, 55.280933752750336, 0.0 ], [ 14.799865731849321, 55.281365279919626, 0.0 ], [ 14.800916511535856, 55.280860028560483, 0.0 ], [ 14.800594322137551, 55.280840517661908, 0.0 ], [ 14.801077419817082, 55.280163654617603, 0.0 ], [ 14.800673364455951, 55.279628912646508, 0.0 ], [ 14.801119250256063, 55.279348782942449, 0.0 ], [ 14.795396774579352, 55.275939556050986, 0.0 ], [ 14.795428088754026, 55.269446712756164, 0.0 ], [ 14.789471756035351, 55.267627592866155, 0.0 ], [ 14.787244618245584, 55.265707856557171, 0.0 ], [ 14.789678728472541, 55.263476629184645, 0.0 ], [ 14.791746352585289, 55.25996745918129, 0.0 ], [ 14.802793971778197, 55.254550113714338, 0.0 ], [ 14.80297303240425, 55.252614089360058, 0.0 ], [ 14.798516193228883, 55.252598747366669, 0.0 ], [ 14.794111100574682, 55.251913169928891, 0.0 ], [ 14.792081748055953, 55.250844103053737, 0.0 ], [ 14.789439642185243, 55.247557570605771, 0.0 ], [ 14.785549843454605, 55.246001868409941, 0.0 ], [ 14.779612121811773, 55.247153275523885, 0.0 ], [ 14.763801142562349, 55.258108800959711, 0.0 ], [ 14.766386491961338, 55.262371493424745, 0.0 ], [ 14.770452481106576, 55.266750103445155, 0.0 ], [ 14.773178429002096, 55.271807025987265, 0.0 ], [ 14.774912793051017, 55.273971579970535, 0.0 ] ] ] } },
{ "type": "Feature", "properties": { "layer_id": "valuable_cultural_environment", "label": "Valuable cultural environment", "tooltip_title": "Source layer: Valuable cultural environment", "tooltip_body": "Valuable cultural-environment polygons.<br>Clipped to Bornholm DAGI Landsdel landmass." }, "geometry": { "type": "Polygon", "coordinates": [ [ [ 15.03893014788583, 55.061551539290228, 0.0 ], [ 15.028303808065539, 55.06271656705011, 0.0 ], [ 15.019701451336907, 55.064945297060149, 0.0 ], [ 15.012616163310906, 55.064946388660076, 0.0 ], [ 15.015280016526729, 55.068736184443374, 0.0 ], [ 15.026525640415029, 55.071063429480333, 0.0 ], [ 15.046630341808291, 55.077437658426696, 0.0 ], [ 15.054146507143184, 55.072149283423208, 0.0 ], [ 15.04889206044801, 55.068905756474074, 0.0 ], [ 15.049058356100089, 55.067066113510769, 0.0 ], [ 15.042310311861829, 55.067165567354827, 0.0 ], [ 15.03893014788583, 55.061551539290228, 0.0 ] ] ] } },
{ "type": "Feature", "properties": { "layer_id": "valuable_cultural_environment", "label": "Valuable cultural environment", "tooltip_title": "Source layer: Valuable cultural environment", "tooltip_body": "Valuable cultural-environment polygons.<br>Clipped to Bornholm DAGI Landsdel landmass." }, "geometry": { "type": "Polygon", "coordinates": [ [ [ 15.049899920441018, 55.065323172832251, 0.0 ], [ 15.048546520227687, 55.062419163862373, 0.0 ], [ 15.044326183600305, 55.059903818349291, 0.0 ], [ 15.037239838406878, 55.058163596401954, 0.0 ], [ 15.015650516363092, 55.05991148843718, 0.0 ], [ 15.012783881910369, 55.062235500150045, 0.0 ], [ 15.012616163310906, 55.064946388660076, 0.0 ], [ 15.019701451336907, 55.064945297060149, 0.0 ], [ 15.028303808065539, 55.06271656705011, 0.0 ], [ 15.03893014788583, 55.061551539290228, 0.0 ], [ 15.040282653961846, 55.064455591621119, 0.0 ], [ 15.041972361406939, 55.066778493198342, 0.0 ], [ 15.048889933706722, 55.067163016835316, 0.0 ], [ 15.049899920441018, 55.065323172832251, 0.0 ] ] ] } },
{ "type": "Feature", "properties": { "layer_id": "valuable_cultural_environment", "label": "Valuable cultural environment", "tooltip_title": "Source layer: Valuable cultural environment", "tooltip_body": "Valuable cultural-environment polygons.<br>Clipped to Bornholm DAGI Landsdel landmass." }, "geometry": { "type": "Polygon", "coordinates": [ [ [ 14.928511152875148, 55.015592320488857, 0.0 ], [ 14.928401864394766, 55.017427703326199, 0.0 ], [ 14.9299685863281, 55.018161101625452, 0.0 ], [ 14.932614339169195, 55.01838803621817, 0.0 ], [ 14.934379662837534, 55.017882209911377, 0.0 ], [ 14.935626001629847, 55.015972797833726, 0.0 ], [ 14.934891552962043, 55.01511341039722, 0.0 ], [ 14.931250299319645, 55.015888269154594, 0.0 ], [ 14.928511152875148, 55.015592320488857, 0.0 ] ] ] } },
{ "type": "Feature", "properties": { "layer_id": "valuable_cultural_environment", "label": "Valuable cultural environment", "tooltip_title": "Source layer: Valuable cultural environment", "tooltip_body": "Valuable cultural-environment polygons.<br>Clipped to Bornholm DAGI Landsdel landmass." }, "geometry": { "type": "Polygon", "coordinates": [ [ [ 14.966835671457254, 55.070624524570448, 0.0 ], [ 14.967575836287509, 55.073180966499429, 0.0 ], [ 14.970247047537134, 55.07522655920544, 0.0 ], [ 14.972177071246479, 55.075823580896021, 0.0 ], [ 14.974256031742373, 55.075909328231354, 0.0 ], [ 14.975444425788528, 55.07514279936094, 0.0 ], [ 14.976039152386271, 55.074035190330861, 0.0 ], [ 14.97574314498374, 55.072331041961043, 0.0 ], [ 14.974407909679961, 55.070797087938402, 0.0 ], [ 14.971736268016947, 55.069603588350624, 0.0 ], [ 14.969509068399409, 55.069687967558721, 0.0 ], [ 14.966835671457254, 55.070624524570448, 0.0 ] ] ] } },
{ "type": "Feature", "properties": { "layer_id": "valuable_cultural_environment", "label": "Valuable cultural environment", "tooltip_title": "Source layer: Valuable cultural environment", "tooltip_body": "Valuable cultural-environment polygons.<br>Clipped to Bornholm DAGI Landsdel landmass." }, "geometry": { "type": "Polygon", "coordinates": [ [ [ 15.077322245714706, 55.08262248156278, 0.0 ], [ 15.074735928526845, 55.084285607517032, 0.0 ], [ 15.074741002729473, 55.086996322883984, 0.0 ], [ 15.079302206946732, 55.08873588999765, 0.0 ], [ 15.086542759035899, 55.088580499939631, 0.0 ], [ 15.088766909159441, 55.086789874258407, 0.0 ], [ 15.089801487662454, 55.084573863830194, 0.0 ], [ 15.088164408278367, 55.083041333943193, 0.0 ], [ 15.084746468268147, 55.082021372236383, 0.0 ], [ 15.081033269365976, 55.081853386806642, 0.0 ], [ 15.077322245714706, 55.08262248156278, 0.0 ] ] ] } },
{ "type": "Feature", "properties": { "layer_id": "valuable_cultural_environment", "label": "Valuable cultural environment", "tooltip_title": "Source layer: Valuable cultural environment", "tooltip_body": "Valuable cultural-environment polygons.<br>Clipped to Bornholm DAGI Landsdel landmass." }, "geometry": { "type": "Polygon", "coordinates": [ [ [ 15.120016616237754, 55.026105257478271, 0.0 ], [ 15.11923621548816, 55.025372362737457, 0.0 ], [ 15.118679643173516, 55.025432774856398, 0.0 ], [ 15.117692034429657, 55.024910758355432, 0.0 ], [ 15.117723264100805, 55.023070727506258, 0.0 ], [ 15.115322227503116, 55.022832678106624, 0.0 ], [ 15.115329341895372, 55.022569490301692, 0.0 ], [ 15.11432712163213, 55.02238394802999, 0.0 ], [ 15.114699651848223, 55.022781959840252, 0.0 ], [ 15.11372838711381, 55.022775472982261, 0.0 ], [ 15.114221023433313, 55.023522640595111, 0.0 ], [ 15.113493625814774, 55.023550134595055, 0.0 ], [ 15.113174584909736, 55.024118889886097, 0.0 ], [ 15.11260870945458, 55.023944917395418, 0.0 ], [ 15.112336368934397, 55.024205898086528, 0.0 ], [ 15.114137735071623, 55.024711145778717, 0.0 ], [ 15.114659698155242, 55.025735149536438, 0.0 ], [ 15.113725441783973, 55.025944692920596, 0.0 ], [ 15.114455527478063, 55.026003232062777, 0.0 ], [ 15.114463016001602, 55.02660819817806, 0.0 ], [ 15.117674409595699, 55.02674235926829, 0.0 ], [ 15.117604566844479, 55.027129277215508, 0.0 ], [ 15.118677977123221, 55.027201353494213, 0.0 ], [ 15.119693857231287, 55.027082735687443, 0.0 ], [ 15.120016616237754, 55.026105257478271, 0.0 ] ] ] } },
{ "type": "Feature", "properties": { "layer_id": "valuable_cultural_environment", "label": "Valuable cultural environment", "tooltip_title": "Source layer: Valuable cultural environment", "tooltip_body": "Valuable cultural-environment polygons.<br>Clipped to Bornholm DAGI Landsdel landmass." }, "geometry": { "type": "Polygon", "coordinates": [ [ [ 15.072763225239914, 55.152063002909415, 0.0 ], [ 15.088283704556385, 55.147298324297736, 0.0 ], [ 15.085773723976978, 55.145867256957409, 0.0 ], [ 15.079807766956163, 55.143862603895798, 0.0 ], [ 15.079921253187317, 55.142121602484728, 0.0 ], [ 15.07863035347691, 55.139712227444114, 0.0 ], [ 15.07663957035202, 55.137704775334164, 0.0 ], [ 15.073012717137887, 55.13583216233711, 0.0 ], [ 15.071603490243181, 55.132016484305609, 0.0 ], [ 15.071950674871051, 55.130275338116952, 0.0 ], [ 15.073697277131179, 55.127127304488262, 0.0 ], [ 15.072992982555265, 55.125386884651988, 0.0 ], [ 15.070070489379825, 55.12465209265477, 0.0 ], [ 15.055118533178627, 55.126601398278915, 0.0 ], [ 15.052786880240642, 55.130418996624009, 0.0 ], [ 15.053374332397834, 55.132762195990772, 0.0 ], [ 15.057816576549058, 55.133764545507205, 0.0 ], [ 15.058168758818281, 55.134835710576546, 0.0 ], [ 15.052447643939759, 55.138587972103004, 0.0 ], [ 15.053152220259239, 55.140864202868322, 0.0 ], [ 15.054907597081344, 55.142470389883506, 0.0 ], [ 15.06321064081153, 55.144809856248976, 0.0 ], [ 15.065316557949416, 55.145812979204372, 0.0 ], [ 15.064266788885632, 55.147219843138565, 0.0 ], [ 15.064152513405283, 55.14875979646304, 0.0 ], [ 15.066531130730635, 55.150381266042778, 0.0 ], [ 15.071055123706536, 55.151568096784494, 0.0 ], [ 15.071406908730594, 55.151902742523966, 0.0 ], [ 15.072763225239914, 55.152063002909415, 0.0 ] ] ] } },
{ "type": "Feature", "properties": { "layer_id": "valuable_cultural_environment", "label": "Valuable cultural environment", "tooltip_title": "Source layer: Valuable cultural environment", "tooltip_body": "Valuable cultural-environment polygons.<br>Clipped to Bornholm DAGI Landsdel landmass." }, "geometry": { "type": "Polygon", "coordinates": [ [ [ 14.991310068092035, 55.03172283435844, 0.0 ], [ 14.993058956596142, 55.032010065682314, 0.0 ], [ 14.992706576348937, 55.030559388757581, 0.0 ], [ 14.993629099529805, 55.030448076192826, 0.0 ], [ 14.993627983432507, 55.029928906822548, 0.0 ], [ 14.993197762347643, 55.030090260363245, 0.0 ], [ 14.992063238910601, 55.029788526178514, 0.0 ], [ 14.991933536295091, 55.029101315328766, 0.0 ], [ 14.990347837677527, 55.02931803139257, 0.0 ], [ 14.990340956138866, 55.029768358942775, 0.0 ], [ 14.990888994628431, 55.029779372305264, 0.0 ], [ 14.990791675966038, 55.030669389675687, 0.0 ], [ 14.991540506137339, 55.030670931940556, 0.0 ], [ 14.991310068092035, 55.03172283435844, 0.0 ] ] ] } },
{ "type": "Feature", "properties": { "layer_id": "valuable_cultural_environment", "label": "Valuable cultural environment", "tooltip_title": "Source layer: Valuable cultural environment", "tooltip_body": "Valuable cultural-environment polygons.<br>Clipped to Bornholm DAGI Landsdel landmass." }, "geometry": { "type": "MultiPolygon", "coordinates": [ [ [ [ 15.146266510804631, 55.111682687297616, 0.0 ], [ 15.146422083634647, 55.111411974837502, 0.0 ], [ 15.145363882776333, 55.111158238487938, 0.0 ], [ 15.145859621891509, 55.110912624346469, 0.0 ], [ 15.145416508436556, 55.110045977805434, 0.0 ], [ 15.144806461159712, 55.110011401629471, 0.0 ], [ 15.144689596606524, 55.109272124680629, 0.0 ], [ 15.143797022551011, 55.109003148348094, 0.0 ], [ 15.143869849557586, 55.10835727813069, 0.0 ], [ 15.14461785775867, 55.107859115214609, 0.0 ], [ 15.145351460496022, 55.108118067471565, 0.0 ], [ 15.144834341934915, 55.107772789940057, 0.0 ], [ 15.14535281679669, 55.107676455063711, 0.0 ], [ 15.144815256821113, 55.107563236385658, 0.0 ], [ 15.145789898500155, 55.107488317932464, 0.0 ], [ 15.145962531270117, 55.107726275228849, 0.0 ], [ 15.14617417972697, 55.107472731346078, 0.0 ], [ 15.147099460764696, 55.107510694183716, 0.0 ], [ 15.146999370758662, 55.107868190726983, 0.0 ], [ 15.145433564423543, 55.107926993210192, 0.0 ], [ 15.145458577199664, 55.108321781049924, 0.0 ], [ 15.145890009218883, 55.107992350463924, 0.0 ], [ 15.147149385103496, 55.108005922384699, 0.0 ], [ 15.147333070284995, 55.107738376661089, 0.0 ], [ 15.148818362178853, 55.107536361560847, 0.0 ], [ 15.149219635346181, 55.106583548064911, 0.0 ], [ 15.148563686528416, 55.105513033135139, 0.0 ], [ 15.149266370538816, 55.105565075807618, 0.0 ], [ 15.149040683775366, 55.105190195818267, 0.0 ], [ 15.148637429676279, 55.105405567976689, 0.0 ], [ 15.148497945101701, 55.105168607428652, 0.0 ], [ 15.146164717606883, 55.10506861896436, 0.0 ], [ 15.145533134732073, 55.104023409357545, 0.0 ], [ 15.144440132103689, 55.104151782324237, 0.0 ], [ 15.142375296487556, 55.10515771307827, 0.0 ], [ 15.140374427514706, 55.111844026714266, 0.0 ], [ 15.141171180058871, 55.113114557341049, 0.0 ], [ 15.142679187465335, 55.113975507314926, 0.0 ], [ 15.143535570725735, 55.114005318459938, 0.0 ], [ 15.14323261688939, 55.1130934462388, 0.0 ], [ 15.144170370780376, 55.111852288140888, 0.0 ], [ 15.146266510804631, 55.111682687297616, 0.0 ] ] ], [ [ [ 15.149325702668987, 55.107067173852251, 0.0 ], [ 15.149383218230174, 55.107257605674704, 0.0 ], [ 15.149590144682882, 55.107183094960227, 0.0 ], [ 15.149325702668987, 55.107067173852251, 0.0 ] ] ], [ [ [ 15.149053794060311, 55.105806145495698, 0.0 ], [ 15.149068302149336, 55.105731125072722, 0.0 ], [ 15.149006387168374, 55.105725797801121, 0.0 ], [ 15.149053794060311, 55.105806145495698, 0.0 ] ] ], [ [ [ 15.148926300809205, 55.105112430907027, 0.0 ], [ 15.148859378636722, 55.105134730302041, 0.0 ], [ 15.148918422491416, 55.105135700935449, 0.0 ], [ 15.148926300809205, 55.105112430907027, 0.0 ] ] ] ] } },
{ "type": "Feature", "properties": { "layer_id": "valuable_cultural_environment", "label": "Valuable cultural environment", "tooltip_title": "Source layer: Valuable cultural environment", "tooltip_body": "Valuable cultural-environment polygons.<br>Clipped to Bornholm DAGI Landsdel landmass." }, "geometry": { "type": "Polygon", "coordinates": [ [ [ 15.064197614163032, 55.159845454943238, 0.0 ], [ 15.063207259733995, 55.159392480506583, 0.0 ], [ 15.060975071099584, 55.15938574997233, 0.0 ], [ 15.057312374084503, 55.16041624423255, 0.0 ], [ 15.05705030481319, 55.1608220561642, 0.0 ], [ 15.057476953354637, 55.161234492633241, 0.0 ], [ 15.059525570353257, 55.161201016932715, 0.0 ], [ 15.060656517937989, 55.160644526158443, 0.0 ], [ 15.060738319206472, 55.160257243877396, 0.0 ], [ 15.06096940539129, 55.160579286215807, 0.0 ], [ 15.062167720260943, 55.160017996123926, 0.0 ], [ 15.063929841364343, 55.160359974171506, 0.0 ], [ 15.064197614163032, 55.159845454943238, 0.0 ] ] ] } },
{ "type": "Feature", "properties": { "layer_id": "valuable_cultural_environment", "label": "Valuable cultural environment", "tooltip_title": "Source layer: Valuable cultural environment", "tooltip_body": "Valuable cultural-environment polygons.<br>Clipped to Bornholm DAGI Landsdel landmass." }, "geometry": { "type": "Polygon", "coordinates": [ [ [ 15.006783169751365, 55.144297740152531, 0.0 ], [ 15.008201300938905, 55.144653909920471, 0.0 ], [ 15.008823379318629, 55.144295768719623, 0.0 ], [ 15.010007046544416, 55.144277087851023, 0.0 ], [ 15.009587722674553, 55.143634460332727, 0.0 ], [ 15.010843386176555, 55.142158145095713, 0.0 ], [ 15.013921733478956, 55.143237521991821, 0.0 ], [ 15.014197639122731, 55.143102402420332, 0.0 ], [ 15.013116050669471, 55.142490057926189, 0.0 ], [ 15.013565581735042, 55.142050398154645, 0.0 ], [ 15.01263460487213, 55.141693224769, 0.0 ], [ 15.013406876798717, 55.141112258271271, 0.0 ], [ 15.013045521614227, 55.14091955793883, 0.0 ], [ 15.015543357870522, 55.139378168327461, 0.0 ], [ 15.01654746170075, 55.139627525131566, 0.0 ], [ 15.016763345696928, 55.139187722033299, 0.0 ], [ 15.018097651816166, 55.139243336929908, 0.0 ], [ 15.01817244521132, 55.138267969693359, 0.0 ], [ 15.017137648725424, 55.138448085191229, 0.0 ], [ 15.017208086223741, 55.137033562994141, 0.0 ], [ 15.015418526381266, 55.136936116124836, 0.0 ], [ 15.01545129548777, 55.138445462607535, 0.0 ], [ 15.014848254497004, 55.138711133154494, 0.0 ], [ 15.01408562059377, 55.138598363336527, 0.0 ], [ 15.01345743801312, 55.139370368163917, 0.0 ], [ 15.013950638737123, 55.13944426441175, 0.0 ], [ 15.013918076791503, 55.139779456713349, 0.0 ], [ 15.012203632835901, 55.140732819031378, 0.0 ], [ 15.011102695155785, 55.140197856496918, 0.0 ], [ 15.01014580288499, 55.141590154678788, 0.0 ], [ 15.009451209340591, 55.14138476299879, 0.0 ], [ 15.008608303737857, 55.142043925991786, 0.0 ], [ 15.009121279370632, 55.142412448373967, 0.0 ], [ 15.008550888575403, 55.142928656797885, 0.0 ], [ 15.009015806081582, 55.143097249313072, 0.0 ], [ 15.008512270785568, 55.143557569238581, 0.0 ], [ 15.007782203673035, 55.143296390071562, 0.0 ], [ 15.007625306190489, 55.143779984356861, 0.0 ], [ 15.006966214149573, 55.143705982949918, 0.0 ], [ 15.006783169751365, 55.144297740152531, 0.0 ] ] ] } },
{ "type": "Feature", "properties": { "layer_id": "valuable_cultural_environment", "label": "Valuable cultural environment", "tooltip_title": "Source layer: Valuable cultural environment", "tooltip_body": "Valuable cultural-environment polygons.<br>Clipped to Bornholm DAGI Landsdel landmass." }, "geometry": { "type": "Polygon", "coordinates": [ [ [ 14.99875807918859, 55.004872425072861, 0.0 ], [ 15.005143258579, 55.001845656421615, 0.0 ], [ 15.004470584322377, 54.998046574459195, 0.0 ], [ 14.997255607922863, 54.99856625809268, 0.0 ], [ 14.993531175248361, 54.999482953342564, 0.0 ], [ 14.993558693652348, 55.001145763566093, 0.0 ], [ 14.994400787850937, 55.003372528812356, 0.0 ], [ 14.995957522991686, 55.004292942166792, 0.0 ], [ 14.99875807918859, 55.004872425072861, 0.0 ] ] ] } },
{ "type": "Feature", "properties": { "layer_id": "valuable_cultural_environment", "label": "Valuable cultural environment", "tooltip_title": "Source layer: Valuable cultural environment", "tooltip_body": "Valuable cultural-environment polygons.<br>Clipped to Bornholm DAGI Landsdel landmass." }, "geometry": { "type": "MultiPolygon", "coordinates": [ [ [ [ 15.131496020930552, 55.055698968064078, 0.0 ], [ 15.128802850597706, 55.055314590154261, 0.0 ], [ 15.128578482633191, 55.056190866298451, 0.0 ], [ 15.128123924821457, 55.056222655999299, 0.0 ], [ 15.128551766355695, 55.055250380982017, 0.0 ], [ 15.127846487432283, 55.056419366448878, 0.0 ], [ 15.127831312873692, 55.055863045915139, 0.0 ], [ 15.127220199111298, 55.055942809703936, 0.0 ], [ 15.127246465511744, 55.055526270148583, 0.0 ], [ 15.126455126595854, 55.05532000926776, 0.0 ], [ 15.125107010618585, 55.054171722863323, 0.0 ], [ 15.124670915612185, 55.052870225639801, 0.0 ], [ 15.124024016417994, 55.05237110471964, 0.0 ], [ 15.124731113555658, 55.051778765871333, 0.0 ], [ 15.123874640527685, 55.051372434808506, 0.0 ], [ 15.124721164603734, 55.050982737145006, 0.0 ], [ 15.12352102037711, 55.050826989848161, 0.0 ], [ 15.123141053908148, 55.04985652874592, 0.0 ], [ 15.124281030825902, 55.049653646181682, 0.0 ], [ 15.12338741444926, 55.049100710410464, 0.0 ], [ 15.124479977165588, 55.048067336683232, 0.0 ], [ 15.123763476500665, 55.047733715421188, 0.0 ], [ 15.124534364864521, 55.047679123284318, 0.0 ], [ 15.124429862120911, 55.047241627826502, 0.0 ], [ 15.123647082282089, 55.046160718034841, 0.0 ], [ 15.122151239781999, 55.045605765952345, 0.0 ], [ 15.119575017697214, 55.043712649408832, 0.0 ], [ 15.114413857801443, 55.04135250540353, 0.0 ], [ 15.113249909159286, 55.041258833574823, 0.0 ], [ 15.113102483007665, 55.040869833542942, 0.0 ], [ 15.110898755463188, 55.043712347058438, 0.0 ], [ 15.102369509330801, 55.041144366393098, 0.0 ], [ 15.101468803156491, 55.039728604945076, 0.0 ], [ 15.101909596346347, 55.036766081214971, 0.0 ], [ 15.104589789615506, 55.032771443412365, 0.0 ], [ 15.108308772002479, 55.029585284715573, 0.0 ], [ 15.106631996516155, 55.028465630025927, 0.0 ], [ 15.105857202456653, 55.027425064376466, 0.0 ], [ 15.10599329458517, 55.025232304930569, 0.0 ], [ 15.107900413829654, 55.023540017329644, 0.0 ], [ 15.111648066689995, 55.022286083778077, 0.0 ], [ 15.112382420861771, 55.013575366466874, 0.0 ], [ 15.108792831665607, 55.012162037957246, 0.0 ], [ 15.102515872936397, 55.011395072602582, 0.0 ], [ 15.098258956411479, 55.0117849466127, 0.0 ], [ 15.093555575899888, 55.01294785875703, 0.0 ], [ 15.089527479302749, 55.015397810451489, 0.0 ], [ 15.084387312200356, 55.022227367476503, 0.0 ], [ 15.084852915659964, 55.030211620319164, 0.0 ], [ 15.083292822493316, 55.034591322127049, 0.0 ], [ 15.081514903063457, 55.042190902061058, 0.0 ], [ 15.087798557037639, 55.050921444222283, 0.0 ], [ 15.097007170869638, 55.054408147738172, 0.0 ], [ 15.103397057973249, 55.057811217343875, 0.0 ], [ 15.105777927761014, 55.060279968828013, 0.0 ], [ 15.109639157053056, 55.061043590969376, 0.0 ], [ 15.113498488283904, 55.061040042250696, 0.0 ], [ 15.117949137503434, 55.060269293908753, 0.0 ], [ 15.128477508590068, 55.057106738732585, 0.0 ], [ 15.131496020930552, 55.055698968064078, 0.0 ] ] ], [ [ [ 15.127818444229534, 55.055771943676149, 0.0 ], [ 15.127973804665091, 55.055694672895122, 0.0 ], [ 15.128001178218186, 55.055640975823039, 0.0 ], [ 15.127818444229534, 55.055771943676149, 0.0 ] ] ], [ [ [ 15.128072868482151, 55.055542810324702, 0.0 ], [ 15.12825506764986, 55.055475888624912, 0.0 ], [ 15.128284490182921, 55.05535473684953, 0.0 ], [ 15.128072868482151, 55.055542810324702, 0.0 ] ] ] ] } },
{ "type": "Feature", "properties": { "layer_id": "valuable_cultural_environment", "label": "Valuable cultural environment", "tooltip_title": "Source layer: Valuable cultural environment", "tooltip_body": "Valuable cultural-environment polygons.<br>Clipped to Bornholm DAGI Landsdel landmass." }, "geometry": { "type": "Polygon", "coordinates": [ [ [ 14.973135820441282, 55.133231464209409, 0.0 ], [ 14.972272121940078, 55.132375713075433, 0.0 ], [ 14.970672511915023, 55.132135115478341, 0.0 ], [ 14.969187019750771, 55.13263752551611, 0.0 ], [ 14.968781295344613, 55.133556357146887, 0.0 ], [ 14.969609328124287, 55.134376839919717, 0.0 ], [ 14.971201410907472, 55.134633501526316, 0.0 ], [ 14.97265430619343, 55.134180730776187, 0.0 ], [ 14.973135820441282, 55.133231464209409, 0.0 ] ] ] } },
{ "type": "Feature", "properties": { "layer_id": "valuable_cultural_environment", "label": "Valuable cultural environment", "tooltip_title": "Source layer: Valuable cultural environment", "tooltip_body": "Valuable cultural-environment polygons.<br>Clipped to Bornholm DAGI Landsdel landmass." }, "geometry": { "type": "Polygon", "coordinates": [ [ [ 14.994751997738531, 55.055208236278411, 0.0 ], [ 14.991486017388713, 55.058189880968115, 0.0 ], [ 14.989110109455813, 55.061597826484871, 0.0 ], [ 14.987772574327886, 55.065772699977124, 0.0 ], [ 14.987474638888978, 55.068499119280993, 0.0 ], [ 14.990146716030717, 55.070544607632769, 0.0 ], [ 14.993116106166745, 55.070970868671019, 0.0 ], [ 15.000688302561969, 55.069693142792595, 0.0 ], [ 15.004251561530518, 55.066966828081547, 0.0 ], [ 15.0049933733717, 55.062962299588634, 0.0 ], [ 15.004251068366015, 55.059980094146987, 0.0 ], [ 15.002173018390305, 55.057424026825309, 0.0 ], [ 14.997126712454872, 55.055037928559479, 0.0 ], [ 14.994751997738531, 55.055208236278411, 0.0 ] ] ] } },
{ "type": "Feature", "properties": { "layer_id": "valuable_cultural_environment", "label": "Valuable cultural environment", "tooltip_title": "Source layer: Valuable cultural environment", "tooltip_body": "Valuable cultural-environment polygons.<br>Clipped to Bornholm DAGI Landsdel landmass." }, "geometry": { "type": "MultiPolygon", "coordinates": [ [ [ [ 15.117184183330107, 55.021640202676487, 0.0 ], [ 15.113382297793201, 55.021616603894678, 0.0 ], [ 15.110106416840534, 55.022215170957068, 0.0 ], [ 15.107415854588432, 55.023330681510039, 0.0 ], [ 15.105638710667126, 55.024827144917239, 0.0 ], [ 15.10499179024319, 55.026522105299186, 0.0 ], [ 15.105554127076626, 55.028208872942663, 0.0 ], [ 15.107257278815077, 55.029681723689933, 0.0 ], [ 15.110196983470814, 55.030841693409947, 0.0 ], [ 15.113934184237033, 55.031358964252448, 0.0 ], [ 15.117200063244889, 55.028840742569045, 0.0 ], [ 15.120952498060674, 55.027359470785917, 0.0 ], [ 15.121763633481738, 55.026521387438201, 0.0 ], [ 15.122864546187383, 55.026532520515396, 0.0 ], [ 15.122388671557783, 55.026353146645008, 0.0 ], [ 15.122742552248535, 55.026203367311275, 0.0 ], [ 15.121639045050292, 55.026200828213206, 0.0 ], [ 15.119609676544883, 55.025343429988027, 0.0 ], [ 15.11949164411336, 55.024757097322777, 0.0 ], [ 15.119062904824952, 55.024994383109203, 0.0 ], [ 15.118353136597575, 55.024660672226034, 0.0 ], [ 15.117693269476645, 55.021988688746127, 0.0 ], [ 15.117184183330107, 55.021640202676487, 0.0 ] ] ], [ [ [ 15.123242344660362, 55.024992375851127, 0.0 ], [ 15.122751289286322, 55.025738043404573, 0.0 ], [ 15.12280952621089, 55.025792909095351, 0.0 ], [ 15.123455795755799, 55.025097749400295, 0.0 ], [ 15.122980217697661, 55.024564771423094, 0.0 ], [ 15.123242344660362, 55.024992375851127, 0.0 ] ] ], [ [ [ 15.122278714653154, 55.02507101981891, 0.0 ], [ 15.122700641908514, 55.025147859697206, 0.0 ], [ 15.122565970416199, 55.025395520206509, 0.0 ], [ 15.122251962998318, 55.025126665407186, 0.0 ], [ 15.121568032527104, 55.025125990753025, 0.0 ], [ 15.122142655979852, 55.025147761666489, 0.0 ], [ 15.121751163479171, 55.025409198535776, 0.0 ], [ 15.122638776922189, 55.025456493399417, 0.0 ], [ 15.122831215935909, 55.025100837627463, 0.0 ], [ 15.122278714653154, 55.02507101981891, 0.0 ] ] ] ] } },
{ "type": "Feature", "properties": { "layer_id": "valuable_cultural_environment", "label": "Valuable cultural environment", "tooltip_title": "Source layer: Valuable cultural environment", "tooltip_body": "Valuable cultural-environment polygons.<br>Clipped to Bornholm DAGI Landsdel landmass." }, "geometry": { "type": "Polygon", "coordinates": [ [ [ 15.102211366832107, 55.147542840849148, 0.0 ], [ 15.104669276761497, 55.147333686268624, 0.0 ], [ 15.105879031785701, 55.147509045644469, 0.0 ], [ 15.105892777458063, 55.146816123598512, 0.0 ], [ 15.106352803961359, 55.146780388124398, 0.0 ], [ 15.106523604031855, 55.146199322576599, 0.0 ], [ 15.108585143267396, 55.145599880902708, 0.0 ], [ 15.110554527927006, 55.145638115786056, 0.0 ], [ 15.11515123395403, 55.144431322066438, 0.0 ], [ 15.115134854606401, 55.143718301914959, 0.0 ], [ 15.117524936311964, 55.142970966581039, 0.0 ], [ 15.116896621857022, 55.142141644280436, 0.0 ], [ 15.114332240374752, 55.142700464604474, 0.0 ], [ 15.114284996962892, 55.143030772388748, 0.0 ], [ 15.111234564974664, 55.143973528548784, 0.0 ], [ 15.110775712903676, 55.143644649532902, 0.0 ], [ 15.107800046659378, 55.144386814930222, 0.0 ], [ 15.107870310107486, 55.145227591348167, 0.0 ], [ 15.102838018742354, 55.146668485301895, 0.0 ], [ 15.103089858848065, 55.147077848333332, 0.0 ], [ 15.102114630946284, 55.147309545042219, 0.0 ], [ 15.102211366832107, 55.147542840849148, 0.0 ] ] ] } },
{ "type": "Feature", "properties": { "layer_id": "valuable_cultural_environment", "label": "Valuable cultural environment", "tooltip_title": "Source layer: Valuable cultural environment", "tooltip_body": "Valuable cultural-environment polygons.<br>Clipped to Bornholm DAGI Landsdel landmass." }, "geometry": { "type": "Polygon", "coordinates": [ [ [ 15.11173390759865, 55.041200720834155, 0.0 ], [ 15.111923460844022, 55.040280317529835, 0.0 ], [ 15.11045975580298, 55.039712446077203, 0.0 ], [ 15.109914157703239, 55.040222731879695, 0.0 ], [ 15.11173390759865, 55.041200720834155, 0.0 ] ] ] } },
{ "type": "Feature", "properties": { "layer_id": "valuable_cultural_environment", "label": "Valuable cultural environment", "tooltip_title": "Source layer: Valuable cultural environment", "tooltip_body": "Valuable cultural-environment polygons.<br>Clipped to Bornholm DAGI Landsdel landmass." }, "geometry": { "type": "Polygon", "coordinates": [ [ [ 14.986482068637072, 55.197829377986338, 0.0 ], [ 14.984649845879238, 55.198554794205833, 0.0 ], [ 14.982112293297423, 55.200569781070605, 0.0 ], [ 14.979574262717762, 55.204842042610657, 0.0 ], [ 14.980905182511885, 55.205603549145629, 0.0 ], [ 14.981592416731434, 55.205401251354729, 0.0 ], [ 14.981287339027094, 55.205135629812176, 0.0 ], [ 14.981866836620135, 55.204862503606577, 0.0 ], [ 14.98174060144056, 55.204453561830491, 0.0 ], [ 14.982767785387399, 55.204649792091679, 0.0 ], [ 14.982057317838514, 55.204202268514258, 0.0 ], [ 14.982531992699498, 55.203998480527432, 0.0 ], [ 14.983063621086472, 55.205047892351494, 0.0 ], [ 14.982750337708337, 55.203998447939028, 0.0 ], [ 14.983526334838846, 55.202982144325269, 0.0 ], [ 14.983222019928258, 55.201400187393425, 0.0 ], [ 14.983712590302275, 55.200592027569066, 0.0 ], [ 14.986209882283731, 55.19983774665517, 0.0 ], [ 14.986684049425348, 55.199341446538504, 0.0 ], [ 14.987138658621557, 55.199464908414136, 0.0 ], [ 14.98676673009907, 55.19919953272867, 0.0 ], [ 14.987438552665594, 55.198925690070361, 0.0 ], [ 14.987374364653069, 55.198446455394794, 0.0 ], [ 14.986482068637072, 55.197829377986338, 0.0 ] ] ] } },
{ "type": "Feature", "properties": { "layer_id": "valuable_cultural_environment", "label": "Valuable cultural environment", "tooltip_title": "Source layer: Valuable cultural environment", "tooltip_body": "Valuable cultural-environment polygons.<br>Clipped to Bornholm DAGI Landsdel landmass." }, "geometry": { "type": "Polygon", "coordinates": [ [ [ 14.9361718364911, 55.028092177033166, 0.0 ], [ 14.934388127912245, 55.030136276712724, 0.0 ], [ 14.933051846168944, 55.030987526058453, 0.0 ], [ 14.93141453862842, 55.034053908484815, 0.0 ], [ 14.932302221994501, 55.035417848895861, 0.0 ], [ 14.933636150342517, 55.036100303493022, 0.0 ], [ 14.932444042155639, 55.039081806181919, 0.0 ], [ 14.932738721106098, 55.040274970022288, 0.0 ], [ 14.935405743940803, 55.042321525775236, 0.0 ], [ 14.939706615409502, 55.043516838399057, 0.0 ], [ 14.942674282510543, 55.0434334329018, 0.0 ], [ 14.94356594405938, 55.042496551449489, 0.0 ], [ 14.943568293598871, 55.041133278645681, 0.0 ], [ 14.942828851265306, 55.039513930324297, 0.0 ], [ 14.94372093400812, 55.038150998648511, 0.0 ], [ 14.948319802647839, 55.038409028153261, 0.0 ], [ 14.950249154788342, 55.037813554959108, 0.0 ], [ 14.951883140308842, 55.036280461777444, 0.0 ], [ 14.954856288605715, 55.031339903648266, 0.0 ], [ 14.954561595438687, 55.029806100359103, 0.0 ], [ 14.953228691238634, 55.028186505611977, 0.0 ], [ 14.947743105949431, 55.026564904189918, 0.0 ], [ 14.942997392350788, 55.026221621438644, 0.0 ], [ 14.9361718364911, 55.028092177033166, 0.0 ] ] ] } },
{ "type": "Feature", "properties": { "layer_id": "valuable_cultural_environment", "label": "Valuable cultural environment", "tooltip_title": "Source layer: Valuable cultural environment", "tooltip_body": "Valuable cultural-environment polygons.<br>Clipped to Bornholm DAGI Landsdel landmass." }, "geometry": { "type": "Polygon", "coordinates": [ [ [ 14.959270018516522, 55.213060333772823, 0.0 ], [ 14.959835191258779, 55.212335060421239, 0.0 ], [ 14.958848232119406, 55.211286761794831, 0.0 ], [ 14.952506657925264, 55.209108062411524, 0.0 ], [ 14.950955434388392, 55.209591220841432, 0.0 ], [ 14.950954429329215, 55.210520446336361, 0.0 ], [ 14.952534663612015, 55.210672430296654, 0.0 ], [ 14.954633415097108, 55.211380473253563, 0.0 ], [ 14.956619266632035, 55.212494565184336, 0.0 ], [ 14.956618862655272, 55.21288586326127, 0.0 ], [ 14.959270018516522, 55.213060333772823, 0.0 ] ] ] } },
{ "type": "Feature", "properties": { "layer_id": "valuable_cultural_environment", "label": "Valuable cultural environment", "tooltip_title": "Source layer: Valuable cultural environment", "tooltip_body": "Valuable cultural-environment polygons.<br>Clipped to Bornholm DAGI Landsdel landmass." }, "geometry": { "type": "Polygon", "coordinates": [ [ [ 14.989045050651731, 55.194146740049419, 0.0 ], [ 14.991422516179886, 55.192701154768969, 0.0 ], [ 14.994228487205337, 55.191623467982787, 0.0 ], [ 14.995916515806741, 55.191616097503839, 0.0 ], [ 14.996454330857835, 55.191239599966572, 0.0 ], [ 14.996148736309374, 55.191022660058167, 0.0 ], [ 14.997791343018019, 55.190568860313384, 0.0 ], [ 14.995218929258517, 55.189688039982968, 0.0 ], [ 14.989583049370735, 55.189284740356065, 0.0 ], [ 14.987469665688009, 55.188156050601457, 0.0 ], [ 14.985497623992856, 55.18654354843644, 0.0 ], [ 14.983384581021957, 55.186220935874736, 0.0 ], [ 14.980989282846872, 55.18678487098564, 0.0 ], [ 14.979861816076394, 55.18759096092262, 0.0 ], [ 14.981270307442161, 55.189767615471574, 0.0 ], [ 14.983805599722968, 55.191621835190873, 0.0 ], [ 14.989045050651731, 55.194146740049419, 0.0 ] ] ] } },
{ "type": "Feature", "properties": { "layer_id": "valuable_cultural_environment", "label": "Valuable cultural environment", "tooltip_title": "Source layer: Valuable cultural environment", "tooltip_body": "Valuable cultural-environment polygons.<br>Clipped to Bornholm DAGI Landsdel landmass." }, "geometry": { "type": "Polygon", "coordinates": [ [ [ 14.959726064532369, 55.164587632573863, 0.0 ], [ 14.960378733223052, 55.165172874331361, 0.0 ], [ 14.961814993958663, 55.165497915630546, 0.0 ], [ 14.962017352736755, 55.165053310776372, 0.0 ], [ 14.964265349381863, 55.165284197467116, 0.0 ], [ 14.964807813341304, 55.164828832742778, 0.0 ], [ 14.96543186885792, 55.164820520764714, 0.0 ], [ 14.965457435148936, 55.165124474853613, 0.0 ], [ 14.966129873870941, 55.165302581493947, 0.0 ], [ 14.970134242251056, 55.16488259462956, 0.0 ], [ 14.970120683156894, 55.164594976709459, 0.0 ], [ 14.969373983959095, 55.164638059322726, 0.0 ], [ 14.969392767750877, 55.164019603472347, 0.0 ], [ 14.963625971396484, 55.164474142668027, 0.0 ], [ 14.963582874847663, 55.164041492762898, 0.0 ], [ 14.961852240750178, 55.16388442386905, 0.0 ], [ 14.96162036952623, 55.164416547352346, 0.0 ], [ 14.957852308639763, 55.163324823384322, 0.0 ], [ 14.95795710939041, 55.162924804372452, 0.0 ], [ 14.95577926898642, 55.162713863986895, 0.0 ], [ 14.956189023356263, 55.162424311286401, 0.0 ], [ 14.95579360778356, 55.162308198409924, 0.0 ], [ 14.95427160274509, 55.163115478578007, 0.0 ], [ 14.955948836017017, 55.163597315582955, 0.0 ], [ 14.956315902379831, 55.163372427405605, 0.0 ], [ 14.959726064532369, 55.164587632573863, 0.0 ] ] ] } },
{ "type": "Feature", "properties": { "layer_id": "valuable_cultural_environment", "label": "Valuable cultural environment", "tooltip_title": "Source layer: Valuable cultural environment", "tooltip_body": "Valuable cultural-environment polygons.<br>Clipped to Bornholm DAGI Landsdel landmass." }, "geometry": { "type": "Polygon", "coordinates": [ [ [ 15.011922161126909, 55.144724316182788, 0.0 ], [ 15.015302405360584, 55.143658758767373, 0.0 ], [ 15.017667567676051, 55.141431887462858, 0.0 ], [ 15.020709459104848, 55.140172790042321, 0.0 ], [ 15.023751816195206, 55.140172016014354, 0.0 ], [ 15.024934094791554, 55.138719616417873, 0.0 ], [ 15.023581214499263, 55.137945253722812, 0.0 ], [ 15.020200723197121, 55.136881104943917, 0.0 ], [ 15.015299271220242, 55.136204275339708, 0.0 ], [ 15.004821044278696, 55.136398978762863, 0.0 ], [ 15.000257928938051, 55.137561054538978, 0.0 ], [ 15.003807687687926, 55.141142937174294, 0.0 ], [ 15.006005738843076, 55.144337627461169, 0.0 ], [ 15.008372507055794, 55.145305575186953, 0.0 ], [ 15.011922161126909, 55.144724316182788, 0.0 ] ] ] } },
{ "type": "Feature", "properties": { "layer_id": "valuable_cultural_environment", "label": "Valuable cultural environment", "tooltip_title": "Source layer: Valuable cultural environment", "tooltip_body": "Valuable cultural-environment polygons.<br>Clipped to Bornholm DAGI Landsdel landmass." }, "geometry": { "type": "Polygon", "coordinates": [ [ [ 15.004250957380171, 55.025187942969644, 0.0 ], [ 15.000466856886337, 55.033095037533123, 0.0 ], [ 15.002915364649086, 55.034419011242633, 0.0 ], [ 15.006178745329663, 55.034418967394679, 0.0 ], [ 15.011086720361309, 55.032706986651192, 0.0 ], [ 15.020863145679694, 55.031606547779177, 0.0 ], [ 15.023053917363983, 55.030962324174752, 0.0 ], [ 15.025548341444782, 55.026086426835256, 0.0 ], [ 15.023753436673893, 55.024026363018763, 0.0 ], [ 15.022406536061949, 55.021322153764594, 0.0 ], [ 15.016130151929945, 55.020936927269886, 0.0 ], [ 15.009181070285816, 55.020036315071586, 0.0 ], [ 15.002488069666036, 55.020799432567578, 0.0 ], [ 15.004250957380171, 55.025187942969644, 0.0 ] ] ] } },
{ "type": "Feature", "properties": { "layer_id": "valuable_cultural_environment", "label": "Valuable cultural environment", "tooltip_title": "Source layer: Valuable cultural environment", "tooltip_body": "Valuable cultural-environment polygons.<br>Clipped to Bornholm DAGI Landsdel landmass." }, "geometry": { "type": "Polygon", "coordinates": [ [ [ 15.072485585677834, 55.155075526238313, 0.0 ], [ 15.073296651283311, 55.155462297327979, 0.0 ], [ 15.074160828197346, 55.155416743235733, 0.0 ], [ 15.074105523234454, 55.154710815205803, 0.0 ], [ 15.074344645752005, 55.154926024201664, 0.0 ], [ 15.076527513364644, 55.154343054576891, 0.0 ], [ 15.078701688390892, 55.154366980711899, 0.0 ], [ 15.079101579345831, 55.15378413371247, 0.0 ], [ 15.080966045036545, 55.153282294790245, 0.0 ], [ 15.081692522132771, 55.152704966031727, 0.0 ], [ 15.081121134139488, 55.152283740813942, 0.0 ], [ 15.075845108777367, 55.153818502478821, 0.0 ], [ 15.073214739806993, 55.154156962545358, 0.0 ], [ 15.073379630826773, 55.154378315926991, 0.0 ], [ 15.072517545054001, 55.154635440956795, 0.0 ], [ 15.072065750184581, 55.154392774438307, 0.0 ], [ 15.07070862265647, 55.154866234957083, 0.0 ], [ 15.070012850986759, 55.155801031110954, 0.0 ], [ 15.071791840646634, 55.156316273000563, 0.0 ], [ 15.072791928113006, 55.155552180740059, 0.0 ], [ 15.072485585677834, 55.155075526238313, 0.0 ] ] ] } },
{ "type": "Feature", "properties": { "layer_id": "valuable_cultural_environment", "label": "Valuable cultural environment", "tooltip_title": "Source layer: Valuable cultural environment", "tooltip_body": "Valuable cultural-environment polygons.<br>Clipped to Bornholm DAGI Landsdel landmass." }, "geometry": { "type": "MultiPolygon", "coordinates": [ [ [ [ 14.976605555705541, 55.208548667282372, 0.0 ], [ 14.975389166900882, 55.20933223972019, 0.0 ], [ 14.975320307778771, 55.210621204222313, 0.0 ], [ 14.973291911673382, 55.211223992642964, 0.0 ], [ 14.973053247341612, 55.210346195681893, 0.0 ], [ 14.974453953642008, 55.209868705161234, 0.0 ], [ 14.97472829157668, 55.210033577178699, 0.0 ], [ 14.975196205980758, 55.20911169046186, 0.0 ], [ 14.974485163420155, 55.209049763053422, 0.0 ], [ 14.973850557651316, 55.209501673927434, 0.0 ], [ 14.973453972425059, 55.209335244485246, 0.0 ], [ 14.972919277704426, 55.209591911306262, 0.0 ], [ 14.973023983551499, 55.209946087406834, 0.0 ], [ 14.972278053707887, 55.210183329036333, 0.0 ], [ 14.972298565619607, 55.209202765282527, 0.0 ], [ 14.973439394333262, 55.208878864360585, 0.0 ], [ 14.972810072598771, 55.208705862660203, 0.0 ], [ 14.972950168115055, 55.207597068216799, 0.0 ], [ 14.973924816808625, 55.207826115261767, 0.0 ], [ 14.974567956228064, 55.207673143116445, 0.0 ], [ 14.97407377119054, 55.207510882766272, 0.0 ], [ 14.974158508932028, 55.207153879646427, 0.0 ], [ 14.972800297991617, 55.206852118421999, 0.0 ], [ 14.972269755958889, 55.206077794480173, 0.0 ], [ 14.971752612173242, 55.20621106028694, 0.0 ], [ 14.971291658058755, 55.205395680488586, 0.0 ], [ 14.970826651058134, 55.205502882831787, 0.0 ], [ 14.971505668339049, 55.206297468491776, 0.0 ], [ 14.970931377202763, 55.207079612200268, 0.0 ], [ 14.970992028811992, 55.207976059154831, 0.0 ], [ 14.971733178604929, 55.208527835798449, 0.0 ], [ 14.969657404121795, 55.209731068517286, 0.0 ], [ 14.970010334489578, 55.21041202944901, 0.0 ], [ 14.969035899688333, 55.210179428085652, 0.0 ], [ 14.969111042033683, 55.210486890917359, 0.0 ], [ 14.968196143693417, 55.210818564177572, 0.0 ], [ 14.968777455074791, 55.211224340676786, 0.0 ], [ 14.968319704055878, 55.211392937518575, 0.0 ], [ 14.968680666636647, 55.212817356449676, 0.0 ], [ 14.96685698374081, 55.213450945588939, 0.0 ], [ 14.966477294645115, 55.213053090801964, 0.0 ], [ 14.966078639278299, 55.213426752829264, 0.0 ], [ 14.965040174714952, 55.213326006459987, 0.0 ], [ 14.964723057989705, 55.213698543833367, 0.0 ], [ 14.965935282394256, 55.21389835494395, 0.0 ], [ 14.965748274630799, 55.214068689812891, 0.0 ], [ 14.967668575880289, 55.214871075196989, 0.0 ], [ 14.969393503344765, 55.214679479656141, 0.0 ], [ 14.969887645162014, 55.214158458415604, 0.0 ], [ 14.970862171490403, 55.214075486647658, 0.0 ], [ 14.970616092567822, 55.213193188191909, 0.0 ], [ 14.971802156558677, 55.21310711822322, 0.0 ], [ 14.971706964555404, 55.212805397690708, 0.0 ], [ 14.97077147134301, 55.212648962498974, 0.0 ], [ 14.972744904425502, 55.211966809641822, 0.0 ], [ 14.973142549760738, 55.212204045714543, 0.0 ], [ 14.972377688156493, 55.212334447381195, 0.0 ], [ 14.972485687162136, 55.212625619913467, 0.0 ], [ 14.971866723839925, 55.212506212649842, 0.0 ], [ 14.972386587451272, 55.213273862402374, 0.0 ], [ 14.972931666422488, 55.213148849091112, 0.0 ], [ 14.972389191436703, 55.212763068813942, 0.0 ], [ 14.973271165655627, 55.212187102335058, 0.0 ], [ 14.972266216693825, 55.2113463230585, 0.0 ], [ 14.972996882317746, 55.211750235115758, 0.0 ], [ 14.975588049541662, 55.210754707155999, 0.0 ], [ 14.976104103920793, 55.21018346942823, 0.0 ], [ 14.976121907410478, 55.209078700258921, 0.0 ], [ 14.976981510856135, 55.20920507008465, 0.0 ], [ 14.976605555705541, 55.208548667282372, 0.0 ] ] ], [ [ [ 14.969670437178175, 55.207262905857597, 0.0 ], [ 14.969678959511494, 55.207015618033218, 0.0 ], [ 14.967250929387118, 55.20598745806312, 0.0 ], [ 14.966818045034213, 55.206207048701224, 0.0 ], [ 14.968223094725179, 55.206909380961498, 0.0 ], [ 14.966484558369338, 55.207490713486528, 0.0 ], [ 14.966744200636175, 55.207762561835303, 0.0 ], [ 14.968394338927425, 55.208116051835603, 0.0 ], [ 14.968280960093393, 55.207656600596685, 0.0 ], [ 14.96912143836737, 55.207172642823771, 0.0 ], [ 14.970413280238004, 55.207624907893518, 0.0 ], [ 14.970438650434859, 55.207273885142122, 0.0 ], [ 14.969670437178175, 55.207262905857597, 0.0 ] ] ] ] } },
{ "type": "Feature", "properties": { "layer_id": "valuable_cultural_environment", "label": "Valuable cultural environment", "tooltip_title": "Source layer: Valuable cultural environment", "tooltip_body": "Valuable cultural-environment polygons.<br>Clipped to Bornholm DAGI Landsdel landmass." }, "geometry": { "type": "Polygon", "coordinates": [ [ [ 15.067418545218432, 55.155521697045444, 0.0 ], [ 15.070271081357946, 55.154521016167983, 0.0 ], [ 15.070745194474572, 55.153430905871787, 0.0 ], [ 15.069473364995924, 55.151796794650899, 0.0 ], [ 15.067886281371164, 55.15107106217333, 0.0 ], [ 15.06407888798617, 55.150255942288176, 0.0 ], [ 15.06138420742773, 55.150983892074784, 0.0 ], [ 15.060275649603756, 55.152074284215622, 0.0 ], [ 15.060913852590504, 55.154344435795707, 0.0 ], [ 15.06361170997469, 55.155432860052812, 0.0 ], [ 15.067418545218432, 55.155521697045444, 0.0 ] ] ] } },
{ "type": "Feature", "properties": { "layer_id": "valuable_cultural_environment", "label": "Valuable cultural environment", "tooltip_title": "Source layer: Valuable cultural environment", "tooltip_body": "Valuable cultural-environment polygons.<br>Clipped to Bornholm DAGI Landsdel landmass." }, "geometry": { "type": "Polygon", "coordinates": [ [ [ 15.127538711145737, 55.060908808891583, 0.0 ], [ 15.126825249118543, 55.060464744679052, 0.0 ], [ 15.126554958726022, 55.060600852511818, 0.0 ], [ 15.127260712866642, 55.061038644564306, 0.0 ], [ 15.127538711145737, 55.060908808891583, 0.0 ] ] ] } },
{ "type": "Feature", "properties": { "layer_id": "valuable_cultural_environment", "label": "Valuable cultural environment", "tooltip_title": "Source layer: Valuable cultural environment", "tooltip_body": "Valuable cultural-environment polygons.<br>Clipped to Bornholm DAGI Landsdel landmass." }, "geometry": { "type": "Polygon", "coordinates": [ [ [ 14.972921961798511, 55.205562649523564, 0.0 ], [ 14.972056559124358, 55.204706939780685, 0.0 ], [ 14.97045395458353, 55.204466411948303, 0.0 ], [ 14.968965768670646, 55.204968883020818, 0.0 ], [ 14.968559402278617, 55.205887727326157, 0.0 ], [ 14.969389068740687, 55.206708170480383, 0.0 ], [ 14.970984134239005, 55.206964762605288, 0.0 ], [ 14.972439668932726, 55.206511931899406, 0.0 ], [ 14.972921961798511, 55.205562649523564, 0.0 ] ] ] } },
{ "type": "Feature", "properties": { "layer_id": "valuable_cultural_environment", "label": "Valuable cultural environment", "tooltip_title": "Source layer: Valuable cultural environment", "tooltip_body": "Valuable cultural-environment polygons.<br>Clipped to Bornholm DAGI Landsdel landmass." }, "geometry": { "type": "Polygon", "coordinates": [ [ [ 14.960685439911844, 55.206611542260291, 0.0 ], [ 14.959838382428064, 55.208062435315576, 0.0 ], [ 14.96138789414462, 55.209755768599926, 0.0 ], [ 14.964629949568131, 55.209917794776729, 0.0 ], [ 14.965758840691063, 55.208064004185282, 0.0 ], [ 14.962377256777854, 55.206370296278308, 0.0 ], [ 14.960685439911844, 55.206611542260291, 0.0 ] ] ] } },
{ "type": "Feature", "properties": { "layer_id": "valuable_cultural_environment", "label": "Valuable cultural environment", "tooltip_title": "Source layer: Valuable cultural environment", "tooltip_body": "Valuable cultural-environment polygons.<br>Clipped to Bornholm DAGI Landsdel landmass." }, "geometry": { "type": "Polygon", "coordinates": [ [ [ 14.966817878579683, 55.019775383605733, 0.0 ], [ 14.96405908275092, 55.025379192683815, 0.0 ], [ 14.964054364499665, 55.029895071661571, 0.0 ], [ 14.963014693852461, 55.031428389685765, 0.0 ], [ 14.958860607352189, 55.031852863502166, 0.0 ], [ 14.958561132580247, 55.034323732251302, 0.0 ], [ 14.966753259695841, 55.03882271312672, 0.0 ], [ 14.973116197215822, 55.038609835389806, 0.0 ], [ 14.974240447532289, 55.036675395449336, 0.0 ], [ 14.973988812462395, 55.034243764234908, 0.0 ], [ 14.973099945775198, 55.032965413843662, 0.0 ], [ 14.974139105464941, 55.031943320659408, 0.0 ], [ 14.979034203225178, 55.031689045042533, 0.0 ], [ 14.982148854321132, 55.032371414226631, 0.0 ], [ 14.992592964724402, 55.033559162441676, 0.0 ], [ 15.000216266249122, 55.032528876182305, 0.0 ], [ 15.003802639030816, 55.025831916221776, 0.0 ], [ 15.00268109143315, 55.020938164187527, 0.0 ], [ 14.993939678225182, 55.013855174677111, 0.0 ], [ 14.973321145051784, 55.014625420732763, 0.0 ], [ 14.966817878579683, 55.019775383605733, 0.0 ] ] ] } },
{ "type": "Feature", "properties": { "layer_id": "valuable_cultural_environment", "label": "Valuable cultural environment", "tooltip_title": "Source layer: Valuable cultural environment", "tooltip_body": "Valuable cultural-environment polygons.<br>Clipped to Bornholm DAGI Landsdel landmass." }, "geometry": { "type": "MultiPolygon", "coordinates": [ [ [ [ 15.13966422911424, 55.141142111321876, 0.0 ], [ 15.139132666410417, 55.140746687798675, 0.0 ], [ 15.139385738287087, 55.140085587537591, 0.0 ], [ 15.13979101548564, 55.140134001947551, 0.0 ], [ 15.139499457593638, 55.13945764473754, 0.0 ], [ 15.140283811542311, 55.139470494080705, 0.0 ], [ 15.139737041896032, 55.138931759813921, 0.0 ], [ 15.140157724530239, 55.138809730425244, 0.0 ], [ 15.140644342943663, 55.139227771492195, 0.0 ], [ 15.140267054505525, 55.139153026400301, 0.0 ], [ 15.140448337713824, 55.139777578150515, 0.0 ], [ 15.140871346064891, 55.139360539652365, 0.0 ], [ 15.142500487310931, 55.140368374606027, 0.0 ], [ 15.143207967424145, 55.140190767209148, 0.0 ], [ 15.144178847138251, 55.140861899479894, 0.0 ], [ 15.145269963510808, 55.140846656475112, 0.0 ], [ 15.145140187030968, 55.140532496720148, 0.0 ], [ 15.145790187180973, 55.140232983568048, 0.0 ], [ 15.145359146370952, 55.139756862447861, 0.0 ], [ 15.145872267346236, 55.139803106877089, 0.0 ], [ 15.14601539906608, 55.139328810318283, 0.0 ], [ 15.14569554927056, 55.138877497011173, 0.0 ], [ 15.146347728686424, 55.138930565159008, 0.0 ], [ 15.145864397416496, 55.137918729374952, 0.0 ], [ 15.146497100040559, 55.137998536719493, 0.0 ], [ 15.14585358069856, 55.137829234067333, 0.0 ], [ 15.146359266852826, 55.137078466918041, 0.0 ], [ 15.145835881018636, 55.136831915539631, 0.0 ], [ 15.146054425495279, 55.136356135846157, 0.0 ], [ 15.145792047354522, 55.136471261753549, 0.0 ], [ 15.146454014626144, 55.135988898300468, 0.0 ], [ 15.145380557474557, 55.136371341370577, 0.0 ], [ 15.145182819502542, 55.136181481165664, 0.0 ], [ 15.145269466982654, 55.136458182387791, 0.0 ], [ 15.144629997022692, 55.136640105811509, 0.0 ], [ 15.144488976225114, 55.136060372221898, 0.0 ], [ 15.144084104886296, 55.136032388525102, 0.0 ], [ 15.144709095746553, 55.135265292550237, 0.0 ], [ 15.14507051490423, 55.135915118795168, 0.0 ], [ 15.144692969766666, 55.136122955168808, 0.0 ], [ 15.145384069385091, 55.13591655070914, 0.0 ], [ 15.145523065655205, 55.134465126666051, 0.0 ], [ 15.145715251171799, 55.134129624394639, 0.0 ], [ 15.146206317479301, 55.134297279018845, 0.0 ], [ 15.145982559407715, 55.133793110478216, 0.0 ], [ 15.147189027946386, 55.133808340270591, 0.0 ], [ 15.147512508574136, 55.133380157048009, 0.0 ], [ 15.149404673498944, 55.133645501295717, 0.0 ], [ 15.150058067369873, 55.133269072917905, 0.0 ], [ 15.149899369257033, 55.132577747145206, 0.0 ], [ 15.150379965476276, 55.132389344624322, 0.0 ], [ 15.152135953079361, 55.133101314296944, 0.0 ], [ 15.153239786359212, 55.132854486209133, 0.0 ], [ 15.15316535093924, 55.133217260844233, 0.0 ], [ 15.154046013527299, 55.133400976600896, 0.0 ], [ 15.154585274650708, 55.132793495125767, 0.0 ], [ 15.154071092396869, 55.132795965315246, 0.0 ], [ 15.153994004205625, 55.132380180947422, 0.0 ], [ 15.154524520083747, 55.132202737637627, 0.0 ], [ 15.154662631390543, 55.131433205259533, 0.0 ], [ 15.15421513413871, 55.13152832849849, 0.0 ], [ 15.153712507846187, 55.130964839316626, 0.0 ], [ 15.152583974905481, 55.131048588604308, 0.0 ], [ 15.153140755965634, 55.13077464439278, 0.0 ], [ 15.152878820362458, 55.130427746220562, 0.0 ], [ 15.154130179757031, 55.130733395521929, 0.0 ], [ 15.15380931273322, 55.130526457131381, 0.0 ], [ 15.154253798518171, 55.130508519434045, 0.0 ], [ 15.152701599808307, 55.12960544860664, 0.0 ], [ 15.152760230229257, 55.129240053545473, 0.0 ], [ 15.153898548624372, 55.129136888765473, 0.0 ], [ 15.152582112436074, 55.128331450050375, 0.0 ], [ 15.147243547751248, 55.128849491473389, 0.0 ], [ 15.139104686610542, 55.1329846473648, 0.0 ], [ 15.136346274671078, 55.138026435598469, 0.0 ], [ 15.137465652817061, 55.140749737573735, 0.0 ], [ 15.139101906744692, 55.141067353182187, 0.0 ], [ 15.139350817789708, 55.141354406213786, 0.0 ], [ 15.13966422911424, 55.141142111321876, 0.0 ] ] ], [ [ [ 15.145488948833394, 55.135755365455026, 0.0 ], [ 15.145713913321735, 55.13574244834038, 0.0 ], [ 15.145765533868339, 55.13568296969504, 0.0 ], [ 15.145488948833394, 55.135755365455026, 0.0 ] ] ] ] } },
{ "type": "Feature", "properties": { "layer_id": "valuable_cultural_environment", "label": "Valuable cultural environment", "tooltip_title": "Source layer: Valuable cultural environment", "tooltip_body": "Valuable cultural-environment polygons.<br>Clipped to Bornholm DAGI Landsdel landmass." }, "geometry": { "type": "Polygon", "coordinates": [ [ [ 15.066659051520876, 55.042889836790209, 0.0 ], [ 15.065775788065224, 55.04147475567229, 0.0 ], [ 15.064096365436374, 55.040459060068144, 0.0 ], [ 15.06183703294179, 55.039867708821554, 0.0 ], [ 15.05933040202606, 55.039787754154176, 0.0 ], [ 15.056945465670877, 55.040230967422339, 0.0 ], [ 15.055033319025831, 55.04113210668887, 0.0 ], [ 15.053875503519127, 55.042358512740499, 0.0 ], [ 15.053642557398325, 55.043729626519536, 0.0 ], [ 15.054368872605471, 55.045043563110639, 0.0 ], [ 15.055947578539147, 55.046106836349722, 0.0 ], [ 15.058146235669126, 55.046762858247121, 0.0 ], [ 15.06086992328582, 55.04690246691522, 0.0 ], [ 15.063268695040948, 55.046482097843217, 0.0 ], [ 15.065209202949807, 55.045599214097493, 0.0 ], [ 15.066405706153907, 55.044383842515508, 0.0 ], [ 15.066659051520876, 55.042889836790209, 0.0 ] ] ] } },
{ "type": "Feature", "properties": { "layer_id": "valuable_cultural_environment", "label": "Valuable cultural environment", "tooltip_title": "Source layer: Valuable cultural environment", "tooltip_body": "Valuable cultural-environment polygons.<br>Clipped to Bornholm DAGI Landsdel landmass." }, "geometry": { "type": "MultiPolygon", "coordinates": [ [ [ [ 15.142019732841623, 55.071993978634964, 0.0 ], [ 15.140322787062797, 55.070636137949329, 0.0 ], [ 15.139473383320841, 55.071224061692547, 0.0 ], [ 15.135694836882791, 55.068424741154253, 0.0 ], [ 15.134758513314591, 55.064027260334605, 0.0 ], [ 15.134284309060865, 55.063973534233803, 0.0 ], [ 15.134279542480552, 55.063210759745061, 0.0 ], [ 15.133602010213535, 55.062625440663439, 0.0 ], [ 15.133132529889592, 55.06266574552032, 0.0 ], [ 15.132896530413147, 55.062030636189135, 0.0 ], [ 15.133223137197005, 55.062038704932476, 0.0 ], [ 15.133614518761734, 55.060472626442873, 0.0 ], [ 15.133044684699973, 55.059115693707412, 0.0 ], [ 15.13223944497877, 55.058629839410507, 0.0 ], [ 15.12852577836475, 55.057726397403989, 0.0 ], [ 15.123861288205498, 55.053465038923562, 0.0 ], [ 15.123574073236462, 55.053573362380796, 0.0 ], [ 15.127151960529703, 55.056532156845108, 0.0 ], [ 15.128079137850722, 55.059117414316844, 0.0 ], [ 15.12886845658959, 55.059153981589063, 0.0 ], [ 15.12899611461679, 55.059408472208538, 0.0 ], [ 15.127797575237937, 55.059873580697939, 0.0 ], [ 15.127294920623525, 55.059532592742897, 0.0 ], [ 15.126250449852845, 55.059547709227722, 0.0 ], [ 15.125213396741017, 55.058656265341234, 0.0 ], [ 15.124515762235054, 55.05894765830201, 0.0 ], [ 15.125980707174316, 55.059780492749184, 0.0 ], [ 15.125305551462214, 55.06012549989498, 0.0 ], [ 15.125752849837038, 55.060424720791687, 0.0 ], [ 15.123976607417442, 55.060705383200265, 0.0 ], [ 15.123816707801536, 55.061444230889997, 0.0 ], [ 15.12520586295088, 55.061597848542249, 0.0 ], [ 15.125337378640147, 55.061856109672448, 0.0 ], [ 15.126212603254327, 55.061601305624649, 0.0 ], [ 15.126747104353274, 55.062379102206762, 0.0 ], [ 15.126275735160878, 55.062843030852108, 0.0 ], [ 15.126642710268239, 55.063147116229089, 0.0 ], [ 15.125994411091924, 55.063160047241517, 0.0 ], [ 15.126494327280792, 55.063338654931556, 0.0 ], [ 15.126093375530296, 55.063747252371392, 0.0 ], [ 15.128601973807903, 55.063906785904166, 0.0 ], [ 15.12885185626347, 55.06415816364207, 0.0 ], [ 15.128374742215197, 55.065769160769932, 0.0 ], [ 15.13066613132475, 55.065977445098625, 0.0 ], [ 15.131526513906071, 55.066805386357814, 0.0 ], [ 15.132300011638183, 55.066870737917426, 0.0 ], [ 15.132182794214406, 55.067665969822933, 0.0 ], [ 15.13319844598286, 55.067697825721936, 0.0 ], [ 15.133461137101728, 55.067980152487962, 0.0 ], [ 15.133222217494776, 55.068303416304715, 0.0 ], [ 15.131895772477987, 55.06819929865442, 0.0 ], [ 15.132239168162215, 55.068375711404144, 0.0 ], [ 15.131827039585453, 55.068879076824722, 0.0 ], [ 15.130818390052079, 55.069267259772325, 0.0 ], [ 15.132564877536387, 55.070008994261315, 0.0 ], [ 15.132988562972782, 55.069384656134467, 0.0 ], [ 15.132652906892503, 55.069194347677502, 0.0 ], [ 15.133633655190533, 55.0685734505509, 0.0 ], [ 15.135017820393136, 55.068742702421325, 0.0 ], [ 15.134998167012737, 55.069091888738953, 0.0 ], [ 15.135913233257678, 55.069128539256958, 0.0 ], [ 15.136076856731545, 55.069516538656096, 0.0 ], [ 15.136440576608862, 55.069349031992807, 0.0 ], [ 15.137164872661918, 55.069820951720558, 0.0 ], [ 15.139034590011439, 55.071829199818339, 0.0 ], [ 15.139835945636312, 55.071508435668719, 0.0 ], [ 15.141029958062507, 55.072371117014171, 0.0 ], [ 15.142019732841623, 55.071993978634964, 0.0 ] ] ], [ [ [ 15.128967989936569, 55.066876056068374, 0.0 ], [ 15.12787493544942, 55.066579751135087, 0.0 ], [ 15.127757842641596, 55.066138519235004, 0.0 ], [ 15.124922408378769, 55.066668525930083, 0.0 ], [ 15.125465049511607, 55.068493820749573, 0.0 ], [ 15.123594125576172, 55.069070172245645, 0.0 ], [ 15.124682929786518, 55.070097957655733, 0.0 ], [ 15.126577054740833, 55.069002499718437, 0.0 ], [ 15.125727051748923, 55.067384336926267, 0.0 ], [ 15.12759501687224, 55.066916238947179, 0.0 ], [ 15.126780283310099, 55.068116672746136, 0.0 ], [ 15.127188774758944, 55.068607208199381, 0.0 ], [ 15.128147900434421, 55.068287828283971, 0.0 ], [ 15.128177837041715, 55.067957214014356, 0.0 ], [ 15.129964555556059, 55.067695867331253, 0.0 ], [ 15.128967989936569, 55.066876056068374, 0.0 ] ] ] ] } },
{ "type": "Feature", "properties": { "layer_id": "valuable_cultural_environment", "label": "Valuable cultural environment", "tooltip_title": "Source layer: Valuable cultural environment", "tooltip_body": "Valuable cultural-environment polygons.<br>Clipped to Bornholm DAGI Landsdel landmass." }, "geometry": { "type": "Polygon", "coordinates": [ [ [ 15.145005664379754, 55.104009066696641, 0.0 ], [ 15.143149420122317, 55.103136247124922, 0.0 ], [ 15.142120925283823, 55.104360293408327, 0.0 ], [ 15.142807784738363, 55.104474102506742, 0.0 ], [ 15.143179537912694, 55.105316724167686, 0.0 ], [ 15.143834978643952, 55.105479300493613, 0.0 ], [ 15.143431315540456, 55.107524970796064, 0.0 ], [ 15.142576246297169, 55.107720598783622, 0.0 ], [ 15.143080528713607, 55.107868229125415, 0.0 ], [ 15.143031280031774, 55.108487783359095, 0.0 ], [ 15.142639953558371, 55.10886262578471, 0.0 ], [ 15.140315338014338, 55.109405155753862, 0.0 ], [ 15.140517906390519, 55.109852773835108, 0.0 ], [ 15.142079349493036, 55.109934497752199, 0.0 ], [ 15.14239061807508, 55.112272098196044, 0.0 ], [ 15.143180607253951, 55.112094894931246, 0.0 ], [ 15.143087085188439, 55.110849206780124, 0.0 ], [ 15.144183377826154, 55.11082829515788, 0.0 ], [ 15.143907083722546, 55.109990027101531, 0.0 ], [ 15.143340152856371, 55.109981444482997, 0.0 ], [ 15.143791319951024, 55.10972485839897, 0.0 ], [ 15.143232383409734, 55.108935921917933, 0.0 ], [ 15.143629701848699, 55.107803515898567, 0.0 ], [ 15.144802724714964, 55.107858130276206, 0.0 ], [ 15.144815256821113, 55.107563236385658, 0.0 ], [ 15.145789898500155, 55.107488317932464, 0.0 ], [ 15.14596229411611, 55.107726559325044, 0.0 ], [ 15.14617417972697, 55.107472731346078, 0.0 ], [ 15.148445684237602, 55.107528805525533, 0.0 ], [ 15.148420845836361, 55.106914763230336, 0.0 ], [ 15.146872911725309, 55.107145338505589, 0.0 ], [ 15.146511274751004, 55.106616732758006, 0.0 ], [ 15.147306566254034, 55.105519713429231, 0.0 ], [ 15.145134387474538, 55.104964115156136, 0.0 ], [ 15.145005664379754, 55.104009066696641, 0.0 ] ] ] } },
{ "type": "Feature", "properties": { "layer_id": "valuable_cultural_environment", "label": "Valuable cultural environment", "tooltip_title": "Source layer: Valuable cultural environment", "tooltip_body": "Valuable cultural-environment polygons.<br>Clipped to Bornholm DAGI Landsdel landmass." }, "geometry": { "type": "Polygon", "coordinates": [ [ [ 15.07824913908151, 55.06189140769493, 0.0 ], [ 15.077426846614934, 55.060711908964009, 0.0 ], [ 15.075832372778182, 55.059871877897059, 0.0 ], [ 15.073672984055349, 55.059390854456986, 0.0 ], [ 15.071266587450683, 55.059339646870825, 0.0 ], [ 15.06896743506209, 55.059725792979826, 0.0 ], [ 15.067114005014894, 55.060492451560656, 0.0 ], [ 15.065979195339871, 55.061526762561449, 0.0 ], [ 15.065730145920245, 55.062676450519575, 0.0 ], [ 15.066403601934164, 55.063772234642286, 0.0 ], [ 15.067900461255874, 55.064652752343292, 0.0 ], [ 15.070000332558013, 55.065188327535985, 0.0 ], [ 15.072614059010768, 55.065288136270198, 0.0 ], [ 15.074926023560776, 55.064921031887721, 0.0 ], [ 15.076806347551548, 55.064169472777884, 0.0 ], [ 15.077978154698847, 55.063144146759612, 0.0 ], [ 15.07824913908151, 55.06189140769493, 0.0 ] ] ] } },
{ "type": "Feature", "properties": { "layer_id": "valuable_cultural_environment", "label": "Valuable cultural environment", "tooltip_title": "Source layer: Valuable cultural environment", "tooltip_body": "Valuable cultural-environment polygons.<br>Clipped to Bornholm DAGI Landsdel landmass." }, "geometry": { "type": "Polygon", "coordinates": [ [ [ 15.077732693607082, 55.064304178393108, 0.0 ], [ 15.063488906022204, 55.068657046829152, 0.0 ], [ 15.057159741683272, 55.069289128837447, 0.0 ], [ 15.054293794629015, 55.070742844753447, 0.0 ], [ 15.054146507143184, 55.072149283423208, 0.0 ], [ 15.046630341808291, 55.077437658426696, 0.0 ], [ 15.036920539327255, 55.07624976665447, 0.0 ], [ 15.025486568234315, 55.076252376054846, 0.0 ], [ 15.022071789490772, 55.076934552677194, 0.0 ], [ 15.021478971875242, 55.079575897912761, 0.0 ], [ 15.022371879581847, 55.082813380545481, 0.0 ], [ 15.024601379827997, 55.085709907998954, 0.0 ], [ 15.028465258511781, 55.088861783959757, 0.0 ], [ 15.032180590401621, 55.091076187194851, 0.0 ], [ 15.035301123628233, 55.092183178190382, 0.0 ], [ 15.044959586169703, 55.094565762844148, 0.0 ], [ 15.055656502957275, 55.095158166939598, 0.0 ], [ 15.059814173934578, 55.093707772122926, 0.0 ], [ 15.073166784328462, 55.084328942784623, 0.0 ], [ 15.075537988453604, 55.081601202056632, 0.0 ], [ 15.075088069504526, 55.079130561160795, 0.0 ], [ 15.073896887582897, 55.077342153592873, 0.0 ], [ 15.074634542364414, 55.074785589618664, 0.0 ], [ 15.076563966148404, 55.074273179684731, 0.0 ], [ 15.084730029829196, 55.07409785743102, 0.0 ], [ 15.088440681798748, 55.073413616975323, 0.0 ], [ 15.090515378335319, 55.07162314208324, 0.0 ], [ 15.090953171367953, 55.068299959148739, 0.0 ], [ 15.088424117808556, 55.065830980107478, 0.0 ], [ 15.085154179709241, 55.063958803968681, 0.0 ], [ 15.078918267243807, 55.063281184210283, 0.0 ], [ 15.077732693607082, 55.064304178393108, 0.0 ] ] ] } },
{ "type": "Feature", "properties": { "layer_id": "valuable_cultural_environment", "label": "Valuable cultural environment", "tooltip_title": "Source layer: Valuable cultural environment", "tooltip_body": "Valuable cultural-environment polygons.<br>Clipped to Bornholm DAGI Landsdel landmass." }, "geometry": { "type": "Polygon", "coordinates": [ [ [ 15.007047903518327, 55.002553953283659, 0.0 ], [ 15.00682436888196, 55.004228145526852, 0.0 ], [ 15.00738478613723, 55.005966763938723, 0.0 ], [ 15.008841813680428, 55.007833993639174, 0.0 ], [ 15.013996961981251, 55.011053013094248, 0.0 ], [ 15.01915172375292, 55.012468988788868, 0.0 ], [ 15.031701479923033, 55.01233708874441, 0.0 ], [ 15.037865201213656, 55.012979187688536, 0.0 ], [ 15.043579853514938, 55.013105844065883, 0.0 ], [ 15.051981231295169, 55.011041793262621, 0.0 ], [ 15.05495053425293, 55.009019861154819, 0.0 ], [ 15.054204302161992, 55.004930544264425, 0.0 ], [ 15.051968346661196, 55.001511744471948, 0.0 ], [ 15.049166706764817, 55.000804782904488, 0.0 ], [ 15.02878011759611, 55.0017776794772, 0.0 ], [ 15.013544790917344, 55.001394084489618, 0.0 ], [ 15.008391939040177, 55.001587814152387, 0.0 ], [ 15.007047903518327, 55.002553953283659, 0.0 ] ] ] } },
{ "type": "Feature", "properties": { "layer_id": "valuable_cultural_environment", "label": "Valuable cultural environment", "tooltip_title": "Source layer: Valuable cultural environment", "tooltip_body": "Valuable cultural-environment polygons.<br>Clipped to Bornholm DAGI Landsdel landmass." }, "geometry": { "type": "MultiPolygon", "coordinates": [ [ [ [ 15.149616707491882, 55.132134105443065, 0.0 ], [ 15.149149324954529, 55.131051329295886, 0.0 ], [ 15.147679973447621, 55.130970053942058, 0.0 ], [ 15.148249570716445, 55.129602273061927, 0.0 ], [ 15.147194872359851, 55.129555911055967, 0.0 ], [ 15.146893886401733, 55.129214220225734, 0.0 ], [ 15.146192019832212, 55.130798669310018, 0.0 ], [ 15.145550394969879, 55.131221843673401, 0.0 ], [ 15.145074414414681, 55.131138514317769, 0.0 ], [ 15.144780396158041, 55.132768581325806, 0.0 ], [ 15.142674252636427, 55.13266634451962, 0.0 ], [ 15.143173293482642, 55.133407989099872, 0.0 ], [ 15.142779503538335, 55.134090535986296, 0.0 ], [ 15.14026363049242, 55.133676547031797, 0.0 ], [ 15.140051261764317, 55.134218987207312, 0.0 ], [ 15.140821827252624, 55.134450415523844, 0.0 ], [ 15.139477582093285, 55.135562435396281, 0.0 ], [ 15.138807033536102, 55.135336566533098, 0.0 ], [ 15.137478480785878, 55.136622450640338, 0.0 ], [ 15.136543213526195, 55.136596426787044, 0.0 ], [ 15.136456396012905, 55.136820607469645, 0.0 ], [ 15.137529904771057, 55.136983892355481, 0.0 ], [ 15.135684688503487, 55.138039608098936, 0.0 ], [ 15.135734104076866, 55.138885218538533, 0.0 ], [ 15.134685070179227, 55.139214020905428, 0.0 ], [ 15.134964572445122, 55.140039092623468, 0.0 ], [ 15.134355693255982, 55.140475493254819, 0.0 ], [ 15.133482459186599, 55.140089202797228, 0.0 ], [ 15.132170532273083, 55.140554708180019, 0.0 ], [ 15.132465754866855, 55.14080812439196, 0.0 ], [ 15.133532500405835, 55.140685905134987, 0.0 ], [ 15.133875268284871, 55.141206232503293, 0.0 ], [ 15.135609728238995, 55.140812193178583, 0.0 ], [ 15.135443665205868, 55.140130860765801, 0.0 ], [ 15.136419133221452, 55.139977480527769, 0.0 ], [ 15.13694928551965, 55.138581055069665, 0.0 ], [ 15.137517170605058, 55.138462580363758, 0.0 ], [ 15.138363790450045, 55.139139313175747, 0.0 ], [ 15.138673894792017, 55.139094282611552, 0.0 ], [ 15.139092993460405, 55.138438565815392, 0.0 ], [ 15.140121522059882, 55.138604373377838, 0.0 ], [ 15.139825104695948, 55.138026162310545, 0.0 ], [ 15.140828797692365, 55.138910047782318, 0.0 ], [ 15.142249000332647, 55.139014339521403, 0.0 ], [ 15.142531185925444, 55.139491787700393, 0.0 ], [ 15.143086280094913, 55.139470819673882, 0.0 ], [ 15.142655118569662, 55.139773654699589, 0.0 ], [ 15.14369351793618, 55.139831873126624, 0.0 ], [ 15.143581787359249, 55.139204076020235, 0.0 ], [ 15.144960739344404, 55.138775749652794, 0.0 ], [ 15.144951276105926, 55.13773182279769, 0.0 ], [ 15.14576688007325, 55.137138672137041, 0.0 ], [ 15.145333948516059, 55.136707128672725, 0.0 ], [ 15.146455956249117, 55.135988252247373, 0.0 ], [ 15.145392202967825, 55.136366339873895, 0.0 ], [ 15.145182757121853, 55.136181277268669, 0.0 ], [ 15.145265470439899, 55.136451631449759, 0.0 ], [ 15.144629997022692, 55.136640105811509, 0.0 ], [ 15.144496291717767, 55.136060423788038, 0.0 ], [ 15.144084104886296, 55.136032388525102, 0.0 ], [ 15.144745438675487, 55.135297129314083, 0.0 ], [ 15.14507051490423, 55.135915118795168, 0.0 ], [ 15.144692969766666, 55.136122955168808, 0.0 ], [ 15.145369880519368, 55.135928871020113, 0.0 ], [ 15.145588774147823, 55.135306041888107, 0.0 ], [ 15.144896633807965, 55.134813961968995, 0.0 ], [ 15.144874330062956, 55.134013890534085, 0.0 ], [ 15.147478867343573, 55.132791179054777, 0.0 ], [ 15.148509827567063, 55.132571045289303, 0.0 ], [ 15.148768405592953, 55.132896331950121, 0.0 ], [ 15.149312822539326, 55.132749723347878, 0.0 ], [ 15.148981015609307, 55.132269670791544, 0.0 ], [ 15.149616707491882, 55.132134105443065, 0.0 ] ], [ [ 15.13799959093153, 55.138754604071899, 0.0 ], [ 15.138218570472292, 55.138712920259294, 0.0 ], [ 15.138218726440803, 55.138712912374963, 0.0 ], [ 15.13799959093153, 55.138754604071899, 0.0 ] ] ], [ [ [ 15.15280373087557, 55.131569157279699, 0.0 ], [ 15.152355419477223, 55.131364876554123, 0.0 ], [ 15.15142430430295, 55.131443480478282, 0.0 ], [ 15.151562345559199, 55.13186031946092, 0.0 ], [ 15.15280373087557, 55.131569157279699, 0.0 ] ] ], [ [ [ 15.134520339923615, 55.137345595210085, 0.0 ], [ 15.1340517364322, 55.137060334257612, 0.0 ], [ 15.13343117071339, 55.137358296572188, 0.0 ], [ 15.134109355907464, 55.13772157396, 0.0 ], [ 15.134520339923615, 55.137345595210085, 0.0 ] ] ] ] } },
{ "type": "Feature", "properties": { "layer_id": "valuable_cultural_environment", "label": "Valuable cultural environment", "tooltip_title": "Source layer: Valuable cultural environment", "tooltip_body": "Valuable cultural-environment polygons.<br>Clipped to Bornholm DAGI Landsdel landmass." }, "geometry": { "type": "Polygon", "coordinates": [ [ [ 15.143908468211409, 55.076423072065808, 0.0 ], [ 15.147110196253694, 55.07450302897626, 0.0 ], [ 15.143982069116221, 55.072592176460425, 0.0 ], [ 15.141635262543023, 55.073095121733218, 0.0 ], [ 15.142073142732757, 55.074245667087979, 0.0 ], [ 15.140065026127312, 55.074575028624452, 0.0 ], [ 15.138889637500444, 55.073909397080179, 0.0 ], [ 15.1384925159022, 55.074490813602409, 0.0 ], [ 15.139449480305251, 55.075695600364803, 0.0 ], [ 15.14083438608848, 55.074970634591523, 0.0 ], [ 15.143423293374704, 55.075799153642791, 0.0 ], [ 15.143908468211409, 55.076423072065808, 0.0 ] ] ] } },
{ "type": "Feature", "properties": { "layer_id": "valuable_cultural_environment", "label": "Valuable cultural environment", "tooltip_title": "Source layer: Valuable cultural environment", "tooltip_body": "Valuable cultural-environment polygons.<br>Clipped to Bornholm DAGI Landsdel landmass." }, "geometry": { "type": "MultiPolygon", "coordinates": [ [ [ [ 15.147243547751248, 55.128849491473389, 0.0 ], [ 15.152582112436074, 55.128331450050375, 0.0 ], [ 15.151849910341122, 55.12771394005506, 0.0 ], [ 15.15364021840251, 55.127041079941691, 0.0 ], [ 15.152736313569907, 55.126682418446556, 0.0 ], [ 15.153004584038781, 55.12602906548009, 0.0 ], [ 15.153881713494762, 55.126092209277424, 0.0 ], [ 15.153706017063419, 55.12574292307837, 0.0 ], [ 15.154467560993009, 55.125565292690759, 0.0 ], [ 15.154579571093077, 55.125121360025993, 0.0 ], [ 15.154235521142795, 55.12510856048997, 0.0 ], [ 15.154936156679025, 55.124858263086757, 0.0 ], [ 15.155198496997908, 55.124174794902821, 0.0 ], [ 15.154499896107925, 55.123633215610667, 0.0 ], [ 15.155885039414891, 55.123781914030523, 0.0 ], [ 15.15559766271806, 55.123112754493349, 0.0 ], [ 15.15516124239182, 55.123250588247139, 0.0 ], [ 15.155040551893498, 55.122744631111502, 0.0 ], [ 15.154524136521385, 55.122733714978551, 0.0 ], [ 15.155014011690026, 55.122452615635837, 0.0 ], [ 15.154307163351271, 55.122310345921804, 0.0 ], [ 15.154636838740473, 55.122091755450263, 0.0 ], [ 15.153327223655605, 55.122455015799915, 0.0 ], [ 15.152345463143245, 55.122364937302216, 0.0 ], [ 15.152172118625113, 55.121891180929204, 0.0 ], [ 15.151780606063742, 55.122080752557494, 0.0 ], [ 15.151542058700294, 55.121841170115275, 0.0 ], [ 15.151541738024799, 55.121243785271133, 0.0 ], [ 15.150720472360517, 55.121519205401242, 0.0 ], [ 15.147123182904775, 55.120326097528398, 0.0 ], [ 15.147088196441233, 55.119913672113462, 0.0 ], [ 15.148055599901751, 55.119296691365285, 0.0 ], [ 15.146917120368661, 55.119242151304604, 0.0 ], [ 15.146816459685098, 55.118792982326873, 0.0 ], [ 15.147431956760888, 55.118586861560409, 0.0 ], [ 15.14682165833084, 55.118553565385604, 0.0 ], [ 15.146581439109253, 55.118169270357029, 0.0 ], [ 15.146792255469123, 55.117867487330223, 0.0 ], [ 15.148392853537304, 55.117846397663612, 0.0 ], [ 15.148228892870534, 55.11746157474478, 0.0 ], [ 15.147455347341609, 55.117548293402052, 0.0 ], [ 15.148126146146039, 55.116908242600125, 0.0 ], [ 15.147098043426364, 55.116662267286017, 0.0 ], [ 15.145779272677254, 55.11549194220234, 0.0 ], [ 15.145075544813697, 55.11544779329396, 0.0 ], [ 15.145614347897599, 55.114986870384215, 0.0 ], [ 15.14525011350584, 55.114703740038337, 0.0 ], [ 15.143765968511484, 55.114307329791345, 0.0 ], [ 15.14323261688939, 55.1130934462388, 0.0 ], [ 15.143941040483488, 55.112322241734788, 0.0 ], [ 15.143280596603281, 55.112268839131289, 0.0 ], [ 15.142264278810758, 55.113500908635224, 0.0 ], [ 15.144133911091055, 55.116693655544516, 0.0 ], [ 15.143974402141819, 55.11921085712757, 0.0 ], [ 15.144658031735386, 55.121436867320888, 0.0 ], [ 15.146863181205351, 55.123757648573964, 0.0 ], [ 15.147243547751248, 55.128849491473389, 0.0 ] ] ], [ [ [ 15.145849675119047, 55.115444618989734, 0.0 ], [ 15.145833942008954, 55.115284419120684, 0.0 ], [ 15.14553441870715, 55.115357120777013, 0.0 ], [ 15.145849675119047, 55.115444618989734, 0.0 ] ] ] ] } },
{ "type": "Feature", "properties": { "layer_id": "valuable_cultural_environment", "label": "Valuable cultural environment", "tooltip_title": "Source layer: Valuable cultural environment", "tooltip_body": "Valuable cultural-environment polygons.<br>Clipped to Bornholm DAGI Landsdel landmass." }, "geometry": { "type": "Polygon", "coordinates": [ [ [ 14.958159455023329, 55.163032732869389, 0.0 ], [ 14.962194603532263, 55.162833064368279, 0.0 ], [ 14.964826977143927, 55.161561612335625, 0.0 ], [ 14.965764840865743, 55.158816573672709, 0.0 ], [ 14.972199300114516, 55.154398624361058, 0.0 ], [ 14.972901344582814, 55.153394275153651, 0.0 ], [ 14.973019644990218, 55.150816404160643, 0.0 ], [ 14.971091646377168, 55.149208947396424, 0.0 ], [ 14.96554019205217, 55.146662985674489, 0.0 ], [ 14.957415015682672, 55.146559927653399, 0.0 ], [ 14.954550407564414, 55.146793213546516, 0.0 ], [ 14.951275789431484, 55.147896776745107, 0.0 ], [ 14.945952699239864, 55.15084101739847, 0.0 ], [ 14.944781375745157, 55.152380617390008, 0.0 ], [ 14.944837857961902, 55.154021190506768, 0.0 ], [ 14.946706892252969, 55.155461591827184, 0.0 ], [ 14.955240385760789, 55.158210335873882, 0.0 ], [ 14.955587082385124, 55.162295274496955, 0.0 ], [ 14.958159455023329, 55.163032732869389, 0.0 ] ] ] } },
{ "type": "Feature", "properties": { "layer_id": "valuable_cultural_environment", "label": "Valuable cultural environment", "tooltip_title": "Source layer: Valuable cultural environment", "tooltip_body": "Valuable cultural-environment polygons.<br>Clipped to Bornholm DAGI Landsdel landmass." }, "geometry": { "type": "Polygon", "coordinates": [ [ [ 14.980718197339346, 55.204917753115986, 0.0 ], [ 14.980936477174874, 55.204158567029424, 0.0 ], [ 14.98200822935727, 55.204178394590009, 0.0 ], [ 14.982781110840687, 55.203851439454304, 0.0 ], [ 14.981831328882834, 55.203448377256024, 0.0 ], [ 14.982119559122516, 55.202591390972408, 0.0 ], [ 14.982645937945319, 55.202624636076571, 0.0 ], [ 14.981438669710949, 55.201724656463917, 0.0 ], [ 14.980325242859049, 55.201471259158396, 0.0 ], [ 14.978165663989724, 55.202843897419648, 0.0 ], [ 14.979268250621351, 55.202880598533795, 0.0 ], [ 14.978510709176835, 55.20409585314102, 0.0 ], [ 14.980001969665585, 55.204966405538954, 0.0 ], [ 14.979014389987341, 55.205621539234777, 0.0 ], [ 14.977633718862638, 55.205679178779242, 0.0 ], [ 14.978593850135868, 55.206237882532946, 0.0 ], [ 14.978124519321261, 55.20686382618495, 0.0 ], [ 14.979351933203706, 55.206472585245344, 0.0 ], [ 14.979411736324851, 55.205848595004191, 0.0 ], [ 14.980718197339346, 55.204917753115986, 0.0 ] ] ] } },
{ "type": "Feature", "properties": { "layer_id": "valuable_cultural_environment", "label": "Valuable cultural environment", "tooltip_title": "Source layer: Valuable cultural environment", "tooltip_body": "Valuable cultural-environment polygons.<br>Clipped to Bornholm DAGI Landsdel landmass." }, "geometry": { "type": "Polygon", "coordinates": [ [ [ 15.068532560546918, 55.052578768740325, 0.0 ], [ 15.067666492193673, 55.051166193093906, 0.0 ], [ 15.06602574905714, 55.050151109117976, 0.0 ], [ 15.063821221863092, 55.049558660586428, 0.0 ], [ 15.06137745399452, 55.049476062412687, 0.0 ], [ 15.059054184774745, 55.049915475421471, 0.0 ], [ 15.057193431207075, 55.050812216444122, 0.0 ], [ 15.056069167679286, 55.052034272512095, 0.0 ], [ 15.055846990552039, 55.053401723909609, 0.0 ], [ 15.056559703585462, 55.054713224682651, 0.0 ], [ 15.058102436977922, 55.055775648060369, 0.0 ], [ 15.060248047530177, 55.056432532543347, 0.0 ], [ 15.062903615984572, 55.056574880954948, 0.0 ], [ 15.065240453295738, 55.05615827427448, 0.0 ], [ 15.067128919267958, 55.055279781760447, 0.0 ], [ 15.068290936242839, 55.054068782309756, 0.0 ], [ 15.068532560546918, 55.052578768740325, 0.0 ] ] ] } },
{ "type": "Feature", "properties": { "layer_id": "valuable_cultural_environment", "label": "Valuable cultural environment", "tooltip_title": "Source layer: Valuable cultural environment", "tooltip_body": "Valuable cultural-environment polygons.<br>Clipped to Bornholm DAGI Landsdel landmass." }, "geometry": { "type": "Polygon", "coordinates": [ [ [ 15.045452900398589, 55.022969082320635, 0.0 ], [ 15.041454459688769, 55.016455152005314, 0.0 ], [ 15.037977206409501, 55.013043478011873, 0.0 ], [ 15.031477291380405, 55.012337167119341, 0.0 ], [ 15.01903992399474, 55.012597616986703, 0.0 ], [ 15.011532478440174, 55.013242698675349, 0.0 ], [ 15.008172720780109, 55.019617831110352, 0.0 ], [ 15.022182754106449, 55.021354426070204, 0.0 ], [ 15.025548360373385, 55.026054283200345, 0.0 ], [ 15.042145737166187, 55.025315412488631, 0.0 ], [ 15.04454840294985, 55.024467995106455, 0.0 ], [ 15.045452900398589, 55.022969082320635, 0.0 ] ] ] } },
{ "type": "Feature", "properties": { "layer_id": "valuable_cultural_environment", "label": "Valuable cultural environment", "tooltip_title": "Source layer: Valuable cultural environment", "tooltip_body": "Valuable cultural-environment polygons.<br>Clipped to Bornholm DAGI Landsdel landmass." }, "geometry": { "type": "Polygon", "coordinates": [ [ [ 15.147243547751248, 55.128849491473389, 0.0 ], [ 15.146863181205351, 55.123757648573964, 0.0 ], [ 15.144658031735386, 55.121436867320888, 0.0 ], [ 15.143974402141819, 55.11921085712757, 0.0 ], [ 15.144133911091055, 55.116693655544516, 0.0 ], [ 15.142264278810758, 55.113500908635224, 0.0 ], [ 15.143280596603281, 55.112268839131289, 0.0 ], [ 15.1408323280831, 55.113543914460912, 0.0 ], [ 15.14049781045691, 55.11796319145104, 0.0 ], [ 15.134271617505682, 55.12021324662696, 0.0 ], [ 15.127943705981433, 55.12012719334875, 0.0 ], [ 15.121098677561138, 55.115305591217172, 0.0 ], [ 15.116774943583936, 55.114707222161194, 0.0 ], [ 15.115607304257022, 55.11484231699071, 0.0 ], [ 15.108150994493947, 55.121812294184529, 0.0 ], [ 15.10582245214691, 55.124693486425947, 0.0 ], [ 15.10571305132477, 55.127438737457076, 0.0 ], [ 15.107590650004173, 55.130383258366514, 0.0 ], [ 15.110400794981983, 55.132456329498297, 0.0 ], [ 15.113908549380641, 55.133122536123174, 0.0 ], [ 15.117414259695094, 55.133119291516536, 0.0 ], [ 15.121004528708644, 55.132414042502845, 0.0 ], [ 15.125513127332674, 55.133831909128425, 0.0 ], [ 15.131704457379611, 55.134711830410751, 0.0 ], [ 15.136123011203225, 55.134200209109395, 0.0 ], [ 15.141419556468785, 55.132040539921846, 0.0 ], [ 15.147243547751248, 55.128849491473389, 0.0 ] ] ] } },
{ "type": "Feature", "properties": { "layer_id": "valuable_cultural_environment", "label": "Valuable cultural environment", "tooltip_title": "Source layer: Valuable cultural environment", "tooltip_body": "Valuable cultural-environment polygons.<br>Clipped to Bornholm DAGI Landsdel landmass." }, "geometry": { "type": "Polygon", "coordinates": [ [ [ 15.094905727374888, 55.146136726662299, 0.0 ], [ 15.092622374359095, 55.146090037782606, 0.0 ], [ 15.076904194095547, 55.150606959325088, 0.0 ], [ 15.072763225239914, 55.152063002909415, 0.0 ], [ 15.072683068633449, 55.1543886534282, 0.0 ], [ 15.073502166753268, 55.155757821784974, 0.0 ], [ 15.074249392136094, 55.155692244255349, 0.0 ], [ 15.074829329197774, 55.156191317328911, 0.0 ], [ 15.076018378751096, 55.155038773003028, 0.0 ], [ 15.076599870779287, 55.15479358997662, 0.0 ], [ 15.076741670339569, 55.155076780692127, 0.0 ], [ 15.07680840870113, 55.154635133120067, 0.0 ], [ 15.076768290645317, 55.155189288594606, 0.0 ], [ 15.077554156888423, 55.155276802818875, 0.0 ], [ 15.077484177152014, 55.15491096524913, 0.0 ], [ 15.079407168616626, 55.154763228015767, 0.0 ], [ 15.080197539059663, 55.154108699430225, 0.0 ], [ 15.081039244707497, 55.15413233032006, 0.0 ], [ 15.081123269196294, 55.153711652426409, 0.0 ], [ 15.083383371998098, 55.153707421086224, 0.0 ], [ 15.084293194346445, 55.15298520368259, 0.0 ], [ 15.085835074075598, 55.153079119294176, 0.0 ], [ 15.086501170935687, 55.152534138029147, 0.0 ], [ 15.087310317132751, 55.152622793238024, 0.0 ], [ 15.087536838409298, 55.1522418282781, 0.0 ], [ 15.088627102999721, 55.152068145448652, 0.0 ], [ 15.087796250114991, 55.151467092653917, 0.0 ], [ 15.088578404720968, 55.150630496010706, 0.0 ], [ 15.098386736077549, 55.149480411602646, 0.0 ], [ 15.094905727374888, 55.146136726662299, 0.0 ] ] ] } },
{ "type": "Feature", "properties": { "layer_id": "valuable_cultural_environment", "label": "Valuable cultural environment", "tooltip_title": "Source layer: Valuable cultural environment", "tooltip_body": "Valuable cultural-environment polygons.<br>Clipped to Bornholm DAGI Landsdel landmass." }, "geometry": { "type": "Polygon", "coordinates": [ [ [ 14.971579269966773, 55.164619278392138, 0.0 ], [ 14.970211283037424, 55.163265454392835, 0.0 ], [ 14.967677626710543, 55.162884856865531, 0.0 ], [ 14.965398651638493, 55.163624164992484, 0.0 ], [ 14.964667126730006, 55.165064016685179, 0.0 ], [ 14.965898186740663, 55.166387614924666, 0.0 ], [ 14.968515085060217, 55.166837462451468, 0.0 ], [ 14.97081649573181, 55.166121101256451, 0.0 ], [ 14.971579269966773, 55.164619278392138, 0.0 ] ] ] } },
{ "type": "Feature", "properties": { "layer_id": "valuable_cultural_environment", "label": "Valuable cultural environment", "tooltip_title": "Source layer: Valuable cultural environment", "tooltip_body": "Valuable cultural-environment polygons.<br>Clipped to Bornholm DAGI Landsdel landmass." }, "geometry": { "type": "Polygon", "coordinates": [ [ [ 15.146986897104698, 55.074449691684713, 0.0 ], [ 15.142309425859118, 55.071680717112805, 0.0 ], [ 15.137216494177803, 55.073966671956342, 0.0 ], [ 15.1437569991791, 55.076089300905558, 0.0 ], [ 15.146986897104698, 55.074449691684713, 0.0 ] ] ] } },
{ "type": "Feature", "properties": { "layer_id": "valuable_cultural_environment", "label": "Valuable cultural environment", "tooltip_title": "Source layer: Valuable cultural environment", "tooltip_body": "Valuable cultural-environment polygons.<br>Clipped to Bornholm DAGI Landsdel landmass." }, "geometry": { "type": "Polygon", "coordinates": [ [ [ 14.965108353971718, 55.169341619356906, 0.0 ], [ 14.960349278378317, 55.16834110432255, 0.0 ], [ 14.95749287449436, 55.16897592000138, 0.0 ], [ 14.955586887930476, 55.170973440420745, 0.0 ], [ 14.955429040329324, 55.170155946650873, 0.0 ], [ 14.955427741170752, 55.171518280041589, 0.0 ], [ 14.958123321478903, 55.173699048433697, 0.0 ], [ 14.95775260035701, 55.17613854235141, 0.0 ], [ 14.959018688173424, 55.177670654767027, 0.0 ], [ 14.961834155177124, 55.179848178263789, 0.0 ], [ 14.970708312104286, 55.180333956618163, 0.0 ], [ 14.972820880856524, 55.181059879493382, 0.0 ], [ 14.975638663883862, 55.179690058242649, 0.0 ], [ 14.967616145645806, 55.170256636401838, 0.0 ], [ 14.965108353971718, 55.169341619356906, 0.0 ] ] ] } },
{ "type": "Feature", "properties": { "layer_id": "valuable_cultural_environment", "label": "Valuable cultural environment", "tooltip_title": "Source layer: Valuable cultural environment", "tooltip_body": "Valuable cultural-environment polygons.<br>Clipped to Bornholm DAGI Landsdel landmass." }, "geometry": { "type": "Polygon", "coordinates": [ [ [ 14.975363041972427, 55.167356055485868, 0.0 ], [ 14.97705252053122, 55.168162568154983, 0.0 ], [ 14.979727779190286, 55.168888404445703, 0.0 ], [ 14.983670888486229, 55.168889015157404, 0.0 ], [ 14.986487480592332, 55.167760798673278, 0.0 ], [ 14.987192131927284, 55.165906678336384, 0.0 ], [ 14.986769895812492, 55.164052537774587, 0.0 ], [ 14.985221709331565, 55.162198323063599, 0.0 ], [ 14.982405883740372, 55.160908188274753, 0.0 ], [ 14.97944941053327, 55.160988286400197, 0.0 ], [ 14.976773736480112, 55.161713448800526, 0.0 ], [ 14.974800929987886, 55.16517933616111, 0.0 ], [ 14.975363041972427, 55.167356055485868, 0.0 ] ] ] } }
]
}
